snapshot_id,timestamp,source_timestamp_reference,sync_spread_ms,ms.turntable.transfer,ms.turntable.conveyor,ms.sensor.conveyor,ms.turntable.saw,ms.transfer.turntable,ms.oven.slider_inside,ms.oven.slider_outside,ms.transfer.oven,ms.sensor.oven,ms.motor.turntable_cw,ms.motor.turntable_ccw,ms.motor.conveyor,ms.motor.saw,ms.motor.slider_in,ms.motor.slider_out,ms.motor.transfer_oven,ms.motor.transfer_turntable,ms.process.burn,ms.air.compressor,ms.valve.vacuum,ms.valve.transfer,ms.valve.oven_door,ms.valve.ejector,hbw.ref.horizontal,hbw.sensor.inside,hbw.sensor.outside,hbw.ref.vertical,hbw.ref.cantilever_front,hbw.ref.cantilever_back,hbw.sensor.trail_bottom,hbw.sensor.trail_top,hbw.motor.conveyor_forward,hbw.motor.conveyor_backward,hbw.motor.crane_rack,hbw.motor.crane_conveyor,hbw.motor.crane_down,hbw.motor.crane_up,hbw.motor.cantilever_forward,hbw.motor.cantilever_backward,hbw.encoder.horizontal1,hbw.encoder.horizontal2,hbw.encoder.vertical1,hbw.encoder.vertical2,c.ref.vertical,c.ref.horizontal,c.ref.rotate,c.motor.up,c.motor.down,c.motor.backward,c.motor.forward,c.motor.cw,c.motor.ccw,c.air.compressor,c.valve.vacuum,c.encoder.vertical1,c.encoder.vertical2,c.encoder.horizontal1,c.encoder.horizontal2,c.encoder.rotate1,c.encoder.rotate2,pm.sensor.entry,pm.sensor.tool,pm.ref.top,pm.ref.bottom,pm.motor.conveyor_forward,pm.motor.conveyor_backward,pm.motor.tool_up,pm.motor.tool_down,sl.sensor.pulse,sl.sensor.before_color,sl.sensor.after_color,sl.sensor.white,sl.sensor.red,sl.sensor.blue,sl.motor.conveyor,sl.air.compressor,sl.valve.white,sl.valve.red,sl.valve.blue,sl.sensor.color_value,local.crane_coord_h,local.crane_coord_v,local.crane_coord_r
631,2026-09-25T11:41:42.038814+00:00,2026-09-25T13:10:47.377073+00:00,95.00500000000001,False,True,False,False,True,False,True,False,False,False,False,True,False,False,False,False,False,False,True,False,False,False,False,False,True,True,False,False,True,True,False,False,False,True,False,False,False,False,False,True,False,False,True,True,True,False,False,False,False,False,True,False,False,False,False,False,False,True,False,False,True,True,False,True,False,False,False,False,True,True,True,False,False,False,True,False,False,False,False,0,0,0,0
632,2026-09-25T11:41:42.407307+00:00,2026-09-25T13:10:47.749095+00:00,110.00699999999999,False,True,False,False,True,False,True,False,False,False,False,True,False,False,False,False,False,False,True,False,False,False,False,False,True,True,False,False,True,True,False,False,False,True,False,False,False,False,False,True,False,False,True,True,True,False,False,False,False,False,True,False,False,False,False,False,False,True,True,True,True,True,False,True,False,False,False,False,True,True,True,False,False,False,True,False,False,False,False,0,0,0,0
633,2026-09-25T11:41:42.892611+00:00,2026-09-25T13:10:48.183120+00:00,137.00799999999998,False,True,False,False,True,False,True,False,False,False,False,True,False,False,False,False,False,False,True,False,False,False,False,False,True,True,False,False,True,True,False,False,False,True,False,False,False,False,False,True,False,False,True,True,True,False,False,False,False,False,True,False,False,False,False,False,False,True,False,False,True,True,False,True,False,False,False,False,True,True,True,False,False,False,True,False,False,False,False,0,0,0,0
634,2026-09-25T11:41:43.253817+00:00,2026-09-25T13:10:48.594143+00:00,103.006,False,True,False,False,True,False,True,False,False,False,False,True,False,False,False,False,False,False,True,False,False,False,False,False,True,True,False,False,True,True,False,False,False,True,False,False,False,False,False,False,True,False,True,True,True,False,False,False,False,False,True,False,False,False,False,False,False,True,False,False,True,True,False,True,False,False,False,False,True,True,True,False,False,False,True,False,False,False,False,0,0,0,0
635,2026-09-25T11:41:43.675047+00:00,2026-09-25T13:10:49.003166+00:00,95.00500000000001,False,True,False,False,True,False,True,False,False,False,False,True,False,False,False,False,False,False,True,False,False,False,False,False,True,True,False,False,True,True,False,False,False,True,False,False,False,False,False,False,True,False,True,True,True,True,False,False,False,False,False,False,False,False,False,False,False,True,False,False,True,True,False,True,False,False,False,False,False,True,True,False,False,False,True,False,False,False,False,0,0,0,0
636,2026-09-25T11:41:44.038386+00:00,2026-09-25T13:10:49.374188+00:00,101.006,False,True,False,False,True,False,True,False,False,False,False,True,False,False,False,False,False,False,True,False,False,False,False,False,True,True,False,False,True,True,False,False,False,False,False,False,False,True,False,True,False,False,True,True,True,True,False,False,False,False,False,False,False,False,False,False,False,True,False,False,True,True,False,True,False,False,False,False,False,True,True,False,False,False,True,False,False,False,False,0,0,0,0
637,2026-09-25T11:41:44.478009+00:00,2026-09-25T13:10:49.752209+00:00,112.006,False,True,False,False,True,False,True,False,False,False,False,True,False,False,False,False,False,False,True,False,False,False,False,False,True,True,False,False,False,True,False,False,False,False,False,False,False,True,False,True,False,False,True,True,True,True,False,False,False,False,False,False,False,False,False,False,False,True,False,False,True,True,False,True,False,False,False,False,False,True,True,False,False,False,True,False,False,False,False,0,0,0,0
638,2026-09-25T11:41:44.989789+00:00,2026-09-25T13:10:50.333243+00:00,174.01,False,True,False,False,True,False,True,False,False,False,False,True,False,False,False,False,False,False,True,False,False,False,False,False,True,True,False,False,False,True,False,False,False,False,False,False,False,True,False,True,False,False,True,True,True,True,False,False,False,False,False,False,False,False,False,False,False,True,False,False,True,True,False,True,False,False,False,False,False,True,True,False,False,False,True,False,False,False,False,0,0,0,0
639,2026-09-25T11:41:45.352479+00:00,2026-09-25T13:10:50.693263+00:00,104.006,False,True,False,False,True,False,True,False,False,False,False,True,False,False,False,False,False,False,True,False,False,False,False,False,True,True,False,False,False,True,False,False,False,False,False,False,False,True,False,True,False,False,True,True,True,True,False,False,False,False,False,False,False,False,False,False,False,True,False,False,True,True,False,True,False,False,False,False,False,True,True,False,False,False,True,False,False,False,False,0,0,0,0
640,2026-09-25T11:41:45.779943+00:00,2026-09-25T13:10:51.062284+00:00,92.00500000000001,False,True,False,False,True,False,True,False,False,False,False,True,False,False,False,False,False,False,True,False,False,False,False,False,True,True,False,False,False,True,False,False,False,False,False,False,False,True,False,True,False,False,True,True,True,True,False,False,False,False,False,False,False,False,False,False,False,True,False,False,True,True,False,True,False,False,False,False,False,True,True,False,False,False,True,False,False,False,False,0,0,0,0
641,2026-09-25T11:41:46.198394+00:00,2026-09-25T13:10:51.489309+00:00,92.006,False,True,False,False,True,False,True,False,False,False,False,True,False,False,False,False,False,False,True,False,False,False,False,False,True,True,False,False,False,True,False,False,False,False,False,False,False,True,False,True,False,False,True,True,True,True,False,False,False,False,False,False,False,False,False,False,False,True,False,False,True,True,False,True,False,False,False,False,False,True,True,False,False,False,True,False,False,False,False,0,0,0,0
642,2026-09-25T11:41:46.669531+00:00,2026-09-25T13:10:51.887331+00:00,89.005,False,True,False,False,True,False,True,False,False,False,False,True,False,False,False,False,False,False,True,False,False,False,False,False,True,True,False,False,False,True,False,False,False,False,False,False,False,True,False,True,False,False,True,True,True,True,False,False,False,False,False,False,False,False,False,False,False,True,False,False,True,True,False,True,False,False,False,False,True,True,True,False,False,False,True,False,False,False,False,0,0,0,0
643,2026-09-25T11:41:47.021772+00:00,2026-09-25T13:10:52.363359+00:00,92.006,False,True,False,False,True,False,True,False,False,False,False,True,False,False,False,False,False,False,True,False,False,False,False,False,True,True,False,False,False,True,False,False,False,False,False,False,False,True,False,True,False,False,True,True,True,True,False,False,False,False,False,False,False,False,False,False,False,True,False,False,True,True,False,True,False,False,False,False,True,True,True,False,False,False,True,False,False,False,False,0,0,0,0
644,2026-09-25T11:41:47.464246+00:00,2026-09-25T13:10:52.806384+00:00,100.006,False,True,False,False,True,False,True,False,False,False,False,True,False,False,False,False,False,False,True,False,False,False,False,False,True,True,False,True,False,True,False,False,False,False,False,True,False,False,False,True,False,False,False,True,True,True,False,False,False,False,False,False,False,False,False,False,False,True,False,False,True,True,False,True,False,False,False,False,False,True,True,False,False,False,True,False,False,False,False,0,0,0,0
645,2026-09-25T11:41:47.851907+00:00,2026-09-25T13:10:53.188406+00:00,125.007,False,True,False,False,True,False,True,False,False,False,False,False,False,False,False,False,False,False,False,False,False,False,False,False,True,True,False,False,False,True,False,False,False,False,False,False,False,False,True,True,False,True,False,True,True,True,False,False,False,False,False,False,False,False,False,False,False,True,False,False,True,True,False,True,False,False,False,False,False,False,True,False,False,False,True,False,False,False,False,0,0,0,0
646,2026-09-25T11:41:48.201322+00:00,2026-09-25T13:10:53.544426+00:00,93.00500000000001,False,False,False,False,True,False,True,False,False,False,True,False,False,False,False,False,False,False,False,False,False,False,False,False,True,True,False,False,False,True,False,False,False,False,False,False,False,False,True,True,False,True,False,True,True,True,False,False,False,False,False,False,False,False,False,False,False,True,False,False,True,True,False,True,False,False,False,False,False,False,True,False,False,False,True,False,False,False,False,0,0,0,0
647,2026-09-25T11:41:48.573911+00:00,2026-09-25T13:10:53.898446+00:00,99.005,False,False,False,False,True,False,True,False,False,False,True,False,False,False,False,False,False,False,False,False,False,False,False,False,True,True,False,False,False,True,False,False,False,False,False,False,False,False,True,True,False,True,False,True,True,True,False,False,False,False,False,False,False,False,False,False,False,True,False,False,True,True,False,True,False,False,False,False,True,True,True,False,False,False,True,False,False,False,False,0,0,0,0
648,2026-09-25T11:41:48.925498+00:00,2026-09-25T13:10:54.261467+00:00,89.005,False,False,False,False,True,False,True,False,False,False,True,False,False,False,False,False,False,False,False,False,False,False,False,False,True,True,False,False,False,True,False,False,False,False,False,False,False,False,True,True,False,True,False,True,True,True,False,False,False,False,False,False,False,False,False,False,False,True,False,False,True,True,False,True,False,False,False,False,True,True,True,False,False,False,True,False,False,False,False,0,0,0,0
649,2026-09-25T11:41:49.284195+00:00,2026-09-25T13:10:54.619488+00:00,88.005,False,False,False,False,True,False,True,False,False,False,True,False,False,False,False,False,False,False,False,False,False,False,False,False,True,True,False,False,False,True,False,False,False,False,False,False,False,False,True,True,False,True,False,True,True,True,False,False,False,False,False,False,False,False,False,False,False,True,False,False,True,True,False,True,False,False,False,False,True,True,True,False,False,False,True,False,False,False,False,0,0,0,0
650,2026-09-25T11:41:49.687090+00:00,2026-09-25T13:10:55.002510+00:00,114.00699999999999,False,False,False,False,True,False,True,False,False,False,False,False,False,False,False,False,False,False,True,False,False,True,False,False,True,True,False,False,False,True,False,False,False,False,False,False,False,False,True,True,False,True,False,True,True,True,False,False,False,False,False,False,False,False,False,False,False,True,False,False,True,True,False,True,False,False,False,False,True,True,True,False,False,False,True,False,False,False,False,55,0,0,0
651,2026-09-25T11:41:50.034931+00:00,2026-09-25T13:10:55.376531+00:00,91.005,True,False,False,False,True,False,True,False,False,False,False,False,False,False,False,False,False,False,True,False,False,True,False,False,True,True,False,False,False,True,False,False,False,False,False,False,False,False,True,True,False,True,False,True,True,True,False,False,False,False,False,False,False,False,False,False,False,True,False,False,True,True,False,True,False,False,False,False,True,True,True,False,False,False,True,False,False,False,False,0,0,0,0
652,2026-09-25T11:41:50.470065+00:00,2026-09-25T13:10:55.731551+00:00,96.005,True,False,False,False,True,False,True,False,False,False,False,False,False,False,False,False,False,False,True,False,False,True,False,False,True,True,False,False,False,True,False,False,False,False,False,False,False,False,True,True,False,True,False,True,True,True,False,False,False,False,False,False,False,False,False,False,False,True,False,False,True,True,False,True,False,False,False,False,True,True,True,False,False,False,True,False,False,False,False,0,0,0,0
653,2026-09-25T11:41:50.857480+00:00,2026-09-25T13:10:56.187577+00:00,89.005,True,False,False,False,True,False,True,False,False,False,False,False,False,False,False,False,False,False,True,False,False,True,False,False,True,True,False,False,True,True,False,False,False,True,False,False,False,False,False,False,True,True,False,True,True,True,False,False,False,False,False,False,False,False,False,False,False,True,False,False,True,True,False,True,False,False,False,False,False,True,True,False,False,False,True,False,False,False,False,0,0,0,0
654,2026-09-25T11:41:51.207748+00:00,2026-09-25T13:10:56.547598+00:00,89.005,True,False,False,False,True,False,True,False,False,False,False,False,False,True,False,False,False,False,True,False,False,True,False,False,True,True,False,False,True,True,False,False,False,True,False,False,False,False,False,True,False,True,False,True,True,True,False,False,False,False,False,False,False,False,False,False,False,True,False,False,True,True,False,True,False,False,False,False,True,True,False,False,False,False,True,False,False,False,False,0,0,0,0
655,2026-09-25T11:41:51.549973+00:00,2026-09-25T13:10:56.893618+00:00,89.005,True,False,False,False,True,False,False,False,False,False,False,False,False,True,False,False,False,False,True,False,False,True,False,False,True,True,False,False,True,True,False,False,False,True,False,False,False,False,False,True,False,True,False,True,True,True,False,False,False,False,False,False,False,False,False,False,False,True,False,False,True,True,False,True,False,False,False,False,True,True,True,False,False,False,True,False,False,False,False,0,0,0,0
656,2026-09-25T11:41:51.999203+00:00,2026-09-25T13:10:57.311642+00:00,161.01,True,False,False,False,True,False,False,False,True,False,False,False,False,True,False,False,False,False,True,False,False,True,False,False,True,True,False,False,True,True,False,False,False,True,False,False,False,False,False,True,False,True,False,True,True,True,False,False,False,False,False,False,False,False,False,False,False,True,False,False,True,True,False,True,False,False,False,False,False,True,True,False,False,False,True,False,False,False,False,0,0,0,0
657,2026-09-25T11:41:52.359007+00:00,2026-09-25T13:10:57.700664+00:00,102.006,True,False,False,False,True,False,False,False,True,False,False,False,False,True,False,False,False,False,True,False,False,True,False,False,True,True,False,False,True,True,False,False,False,True,False,False,False,False,False,True,False,True,False,True,True,True,False,False,False,False,False,False,False,False,False,False,False,True,False,False,True,True,False,True,False,False,False,False,False,True,True,False,False,False,False,True,False,False,False,1,0,0,0
658,2026-09-25T11:41:52.773374+00:00,2026-09-25T13:10:58.060684+00:00,103.005,True,False,False,False,True,False,False,False,True,False,False,False,False,True,False,False,False,False,True,False,False,True,False,False,True,True,False,False,True,True,False,False,False,True,False,False,False,False,False,False,True,True,False,True,True,True,False,False,False,False,False,False,False,False,False,False,False,True,False,False,True,True,False,True,False,False,False,False,True,True,True,False,False,False,False,True,False,True,False,0,0,0,0
659,2026-09-25T11:41:53.148097+00:00,2026-09-25T13:10:58.485709+00:00,114.00699999999999,True,False,False,False,True,False,False,False,True,False,False,False,False,True,False,False,False,False,True,False,False,True,False,False,True,True,False,False,True,True,False,False,False,True,False,False,False,False,False,False,True,True,False,True,True,True,False,False,False,False,False,False,False,False,False,False,False,True,False,False,True,True,False,True,False,False,False,False,True,True,True,False,False,False,False,False,False,False,False,0,0,0,0
660,2026-09-25T11:41:53.582991+00:00,2026-09-25T13:10:58.866731+00:00,104.006,True,False,False,False,True,True,False,False,True,False,False,False,False,False,False,False,False,False,False,False,False,False,False,False,True,True,False,False,True,True,False,False,False,True,False,False,False,False,False,False,True,True,False,True,True,True,False,False,False,False,False,False,False,False,False,False,False,True,False,False,True,True,False,True,False,False,False,False,True,True,True,False,False,False,False,False,False,False,False,0,0,0,0
661,2026-09-25T11:41:54.031546+00:00,2026-09-25T13:10:59.358759+00:00,170.01,True,False,False,False,True,True,False,False,True,False,False,False,False,False,False,False,False,True,False,False,False,False,False,False,True,True,False,False,True,True,False,False,False,True,False,False,False,False,False,False,True,True,False,True,True,True,False,False,False,False,False,False,False,False,False,False,False,True,False,False,True,True,False,True,False,False,False,False,True,True,True,False,False,False,False,False,False,False,False,0,0,0,0
661,2026-09-25T11:41:54.031546+00:00,2026-09-25T13:10:59.358759+00:00,170.01,True,False,False,False,True,True,False,False,True,False,False,False,False,False,False,False,False,True,False,False,False,False,False,False,True,True,False,False,True,True,False,False,False,True,False,False,False,False,False,False,True,True,False,True,True,True,False,False,False,False,False,False,False,False,False,False,False,True,False,False,True,True,False,True,False,False,False,False,True,True,True,False,False,False,False,False,False,False,False,0,0,0,0
662,2026-09-25T11:41:54.395046+00:00,2026-09-25T13:10:59.737780+00:00,104.006,True,False,False,False,True,True,False,False,True,False,False,False,False,False,False,False,False,True,False,False,False,False,False,False,True,True,False,False,False,True,False,False,False,False,False,False,False,True,False,True,False,True,False,True,True,True,False,False,False,False,False,False,False,False,False,False,False,True,False,False,True,True,False,True,False,False,False,False,True,True,True,False,False,False,False,False,False,False,False,0,0,0,0
663,2026-09-25T11:41:54.763268+00:00,2026-09-25T13:11:00.099801+00:00,107.006,True,False,False,False,True,True,False,False,True,False,False,False,False,False,False,False,False,True,False,False,False,False,False,False,True,True,False,False,False,True,False,False,False,False,False,False,False,True,False,True,False,True,False,True,True,True,False,False,False,False,False,False,False,False,False,False,False,True,False,False,True,True,False,True,False,False,False,False,True,True,True,False,False,False,False,False,False,False,False,0,0,0,0
664,2026-09-25T11:41:55.228057+00:00,2026-09-25T13:11:00.558827+00:00,188.01000000000002,True,False,False,False,True,True,False,False,True,False,False,False,False,False,False,False,False,True,False,False,False,False,False,False,True,True,False,False,False,True,False,False,False,False,False,False,False,True,False,True,False,True,False,True,True,True,False,False,False,False,False,False,False,False,False,False,False,True,False,False,True,True,False,True,False,False,False,False,True,True,True,False,False,False,False,False,False,False,False,1,0,0,0
665,2026-09-25T11:41:55.724556+00:00,2026-09-25T13:11:00.961850+00:00,136.00699999999998,True,False,False,False,True,True,False,False,True,False,False,False,False,False,False,False,False,True,False,False,False,False,False,False,True,True,False,False,False,True,False,False,False,False,False,False,False,True,False,True,False,True,False,True,True,True,False,False,False,False,False,False,False,False,False,False,False,True,False,False,True,True,False,True,False,False,False,False,True,True,True,False,False,False,False,False,False,False,False,0,0,0,0
666,2026-09-25T11:41:56.118773+00:00,2026-09-25T13:11:01.457879+00:00,103.006,True,False,False,False,True,True,False,False,True,False,False,False,False,False,False,False,False,True,False,False,False,False,False,False,True,True,False,False,False,True,False,False,False,False,False,False,False,True,False,True,False,True,False,True,True,True,False,False,False,False,False,False,False,False,False,False,False,True,False,False,True,True,False,True,False,False,False,False,True,True,True,False,False,False,False,False,False,False,False,1,0,0,0
667,2026-09-25T11:41:56.517579+00:00,2026-09-25T13:11:01.822900+00:00,99.006,True,False,False,False,True,True,False,False,True,False,False,False,False,False,False,False,False,True,False,False,False,False,False,False,True,True,False,False,False,True,False,False,False,False,False,False,False,True,False,True,False,True,False,True,True,True,False,False,False,False,False,False,False,False,False,False,False,True,False,False,True,True,False,True,False,False,False,False,True,True,True,False,False,False,False,False,False,False,False,0,0,0,0
668,2026-09-25T11:41:56.867363+00:00,2026-09-25T13:11:02.204922+00:00,88.006,True,False,False,False,True,True,False,False,True,False,False,False,False,False,False,False,False,True,False,False,False,False,False,False,True,True,False,False,False,True,False,False,False,False,False,False,False,True,False,True,False,True,False,True,True,True,False,False,False,False,False,False,False,False,False,False,False,True,False,False,True,True,False,True,False,False,False,False,True,True,True,False,False,False,False,False,False,False,False,0,0,0,0
669,2026-09-25T11:41:57.320701+00:00,2026-09-25T13:11:02.608945+00:00,99.006,True,False,False,False,True,True,False,False,True,False,False,False,False,False,False,False,False,True,False,False,False,False,False,False,True,True,False,False,False,True,False,False,False,False,False,False,False,True,False,True,False,True,False,True,True,True,False,False,False,False,False,False,False,False,False,False,False,True,False,False,True,True,False,True,False,False,False,False,True,True,True,False,False,False,False,False,False,False,False,0,0,0,0
670,2026-09-25T11:41:57.752826+00:00,2026-09-25T13:11:03.013968+00:00,91.005,True,False,False,False,True,True,False,False,True,False,False,False,False,False,False,False,False,True,False,False,False,False,False,False,True,True,False,True,False,True,False,False,False,False,False,False,True,False,False,True,False,True,False,True,True,True,False,False,False,False,False,False,False,False,False,False,False,True,False,False,True,True,False,True,False,False,False,False,True,True,True,False,False,False,False,False,False,False,False,0,0,0,0
671,2026-09-25T11:41:58.139336+00:00,2026-09-25T13:11:03.456993+00:00,104.006,True,False,False,False,True,True,False,False,True,False,False,False,False,False,False,False,False,True,False,False,False,False,False,False,True,True,False,False,False,True,False,False,False,False,False,False,False,False,True,True,False,False,False,True,True,True,False,False,False,False,False,False,False,False,False,False,False,True,False,False,True,True,False,True,False,False,False,False,True,True,True,False,False,False,False,False,False,False,False,0,0,0,0
672,2026-09-25T11:41:58.543123+00:00,2026-09-25T13:11:03.856016+00:00,100.006,True,False,False,False,True,True,False,False,True,False,False,False,False,False,False,False,False,True,False,False,False,False,False,False,True,True,False,False,False,True,False,False,False,False,False,False,False,False,True,True,False,False,False,True,True,True,False,False,False,False,False,False,False,False,False,False,False,True,False,False,True,True,False,True,False,False,False,False,True,True,True,False,False,False,False,False,False,False,False,0,0,0,0
673,2026-09-25T11:41:59.077077+00:00,2026-09-25T13:11:04.406047+00:00,266.015,True,False,False,False,True,True,False,False,True,False,False,False,False,False,True,False,False,False,True,False,False,True,False,False,True,True,False,False,False,True,False,False,False,False,False,False,False,False,True,True,False,False,False,True,True,True,False,False,False,False,False,False,False,False,False,False,False,True,False,False,True,True,False,True,False,False,False,False,True,True,True,False,False,False,False,False,False,False,False,0,0,0,0
674,2026-09-25T11:41:59.474051+00:00,2026-09-25T13:11:04.815071+00:00,102.006,True,False,False,False,True,False,False,False,True,False,False,False,False,False,True,False,False,False,True,False,False,True,False,False,True,True,False,False,False,True,False,False,False,False,False,False,False,False,True,True,False,False,False,True,True,True,False,False,False,False,False,False,False,False,False,False,False,True,False,False,True,True,False,True,False,False,False,False,True,True,True,False,False,False,False,False,False,False,False,0,0,0,0
675,2026-09-25T11:41:59.886285+00:00,2026-09-25T13:11:05.177092+00:00,99.006,True,False,False,False,True,False,False,False,True,False,False,False,False,False,True,False,False,False,True,False,False,True,False,False,True,True,False,False,False,True,False,False,False,False,False,False,False,False,True,True,False,False,False,True,True,True,False,False,False,False,False,False,False,False,False,False,False,True,False,False,True,True,False,True,False,False,False,False,True,True,True,False,False,False,False,False,False,False,False,0,0,0,0
676,2026-09-25T11:42:00.385743+00:00,2026-09-25T13:11:05.626117+00:00,104.006,True,False,False,False,True,False,False,False,True,False,False,False,False,False,True,False,False,False,True,False,False,True,False,False,True,True,False,False,False,True,False,False,False,False,False,False,False,False,True,True,False,False,False,True,True,True,False,False,False,False,False,False,False,False,False,False,False,True,False,False,True,True,False,True,False,False,False,False,True,True,True,False,False,False,False,False,False,False,False,0,0,0,0
677,2026-09-25T11:42:00.813627+00:00,2026-09-25T13:11:06.082143+00:00,96.005,True,False,False,False,True,False,False,False,False,False,False,False,False,False,True,False,False,False,True,False,False,True,False,False,True,True,False,False,False,True,False,False,False,False,False,False,False,False,True,True,False,False,False,True,True,True,False,False,False,False,False,False,False,False,False,False,False,True,False,False,True,True,False,True,False,False,False,False,True,True,True,False,False,False,False,False,False,False,False,0,0,0,0
678,2026-09-25T11:42:01.244169+00:00,2026-09-25T13:11:06.505167+00:00,94.00500000000001,True,False,False,False,False,False,True,False,False,False,False,False,False,False,False,True,False,False,False,False,False,False,False,False,True,True,False,False,True,True,False,False,False,False,True,False,False,False,False,False,True,False,False,True,True,True,False,False,False,False,False,False,False,False,False,False,False,True,False,False,True,True,False,True,False,False,False,False,True,True,True,False,False,False,False,False,False,False,False,0,0,0,0
679,2026-09-25T11:42:01.608606+00:00,2026-09-25T13:11:06.940192+00:00,98.005,True,False,False,False,False,False,True,False,False,False,False,False,False,False,False,True,False,False,False,False,False,False,False,False,True,True,False,False,True,True,False,False,False,False,True,False,False,False,False,True,True,False,False,True,True,True,False,False,False,False,False,False,False,False,False,False,False,True,False,False,True,True,False,True,False,False,False,False,True,True,True,False,False,False,False,False,False,False,False,0,0,0,0
680,2026-09-25T11:42:01.997555+00:00,2026-09-25T13:11:07.317214+00:00,100.006,True,False,False,False,False,False,True,False,False,False,False,False,False,False,False,True,False,False,False,False,False,False,False,False,True,True,False,False,True,True,False,False,False,False,True,False,False,False,False,True,True,False,False,True,True,True,False,False,False,False,False,False,False,False,False,False,False,True,False,False,True,True,False,True,False,False,False,False,True,True,True,False,False,False,False,False,False,False,False,0,0,0,0
681,2026-09-25T11:42:02.378418+00:00,2026-09-25T13:11:07.717237+00:00,101.006,True,False,False,False,False,False,True,False,False,False,False,False,False,False,False,True,False,False,False,False,False,False,False,False,True,True,False,False,True,True,False,False,False,False,True,False,False,False,False,False,False,False,False,True,True,True,False,False,False,False,False,False,False,False,False,False,False,True,False,False,True,True,False,True,False,False,False,False,True,True,True,False,False,False,False,False,False,False,False,0,0,0,0
682,2026-09-25T11:42:02.746697+00:00,2026-09-25T13:11:08.073257+00:00,96.005,True,False,False,False,False,False,True,False,False,False,False,False,False,False,False,True,False,False,False,False,False,False,False,False,True,True,False,False,True,True,False,False,False,False,True,False,False,False,False,True,True,False,False,True,True,True,False,False,False,False,False,False,False,False,False,False,False,True,False,False,True,True,False,True,False,False,False,False,True,True,True,False,False,False,False,False,False,False,False,0,0,0,0
683,2026-09-25T11:42:03.204541+00:00,2026-09-25T13:11:08.482281+00:00,113.00699999999999,True,False,False,False,False,False,True,False,False,False,False,False,False,False,False,True,False,False,False,False,False,False,False,False,True,True,False,False,True,True,False,False,False,False,True,False,False,False,False,True,True,False,False,True,True,True,False,False,False,False,False,False,False,False,False,False,False,True,False,False,True,True,False,True,False,False,False,False,True,True,True,False,False,False,False,False,False,False,False,0,0,0,0
684,2026-09-25T11:42:03.594767+00:00,2026-09-25T13:11:08.927306+00:00,100.006,True,False,False,False,False,False,True,False,False,False,False,False,False,False,False,True,False,False,False,False,False,False,False,False,True,True,False,False,True,True,False,False,False,False,True,False,False,False,False,True,True,False,False,True,True,True,False,False,False,False,False,False,False,False,False,False,False,True,False,False,True,True,False,True,False,False,False,False,True,True,True,False,False,False,False,False,False,False,False,0,0,0,0
685,2026-09-25T11:42:04.025183+00:00,2026-09-25T13:11:09.313328+00:00,115.006,True,False,False,False,False,False,True,False,False,False,False,False,False,False,False,True,False,False,False,False,False,False,False,False,True,True,False,False,True,True,False,False,False,False,True,False,False,False,False,False,True,False,False,True,True,True,False,False,False,False,False,False,False,False,False,False,False,True,False,False,True,True,False,True,False,False,False,False,True,True,True,False,False,False,False,False,False,False,False,1,0,0,0
686,2026-09-25T11:42:04.468007+00:00,2026-09-25T13:11:09.806356+00:00,181.01,True,False,False,False,False,False,True,False,False,False,False,False,False,False,False,True,False,False,False,False,False,False,False,False,True,True,False,False,True,True,False,False,False,False,True,False,False,False,False,True,False,False,False,True,True,True,False,False,False,False,False,False,False,False,False,False,False,True,False,False,True,True,False,True,False,False,False,False,True,True,True,False,False,False,False,False,False,False,False,0,0,0,0
687,2026-09-25T11:42:04.842740+00:00,2026-09-25T13:11:10.175377+00:00,110.006,True,False,False,False,False,False,True,False,False,False,False,False,False,False,False,True,False,False,False,False,False,False,False,False,True,True,False,False,True,True,False,False,False,False,True,False,False,False,False,False,False,False,False,True,True,True,False,False,False,False,False,False,False,False,False,False,False,True,False,False,True,True,False,True,False,False,False,False,True,True,True,False,False,False,False,False,False,False,False,0,0,0,0
688,2026-09-25T11:42:05.305615+00:00,2026-09-25T13:11:10.615403+00:00,176.01,True,False,False,False,False,False,True,False,False,False,False,False,False,False,False,True,False,False,False,False,False,False,False,False,True,True,False,False,True,True,False,False,False,False,True,False,False,False,False,False,False,False,False,True,True,True,False,False,False,False,False,False,False,False,False,False,False,True,False,False,True,True,False,True,False,False,False,False,True,True,True,False,False,False,False,False,False,False,False,0,0,0,0
689,2026-09-25T11:42:05.795481+00:00,2026-09-25T13:11:11.082429+00:00,179.01,True,False,False,False,False,False,True,False,False,False,False,False,False,False,False,True,False,False,False,False,False,False,False,False,True,True,False,False,True,True,False,False,False,False,True,False,False,False,False,True,False,False,False,True,True,True,False,False,False,False,False,False,False,False,False,False,False,True,False,False,True,True,False,True,False,False,False,False,True,True,True,False,False,False,False,False,False,False,False,0,0,0,0
690,2026-09-25T11:42:06.253721+00:00,2026-09-25T13:11:11.529455+00:00,121.007,True,False,False,False,False,False,True,False,False,False,False,False,False,False,False,True,False,False,False,False,False,False,False,False,True,True,False,False,True,True,False,False,False,False,True,False,False,False,False,True,True,False,False,True,True,True,False,False,False,False,False,False,False,False,False,False,False,True,False,False,True,True,False,True,False,False,False,False,True,True,True,False,False,False,False,False,False,False,False,0,0,0,0
691,2026-09-25T11:42:06.699013+00:00,2026-09-25T13:11:11.992481+00:00,134.00699999999998,True,False,False,False,False,False,True,False,False,False,False,False,False,False,False,True,False,False,False,False,False,False,False,False,True,True,False,False,True,True,False,False,False,False,True,False,False,False,False,False,False,False,False,True,True,True,False,False,False,False,False,False,False,False,False,False,False,True,False,False,True,True,False,True,False,False,False,False,True,True,True,False,False,False,False,False,False,False,False,0,0,0,0
692,2026-09-25T11:42:07.130906+00:00,2026-09-25T13:11:12.459508+00:00,88.005,True,False,False,False,False,False,True,False,False,False,False,False,False,False,False,True,False,False,False,False,False,False,False,False,True,True,False,False,True,True,False,False,False,False,True,False,False,False,False,True,True,False,False,True,True,True,False,False,False,False,False,False,False,False,False,False,False,True,False,False,True,True,False,True,False,False,False,False,True,True,True,False,False,False,False,False,False,False,False,0,0,0,0
693,2026-09-25T11:42:07.534405+00:00,2026-09-25T13:11:12.828529+00:00,98.005,True,False,False,False,False,False,True,False,False,False,False,False,False,False,False,True,False,False,False,False,False,False,False,False,True,True,False,False,True,True,False,False,False,False,True,False,False,False,False,False,False,False,False,True,True,True,False,False,False,False,False,False,False,False,False,False,False,True,False,False,True,True,False,True,False,False,False,False,True,True,True,False,False,False,False,False,False,False,False,1,0,0,0
694,2026-09-25T11:42:07.896439+00:00,2026-09-25T13:11:13.231552+00:00,100.006,True,False,False,False,False,False,True,False,False,False,False,False,False,False,False,True,False,False,False,False,False,False,False,False,True,True,False,False,True,True,False,False,False,False,True,False,False,False,False,True,True,False,False,True,True,True,False,False,False,False,False,False,False,False,False,False,False,True,False,False,True,True,False,True,False,False,False,False,True,True,True,False,False,False,False,False,False,False,False,0,0,0,0
695,2026-09-25T11:42:08.263570+00:00,2026-09-25T13:11:13.593573+00:00,94.00500000000001,True,False,False,False,False,False,True,False,False,False,False,False,False,False,False,True,False,False,False,False,False,False,False,False,True,True,False,False,True,True,False,False,False,False,True,False,False,False,False,False,False,False,False,True,True,True,False,False,False,False,False,False,False,False,False,False,False,True,False,False,True,True,False,True,False,False,False,False,True,True,True,False,False,False,False,False,False,False,False,0,0,0,0
696,2026-09-25T11:42:08.802136+00:00,2026-09-25T13:11:14.000596+00:00,136.00799999999998,True,False,False,False,False,False,True,False,False,False,False,False,False,False,False,True,False,False,False,False,False,False,False,False,True,True,False,False,True,True,False,False,False,False,True,False,False,False,False,True,False,False,False,True,True,True,False,False,False,False,False,False,False,False,False,False,False,True,False,False,True,True,False,True,False,False,False,False,True,True,True,False,False,False,False,False,False,False,False,1,0,0,0
697,2026-09-25T11:42:09.262013+00:00,2026-09-25T13:11:14.500625+00:00,101.006,True,False,False,False,False,False,True,True,False,False,False,False,False,False,False,False,False,False,True,False,True,False,False,False,True,True,False,False,True,True,False,False,False,False,True,False,False,False,False,False,False,False,False,True,True,True,False,False,False,False,False,False,False,False,False,False,False,True,False,False,True,True,False,True,False,False,False,False,True,True,True,False,False,False,False,False,False,False,False,0,0,0,0
698,2026-09-25T11:42:09.670655+00:00,2026-09-25T13:11:14.975652+00:00,109.006,True,False,False,False,False,False,True,True,False,False,False,False,False,False,False,False,False,False,True,False,True,False,False,False,True,True,False,False,True,True,False,False,False,False,True,False,False,False,False,False,False,False,False,True,True,True,False,False,False,False,False,False,False,False,False,False,False,True,False,False,True,True,False,True,False,False,False,False,True,True,True,False,False,False,False,False,False,False,False,0,0,0,0
699,2026-09-25T11:42:10.033930+00:00,2026-09-25T13:11:15.364674+00:00,95.00500000000001,True,False,False,False,False,False,True,False,True,False,False,False,False,False,False,False,True,False,True,True,False,False,False,False,True,True,False,False,True,True,False,False,False,False,True,False,False,False,False,True,True,False,False,True,True,True,False,False,False,False,False,False,False,False,False,False,False,True,False,False,True,True,False,True,False,False,False,False,True,True,True,False,False,False,False,False,False,False,False,0,0,0,0
700,2026-09-25T11:42:10.467741+00:00,2026-09-25T13:11:15.779698+00:00,137.00799999999998,True,False,False,False,False,False,True,False,True,False,False,False,False,False,False,False,True,False,True,True,False,False,False,False,True,True,False,False,True,True,False,False,False,False,True,False,False,False,False,False,False,False,False,True,True,True,False,False,False,False,False,False,False,False,False,False,False,True,False,False,True,True,False,True,False,False,False,False,True,True,True,False,False,False,False,False,False,False,False,0,0,0,0
701,2026-09-25T11:42:10.826159+00:00,2026-09-25T13:11:16.155719+00:00,91.005,True,False,False,False,False,False,True,False,True,False,False,False,False,False,False,False,True,False,True,True,False,False,False,False,True,True,False,False,True,True,False,False,False,False,True,False,False,False,False,False,False,False,False,True,True,True,False,False,False,False,False,False,False,False,False,False,False,True,False,False,True,True,False,True,False,False,False,False,True,True,True,False,False,False,False,False,False,False,False,1,0,0,0
702,2026-09-25T11:42:11.211941+00:00,2026-09-25T13:11:16.523741+00:00,99.006,True,False,False,False,False,False,True,False,True,False,False,False,False,False,False,False,True,False,True,True,False,False,False,True,True,True,False,False,False,True,False,False,False,False,False,False,False,True,False,False,True,False,False,True,False,False,False,False,False,True,False,True,False,False,False,False,False,False,True,False,True,True,False,True,False,False,False,False,True,True,True,False,False,False,False,False,False,False,False,0,73,0,70
703,2026-09-25T11:42:11.623310+00:00,2026-09-25T13:11:16.909763+00:00,101.006,True,False,False,False,False,False,True,False,True,False,False,False,False,False,False,False,True,False,True,True,False,False,False,True,True,True,False,False,False,True,False,False,False,False,False,False,False,True,False,False,True,False,False,True,False,False,False,False,False,True,False,True,False,False,False,False,False,False,True,False,True,True,False,True,False,False,False,False,True,True,True,False,False,False,False,False,False,False,False,0,153,0,147
704,2026-09-25T11:42:12.018707+00:00,2026-09-25T13:11:17.307785+00:00,88.005,True,False,False,False,False,False,True,False,True,False,False,False,False,False,False,False,True,False,True,True,False,False,False,True,True,True,False,False,False,True,False,False,False,False,False,False,False,True,False,False,True,False,False,True,False,False,False,False,False,False,False,True,False,False,False,False,False,False,False,False,True,True,False,True,False,False,False,False,True,True,True,False,False,False,False,False,False,False,False,0,175,0,226
705,2026-09-25T11:42:12.423310+00:00,2026-09-25T13:11:17.717809+00:00,100.006,True,False,False,False,False,False,True,False,True,False,False,False,False,False,False,False,True,False,True,True,False,False,False,True,True,True,False,False,False,True,False,False,False,False,False,False,False,True,False,False,True,False,False,True,False,False,False,False,False,False,False,True,False,False,False,False,False,False,False,True,True,True,False,True,False,False,False,False,True,True,True,False,False,False,False,False,False,False,False,0,175,0,308
706,2026-09-25T11:42:12.854969+00:00,2026-09-25T13:11:18.145833+00:00,123.007,True,False,False,False,False,False,True,False,True,False,False,False,False,False,False,False,True,False,True,True,False,False,False,True,True,True,False,False,False,True,False,False,False,False,False,False,False,True,False,False,True,False,False,True,False,False,False,False,False,False,False,True,False,False,False,False,False,False,True,False,True,True,False,True,False,False,False,False,True,True,True,False,False,False,False,False,False,False,False,0,175,0,393
707,2026-09-25T11:42:13.307048+00:00,2026-09-25T13:11:18.630861+00:00,94.00500000000001,True,False,False,False,False,False,True,False,True,False,False,False,False,False,False,False,True,False,True,True,False,False,False,True,True,True,False,False,False,True,False,False,False,False,False,False,False,True,False,False,True,False,False,True,False,False,False,False,False,False,False,True,False,False,False,False,False,False,False,False,True,True,False,True,False,False,False,False,True,True,True,False,False,False,False,False,False,False,False,0,175,0,490
708,2026-09-25T11:42:13.914937+00:00,2026-09-25T13:11:19.182893+00:00,109.007,True,False,False,False,False,False,True,False,True,False,False,False,False,False,False,False,True,False,True,True,False,False,False,True,True,True,False,False,False,True,False,False,False,False,False,False,False,True,False,False,True,False,False,True,False,False,False,False,False,False,False,True,False,False,False,False,False,False,False,False,True,True,False,True,False,False,False,False,True,True,True,False,False,False,False,False,False,False,False,0,175,0,598
709,2026-09-25T11:42:14.265007+00:00,2026-09-25T13:11:19.604917+00:00,92.006,True,False,False,False,False,False,True,False,True,False,False,False,False,False,False,False,True,False,True,True,False,False,False,True,True,True,False,True,False,True,False,False,False,False,False,True,False,False,False,False,True,False,False,True,False,False,False,False,False,False,False,True,False,False,False,False,False,False,True,False,True,True,False,True,False,False,False,False,True,True,True,False,False,False,False,False,False,False,False,0,175,0,684
710,2026-09-25T11:42:14.664998+00:00,2026-09-25T13:11:19.983938+00:00,115.006,True,False,False,False,False,False,True,False,True,False,False,False,False,False,False,False,True,False,True,True,False,False,False,True,True,True,False,True,False,True,False,False,False,False,False,True,False,False,False,False,True,False,False,True,False,False,False,False,False,False,False,True,False,False,False,False,False,False,True,False,True,True,False,True,False,False,False,False,True,True,True,False,False,False,False,False,False,False,False,0,175,0,757
711,2026-09-25T11:42:15.048368+00:00,2026-09-25T13:11:20.366960+00:00,91.005,True,False,False,False,False,False,True,False,True,False,False,False,False,False,False,False,True,False,True,True,False,False,False,True,False,True,False,True,False,True,False,False,False,False,False,True,False,False,False,False,True,True,False,True,False,False,False,False,False,False,False,True,False,False,False,False,False,False,False,False,True,True,False,True,False,False,False,False,True,True,True,False,False,False,False,False,False,False,False,0,175,0,836
712,2026-09-25T11:42:15.717919+00:00,2026-09-25T13:11:21.021998+00:00,373.02200000000005,True,False,False,False,False,False,True,False,True,False,False,False,False,False,False,False,True,False,True,True,False,False,False,True,False,True,False,True,False,True,False,False,False,False,False,True,False,False,False,False,True,True,False,True,False,False,False,False,False,False,False,True,False,False,False,False,False,False,False,False,True,True,False,True,False,False,False,False,True,True,True,False,False,False,False,False,False,False,False,0,175,0,966
713,2026-09-25T11:42:16.136735+00:00,2026-09-25T13:11:21.465023+00:00,148.008,True,False,False,False,False,False,True,False,True,False,False,False,False,False,False,False,True,False,True,True,False,False,False,True,True,True,False,True,False,True,False,True,False,False,False,False,False,False,False,False,True,False,True,True,False,False,False,False,False,False,False,True,False,False,False,False,False,False,False,True,True,True,False,True,False,False,False,False,True,True,True,False,False,False,False,False,False,False,False,0,175,0,1055
714,2026-09-25T11:42:16.521928+00:00,2026-09-25T13:11:21.841045+00:00,99.006,True,False,False,False,False,False,True,False,True,False,False,False,False,False,False,False,True,False,True,True,False,False,False,True,True,False,False,True,False,True,False,True,False,False,False,False,False,False,False,False,True,False,True,True,False,False,False,False,False,False,False,True,False,False,False,False,False,False,False,False,True,True,False,True,False,False,False,False,True,True,True,False,False,False,False,False,False,False,False,0,175,0,1130
715,2026-09-25T11:42:16.908380+00:00,2026-09-25T13:11:22.245068+00:00,102.006,True,False,False,False,False,False,True,False,True,False,False,False,False,False,False,False,True,False,True,True,False,False,False,True,True,False,False,True,False,True,False,False,False,False,False,False,False,False,False,False,True,False,True,True,False,False,False,False,False,False,False,True,False,False,False,False,False,False,False,True,True,True,False,True,False,False,False,False,True,True,True,False,False,False,False,False,False,False,False,0,175,0,1210
716,2026-09-25T11:42:17.314267+00:00,2026-09-25T13:11:22.650091+00:00,144.008,True,False,False,False,False,False,True,False,True,False,False,False,False,False,False,False,True,False,True,True,False,False,False,True,True,False,False,True,False,True,False,False,False,False,False,False,False,False,False,False,True,False,True,True,False,False,False,False,False,False,False,True,False,False,False,False,False,False,True,False,True,True,False,True,False,False,False,False,True,True,True,False,False,False,False,False,False,False,False,0,175,0,1290
717,2026-09-25T11:42:17.800841+00:00,2026-09-25T13:11:23.080116+00:00,105.006,True,False,False,False,False,False,True,False,True,False,False,False,False,False,False,False,True,False,True,True,False,False,False,True,True,False,False,True,False,True,False,False,False,False,False,False,False,False,False,False,True,False,True,True,False,False,False,False,False,False,False,False,False,False,False,False,False,False,False,True,True,True,False,True,False,False,False,False,True,True,True,False,False,False,False,False,False,False,False,0,0,0,0
718,2026-09-25T11:42:18.281224+00:00,2026-09-25T13:11:23.493139+00:00,92.00500000000001,True,False,False,False,True,False,True,False,True,False,False,False,False,False,False,False,False,False,True,True,True,False,False,True,True,False,False,True,False,True,False,False,False,False,False,False,False,False,False,False,True,False,True,True,False,False,False,False,False,False,False,False,False,False,False,False,False,False,False,True,True,True,False,True,False,False,False,False,True,True,True,False,False,False,False,False,False,False,False,0,0,0,0
719,2026-09-25T11:42:18.650051+00:00,2026-09-25T13:11:23.981167+00:00,100.006,True,False,False,False,True,False,True,False,True,False,False,False,False,False,False,False,False,False,True,False,True,False,False,True,True,False,False,True,False,True,False,False,False,False,False,False,False,False,False,False,True,False,True,True,False,False,False,True,False,False,False,False,False,False,False,False,False,False,False,True,True,True,False,True,False,False,False,False,True,True,True,False,False,False,False,False,False,False,False,0,0,11,0
720,2026-09-25T11:42:19.065710+00:00,2026-09-25T13:11:24.352188+00:00,92.00500000000001,True,False,False,False,True,False,True,False,True,False,False,False,False,False,False,False,False,False,True,False,True,False,False,True,True,False,False,True,False,True,False,False,False,False,False,False,False,False,False,False,True,False,True,False,False,False,False,True,False,False,False,False,False,False,True,True,False,False,False,True,True,True,False,True,False,False,False,False,True,True,True,False,False,False,False,False,False,False,False,0,0,91,0
721,2026-09-25T11:42:19.614242+00:00,2026-09-25T13:11:24.842216+00:00,122.007,True,False,False,False,True,False,True,False,True,False,False,False,False,False,False,False,False,False,True,False,True,False,False,True,True,False,False,True,False,True,False,False,False,False,False,False,False,False,False,False,True,False,True,False,False,False,True,False,False,False,False,False,True,True,False,False,False,False,False,True,True,True,False,True,False,False,False,False,True,True,True,False,False,False,False,False,False,False,False,0,0,0,0
722,2026-09-25T11:42:20.028494+00:00,2026-09-25T13:11:25.309243+00:00,98.006,True,False,False,False,True,False,True,False,True,False,False,False,False,False,False,False,False,False,True,False,False,False,False,True,True,False,False,True,False,True,False,False,False,False,False,False,False,False,False,False,True,False,True,False,False,False,True,False,False,False,False,False,True,True,False,True,False,False,False,True,True,True,False,True,False,False,False,False,True,True,True,False,False,False,False,False,False,False,False,0,0,0,0
723,2026-09-25T11:42:20.555846+00:00,2026-09-25T13:11:25.776270+00:00,123.007,True,False,False,False,True,False,True,False,True,True,False,False,False,False,False,False,False,False,False,False,False,False,False,True,True,False,False,True,False,True,False,False,False,False,False,False,False,False,False,False,True,False,True,True,False,False,False,False,True,False,False,False,True,True,True,False,True,False,False,True,True,True,False,True,False,False,False,False,True,True,True,False,False,False,False,False,False,False,False,0,0,0,0
724,2026-09-25T11:42:20.991277+00:00,2026-09-25T13:11:26.306300+00:00,154.00900000000001,False,False,False,False,True,False,True,False,True,True,False,False,False,False,False,False,False,False,False,False,False,False,False,True,True,False,False,True,False,True,False,False,False,False,False,False,False,False,False,False,True,False,True,True,False,False,False,False,True,False,False,False,True,True,True,False,False,True,False,True,True,True,False,True,False,False,False,False,True,True,True,False,False,False,False,False,False,False,False,2,0,0,0
725,2026-09-25T11:42:21.339332+00:00,2026-09-25T13:11:26.678321+00:00,88.005,False,False,False,False,True,False,True,False,True,True,False,False,False,False,False,False,False,False,False,False,False,False,False,True,True,False,False,True,False,True,False,False,True,False,False,False,False,False,False,False,True,False,True,True,False,False,False,False,False,True,True,False,True,True,True,False,False,True,True,True,True,True,False,True,False,False,False,False,True,True,True,False,False,False,False,False,False,False,False,0,35,0,38
726,2026-09-25T11:42:21.748416+00:00,2026-09-25T13:11:27.065343+00:00,104.005,False,False,False,True,True,False,True,False,True,False,False,False,True,False,False,False,False,False,False,False,False,False,False,True,True,True,False,True,False,True,False,False,True,False,False,False,False,False,False,False,True,False,True,True,False,False,False,False,False,True,True,False,True,True,True,False,True,True,True,False,True,True,False,True,False,False,False,False,True,True,True,False,False,False,False,False,False,False,False,0,114,0,126
727,2026-09-25T11:42:22.183198+00:00,2026-09-25T13:11:27.511369+00:00,100.006,False,False,False,True,True,False,True,False,True,False,False,False,True,False,False,False,False,False,False,False,False,False,False,True,False,True,False,True,False,True,False,False,False,False,False,False,True,False,False,False,True,True,False,True,False,False,False,False,False,True,True,False,True,True,True,False,False,False,False,False,True,True,False,True,False,False,False,False,True,True,True,False,False,False,False,False,False,False,False,0,207,0,225
728,2026-09-25T11:42:22.544368+00:00,2026-09-25T13:11:27.882390+00:00,99.005,False,False,False,True,True,False,True,False,True,False,False,False,True,False,False,False,False,False,False,False,False,False,False,True,False,True,False,True,False,True,False,False,False,False,False,False,True,False,False,False,True,False,True,True,False,False,False,False,False,True,True,False,True,True,True,False,False,False,False,False,True,True,False,True,False,False,False,False,True,True,True,False,False,False,False,False,False,False,False,0,283,0,312
729,2026-09-25T11:42:22.926840+00:00,2026-09-25T13:11:28.255412+00:00,115.007,False,False,False,True,True,False,True,False,True,False,False,False,True,False,False,False,False,False,False,False,False,False,False,True,False,True,False,False,False,True,False,False,False,False,False,False,False,False,True,False,True,False,False,True,False,False,False,False,False,True,True,False,True,True,True,False,False,True,True,True,True,True,False,True,False,False,False,False,True,True,True,False,False,False,False,False,False,False,False,0,361,0,397
730,2026-09-25T11:42:23.393164+00:00,2026-09-25T13:11:28.623433+00:00,101.006,False,False,False,False,True,False,True,False,True,True,False,False,False,False,False,False,False,False,False,False,False,False,False,True,True,True,False,False,False,True,False,False,False,False,False,False,False,False,True,False,True,False,False,True,False,False,False,False,False,True,False,False,True,True,True,False,False,False,False,True,True,True,False,True,False,False,False,False,True,True,True,False,False,False,False,False,False,False,False,0,437,0,457
731,2026-09-25T11:42:23.750950+00:00,2026-09-25T13:11:29.087459+00:00,95.00500000000001,False,True,False,False,True,False,True,False,True,False,False,False,False,False,False,False,False,False,True,False,False,False,True,True,True,True,False,False,False,True,False,False,False,False,False,False,False,False,True,False,True,False,False,True,False,False,False,False,False,True,False,False,True,True,True,False,False,False,False,True,True,True,False,True,False,False,False,False,True,True,True,False,False,False,False,False,False,False,False,0,531,0,457
732,2026-09-25T11:42:24.192881+00:00,2026-09-25T13:11:29.526484+00:00,111.006,False,True,False,False,True,False,True,False,True,False,False,False,False,False,False,False,False,False,True,False,False,False,True,True,True,True,False,False,False,True,False,False,False,False,False,False,False,False,True,False,True,False,False,True,False,False,False,False,False,True,False,False,True,True,True,False,False,False,False,True,True,True,False,True,False,False,False,False,True,True,True,False,False,False,False,False,False,False,False,0,624,0,457
733,2026-09-25T11:42:24.548424+00:00,2026-09-25T13:11:29.885505+00:00,94.006,False,True,False,False,True,False,True,False,True,False,False,True,False,False,False,False,False,False,True,False,False,False,False,True,True,True,False,False,False,True,False,False,False,False,False,False,False,False,True,False,True,False,False,True,False,False,False,False,False,True,False,False,True,True,True,False,False,False,False,True,True,True,False,True,False,False,False,False,False,True,True,False,False,False,True,False,False,False,False,0,698,0,457
734,2026-09-25T11:42:24.999475+00:00,2026-09-25T13:11:30.252526+00:00,108.006,False,True,False,False,True,False,True,False,True,False,False,True,False,False,False,False,False,False,True,False,False,False,False,True,True,True,False,False,False,True,False,False,False,False,False,False,False,False,True,False,True,False,False,True,False,False,False,False,False,True,False,False,True,True,True,False,False,False,False,True,True,True,False,True,False,False,False,False,True,True,True,False,False,False,True,False,False,False,False,0,774,0,457
735,2026-09-25T11:42:25.442942+00:00,2026-09-25T13:11:30.695551+00:00,96.005,False,True,False,False,True,False,True,False,True,False,False,True,False,False,False,False,False,False,True,False,False,False,False,True,True,True,False,False,False,True,False,False,False,False,False,False,False,False,True,False,True,False,False,True,False,False,False,False,False,True,False,False,True,True,True,False,False,False,False,True,True,True,False,True,False,False,False,False,False,True,True,False,False,False,True,False,False,False,False,0,865,0,457
736,2026-09-25T11:42:25.879513+00:00,2026-09-25T13:11:31.217581+00:00,176.01,False,True,False,False,True,False,True,False,True,False,False,True,False,False,False,False,False,False,True,False,False,False,False,True,True,True,False,False,False,True,False,False,False,False,False,False,False,False,True,False,True,False,False,False,False,False,False,True,False,False,False,False,True,True,False,False,False,False,False,True,True,True,False,True,False,False,False,False,True,True,True,False,False,False,True,False,False,False,False,0,0,101,0
737,2026-09-25T11:42:26.374236+00:00,2026-09-25T13:11:31.652606+00:00,176.01,False,True,False,False,True,False,True,False,True,False,False,True,False,False,False,False,False,False,False,False,False,False,False,True,True,True,False,False,True,True,False,False,False,False,False,False,True,False,False,False,True,False,True,False,False,False,False,True,False,False,False,False,True,True,False,False,False,False,False,True,True,True,False,True,False,False,False,False,False,False,True,False,False,False,True,False,False,False,False,0,0,194,0
738,2026-09-25T11:42:26.782123+00:00,2026-09-25T13:11:32.108632+00:00,135.00799999999998,False,False,False,False,True,False,True,False,True,False,True,False,False,False,False,False,False,False,False,False,False,False,False,True,True,True,False,False,True,True,False,False,False,False,False,False,True,False,False,False,True,False,False,False,False,False,False,True,False,False,False,False,True,True,True,False,False,False,False,True,True,True,False,True,False,False,False,False,True,True,True,False,False,False,True,False,False,False,False,0,0,292,0
739,2026-09-25T11:42:27.216387+00:00,2026-09-25T13:11:32.530656+00:00,104.006,False,False,False,False,True,False,True,False,True,False,True,False,False,False,False,False,False,False,False,False,False,False,False,True,True,True,False,False,True,True,False,False,False,False,False,False,True,False,False,False,True,False,True,False,False,False,False,True,False,False,False,False,True,True,False,False,False,False,False,True,True,True,False,True,False,False,False,False,True,True,True,False,False,False,True,False,False,False,False,0,0,383,0
740,2026-09-25T11:42:27.565448+00:00,2026-09-25T13:11:32.903677+00:00,90.005,False,False,False,False,True,False,True,False,False,False,True,False,False,False,False,False,False,False,False,False,False,False,False,True,True,True,False,False,True,True,False,False,False,False,False,False,True,False,False,False,True,True,False,False,False,False,False,True,False,False,False,False,True,True,False,False,False,False,False,True,True,True,False,True,False,False,False,False,True,True,True,False,False,False,True,False,False,False,False,0,0,463,0
741,2026-09-25T11:42:28.074928+00:00,2026-09-25T13:11:33.322701+00:00,152.008,False,False,False,False,True,False,True,False,False,False,True,False,False,False,False,False,False,False,False,False,False,False,False,True,True,True,False,False,True,True,False,False,False,False,False,False,True,False,False,False,True,False,False,False,False,False,True,False,False,False,False,False,False,False,False,True,False,False,False,True,True,True,False,True,False,False,False,False,False,True,True,False,False,False,True,False,False,False,False,273,0,0,0
742,2026-09-25T11:42:28.444172+00:00,2026-09-25T13:11:33.783728+00:00,114.00699999999999,True,False,False,False,True,False,True,False,False,False,False,False,False,False,False,False,False,False,True,False,False,True,False,True,True,True,False,False,True,True,False,False,False,False,False,False,True,False,False,False,True,True,False,False,False,False,True,False,True,False,False,False,False,False,True,True,False,True,False,True,True,True,False,True,False,False,False,False,True,True,True,False,False,False,True,False,False,False,False,0,0,0,0
743,2026-09-25T11:42:28.900549+00:00,2026-09-25T13:11:34.239754+00:00,141.00799999999998,True,False,False,False,True,False,True,False,False,False,False,False,False,False,False,False,False,False,True,False,False,True,False,True,True,True,False,False,True,True,False,False,False,False,False,False,True,False,False,False,True,True,False,False,False,False,True,False,True,False,False,False,False,False,True,False,False,False,False,True,True,True,False,True,False,False,False,False,True,True,True,False,False,False,True,False,False,False,False,0,0,0,0
744,2026-09-25T11:42:29.298660+00:00,2026-09-25T13:11:34.586774+00:00,90.005,True,False,False,False,True,False,True,False,False,False,False,False,False,False,False,False,False,False,True,False,False,True,False,True,True,True,False,False,True,True,False,False,False,False,False,False,True,False,False,False,True,False,False,False,False,False,True,False,True,False,False,False,False,False,False,False,True,False,False,True,True,True,False,True,False,False,False,False,True,True,True,False,False,False,True,False,False,False,False,0,0,0,0
745,2026-09-25T11:42:29.753975+00:00,2026-09-25T13:11:35.030799+00:00,110.006,True,False,False,False,True,False,False,False,False,False,False,False,False,True,False,False,False,False,True,False,False,True,False,False,True,True,False,False,True,True,False,False,False,True,False,True,False,False,False,False,True,True,True,False,False,False,True,False,True,False,False,False,False,False,True,False,True,False,False,True,True,True,False,True,False,False,False,False,False,True,False,False,False,False,True,False,False,False,False,0,0,0,0
746,2026-09-25T11:42:30.191963+00:00,2026-09-25T13:11:35.523827+00:00,175.01,True,False,False,False,True,False,False,False,True,False,False,False,False,True,False,False,False,False,True,False,False,True,False,False,True,True,False,False,True,True,False,False,False,True,False,True,False,False,False,True,False,True,True,False,False,False,True,False,True,False,False,False,False,False,True,False,False,False,False,True,True,True,False,True,False,False,False,False,True,True,True,False,False,False,False,True,True,False,False,0,0,0,0
747,2026-09-25T11:42:30.555452+00:00,2026-09-25T13:11:35.889848+00:00,95.00500000000001,True,False,False,False,True,False,False,False,True,False,False,False,False,True,False,False,False,False,True,False,False,True,False,False,True,True,False,False,True,True,False,False,False,True,False,True,False,False,False,False,True,False,False,False,False,False,True,False,True,False,False,False,False,False,True,False,False,True,False,True,True,True,False,True,False,False,False,False,True,True,True,False,False,False,False,False,False,False,False,0,0,0,0
748,2026-09-25T11:42:31.069605+00:00,2026-09-25T13:11:36.317873+00:00,92.006,True,False,False,False,True,False,False,False,True,False,False,False,False,True,False,False,False,False,True,False,False,True,False,False,True,True,False,False,True,True,False,False,False,True,False,True,False,False,False,False,True,False,True,True,False,False,False,False,True,False,False,False,False,False,False,False,True,False,False,True,True,True,False,True,False,False,False,False,True,True,True,False,False,False,False,False,False,False,False,1,0,0,0
749,2026-09-25T11:42:31.436371+00:00,2026-09-25T13:11:36.775899+00:00,97.006,True,False,False,False,True,False,False,False,True,False,False,False,False,True,False,False,False,False,True,False,False,True,False,False,True,True,False,False,True,True,False,False,False,True,False,False,False,False,False,False,True,True,False,True,False,False,False,False,True,False,False,False,False,False,False,False,False,False,False,True,True,True,False,True,False,False,False,False,True,True,True,False,False,False,False,False,False,False,False,0,0,0,0
750,2026-09-25T11:42:31.853325+00:00,2026-09-25T13:11:37.173922+00:00,139.00799999999998,True,False,False,False,True,True,False,False,True,False,False,False,False,False,False,False,False,False,False,False,False,False,False,False,True,True,False,False,True,True,False,False,False,True,False,False,False,False,False,False,True,True,False,True,False,False,False,False,True,False,False,False,False,False,False,False,False,False,False,True,True,True,False,True,False,False,False,False,True,True,True,False,False,False,False,False,False,False,False,0,0,0,0
751,2026-09-25T11:42:32.207182+00:00,2026-09-25T13:11:37.544943+00:00,95.006,True,False,False,False,True,True,False,False,True,False,False,False,False,False,False,False,False,True,False,False,False,False,False,False,True,True,False,False,True,True,False,False,False,True,False,False,False,False,False,True,False,True,False,True,False,False,False,False,True,False,False,False,False,False,False,False,False,False,False,True,True,True,False,True,False,False,False,False,True,True,True,False,False,False,False,False,False,False,False,0,0,0,0
751,2026-09-25T11:42:32.207182+00:00,2026-09-25T13:11:37.544943+00:00,95.006,True,False,False,False,True,True,False,False,True,False,False,False,False,False,False,False,False,True,False,False,False,False,False,False,True,True,False,False,True,True,False,False,False,True,False,False,False,False,False,True,False,True,False,True,False,False,False,False,True,False,False,False,False,False,False,False,False,False,False,True,True,True,False,True,False,False,False,False,True,True,True,False,False,False,False,False,False,False,False,0,0,0,0
752,2026-09-25T11:42:32.572862+00:00,2026-09-25T13:11:37.904963+00:00,102.005,True,False,False,False,True,True,False,False,True,False,False,False,False,False,False,False,False,True,False,False,False,False,False,False,True,True,False,False,True,True,False,False,False,True,False,False,False,False,False,True,False,True,False,True,False,False,False,False,True,False,False,False,False,False,False,False,True,True,False,True,True,True,False,True,False,False,False,False,True,True,True,False,False,False,False,False,False,False,False,0,0,0,0
753,2026-09-25T11:42:33.023738+00:00,2026-09-25T13:11:38.262984+00:00,94.00500000000001,True,False,False,False,True,True,False,False,True,False,False,False,False,False,False,False,False,True,False,False,False,False,False,False,True,True,False,False,True,True,False,False,False,True,False,False,False,False,False,False,True,True,False,True,True,False,False,False,False,False,True,False,False,False,False,False,False,True,False,False,True,True,False,True,False,False,False,False,True,True,True,False,False,False,False,False,False,False,False,0,0,0,0
754,2026-09-25T11:42:33.407421+00:00,2026-09-25T13:11:38.747012+00:00,125.00800000000001,True,False,False,False,True,True,False,False,True,False,False,False,False,False,False,False,False,True,False,False,False,False,False,False,True,True,False,False,True,True,False,False,False,True,False,False,False,False,False,False,True,True,False,True,True,False,False,False,False,False,True,False,False,False,False,False,False,True,False,False,True,True,False,True,False,False,False,False,True,True,True,False,False,False,False,False,False,False,False,0,0,0,0
755,2026-09-25T11:42:33.850179+00:00,2026-09-25T13:11:39.130034+00:00,109.007,True,False,False,False,True,True,False,False,True,False,False,False,False,False,False,False,False,True,False,False,False,False,False,False,True,True,False,False,True,True,False,False,False,True,False,False,False,False,False,False,True,True,False,True,True,False,False,False,False,False,True,False,False,False,False,False,False,True,True,True,True,True,False,True,False,False,False,False,True,True,True,False,False,False,False,False,False,False,False,0,0,0,0
756,2026-09-25T11:42:34.208363+00:00,2026-09-25T13:11:39.539057+00:00,92.00500000000001,True,False,False,False,True,True,False,False,True,False,False,False,False,False,False,False,False,True,False,False,False,False,False,False,True,True,False,False,True,True,False,False,False,True,False,False,False,False,False,False,False,True,False,True,True,False,False,False,False,False,True,False,False,False,False,False,False,True,False,False,True,True,False,True,False,False,False,False,True,True,True,False,False,False,False,False,False,False,False,0,0,0,0
757,2026-09-25T11:42:34.575416+00:00,2026-09-25T13:11:39.905078+00:00,99.006,True,False,False,False,True,True,False,False,True,False,False,False,False,False,False,False,False,True,False,False,False,False,False,False,True,True,False,False,True,True,False,False,False,True,False,False,False,False,False,True,False,True,False,True,True,False,False,False,False,False,True,False,False,False,False,False,False,True,True,True,True,True,False,True,False,False,False,False,True,True,True,False,False,False,False,False,False,False,False,0,0,0,0
758,2026-09-25T11:42:35.023607+00:00,2026-09-25T13:11:40.269099+00:00,95.006,True,False,False,False,True,True,False,False,True,False,False,False,False,False,False,False,False,True,False,False,False,False,False,False,True,True,False,False,True,True,False,False,False,True,False,False,False,False,False,True,False,True,False,True,True,False,False,False,False,False,True,False,False,False,False,False,False,True,False,True,True,True,False,True,False,False,False,False,True,True,True,False,False,False,False,False,False,False,False,0,0,0,0
759,2026-09-25T11:42:35.409048+00:00,2026-09-25T13:11:40.721125+00:00,99.006,True,False,False,False,True,True,False,False,True,False,False,False,False,False,False,False,False,True,False,False,False,False,False,False,True,True,False,False,True,True,False,False,False,True,False,False,False,False,False,True,False,True,False,True,True,False,False,False,False,False,True,False,False,False,False,False,False,True,False,False,True,True,False,True,False,False,False,False,True,True,True,False,False,False,False,False,False,False,False,0,0,0,0
760,2026-09-25T11:42:35.887455+00:00,2026-09-25T13:11:41.222153+00:00,207.012,True,False,False,False,True,True,False,False,True,False,False,False,False,False,False,False,False,True,False,False,False,False,False,False,True,True,False,False,True,True,False,False,False,True,False,False,False,False,False,True,False,True,False,True,True,False,False,False,False,False,True,False,False,False,False,False,False,True,False,False,True,True,False,True,False,False,False,False,True,True,True,False,False,False,False,False,False,False,False,0,0,0,0
761,2026-09-25T11:42:36.386237+00:00,2026-09-25T13:11:41.717182+00:00,214.013,True,False,False,False,True,True,False,False,True,False,False,False,False,False,False,False,False,True,False,False,False,False,False,False,True,True,False,False,True,True,False,False,False,True,False,False,False,False,False,True,False,True,False,True,True,False,False,False,False,False,True,False,False,False,False,False,False,True,False,False,True,True,False,True,False,False,False,False,True,True,True,False,False,False,False,False,False,False,False,0,0,0,0
762,2026-09-25T11:42:36.777747+00:00,2026-09-25T13:11:42.109204+00:00,120.007,True,False,False,False,True,True,False,False,True,False,False,False,False,False,False,False,False,True,False,False,False,False,False,False,True,True,False,False,True,True,False,False,False,True,False,False,False,False,False,False,True,True,False,True,True,False,False,False,False,False,True,False,False,False,False,False,False,True,False,False,True,True,False,True,False,False,False,False,True,True,True,False,False,False,False,False,False,False,False,0,0,0,0
763,2026-09-25T11:42:37.135938+00:00,2026-09-25T13:11:42.465224+00:00,88.005,True,False,False,False,True,True,False,False,True,False,False,False,False,False,False,False,False,False,True,False,False,True,False,False,True,True,False,False,True,True,False,False,False,True,False,False,False,False,False,False,False,True,False,True,True,True,False,False,False,False,False,False,False,False,False,False,False,True,False,False,True,True,False,True,False,False,False,False,True,True,True,False,False,False,False,False,False,False,False,0,0,0,0
764,2026-09-25T11:42:37.499850+00:00,2026-09-25T13:11:42.837246+00:00,102.006,True,False,False,False,True,False,False,False,True,False,False,False,False,False,True,False,False,False,True,False,False,True,False,False,True,True,False,False,True,True,False,False,False,True,False,False,False,False,False,False,False,True,False,True,True,True,False,False,False,False,False,False,False,False,False,False,False,True,False,False,True,True,False,True,False,False,False,False,True,True,True,False,False,False,False,False,False,False,False,0,0,0,0
765,2026-09-25T11:42:37.983634+00:00,2026-09-25T13:11:43.230268+00:00,136.00799999999998,True,False,False,False,True,False,False,False,True,False,False,False,False,False,True,False,False,False,True,False,False,True,False,False,True,True,False,False,True,True,False,False,False,True,False,False,False,False,False,False,True,True,False,True,True,True,False,False,False,False,False,False,False,False,False,False,False,True,False,False,True,True,False,True,False,False,False,False,True,True,True,False,False,False,False,False,False,False,False,0,0,0,0
766,2026-09-25T11:42:38.364622+00:00,2026-09-25T13:11:43.703295+00:00,117.007,True,False,False,False,True,False,False,False,True,False,False,False,False,False,True,False,False,False,True,False,False,True,False,False,True,True,False,False,True,True,False,False,False,True,False,False,False,False,False,False,True,True,False,True,True,True,False,False,False,False,False,False,False,False,False,False,False,True,False,False,True,True,False,True,False,False,False,False,True,True,True,False,False,False,False,False,False,False,False,0,0,0,0
767,2026-09-25T11:42:38.841773+00:00,2026-09-25T13:11:44.121319+00:00,106.006,True,False,False,False,True,False,False,False,True,False,False,False,False,False,True,False,False,False,True,False,False,True,False,False,True,True,False,False,True,True,False,False,False,True,False,False,False,False,False,True,False,True,False,True,True,True,False,False,False,False,False,False,False,False,False,False,False,True,False,False,True,True,False,True,False,False,False,False,True,True,True,False,False,False,False,False,False,False,False,0,0,0,0
768,2026-09-25T11:42:39.284036+00:00,2026-09-25T13:11:44.528342+00:00,89.005,True,False,False,False,True,False,False,False,False,False,False,False,False,False,True,False,False,False,True,False,False,True,False,False,True,True,False,False,True,True,False,False,False,True,False,False,False,False,False,False,False,True,False,True,True,True,False,False,False,False,False,False,False,False,False,False,False,True,False,False,True,True,False,True,False,False,False,False,True,True,True,False,False,False,False,False,False,False,False,0,0,0,0
769,2026-09-25T11:42:39.640939+00:00,2026-09-25T13:11:44.981368+00:00,95.00500000000001,True,False,False,False,False,False,True,False,False,False,False,False,False,False,False,True,False,False,False,False,False,False,False,False,True,True,False,False,True,True,False,False,False,True,False,False,False,False,False,False,True,True,False,True,True,True,False,False,False,False,False,False,False,False,False,False,False,True,False,False,True,True,False,True,False,False,False,False,True,True,True,False,False,False,False,False,False,False,False,0,0,0,0
770,2026-09-25T11:42:40.058954+00:00,2026-09-25T13:11:45.328388+00:00,88.005,True,False,False,False,False,False,True,False,False,False,False,False,False,False,False,True,False,False,False,False,False,False,False,False,True,True,False,False,True,True,False,False,False,True,False,False,False,False,False,False,False,True,False,True,True,True,False,False,False,False,False,False,False,False,False,False,False,True,False,False,True,True,False,True,False,False,False,False,True,True,True,False,False,False,False,False,False,False,False,0,0,0,0
771,2026-09-25T11:42:40.405849+00:00,2026-09-25T13:11:45.743412+00:00,89.005,True,False,False,False,False,False,True,False,False,False,False,False,False,False,False,True,False,False,False,False,False,False,False,False,True,True,False,False,True,True,False,False,False,True,False,False,False,False,False,False,True,True,False,True,True,True,False,False,False,False,False,False,False,False,False,False,False,True,False,False,True,True,False,True,False,False,False,False,True,True,True,False,False,False,False,False,False,False,False,0,0,0,0
772,2026-09-25T11:42:40.767618+00:00,2026-09-25T13:11:46.106433+00:00,98.006,True,False,False,False,False,False,True,False,False,False,False,False,False,False,False,True,False,False,False,False,False,False,False,False,True,True,False,False,False,True,False,False,False,False,False,False,False,True,False,True,False,True,False,True,True,True,False,False,False,False,False,False,False,False,False,False,False,True,False,False,True,True,False,True,False,False,False,False,True,True,True,False,False,False,False,False,False,False,False,0,0,0,0
773,2026-09-25T11:42:41.114846+00:00,2026-09-25T13:11:46.455453+00:00,90.006,True,False,False,False,False,False,True,False,False,False,False,False,False,False,False,True,False,False,False,False,False,False,False,False,True,True,False,False,False,True,False,False,False,False,False,False,False,True,False,True,False,True,False,True,True,True,False,False,False,False,False,False,False,False,False,False,False,True,False,False,True,True,False,True,False,False,False,False,True,True,True,False,False,False,False,False,False,False,False,0,0,0,0
774,2026-09-25T11:42:41.463230+00:00,2026-09-25T13:11:46.801472+00:00,92.00500000000001,True,False,False,False,False,False,True,False,False,False,False,False,False,False,False,True,False,False,False,False,False,False,False,False,True,True,False,False,False,True,False,False,False,False,False,False,False,True,False,True,False,True,False,True,True,True,False,False,False,False,False,False,False,False,False,False,False,True,False,False,True,True,False,True,False,False,False,False,True,True,True,False,False,False,False,False,False,False,False,0,0,0,0
775,2026-09-25T11:42:41.901734+00:00,2026-09-25T13:11:47.186494+00:00,111.006,True,False,False,False,False,False,True,False,False,False,False,False,False,False,False,True,False,False,False,False,False,False,False,False,True,True,False,False,False,True,False,False,False,False,False,False,False,True,False,True,False,True,False,True,True,True,False,False,False,False,False,False,False,False,False,False,False,True,False,False,True,True,False,True,False,False,False,False,True,True,True,False,False,False,False,False,False,False,False,0,0,0,0
776,2026-09-25T11:42:42.263170+00:00,2026-09-25T13:11:47.593518+00:00,96.006,True,False,False,False,False,False,True,False,False,False,False,False,False,False,False,True,False,False,False,False,False,False,False,False,True,True,False,False,False,True,False,False,False,False,False,False,False,True,False,True,False,True,False,True,True,True,False,False,False,False,False,False,False,False,False,False,False,True,False,False,True,True,False,True,False,False,False,False,True,True,True,False,False,False,False,False,False,False,False,1,0,0,0
777,2026-09-25T11:42:42.680486+00:00,2026-09-25T13:11:47.992540+00:00,83.00399999999999,True,False,False,False,False,False,True,False,False,False,False,False,False,False,False,True,False,False,False,False,False,False,False,False,True,True,False,False,False,True,False,False,False,False,False,False,False,True,False,True,False,True,False,True,True,True,False,False,False,False,False,False,False,False,False,False,False,True,False,False,True,True,False,True,False,False,False,False,True,True,True,False,False,False,False,False,False,False,False,0,0,0,0
778,2026-09-25T11:42:43.028826+00:00,2026-09-25T13:11:48.366562+00:00,92.00500000000001,True,False,False,False,False,False,True,False,False,False,False,False,False,False,False,True,False,False,False,False,False,False,False,False,True,True,False,False,False,True,False,False,False,False,False,False,False,True,False,True,False,True,False,True,True,True,False,False,False,False,False,False,False,False,False,False,False,True,False,False,True,True,False,True,False,False,False,False,True,True,True,False,False,False,False,False,False,False,False,0,0,0,0
779,2026-09-25T11:42:43.405680+00:00,2026-09-25T13:11:48.744583+00:00,106.006,True,False,False,False,False,False,True,False,False,False,False,False,False,False,False,True,False,False,False,False,False,False,False,False,True,True,False,False,False,True,False,False,False,False,False,False,False,True,False,True,False,True,False,True,True,True,False,False,False,False,False,False,False,False,False,False,False,True,False,False,True,True,False,True,False,False,False,False,True,True,True,False,False,False,False,False,False,False,False,0,0,0,0
780,2026-09-25T11:42:43.826946+00:00,2026-09-25T13:11:49.110604+00:00,102.005,True,False,False,False,False,False,True,False,False,False,False,False,False,False,False,True,False,False,False,False,False,False,False,False,True,True,False,False,False,True,False,False,False,False,False,False,False,True,False,True,False,True,False,True,True,True,False,False,False,False,False,False,False,False,False,False,False,True,False,False,True,True,False,True,False,False,False,False,True,True,True,False,False,False,False,False,False,False,False,0,0,0,0
781,2026-09-25T11:42:44.182552+00:00,2026-09-25T13:11:49.516628+00:00,94.006,True,False,False,False,False,False,True,False,False,False,False,False,False,False,False,True,False,False,False,False,False,False,False,False,True,True,False,True,False,True,False,False,False,False,False,False,False,False,True,True,False,True,False,True,True,True,False,False,False,False,False,False,False,False,False,False,False,True,False,False,True,True,False,True,False,False,False,False,True,True,True,False,False,False,False,False,False,False,False,0,0,0,0
782,2026-09-25T11:42:44.613535+00:00,2026-09-25T13:11:49.935652+00:00,88.005,True,False,False,False,False,False,True,False,False,False,False,False,False,False,False,True,False,False,False,False,False,False,False,False,True,True,False,False,False,True,False,False,False,False,False,False,False,False,True,True,False,True,False,True,True,True,False,False,False,False,False,False,False,False,False,False,False,True,False,False,True,True,False,True,False,False,False,False,True,True,True,False,False,False,False,False,False,False,False,0,0,0,0
783,2026-09-25T11:42:44.961375+00:00,2026-09-25T13:11:50.300672+00:00,91.005,True,False,False,False,False,False,True,False,False,False,False,False,False,False,False,True,False,False,False,False,False,False,False,False,True,True,False,False,False,True,False,False,False,False,False,False,False,False,True,True,False,True,False,True,True,True,False,False,False,False,False,False,False,False,False,False,False,True,False,False,True,True,False,True,False,False,False,False,True,True,True,False,False,False,False,False,False,False,False,0,0,0,0
784,2026-09-25T11:42:45.338120+00:00,2026-09-25T13:11:50.675694+00:00,109.006,True,False,False,False,False,False,True,False,False,False,False,False,False,False,False,True,False,False,False,False,False,False,False,False,True,True,False,False,False,True,False,False,False,False,False,False,False,False,True,True,False,True,False,True,True,True,False,False,False,False,False,False,False,False,False,False,False,True,False,False,True,True,False,True,False,False,False,False,True,True,True,False,False,False,False,False,False,False,False,0,0,0,0
785,2026-09-25T11:42:45.823760+00:00,2026-09-25T13:11:51.136720+00:00,95.00500000000001,True,False,False,False,False,False,True,False,False,False,False,False,False,False,False,True,False,False,False,False,False,False,False,False,True,True,False,False,False,True,False,False,False,False,False,False,False,False,True,True,False,True,False,True,True,True,False,False,False,False,False,False,False,False,False,False,False,True,False,False,True,True,False,True,False,False,False,False,True,True,True,False,False,False,False,False,False,False,False,0,0,0,0
786,2026-09-25T11:42:46.195801+00:00,2026-09-25T13:11:51.533743+00:00,112.006,True,False,False,False,False,False,True,False,False,False,False,False,False,False,False,True,False,False,False,False,False,False,False,False,True,True,False,False,False,True,False,False,False,False,False,False,False,False,True,True,False,True,False,True,True,True,False,False,False,False,False,False,False,False,False,False,False,True,False,False,True,True,False,True,False,False,False,False,True,True,True,False,False,False,False,False,False,False,False,0,0,0,0
787,2026-09-25T11:42:46.669765+00:00,2026-09-25T13:11:51.976768+00:00,185.01000000000002,True,False,False,False,False,False,True,False,False,False,False,False,False,False,False,True,False,False,False,False,False,False,False,False,True,True,False,False,False,True,False,False,False,False,False,False,False,False,True,True,False,True,False,True,True,True,False,False,False,False,False,False,False,False,False,False,False,True,False,False,True,True,False,True,False,False,False,False,True,True,True,False,False,False,False,False,False,False,False,0,0,0,0
788,2026-09-25T11:42:47.345784+00:00,2026-09-25T13:11:52.558802+00:00,241.014,True,False,False,False,False,False,True,False,False,False,False,False,False,False,False,True,False,False,False,False,False,False,False,False,True,True,False,False,False,True,False,False,False,False,False,False,False,False,True,True,False,True,False,True,True,True,False,False,False,False,False,False,False,False,False,False,False,True,False,False,True,True,False,True,False,False,False,False,True,True,True,False,False,False,False,False,False,False,False,0,0,0,0
789,2026-09-25T11:42:47.764209+00:00,2026-09-25T13:11:53.065831+00:00,114.00699999999999,True,False,False,False,False,False,True,True,False,False,False,False,False,False,False,False,False,False,True,False,True,False,False,False,True,True,False,False,True,True,False,False,False,False,True,True,False,False,False,False,False,False,False,True,True,True,False,False,False,False,False,False,False,False,False,False,False,True,False,False,True,True,False,True,False,False,False,False,True,True,True,False,False,False,False,False,False,False,False,0,0,0,0
790,2026-09-25T11:42:48.191199+00:00,2026-09-25T13:11:53.528857+00:00,156.00900000000001,True,False,False,False,False,False,True,True,True,False,False,False,False,False,False,False,False,False,True,True,False,False,False,False,True,True,False,False,True,True,False,False,False,False,True,True,False,False,False,False,False,True,True,True,True,True,False,False,False,False,False,False,False,False,False,False,False,True,False,False,True,True,False,True,False,False,False,False,True,True,True,False,False,False,False,False,False,False,False,1,0,0,0
791,2026-09-25T11:42:48.538693+00:00,2026-09-25T13:11:53.874877+00:00,90.005,True,False,False,False,False,False,True,False,True,False,False,False,False,False,False,False,True,False,True,True,False,False,False,False,True,True,False,False,True,True,False,False,False,False,True,True,False,False,False,False,True,False,False,True,True,True,False,False,False,False,False,False,False,False,False,False,False,True,False,False,True,True,False,True,False,False,False,False,True,True,True,False,False,False,False,False,False,False,False,0,0,0,0
792,2026-09-25T11:42:49.112296+00:00,2026-09-25T13:11:54.340904+00:00,189.01100000000002,True,False,False,False,False,False,True,False,True,False,False,False,False,False,False,False,True,False,True,True,False,False,False,False,True,True,False,False,True,True,False,False,False,False,True,True,False,False,False,False,False,False,True,True,True,True,False,False,False,False,False,False,False,False,False,False,False,True,False,False,True,True,False,True,False,False,False,False,True,True,True,False,False,False,False,False,False,False,False,0,0,0,0
793,2026-09-25T11:42:49.600340+00:00,2026-09-25T13:11:54.926937+00:00,105.006,True,False,False,False,False,False,True,False,True,False,False,False,False,False,False,False,True,False,True,True,False,False,False,False,True,True,False,False,True,True,False,False,False,False,True,False,False,False,False,False,False,True,False,True,True,True,False,False,False,False,False,False,False,False,False,False,False,True,False,False,True,True,False,True,False,False,False,False,True,True,True,False,False,False,False,False,False,False,False,0,0,0,0
794,2026-09-25T11:42:50.205999+00:00,2026-09-25T13:11:55.404964+00:00,200.011,True,False,False,False,False,False,True,False,True,False,False,False,False,False,False,False,True,False,True,True,False,False,False,False,True,True,False,False,True,True,False,False,False,False,True,False,False,False,False,False,False,True,False,True,True,True,False,False,False,False,False,False,False,False,False,False,False,True,False,False,True,True,False,True,False,False,False,False,True,True,True,False,False,False,False,False,False,False,False,1,0,0,0
795,2026-09-25T11:42:50.625646+00:00,2026-09-25T13:11:55.894992+00:00,92.00500000000001,True,False,False,False,False,False,True,False,True,False,False,False,False,False,False,False,True,False,True,True,False,False,False,False,True,True,False,False,True,True,False,False,False,False,True,False,False,False,False,False,False,True,False,True,True,True,False,False,False,False,False,False,False,False,False,False,False,True,False,False,True,True,False,True,False,False,False,False,True,True,True,False,False,False,False,False,False,False,False,0,0,0,0
796,2026-09-25T11:42:51.056234+00:00,2026-09-25T13:11:56.320017+00:00,96.006,True,False,False,False,False,False,True,False,True,False,False,False,False,False,False,False,True,False,True,True,False,False,False,False,True,True,False,False,True,True,False,False,False,False,True,False,False,False,False,False,False,True,False,True,True,True,False,False,False,False,False,False,False,False,False,False,False,True,False,False,True,True,False,True,False,False,False,False,True,True,True,False,False,False,False,False,False,False,False,0,0,0,0
797,2026-09-25T11:42:51.521655+00:00,2026-09-25T13:11:56.827046+00:00,158.00900000000001,True,False,False,False,False,False,True,False,True,False,False,False,False,False,False,False,True,False,True,True,False,False,False,False,True,True,False,False,True,True,False,False,False,False,True,False,False,False,False,False,True,True,False,True,True,True,False,False,False,False,False,False,False,False,False,False,False,True,False,False,True,True,False,True,False,False,False,False,True,True,True,False,False,False,False,False,False,False,False,0,0,0,0
798,2026-09-25T11:42:51.892599+00:00,2026-09-25T13:11:57.215068+00:00,97.006,True,False,False,False,False,False,True,False,True,False,False,False,False,False,False,False,True,False,True,True,False,False,False,False,True,True,False,False,True,True,False,False,False,False,True,False,False,False,False,False,False,True,False,True,True,True,False,False,False,False,False,False,False,False,False,False,False,True,False,False,True,True,False,True,False,False,False,False,True,True,True,False,False,False,False,False,False,False,False,0,0,0,0
799,2026-09-25T11:42:52.353146+00:00,2026-09-25T13:11:57.647093+00:00,154.00900000000001,True,False,False,False,False,False,True,False,True,False,False,False,False,False,False,False,True,False,True,True,False,False,False,False,True,True,False,False,True,True,False,False,False,False,True,False,False,False,False,False,False,True,False,True,True,True,False,False,False,False,False,False,False,False,False,False,False,True,False,False,True,True,False,True,False,False,False,False,True,True,True,False,False,False,False,False,False,False,False,0,0,0,0
800,2026-09-25T11:42:52.865083+00:00,2026-09-25T13:11:58.099118+00:00,134.00699999999998,True,False,False,False,False,False,True,False,True,False,False,False,False,False,False,False,True,False,True,True,False,False,False,False,True,True,False,False,True,True,False,False,False,False,True,False,False,False,False,False,False,True,False,True,True,True,False,False,False,False,False,False,False,False,False,False,False,True,False,False,True,True,False,True,False,False,False,False,True,True,True,False,False,False,False,False,False,False,False,0,0,0,0
801,2026-09-25T11:42:53.244077+00:00,2026-09-25T13:11:58.580146+00:00,93.00500000000001,True,False,False,False,False,False,True,False,True,False,False,False,False,False,False,False,True,False,True,True,False,False,False,False,True,True,False,False,True,True,False,False,False,False,True,False,False,False,False,True,True,True,False,True,True,True,False,False,False,False,False,False,False,False,False,False,False,True,False,False,True,True,False,True,False,False,False,False,True,True,True,False,False,False,False,False,False,False,False,0,0,0,0
802,2026-09-25T11:42:53.635136+00:00,2026-09-25T13:11:58.943167+00:00,97.006,True,False,False,False,False,False,True,False,True,False,False,False,False,False,False,False,True,False,True,True,False,False,False,False,True,True,False,False,False,True,False,False,False,False,False,False,False,True,False,True,False,True,False,True,True,True,False,False,False,False,False,False,False,False,False,False,False,True,False,False,True,True,False,True,False,False,False,False,True,True,True,False,False,False,False,False,False,False,False,0,0,0,0
803,2026-09-25T11:42:54.030270+00:00,2026-09-25T13:11:59.363191+00:00,119.007,True,False,False,False,False,False,True,False,True,False,False,False,False,False,False,False,True,False,True,True,False,False,False,False,True,True,False,False,False,True,False,False,False,False,False,False,False,True,False,True,False,True,False,True,True,True,False,False,False,False,False,False,False,False,False,False,False,True,False,False,True,True,False,True,False,False,False,False,True,True,True,False,False,False,False,False,False,False,False,0,0,0,0
804,2026-09-25T11:42:54.381195+00:00,2026-09-25T13:11:59.718211+00:00,90.005,True,False,False,False,False,False,True,False,True,False,False,False,False,False,False,False,True,False,True,True,False,False,False,False,True,True,False,False,False,True,False,False,False,False,False,False,False,True,False,True,False,True,False,True,True,True,False,False,False,False,False,False,False,False,False,False,False,True,False,False,True,True,False,True,False,False,False,False,True,True,True,False,False,False,False,False,False,False,False,0,0,0,0
805,2026-09-25T11:42:54.769340+00:00,2026-09-25T13:12:00.078232+00:00,93.006,True,False,False,False,False,False,True,False,True,False,False,False,False,False,False,False,True,False,True,True,False,False,False,False,True,True,False,False,False,True,False,False,False,False,False,False,False,True,False,True,False,True,False,True,True,True,False,False,False,False,False,False,False,False,False,False,False,True,False,False,True,True,False,True,False,False,False,False,True,True,True,False,False,False,False,False,False,False,False,0,0,0,0
806,2026-09-25T11:42:55.159412+00:00,2026-09-25T13:12:00.492255+00:00,121.007,True,False,False,False,False,False,True,False,True,False,False,False,False,False,False,False,True,False,True,True,False,False,False,False,True,True,False,False,False,True,False,False,False,False,False,False,False,True,False,True,False,True,False,True,True,True,False,False,False,False,False,False,False,False,False,False,False,True,False,False,True,True,False,True,False,False,False,False,True,True,True,False,False,False,False,False,False,False,False,0,0,0,0
807,2026-09-25T11:42:55.532952+00:00,2026-09-25T13:12:00.856276+00:00,93.00500000000001,True,False,False,False,False,False,True,False,True,False,False,False,False,False,False,False,True,False,True,True,False,False,False,False,True,True,False,False,False,True,False,False,False,False,False,False,False,True,False,True,False,True,False,True,True,True,False,False,False,False,False,False,False,False,False,False,False,True,False,False,True,True,False,True,False,False,False,False,True,True,True,False,False,False,False,False,False,False,False,0,0,0,0
808,2026-09-25T11:42:55.918284+00:00,2026-09-25T13:12:01.252299+00:00,102.006,True,False,False,False,False,False,True,False,True,False,False,False,False,False,False,False,True,False,True,True,False,False,False,False,True,True,False,False,False,True,False,False,False,False,False,False,False,True,False,True,False,True,False,True,True,True,False,False,False,False,False,False,False,False,False,False,False,True,False,False,True,True,False,True,False,False,False,False,True,True,True,False,False,False,False,False,False,False,False,0,0,0,0
809,2026-09-25T11:42:56.338387+00:00,2026-09-25T13:12:01.676323+00:00,160.00900000000001,True,False,False,False,True,False,True,False,True,False,False,False,False,False,False,False,False,False,True,True,True,False,False,False,True,True,False,False,False,True,False,False,False,False,False,False,False,True,False,True,False,True,False,True,True,True,False,False,False,False,False,False,False,False,False,False,False,True,False,False,True,True,False,True,False,False,False,False,True,True,True,False,False,False,False,False,False,False,False,0,0,0,0
810,2026-09-25T11:42:56.850327+00:00,2026-09-25T13:12:02.142350+00:00,187.01100000000002,True,False,False,False,True,False,True,False,True,False,False,False,False,False,False,False,False,False,True,False,True,False,False,False,True,True,False,True,False,True,False,False,False,False,False,False,True,False,False,True,False,False,False,True,True,True,False,False,False,False,False,False,False,False,False,False,False,True,False,False,True,True,False,True,False,False,False,False,True,True,True,False,False,False,False,False,False,False,False,0,0,0,0
811,2026-09-25T11:42:57.308817+00:00,2026-09-25T13:12:02.647379+00:00,106.006,True,False,False,False,True,False,True,False,True,False,False,False,False,False,False,False,False,False,True,False,True,False,False,False,True,True,False,False,False,True,False,False,False,False,False,False,False,False,True,True,False,False,False,True,True,True,False,False,False,False,False,False,False,False,False,False,False,True,False,False,True,True,False,True,False,False,False,False,True,True,True,False,False,False,False,False,False,False,False,0,0,0,0
812,2026-09-25T11:42:57.693718+00:00,2026-09-25T13:12:03.024400+00:00,87.005,True,False,False,False,True,False,True,False,True,False,False,False,False,False,False,False,False,False,True,False,True,False,False,False,True,True,False,False,False,True,False,False,False,False,False,False,False,False,True,True,False,False,False,True,True,True,False,False,False,False,False,False,False,False,False,False,False,True,False,False,True,True,False,True,False,False,False,False,True,True,True,False,False,False,False,False,False,False,False,0,0,0,0
813,2026-09-25T11:42:58.056575+00:00,2026-09-25T13:12:03.393421+00:00,98.005,False,False,False,False,True,False,True,False,True,False,False,False,False,False,False,False,False,False,True,False,True,False,False,False,True,True,False,False,False,True,False,False,False,False,False,False,False,False,True,True,False,False,False,True,True,True,False,False,False,False,False,False,False,False,False,False,False,True,False,False,True,True,False,True,False,False,False,False,True,True,True,False,False,False,False,False,False,False,False,0,0,0,0
814,2026-09-25T11:42:58.472535+00:00,2026-09-25T13:12:03.805445+00:00,122.007,False,False,False,False,True,False,True,False,True,False,False,False,False,False,False,False,False,False,True,False,False,False,False,False,True,True,False,False,False,True,False,False,False,False,False,False,False,False,True,True,False,False,False,True,True,True,False,False,False,False,False,False,False,False,False,False,False,True,False,False,True,True,False,True,False,False,False,False,True,True,True,False,False,False,False,False,False,False,False,0,0,0,0
815,2026-09-25T11:42:58.939918+00:00,2026-09-25T13:12:04.203468+00:00,98.006,False,False,False,False,True,False,True,False,True,True,False,False,False,False,False,False,False,False,False,False,False,False,False,False,True,True,False,False,False,True,False,False,False,False,False,False,False,False,True,True,False,False,False,True,True,True,False,False,False,False,False,False,False,False,False,False,False,True,False,False,True,True,False,True,False,False,False,False,True,True,True,False,False,False,False,False,False,False,False,0,0,0,0
816,2026-09-25T11:42:59.363435+00:00,2026-09-25T13:12:04.643493+00:00,84.005,False,False,False,False,True,False,True,False,True,True,False,False,False,False,False,False,False,False,False,False,False,False,False,False,True,True,False,False,False,True,False,False,False,False,False,False,False,False,True,True,False,False,False,True,True,True,False,False,False,False,False,False,False,False,False,False,False,True,False,False,True,True,False,True,False,False,False,False,True,True,True,False,False,False,False,False,False,False,False,0,0,0,0
817,2026-09-25T11:42:59.746615+00:00,2026-09-25T13:12:05.081518+00:00,117.007,False,False,False,False,True,False,True,False,True,True,False,False,False,False,False,False,False,False,False,False,False,False,False,False,True,True,False,False,False,True,False,False,False,False,False,False,False,False,True,True,False,False,False,True,True,True,False,False,False,False,False,False,False,False,False,False,False,True,False,False,True,True,False,True,False,False,False,False,True,True,True,False,False,False,False,False,False,False,False,0,0,0,0
818,2026-09-25T11:43:00.190082+00:00,2026-09-25T13:12:05.479541+00:00,104.006,False,False,False,True,True,False,True,False,True,False,False,False,True,False,False,False,False,False,False,False,False,False,False,False,True,True,False,False,False,True,False,False,False,False,False,False,False,False,True,True,False,False,False,True,True,True,False,False,False,False,False,False,False,False,False,False,False,True,False,False,True,True,False,True,False,False,False,False,True,True,True,False,False,False,False,False,False,False,False,0,0,0,0
819,2026-09-25T11:43:00.561749+00:00,2026-09-25T13:12:05.875563+00:00,89.005,False,False,False,True,True,False,True,False,True,False,False,False,True,False,False,False,False,False,False,False,False,False,False,False,True,True,False,False,True,True,False,False,False,False,True,False,False,False,False,False,False,False,False,True,True,True,False,False,False,False,False,False,False,False,False,False,False,True,False,False,True,True,False,True,False,False,False,False,True,True,True,False,False,False,False,False,False,False,False,0,0,0,0
820,2026-09-25T11:43:00.999086+00:00,2026-09-25T13:12:06.260585+00:00,100.005,False,False,False,True,True,False,True,False,True,False,False,False,True,False,False,False,False,False,False,False,False,False,False,False,True,True,False,False,True,True,False,False,False,False,True,False,False,False,False,True,True,False,False,True,True,True,False,False,False,False,False,False,False,False,False,False,False,True,False,False,True,True,False,True,False,False,False,False,True,True,True,False,False,False,False,False,False,False,False,0,0,0,0
821,2026-09-25T11:43:01.365802+00:00,2026-09-25T13:12:06.684610+00:00,90.006,False,False,False,True,True,False,True,False,True,False,False,False,True,False,False,False,False,False,False,False,False,False,False,False,True,True,False,False,True,True,False,False,False,False,True,False,False,False,False,False,False,False,False,True,True,True,False,False,False,False,False,False,False,False,False,False,False,True,False,False,True,True,False,True,False,False,False,False,True,True,True,False,False,False,False,False,False,False,False,0,0,0,0
822,2026-09-25T11:43:01.738701+00:00,2026-09-25T13:12:07.047630+00:00,89.005,False,False,False,False,True,False,True,False,True,True,False,False,False,False,False,False,False,False,False,False,False,False,False,False,True,True,False,False,True,True,False,False,False,False,True,False,False,False,False,True,True,False,False,True,True,True,False,False,False,False,False,False,False,False,False,False,False,True,False,False,True,True,False,True,False,False,False,False,True,True,True,False,False,False,False,False,False,False,False,0,0,0,0
823,2026-09-25T11:43:02.137787+00:00,2026-09-25T13:12:07.426652+00:00,93.00500000000001,False,True,False,False,True,False,True,False,True,False,False,False,False,False,False,False,False,False,True,False,False,False,True,False,True,True,False,False,True,True,False,False,False,False,True,False,False,False,False,False,False,False,False,True,True,True,False,False,False,False,False,False,False,False,False,False,False,True,False,False,True,True,False,True,False,False,False,False,True,True,True,False,False,False,False,False,False,False,False,0,0,0,0
824,2026-09-25T11:43:02.494099+00:00,2026-09-25T13:12:07.820675+00:00,87.005,False,True,False,False,True,False,True,False,True,False,False,False,False,False,False,False,False,False,True,False,False,False,True,False,True,True,False,False,True,True,False,False,False,False,True,False,False,False,False,True,True,False,False,True,True,True,False,False,False,False,False,False,False,False,False,False,False,True,False,False,True,True,False,True,False,False,False,False,True,True,True,False,False,False,False,False,False,False,False,0,0,0,0
825,2026-09-25T11:43:02.865471+00:00,2026-09-25T13:12:08.200696+00:00,86.005,False,True,False,False,True,False,True,False,True,False,False,True,False,False,False,False,False,False,True,False,False,False,False,False,True,True,False,False,True,True,False,False,False,False,True,False,False,False,False,False,False,False,False,True,True,True,False,False,False,False,False,False,False,False,False,False,False,True,False,False,True,True,False,True,False,False,False,False,True,True,True,False,False,False,True,False,False,False,False,0,0,0,0
826,2026-09-25T11:43:03.209877+00:00,2026-09-25T13:12:08.547716+00:00,88.005,False,True,False,False,True,False,True,False,True,False,False,True,False,False,False,False,False,False,True,False,False,False,False,False,True,True,False,False,True,True,False,False,False,False,True,False,False,False,False,False,False,False,False,True,True,True,False,False,False,False,False,False,False,False,False,False,False,True,False,False,True,True,False,True,False,False,False,False,True,True,True,False,False,False,True,False,False,False,False,0,0,0,0
827,2026-09-25T11:43:03.564272+00:00,2026-09-25T13:12:08.894736+00:00,90.005,False,True,False,False,True,False,True,False,True,False,False,True,False,False,False,False,False,False,True,False,False,False,False,False,True,True,False,False,True,True,False,False,False,False,True,False,False,False,False,True,True,False,False,True,True,True,False,False,False,False,False,False,False,False,False,False,False,True,False,False,True,True,False,True,False,False,False,False,True,True,True,False,False,False,True,False,False,False,False,0,0,0,0
828,2026-09-25T11:43:03.921448+00:00,2026-09-25T13:12:09.255757+00:00,98.006,False,True,False,False,True,False,True,False,True,False,False,True,False,False,False,False,False,False,True,False,False,False,False,False,True,True,False,False,True,True,False,False,False,False,True,False,False,False,False,False,False,False,False,True,True,True,False,False,False,False,False,False,False,False,False,False,False,True,False,False,True,True,False,True,False,False,False,False,True,True,True,False,False,False,True,False,False,False,False,1,0,0,0
829,2026-09-25T11:43:04.278001+00:00,2026-09-25T13:12:09.616777+00:00,88.005,False,True,False,False,True,False,True,False,True,False,False,True,False,False,False,False,False,False,True,False,False,False,False,True,True,True,False,False,True,True,False,False,False,False,False,False,True,False,False,False,True,False,True,True,False,False,False,False,False,True,False,True,False,False,False,False,True,True,False,True,True,True,False,True,False,False,False,False,False,True,True,False,False,False,True,False,False,False,False,0,63,0,61
830,2026-09-25T11:43:04.633217+00:00,2026-09-25T13:12:09.970798+00:00,96.006,False,True,False,False,True,False,True,False,True,False,False,True,False,False,False,False,False,False,True,False,False,False,False,True,True,True,False,False,True,True,False,False,False,False,False,False,True,False,False,False,True,True,False,True,False,False,False,False,False,True,False,True,False,False,False,False,False,False,True,False,True,True,False,True,False,False,False,False,False,True,True,False,False,False,True,False,False,False,False,0,136,0,131
831,2026-09-25T11:43:04.984845+00:00,2026-09-25T13:12:10.323818+00:00,90.005,False,False,False,False,True,False,True,False,True,False,True,False,False,False,False,False,False,False,False,False,False,False,False,True,True,True,False,False,False,True,False,False,False,False,False,False,False,True,False,False,True,False,False,True,False,False,False,False,False,False,False,True,False,False,False,False,True,False,True,False,True,True,False,True,False,False,False,False,False,False,True,False,False,False,True,False,False,False,False,0,175,0,201
832,2026-09-25T11:43:05.331783+00:00,2026-09-25T13:12:10.669837+00:00,90.005,False,False,False,True,True,False,True,False,True,False,True,False,False,False,False,False,False,False,False,False,False,False,False,True,True,True,False,False,False,True,False,False,False,False,False,False,False,True,False,False,True,False,False,True,False,False,False,False,False,False,False,True,False,False,False,False,True,False,True,False,True,True,False,True,False,False,False,False,True,True,True,False,False,False,True,False,False,False,False,0,175,0,270
833,2026-09-25T11:43:05.897206+00:00,2026-09-25T13:12:11.115863+00:00,135.00799999999998,False,False,False,False,True,False,True,False,True,False,True,False,False,False,False,False,False,False,False,False,False,False,False,True,True,True,False,False,False,True,False,False,False,False,False,False,False,True,False,False,True,False,False,True,False,False,False,False,False,False,False,True,False,False,False,False,True,False,False,True,True,True,False,True,False,False,False,False,False,True,True,False,False,False,True,False,False,False,False,1,175,0,359
834,2026-09-25T11:43:06.260780+00:00,2026-09-25T13:12:11.587890+00:00,97.006,False,False,False,False,True,False,True,False,True,False,True,False,False,False,False,False,False,False,False,False,False,False,False,True,True,True,False,False,False,True,False,False,False,False,False,False,False,True,False,False,True,False,False,True,False,False,False,False,False,False,False,True,False,False,False,False,True,False,True,False,True,True,False,True,False,False,False,False,True,True,True,False,False,False,True,False,False,False,False,0,175,0,453
835,2026-09-25T11:43:06.687593+00:00,2026-09-25T13:12:11.979912+00:00,111.006,False,False,False,False,True,False,True,False,True,False,False,False,False,False,False,False,False,False,False,False,False,False,False,True,False,True,False,False,False,True,False,False,False,False,False,False,False,True,False,False,True,False,False,True,False,False,False,False,False,False,False,True,False,False,False,False,True,False,True,False,True,True,False,True,False,False,False,False,True,True,True,False,False,False,True,False,False,False,False,28,175,0,531
836,2026-09-25T11:43:07.174419+00:00,2026-09-25T13:12:12.476941+00:00,190.01100000000002,False,False,False,False,True,False,True,False,True,False,False,False,False,False,False,False,False,False,False,False,False,False,False,True,False,True,False,False,False,True,False,False,False,False,False,False,False,True,False,False,True,False,False,True,False,False,False,False,False,False,False,True,False,False,False,False,True,False,False,True,True,True,False,True,False,False,False,False,False,True,True,False,False,False,True,False,False,False,False,0,175,0,631
837,2026-09-25T11:43:07.657781+00:00,2026-09-25T13:12:12.946968+00:00,101.006,False,False,False,False,True,False,True,False,True,False,False,False,False,False,False,False,False,False,False,False,False,False,False,True,False,True,False,False,False,True,False,False,False,False,False,False,False,True,False,False,True,False,False,True,False,False,False,False,False,False,False,True,False,False,False,False,True,False,True,False,True,True,False,True,False,False,False,False,True,True,True,False,False,False,True,False,False,False,False,0,175,0,725
838,2026-09-25T11:43:08.135821+00:00,2026-09-25T13:12:13.377992+00:00,120.006,False,False,False,False,True,False,True,False,True,False,False,False,False,False,False,False,False,False,False,False,False,False,False,True,False,True,False,False,False,True,False,False,False,False,False,False,False,True,False,False,True,False,False,True,False,False,False,False,False,False,False,True,False,False,False,False,True,False,False,True,True,True,False,True,False,False,False,False,False,True,False,False,False,False,True,False,False,False,False,0,175,0,811
839,2026-09-25T11:43:08.515382+00:00,2026-09-25T13:12:13.850019+00:00,118.006,False,False,False,False,True,False,True,False,True,False,False,False,False,False,False,False,False,False,False,False,False,False,False,True,False,True,False,True,False,True,False,True,False,False,False,False,False,False,False,False,True,True,False,True,False,False,False,False,False,False,False,True,False,False,False,False,True,False,False,False,True,True,False,True,False,False,False,False,True,True,True,False,False,False,False,True,True,False,False,0,175,0,905
840,2026-09-25T11:43:08.879691+00:00,2026-09-25T13:12:14.216040+00:00,106.006,False,False,False,False,True,False,True,False,True,False,False,False,False,False,False,False,False,False,False,False,False,False,False,True,True,True,False,True,False,True,False,True,False,False,False,False,False,False,False,False,True,True,False,True,False,False,False,False,False,False,False,True,False,False,False,False,True,False,False,False,True,True,False,True,False,False,False,False,True,True,True,False,False,False,False,False,False,False,False,0,175,0,977
841,2026-09-25T11:43:09.326725+00:00,2026-09-25T13:12:14.654065+00:00,179.01,False,False,False,False,True,False,True,False,True,False,False,False,False,False,False,False,False,False,False,False,False,False,False,True,True,False,False,True,False,True,False,False,False,False,False,False,False,False,False,False,True,True,False,True,False,False,False,False,False,False,False,True,False,False,False,False,True,False,False,False,True,True,False,True,False,False,False,False,True,True,True,False,False,False,False,False,False,False,False,0,175,0,1065
842,2026-09-25T11:43:09.733498+00:00,2026-09-25T13:12:15.014086+00:00,94.00500000000001,False,False,False,False,True,False,True,False,True,False,False,False,False,False,False,False,False,False,False,False,False,False,False,True,True,False,False,True,False,True,False,False,False,False,False,False,False,False,False,False,True,True,False,True,False,False,False,False,False,False,False,True,False,False,False,False,True,False,True,False,True,True,False,True,False,False,False,False,True,True,True,False,False,False,False,False,False,False,False,0,175,0,1136
843,2026-09-25T11:43:10.207246+00:00,2026-09-25T13:12:15.485113+00:00,138.00799999999998,False,False,False,False,True,False,True,False,True,False,False,False,False,False,False,False,False,False,False,False,False,False,False,True,True,False,False,True,False,True,False,False,False,False,False,False,False,False,False,False,True,True,False,True,False,False,False,False,False,False,False,True,False,False,False,False,True,False,False,True,True,True,False,True,False,False,False,False,True,True,True,False,False,False,False,False,False,False,False,0,175,0,1230
844,2026-09-25T11:43:10.565040+00:00,2026-09-25T13:12:15.899137+00:00,94.006,False,False,False,False,True,False,True,False,True,False,False,False,False,False,False,False,False,False,False,False,False,False,False,True,True,False,False,True,False,True,False,False,False,False,False,False,False,False,False,False,True,True,False,True,False,False,False,False,False,False,False,True,False,False,False,False,True,False,False,True,True,True,False,True,False,False,False,False,True,True,True,False,False,False,False,False,False,False,False,1,175,0,1312
845,2026-09-25T11:43:10.960418+00:00,2026-09-25T13:12:16.271158+00:00,105.006,False,False,False,False,True,False,True,False,True,False,False,False,False,False,False,False,False,False,False,False,False,False,False,True,True,False,False,True,False,True,False,False,False,False,False,False,False,False,False,False,True,True,False,True,False,False,False,False,False,False,False,False,False,False,False,False,True,False,False,True,True,True,False,True,False,False,False,False,True,True,True,False,False,False,False,False,False,False,False,0,0,0,0
846,2026-09-25T11:43:11.361072+00:00,2026-09-25T13:12:16.693182+00:00,93.00500000000001,False,False,False,False,True,False,True,False,True,False,False,False,False,False,False,False,False,False,False,False,False,False,False,True,True,False,False,True,False,True,False,False,False,False,False,False,False,False,False,False,True,True,False,True,False,False,False,False,False,False,False,False,False,False,False,False,True,False,False,True,True,True,False,True,False,False,False,False,True,True,True,False,False,False,False,False,False,False,False,0,0,0,0
847,2026-09-25T11:43:11.796137+00:00,2026-09-25T13:12:17.059203+00:00,94.00500000000001,False,False,False,False,True,False,True,False,True,False,False,False,False,False,False,False,False,False,False,False,False,False,False,True,True,False,False,True,False,True,False,False,False,False,False,False,False,False,False,False,True,True,False,True,False,False,False,False,False,False,False,False,False,False,False,False,True,False,False,True,True,True,False,True,False,False,False,False,True,True,True,False,False,False,False,False,False,False,False,0,0,1,0
848,2026-09-25T11:43:12.143373+00:00,2026-09-25T13:12:17.479227+00:00,90.005,False,False,False,False,True,False,True,False,True,False,False,False,False,False,False,False,False,False,True,False,False,True,False,True,True,False,False,True,False,True,False,False,False,False,False,False,False,False,False,False,True,True,False,False,False,False,False,True,False,False,False,False,False,False,True,False,True,False,False,True,True,True,False,True,False,False,False,False,True,True,True,False,False,False,False,False,False,False,False,0,0,88,0
849,2026-09-25T11:43:12.535388+00:00,2026-09-25T13:12:17.870249+00:00,92.00500000000001,False,False,False,False,True,False,True,False,True,False,False,False,False,False,False,False,False,False,True,False,False,True,False,True,True,False,False,True,False,True,False,False,False,False,False,False,False,False,False,False,True,True,False,False,False,False,True,False,False,False,False,False,True,True,True,False,True,False,False,True,True,True,False,True,False,False,False,False,True,True,True,False,False,False,False,False,False,False,False,0,0,0,0
850,2026-09-25T11:43:12.892707+00:00,2026-09-25T13:12:18.230270+00:00,95.006,False,False,False,False,True,False,True,False,True,False,False,False,False,False,False,False,False,False,True,False,False,True,False,True,True,False,False,True,False,True,False,False,False,False,False,False,False,False,False,False,True,True,False,False,False,False,True,False,False,False,False,False,True,True,True,False,True,False,False,True,True,True,False,True,False,False,False,False,True,True,True,False,False,False,False,False,False,False,False,0,0,0,0
851,2026-09-25T11:43:13.343187+00:00,2026-09-25T13:12:18.649294+00:00,92.00500000000001,False,False,False,False,True,False,True,False,True,False,False,False,False,False,False,False,False,False,True,False,False,True,False,True,True,False,False,True,False,True,False,False,False,False,False,False,False,False,False,False,True,True,False,False,False,False,True,False,False,False,False,False,True,True,False,False,True,False,False,True,True,True,False,True,False,False,False,False,True,True,True,False,False,False,False,False,False,False,False,0,0,0,0
852,2026-09-25T11:43:13.801399+00:00,2026-09-25T13:12:19.036316+00:00,99.006,False,False,False,False,True,False,True,False,True,False,False,False,False,True,False,False,False,False,True,False,False,True,False,True,True,False,False,True,False,True,False,False,False,False,False,False,False,False,False,False,True,True,False,True,False,False,False,False,True,False,False,False,True,True,True,False,True,False,False,True,True,True,False,True,False,False,False,False,True,True,True,False,False,False,False,False,False,False,False,0,0,0,0
853,2026-09-25T11:43:14.241661+00:00,2026-09-25T13:12:19.487342+00:00,91.005,False,False,False,False,True,False,False,False,True,False,False,False,False,True,False,False,False,False,True,False,False,True,False,True,True,False,False,True,False,True,False,False,False,False,False,False,False,False,False,False,True,True,False,True,False,False,False,False,True,False,False,False,True,True,True,False,False,True,False,True,True,True,False,True,False,False,False,False,True,True,True,False,False,False,False,False,False,False,False,0,0,0,0
854,2026-09-25T11:43:14.604065+00:00,2026-09-25T13:12:19.926367+00:00,89.005,False,False,False,False,True,False,False,False,True,False,False,False,False,True,False,False,False,False,True,False,False,True,False,True,True,True,False,True,False,True,False,False,True,False,False,False,False,False,False,False,True,True,False,True,False,False,False,False,False,True,True,False,True,True,True,False,True,True,True,True,True,True,False,True,False,False,False,False,True,True,True,False,False,False,False,False,False,False,False,0,56,0,62
855,2026-09-25T11:43:15.001391+00:00,2026-09-25T13:12:20.320389+00:00,121.006,False,False,False,False,True,False,False,False,True,False,False,False,False,True,False,False,False,False,True,False,False,True,False,True,True,True,False,True,False,True,False,False,True,False,False,False,False,False,False,False,True,True,False,True,False,False,False,False,False,True,True,False,True,True,True,False,False,False,True,True,True,True,False,True,False,False,False,False,True,True,True,False,False,False,False,False,False,False,False,0,138,0,152
856,2026-09-25T11:43:15.360571+00:00,2026-09-25T13:12:20.697411+00:00,95.00500000000001,False,False,False,False,True,False,False,False,True,False,False,False,False,True,False,False,False,False,True,False,False,True,False,True,False,True,False,True,False,True,False,False,False,False,False,False,True,False,False,False,True,True,False,True,False,False,False,False,False,True,True,False,True,True,True,False,True,True,True,True,True,True,False,True,False,False,False,False,True,True,True,False,False,False,False,False,False,False,False,0,216,0,237
857,2026-09-25T11:43:15.833411+00:00,2026-09-25T13:12:21.163438+00:00,92.006,False,False,False,False,True,True,False,False,True,False,False,False,False,False,False,False,False,False,False,False,False,False,False,True,False,True,False,True,False,True,False,False,False,False,False,False,False,False,True,False,True,False,False,True,False,False,False,False,False,True,True,False,True,True,True,False,False,False,False,False,True,True,False,True,False,False,False,False,True,True,True,False,False,False,False,False,False,False,False,0,312,0,343
858,2026-09-25T11:43:16.292667+00:00,2026-09-25T13:12:21.541459+00:00,105.006,False,False,False,False,True,True,False,False,True,False,False,False,False,False,False,False,False,True,False,False,False,False,False,True,False,True,False,False,False,True,False,False,False,False,False,False,False,False,True,False,True,False,False,True,False,False,False,False,False,True,True,False,True,True,True,False,False,False,True,True,True,True,False,True,False,False,False,False,True,True,True,False,False,False,False,False,False,False,False,0,390,0,430
858,2026-09-25T11:43:16.292667+00:00,2026-09-25T13:12:21.541459+00:00,105.006,False,False,False,False,True,True,False,False,True,False,False,False,False,False,False,False,False,True,False,False,False,False,False,True,False,True,False,False,False,True,False,False,False,False,False,False,False,False,True,False,True,False,False,True,False,False,False,False,False,True,True,False,True,True,True,False,False,False,True,True,True,True,False,True,False,False,False,False,True,True,True,False,False,False,False,False,False,False,False,0,390,0,430
859,2026-09-25T11:43:16.676772+00:00,2026-09-25T13:12:22.008486+00:00,109.006,False,False,False,False,True,True,False,False,True,False,False,False,False,False,False,False,False,True,False,False,False,False,False,True,True,True,False,False,False,True,False,False,False,False,False,False,False,False,True,False,True,False,False,True,False,False,False,False,False,True,False,False,True,True,True,False,True,True,False,True,True,True,False,True,False,False,False,False,True,True,True,False,False,False,False,False,False,False,False,0,487,0,457
860,2026-09-25T11:43:17.050834+00:00,2026-09-25T13:12:22.385508+00:00,115.007,False,False,False,False,True,True,False,False,True,False,False,False,False,False,False,False,False,True,False,False,False,False,False,True,True,True,False,False,False,True,False,False,False,False,False,False,False,False,True,False,True,False,False,True,False,False,False,False,False,True,False,False,True,True,True,False,False,False,False,True,True,True,False,True,False,False,False,False,True,True,True,False,False,False,False,False,False,False,False,0,565,0,457
861,2026-09-25T11:43:17.488881+00:00,2026-09-25T13:12:22.825533+00:00,180.011,False,False,False,False,True,True,False,False,True,False,False,False,False,False,False,False,False,True,False,False,False,False,False,True,True,True,False,False,False,True,False,False,False,False,False,False,False,False,True,False,True,False,False,True,False,False,False,False,False,True,False,False,True,True,True,False,True,True,False,True,True,True,False,True,False,False,False,False,True,True,True,False,False,False,False,False,False,False,False,0,656,0,457
862,2026-09-25T11:43:17.961651+00:00,2026-09-25T13:12:23.263558+00:00,92.00500000000001,False,False,False,False,True,True,False,False,True,False,False,False,False,False,False,False,False,True,False,False,False,False,False,True,True,True,False,False,False,True,False,False,False,False,False,False,False,False,True,False,True,False,False,True,False,False,False,False,False,True,False,False,True,True,True,False,False,True,False,True,True,True,False,True,False,False,False,False,True,True,True,False,False,False,False,False,False,False,False,0,747,0,457
863,2026-09-25T11:43:18.391247+00:00,2026-09-25T13:12:23.718584+00:00,95.006,False,False,False,False,True,True,False,False,True,False,False,False,False,False,False,False,False,True,False,False,False,False,False,True,True,True,False,False,False,True,False,False,False,False,False,False,False,False,True,False,True,False,False,True,False,False,False,False,False,True,False,False,True,True,True,False,True,True,False,True,True,True,False,True,False,False,False,False,True,True,True,False,False,False,False,False,False,False,False,0,839,0,457
864,2026-09-25T11:43:18.814819+00:00,2026-09-25T13:12:24.137608+00:00,147.00900000000001,False,False,False,False,True,True,False,False,True,False,False,False,False,False,False,False,False,True,False,False,False,False,False,True,True,True,False,False,False,True,False,False,False,False,False,False,False,False,True,False,True,False,False,False,False,False,False,True,False,False,False,False,True,True,True,True,False,False,False,True,True,True,False,True,False,False,False,False,True,True,True,False,False,False,False,False,False,False,False,0,0,54,0
865,2026-09-25T11:43:19.167805+00:00,2026-09-25T13:12:24.503629+00:00,93.006,False,False,False,False,True,True,False,False,True,False,False,False,False,False,False,False,False,True,False,False,False,False,False,True,True,True,False,False,True,True,False,False,False,False,False,False,True,False,False,False,True,False,False,False,False,False,False,True,False,False,False,False,True,True,False,False,False,False,False,True,True,True,False,True,False,False,False,False,True,True,True,False,False,False,False,False,False,False,False,0,0,133,0
866,2026-09-25T11:43:19.528918+00:00,2026-09-25T13:12:24.860649+00:00,100.006,False,False,False,False,True,True,False,False,True,False,False,False,False,False,False,False,False,True,False,False,False,False,False,True,True,True,False,False,True,True,False,False,False,False,False,False,True,False,False,False,True,False,True,False,False,False,False,True,False,False,False,False,True,True,False,True,False,False,False,True,True,True,False,True,False,False,False,False,True,True,True,False,False,False,False,False,False,False,False,0,0,209,0
867,2026-09-25T11:43:19.900662+00:00,2026-09-25T13:12:25.224670+00:00,100.006,False,False,False,False,True,True,False,False,True,False,False,False,False,False,False,False,False,True,False,False,False,False,False,True,True,True,False,False,True,True,False,False,False,False,False,False,True,False,False,False,True,False,True,False,False,False,False,True,False,False,False,False,True,True,True,True,False,False,False,True,True,True,False,True,False,False,False,False,True,True,True,False,False,False,False,False,False,False,False,0,0,287,0
868,2026-09-25T11:43:20.334573+00:00,2026-09-25T13:12:25.603692+00:00,96.006,False,False,False,False,True,True,False,False,True,False,False,False,False,False,False,False,False,True,False,False,False,False,False,True,True,True,False,False,True,True,False,False,False,False,False,False,True,False,False,False,True,False,True,False,False,False,False,True,False,False,False,False,True,True,False,False,False,False,False,True,True,True,False,True,False,False,False,False,True,True,True,False,False,False,False,False,False,False,False,0,0,368,0
869,2026-09-25T11:43:20.717481+00:00,2026-09-25T13:12:26.053717+00:00,84.00399999999999,False,False,False,False,True,True,False,False,False,False,False,False,False,False,False,False,False,True,False,False,False,False,False,True,True,True,False,False,True,True,False,False,False,False,False,False,True,False,False,False,True,False,True,False,False,False,False,True,False,False,False,False,True,True,False,False,False,False,False,True,True,True,False,True,False,False,False,False,True,True,True,False,False,False,False,False,False,False,False,0,0,465,0
870,2026-09-25T11:43:21.102496+00:00,2026-09-25T13:12:26.398737+00:00,89.005,False,False,False,False,True,True,False,False,False,False,False,False,False,False,False,False,False,True,False,False,False,False,False,True,True,True,False,False,True,True,False,False,False,False,False,False,True,False,False,False,True,True,False,False,False,False,True,False,False,False,False,False,False,False,False,False,False,False,False,True,True,True,False,True,False,False,False,False,True,True,True,False,False,False,False,False,False,False,False,0,0,0,0
871,2026-09-25T11:43:21.471681+00:00,2026-09-25T13:12:26.790760+00:00,93.006,False,False,False,False,True,True,False,False,True,False,False,False,False,False,True,False,False,False,True,False,False,True,False,True,True,True,False,False,True,True,False,False,False,False,False,False,True,False,False,False,True,False,True,False,False,False,True,False,True,False,False,False,False,False,False,True,True,False,False,True,True,True,False,True,False,False,False,False,True,True,True,False,False,False,False,False,False,False,False,0,0,0,0
872,2026-09-25T11:43:21.845253+00:00,2026-09-25T13:12:27.173781+00:00,94.00500000000001,False,False,False,False,True,False,False,False,True,False,False,False,False,False,True,False,False,False,True,False,False,True,False,True,True,True,False,False,True,True,False,False,False,False,False,False,True,False,False,False,True,True,False,False,False,False,True,False,True,False,False,False,False,False,False,False,False,False,False,True,True,True,False,True,False,False,False,False,True,True,True,False,False,False,False,False,False,False,False,0,0,0,0
873,2026-09-25T11:43:22.323824+00:00,2026-09-25T13:12:27.639808+00:00,176.01,False,False,False,False,True,False,False,False,True,False,False,False,False,False,True,False,False,False,True,False,False,True,False,True,True,True,False,False,True,True,False,False,False,False,False,False,True,False,False,False,True,False,True,False,False,False,True,False,True,False,False,False,False,False,False,False,False,False,False,True,True,True,False,True,False,False,False,False,True,True,True,False,False,False,False,False,False,False,False,0,0,0,0
874,2026-09-25T11:43:22.773912+00:00,2026-09-25T13:12:28.044831+00:00,105.006,False,False,False,False,True,False,False,False,True,False,False,False,False,False,True,False,False,False,True,False,False,True,False,False,True,True,False,False,True,True,False,False,False,True,False,True,False,False,False,False,True,False,True,False,False,False,True,False,True,False,False,False,False,False,True,False,True,False,False,True,True,True,False,True,False,False,False,False,True,True,True,False,False,False,False,False,False,False,False,0,0,0,0
875,2026-09-25T11:43:23.270149+00:00,2026-09-25T13:12:28.472856+00:00,102.006,False,False,False,False,True,False,False,False,True,False,False,False,False,False,True,False,False,False,True,False,False,True,False,False,True,True,False,False,True,True,False,False,False,True,False,True,False,False,False,False,True,False,False,False,False,False,True,False,True,False,False,False,False,False,False,False,True,False,False,True,True,True,False,True,False,False,False,False,True,True,True,False,False,False,False,False,False,False,False,0,0,0,0
876,2026-09-25T11:43:23.647867+00:00,2026-09-25T13:12:28.961884+00:00,99.006,False,False,False,False,False,False,True,False,True,False,False,False,False,False,False,True,False,False,False,False,False,False,False,False,True,True,False,False,True,True,False,False,False,True,False,True,False,False,False,False,True,False,False,False,False,False,True,False,True,False,False,False,False,False,False,True,True,False,False,True,True,True,False,True,False,False,False,False,True,True,True,False,False,False,False,False,False,False,False,0,0,0,0
877,2026-09-25T11:43:24.078628+00:00,2026-09-25T13:12:29.356906+00:00,104.006,False,False,False,False,False,False,True,False,True,False,False,False,False,False,False,True,False,False,False,False,False,False,False,False,True,True,False,False,True,True,False,False,False,True,False,True,False,False,False,True,True,False,False,True,False,False,False,False,True,False,False,False,False,False,False,False,True,False,False,True,True,True,False,True,False,False,False,False,True,True,True,False,False,False,False,False,False,False,False,0,0,0,0
878,2026-09-25T11:43:24.436141+00:00,2026-09-25T13:12:29.769930+00:00,94.00500000000001,False,False,False,False,False,False,True,False,True,False,False,False,False,False,False,True,False,False,False,False,False,False,False,False,True,True,False,False,True,True,False,False,False,True,False,True,False,False,False,True,False,True,True,True,False,False,False,False,True,False,False,False,False,False,False,False,False,True,False,True,True,True,False,True,False,False,False,False,True,True,True,False,False,False,False,False,False,False,False,0,0,0,0
879,2026-09-25T11:43:24.870070+00:00,2026-09-25T13:12:30.157952+00:00,126.007,False,False,False,False,False,False,True,False,True,False,False,False,False,False,False,False,False,False,False,False,False,False,False,False,True,True,False,False,True,True,False,False,False,False,False,False,False,False,False,True,False,True,False,True,False,False,False,False,False,False,False,False,False,False,False,False,False,False,False,True,True,True,False,True,False,False,False,False,True,True,True,False,False,False,False,False,False,False,False,0,0,0,0
880,2026-09-25T11:43:25.264907+00:00,2026-09-25T13:12:30.577976+00:00,110.006,False,False,False,False,False,False,True,False,True,False,False,False,False,False,False,False,False,False,False,False,False,False,False,False,True,True,False,False,True,True,False,False,False,False,False,False,False,False,False,True,False,True,False,True,False,False,False,False,False,False,False,False,False,False,False,False,False,False,False,True,True,True,False,True,False,False,False,False,True,True,True,False,False,False,False,False,False,False,False,0,0,0,0
881,2026-09-25T11:43:25.634242+00:00,2026-09-25T13:12:30.962998+00:00,98.005,False,False,False,False,False,False,True,False,True,False,False,False,False,False,False,False,False,False,False,False,False,False,False,False,True,True,False,False,True,True,False,False,False,False,False,False,False,False,False,True,False,True,False,True,False,False,False,False,False,False,False,False,False,False,False,False,False,False,False,True,True,True,False,True,False,False,False,False,True,True,True,False,False,False,False,False,False,False,False,1,0,0,0
882,2026-09-25T11:43:26.064792+00:00,2026-09-25T13:12:31.376022+00:00,90.005,False,False,False,False,False,False,True,False,True,False,False,False,False,False,False,False,False,False,False,False,False,False,False,False,True,True,False,False,True,True,False,False,False,False,False,False,False,False,False,True,False,True,False,True,False,False,False,False,False,False,False,False,False,False,False,False,False,False,False,True,True,True,False,True,False,False,False,False,True,True,True,False,False,False,False,False,False,False,False,0,0,0,0
883,2026-09-25T11:43:26.535188+00:00,2026-09-25T13:12:31.822047+00:00,160.00900000000001,False,False,False,False,False,False,True,False,True,False,False,False,False,False,False,False,False,False,False,False,False,False,False,False,True,True,False,False,True,True,False,False,False,False,False,False,False,False,False,True,False,True,False,True,False,False,False,False,False,False,False,False,False,False,False,False,False,False,False,True,True,True,False,True,False,False,False,False,True,True,True,False,False,False,False,False,False,False,False,0,0,0,0
884,2026-09-25T11:43:27.015643+00:00,2026-09-25T13:12:32.263073+00:00,107.007,False,False,False,False,False,False,True,False,True,False,False,False,False,False,False,False,False,False,False,False,False,False,False,False,True,True,False,False,True,True,False,False,False,False,False,False,False,False,False,True,False,True,False,True,False,False,False,False,False,False,False,False,False,False,False,False,False,False,False,True,True,True,False,True,False,False,False,False,True,True,True,False,False,False,False,False,False,False,False,0,0,0,0
885,2026-09-25T11:43:27.437057+00:00,2026-09-25T13:12:32.737100+00:00,127.00800000000001,False,False,False,False,False,False,True,False,True,False,False,False,False,False,False,False,False,False,False,False,False,False,False,False,True,True,False,False,True,True,False,False,False,False,False,False,False,False,False,True,False,True,False,True,False,False,False,False,False,False,False,False,False,False,False,False,False,False,False,True,True,True,False,True,False,False,False,False,True,True,True,False,False,False,False,False,False,False,False,0,0,0,0
886,2026-09-25T11:43:27.931414+00:00,2026-09-25T13:12:33.218127+00:00,186.01000000000002,False,False,False,False,False,False,True,False,True,False,False,False,False,False,False,False,False,False,False,False,False,False,False,False,True,True,False,False,True,True,False,False,False,False,False,False,False,False,False,True,False,True,False,True,False,False,False,False,False,False,False,False,False,False,False,False,False,False,False,True,True,True,False,True,False,False,False,False,True,True,True,False,False,False,False,False,False,False,False,0,0,0,0
887,2026-09-25T11:43:28.428124+00:00,2026-09-25T13:12:33.633151+00:00,106.006,False,False,False,False,False,False,True,False,True,False,False,False,False,False,False,False,False,False,False,False,False,False,False,False,True,True,False,False,True,True,False,False,False,False,False,False,False,False,False,True,False,True,False,True,False,False,False,False,False,False,False,False,False,False,False,False,False,False,False,True,True,True,False,True,False,False,False,False,True,True,True,False,False,False,False,False,False,False,False,0,0,0,0
888,2026-09-25T11:43:28.790514+00:00,2026-09-25T13:12:34.119179+00:00,93.006,False,False,False,False,False,False,True,False,True,False,False,False,False,False,False,False,False,False,False,False,False,False,False,False,True,True,False,False,True,True,False,False,False,False,False,False,False,False,False,True,False,True,False,True,False,False,False,False,False,False,False,False,False,False,False,False,False,False,False,True,True,True,False,True,False,False,False,False,True,True,True,False,False,False,False,False,False,False,False,0,0,0,0
889,2026-09-25T11:43:29.166932+00:00,2026-09-25T13:12:34.498200+00:00,84.00399999999999,False,False,False,False,False,False,True,False,True,False,False,False,False,False,False,False,False,False,False,False,False,False,False,False,True,True,False,False,True,True,False,False,False,False,False,False,False,False,False,True,False,True,False,True,False,False,False,False,False,False,False,False,False,False,False,False,False,False,False,True,True,True,False,True,False,False,False,False,True,True,True,False,False,False,False,False,False,False,False,0,0,0,0
890,2026-09-25T11:43:29.539351+00:00,2026-09-25T13:12:34.866221+00:00,96.005,False,False,False,False,False,False,True,False,True,False,False,False,False,False,False,False,False,False,False,False,False,False,False,False,True,True,False,False,True,True,False,False,False,False,False,False,False,False,False,True,False,True,False,True,False,False,False,False,False,False,False,False,False,False,False,False,False,False,False,True,True,True,False,True,False,False,False,False,True,True,True,False,False,False,False,False,False,False,False,0,0,0,0
891,2026-09-25T11:43:29.930832+00:00,2026-09-25T13:12:35.238243+00:00,105.006,False,False,False,False,False,False,True,False,True,False,False,False,False,False,False,False,False,False,False,False,False,False,False,False,True,True,False,False,True,True,False,False,False,False,False,False,False,False,False,True,False,True,False,True,False,False,False,False,False,False,False,False,False,False,False,False,False,False,False,True,True,True,False,True,False,False,False,False,True,True,True,False,False,False,False,False,False,False,False,0,0,0,0
891,2026-09-25T11:43:29.930832+00:00,2026-09-25T13:12:35.238243+00:00,105.006,False,False,False,False,False,False,True,False,True,False,False,False,False,False,False,False,False,False,False,False,False,False,False,False,True,True,False,False,True,True,False,False,False,False,False,False,False,False,False,True,False,True,False,True,False,False,False,False,False,False,False,False,False,False,False,False,False,False,False,True,True,True,False,True,False,False,False,False,True,True,True,False,False,False,False,False,False,False,False,0,0,0,0
892,2026-09-25T11:43:30.299903+00:00,2026-09-25T13:12:35.629265+00:00,102.006,False,False,False,False,False,False,True,False,True,False,False,False,False,False,False,False,False,False,False,False,False,False,False,False,True,True,False,False,True,True,False,False,False,False,False,False,False,False,False,True,False,True,False,True,False,False,False,False,False,False,False,False,False,False,False,False,False,False,False,True,True,True,False,True,False,False,False,False,True,True,True,False,False,False,False,False,False,False,False,0,0,0,0
893,2026-09-25T11:43:30.685258+00:00,2026-09-25T13:12:36.001286+00:00,105.006,False,False,False,False,False,False,True,False,True,False,False,False,False,False,False,False,False,False,False,False,False,False,False,False,True,True,False,False,True,True,False,False,False,False,False,False,False,False,False,True,False,True,False,True,False,False,False,False,False,False,False,False,False,False,False,False,False,False,False,True,True,True,False,True,False,False,False,False,True,True,True,False,False,False,False,False,False,False,False,0,0,0,0
894,2026-09-25T11:43:31.069623+00:00,2026-09-25T13:12:36.397309+00:00,90.005,False,False,False,False,False,False,True,False,True,False,False,False,False,False,False,False,False,False,False,False,False,False,False,False,True,True,False,False,True,True,False,False,False,False,False,False,False,False,False,True,False,True,False,True,False,False,False,False,False,False,False,False,False,False,False,False,False,False,False,True,True,True,False,True,False,False,False,False,True,True,True,False,False,False,False,False,False,False,False,0,0,0,0
894,2026-09-25T11:43:31.069623+00:00,2026-09-25T13:12:36.397309+00:00,90.005,False,False,False,False,False,False,True,False,True,False,False,False,False,False,False,False,False,False,False,False,False,False,False,False,True,True,False,False,True,True,False,False,False,False,False,False,False,False,False,True,False,True,False,True,False,False,False,False,False,False,False,False,False,False,False,False,False,False,False,True,True,True,False,True,False,False,False,False,True,True,True,False,False,False,False,False,False,False,False,0,0,0,0
895,2026-09-25T11:43:31.531256+00:00,2026-09-25T13:12:36.857335+00:00,96.005,False,False,False,False,False,False,True,False,True,False,False,False,False,False,False,False,False,False,False,False,False,False,False,False,True,True,False,False,True,True,False,False,False,False,False,False,False,False,False,True,False,True,False,True,False,False,False,False,False,False,False,False,False,False,False,False,False,False,False,True,True,True,False,True,False,False,False,False,True,True,True,False,False,False,False,False,False,False,False,0,0,0,0
896,2026-09-25T11:43:31.981812+00:00,2026-09-25T13:12:37.211356+00:00,87.005,False,False,False,False,False,False,True,False,True,False,False,False,False,False,False,False,False,False,False,False,False,False,False,False,True,True,False,False,True,True,False,False,False,False,False,False,False,False,False,True,False,True,False,True,False,False,False,False,False,False,False,False,False,False,False,False,False,False,False,True,True,True,False,True,False,False,False,False,True,True,True,False,False,False,False,False,False,False,False,0,0,0,0
897,2026-09-25T11:43:32.384975+00:00,2026-09-25T13:12:37.673382+00:00,95.00500000000001,False,False,False,False,False,False,True,False,True,False,False,False,False,False,False,False,False,False,False,False,False,False,False,False,True,True,False,False,True,True,False,False,False,False,False,False,False,False,False,True,False,True,False,True,False,False,False,False,False,False,False,False,False,False,False,False,False,False,False,True,True,True,False,True,False,False,False,False,True,True,True,False,False,False,False,False,False,False,False,1,0,0,0
898,2026-09-25T11:43:32.858632+00:00,2026-09-25T13:12:38.191412+00:00,115.007,False,False,False,False,False,False,True,False,True,False,False,False,False,False,False,False,False,False,False,False,False,False,False,False,True,True,False,False,True,True,False,False,False,False,False,False,False,False,False,True,False,True,False,True,False,False,False,False,False,False,False,False,False,False,False,False,False,False,False,True,True,True,False,True,False,False,False,False,True,True,True,False,False,False,False,False,False,False,False,0,0,0,0
898,2026-09-25T11:43:32.858632+00:00,2026-09-25T13:12:38.191412+00:00,115.007,False,False,False,False,False,False,True,False,True,False,False,False,False,False,False,False,False,False,False,False,False,False,False,False,True,True,False,False,True,True,False,False,False,False,False,False,False,False,False,True,False,True,False,True,False,False,False,False,False,False,False,False,False,False,False,False,False,False,False,True,True,True,False,True,False,False,False,False,True,True,True,False,False,False,False,False,False,False,False,0,0,0,0
899,2026-09-25T11:43:33.267975+00:00,2026-09-25T13:12:38.597435+00:00,83.005,False,False,False,False,False,False,True,False,True,False,False,False,False,False,False,False,False,False,False,False,False,False,False,False,True,True,False,False,True,True,False,False,False,False,False,False,False,False,False,True,False,True,False,True,False,False,False,False,False,False,False,False,False,False,False,False,False,False,False,True,True,True,False,True,False,False,False,False,True,True,True,False,False,False,False,False,False,False,False,1,0,0,0
900,2026-09-25T11:43:33.707317+00:00,2026-09-25T13:12:39.003458+00:00,113.006,False,False,False,False,False,False,True,False,True,False,False,False,False,False,False,False,False,False,False,False,False,False,False,False,True,True,False,False,True,True,False,False,False,False,False,False,False,False,False,True,False,True,False,True,False,False,False,False,False,False,False,False,False,False,False,False,False,False,False,True,True,True,False,True,False,False,False,False,True,True,True,False,False,False,False,False,False,False,False,0,0,0,0
900,2026-09-25T11:43:33.707317+00:00,2026-09-25T13:12:39.003458+00:00,113.006,False,False,False,False,False,False,True,False,True,False,False,False,False,False,False,False,False,False,False,False,False,False,False,False,True,True,False,False,True,True,False,False,False,False,False,False,False,False,False,True,False,True,False,True,False,False,False,False,False,False,False,False,False,False,False,False,False,False,False,True,True,True,False,True,False,False,False,False,True,True,True,False,False,False,False,False,False,False,False,0,0,0,0
901,2026-09-25T11:43:34.218674+00:00,2026-09-25T13:12:39.453484+00:00,147.00900000000001,False,False,False,False,False,False,True,False,True,False,False,False,False,False,False,False,False,False,False,False,False,False,False,False,True,True,False,False,True,True,False,False,False,False,False,False,False,False,False,True,False,True,False,True,False,False,False,False,False,False,False,False,False,False,False,False,False,False,False,True,True,True,False,True,False,False,False,False,True,True,True,False,False,False,False,False,False,False,False,0,0,0,0
902,2026-09-25T11:43:34.578245+00:00,2026-09-25T13:12:39.910510+00:00,99.006,False,False,False,False,False,False,True,False,True,False,False,False,False,False,False,False,False,False,False,False,False,False,False,False,True,True,False,False,True,True,False,False,False,False,False,False,False,False,False,True,False,True,False,True,False,False,False,False,False,False,False,False,False,False,False,False,False,False,False,True,True,True,False,True,False,False,False,False,True,True,True,False,False,False,False,False,False,False,False,0,0,0,0
903,2026-09-25T11:43:34.929694+00:00,2026-09-25T13:12:40.264530+00:00,94.00500000000001,False,False,False,False,False,False,True,False,True,False,False,False,False,False,False,False,False,False,False,False,False,False,False,False,True,True,False,False,True,True,False,False,False,False,False,False,False,False,False,True,False,True,False,True,False,False,False,False,False,False,False,False,False,False,False,False,False,False,False,True,True,True,False,True,False,False,False,False,True,True,True,False,False,False,False,False,False,False,False,0,0,0,0
904,2026-09-25T11:43:35.291559+00:00,2026-09-25T13:12:40.628551+00:00,106.006,False,False,False,False,False,False,True,False,True,False,False,False,False,False,False,False,False,False,False,False,False,False,False,False,True,True,False,False,True,True,False,False,False,False,False,False,False,False,False,True,False,True,False,True,False,False,False,False,False,False,False,False,False,False,False,False,False,False,False,True,True,True,False,True,False,False,False,False,True,True,True,False,False,False,False,False,False,False,False,0,0,0,0
905,2026-09-25T11:43:35.643725+00:00,2026-09-25T13:12:40.979571+00:00,95.00500000000001,False,False,False,False,False,False,True,False,True,False,False,False,False,False,False,False,False,False,False,False,False,False,False,False,True,True,False,False,True,True,False,False,False,False,False,False,False,False,False,True,False,True,False,True,False,False,False,False,False,False,False,False,False,False,False,False,False,False,False,True,True,True,False,True,False,False,False,False,True,True,True,False,False,False,False,False,False,False,False,0,0,0,0
906,2026-09-25T11:43:36.152108+00:00,2026-09-25T13:12:41.339592+00:00,103.006,False,False,False,False,False,False,True,False,True,False,False,False,False,False,False,False,False,False,False,False,False,False,False,False,True,True,False,False,True,True,False,False,False,False,False,False,False,False,False,True,False,True,False,True,False,False,False,False,False,False,False,False,False,False,False,False,False,False,False,True,True,True,False,True,False,False,False,False,True,True,True,False,False,False,False,False,False,False,False,0,0,0,0
907,2026-09-25T11:43:36.513153+00:00,2026-09-25T13:12:41.848621+00:00,104.006,False,False,False,False,False,False,True,False,True,False,False,False,False,False,False,False,False,False,False,False,False,False,False,False,True,True,False,False,True,True,False,False,False,False,False,False,False,False,False,True,False,True,False,True,False,False,False,False,False,False,False,False,False,False,False,False,False,False,False,True,True,True,False,True,False,False,False,False,True,True,True,False,False,False,False,False,False,False,False,0,0,0,0
908,2026-09-25T11:43:36.967149+00:00,2026-09-25T13:12:42.246644+00:00,132.00799999999998,False,False,False,False,False,False,True,False,True,False,False,False,False,False,False,False,False,False,False,False,False,False,False,False,True,True,False,False,True,True,False,False,False,False,False,False,False,False,False,True,False,True,False,True,False,False,False,False,False,False,False,False,False,False,False,False,False,False,False,True,True,True,False,True,False,False,False,False,True,True,True,False,False,False,False,False,False,False,False,0,0,0,0
909,2026-09-25T11:43:37.328573+00:00,2026-09-25T13:12:42.665668+00:00,103.006,False,False,False,False,False,False,True,False,True,False,False,False,False,False,False,False,False,False,False,False,False,False,False,False,True,True,False,False,True,True,False,False,False,False,False,False,False,False,False,True,False,True,False,True,False,False,False,False,False,False,False,False,False,False,False,False,False,False,False,True,True,True,False,True,False,False,False,False,True,True,True,False,False,False,False,False,False,False,False,0,0,0,0
910,2026-09-25T11:43:37.769961+00:00,2026-09-25T13:12:43.071691+00:00,151.00900000000001,False,False,False,False,False,False,True,False,True,False,False,False,False,False,False,False,False,False,False,False,False,False,False,False,True,True,False,False,True,True,False,False,False,False,False,False,False,False,False,True,False,True,False,True,False,False,False,False,False,False,False,False,False,False,False,False,False,False,False,True,True,True,False,True,False,False,False,False,True,True,True,False,False,False,False,False,False,False,False,0,0,0,0
911,2026-09-25T11:43:38.378326+00:00,2026-09-25T13:12:43.611722+00:00,241.014,False,False,False,False,False,False,True,False,True,False,False,False,False,False,False,False,False,False,False,False,False,False,False,False,True,True,False,False,True,True,False,False,False,False,False,False,False,False,False,True,False,True,False,True,False,False,False,False,False,False,False,False,False,False,False,False,False,False,False,True,True,True,False,True,False,False,False,False,True,True,True,False,False,False,False,False,False,False,False,1,0,0,0
912,2026-09-25T11:43:38.752902+00:00,2026-09-25T13:12:44.064748+00:00,90.006,False,False,False,False,False,False,True,False,True,False,False,False,False,False,False,False,False,False,False,False,False,False,False,False,True,True,False,False,True,True,False,False,False,False,False,False,False,False,False,True,False,True,False,True,False,False,False,False,False,False,False,False,False,False,False,False,False,False,False,True,True,True,False,True,False,False,False,False,True,True,True,False,False,False,False,False,False,False,False,0,0,0,0
913,2026-09-25T11:43:39.172994+00:00,2026-09-25T13:12:44.478771+00:00,134.00699999999998,False,False,False,False,False,False,True,False,True,False,False,False,False,False,False,False,False,False,False,False,False,False,False,False,True,True,False,False,True,True,False,False,False,False,False,False,False,False,False,True,False,True,False,True,False,False,False,False,False,False,False,False,False,False,False,False,False,False,False,True,True,True,False,True,False,False,False,False,True,True,True,False,False,False,False,False,False,False,False,0,0,0,0
914,2026-09-25T11:43:39.554054+00:00,2026-09-25T13:12:44.885795+00:00,95.006,False,False,False,False,False,False,True,False,True,False,False,False,False,False,False,False,False,False,False,False,False,False,False,False,True,True,False,False,True,True,False,False,False,False,False,False,False,False,False,True,False,True,False,True,False,False,False,False,False,False,False,False,False,False,False,False,False,False,False,True,True,True,False,True,False,False,False,False,True,True,True,False,False,False,False,False,False,False,False,0,0,0,0
915,2026-09-25T11:43:40.031670+00:00,2026-09-25T13:12:45.362822+00:00,91.005,False,False,False,False,False,False,True,False,True,False,False,False,False,False,False,False,False,False,False,False,False,False,False,False,True,True,False,False,True,True,False,False,False,False,False,False,False,False,False,True,False,True,False,True,False,False,False,False,False,False,False,False,False,False,False,False,False,False,False,True,True,True,False,True,False,False,False,False,True,True,True,False,False,False,False,False,False,False,False,0,0,0,0
916,2026-09-25T11:43:40.477224+00:00,2026-09-25T13:12:45.755844+00:00,113.006,False,False,False,False,False,False,True,False,True,False,False,False,False,False,False,False,False,False,False,False,False,False,False,False,True,True,False,False,True,True,False,False,False,False,False,False,False,False,False,True,False,True,False,True,False,False,False,False,False,False,False,False,False,False,False,False,False,False,False,True,True,True,False,True,False,False,False,False,True,True,True,False,False,False,False,False,False,False,False,0,0,0,0
917,2026-09-25T11:43:40.887804+00:00,2026-09-25T13:12:46.190869+00:00,102.006,False,False,False,False,False,False,True,False,True,False,False,False,False,False,False,False,False,False,False,False,False,False,False,False,True,True,False,False,True,True,False,False,False,False,False,False,False,False,False,True,False,True,False,True,False,False,False,False,False,False,False,False,False,False,False,False,False,False,False,True,True,True,False,True,False,False,False,False,True,True,True,False,False,False,False,False,False,False,False,0,0,0,0
918,2026-09-25T11:43:41.255020+00:00,2026-09-25T13:12:46.576891+00:00,98.005,False,False,False,False,False,False,True,False,True,False,False,False,False,False,False,False,False,False,False,False,False,False,False,False,True,True,False,False,True,True,False,False,False,False,False,False,False,False,False,True,False,True,False,True,False,False,False,False,False,False,False,False,False,False,False,False,False,False,False,True,True,True,False,True,False,False,False,False,True,True,True,False,False,False,False,False,False,False,False,0,0,0,0
919,2026-09-25T11:43:41.682139+00:00,2026-09-25T13:12:46.942912+00:00,94.00500000000001,False,False,False,False,False,False,True,False,True,False,False,False,False,False,False,False,False,False,False,False,False,False,False,False,True,True,False,False,True,True,False,False,False,False,False,False,False,False,False,True,False,True,False,True,False,False,False,False,False,False,False,False,False,False,False,False,False,False,False,True,True,True,False,True,False,False,False,False,True,True,True,False,False,False,False,False,False,False,False,0,0,0,0
920,2026-09-25T11:43:42.043661+00:00,2026-09-25T13:12:47.364936+00:00,91.005,False,False,False,False,False,False,True,False,True,False,False,False,False,False,False,False,False,False,False,False,False,False,False,False,True,True,False,False,True,True,False,False,False,False,False,False,False,False,False,True,False,True,False,True,False,False,False,False,False,False,False,False,False,False,False,False,False,False,False,True,True,True,False,True,False,False,False,False,True,True,True,False,False,False,False,False,False,False,False,0,0,0,0
