snapshot_id,timestamp,source_timestamp_reference,sync_spread_ms,ms.turntable.transfer,ms.turntable.conveyor,ms.sensor.conveyor,ms.turntable.saw,ms.transfer.turntable,ms.oven.slider_inside,ms.oven.slider_outside,ms.transfer.oven,ms.sensor.oven,ms.motor.turntable_cw,ms.motor.turntable_ccw,ms.motor.conveyor,ms.motor.saw,ms.motor.slider_in,ms.motor.slider_out,ms.motor.transfer_oven,ms.motor.transfer_turntable,ms.process.burn,ms.air.compressor,ms.valve.vacuum,ms.valve.transfer,ms.valve.oven_door,ms.valve.ejector,hbw.ref.horizontal,hbw.sensor.inside,hbw.sensor.outside,hbw.ref.vertical,hbw.ref.cantilever_front,hbw.ref.cantilever_back,hbw.sensor.trail_bottom,hbw.sensor.trail_top,hbw.motor.conveyor_forward,hbw.motor.conveyor_backward,hbw.motor.crane_rack,hbw.motor.crane_conveyor,hbw.motor.crane_down,hbw.motor.crane_up,hbw.motor.cantilever_forward,hbw.motor.cantilever_backward,hbw.encoder.horizontal1,hbw.encoder.horizontal2,hbw.encoder.vertical1,hbw.encoder.vertical2,c.ref.vertical,c.ref.horizontal,c.ref.rotate,c.motor.up,c.motor.down,c.motor.backward,c.motor.forward,c.motor.cw,c.motor.ccw,c.air.compressor,c.valve.vacuum,c.encoder.vertical1,c.encoder.vertical2,c.encoder.horizontal1,c.encoder.horizontal2,c.encoder.rotate1,c.encoder.rotate2,pm.sensor.entry,pm.sensor.tool,pm.ref.top,pm.ref.bottom,pm.motor.conveyor_forward,pm.motor.conveyor_backward,pm.motor.tool_up,pm.motor.tool_down,sl.sensor.pulse,sl.sensor.before_color,sl.sensor.after_color,sl.sensor.white,sl.sensor.red,sl.sensor.blue,sl.motor.conveyor,sl.air.compressor,sl.valve.white,sl.valve.red,sl.valve.blue,sl.sensor.color_value,local.crane_coord_h,local.crane_coord_v,local.crane_coord_r
271,2026-09-25T11:17:55.976128+00:00,2026-09-25T12:47:01.398512+00:00,98.005,True,False,False,False,False,False,True,False,True,False,False,False,False,False,False,False,True,False,True,True,False,False,False,False,True,True,False,False,False,True,False,False,False,False,False,False,False,True,False,True,True,True,False,True,True,True,False,False,False,False,False,False,False,False,False,False,False,True,False,True,True,True,False,True,False,False,False,False,True,True,True,False,True,True,False,False,False,False,False,0,0,0,0
272,2026-09-25T11:17:56.480694+00:00,2026-09-25T12:47:01.802535+00:00,148.008,True,False,False,False,False,False,True,False,True,False,False,False,False,False,False,False,True,False,True,True,False,False,False,False,True,True,False,False,False,True,False,False,False,False,False,False,False,True,False,True,True,True,False,True,True,True,False,False,False,False,False,False,False,False,False,False,False,True,False,True,True,True,False,True,False,False,False,False,True,True,True,False,True,True,False,False,False,False,False,0,0,0,0
273,2026-09-25T11:17:56.909365+00:00,2026-09-25T12:47:02.331565+00:00,174.009,True,False,False,False,False,False,True,False,True,False,False,False,False,False,False,False,True,False,True,True,False,False,False,False,True,True,False,False,False,True,False,False,False,False,False,False,False,True,False,True,True,True,False,True,True,True,False,False,False,False,False,False,False,False,False,False,False,True,False,True,True,True,False,True,False,False,False,False,True,True,True,False,True,True,False,False,False,False,False,0,0,0,0
274,2026-09-25T11:17:57.259965+00:00,2026-09-25T12:47:02.682586+00:00,97.006,True,False,False,False,False,False,True,False,True,False,False,False,False,False,False,False,True,False,True,True,False,False,False,False,True,True,False,False,False,True,False,False,False,False,False,False,False,True,False,True,True,True,False,True,True,True,False,False,False,False,False,False,False,False,False,False,False,True,False,True,True,True,False,True,False,False,False,False,True,True,True,False,True,True,False,False,False,False,False,0,0,0,0
275,2026-09-25T11:17:57.602635+00:00,2026-09-25T12:47:03.025605+00:00,90.005,True,False,False,False,False,False,True,False,True,False,False,False,False,False,False,False,True,False,True,True,False,False,False,False,True,True,False,True,False,True,False,False,False,False,False,False,True,False,False,True,True,False,False,True,True,True,False,False,False,False,False,False,False,False,False,False,False,True,False,True,True,True,False,True,False,False,False,False,True,True,True,False,True,True,False,False,False,False,False,0,0,0,0
276,2026-09-25T11:17:57.953050+00:00,2026-09-25T12:47:03.365625+00:00,87.005,True,False,False,False,False,False,True,False,True,False,False,False,False,False,False,False,True,False,True,True,False,False,False,False,True,True,False,False,False,True,False,False,False,False,False,False,False,False,True,True,True,False,False,True,True,True,False,False,False,False,False,False,False,False,False,False,False,True,False,True,True,True,False,True,False,False,False,False,True,True,True,False,True,True,False,False,False,False,False,0,0,0,0
277,2026-09-25T11:17:58.297987+00:00,2026-09-25T12:47:03.718645+00:00,89.005,True,False,False,False,False,False,True,False,True,False,False,False,False,False,False,False,True,False,True,True,False,False,False,False,True,True,False,False,False,True,False,False,False,False,False,False,False,False,True,True,True,False,False,True,True,True,False,False,False,False,False,False,False,False,False,False,False,True,False,True,True,True,False,True,False,False,False,False,True,True,True,False,True,True,False,False,False,False,False,0,0,0,0
278,2026-09-25T11:17:58.642773+00:00,2026-09-25T12:47:04.062664+00:00,88.005,True,False,False,False,False,False,True,False,True,False,False,False,False,False,False,False,True,False,True,True,False,False,False,False,True,True,False,False,False,True,False,False,False,False,False,False,False,False,True,True,True,False,False,True,True,True,False,False,False,False,False,False,False,False,False,False,False,True,False,True,True,True,False,True,False,False,False,False,True,True,True,False,True,True,False,False,False,False,False,0,0,0,0
279,2026-09-25T11:17:59.005061+00:00,2026-09-25T12:47:04.408684+00:00,88.005,True,False,False,False,False,False,True,False,True,False,False,False,False,False,False,False,True,False,True,True,False,False,False,False,True,True,False,False,False,True,False,False,False,False,False,False,False,False,True,True,True,False,False,True,True,True,False,False,False,False,False,False,False,False,False,False,False,True,False,True,True,True,False,True,False,False,False,False,True,True,True,False,True,True,False,False,False,False,False,0,0,0,0
280,2026-09-25T11:17:59.355035+00:00,2026-09-25T12:47:04.777705+00:00,91.005,True,False,False,False,False,False,True,False,True,False,False,False,False,False,False,False,True,False,True,True,False,False,False,False,True,True,False,False,False,True,False,False,False,False,False,False,False,False,True,True,True,False,False,True,True,True,False,False,False,False,False,False,False,False,False,False,False,True,False,True,True,True,False,True,False,False,False,False,True,True,True,False,True,True,False,False,False,False,False,0,0,0,0
281,2026-09-25T11:17:59.706089+00:00,2026-09-25T12:47:05.119725+00:00,88.005,True,False,False,False,False,False,True,False,True,False,False,False,False,False,False,False,True,False,True,True,False,False,False,False,True,True,False,False,False,True,False,False,False,False,False,False,False,False,True,True,True,False,False,True,True,True,False,False,False,False,False,False,False,False,False,False,False,True,False,True,True,True,False,True,False,False,False,False,True,True,True,False,True,True,False,False,False,False,False,0,0,0,0
282,2026-09-25T11:18:00.049837+00:00,2026-09-25T12:47:05.471745+00:00,89.005,True,False,False,False,False,False,True,False,True,False,False,False,False,False,False,False,True,False,True,True,False,False,False,False,True,True,False,False,False,True,False,False,False,False,False,False,False,False,True,True,True,False,False,True,True,True,False,False,False,False,False,False,False,False,False,False,False,True,False,True,True,True,False,True,False,False,False,False,True,True,True,False,True,True,False,False,False,False,False,0,0,0,0
283,2026-09-25T11:18:00.438657+00:00,2026-09-25T12:47:05.814765+00:00,88.005,True,False,False,False,False,False,True,False,True,False,False,False,False,False,False,False,True,False,True,True,False,False,False,False,True,True,False,False,False,True,False,False,False,False,False,False,False,False,True,True,True,False,False,True,True,True,False,False,False,False,False,False,False,False,False,False,False,True,False,True,True,True,False,True,False,False,False,False,True,True,True,False,True,True,False,False,False,False,False,0,0,0,0
284,2026-09-25T11:18:00.790523+00:00,2026-09-25T12:47:06.202787+00:00,88.005,True,False,False,False,False,False,True,False,True,False,False,False,False,False,False,False,True,False,True,True,False,False,False,False,True,True,False,False,False,True,False,False,False,False,False,False,False,False,True,True,True,False,False,True,True,True,False,False,False,False,False,False,False,False,False,False,False,True,False,True,True,True,False,True,False,False,False,False,True,True,True,False,True,True,False,False,False,False,False,0,0,0,0
285,2026-09-25T11:18:01.168935+00:00,2026-09-25T12:47:06.581809+00:00,115.007,True,False,False,False,False,False,True,False,True,False,False,False,False,False,False,False,True,False,True,True,False,False,False,False,True,True,False,False,True,True,False,False,False,False,True,False,False,False,False,False,True,False,False,True,True,True,False,False,False,False,False,False,False,False,False,False,False,True,False,True,True,True,False,True,False,False,False,False,True,True,True,False,True,True,False,False,False,False,False,0,0,0,0
286,2026-09-25T11:18:01.542089+00:00,2026-09-25T12:47:06.961830+00:00,101.005,True,False,False,False,False,False,True,False,True,False,False,False,False,False,False,False,True,False,True,True,False,False,False,False,True,True,False,False,True,True,False,False,False,False,True,False,False,False,False,True,True,False,False,True,True,True,False,False,False,False,False,False,False,False,False,False,False,True,False,True,True,True,False,True,False,False,False,False,True,True,True,False,True,True,False,False,False,False,False,0,0,0,0
287,2026-09-25T11:18:01.886918+00:00,2026-09-25T12:47:07.307850+00:00,88.005,True,False,False,False,False,False,True,False,True,False,False,False,False,False,False,False,True,False,True,True,False,False,False,False,True,True,False,False,True,True,False,False,False,False,True,False,False,False,False,True,True,False,False,True,True,True,False,False,False,False,False,False,False,False,False,False,False,True,False,True,True,True,False,True,False,False,False,False,True,True,True,False,True,True,False,False,False,False,False,0,0,0,0
288,2026-09-25T11:18:02.306378+00:00,2026-09-25T12:47:07.724874+00:00,87.005,True,False,False,False,True,False,True,False,True,False,False,False,False,False,False,False,False,False,True,True,True,False,False,False,True,True,False,False,True,True,False,False,False,False,True,False,False,False,False,False,False,False,False,True,True,True,False,False,False,False,False,False,False,False,False,False,False,True,False,True,True,True,False,True,False,False,False,False,True,True,True,False,True,True,False,False,False,False,False,0,0,0,0
289,2026-09-25T11:18:02.691937+00:00,2026-09-25T12:47:08.112896+00:00,97.005,True,False,False,False,True,False,True,False,True,False,False,False,False,False,False,False,False,False,True,False,True,False,False,False,True,True,False,False,True,True,False,False,False,False,True,False,False,False,False,False,False,False,False,True,True,True,False,False,False,False,False,False,False,False,False,False,False,True,False,True,True,True,False,True,False,False,False,False,True,True,True,False,True,True,False,False,False,False,False,0,0,0,0
290,2026-09-25T11:18:03.039655+00:00,2026-09-25T12:47:08.457916+00:00,90.005,True,False,False,False,True,False,True,False,True,False,False,False,False,False,False,False,False,False,True,False,True,False,False,False,True,True,False,False,True,True,False,False,False,False,True,False,False,False,False,True,True,False,False,True,True,True,False,False,False,False,False,False,False,False,False,False,False,True,False,True,True,True,False,True,False,False,False,False,True,True,True,False,True,True,False,False,False,False,False,0,0,0,0
291,2026-09-25T11:18:03.476709+00:00,2026-09-25T12:47:08.812936+00:00,94.00500000000001,True,False,False,False,True,False,True,False,True,False,False,False,False,False,False,False,False,False,True,False,True,False,False,False,True,True,False,False,True,True,False,False,False,False,True,False,False,False,False,False,False,False,False,True,True,True,False,False,False,False,False,False,False,False,False,False,False,True,False,True,True,True,False,True,False,False,False,False,True,True,True,False,True,True,False,False,False,False,False,1,0,0,0
292,2026-09-25T11:18:03.829907+00:00,2026-09-25T12:47:09.251961+00:00,98.005,True,False,False,False,True,False,True,False,True,False,False,False,False,False,False,False,False,False,True,False,True,False,False,False,True,True,False,False,True,True,False,False,False,False,True,False,False,False,False,True,True,False,False,True,True,True,False,False,False,False,False,False,False,False,False,False,False,True,False,True,True,True,False,True,False,False,False,False,True,True,True,False,True,True,False,False,False,False,False,0,0,0,0
293,2026-09-25T11:18:04.176079+00:00,2026-09-25T12:47:09.595981+00:00,87.005,True,False,False,False,True,False,True,False,True,False,False,False,False,False,False,False,False,False,True,False,False,False,False,False,True,True,False,False,True,True,False,False,False,False,True,False,False,False,False,True,True,False,False,True,True,True,False,False,False,False,False,False,False,False,False,False,False,True,False,True,True,True,False,True,False,False,False,False,True,True,True,False,True,True,False,False,False,False,False,0,0,0,0
294,2026-09-25T11:18:04.610493+00:00,2026-09-25T12:47:10.032006+00:00,89.005,True,False,False,False,True,False,True,False,True,False,False,False,False,False,False,False,False,False,True,False,False,False,False,False,True,True,False,False,True,True,False,False,False,False,True,False,False,False,False,True,True,False,False,True,True,True,False,False,False,False,False,False,False,False,False,False,False,True,False,True,True,True,False,True,False,False,False,False,True,True,True,False,True,True,False,False,False,False,False,0,0,0,0
295,2026-09-25T11:18:04.959885+00:00,2026-09-25T12:47:10.379026+00:00,92.00500000000001,False,False,False,False,True,False,True,False,True,True,False,False,False,False,False,False,False,False,False,False,False,False,False,False,True,True,False,False,True,True,False,False,False,False,True,False,False,False,False,False,False,False,False,True,True,True,False,False,False,False,False,False,False,False,False,False,False,True,False,True,True,True,False,True,False,False,False,False,True,True,True,False,True,True,False,False,False,False,False,0,0,0,0
296,2026-09-25T11:18:05.362157+00:00,2026-09-25T12:47:10.784049+00:00,89.005,False,False,False,False,True,False,True,False,True,True,False,False,False,False,False,False,False,False,False,False,False,False,False,False,True,True,False,False,True,True,False,False,False,False,True,False,False,False,False,False,False,False,False,True,True,True,False,False,False,False,False,False,False,False,False,False,False,True,False,True,True,True,False,True,False,False,False,False,True,True,True,False,True,True,False,False,False,False,False,0,0,0,0
297,2026-09-25T11:18:05.716053+00:00,2026-09-25T12:47:11.138069+00:00,98.005,False,False,False,False,True,False,True,False,True,True,False,False,False,False,False,False,False,False,False,False,False,False,False,False,True,True,False,False,True,True,False,False,False,False,True,False,False,False,False,True,True,False,False,True,True,True,False,False,False,False,False,False,False,False,False,False,False,True,False,True,True,True,False,True,False,False,False,False,True,True,True,False,True,True,False,False,False,False,False,0,0,0,0
298,2026-09-25T11:18:06.140359+00:00,2026-09-25T12:47:11.562093+00:00,164.009,False,False,False,True,True,False,True,False,True,False,False,False,True,False,False,False,False,False,False,False,False,False,False,False,True,True,False,False,True,True,False,False,False,False,True,False,False,False,False,True,True,False,False,True,True,True,False,False,False,False,False,False,False,False,False,False,False,True,False,True,True,True,False,True,False,False,False,False,True,True,True,False,True,True,False,False,False,False,False,0,0,0,0
299,2026-09-25T11:18:06.496038+00:00,2026-09-25T12:47:11.918114+00:00,101.006,False,False,False,True,True,False,True,False,True,False,False,False,True,False,False,False,False,False,False,False,False,False,False,False,True,True,False,False,True,True,False,False,False,False,True,False,False,False,False,False,False,False,False,True,True,True,False,False,False,False,False,False,False,False,False,False,False,True,False,True,True,True,False,True,False,False,False,False,True,True,True,False,True,True,False,False,False,False,False,0,0,0,0
300,2026-09-25T11:18:06.928815+00:00,2026-09-25T12:47:12.348138+00:00,175.01,False,False,False,True,True,False,True,False,True,False,False,False,True,False,False,False,False,False,False,False,False,False,False,False,True,True,False,False,True,True,False,False,False,False,True,False,False,False,False,True,False,False,False,True,True,True,False,False,False,False,False,False,False,False,False,False,False,True,False,True,True,True,False,True,False,False,False,False,True,True,True,False,True,True,False,False,False,False,False,0,0,0,0
301,2026-09-25T11:18:07.340189+00:00,2026-09-25T12:47:12.753162+00:00,148.00900000000001,False,False,False,True,True,False,True,False,True,False,False,False,True,False,False,False,False,False,False,False,False,False,False,False,True,True,False,False,True,True,False,False,False,False,True,False,False,False,False,False,False,False,False,True,True,True,False,False,False,False,False,False,False,False,False,False,False,True,False,True,True,True,False,True,False,False,False,False,True,True,True,False,True,True,False,False,False,False,False,1,0,0,0
302,2026-09-25T11:18:07.687921+00:00,2026-09-25T12:47:13.110182+00:00,94.00500000000001,False,False,False,False,True,False,True,False,True,True,False,False,False,False,False,False,False,False,False,False,False,False,False,False,True,True,False,False,True,True,False,False,False,False,True,False,False,False,False,False,True,False,False,True,True,True,False,False,False,False,False,False,False,False,False,False,False,True,False,True,True,True,False,True,False,False,False,False,True,True,True,False,True,True,False,False,False,False,False,0,0,0,0
303,2026-09-25T11:18:08.031188+00:00,2026-09-25T12:47:13.452202+00:00,88.005,False,True,False,False,True,False,True,False,True,False,False,False,False,False,False,False,False,False,True,False,False,False,True,False,True,True,False,False,True,True,False,False,False,False,True,False,False,False,False,True,True,False,False,True,True,True,False,False,False,False,False,False,False,False,False,False,False,True,False,True,True,True,False,True,False,False,False,False,True,True,True,False,True,True,False,False,False,False,False,0,0,0,0
304,2026-09-25T11:18:08.372995+00:00,2026-09-25T12:47:13.795221+00:00,87.005,False,True,False,False,True,False,True,False,True,False,False,False,False,False,False,False,False,False,True,False,False,False,True,False,True,True,False,False,True,True,False,False,False,False,True,False,False,False,False,True,True,False,False,True,True,True,False,False,False,False,False,False,False,False,False,False,False,True,False,True,True,True,False,True,False,False,False,False,True,True,True,False,True,True,False,False,False,False,False,0,0,0,0
305,2026-09-25T11:18:08.714000+00:00,2026-09-25T12:47:14.135241+00:00,87.005,False,True,False,False,True,False,True,False,True,False,False,False,False,False,False,False,False,False,True,False,False,False,True,False,True,True,False,False,True,True,False,False,False,False,True,False,False,False,False,False,False,False,False,True,True,True,False,False,False,False,False,False,False,False,False,False,False,True,False,True,True,True,False,True,False,False,False,False,True,True,True,False,True,True,True,False,False,False,False,0,0,0,0
306,2026-09-25T11:18:09.060287+00:00,2026-09-25T12:47:14.481260+00:00,91.005,False,True,False,False,True,False,True,False,True,False,False,True,False,False,False,False,False,False,True,False,False,False,False,False,True,True,False,False,True,True,False,False,False,False,True,False,False,False,False,True,True,False,False,True,True,True,False,False,False,False,False,False,False,False,False,False,False,True,False,True,True,True,False,True,False,False,False,False,False,True,True,False,True,True,True,False,False,False,False,0,0,0,0
307,2026-09-25T11:18:09.503221+00:00,2026-09-25T12:47:14.838281+00:00,99.006,False,True,False,False,True,False,True,False,True,False,False,True,False,False,False,False,False,False,True,False,False,False,False,False,True,True,False,False,True,True,False,False,False,False,True,False,False,False,False,False,False,False,False,True,True,True,False,False,False,False,False,False,False,False,False,False,False,True,False,True,True,True,False,True,False,False,False,False,False,True,True,False,True,True,True,False,False,False,False,0,0,0,0
308,2026-09-25T11:18:09.854139+00:00,2026-09-25T12:47:15.274306+00:00,94.006,False,True,False,False,True,False,True,False,True,False,False,True,False,False,False,False,False,False,True,False,False,False,False,False,True,True,False,False,True,True,False,False,False,False,True,False,False,False,False,False,False,False,False,True,True,True,False,False,False,False,False,False,False,False,False,False,False,True,False,True,True,True,False,True,False,False,False,False,True,True,True,False,True,True,True,False,False,False,False,0,0,0,0
309,2026-09-25T11:18:10.226626+00:00,2026-09-25T12:47:15.646327+00:00,115.007,False,True,False,False,True,False,True,False,True,False,False,True,False,False,False,False,False,False,True,False,False,False,False,False,True,True,False,False,True,True,False,False,False,False,True,False,False,False,False,False,False,False,False,True,True,True,False,False,False,False,False,False,False,False,False,False,False,True,False,True,True,True,False,True,False,False,False,False,False,True,True,False,True,True,True,False,False,False,False,0,0,0,0
310,2026-09-25T11:18:10.588056+00:00,2026-09-25T12:47:16.010348+00:00,90.005,False,True,False,False,True,False,True,False,True,False,False,True,False,False,False,False,False,False,True,False,False,False,False,False,True,True,False,False,True,True,False,False,False,False,True,False,False,False,False,True,True,False,False,True,True,True,False,False,False,False,False,False,False,False,False,False,False,True,False,True,True,True,False,True,False,False,False,False,False,True,True,False,True,True,True,False,False,False,False,0,0,0,0
311,2026-09-25T11:18:10.933007+00:00,2026-09-25T12:47:16.353367+00:00,90.005,False,True,False,False,True,False,True,False,True,False,False,True,False,False,False,False,False,False,True,False,False,False,False,True,True,True,False,False,False,True,False,False,False,False,False,False,False,True,False,False,True,False,False,True,False,False,False,False,False,True,False,True,False,False,False,False,False,False,False,True,True,True,False,True,False,False,False,False,False,True,True,False,True,True,True,False,False,False,False,0,52,0,51
312,2026-09-25T11:18:11.283878+00:00,2026-09-25T12:47:16.698387+00:00,89.005,False,True,False,False,True,False,True,False,True,False,False,True,False,False,False,False,False,False,True,False,False,False,False,True,True,True,False,False,False,True,False,False,False,False,False,False,False,True,False,False,True,False,False,True,False,False,False,False,False,True,False,True,False,False,False,False,False,False,True,False,True,True,False,True,False,False,False,False,True,True,True,False,True,True,True,False,False,False,False,0,121,0,117
313,2026-09-25T11:18:11.642385+00:00,2026-09-25T12:47:17.061408+00:00,101.006,False,True,False,False,True,False,True,False,True,False,False,True,False,False,False,False,False,False,True,False,False,False,False,True,True,True,False,False,False,True,False,False,False,False,False,False,False,True,False,False,True,False,False,True,False,False,False,False,False,False,False,True,False,False,False,False,True,False,False,False,True,True,False,True,False,False,False,False,True,True,True,False,True,True,True,False,False,False,False,0,175,0,189
314,2026-09-25T11:18:11.992895+00:00,2026-09-25T12:47:17.414428+00:00,95.00500000000001,False,True,False,False,True,False,True,False,True,False,False,True,False,False,False,False,False,False,True,False,False,False,False,True,True,True,False,False,False,True,False,False,False,False,False,False,False,True,False,False,True,False,False,True,False,False,False,False,False,False,False,True,False,False,False,False,True,False,False,True,True,True,False,True,False,False,False,False,True,True,True,False,True,True,True,False,False,False,False,0,175,0,262
315,2026-09-25T11:18:12.341746+00:00,2026-09-25T12:47:17.762448+00:00,92.00500000000001,False,True,False,False,True,False,True,False,True,False,False,True,False,False,False,False,False,False,True,False,False,False,False,True,True,True,False,False,False,True,False,False,False,False,False,False,False,True,False,False,True,False,False,True,False,False,False,False,False,False,False,True,False,False,False,False,True,False,False,True,True,True,False,True,False,False,False,False,True,True,True,False,True,True,True,False,False,False,False,0,175,0,329
316,2026-09-25T11:18:12.699263+00:00,2026-09-25T12:47:18.119468+00:00,95.00500000000001,False,True,False,False,True,False,True,False,True,False,False,True,False,False,False,False,False,False,True,False,False,False,False,True,True,True,False,False,False,True,False,False,False,False,False,False,False,True,False,False,True,False,False,True,False,False,False,False,False,False,False,True,False,False,False,False,True,False,True,False,True,True,False,True,False,False,False,False,False,True,True,False,True,True,True,False,False,False,False,0,175,0,402
317,2026-09-25T11:18:13.050107+00:00,2026-09-25T12:47:18.471489+00:00,95.006,False,True,False,False,True,False,True,False,True,False,False,True,False,False,False,False,False,False,True,False,False,False,False,True,True,True,False,False,False,True,False,False,False,False,False,False,False,True,False,False,True,False,False,True,False,False,False,False,False,False,False,True,False,False,False,False,True,False,False,False,True,True,False,True,False,False,False,False,False,True,True,False,True,True,True,False,False,False,False,0,175,0,472
318,2026-09-25T11:18:13.397728+00:00,2026-09-25T12:47:18.817508+00:00,92.00500000000001,False,True,False,False,True,False,True,False,True,False,False,True,False,False,False,False,False,False,True,False,False,False,False,True,True,True,False,False,False,True,False,False,False,False,False,False,False,True,False,False,True,False,False,True,False,False,False,False,False,False,False,True,False,False,False,False,True,False,False,False,True,True,False,True,False,False,False,False,False,True,True,False,True,True,True,False,False,False,False,0,175,0,541
319,2026-09-25T11:18:13.745094+00:00,2026-09-25T12:47:19.164528+00:00,90.005,False,True,False,False,True,False,True,False,True,False,False,True,False,False,False,False,False,False,True,False,False,False,False,True,True,True,False,False,False,True,False,False,False,False,False,False,False,True,False,False,True,False,False,True,False,False,False,False,False,False,False,True,False,False,False,False,True,False,True,False,True,True,False,True,False,False,False,False,True,True,True,False,True,True,True,False,False,False,False,0,175,0,610
320,2026-09-25T11:18:14.092450+00:00,2026-09-25T12:47:19.511548+00:00,89.005,False,True,False,False,True,False,True,False,True,False,False,True,False,False,False,False,False,False,True,False,False,False,False,True,True,True,False,True,False,True,False,False,False,False,False,True,False,False,False,False,True,True,False,True,False,False,False,False,False,False,False,True,False,False,False,False,True,False,True,False,True,True,False,True,False,False,False,False,True,True,True,False,True,True,True,False,False,False,False,0,175,0,679
321,2026-09-25T11:18:14.484582+00:00,2026-09-25T12:47:19.874569+00:00,92.00500000000001,False,True,False,False,True,False,True,False,True,False,False,True,False,False,False,False,False,False,True,False,False,False,False,True,True,True,False,True,False,True,False,False,False,False,False,True,False,False,False,False,True,False,False,True,False,False,False,False,False,False,False,True,False,False,False,False,True,False,False,True,True,True,False,True,False,False,False,False,True,True,True,False,True,True,True,False,False,False,False,0,175,0,752
322,2026-09-25T11:18:14.843473+00:00,2026-09-25T12:47:20.263591+00:00,102.006,False,True,False,False,True,False,True,False,True,False,False,True,False,False,False,False,False,False,True,False,False,False,False,True,True,True,False,True,False,True,False,False,False,False,False,True,False,False,False,False,True,False,False,True,False,False,False,False,False,False,False,True,False,False,False,False,True,False,False,False,True,True,False,True,False,False,False,False,True,True,True,False,True,True,True,False,False,False,False,0,175,0,829
323,2026-09-25T11:18:15.193001+00:00,2026-09-25T12:47:20.614611+00:00,95.00500000000001,False,False,False,False,True,False,True,False,True,False,True,False,False,False,False,False,False,False,False,False,False,False,False,True,True,True,False,True,False,True,False,False,False,False,False,True,False,False,False,False,True,True,True,True,False,False,False,False,False,False,False,True,False,False,False,False,True,False,False,True,True,True,False,True,False,False,False,False,True,False,True,False,True,True,True,False,False,False,False,0,175,0,899
324,2026-09-25T11:18:15.615739+00:00,2026-09-25T12:47:21.035635+00:00,94.00500000000001,False,False,False,False,True,False,True,False,True,False,True,False,False,False,False,False,False,False,False,False,False,False,False,True,True,True,False,True,False,True,False,False,False,False,False,True,False,False,False,False,True,True,True,True,False,False,False,False,False,False,False,True,False,False,False,False,True,False,False,True,True,True,False,True,False,False,False,False,True,True,True,False,True,True,True,False,False,False,False,0,175,0,983
325,2026-09-25T11:18:15.963263+00:00,2026-09-25T12:47:21.384655+00:00,91.005,False,False,False,False,True,False,True,False,True,False,True,False,False,False,False,False,False,False,False,False,False,False,False,True,True,True,False,True,False,True,False,False,False,False,False,True,False,False,False,False,True,False,True,True,False,False,False,False,False,False,False,True,False,False,False,False,True,False,False,True,True,True,False,True,False,False,False,False,True,True,True,False,True,True,True,False,False,False,False,0,175,0,1052
326,2026-09-25T11:18:16.329951+00:00,2026-09-25T12:47:21.736675+00:00,97.005,False,False,False,False,True,False,True,False,True,False,True,False,False,False,False,False,False,False,False,False,False,False,False,True,False,True,False,True,False,True,False,False,False,False,False,True,False,False,False,False,True,False,False,True,False,False,False,False,False,False,False,True,False,False,False,False,True,False,False,False,True,True,False,True,False,False,False,False,True,True,True,False,True,True,True,False,False,False,False,0,175,0,1122
327,2026-09-25T11:18:16.689639+00:00,2026-09-25T12:47:22.110697+00:00,104.006,False,False,False,False,True,False,True,False,True,False,True,False,False,False,False,False,False,False,False,False,False,False,False,True,False,True,False,True,False,True,False,False,False,False,False,True,False,False,False,False,True,False,False,True,False,False,False,False,False,False,False,True,False,False,False,False,True,False,False,False,True,True,False,True,False,False,False,False,False,True,True,False,True,True,True,False,False,False,False,8,175,0,1196
328,2026-09-25T11:18:17.118981+00:00,2026-09-25T12:47:22.538721+00:00,172.01,True,False,False,False,True,False,True,False,True,False,False,False,False,False,False,False,False,False,False,False,False,False,False,True,False,True,False,True,False,True,False,False,False,False,False,True,False,False,False,False,True,True,False,True,False,False,False,False,False,False,False,True,False,False,False,False,True,False,False,False,True,True,False,True,False,False,False,False,True,True,True,False,True,True,True,False,False,False,False,3,175,0,1281
329,2026-09-25T11:18:17.547065+00:00,2026-09-25T12:47:22.964746+00:00,169.01,True,False,False,False,True,False,True,False,True,False,False,False,False,False,False,False,False,False,False,False,False,False,False,True,True,True,False,True,False,True,False,True,False,False,False,False,False,False,False,False,True,False,True,True,False,False,False,False,False,False,False,False,False,False,False,False,True,False,False,False,True,True,False,True,False,False,False,False,True,True,True,False,True,True,True,False,False,False,False,0,0,0,0
330,2026-09-25T11:18:17.893120+00:00,2026-09-25T12:47:23.311765+00:00,90.005,True,False,False,False,True,False,True,False,True,False,False,False,False,False,False,False,False,False,False,False,False,False,False,True,True,False,False,True,False,True,False,True,False,False,False,False,False,False,False,False,True,False,True,True,False,False,False,False,False,False,False,False,False,False,False,False,True,False,False,False,True,True,False,True,False,False,False,False,True,True,True,False,True,True,True,False,False,False,False,0,0,0,0
331,2026-09-25T11:18:18.282294+00:00,2026-09-25T12:47:23.656785+00:00,87.005,True,False,False,False,True,False,True,False,True,False,False,False,False,False,False,False,False,False,False,False,False,False,False,True,True,False,False,True,False,True,False,False,False,False,False,False,False,False,False,False,True,False,True,True,False,False,False,False,False,False,False,False,False,False,False,False,True,False,False,False,True,True,False,True,False,False,False,False,True,True,False,False,True,True,True,False,False,False,False,0,0,0,0
332,2026-09-25T11:18:18.630494+00:00,2026-09-25T12:47:24.050808+00:00,92.006,True,False,False,False,True,False,True,False,True,False,False,False,False,False,False,False,False,False,False,False,False,False,False,True,True,False,False,True,False,True,False,False,False,False,False,False,False,False,False,False,True,False,True,False,False,False,False,True,False,False,False,False,False,False,False,True,True,False,False,False,True,True,False,True,False,False,False,False,True,True,True,False,True,True,True,False,False,False,False,0,0,38,0
333,2026-09-25T11:18:18.979419+00:00,2026-09-25T12:47:24.400828+00:00,93.006,True,False,False,False,True,False,True,False,True,False,False,False,False,False,False,False,False,False,False,False,False,False,False,True,True,False,False,True,False,True,False,False,False,False,False,False,False,False,False,False,True,False,True,False,False,False,False,True,False,False,False,False,False,False,True,True,True,False,False,False,True,True,False,True,False,False,False,False,True,True,True,False,True,True,False,True,True,False,False,1,0,115,0
334,2026-09-25T11:18:19.324180+00:00,2026-09-25T12:47:24.745848+00:00,91.006,True,False,False,False,True,False,True,False,True,False,False,False,False,False,False,False,False,False,False,False,False,False,False,True,True,False,False,True,False,True,False,False,False,False,False,False,False,False,False,False,True,False,True,False,False,False,True,False,False,False,False,False,True,True,False,True,True,False,False,False,True,True,False,True,False,False,False,False,True,True,True,False,True,True,False,False,False,False,False,0,0,0,0
335,2026-09-25T11:18:19.702312+00:00,2026-09-25T12:47:25.120869+00:00,111.006,True,False,False,False,True,False,True,False,True,False,False,False,False,False,False,False,False,False,False,False,False,False,False,True,True,False,False,True,False,True,False,False,False,False,False,False,False,False,False,False,True,False,True,False,False,False,True,False,False,False,False,False,True,True,False,True,True,False,False,False,True,True,False,True,False,False,False,False,True,True,True,False,True,True,False,False,False,False,False,0,0,0,0
336,2026-09-25T11:18:20.048319+00:00,2026-09-25T12:47:25.468889+00:00,91.005,True,False,False,False,True,False,True,False,True,False,False,False,False,False,False,False,False,False,False,False,False,False,False,True,True,False,False,True,False,True,False,False,False,False,False,False,False,False,False,False,True,False,True,False,False,False,True,False,False,False,False,False,True,True,True,True,True,False,False,False,True,True,False,True,False,False,False,False,True,True,True,False,True,True,False,False,False,False,False,0,0,0,0
337,2026-09-25T11:18:20.403276+00:00,2026-09-25T12:47:25.817909+00:00,93.00500000000001,True,False,False,False,True,False,True,False,True,False,False,False,False,False,False,False,False,False,False,False,False,False,False,True,True,False,False,True,False,True,False,False,False,False,False,False,False,False,False,False,True,False,True,True,False,False,False,False,True,False,False,False,True,True,True,False,True,False,False,False,True,True,False,True,False,False,False,False,True,True,True,False,True,True,False,False,False,False,False,0,0,0,0
338,2026-09-25T11:18:20.764133+00:00,2026-09-25T12:47:26.182930+00:00,99.006,True,False,False,False,True,False,True,False,True,False,False,False,False,False,False,False,False,False,False,False,False,False,False,True,True,False,False,True,False,True,False,False,False,False,False,False,False,False,False,False,True,False,True,True,False,False,False,False,True,False,False,False,True,True,True,False,True,False,False,False,True,True,False,True,False,False,False,False,True,True,True,False,True,True,False,False,False,False,False,0,0,0,0
339,2026-09-25T11:18:21.135640+00:00,2026-09-25T12:47:26.552951+00:00,114.00699999999999,True,False,False,False,True,False,True,False,True,False,False,False,False,False,False,False,False,False,False,False,False,False,False,True,True,False,False,True,False,True,False,False,True,False,False,False,False,False,False,False,True,False,True,True,True,False,False,False,False,True,True,False,True,True,True,False,True,False,True,True,True,True,False,True,False,False,False,False,True,True,True,False,True,True,False,False,False,False,False,0,22,0,24
340,2026-09-25T11:18:21.521239+00:00,2026-09-25T12:47:26.899971+00:00,89.005,True,False,False,False,True,False,True,False,True,False,False,False,False,False,False,False,False,False,False,False,False,False,False,True,True,True,False,True,False,True,False,False,True,False,False,False,False,False,False,False,True,False,True,True,False,False,False,False,False,True,True,False,True,True,True,False,False,False,False,False,True,True,False,True,False,False,False,False,True,True,True,False,True,True,False,False,False,False,False,0,93,0,103
341,2026-09-25T11:18:21.866378+00:00,2026-09-25T12:47:27.287993+00:00,92.00500000000001,True,False,False,False,True,False,True,False,True,False,False,False,False,False,False,False,False,False,False,False,False,False,False,True,False,True,False,True,False,True,False,False,True,False,False,False,False,False,False,False,True,False,True,True,False,False,False,False,False,True,True,False,True,True,True,False,False,True,True,True,True,True,False,True,False,False,False,False,True,True,True,False,True,True,False,False,False,False,False,0,171,0,191
342,2026-09-25T11:18:22.214031+00:00,2026-09-25T12:47:27.635013+00:00,93.006,True,False,False,False,True,False,True,False,True,False,False,False,False,False,False,False,False,False,False,False,False,False,False,True,False,True,False,True,False,True,False,False,False,False,False,False,True,False,False,False,True,False,True,True,False,False,False,False,False,True,True,False,True,True,True,False,True,True,True,False,True,True,False,True,False,False,False,False,True,True,True,False,True,True,False,False,False,False,False,0,245,0,270
343,2026-09-25T11:18:22.561586+00:00,2026-09-25T12:47:27.983033+00:00,91.006,True,False,False,False,True,False,True,False,True,False,False,False,False,False,False,False,False,False,False,False,False,False,False,True,False,True,False,True,False,True,False,False,False,False,False,False,False,False,True,False,True,False,False,True,False,False,False,False,False,True,True,False,True,True,True,False,False,True,False,False,True,True,False,True,False,False,False,False,True,True,True,False,True,True,False,False,False,False,False,0,318,0,349
344,2026-09-25T11:18:22.908972+00:00,2026-09-25T12:47:28.329052+00:00,92.00500000000001,True,False,False,False,True,False,True,False,True,False,False,False,False,False,False,False,False,False,False,False,False,False,False,True,False,True,False,False,False,True,False,False,False,False,False,False,False,False,True,False,True,False,False,True,False,False,False,False,False,True,True,False,True,True,True,False,False,False,False,False,True,True,False,True,False,False,False,False,True,True,True,False,True,True,False,False,False,False,False,0,389,0,427
345,2026-09-25T11:18:23.250474+00:00,2026-09-25T12:47:28.671072+00:00,87.005,True,False,False,False,True,False,True,False,True,False,False,False,False,False,False,False,False,False,False,False,False,False,False,True,False,True,False,False,False,True,False,False,False,False,False,False,False,False,True,False,True,False,False,True,False,False,False,False,False,True,False,False,True,True,True,False,True,True,False,True,True,True,False,True,False,False,False,False,True,True,True,False,True,True,False,False,False,False,False,0,460,0,457
346,2026-09-25T11:18:23.673422+00:00,2026-09-25T12:47:29.093096+00:00,93.00500000000001,True,False,False,False,True,False,True,False,True,False,False,False,False,False,False,False,False,False,False,False,False,False,False,True,False,True,False,False,False,True,False,False,False,False,False,False,False,False,True,False,True,False,False,True,False,False,False,False,False,True,False,False,True,True,True,False,False,False,False,True,True,True,False,True,False,False,False,False,True,True,True,False,True,True,False,False,False,False,False,0,545,0,457
347,2026-09-25T11:18:24.024002+00:00,2026-09-25T12:47:29.445116+00:00,96.005,True,False,False,False,True,False,True,False,True,False,False,False,False,False,False,False,False,False,False,False,False,False,False,True,False,True,False,False,False,True,False,False,False,False,False,False,False,False,True,False,True,False,False,True,False,False,False,False,False,True,False,False,True,True,True,False,False,False,False,True,True,True,False,True,False,False,False,False,True,True,True,False,True,True,False,False,False,False,False,0,621,0,457
348,2026-09-25T11:18:24.367566+00:00,2026-09-25T12:47:29.788136+00:00,88.005,True,False,False,False,True,False,True,False,True,False,False,False,False,False,False,False,False,False,False,False,False,False,False,True,True,True,False,False,False,True,False,False,False,False,False,False,False,False,True,False,True,False,False,True,False,False,False,False,False,True,False,False,True,True,True,False,False,False,False,True,True,True,False,True,False,False,False,False,True,True,True,False,True,True,False,False,False,False,False,0,692,0,457
349,2026-09-25T11:18:24.710511+00:00,2026-09-25T12:47:30.131156+00:00,88.006,True,False,False,False,True,False,True,False,True,False,False,False,False,False,False,False,False,False,False,False,False,False,False,True,True,True,False,False,False,True,False,False,False,False,False,False,False,False,True,False,True,False,False,True,False,False,False,False,False,True,False,False,True,True,True,False,True,False,False,True,True,True,False,True,False,False,False,False,True,True,True,False,True,True,False,False,False,False,False,0,763,0,457
350,2026-09-25T11:18:25.076941+00:00,2026-09-25T12:47:30.493176+00:00,105.006,True,False,False,False,True,False,True,False,True,False,False,False,False,False,False,False,False,False,False,False,False,False,False,True,True,True,False,False,False,True,False,False,False,False,False,False,False,False,True,False,True,False,False,True,False,False,False,False,False,True,False,False,True,True,True,False,False,False,False,True,True,True,False,True,False,False,False,False,True,True,True,False,True,True,False,False,False,False,False,0,836,0,457
351,2026-09-25T11:18:25.434194+00:00,2026-09-25T12:47:30.852197+00:00,99.006,True,False,False,False,True,False,True,False,True,False,False,False,False,False,False,False,False,False,False,False,False,False,False,True,True,True,False,False,False,True,False,False,False,False,False,False,False,False,True,False,True,False,False,False,False,False,False,True,False,False,False,False,True,True,False,True,False,False,False,True,True,True,False,True,False,False,False,False,True,True,True,False,True,True,False,False,False,False,False,0,0,38,0
352,2026-09-25T11:18:25.812239+00:00,2026-09-25T12:47:31.213217+00:00,95.00500000000001,True,False,False,False,True,False,True,False,True,False,False,False,False,False,False,False,False,False,False,False,False,False,False,True,True,True,False,False,True,True,False,False,False,False,False,False,True,False,False,False,True,True,False,False,False,False,False,True,False,False,False,False,True,True,False,False,False,False,False,True,True,True,False,True,False,False,False,False,True,True,True,False,True,True,False,False,False,False,False,1,0,115,0
353,2026-09-25T11:18:26.194599+00:00,2026-09-25T12:47:31.614240+00:00,125.007,True,False,False,False,True,False,True,False,True,False,False,False,False,False,False,False,False,False,False,False,False,False,False,True,True,True,False,False,True,True,False,False,False,False,False,False,True,False,False,False,True,True,False,False,False,False,False,True,False,False,False,False,True,True,False,False,False,False,False,True,True,True,False,True,False,False,False,False,True,True,True,False,True,True,False,False,False,False,False,0,0,201,0
354,2026-09-25T11:18:26.594363+00:00,2026-09-25T12:47:32.006263+00:00,118.007,True,False,False,False,True,False,True,False,True,False,False,False,False,False,False,False,False,False,False,False,False,False,False,True,True,True,False,False,True,True,False,False,False,False,False,False,True,False,False,False,True,True,True,False,False,False,False,True,False,False,False,False,True,True,False,False,False,False,False,True,True,True,False,True,False,False,False,False,True,True,True,False,True,True,False,False,False,False,False,0,0,285,0
355,2026-09-25T11:18:26.964086+00:00,2026-09-25T12:47:32.380284+00:00,102.006,True,False,False,False,True,False,True,False,True,False,False,False,False,False,False,False,False,False,False,False,False,False,False,True,True,True,False,False,True,True,False,False,False,False,False,False,True,False,False,False,True,True,False,False,False,False,False,True,False,False,False,False,True,True,False,False,False,False,False,True,True,True,False,True,False,False,False,False,True,True,True,False,True,True,False,False,False,False,False,0,0,365,0
356,2026-09-25T11:18:27.421250+00:00,2026-09-25T12:47:32.812309+00:00,173.01,True,False,False,False,True,False,True,False,False,False,False,False,False,False,False,False,False,False,True,False,False,True,False,True,True,True,False,False,True,True,False,False,False,False,False,False,True,False,False,False,True,False,False,False,False,False,False,True,False,False,False,False,True,True,False,True,False,False,False,True,True,True,False,True,False,False,False,False,True,True,True,False,True,True,False,False,False,False,False,0,0,458,0
357,2026-09-25T11:18:27.858212+00:00,2026-09-25T12:47:33.278336+00:00,180.011,True,False,False,False,True,False,True,False,False,False,False,False,False,False,False,False,False,False,True,False,False,True,False,True,True,True,False,False,True,True,False,False,False,False,False,False,True,False,False,False,True,True,False,False,False,False,True,False,False,False,False,False,False,False,False,True,False,False,False,True,True,True,False,True,False,False,False,False,True,True,True,False,True,True,False,False,False,False,False,0,0,0,0
358,2026-09-25T11:18:28.214558+00:00,2026-09-25T12:47:33.635356+00:00,102.006,True,False,False,False,True,False,True,False,False,False,False,False,False,False,False,False,False,False,True,False,False,True,False,True,True,True,False,False,True,True,False,False,False,False,False,False,True,False,False,False,True,False,True,False,False,False,True,False,True,False,False,False,False,False,False,True,True,False,False,True,True,True,False,True,False,False,False,False,True,True,True,False,True,True,False,False,False,False,False,0,0,0,0
359,2026-09-25T11:18:28.576629+00:00,2026-09-25T12:47:33.981376+00:00,91.005,True,False,False,False,True,False,True,False,False,False,False,False,False,False,False,False,False,False,True,False,False,True,False,True,True,True,False,False,True,True,False,False,False,False,False,False,True,False,False,False,True,False,True,False,False,False,True,False,True,False,False,False,False,False,False,True,True,False,False,True,True,True,False,True,False,False,False,False,True,True,True,False,True,True,False,False,False,False,False,0,0,0,0
360,2026-09-25T11:18:28.933890+00:00,2026-09-25T12:47:34.349397+00:00,98.006,True,False,False,False,True,False,False,False,False,False,False,False,False,True,False,False,False,False,True,False,False,True,False,True,True,True,False,False,True,True,False,False,False,False,False,False,True,False,False,False,True,True,False,False,False,False,True,False,True,False,False,False,False,False,True,False,False,False,False,True,True,True,False,True,False,False,False,False,True,True,True,False,True,True,False,False,False,False,False,1,0,0,0
361,2026-09-25T11:18:29.284877+00:00,2026-09-25T12:47:34.704417+00:00,95.00500000000001,True,False,False,False,True,False,False,False,True,False,False,False,False,True,False,False,False,False,True,False,False,True,False,True,True,True,False,False,True,True,False,False,False,False,False,False,True,False,False,False,True,False,True,False,False,False,True,False,True,False,False,False,False,False,False,False,True,False,False,True,True,True,False,True,False,False,False,False,True,True,True,False,True,True,False,False,False,False,False,0,0,0,0
362,2026-09-25T11:18:29.659499+00:00,2026-09-25T12:47:35.075438+00:00,112.006,True,False,False,False,True,False,False,False,True,False,False,False,False,True,False,False,False,False,True,False,False,True,False,False,True,True,False,False,True,True,False,False,False,True,False,False,False,False,False,True,True,False,False,False,False,False,True,False,True,False,False,False,False,False,False,False,False,False,False,True,True,True,False,True,False,False,False,False,True,True,True,False,True,True,False,False,False,False,False,0,0,0,0
363,2026-09-25T11:18:30.012305+00:00,2026-09-25T12:47:35.429459+00:00,94.006,True,False,False,False,True,False,False,False,True,False,False,False,False,True,False,False,False,False,True,False,False,True,False,False,True,True,False,False,True,True,False,False,False,True,False,False,False,False,False,True,True,True,False,False,False,False,True,False,True,False,False,False,False,False,False,False,False,False,False,True,True,True,False,True,False,False,False,False,True,True,True,False,True,True,False,False,False,False,False,0,0,0,0
364,2026-09-25T11:18:30.366006+00:00,2026-09-25T12:47:35.784479+00:00,94.00500000000001,True,False,False,False,True,False,False,False,False,False,False,False,False,True,False,False,False,False,True,False,False,True,False,False,True,True,False,False,True,True,False,False,False,True,False,False,False,False,False,True,False,True,False,False,False,False,True,False,True,False,False,False,False,False,False,False,False,False,False,True,True,True,False,True,False,False,False,False,True,True,True,False,True,True,False,False,False,False,False,0,0,0,0
365,2026-09-25T11:18:30.726453+00:00,2026-09-25T12:47:36.141499+00:00,97.005,True,False,False,False,True,False,False,False,True,False,False,False,False,True,False,False,False,False,True,False,False,False,False,False,True,True,False,False,True,True,False,False,False,True,False,False,False,False,False,False,True,True,False,True,False,False,False,False,True,False,False,False,False,False,False,False,True,False,False,True,True,True,False,True,False,False,False,False,True,True,True,False,True,True,False,False,False,False,False,0,0,0,0
366,2026-09-25T11:18:31.095178+00:00,2026-09-25T12:47:36.508520+00:00,106.006,True,False,False,False,True,True,False,False,True,False,False,False,False,False,False,False,False,False,False,False,False,False,False,False,True,True,False,False,True,True,False,False,False,True,False,False,False,False,False,False,False,True,False,True,False,False,False,False,True,False,False,False,False,False,False,False,False,False,False,True,True,True,False,True,False,False,False,False,True,True,True,False,True,True,False,False,False,False,False,0,0,0,0
367,2026-09-25T11:18:31.454826+00:00,2026-09-25T12:47:36.869541+00:00,96.006,True,False,False,False,True,True,False,False,True,False,False,False,False,False,False,False,False,True,False,False,False,False,False,False,True,True,False,False,True,True,False,False,False,True,False,False,False,False,False,False,False,True,False,True,False,False,False,False,True,False,False,False,False,False,False,False,False,False,False,True,True,True,False,True,False,False,False,False,True,True,True,False,True,True,False,False,False,False,False,0,0,0,0
367,2026-09-25T11:18:31.454826+00:00,2026-09-25T12:47:36.869541+00:00,96.006,True,False,False,False,True,True,False,False,True,False,False,False,False,False,False,False,False,True,False,False,False,False,False,False,True,True,False,False,True,True,False,False,False,True,False,False,False,False,False,False,False,True,False,True,False,False,False,False,True,False,False,False,False,False,False,False,False,False,False,True,True,True,False,True,False,False,False,False,True,True,True,False,True,True,False,False,False,False,False,0,0,0,0
368,2026-09-25T11:18:31.804351+00:00,2026-09-25T12:47:37.222561+00:00,92.00500000000001,True,False,False,False,True,True,False,False,True,False,False,False,False,False,False,False,False,True,False,False,False,False,False,False,True,True,False,False,True,True,False,False,False,True,False,False,False,False,False,True,False,True,False,True,False,False,False,False,True,False,False,False,False,False,False,False,True,False,False,True,True,True,False,True,False,False,False,False,True,True,True,False,True,True,False,False,False,False,False,0,0,0,0
369,2026-09-25T11:18:32.262721+00:00,2026-09-25T12:47:37.678587+00:00,92.00500000000001,True,False,False,False,True,True,False,False,True,False,False,False,False,False,False,False,False,True,False,False,False,False,False,False,True,True,False,False,True,True,False,False,False,True,False,False,False,False,False,False,True,True,False,True,False,False,False,False,True,False,False,False,False,False,False,False,False,True,False,True,True,True,False,True,False,False,False,False,True,True,True,False,True,True,False,False,False,False,False,0,0,0,0
370,2026-09-25T11:18:32.670784+00:00,2026-09-25T12:47:38.078610+00:00,130.007,True,False,False,False,True,True,False,False,True,False,False,False,False,False,False,False,False,True,False,False,False,False,False,False,True,True,False,False,True,True,False,False,False,True,False,False,False,False,False,False,False,True,False,True,False,False,False,False,True,False,False,False,False,False,False,False,True,True,False,True,True,True,False,True,False,False,False,False,True,True,True,False,True,True,False,False,False,False,False,0,0,0,0
371,2026-09-25T11:18:33.051147+00:00,2026-09-25T12:47:38.454632+00:00,102.006,True,False,False,False,True,True,False,False,True,False,False,False,False,False,False,False,False,True,False,False,False,False,False,False,True,True,False,False,True,True,False,False,False,True,False,False,False,False,False,False,True,True,False,True,True,False,False,False,False,False,True,False,False,False,False,False,False,True,False,False,True,True,False,True,False,False,False,False,True,True,True,False,True,True,False,False,False,False,False,0,0,0,0
372,2026-09-25T11:18:33.489033+00:00,2026-09-25T12:47:38.902657+00:00,97.005,True,False,False,False,True,True,False,False,True,False,False,False,False,False,False,False,False,True,False,False,False,False,False,False,True,True,False,False,True,True,False,False,False,True,False,False,False,False,False,True,False,True,False,True,True,False,False,False,False,False,True,False,False,False,False,False,False,True,False,True,True,True,False,True,False,False,False,False,True,True,True,False,True,True,False,False,False,False,False,0,0,0,0
373,2026-09-25T11:18:33.987972+00:00,2026-09-25T12:47:39.326681+00:00,154.008,True,False,False,False,True,True,False,False,True,False,False,False,False,False,False,False,False,True,False,False,False,False,False,False,True,True,False,False,True,True,False,False,False,True,False,False,False,False,False,False,True,True,False,True,True,False,False,False,False,False,True,False,False,False,False,False,False,True,False,False,True,True,False,True,False,False,False,False,True,True,True,False,True,True,False,False,False,False,False,0,0,0,0
374,2026-09-25T11:18:34.353241+00:00,2026-09-25T12:47:39.765707+00:00,101.006,True,False,False,False,True,True,False,False,True,False,False,False,False,False,False,False,False,True,False,False,False,False,False,False,True,True,False,False,True,True,False,False,False,True,False,False,False,False,False,False,True,True,False,True,True,False,False,False,False,False,True,False,False,False,False,False,False,True,True,False,True,True,False,True,False,False,False,False,True,True,True,False,True,True,False,False,False,False,False,0,0,0,0
375,2026-09-25T11:18:34.708536+00:00,2026-09-25T12:47:40.124727+00:00,96.005,True,False,False,False,True,True,False,False,True,False,False,False,False,False,False,False,False,True,False,False,False,False,False,False,True,True,False,False,True,True,False,False,False,True,False,False,False,False,False,False,False,True,False,True,True,False,False,False,False,False,True,False,False,False,False,False,False,True,False,False,True,True,False,True,False,False,False,False,True,True,True,False,True,True,False,False,False,False,False,0,0,0,0
376,2026-09-25T11:18:35.072533+00:00,2026-09-25T12:47:40.476747+00:00,92.00500000000001,True,False,False,False,True,True,False,False,True,False,False,False,False,False,False,False,False,True,False,False,False,False,False,False,True,True,False,False,True,True,False,False,False,True,False,False,False,False,False,True,False,True,False,True,True,False,False,False,False,False,True,False,False,False,False,False,False,True,False,False,True,True,False,True,False,False,False,False,True,True,True,False,True,True,False,False,False,False,False,0,0,0,0
377,2026-09-25T11:18:35.425817+00:00,2026-09-25T12:47:40.843768+00:00,93.00500000000001,True,False,False,False,True,True,False,False,True,False,False,False,False,False,False,False,False,True,False,False,False,False,False,False,True,True,False,False,True,True,False,False,False,True,False,False,False,False,False,False,False,True,False,True,True,False,False,False,False,False,True,False,False,False,False,False,False,True,False,False,True,True,False,True,False,False,False,False,True,True,True,False,True,True,False,False,False,False,False,1,0,0,0
378,2026-09-25T11:18:35.844058+00:00,2026-09-25T12:47:41.238791+00:00,116.007,True,False,False,False,True,True,False,False,True,False,False,False,False,False,False,False,False,True,False,False,False,False,False,False,True,True,False,False,True,True,False,False,False,True,False,False,False,False,False,False,True,True,False,True,True,False,False,False,False,False,True,False,False,False,False,False,False,True,True,False,True,True,False,True,False,False,False,False,True,True,True,False,True,True,False,False,False,False,False,0,0,0,0
379,2026-09-25T11:18:36.227184+00:00,2026-09-25T12:47:41.643814+00:00,117.007,True,False,False,False,True,True,False,False,True,False,False,False,False,False,False,False,False,True,False,False,False,True,False,False,True,True,False,False,True,True,False,False,False,True,False,False,False,False,False,True,False,True,False,True,True,False,False,False,False,False,True,False,False,False,False,False,False,True,True,False,True,True,False,True,False,False,False,False,True,True,True,False,True,True,False,False,False,False,False,0,0,0,0
380,2026-09-25T11:18:36.626786+00:00,2026-09-25T12:47:41.998834+00:00,95.00500000000001,True,False,False,False,True,True,False,False,True,False,False,False,False,False,True,False,False,False,True,False,False,True,False,False,True,True,False,False,True,True,False,False,False,True,False,False,False,False,False,False,True,True,False,True,True,False,False,False,False,False,True,False,False,False,False,False,False,True,True,True,True,True,False,True,False,False,False,False,True,True,True,False,True,True,False,False,False,False,False,0,0,0,0
381,2026-09-25T11:18:36.992625+00:00,2026-09-25T12:47:42.410858+00:00,108.006,True,False,False,False,True,False,False,False,True,False,False,False,False,False,True,False,False,False,True,False,False,True,False,False,True,True,False,False,True,True,False,False,False,True,False,False,False,False,False,False,False,True,False,True,True,True,False,False,False,False,False,False,False,False,False,False,False,True,False,False,True,True,False,True,False,False,False,False,True,True,True,False,True,True,False,False,False,False,False,0,0,0,0
382,2026-09-25T11:18:37.383350+00:00,2026-09-25T12:47:42.787879+00:00,113.006,True,False,False,False,True,False,False,False,True,False,False,False,False,False,True,False,False,False,True,False,False,True,False,False,True,True,False,False,True,True,False,False,False,True,False,False,False,False,False,True,False,True,False,True,True,True,False,False,False,False,False,False,False,False,False,False,False,True,False,False,True,True,False,True,False,False,False,False,True,True,True,False,True,True,False,False,False,False,False,0,0,0,0
383,2026-09-25T11:18:37.918473+00:00,2026-09-25T12:47:43.254906+00:00,195.011,True,False,False,False,True,False,False,False,True,False,False,False,False,False,True,False,False,False,True,False,False,True,False,False,True,True,False,False,True,True,False,False,False,True,False,False,False,False,False,True,False,True,False,True,True,True,False,False,False,False,False,False,False,False,False,False,False,True,False,False,True,True,False,True,False,False,False,False,True,True,True,False,True,True,False,False,False,False,False,0,0,0,0
384,2026-09-25T11:18:38.278393+00:00,2026-09-25T12:47:43.694931+00:00,100.005,True,False,False,False,True,False,False,False,False,False,False,False,False,False,True,False,False,False,True,False,False,True,False,False,True,True,False,False,True,True,False,False,False,True,False,False,False,False,False,False,True,True,False,True,True,True,False,False,False,False,False,False,False,False,False,False,False,True,False,False,True,True,False,True,False,False,False,False,True,True,True,False,True,True,False,False,False,False,False,0,0,0,0
385,2026-09-25T11:18:38.708852+00:00,2026-09-25T12:47:44.099954+00:00,144.008,True,False,False,False,False,False,True,False,False,False,False,False,False,False,False,True,False,False,False,False,False,False,False,False,True,True,False,False,True,True,False,False,False,True,False,False,False,False,False,True,False,True,False,True,True,True,False,False,False,False,False,False,False,False,False,False,False,True,False,False,True,True,False,True,False,False,False,False,True,True,True,False,True,True,False,False,False,False,False,0,0,0,0
386,2026-09-25T11:18:39.127832+00:00,2026-09-25T12:47:44.489977+00:00,103.006,True,False,False,False,False,False,True,False,False,False,False,False,False,False,False,True,False,False,False,False,False,False,False,False,True,True,False,False,True,True,False,False,False,True,False,False,False,False,False,True,False,True,False,True,True,True,False,False,False,False,False,False,False,False,False,False,False,True,False,False,True,True,False,True,False,False,False,False,True,True,True,False,True,True,False,False,False,False,False,1,0,0,0
387,2026-09-25T11:18:39.499969+00:00,2026-09-25T12:47:44.899000+00:00,93.00500000000001,True,False,False,False,False,False,True,False,False,False,False,False,False,False,False,True,False,False,False,False,False,False,False,False,True,True,False,False,True,True,False,False,False,True,False,False,False,False,False,False,False,True,False,True,True,True,False,False,False,False,False,False,False,False,False,False,False,True,False,False,True,True,False,True,False,False,False,False,True,True,True,False,True,True,False,False,False,False,False,0,0,0,0
388,2026-09-25T11:18:39.924186+00:00,2026-09-25T12:47:45.316024+00:00,138.00799999999998,True,False,False,False,False,False,True,False,False,False,False,False,False,False,False,True,False,False,False,False,False,False,False,False,True,True,False,False,True,True,False,False,False,True,False,False,False,False,False,False,False,True,False,True,True,True,False,False,False,False,False,False,False,False,False,False,False,True,False,False,True,True,False,True,False,False,False,False,True,True,True,False,True,True,False,False,False,False,False,0,0,0,0
389,2026-09-25T11:18:40.281963+00:00,2026-09-25T12:47:45.699046+00:00,99.006,True,False,False,False,False,False,True,False,False,False,False,False,False,False,False,True,False,False,False,False,False,False,False,False,True,True,False,False,True,True,False,False,False,True,False,False,False,False,False,True,False,True,False,True,True,True,False,False,False,False,False,False,False,False,False,False,False,True,False,False,True,True,False,True,False,False,False,False,True,True,True,False,True,True,False,False,False,False,False,0,0,0,0
390,2026-09-25T11:18:40.737201+00:00,2026-09-25T12:47:46.053066+00:00,94.00500000000001,True,False,False,False,False,False,True,False,False,False,False,False,False,False,False,True,False,False,False,False,False,False,False,False,True,True,False,False,False,True,False,False,False,False,False,False,False,True,False,True,False,True,False,True,True,True,False,False,False,False,False,False,False,False,False,False,False,True,False,False,True,True,False,True,False,False,False,False,True,True,True,False,True,True,False,False,False,False,False,0,0,0,0
391,2026-09-25T11:18:41.203686+00:00,2026-09-25T12:47:46.568096+00:00,133.00799999999998,True,False,False,False,False,False,True,False,False,False,False,False,False,False,False,True,False,False,False,False,False,False,False,False,True,True,False,False,False,True,False,False,False,False,False,False,False,True,False,True,False,True,False,True,True,True,False,False,False,False,False,False,False,False,False,False,False,True,False,False,True,True,False,True,False,False,False,False,True,True,True,False,True,True,False,False,False,False,False,0,0,0,0
392,2026-09-25T11:18:41.561415+00:00,2026-09-25T12:47:46.976119+00:00,92.00500000000001,True,False,False,False,False,False,True,False,False,False,False,False,False,False,False,True,False,False,False,False,False,False,False,False,True,True,False,False,False,True,False,False,False,False,False,False,False,True,False,True,False,True,False,True,True,True,False,False,False,False,False,False,False,False,False,False,False,True,False,False,True,True,False,True,False,False,False,False,True,True,True,False,True,True,False,False,False,False,False,0,0,0,0
393,2026-09-25T11:18:41.962347+00:00,2026-09-25T12:47:47.339140+00:00,95.006,True,False,False,False,False,False,True,False,False,False,False,False,False,False,False,True,False,False,False,False,False,False,False,False,True,True,False,False,False,True,False,False,False,False,False,False,False,True,False,True,False,True,False,True,True,True,False,False,False,False,False,False,False,False,False,False,False,True,False,False,True,True,False,True,False,False,False,False,True,True,True,False,True,True,False,False,False,False,False,0,0,0,0
394,2026-09-25T11:18:42.319231+00:00,2026-09-25T12:47:47.733162+00:00,91.005,True,False,False,False,False,False,True,False,False,False,False,False,False,False,False,True,False,False,False,False,False,False,False,False,True,True,False,False,False,True,False,False,False,False,False,False,False,True,False,True,False,True,False,True,True,True,False,False,False,False,False,False,False,False,False,False,False,True,False,False,True,True,False,True,False,False,False,False,True,True,True,False,True,True,False,False,False,False,False,1,0,0,0
395,2026-09-25T11:18:42.705323+00:00,2026-09-25T12:47:48.085182+00:00,88.005,True,False,False,False,False,False,True,False,False,False,False,False,False,False,False,True,False,False,False,False,False,False,False,False,True,True,False,False,False,True,False,False,False,False,False,False,False,True,False,True,False,True,False,True,True,True,False,False,False,False,False,False,False,False,False,False,False,True,False,False,True,True,False,True,False,False,False,False,True,True,True,False,True,True,False,False,False,False,False,0,0,0,0
396,2026-09-25T11:18:43.147133+00:00,2026-09-25T12:47:48.562210+00:00,147.00900000000001,True,False,False,False,False,False,True,False,False,False,False,False,False,False,False,True,False,False,False,False,False,False,False,False,True,True,False,False,False,True,False,False,False,False,False,False,False,True,False,True,False,True,False,True,True,True,False,False,False,False,False,False,False,False,False,False,False,True,False,False,True,True,False,True,False,False,False,False,True,True,True,False,True,True,False,False,False,False,False,0,0,0,0
397,2026-09-25T11:18:43.520975+00:00,2026-09-25T12:47:48.931231+00:00,102.006,True,False,False,False,False,False,True,False,False,False,False,False,False,False,False,True,False,False,False,False,False,False,False,False,True,True,False,False,False,True,False,False,False,False,False,False,False,True,False,True,False,True,False,True,True,True,False,False,False,False,False,False,False,False,False,False,False,True,False,False,True,True,False,True,False,False,False,False,True,True,True,False,True,True,False,False,False,False,False,0,0,0,0
398,2026-09-25T11:18:43.906011+00:00,2026-09-25T12:47:49.295252+00:00,91.006,True,False,False,False,False,False,True,False,False,False,False,False,False,False,False,True,False,False,False,False,False,False,False,False,True,True,False,True,False,True,False,False,False,False,False,True,False,False,False,True,False,False,False,True,True,True,False,False,False,False,False,False,False,False,False,False,False,True,False,False,True,True,False,True,False,False,False,False,True,True,True,False,True,True,False,False,False,False,False,0,0,0,0
399,2026-09-25T11:18:44.266635+00:00,2026-09-25T12:47:49.681274+00:00,100.006,True,False,False,False,False,False,True,False,False,False,False,False,False,False,False,True,False,False,False,False,False,False,False,False,True,True,False,False,False,True,False,False,False,False,False,False,False,False,True,True,False,False,True,True,True,True,False,False,False,False,False,False,False,False,False,False,False,True,False,False,True,True,False,True,False,False,False,False,True,True,True,False,True,True,False,False,False,False,False,1,0,0,0
400,2026-09-25T11:18:44.658885+00:00,2026-09-25T12:47:50.031294+00:00,90.005,True,False,False,False,False,False,True,False,False,False,False,False,False,False,False,True,False,False,False,False,False,False,False,False,True,True,False,False,False,True,False,False,False,False,False,False,False,False,True,True,False,False,True,True,True,True,False,False,False,False,False,False,False,False,False,False,False,True,False,False,True,True,False,True,False,False,False,False,True,True,True,False,True,True,False,False,False,False,False,0,0,0,0
401,2026-09-25T11:18:45.029513+00:00,2026-09-25T12:47:50.446317+00:00,110.006,True,False,False,False,False,False,True,False,False,False,False,False,False,False,False,True,False,False,False,False,False,False,False,False,True,True,False,False,False,True,False,False,False,False,False,False,False,False,True,True,False,False,True,True,True,True,False,False,False,False,False,False,False,False,False,False,False,True,False,False,True,True,False,True,False,False,False,False,True,True,True,False,True,True,False,False,False,False,False,0,0,0,0
402,2026-09-25T11:18:45.407275+00:00,2026-09-25T12:47:50.798338+00:00,93.006,True,False,False,False,False,False,True,False,False,False,False,False,False,False,False,True,False,False,False,False,False,False,False,False,True,True,False,False,False,True,False,False,False,False,False,False,False,False,True,True,False,False,True,True,True,True,False,False,False,False,False,False,False,False,False,False,False,True,False,False,True,True,False,True,False,False,False,False,True,True,True,False,True,True,False,False,False,False,False,0,0,0,0
403,2026-09-25T11:18:45.760720+00:00,2026-09-25T12:47:51.177359+00:00,88.005,True,False,False,False,False,False,True,False,False,False,False,False,False,False,False,True,False,False,False,False,False,False,False,False,True,True,False,False,False,True,False,False,False,False,False,False,False,False,True,True,False,False,True,True,True,True,False,False,False,False,False,False,False,False,False,False,False,True,False,False,True,True,False,True,False,False,False,False,True,True,True,False,True,True,False,False,False,False,False,0,0,0,0
404,2026-09-25T11:18:46.339799+00:00,2026-09-25T12:47:51.625385+00:00,168.01,True,False,False,False,False,False,True,False,False,False,False,False,False,False,False,True,False,False,False,False,False,False,False,False,True,True,False,False,False,True,False,False,False,False,False,False,False,False,True,True,False,False,True,True,True,True,False,False,False,False,False,False,False,False,False,False,False,True,False,False,True,True,False,True,False,False,False,False,True,True,True,False,True,True,False,False,False,False,False,0,0,0,0
405,2026-09-25T11:18:46.732326+00:00,2026-09-25T12:47:52.107412+00:00,92.00500000000001,True,False,False,False,False,False,True,True,False,False,False,False,False,False,False,False,False,False,True,False,True,False,False,False,True,True,False,False,False,True,False,False,False,False,False,False,False,False,True,True,False,False,True,True,True,True,False,False,False,False,False,False,False,False,False,False,False,True,False,False,True,True,False,True,False,False,False,False,True,True,True,False,True,True,False,False,False,False,False,0,0,0,0
406,2026-09-25T11:18:47.097199+00:00,2026-09-25T12:47:52.509435+00:00,96.005,True,False,False,False,False,False,True,True,False,False,False,False,False,False,False,False,False,False,True,False,True,False,False,False,True,True,False,False,False,True,False,False,False,False,False,False,False,False,True,True,False,False,True,True,True,True,False,False,False,False,False,False,False,False,False,False,False,True,False,False,True,True,False,True,False,False,False,False,True,True,True,False,True,True,False,False,False,False,False,0,0,0,0
407,2026-09-25T11:18:47.498561+00:00,2026-09-25T12:47:52.900458+00:00,118.007,True,False,False,False,False,False,True,True,True,False,False,False,False,False,False,False,True,False,True,True,False,False,False,False,True,True,False,False,True,True,False,False,False,False,True,True,False,False,False,False,False,False,True,True,True,True,False,False,False,False,False,False,False,False,False,False,False,True,False,False,True,True,False,True,False,False,False,False,True,True,True,False,True,True,False,False,False,False,False,0,0,0,0
408,2026-09-25T11:18:47.920185+00:00,2026-09-25T12:47:53.335483+00:00,162.01,True,False,False,False,False,False,True,False,True,False,False,False,False,False,False,False,True,False,True,True,False,False,False,False,True,True,False,False,True,True,False,False,False,False,True,True,False,False,False,False,True,False,False,True,True,True,False,False,False,False,False,False,False,False,False,False,False,True,False,False,True,True,False,True,False,False,False,False,True,True,True,False,True,True,False,False,False,False,False,0,0,0,0
409,2026-09-25T11:18:48.415782+00:00,2026-09-25T12:47:53.808510+00:00,205.012,True,False,False,False,False,False,True,False,True,False,False,False,False,False,False,False,True,False,True,True,False,False,False,False,True,True,False,False,True,True,False,False,False,False,True,True,False,False,False,False,False,False,True,True,True,True,False,False,False,False,False,False,False,False,False,False,False,True,False,False,True,True,False,True,False,False,False,False,True,True,True,False,True,True,False,False,False,False,False,0,0,0,0
410,2026-09-25T11:18:48.786924+00:00,2026-09-25T12:47:54.193532+00:00,98.006,True,False,False,False,False,False,True,False,True,False,False,False,False,False,False,False,True,False,True,True,False,False,False,False,True,True,False,False,True,True,False,False,False,False,True,True,False,False,False,False,False,True,True,True,True,True,False,False,False,False,False,False,False,False,False,False,False,True,False,False,True,True,False,True,False,False,False,False,True,True,True,False,True,True,False,False,False,False,False,0,0,0,0
411,2026-09-25T11:18:49.161489+00:00,2026-09-25T12:47:54.560553+00:00,93.006,True,False,False,False,False,False,True,False,True,False,False,False,False,False,False,False,True,False,True,True,False,False,False,False,True,True,False,False,True,True,False,False,False,False,True,False,False,False,False,False,False,True,False,True,True,True,False,False,False,False,False,False,False,False,False,False,False,True,False,False,True,True,False,True,False,False,False,False,True,True,True,False,True,True,False,False,False,False,False,0,0,0,0
412,2026-09-25T11:18:49.586618+00:00,2026-09-25T12:47:54.971576+00:00,85.005,True,False,False,False,False,False,True,False,True,False,False,False,False,False,False,False,True,False,True,True,False,False,False,False,True,True,False,False,True,True,False,False,False,False,True,False,False,False,False,False,True,True,False,True,True,True,False,False,False,False,False,False,False,False,False,False,False,True,False,False,True,True,False,True,False,False,False,False,True,True,True,False,True,True,False,False,False,False,False,0,0,0,0
413,2026-09-25T11:18:49.959665+00:00,2026-09-25T12:47:55.365599+00:00,99.006,True,False,False,False,False,False,True,False,True,False,False,False,False,False,False,False,True,False,True,True,False,False,False,False,True,True,False,False,True,True,False,False,False,False,True,False,False,False,False,False,False,True,False,True,True,True,False,False,False,False,False,False,False,False,False,False,False,True,False,False,True,True,False,True,False,False,False,False,True,True,True,False,True,True,False,False,False,False,False,0,0,0,0
414,2026-09-25T11:18:50.337476+00:00,2026-09-25T12:47:55.735620+00:00,100.006,True,False,False,False,False,False,True,False,True,False,False,False,False,False,False,False,True,False,True,True,False,False,False,False,True,True,False,False,True,True,False,False,False,False,True,False,False,False,False,True,True,True,False,True,True,True,False,False,False,False,False,False,False,False,False,False,False,True,False,False,True,True,False,True,False,False,False,False,True,True,True,False,True,True,False,False,False,False,False,0,0,0,0
415,2026-09-25T11:18:50.764284+00:00,2026-09-25T12:47:56.170645+00:00,105.006,True,False,False,False,False,False,True,False,True,False,False,False,False,False,False,False,True,False,True,True,False,False,False,False,True,True,False,False,True,True,False,False,False,False,True,False,False,False,False,False,False,True,False,True,True,True,False,False,False,False,False,False,False,False,False,False,False,True,False,False,True,True,False,True,False,False,False,False,True,True,True,False,True,True,False,False,False,False,False,0,0,0,0
416,2026-09-25T11:18:51.141353+00:00,2026-09-25T12:47:56.537666+00:00,94.00500000000001,True,False,False,False,False,False,True,False,True,False,False,False,False,False,False,False,True,False,True,True,False,False,False,False,True,True,False,False,True,True,False,False,False,False,True,False,False,False,False,True,True,True,False,True,True,True,False,False,False,False,False,False,False,False,False,False,False,True,False,False,True,True,False,True,False,False,False,False,True,True,True,False,True,True,False,False,False,False,False,0,0,0,0
417,2026-09-25T11:18:51.508764+00:00,2026-09-25T12:47:56.908687+00:00,91.005,True,False,False,False,False,False,True,False,True,False,False,False,False,False,False,False,True,False,True,True,False,False,False,False,True,True,False,False,True,True,False,False,False,False,True,False,False,False,False,False,False,True,False,True,True,True,False,False,False,False,False,False,False,False,False,False,False,True,False,False,True,True,False,True,False,False,False,False,True,True,True,False,True,True,False,False,False,False,False,0,0,0,0
418,2026-09-25T11:18:51.932452+00:00,2026-09-25T12:47:57.347712+00:00,88.005,True,False,False,False,False,False,True,False,True,False,False,False,False,False,False,False,True,False,True,True,False,False,False,False,True,True,False,False,True,True,False,False,False,False,True,False,False,False,False,False,False,True,False,True,True,True,False,False,False,False,False,False,False,False,False,False,False,True,False,False,True,True,False,True,False,False,False,False,True,True,True,False,True,True,False,False,False,False,False,0,0,0,0
419,2026-09-25T11:18:52.293367+00:00,2026-09-25T12:47:57.701732+00:00,89.005,True,False,False,False,False,False,True,False,True,False,False,False,False,False,False,False,True,False,True,True,False,False,False,False,True,True,False,False,True,True,False,False,False,False,True,False,False,False,False,False,False,True,False,True,True,True,False,False,False,False,False,False,False,False,False,False,False,True,False,False,True,True,False,True,False,False,False,False,True,True,True,False,True,True,False,False,False,False,False,1,0,0,0
420,2026-09-25T11:18:52.654006+00:00,2026-09-25T12:47:58.055753+00:00,88.005,True,False,False,False,False,False,True,False,True,False,False,False,False,False,False,False,True,False,True,True,False,False,False,False,True,True,False,False,True,True,False,False,False,False,True,False,False,False,False,False,False,True,False,True,True,True,False,False,False,False,False,False,False,False,False,False,False,True,False,False,True,True,False,True,False,False,False,False,True,True,True,False,True,True,False,False,False,False,False,0,0,0,0
421,2026-09-25T11:18:53.036284+00:00,2026-09-25T12:47:58.439775+00:00,99.006,True,False,False,False,False,False,True,False,True,False,False,False,False,False,False,False,True,False,True,True,False,False,False,False,True,True,False,False,True,True,False,False,False,False,True,False,False,False,False,False,False,True,False,True,True,True,False,False,False,False,False,False,False,False,False,False,False,True,False,False,True,True,False,True,False,False,False,False,True,True,True,False,True,True,False,False,False,False,False,0,0,0,0
422,2026-09-25T11:18:53.444266+00:00,2026-09-25T12:47:58.815796+00:00,96.005,True,False,False,False,False,False,True,False,True,False,False,False,False,False,False,False,True,False,True,True,False,False,False,False,True,True,False,False,True,True,False,False,False,False,False,False,False,True,False,True,False,True,False,True,True,True,False,False,False,False,False,False,False,False,False,False,False,True,False,False,True,True,False,True,False,False,False,False,True,True,True,False,True,True,False,False,False,False,False,0,0,0,0
423,2026-09-25T11:18:53.803475+00:00,2026-09-25T12:47:59.220819+00:00,86.005,True,False,False,False,False,False,True,False,True,False,False,False,False,False,False,False,True,False,True,True,False,False,False,False,True,True,False,False,False,True,False,False,False,False,False,False,False,True,False,True,False,True,False,True,True,True,False,False,False,False,False,False,False,False,False,False,False,True,False,False,True,True,False,True,False,False,False,False,True,True,True,False,True,True,False,False,False,False,False,1,0,0,0
424,2026-09-25T11:18:54.191372+00:00,2026-09-25T12:47:59.580840+00:00,94.00500000000001,True,False,False,False,False,False,True,False,True,False,False,False,False,False,False,False,True,False,True,True,False,False,False,False,True,True,False,False,False,True,False,False,False,False,False,False,False,True,False,True,False,True,False,True,True,True,False,False,False,False,False,False,False,False,False,False,False,True,False,False,True,True,False,True,False,False,False,False,True,True,True,False,True,True,False,False,False,False,False,0,0,0,0
425,2026-09-25T11:18:54.603536+00:00,2026-09-25T12:48:00.014865+00:00,149.00900000000001,True,False,False,False,False,False,True,False,True,False,False,False,False,False,False,False,True,False,True,True,False,False,False,False,True,True,False,False,False,True,False,False,False,False,False,False,False,True,False,True,False,True,False,True,True,True,False,False,False,False,False,False,False,False,False,False,False,True,False,False,True,True,False,True,False,False,False,False,True,True,True,False,True,True,False,False,False,False,False,0,0,0,0
426,2026-09-25T11:18:54.984900+00:00,2026-09-25T12:48:00.379886+00:00,98.006,True,False,False,False,False,False,True,False,True,False,False,False,False,False,False,False,True,False,True,True,False,False,False,False,True,True,False,False,False,True,False,False,False,False,False,False,False,True,False,True,False,True,False,True,True,True,False,False,False,False,False,False,False,False,False,False,False,True,False,False,True,True,False,True,False,False,False,False,True,True,True,False,True,True,False,False,False,False,False,0,0,0,0
427,2026-09-25T11:18:55.403806+00:00,2026-09-25T12:48:00.796910+00:00,96.006,True,False,False,False,True,False,True,False,True,False,False,False,False,False,False,False,False,False,True,True,True,False,False,False,True,True,False,False,False,True,False,False,False,False,False,False,False,True,False,True,False,True,False,True,True,True,False,False,False,False,False,False,False,False,False,False,False,True,False,False,True,True,False,True,False,False,False,False,True,True,True,False,True,True,False,False,False,False,False,0,0,0,0
428,2026-09-25T11:18:55.784983+00:00,2026-09-25T12:48:01.189932+00:00,110.006,True,False,False,False,True,False,True,False,True,False,False,False,False,False,False,False,False,False,True,True,True,False,False,False,True,True,False,False,False,True,False,False,False,False,False,False,False,True,False,True,False,True,False,True,True,True,False,False,False,False,False,False,False,False,False,False,False,True,False,False,True,True,False,True,False,False,False,False,True,True,True,False,True,True,False,False,False,False,False,0,0,0,0
429,2026-09-25T11:18:56.192195+00:00,2026-09-25T12:48:01.599955+00:00,131.007,True,False,False,False,True,False,True,False,True,False,False,False,False,False,False,False,False,False,True,False,True,False,False,False,True,True,False,False,False,True,False,False,False,False,False,False,False,True,False,True,False,True,False,True,True,True,False,False,False,False,False,False,False,False,False,False,False,True,False,False,True,True,False,True,False,False,False,False,True,True,True,False,True,True,False,False,False,False,False,0,0,0,0
430,2026-09-25T11:18:56.662203+00:00,2026-09-25T12:48:01.989978+00:00,119.007,True,False,False,False,True,False,True,False,True,False,False,False,False,False,False,False,False,False,True,False,True,False,False,False,True,True,False,False,False,True,False,False,False,False,False,False,False,True,False,True,False,True,False,True,True,True,False,False,False,False,False,False,False,False,False,False,False,True,False,False,True,True,False,True,False,False,False,False,True,True,True,False,True,True,False,False,False,False,False,0,0,0,0
431,2026-09-25T11:18:57.053314+00:00,2026-09-25T12:48:02.455004+00:00,112.006,True,False,False,False,True,False,True,False,True,False,False,False,False,False,False,False,False,False,True,False,True,False,False,False,True,True,False,True,False,True,False,False,False,False,False,False,False,False,True,True,False,False,False,True,True,True,False,False,False,False,False,False,False,False,False,False,False,True,False,False,True,True,False,True,False,False,False,False,True,True,True,False,True,True,False,False,False,False,False,0,0,0,0
432,2026-09-25T11:18:57.434294+00:00,2026-09-25T12:48:02.845027+00:00,109.007,True,False,False,False,True,False,True,False,True,False,False,False,False,False,False,False,False,False,True,False,False,False,False,False,True,True,False,False,False,True,False,False,False,False,False,False,False,False,True,True,False,False,False,True,True,True,False,False,False,False,False,False,False,False,False,False,False,True,False,False,True,True,False,True,False,False,False,False,True,True,True,False,True,True,False,False,False,False,False,0,0,0,0
433,2026-09-25T11:18:57.827025+00:00,2026-09-25T12:48:03.229049+00:00,117.007,True,False,False,False,True,False,True,False,True,False,False,False,False,False,False,False,False,False,False,False,False,False,False,False,True,True,False,False,False,True,False,False,False,False,False,False,False,False,True,True,False,False,False,True,True,True,False,False,False,False,False,False,False,False,False,False,False,True,False,False,True,True,False,True,False,False,False,False,True,True,True,False,True,True,False,False,False,False,False,0,0,0,0
434,2026-09-25T11:18:58.374419+00:00,2026-09-25T12:48:03.788081+00:00,195.012,False,False,False,False,True,False,True,False,True,True,False,False,False,False,False,False,False,False,False,False,False,False,False,False,True,True,False,False,False,True,False,False,False,False,False,False,False,False,True,True,False,False,False,True,True,True,False,False,False,False,False,False,False,False,False,False,False,True,False,False,True,True,False,True,False,False,False,False,True,True,True,False,True,True,False,False,False,False,False,0,0,0,0
435,2026-09-25T11:18:58.815436+00:00,2026-09-25T12:48:04.205104+00:00,150.008,False,False,False,False,True,False,True,False,True,True,False,False,False,False,False,False,False,False,False,False,False,False,False,False,True,True,False,False,False,True,False,False,False,False,False,False,False,False,True,True,False,False,False,True,True,True,False,False,False,False,False,False,False,False,False,False,False,True,False,False,True,True,False,True,False,False,False,False,True,True,True,False,True,True,False,False,False,False,False,1,0,0,0
436,2026-09-25T11:18:59.183584+00:00,2026-09-25T12:48:04.584126+00:00,92.00500000000001,False,False,False,True,True,False,True,False,True,False,False,False,True,False,False,False,False,False,False,False,False,False,False,False,True,True,False,False,False,True,False,False,False,False,False,False,False,False,True,True,False,False,False,True,True,True,False,False,False,False,False,False,False,False,False,False,False,True,False,False,True,True,False,True,False,False,False,False,True,True,True,False,True,True,False,False,False,False,False,0,0,0,0
437,2026-09-25T11:18:59.729541+00:00,2026-09-25T12:48:05.112156+00:00,221.012,False,False,False,True,True,False,True,False,True,False,False,False,True,False,False,False,False,False,False,False,False,False,False,False,True,True,False,False,False,True,False,False,False,False,False,False,False,False,True,True,False,False,False,True,True,True,False,False,False,False,False,False,False,False,False,False,False,True,False,False,True,True,False,True,False,False,False,False,True,True,True,False,True,True,False,False,False,False,False,0,0,0,0
438,2026-09-25T11:19:00.102371+00:00,2026-09-25T12:48:05.507179+00:00,101.006,False,False,False,True,True,False,True,False,True,False,False,False,True,False,False,False,False,False,False,False,False,False,False,False,True,True,False,False,False,True,False,False,False,False,False,False,False,False,True,True,False,False,False,True,True,True,False,False,False,False,False,False,False,False,False,False,False,True,False,False,True,True,False,True,False,False,False,False,True,True,True,False,True,True,False,False,False,False,False,0,0,0,0
439,2026-09-25T11:19:00.588568+00:00,2026-09-25T12:48:05.928203+00:00,143.008,False,False,False,True,True,False,True,False,True,False,False,False,True,False,False,False,False,False,False,False,False,False,False,False,True,True,False,False,True,True,False,False,False,False,True,False,False,False,False,False,False,False,False,True,True,True,False,False,False,False,False,False,False,False,False,False,False,True,False,False,True,True,False,True,False,False,False,False,True,True,True,False,True,True,False,False,False,False,False,0,0,0,0
440,2026-09-25T11:19:01.023988+00:00,2026-09-25T12:48:06.409231+00:00,122.007,False,False,False,False,True,False,True,False,True,True,False,False,False,False,False,False,False,False,False,False,False,False,False,False,True,True,False,False,True,True,False,False,False,False,True,False,False,False,False,False,False,False,False,True,True,True,False,False,False,False,False,False,False,False,False,False,False,True,False,False,True,True,False,True,False,False,False,False,True,True,True,False,True,True,False,False,False,False,False,0,0,0,0
441,2026-09-25T11:19:01.583944+00:00,2026-09-25T12:48:06.987264+00:00,278.01599999999996,False,True,False,False,True,False,True,False,True,False,False,False,False,False,False,False,False,False,True,False,False,False,True,False,True,True,False,False,True,True,False,False,False,False,True,False,False,False,False,False,False,False,False,True,True,True,False,False,False,False,False,False,False,False,False,False,False,True,False,False,True,True,False,True,False,False,False,False,True,True,True,False,True,True,False,False,False,False,False,0,0,0,0
442,2026-09-25T11:19:02.025663+00:00,2026-09-25T12:48:07.425289+00:00,132.00799999999998,False,True,False,False,True,False,True,False,True,False,False,True,False,False,False,False,False,False,True,False,False,False,False,False,True,True,False,False,True,True,False,False,False,False,True,False,False,False,False,False,False,False,False,True,True,True,False,False,False,False,False,False,False,False,False,False,False,True,False,False,True,True,False,True,False,False,False,False,False,True,True,False,True,True,True,False,False,False,False,0,0,0,0
443,2026-09-25T11:19:02.459722+00:00,2026-09-25T12:48:07.827312+00:00,126.00800000000001,False,True,False,False,True,False,True,False,True,False,False,True,False,False,False,False,False,False,True,False,False,False,False,False,True,True,False,False,True,True,False,False,False,False,True,False,False,False,False,True,True,False,False,True,True,True,False,False,False,False,False,False,False,False,False,False,False,True,False,False,True,True,False,True,False,False,False,False,False,True,True,False,True,True,True,False,False,False,False,0,0,0,0
444,2026-09-25T11:19:02.886766+00:00,2026-09-25T12:48:08.290338+00:00,104.006,False,True,False,False,True,False,True,False,True,False,False,True,False,False,False,False,False,False,True,False,False,False,False,False,True,True,False,False,True,True,False,False,False,False,True,False,False,False,False,False,False,False,False,True,True,True,False,False,False,False,False,False,False,False,False,False,False,True,False,False,True,True,False,True,False,False,False,False,True,True,True,False,True,True,True,False,False,False,False,0,0,0,0
445,2026-09-25T11:19:03.302502+00:00,2026-09-25T12:48:08.711362+00:00,115.006,False,True,False,False,True,False,True,False,True,False,False,True,False,False,False,False,False,False,True,False,False,False,False,False,True,True,False,False,True,True,False,False,False,False,True,False,False,False,False,True,True,False,False,True,True,True,False,False,False,False,False,False,False,False,False,False,False,True,False,False,True,True,False,True,False,False,False,False,True,True,True,False,True,True,True,False,False,False,False,0,0,0,0
446,2026-09-25T11:19:03.700445+00:00,2026-09-25T12:48:09.087384+00:00,102.006,False,True,False,False,True,False,True,False,True,False,False,True,False,False,False,False,False,False,True,False,False,False,False,False,True,True,False,False,True,True,False,False,False,False,True,False,False,False,False,False,False,False,False,True,True,True,False,False,False,False,False,False,False,False,False,False,False,True,False,False,True,True,False,True,False,False,False,False,True,True,True,False,True,True,True,False,False,False,False,0,0,0,0
447,2026-09-25T11:19:04.122250+00:00,2026-09-25T12:48:09.499407+00:00,96.005,False,True,False,False,True,False,True,False,True,False,False,True,False,False,False,False,False,False,True,False,False,False,False,True,True,True,False,False,False,True,False,False,False,False,False,False,False,True,False,False,True,False,False,True,False,False,False,False,False,True,False,True,False,False,False,False,False,False,True,False,True,True,False,True,False,False,False,False,False,True,True,False,True,True,True,False,False,False,False,0,48,0,45
448,2026-09-25T11:19:04.628240+00:00,2026-09-25T12:48:10.033438+00:00,100.006,False,True,False,False,True,False,True,False,True,False,False,True,False,False,False,False,False,False,True,False,False,False,False,True,True,True,False,False,False,True,False,False,False,False,False,False,False,True,False,False,True,False,False,True,False,False,False,False,False,True,False,True,False,False,False,False,False,False,True,False,True,True,False,True,False,False,False,False,True,True,True,False,True,True,True,False,False,False,False,0,158,0,151
449,2026-09-25T11:19:05.007023+00:00,2026-09-25T12:48:10.411459+00:00,105.006,False,True,False,False,True,False,True,False,True,False,False,True,False,False,False,False,False,False,True,False,False,False,False,True,True,True,False,False,False,True,False,False,False,False,False,False,False,True,False,False,True,False,False,True,False,False,False,False,False,False,False,True,False,False,False,False,False,False,True,False,True,True,False,True,False,False,False,False,True,True,True,False,True,True,True,False,False,False,False,0,175,0,226
450,2026-09-25T11:19:05.506514+00:00,2026-09-25T12:48:10.777480+00:00,96.005,False,True,False,False,True,False,True,False,True,False,False,True,False,False,False,False,False,False,True,False,False,False,False,True,True,True,False,False,False,True,False,False,False,False,False,False,False,True,False,False,True,False,False,True,False,False,False,False,False,False,False,True,False,False,False,False,False,False,False,True,True,True,False,True,False,False,False,False,True,True,True,False,True,True,True,False,False,False,False,0,175,0,299
451,2026-09-25T11:19:05.887235+00:00,2026-09-25T12:48:11.283509+00:00,95.00500000000001,False,True,False,False,True,False,True,False,True,False,False,True,False,False,False,False,False,False,True,False,False,False,False,True,True,True,False,False,False,True,False,False,False,False,False,False,False,True,False,False,True,False,False,True,False,False,False,False,False,False,False,True,False,False,False,False,False,False,True,False,True,True,False,True,False,False,False,False,True,True,True,False,True,True,True,False,False,False,False,0,175,0,400
452,2026-09-25T11:19:06.319287+00:00,2026-09-25T12:48:11.717534+00:00,111.006,False,True,False,False,True,False,True,False,True,False,False,True,False,False,False,False,False,False,True,False,False,False,False,True,True,True,False,False,False,True,False,False,False,False,False,False,False,True,False,False,True,False,False,True,False,False,False,False,False,False,False,True,False,False,False,False,False,False,True,False,True,True,False,True,False,False,False,False,True,True,True,False,True,True,True,False,False,False,False,0,175,0,486
452,2026-09-25T11:19:06.319287+00:00,2026-09-25T12:48:11.717534+00:00,111.006,False,True,False,False,True,False,True,False,True,False,False,True,False,False,False,False,False,False,True,False,False,False,False,True,True,True,False,False,False,True,False,False,False,False,False,False,False,True,False,False,True,False,False,True,False,False,False,False,False,False,False,True,False,False,False,False,False,False,True,False,True,True,False,True,False,False,False,False,True,True,True,False,True,True,True,False,False,False,False,0,175,0,486
453,2026-09-25T11:19:06.702787+00:00,2026-09-25T12:48:12.098556+00:00,104.006,False,True,False,False,True,False,True,False,True,False,False,True,False,False,False,False,False,False,True,False,False,False,False,True,True,True,False,False,False,True,False,False,False,False,False,False,False,True,False,False,True,False,False,True,False,False,False,False,False,False,False,True,False,False,False,False,False,False,False,True,True,True,False,True,False,False,False,False,True,True,True,False,True,True,True,False,False,False,False,1,175,0,562
454,2026-09-25T11:19:07.109491+00:00,2026-09-25T12:48:12.487578+00:00,105.006,False,True,False,False,True,False,True,False,True,False,False,True,False,False,False,False,False,False,True,False,False,False,False,True,True,True,False,False,False,True,False,False,False,False,False,False,False,True,False,False,True,False,False,True,False,False,False,False,False,False,False,True,False,False,False,False,False,False,False,False,True,True,False,True,False,False,False,False,True,True,True,False,True,True,True,False,False,False,False,0,175,0,640
455,2026-09-25T11:19:07.490654+00:00,2026-09-25T12:48:12.887601+00:00,101.006,False,False,False,False,True,False,True,False,True,False,True,False,False,False,False,False,False,False,False,False,False,False,False,True,True,True,False,True,False,True,False,False,False,False,False,True,False,False,False,False,True,False,False,True,False,False,False,False,False,False,False,True,False,False,False,False,False,False,False,True,True,True,False,True,False,False,False,False,True,False,True,False,True,True,True,False,False,False,False,0,175,0,719
456,2026-09-25T11:19:07.893946+00:00,2026-09-25T12:48:13.267623+00:00,100.006,False,False,False,True,True,False,True,False,True,False,True,False,False,False,False,False,False,False,False,False,False,False,False,True,False,True,False,True,False,True,False,False,False,False,False,True,False,False,False,False,True,False,False,True,False,False,False,False,False,False,False,True,False,False,False,False,False,False,False,True,True,True,False,True,False,False,False,False,True,True,True,False,True,True,True,False,False,False,False,0,175,0,795
457,2026-09-25T11:19:08.272913+00:00,2026-09-25T12:48:13.688647+00:00,121.007,False,False,False,False,True,False,True,False,True,False,True,False,False,False,False,False,False,False,False,False,False,False,False,True,False,True,False,True,False,True,False,False,False,False,False,True,False,False,False,False,True,False,False,True,False,False,False,False,False,False,False,True,False,False,False,False,False,False,False,True,True,True,False,True,False,False,False,False,False,True,True,False,True,True,True,False,False,False,False,0,175,0,879
458,2026-09-25T11:19:08.719872+00:00,2026-09-25T12:48:14.128672+00:00,180.01,False,False,False,False,True,False,True,False,True,False,True,False,False,False,False,False,False,False,False,False,False,False,False,True,False,True,False,True,False,True,False,False,False,False,False,True,False,False,False,False,True,True,True,True,False,False,False,False,False,False,False,True,False,False,False,False,False,False,True,False,True,True,False,True,False,False,False,False,False,True,True,False,True,True,True,False,False,False,False,0,175,0,966
459,2026-09-25T11:19:09.112449+00:00,2026-09-25T12:48:14.513694+00:00,118.007,True,False,False,False,True,False,True,False,True,False,False,False,False,False,False,False,False,False,False,False,False,False,False,True,True,True,False,True,False,True,False,True,False,False,False,False,False,False,False,False,True,True,False,True,False,False,False,False,False,False,False,True,False,False,False,False,False,False,True,True,True,True,False,True,False,False,False,False,True,True,True,False,True,True,True,False,False,False,False,32,175,0,1043
460,2026-09-25T11:19:09.508291+00:00,2026-09-25T12:48:14.917717+00:00,124.007,True,False,False,False,True,False,True,False,True,False,False,False,False,False,False,False,False,False,False,False,False,False,False,True,True,False,False,True,False,True,False,True,False,False,False,False,False,False,False,False,True,True,False,True,False,False,False,False,False,False,False,True,False,False,False,False,False,False,True,False,True,True,False,True,False,False,False,False,True,True,True,False,True,True,True,False,False,False,False,0,175,0,1123
461,2026-09-25T11:19:09.912309+00:00,2026-09-25T12:48:15.311740+00:00,111.00699999999999,True,False,False,False,True,False,True,False,True,False,False,False,False,False,False,False,False,False,False,False,False,False,False,True,True,False,False,True,False,True,False,False,False,False,False,False,False,False,False,False,True,True,False,True,False,False,False,False,False,False,False,True,False,False,False,False,False,False,False,False,True,True,False,True,False,False,False,False,True,True,True,False,True,True,True,False,False,False,False,0,175,0,1202
462,2026-09-25T11:19:10.312776+00:00,2026-09-25T12:48:15.701762+00:00,105.006,True,False,False,False,True,False,True,False,True,False,False,False,False,False,False,False,False,False,False,False,False,False,False,True,True,False,False,True,False,True,False,False,False,False,False,False,False,False,False,False,True,True,False,True,False,False,False,False,False,False,False,True,False,False,False,False,False,False,True,False,True,True,False,True,False,False,False,False,True,True,False,False,True,True,True,False,False,False,False,0,175,0,1277
463,2026-09-25T11:19:10.675844+00:00,2026-09-25T12:48:16.083784+00:00,92.00500000000001,True,False,False,False,True,False,True,False,True,False,False,False,False,False,False,False,False,False,False,False,False,False,False,True,True,False,False,True,False,True,False,False,False,False,False,False,False,False,False,False,True,True,False,True,False,False,False,False,False,False,False,False,False,False,False,False,False,False,True,False,True,True,False,True,False,False,False,False,True,True,True,False,True,True,True,False,False,False,False,0,0,0,0
464,2026-09-25T11:19:11.063287+00:00,2026-09-25T12:48:16.456805+00:00,96.005,True,False,False,False,True,False,True,False,True,False,False,False,False,False,False,False,False,False,False,False,False,False,False,True,True,False,False,True,False,True,False,False,False,False,False,False,False,False,False,False,True,True,False,True,False,False,False,False,False,False,False,False,False,False,False,False,False,False,False,False,True,True,False,True,False,False,False,False,True,True,True,False,True,True,False,True,True,False,False,0,0,0,0
465,2026-09-25T11:19:11.457731+00:00,2026-09-25T12:48:16.846828+00:00,97.006,True,False,False,False,True,False,True,False,True,False,False,False,False,False,False,False,False,False,False,False,False,False,False,True,True,False,False,True,False,True,False,False,False,False,False,False,False,False,False,False,True,True,False,True,False,False,False,False,False,False,False,False,False,False,False,False,False,False,False,False,True,True,False,True,False,False,False,False,True,True,True,False,True,True,False,False,False,False,False,0,0,0,0
466,2026-09-25T11:19:11.832411+00:00,2026-09-25T12:48:17.243850+00:00,106.006,True,False,False,False,True,False,True,False,True,False,False,False,False,False,False,False,False,False,False,False,False,False,False,True,True,False,False,True,False,True,False,False,False,False,False,False,False,False,False,False,True,True,False,False,False,False,False,True,False,False,False,False,False,False,False,True,False,False,False,False,True,True,False,True,False,False,False,False,True,True,True,False,True,True,False,False,False,False,False,0,0,44,0
467,2026-09-25T11:19:12.236579+00:00,2026-09-25T12:48:17.625872+00:00,119.007,True,False,False,False,True,False,True,False,True,False,False,False,False,False,False,False,False,False,False,False,False,False,False,True,True,False,False,True,False,True,False,False,False,False,False,False,False,False,False,False,True,True,False,False,False,False,False,True,False,False,False,False,False,False,True,True,False,False,False,False,True,True,False,True,False,False,False,False,True,True,True,False,True,True,False,False,False,False,False,0,0,126,0
468,2026-09-25T11:19:12.627279+00:00,2026-09-25T12:48:18.025895+00:00,108.006,True,False,False,False,True,False,True,False,True,False,False,False,False,False,False,False,False,False,False,False,False,False,False,True,True,False,False,True,False,True,False,False,False,False,False,False,False,False,False,False,True,True,False,False,False,False,True,False,False,False,False,False,True,True,True,False,False,False,False,False,True,True,False,True,False,False,False,False,True,True,True,False,True,True,False,False,False,False,False,0,0,0,0
469,2026-09-25T11:19:13.057074+00:00,2026-09-25T12:48:18.404917+00:00,100.006,True,False,False,False,True,False,True,False,True,False,False,False,False,False,False,False,False,False,False,False,False,False,False,True,True,False,False,True,False,True,False,False,False,False,False,False,False,False,False,False,True,True,False,False,False,False,True,False,False,False,False,False,True,True,False,True,False,False,False,False,True,True,False,True,False,False,False,False,True,True,True,False,True,True,False,False,False,False,False,0,0,0,0
470,2026-09-25T11:19:13.444005+00:00,2026-09-25T12:48:18.831941+00:00,102.006,True,False,False,False,True,False,True,False,True,False,False,False,False,False,False,False,False,False,False,False,False,False,False,True,True,False,False,True,False,True,False,False,False,False,False,False,False,False,False,False,True,True,False,True,False,False,False,False,True,False,False,False,True,True,True,False,False,True,False,False,True,True,False,True,False,False,False,False,True,True,True,False,True,True,False,False,False,False,False,0,0,0,0
471,2026-09-25T11:19:13.836742+00:00,2026-09-25T12:48:19.231964+00:00,110.006,True,False,False,False,True,False,True,False,True,False,False,False,False,False,False,False,False,False,False,False,False,False,False,True,True,False,False,True,False,True,False,False,False,False,False,False,False,False,False,False,True,True,False,True,False,False,False,False,True,False,False,False,True,True,True,False,False,True,False,False,True,True,False,True,False,False,False,False,True,True,True,False,True,True,False,False,False,False,False,0,0,0,0
472,2026-09-25T11:19:14.269951+00:00,2026-09-25T12:48:19.611986+00:00,93.006,True,False,False,False,True,False,True,False,True,False,False,False,False,False,False,False,False,False,False,False,False,False,False,True,True,False,False,True,False,True,False,False,False,False,False,False,False,False,False,False,True,True,False,True,False,False,False,False,False,True,True,False,True,True,True,False,False,False,True,False,True,True,False,True,False,False,False,False,True,True,True,False,True,True,False,False,False,False,False,0,3,0,3
473,2026-09-25T11:19:14.650705+00:00,2026-09-25T12:48:20.040010+00:00,94.00500000000001,True,False,False,False,True,False,True,False,True,False,False,False,False,False,False,False,False,False,False,False,False,False,False,True,True,True,False,True,False,True,False,False,True,False,False,False,False,False,False,False,True,True,False,True,False,False,False,False,False,True,True,False,True,True,True,False,False,False,True,True,True,True,False,True,False,False,False,False,True,True,True,False,True,True,False,False,False,False,False,0,89,0,98
474,2026-09-25T11:19:15.055406+00:00,2026-09-25T12:48:20.442033+00:00,116.006,True,False,False,False,True,False,True,False,True,False,False,False,False,False,False,False,False,False,False,False,False,False,False,True,False,True,False,True,False,True,False,False,True,False,False,False,False,False,False,False,True,True,False,True,False,False,False,False,False,True,True,False,True,True,True,False,False,False,False,False,True,True,False,True,False,False,False,False,True,True,True,False,True,True,False,False,False,False,False,0,170,0,187
475,2026-09-25T11:19:15.566364+00:00,2026-09-25T12:48:20.951062+00:00,109.006,True,False,False,False,True,False,True,False,True,False,False,False,False,False,False,False,False,False,False,False,False,False,False,True,False,True,False,True,False,True,False,False,False,False,False,False,True,False,False,False,True,True,False,True,False,False,False,False,False,True,True,False,True,True,True,False,True,True,False,True,True,True,False,True,False,False,False,False,True,True,True,False,True,True,False,False,False,False,False,0,277,0,305
476,2026-09-25T11:19:15.941998+00:00,2026-09-25T12:48:21.341085+00:00,102.006,True,False,False,False,True,False,True,False,True,False,False,False,False,False,False,False,False,False,False,False,False,False,False,True,False,True,False,False,False,True,False,False,False,False,False,False,False,False,True,False,True,False,False,True,False,False,False,False,False,True,True,False,True,True,True,False,True,True,False,False,True,True,False,True,False,False,False,False,True,True,True,False,True,True,False,False,False,False,False,0,358,0,394
477,2026-09-25T11:19:16.346861+00:00,2026-09-25T12:48:21.740107+00:00,110.006,True,False,False,False,True,False,True,False,True,False,False,False,False,False,False,False,False,False,False,False,False,False,False,True,True,True,False,False,False,True,False,False,False,False,False,False,False,False,True,False,True,False,False,True,False,False,False,False,False,True,False,False,True,True,True,False,True,True,False,True,True,True,False,True,False,False,False,False,True,True,True,False,True,True,False,False,False,False,False,0,441,0,457
478,2026-09-25T11:19:16.891944+00:00,2026-09-25T12:48:22.276138+00:00,95.00500000000001,True,False,False,False,True,False,True,False,True,False,False,False,False,False,False,False,False,False,False,False,False,False,False,True,False,True,False,False,False,True,False,False,False,False,False,False,False,False,True,False,True,False,False,True,False,False,False,False,False,True,False,False,True,True,True,False,False,False,False,True,True,True,False,True,False,False,False,False,True,True,True,False,True,True,False,False,False,False,False,0,552,0,457
479,2026-09-25T11:19:17.309368+00:00,2026-09-25T12:48:22.712163+00:00,121.007,True,False,False,False,True,False,True,False,True,False,False,False,False,False,False,False,False,False,False,False,False,False,False,True,False,True,False,False,False,True,False,False,False,False,False,False,False,False,True,False,True,False,False,True,False,False,False,False,False,True,False,False,True,True,True,False,True,False,False,True,True,True,False,True,False,False,False,False,True,True,True,False,True,True,False,False,False,False,False,1,643,0,457
480,2026-09-25T11:19:17.768136+00:00,2026-09-25T12:48:23.173189+00:00,181.01,True,False,False,False,True,False,True,False,True,False,False,False,False,False,False,False,False,False,False,False,False,False,False,True,True,True,False,False,False,True,False,False,False,False,False,False,False,False,True,False,True,False,False,True,False,False,False,False,False,True,False,False,True,True,True,False,True,True,False,True,True,True,False,True,False,False,False,False,True,True,True,False,True,True,False,False,False,False,False,0,738,0,457
481,2026-09-25T11:19:18.162795+00:00,2026-09-25T12:48:23.562212+00:00,109.007,True,False,False,False,True,False,True,False,True,False,False,False,False,False,False,False,False,False,False,False,False,False,False,True,True,True,False,False,False,True,False,False,False,False,False,False,False,False,True,False,True,False,False,True,False,False,False,False,False,True,False,False,True,True,True,False,True,True,False,True,True,True,False,True,False,False,False,False,True,True,True,False,True,True,False,False,False,False,False,0,819,0,457
482,2026-09-25T11:19:18.683643+00:00,2026-09-25T12:48:24.011237+00:00,168.009,True,False,False,False,True,False,True,False,True,False,False,False,False,False,False,False,False,False,False,False,False,False,False,True,True,True,False,False,False,True,False,False,False,False,False,False,False,False,True,False,True,False,False,False,False,False,False,True,False,False,False,False,True,True,True,True,False,False,False,True,True,True,False,True,False,False,False,False,True,True,True,False,True,True,False,False,False,False,False,0,0,37,0
483,2026-09-25T11:19:19.122389+00:00,2026-09-25T12:48:24.538267+00:00,178.01,True,False,False,False,True,False,True,False,True,False,False,False,False,False,False,False,False,False,False,False,False,False,False,True,True,True,False,False,True,True,False,False,False,False,False,False,True,False,False,False,True,False,False,False,False,False,False,True,False,False,False,False,True,True,False,False,False,False,False,True,True,True,False,True,False,False,False,False,True,True,True,False,True,True,False,False,False,False,False,0,0,150,0
484,2026-09-25T11:19:19.657628+00:00,2026-09-25T12:48:24.913289+00:00,115.007,True,False,False,False,True,False,True,False,True,False,False,False,False,False,False,False,False,False,False,False,False,False,False,True,True,True,False,False,True,True,False,False,False,False,False,False,True,False,False,False,True,False,True,False,False,False,False,True,False,False,False,False,True,True,False,True,False,False,False,True,True,True,False,True,False,False,False,False,True,True,True,False,True,True,False,False,False,False,False,0,0,230,0
485,2026-09-25T11:19:20.111803+00:00,2026-09-25T12:48:25.520324+00:00,96.006,True,False,False,False,True,False,True,False,True,False,False,False,False,False,False,False,False,False,True,False,False,True,False,True,True,True,False,False,True,True,False,False,False,False,False,False,True,False,False,False,True,False,True,False,False,False,False,True,False,False,False,False,True,True,False,False,False,False,False,True,True,True,False,True,False,False,False,False,True,True,True,False,True,True,False,False,False,False,False,0,0,361,0
486,2026-09-25T11:19:20.494757+00:00,2026-09-25T12:48:25.888345+00:00,92.006,True,False,False,False,True,False,True,False,False,False,False,False,False,False,False,False,False,False,True,False,False,True,False,True,True,True,False,False,True,True,False,False,False,False,False,False,True,False,False,False,True,True,False,False,False,False,False,True,False,False,False,False,True,True,True,True,False,False,False,True,True,True,False,True,False,False,False,False,True,True,True,False,True,True,False,False,False,False,False,1,0,440,0
487,2026-09-25T11:19:20.921348+00:00,2026-09-25T12:48:26.260366+00:00,92.00500000000001,True,False,False,False,True,False,True,False,False,False,False,False,False,False,False,False,False,False,True,False,False,True,False,True,True,True,False,False,True,True,False,False,False,False,False,False,True,False,False,False,True,False,True,False,False,False,True,False,False,False,False,False,False,False,False,False,False,False,False,True,True,True,False,True,False,False,False,False,True,True,True,False,True,True,False,False,False,False,False,0,0,0,0
488,2026-09-25T11:19:21.342356+00:00,2026-09-25T12:48:26.718392+00:00,122.007,True,False,False,False,True,False,True,False,False,False,False,False,False,False,False,False,False,False,True,False,False,True,False,True,True,True,False,False,True,True,False,False,False,False,False,False,True,False,False,False,True,True,False,False,False,False,True,False,True,False,False,False,False,False,False,False,False,True,False,True,True,True,False,True,False,False,False,False,True,True,True,False,True,True,False,False,False,False,False,0,0,0,0
489,2026-09-25T11:19:21.761501+00:00,2026-09-25T12:48:27.136416+00:00,116.007,True,False,False,False,True,False,False,False,False,False,False,False,False,True,False,False,False,False,True,False,False,True,False,True,True,True,False,False,True,True,False,False,False,False,False,False,True,False,False,False,True,True,False,False,False,False,True,False,True,False,False,False,False,False,False,False,False,True,False,True,True,True,False,True,False,False,False,False,True,True,True,False,True,True,False,False,False,False,False,0,0,0,0
490,2026-09-25T11:19:22.192499+00:00,2026-09-25T12:48:27.593442+00:00,137.00799999999998,True,False,False,False,True,False,False,False,True,False,False,False,False,True,False,False,False,False,True,False,False,True,False,True,True,True,False,False,True,True,False,False,False,False,False,False,True,False,False,False,True,False,False,False,False,False,True,False,True,False,False,False,False,False,True,False,False,True,False,True,True,True,False,True,False,False,False,False,True,True,True,False,True,True,False,False,False,False,False,0,0,0,0
491,2026-09-25T11:19:22.705672+00:00,2026-09-25T12:48:27.976464+00:00,104.006,True,False,False,False,True,False,False,False,True,False,False,False,False,True,False,False,False,False,True,False,False,True,False,False,True,True,True,False,True,True,False,False,False,True,False,True,False,False,False,False,True,True,True,False,False,False,True,False,True,False,False,False,False,False,True,False,False,False,False,True,True,True,False,True,False,False,False,False,True,True,True,False,True,True,False,False,False,False,False,0,0,0,0
492,2026-09-25T11:19:23.128075+00:00,2026-09-25T12:48:28.518495+00:00,103.006,True,False,False,False,True,False,False,False,True,False,False,False,False,True,False,False,False,False,True,False,False,True,False,False,True,True,False,False,True,True,False,False,False,True,False,True,False,False,False,False,True,False,False,False,False,False,True,False,True,False,False,False,False,False,True,False,False,False,False,True,True,True,False,True,False,False,False,False,True,True,True,False,True,True,False,False,False,False,False,0,0,0,0
493,2026-09-25T11:19:23.569997+00:00,2026-09-25T12:48:28.936519+00:00,104.006,True,False,False,False,True,True,False,False,True,False,False,False,False,True,False,False,False,False,False,False,False,False,False,False,True,True,False,False,True,True,False,False,False,True,False,True,False,False,False,False,True,False,False,False,False,False,True,False,True,False,False,False,False,False,False,True,False,True,False,True,True,True,False,True,False,False,False,False,True,True,True,False,True,True,False,False,False,False,False,0,0,0,0
494,2026-09-25T11:19:23.965982+00:00,2026-09-25T12:48:29.368544+00:00,126.007,True,False,False,False,True,True,False,False,True,False,False,False,False,False,False,False,False,False,False,False,False,False,False,False,True,True,False,False,True,True,False,False,False,True,False,True,False,False,False,False,False,False,False,True,False,False,False,False,True,False,False,False,False,False,False,False,False,False,False,True,True,True,False,True,False,False,False,False,True,True,True,False,True,True,False,False,False,False,False,0,0,0,0
495,2026-09-25T11:19:24.446975+00:00,2026-09-25T12:48:29.851571+00:00,102.005,True,False,False,False,True,True,False,False,True,False,False,False,False,False,False,False,False,True,False,False,False,False,False,False,True,True,False,False,True,True,False,False,False,True,False,False,False,False,False,False,True,True,False,True,False,False,False,False,True,False,False,False,False,False,False,False,False,False,False,True,True,True,False,True,False,False,False,False,True,True,True,False,True,True,False,False,False,False,False,0,0,0,0
495,2026-09-25T11:19:24.446975+00:00,2026-09-25T12:48:29.851571+00:00,102.005,True,False,False,False,True,True,False,False,True,False,False,False,False,False,False,False,False,True,False,False,False,False,False,False,True,True,False,False,True,True,False,False,False,True,False,False,False,False,False,False,True,True,False,True,False,False,False,False,True,False,False,False,False,False,False,False,False,False,False,True,True,True,False,True,False,False,False,False,True,True,True,False,True,True,False,False,False,False,False,0,0,0,0
496,2026-09-25T11:19:24.920156+00:00,2026-09-25T12:48:30.320598+00:00,100.006,True,False,False,False,True,True,False,False,False,False,False,False,False,False,False,False,False,True,False,False,False,False,False,False,True,True,False,False,True,True,False,False,False,True,False,False,False,False,False,True,False,True,False,True,False,False,False,False,True,False,False,False,False,False,False,False,False,True,False,True,True,True,False,True,False,False,False,False,True,True,True,False,True,True,False,False,False,False,False,0,0,0,0
497,2026-09-25T11:19:25.300090+00:00,2026-09-25T12:48:30.687619+00:00,89.005,True,False,False,False,True,True,False,False,False,False,False,False,False,False,False,False,False,True,False,False,False,False,False,False,True,True,False,False,True,True,False,False,False,True,False,False,False,False,False,False,True,True,False,True,False,False,False,False,True,False,False,False,False,False,False,False,True,False,False,True,True,True,False,True,False,False,False,False,True,True,True,False,True,True,False,False,False,False,False,0,0,0,0
498,2026-09-25T11:19:25.677074+00:00,2026-09-25T12:48:31.074641+00:00,101.005,True,False,False,False,True,True,False,False,False,False,False,False,False,False,False,False,False,True,False,False,False,False,False,False,True,True,False,False,True,True,False,False,False,True,False,False,False,False,False,False,True,True,False,True,False,False,False,False,True,False,False,False,False,False,False,False,False,True,False,True,True,True,False,True,False,False,False,False,True,True,True,False,True,True,False,False,False,False,False,0,0,0,0
499,2026-09-25T11:19:26.058850+00:00,2026-09-25T12:48:31.453663+00:00,100.006,True,False,False,False,True,True,False,False,True,False,False,False,False,False,False,False,False,True,False,False,False,False,False,False,True,True,False,False,True,True,False,False,False,True,False,False,False,False,False,True,True,True,False,True,True,False,False,False,False,False,True,False,False,False,False,False,False,True,False,False,True,True,False,True,False,False,False,False,True,True,True,False,True,True,False,False,False,False,False,0,0,0,0
499,2026-09-25T11:19:26.058850+00:00,2026-09-25T12:48:31.453663+00:00,100.006,True,False,False,False,True,True,False,False,True,False,False,False,False,False,False,False,False,True,False,False,False,False,False,False,True,True,False,False,True,True,False,False,False,True,False,False,False,False,False,True,True,True,False,True,True,False,False,False,False,False,True,False,False,False,False,False,False,True,False,False,True,True,False,True,False,False,False,False,True,True,True,False,True,True,False,False,False,False,False,0,0,0,0
500,2026-09-25T11:19:26.434376+00:00,2026-09-25T12:48:31.828684+00:00,96.005,True,False,False,False,True,True,False,False,False,False,False,False,False,False,False,False,False,True,False,False,False,False,False,False,True,True,False,False,True,True,False,False,False,True,False,False,False,False,False,False,True,True,False,True,True,False,False,False,False,False,True,False,False,False,False,False,False,True,False,False,True,True,False,True,False,False,False,False,True,True,True,False,True,True,False,False,False,False,False,0,0,0,0
501,2026-09-25T11:19:26.802338+00:00,2026-09-25T12:48:32.208706+00:00,100.006,True,False,False,False,True,True,False,False,False,False,False,False,False,False,False,False,False,True,False,False,False,False,False,False,True,True,False,False,True,True,False,False,False,False,False,False,False,True,False,False,False,True,False,True,True,False,False,False,False,False,True,False,False,False,False,False,False,True,True,True,True,True,False,True,False,False,False,False,True,True,True,False,True,True,False,False,False,False,False,0,0,0,0
502,2026-09-25T11:19:27.257345+00:00,2026-09-25T12:48:32.613729+00:00,114.006,True,False,False,False,True,True,False,False,False,False,False,False,False,False,False,False,False,True,False,False,False,False,False,False,True,True,False,False,False,True,False,False,False,False,False,False,False,True,False,False,False,True,False,True,True,False,False,False,False,False,True,False,False,False,False,False,False,True,False,False,True,True,False,True,False,False,False,False,True,True,True,False,True,True,False,False,False,False,False,0,0,0,0
503,2026-09-25T11:19:27.615959+00:00,2026-09-25T12:48:33.025753+00:00,90.005,True,False,False,False,True,True,False,False,False,False,False,False,False,False,False,False,False,True,False,False,False,False,False,False,True,True,False,False,False,True,False,False,False,False,False,False,False,True,False,False,False,True,False,True,True,False,False,False,False,False,True,False,False,False,False,False,False,True,True,True,True,True,False,True,False,False,False,False,True,True,True,False,True,True,False,False,False,False,False,0,0,0,0
504,2026-09-25T11:19:28.038607+00:00,2026-09-25T12:48:33.405775+00:00,116.007,True,False,False,False,True,True,False,False,False,False,False,False,False,False,False,False,False,True,False,False,False,False,False,False,True,True,False,False,False,True,False,False,False,False,False,False,False,True,False,False,False,True,False,True,True,False,False,False,False,False,True,False,False,False,False,False,False,True,False,False,True,True,False,True,False,False,False,False,True,True,True,False,True,True,False,False,False,False,False,0,0,0,0
505,2026-09-25T11:19:28.479701+00:00,2026-09-25T12:48:33.840800+00:00,102.006,True,False,False,False,True,True,False,False,False,False,False,False,False,False,False,False,False,True,False,False,False,False,False,False,True,True,False,False,False,True,False,False,False,False,False,False,False,True,False,False,False,True,False,True,True,False,False,False,False,False,True,False,False,False,False,False,False,True,True,True,True,True,False,True,False,False,False,False,True,True,True,False,True,True,False,False,False,False,False,0,0,0,0
506,2026-09-25T11:19:28.935075+00:00,2026-09-25T12:48:34.300826+00:00,143.008,True,False,False,False,True,True,False,False,False,False,False,False,False,False,False,False,False,True,False,False,False,False,False,False,True,True,False,False,False,True,False,False,False,False,False,False,False,True,False,False,False,True,False,True,True,False,False,False,False,False,True,False,False,False,False,False,False,True,False,False,True,True,False,True,False,False,False,False,True,True,True,False,True,True,False,False,False,False,False,0,0,0,0
507,2026-09-25T11:19:29.450892+00:00,2026-09-25T12:48:34.817855+00:00,194.011,True,False,False,False,True,True,False,False,False,False,False,False,False,False,True,False,False,False,True,False,False,True,False,False,True,True,False,False,False,True,False,False,False,False,False,False,False,True,False,False,False,True,False,True,True,False,False,False,False,False,True,False,False,False,False,False,False,True,False,True,True,True,False,True,False,False,False,False,True,True,True,False,True,True,False,False,False,False,False,0,0,0,0
508,2026-09-25T11:19:29.890549+00:00,2026-09-25T12:48:35.228879+00:00,103.006,True,False,False,False,True,False,False,False,True,False,False,False,False,False,True,False,False,False,True,False,False,True,False,False,True,True,False,False,False,True,False,False,False,False,False,False,False,True,False,False,False,True,False,True,True,True,False,False,False,False,False,False,False,False,False,False,False,True,False,False,True,True,False,True,False,False,False,False,True,True,True,False,True,True,False,False,False,False,False,0,0,0,0
509,2026-09-25T11:19:30.295997+00:00,2026-09-25T12:48:35.670904+00:00,108.006,True,False,False,False,True,False,False,False,True,False,False,False,False,False,True,False,False,False,True,False,False,True,False,False,True,True,False,True,False,True,False,False,False,False,False,True,False,False,False,False,False,False,False,True,True,True,False,False,False,False,False,False,False,False,False,False,False,True,False,True,True,True,False,True,False,False,False,False,True,True,True,False,True,True,False,False,False,False,False,0,0,0,0
510,2026-09-25T11:19:30.719525+00:00,2026-09-25T12:48:36.068927+00:00,99.006,True,False,False,False,True,False,False,False,True,False,False,False,False,False,True,False,False,False,True,False,False,True,False,False,True,True,False,False,False,True,False,False,False,False,False,False,False,False,True,False,False,False,True,True,True,True,False,False,False,False,False,False,False,False,False,False,False,True,False,True,True,True,False,True,False,False,False,False,True,True,True,False,True,True,False,False,False,False,False,1,0,0,0
511,2026-09-25T11:19:31.178818+00:00,2026-09-25T12:48:36.503952+00:00,110.006,True,False,False,False,True,False,False,False,False,False,False,False,False,False,True,False,False,False,True,False,False,True,False,False,True,True,False,False,False,True,False,False,False,False,False,False,False,False,True,False,False,False,True,True,True,True,False,False,False,False,False,False,False,False,False,False,False,True,False,True,True,True,False,True,False,False,False,False,True,True,True,False,True,True,False,False,False,False,False,0,0,0,0
512,2026-09-25T11:19:31.662138+00:00,2026-09-25T12:48:36.945977+00:00,93.00500000000001,True,False,False,False,False,False,True,False,False,False,False,False,False,False,False,True,False,False,False,False,False,False,False,False,True,True,False,False,False,True,False,False,False,False,False,False,False,False,True,False,False,False,True,True,True,True,False,False,False,False,False,False,False,False,False,False,False,True,False,True,True,True,False,True,False,False,False,False,True,True,True,False,True,True,False,False,False,False,False,0,0,0,0
513,2026-09-25T11:19:32.061732+00:00,2026-09-25T12:48:37.439005+00:00,103.006,True,False,False,False,False,False,True,False,False,False,False,False,False,False,False,True,False,False,False,False,False,False,False,False,True,True,False,False,False,True,False,False,False,False,False,False,False,False,True,False,False,False,True,True,True,True,False,False,False,False,False,False,False,False,False,False,False,True,False,True,True,True,False,True,False,False,False,False,True,True,True,False,True,True,False,False,False,False,False,0,0,0,0
514,2026-09-25T11:19:32.446457+00:00,2026-09-25T12:48:37.840028+00:00,97.005,True,False,False,False,False,False,True,False,False,False,False,False,False,False,False,True,False,False,False,False,False,False,False,False,True,True,False,False,False,True,False,False,False,False,False,False,False,False,True,False,False,False,True,True,True,True,False,False,False,False,False,False,False,False,False,False,False,True,False,True,True,True,False,True,False,False,False,False,True,True,True,False,True,True,False,False,False,False,False,0,0,0,0
515,2026-09-25T11:19:32.846738+00:00,2026-09-25T12:48:38.229051+00:00,107.007,True,False,False,False,False,False,True,False,False,False,False,False,False,False,False,True,False,False,False,False,False,False,False,False,True,True,False,False,False,True,False,False,False,False,False,False,False,False,True,False,False,False,True,True,True,True,False,False,False,False,False,False,False,False,False,False,False,True,False,True,True,True,False,True,False,False,False,False,True,True,True,False,True,True,False,False,False,False,False,0,0,0,0
516,2026-09-25T11:19:33.218081+00:00,2026-09-25T12:48:38.627073+00:00,96.005,True,False,False,False,False,False,True,False,False,False,False,False,False,False,False,True,False,False,False,False,False,False,False,False,True,True,False,False,False,True,False,False,False,False,False,False,False,False,True,False,False,False,True,True,True,True,False,False,False,False,False,False,False,False,False,False,False,True,False,True,True,True,False,True,False,False,False,False,True,True,True,False,True,True,False,False,False,False,False,0,0,0,0
517,2026-09-25T11:19:33.646344+00:00,2026-09-25T12:48:39.003095+00:00,107.006,True,False,False,False,False,False,True,False,False,False,False,False,False,False,False,True,False,False,False,False,False,False,False,False,True,True,False,False,True,True,False,False,False,True,False,False,False,False,False,False,True,False,True,True,True,True,False,False,False,False,False,False,False,False,False,False,False,True,False,True,True,True,False,True,False,False,False,False,True,True,True,False,True,True,False,False,False,False,False,1,0,0,0
518,2026-09-25T11:19:34.109903+00:00,2026-09-25T12:48:39.481122+00:00,97.005,True,False,False,False,False,False,True,False,False,False,False,False,False,False,False,True,False,False,False,False,False,False,False,False,True,True,False,False,True,True,False,False,False,True,False,False,False,False,False,True,False,False,True,True,True,True,False,False,False,False,False,False,False,False,False,False,False,True,False,True,True,True,False,True,False,False,False,False,True,True,True,False,True,True,False,False,False,False,False,0,0,0,0
519,2026-09-25T11:19:34.576536+00:00,2026-09-25T12:48:39.957149+00:00,154.008,True,False,False,False,False,False,True,False,False,False,False,False,False,False,False,True,False,False,False,False,False,False,False,False,True,True,False,False,True,True,False,False,False,True,False,False,False,False,False,True,False,False,True,True,True,True,False,False,False,False,False,False,False,False,False,False,False,True,False,True,True,True,False,True,False,False,False,False,True,True,True,False,True,True,False,False,False,False,False,0,0,0,0
520,2026-09-25T11:19:35.045126+00:00,2026-09-25T12:48:40.367173+00:00,116.007,True,False,False,False,False,False,True,False,False,False,False,False,False,False,False,True,False,False,False,False,False,False,False,False,True,True,False,False,True,True,False,False,False,True,False,False,False,False,False,False,True,False,True,True,True,True,False,False,False,False,False,False,False,False,False,False,False,True,False,True,True,True,False,True,False,False,False,False,True,True,True,False,True,True,False,False,False,False,False,0,0,0,0
521,2026-09-25T11:19:35.462772+00:00,2026-09-25T12:48:40.827199+00:00,107.006,True,False,False,False,False,False,True,False,False,False,False,False,False,False,False,True,False,False,False,False,False,False,False,False,True,True,False,False,True,True,False,False,False,True,False,False,False,False,False,False,True,False,True,True,True,True,False,False,False,False,False,False,False,False,False,False,False,True,False,True,True,True,False,True,False,False,False,False,True,True,True,False,True,True,False,False,False,False,False,1,0,0,0
522,2026-09-25T11:19:36.007081+00:00,2026-09-25T12:48:41.403232+00:00,87.005,True,False,False,False,False,False,True,False,False,False,False,False,False,False,False,True,False,False,False,False,False,False,False,False,True,True,False,False,True,True,False,False,False,True,False,False,False,False,False,False,False,False,True,True,True,True,False,False,False,False,False,False,False,False,False,False,False,True,False,True,True,True,False,True,False,False,False,False,True,True,True,False,True,True,False,False,False,False,False,0,0,0,0
523,2026-09-25T11:19:36.519696+00:00,2026-09-25T12:48:41.917261+00:00,93.00500000000001,True,False,False,False,False,False,True,False,False,False,False,False,False,False,False,True,False,False,False,False,False,False,False,False,True,True,False,False,True,True,False,False,False,True,False,False,False,False,False,True,False,False,True,True,True,True,False,False,False,False,False,False,False,False,False,False,False,True,False,True,True,True,False,True,False,False,False,False,True,True,True,False,True,True,False,False,False,False,False,0,0,0,0
524,2026-09-25T11:19:36.898839+00:00,2026-09-25T12:48:42.291283+00:00,98.006,True,False,False,False,False,False,True,False,False,False,False,False,False,False,False,True,False,False,False,False,False,False,False,False,True,True,False,False,True,True,False,False,False,True,False,False,False,False,False,False,False,False,True,True,True,True,False,False,False,False,False,False,False,False,False,False,False,True,False,True,True,True,False,True,False,False,False,False,True,True,True,False,True,True,False,False,False,False,False,0,0,0,0
525,2026-09-25T11:19:37.311057+00:00,2026-09-25T12:48:42.689306+00:00,112.00699999999999,True,False,False,False,False,False,True,False,False,False,False,False,False,False,False,True,False,False,False,False,False,False,False,False,True,True,False,False,False,True,False,False,False,False,False,False,False,True,False,True,False,False,True,True,True,True,False,False,False,False,False,False,False,False,False,False,False,True,False,True,True,True,False,True,False,False,False,False,True,True,True,False,True,True,False,False,False,False,False,0,0,0,0
526,2026-09-25T11:19:37.672081+00:00,2026-09-25T12:48:43.082328+00:00,96.005,True,False,False,False,False,False,True,False,False,False,False,False,False,False,False,True,False,False,False,False,False,False,False,False,True,True,False,False,False,True,False,False,False,False,False,False,False,True,False,True,False,False,True,True,True,True,False,False,False,False,False,False,False,False,False,False,False,True,False,True,True,True,False,True,False,False,False,False,True,True,True,False,True,True,False,False,False,False,False,0,0,0,0
527,2026-09-25T11:19:38.194483+00:00,2026-09-25T12:48:43.593357+00:00,90.005,True,False,False,False,False,False,True,False,False,False,False,False,False,False,False,True,False,False,False,False,False,False,False,False,True,True,False,False,False,True,False,False,False,False,False,False,False,True,False,True,False,False,True,True,True,True,False,False,False,False,False,False,False,False,False,False,False,True,False,True,True,True,False,True,False,False,False,False,True,True,True,False,True,True,False,False,False,False,False,1,0,0,0
528,2026-09-25T11:19:38.666035+00:00,2026-09-25T12:48:44.062384+00:00,126.007,True,False,False,False,False,False,True,False,False,False,False,False,False,False,False,True,False,False,False,False,False,False,False,False,True,True,False,False,False,True,False,False,False,False,False,False,False,True,False,True,False,False,True,True,True,True,False,False,False,False,False,False,False,False,False,False,False,True,False,True,True,True,False,True,False,False,False,False,True,True,True,False,True,True,False,False,False,False,False,0,0,0,0
529,2026-09-25T11:19:39.288002+00:00,2026-09-25T12:48:44.500409+00:00,157.00900000000001,True,False,False,False,False,False,True,False,False,False,False,False,False,False,False,True,False,False,False,False,False,False,False,False,True,True,False,False,False,True,False,False,False,False,False,False,False,True,False,True,False,False,True,True,True,True,False,False,False,False,False,False,False,False,False,False,False,True,False,True,True,True,False,True,False,False,False,False,True,True,True,False,True,True,False,False,False,False,False,0,0,0,0
530,2026-09-25T11:19:39.781251+00:00,2026-09-25T12:48:45.176448+00:00,188.01100000000002,True,False,False,False,False,False,True,True,False,False,False,False,False,False,False,False,False,False,True,False,True,False,False,False,True,True,False,False,False,True,False,False,False,False,False,False,False,True,False,True,False,False,True,True,True,True,False,False,False,False,False,False,False,False,False,False,False,True,False,True,True,True,False,True,False,False,False,False,True,True,True,False,True,True,False,False,False,False,False,1,0,0,0
531,2026-09-25T11:19:40.151155+00:00,2026-09-25T12:48:45.555470+00:00,97.006,True,False,False,False,False,False,True,True,True,False,False,False,False,False,False,False,False,False,True,True,False,False,False,False,True,True,False,False,False,True,False,False,False,False,False,False,False,True,False,True,False,False,True,True,True,True,False,False,False,False,False,False,False,False,False,False,False,True,False,True,True,True,False,True,False,False,False,False,True,True,True,False,True,True,False,False,False,False,False,0,0,0,0
532,2026-09-25T11:19:40.518140+00:00,2026-09-25T12:48:45.927491+00:00,99.006,True,False,False,False,False,False,True,False,True,False,False,False,False,False,False,False,True,False,True,True,False,False,False,False,True,True,False,True,False,True,False,False,False,False,False,False,True,False,False,True,False,False,False,True,True,True,False,False,False,False,False,False,False,False,False,False,False,True,False,True,True,True,False,True,False,False,False,False,True,True,True,False,True,True,False,False,False,False,False,0,0,0,0
533,2026-09-25T11:19:40.905040+00:00,2026-09-25T12:48:46.311513+00:00,90.005,True,False,False,False,False,False,True,False,True,False,False,False,False,False,False,False,True,False,True,True,False,False,False,False,True,True,False,False,False,True,False,False,False,False,False,False,False,False,True,True,False,False,False,True,True,True,False,False,False,False,False,False,False,False,False,False,False,True,False,True,True,True,False,True,False,False,False,False,True,True,True,False,True,True,False,False,False,False,False,0,0,0,0
534,2026-09-25T11:19:41.330120+00:00,2026-09-25T12:48:46.737537+00:00,160.00900000000001,True,False,False,False,False,False,True,False,True,False,False,False,False,False,False,False,True,False,True,True,False,False,False,False,True,True,False,False,False,True,False,False,False,False,False,False,False,False,True,True,False,False,False,True,True,True,False,False,False,False,False,False,False,False,False,False,False,True,False,True,True,True,False,True,False,False,False,False,True,True,True,False,True,True,False,False,False,False,False,0,0,0,0
534,2026-09-25T11:19:41.330120+00:00,2026-09-25T12:48:46.737537+00:00,160.00900000000001,True,False,False,False,False,False,True,False,True,False,False,False,False,False,False,False,True,False,True,True,False,False,False,False,True,True,False,False,False,True,False,False,False,False,False,False,False,False,True,True,False,False,False,True,True,True,False,False,False,False,False,False,False,False,False,False,False,True,False,True,True,True,False,True,False,False,False,False,True,True,True,False,True,True,False,False,False,False,False,0,0,0,0
535,2026-09-25T11:19:41.708987+00:00,2026-09-25T12:48:47.102558+00:00,97.006,True,False,False,False,False,False,True,False,True,False,False,False,False,False,False,False,True,False,True,True,False,False,False,False,True,True,False,False,False,True,False,False,False,False,False,False,False,False,True,True,False,False,False,True,True,True,False,False,False,False,False,False,False,False,False,False,False,True,False,True,True,True,False,True,False,False,False,False,True,True,True,False,True,True,False,False,False,False,False,0,0,0,0
536,2026-09-25T11:19:42.089692+00:00,2026-09-25T12:48:47.489580+00:00,108.006,True,False,False,False,False,False,True,False,True,False,False,False,False,False,False,False,True,False,True,True,False,False,False,False,True,True,False,False,False,True,False,False,False,False,False,False,False,False,True,True,False,False,False,True,True,True,False,False,False,False,False,False,False,False,False,False,False,True,False,True,True,True,False,True,False,False,False,False,True,True,True,False,True,True,False,False,False,False,False,0,0,0,0
537,2026-09-25T11:19:42.534862+00:00,2026-09-25T12:48:47.932606+00:00,130.008,True,False,False,False,False,False,True,False,True,False,False,False,False,False,False,False,True,False,True,True,False,False,False,False,True,True,False,False,False,True,False,False,False,False,False,False,False,False,True,True,False,False,False,True,True,True,False,False,False,False,False,False,False,False,False,False,False,True,False,True,True,True,False,True,False,False,False,False,True,True,True,False,True,True,False,False,False,False,False,0,0,0,0
538,2026-09-25T11:19:42.898032+00:00,2026-09-25T12:48:48.307627+00:00,99.006,True,False,False,False,False,False,True,False,True,False,False,False,False,False,False,False,True,False,True,True,False,False,False,False,True,True,False,False,False,True,False,False,False,False,False,False,False,False,True,True,False,False,False,True,True,True,False,False,False,False,False,False,False,False,False,False,False,True,False,True,True,True,False,True,False,False,False,False,True,True,True,False,True,True,False,False,False,False,False,0,0,0,0
539,2026-09-25T11:19:43.278042+00:00,2026-09-25T12:48:48.683648+00:00,108.006,True,False,False,False,False,False,True,False,True,False,False,False,False,False,False,False,True,False,True,True,False,False,False,False,True,True,False,False,False,True,False,False,False,False,False,False,False,False,True,True,False,False,False,True,True,True,False,False,False,False,False,False,False,False,False,False,False,True,False,True,True,True,False,True,False,False,False,False,True,True,True,False,True,True,False,False,False,False,False,0,0,0,0
540,2026-09-25T11:19:43.651567+00:00,2026-09-25T12:48:49.053670+00:00,105.006,True,False,False,False,False,False,True,False,True,False,False,False,False,False,False,False,True,False,True,True,False,False,False,False,True,True,False,False,False,True,False,False,False,False,False,False,False,False,True,True,False,False,False,True,True,True,False,False,False,False,False,False,False,False,False,False,False,True,False,True,True,True,False,True,False,False,False,False,True,True,True,False,True,True,False,False,False,False,False,0,0,0,0
541,2026-09-25T11:19:44.006254+00:00,2026-09-25T12:48:49.413690+00:00,90.005,True,False,False,False,False,False,True,False,True,False,False,False,False,False,False,False,True,False,True,True,False,False,False,False,True,True,False,False,True,True,False,False,False,False,True,False,False,False,False,False,False,False,False,True,True,True,False,False,False,False,False,False,False,False,False,False,False,True,False,True,True,True,False,True,False,False,False,False,True,True,True,False,True,True,False,False,False,False,False,0,0,0,0
542,2026-09-25T11:19:44.370184+00:00,2026-09-25T12:48:49.774711+00:00,95.006,True,False,False,False,False,False,True,False,True,False,False,False,False,False,False,False,True,False,True,True,False,False,False,False,True,True,False,False,True,True,False,False,False,False,True,False,False,False,False,True,True,False,False,True,True,True,False,False,False,False,False,False,False,False,False,False,False,True,False,True,True,True,False,True,False,False,False,False,True,True,True,False,True,True,False,False,False,False,False,0,0,0,0
543,2026-09-25T11:19:44.728611+00:00,2026-09-25T12:48:50.134731+00:00,93.00500000000001,True,False,False,False,False,False,True,False,True,False,False,False,False,False,False,False,True,False,True,True,False,False,False,False,True,True,False,False,True,True,False,False,False,False,True,False,False,False,False,False,False,False,False,True,True,True,False,False,False,False,False,False,False,False,False,False,False,True,False,True,True,True,False,True,False,False,False,False,True,True,True,False,True,True,False,False,False,False,False,0,0,0,0
544,2026-09-25T11:19:45.092430+00:00,2026-09-25T12:48:50.500752+00:00,94.00500000000001,True,False,False,False,False,False,True,False,True,False,False,False,False,False,False,False,True,False,True,True,False,False,False,False,True,True,False,False,True,True,False,False,False,False,True,False,False,False,False,True,False,False,False,True,True,True,False,False,False,False,False,False,False,False,False,False,False,True,False,True,True,True,False,True,False,False,False,False,True,True,True,False,True,True,False,False,False,False,False,0,0,0,0
545,2026-09-25T11:19:45.508366+00:00,2026-09-25T12:48:50.875774+00:00,89.005,True,False,False,False,False,False,True,False,True,False,False,False,False,False,False,False,True,False,True,True,False,False,False,False,True,True,False,False,True,True,False,False,False,False,True,False,False,False,False,False,False,False,False,True,True,True,False,False,False,False,False,False,False,False,False,False,False,True,False,True,True,True,False,True,False,False,False,False,True,True,True,False,True,True,False,False,False,False,False,0,0,0,0
546,2026-09-25T11:19:45.885078+00:00,2026-09-25T12:48:51.274797+00:00,95.006,True,False,False,False,False,False,True,False,True,False,False,False,False,False,False,False,True,False,True,True,False,False,False,False,True,True,False,False,True,True,False,False,False,False,True,False,False,False,False,True,False,False,False,True,True,True,False,False,False,False,False,False,False,False,False,False,False,True,False,True,True,True,False,True,False,False,False,False,True,True,True,False,True,True,False,False,False,False,False,0,0,0,0
547,2026-09-25T11:19:46.296116+00:00,2026-09-25T12:48:51.686820+00:00,120.007,True,False,False,False,False,False,True,False,True,False,False,False,False,False,False,False,True,False,True,True,False,False,False,False,True,True,False,False,True,True,False,False,False,False,True,False,False,False,False,False,True,False,False,True,True,True,False,False,False,False,False,False,False,False,False,False,False,True,False,True,True,True,False,True,False,False,False,False,True,True,True,False,True,True,False,False,False,False,False,1,0,0,0
548,2026-09-25T11:19:46.682784+00:00,2026-09-25T12:48:52.067842+00:00,95.00500000000001,True,False,False,False,False,False,True,False,True,False,False,False,False,False,False,False,True,False,True,True,False,False,False,False,True,True,False,False,True,True,False,False,False,False,True,False,False,False,False,True,True,False,False,True,True,True,False,False,False,False,False,False,False,False,False,False,False,True,False,True,True,True,False,True,False,False,False,False,True,True,True,False,True,True,False,False,False,False,False,0,0,0,0
549,2026-09-25T11:19:47.085462+00:00,2026-09-25T12:48:52.465865+00:00,108.006,True,False,False,False,False,False,True,False,True,False,False,False,False,False,False,False,True,False,True,True,False,False,False,False,True,True,False,False,True,True,False,False,False,False,True,False,False,False,False,False,False,False,False,True,True,True,False,False,False,False,False,False,False,False,False,False,False,True,False,True,True,True,False,True,False,False,False,False,True,True,True,False,True,True,False,False,False,False,False,0,0,0,0
550,2026-09-25T11:19:47.512444+00:00,2026-09-25T12:48:52.863888+00:00,91.006,True,False,False,False,False,False,True,False,True,False,False,False,False,False,False,False,True,False,True,True,False,False,False,False,True,True,False,False,True,True,False,False,False,False,True,False,False,False,False,False,False,False,False,True,True,True,False,False,False,False,False,False,False,False,False,False,False,True,False,True,True,True,False,True,False,False,False,False,True,True,True,False,True,True,False,False,False,False,False,0,0,0,0
551,2026-09-25T11:19:47.945283+00:00,2026-09-25T12:48:53.281911+00:00,97.005,True,False,False,False,False,False,True,False,True,False,False,False,False,False,False,False,True,False,True,True,False,False,False,False,True,True,False,False,True,True,False,False,False,False,True,False,False,False,False,True,True,False,False,True,True,True,False,False,False,False,False,False,False,False,False,False,False,True,False,True,True,True,False,True,False,False,False,False,True,True,True,False,True,True,False,False,False,False,False,0,0,0,0
552,2026-09-25T11:19:48.359809+00:00,2026-09-25T12:48:53.773940+00:00,95.006,True,False,False,False,True,False,True,False,True,False,False,False,False,False,False,False,False,False,True,True,True,False,False,False,True,True,False,False,True,True,False,False,False,False,True,False,False,False,False,True,True,False,False,True,True,True,False,False,False,False,False,False,False,False,False,False,False,True,False,True,True,True,False,True,False,False,False,False,True,True,True,False,True,True,False,False,False,False,False,0,0,0,0
553,2026-09-25T11:19:48.737475+00:00,2026-09-25T12:48:54.130960+00:00,100.006,True,False,False,False,True,False,True,False,True,False,False,False,False,False,False,False,False,False,True,False,True,False,False,False,True,True,False,False,True,True,False,False,False,False,True,False,False,False,False,True,False,False,False,True,True,True,False,False,False,False,False,False,False,False,False,False,False,True,False,True,True,True,False,True,False,False,False,False,True,True,True,False,True,True,False,False,False,False,False,0,0,0,0
554,2026-09-25T11:19:49.259641+00:00,2026-09-25T12:48:54.560985+00:00,147.00900000000001,True,False,False,False,True,False,True,False,True,False,False,False,False,False,False,False,False,False,True,False,True,False,False,False,True,True,False,False,True,True,False,False,False,False,True,False,False,False,False,False,False,False,False,True,True,True,False,False,False,False,False,False,False,False,False,False,False,True,False,True,True,True,False,True,False,False,False,False,True,True,True,False,True,True,False,False,False,False,False,0,0,0,0
555,2026-09-25T11:19:49.740282+00:00,2026-09-25T12:48:55.151018+00:00,192.011,True,False,False,False,True,False,True,False,False,False,False,False,False,False,False,False,False,False,True,False,True,False,False,False,True,True,False,False,True,True,False,False,False,False,True,False,False,False,False,True,False,False,False,True,True,True,False,False,False,False,False,False,False,False,False,False,False,True,False,True,True,True,False,True,False,False,False,False,True,True,True,False,True,True,False,False,False,False,False,0,0,0,0
556,2026-09-25T11:19:50.178208+00:00,2026-09-25T12:48:55.578043+00:00,166.01,True,False,False,False,True,False,True,False,False,False,False,False,False,False,False,False,False,False,True,False,False,False,False,False,True,True,False,False,True,True,False,False,False,False,True,False,False,False,False,False,False,False,False,True,True,True,False,False,False,False,False,False,False,False,False,False,False,True,False,True,True,True,False,True,False,False,False,False,True,True,True,False,True,True,False,False,False,False,False,0,0,0,0
557,2026-09-25T11:19:50.614429+00:00,2026-09-25T12:48:56.017068+00:00,92.00500000000001,True,False,False,False,True,False,True,False,False,True,False,False,False,False,False,False,False,False,False,False,False,False,False,True,True,True,False,False,True,True,False,False,False,False,False,False,False,True,False,False,True,False,False,True,True,True,False,False,False,True,False,True,False,False,False,False,True,True,True,False,True,True,False,True,False,False,False,False,True,True,True,False,True,True,False,False,False,False,False,0,12,0,13
558,2026-09-25T11:19:50.968686+00:00,2026-09-25T12:48:56.381089+00:00,96.006,False,False,False,False,True,False,True,False,False,True,False,False,False,False,False,False,False,False,False,False,False,False,False,True,True,True,False,False,False,True,False,False,False,False,False,False,False,True,False,False,True,False,False,True,False,False,False,False,False,True,False,True,False,False,False,False,False,False,False,True,True,True,False,True,False,False,False,False,True,True,True,False,True,True,False,False,False,False,False,0,87,0,85
559,2026-09-25T11:19:51.354051+00:00,2026-09-25T12:48:56.751110+00:00,109.006,False,False,False,False,True,False,True,False,True,True,False,False,False,False,False,False,False,False,False,False,False,False,False,True,True,True,False,False,False,True,False,False,False,False,False,False,False,True,False,False,True,False,False,True,False,False,False,False,False,True,False,True,False,False,False,False,False,False,True,False,True,True,False,True,False,False,False,False,True,True,True,False,True,True,False,False,False,False,False,0,164,0,158
560,2026-09-25T11:19:51.723830+00:00,2026-09-25T12:48:57.120131+00:00,92.00500000000001,False,False,False,False,True,False,True,False,True,True,False,False,False,False,False,False,False,False,False,False,False,False,False,True,True,True,False,False,False,True,False,False,False,False,False,False,False,True,False,False,True,False,False,True,False,False,False,False,False,False,False,True,False,False,False,False,True,False,False,True,True,True,False,True,False,False,False,False,True,True,True,False,True,True,False,False,False,False,False,0,175,0,232
561,2026-09-25T11:19:52.109578+00:00,2026-09-25T12:48:57.502153+00:00,104.006,False,False,False,True,True,False,True,False,True,False,False,False,True,False,False,False,False,False,False,False,False,False,False,True,True,True,False,False,False,True,False,False,False,False,False,False,False,True,False,False,True,False,False,True,False,False,False,False,False,False,False,True,False,False,False,False,True,False,False,True,True,True,False,True,False,False,False,False,True,True,True,False,True,True,False,False,False,False,False,0,175,0,308
562,2026-09-25T11:19:52.485649+00:00,2026-09-25T12:48:57.893175+00:00,94.00500000000001,False,False,False,True,True,False,True,False,True,False,False,False,True,False,False,False,False,False,False,False,False,False,False,True,True,True,False,False,False,True,False,False,False,False,False,False,False,True,False,False,True,False,False,True,False,False,False,False,False,False,False,True,False,False,False,False,True,False,False,True,True,True,False,True,False,False,False,False,True,True,True,False,True,True,False,False,False,False,False,0,175,0,386
563,2026-09-25T11:19:52.962511+00:00,2026-09-25T12:48:58.287198+00:00,96.006,False,False,False,True,True,False,True,False,True,False,False,False,True,False,False,False,False,False,False,False,False,False,False,True,True,True,False,False,False,True,False,False,False,False,False,False,False,True,False,False,True,False,False,True,False,False,False,False,False,False,False,True,False,False,False,False,True,False,True,False,True,True,False,True,False,False,False,False,True,True,True,False,True,True,False,False,False,False,False,0,175,0,464
564,2026-09-25T11:19:53.332838+00:00,2026-09-25T12:48:58.728223+00:00,91.005,False,False,False,True,True,False,True,False,True,False,False,False,True,False,False,False,False,False,False,False,False,False,False,True,True,True,False,False,False,True,False,False,False,False,False,False,False,True,False,False,True,False,False,True,False,False,False,False,False,False,False,True,False,False,False,False,True,False,True,False,True,True,False,True,False,False,False,False,True,True,True,False,True,True,False,False,False,False,False,0,175,0,552
565,2026-09-25T11:19:53.690831+00:00,2026-09-25T12:48:59.098244+00:00,90.005,False,False,False,False,True,False,True,False,True,True,False,False,False,False,False,False,False,False,False,False,False,False,False,True,True,True,False,False,False,True,False,False,False,False,False,False,False,True,False,False,True,False,False,True,False,False,False,False,False,False,False,True,False,False,False,False,True,False,False,True,True,True,False,True,False,False,False,False,True,True,True,False,True,True,False,False,False,False,False,0,175,0,626
566,2026-09-25T11:19:54.068892+00:00,2026-09-25T12:48:59.471265+00:00,106.006,False,True,False,False,True,False,True,False,True,False,False,False,False,False,False,False,False,False,True,False,False,False,True,True,True,True,False,True,False,True,False,False,False,False,False,True,False,False,False,False,True,False,False,True,False,False,False,False,False,False,False,True,False,False,False,False,True,False,True,True,True,True,False,True,False,False,False,False,True,True,True,False,True,True,False,False,False,False,False,0,175,0,700
567,2026-09-25T11:19:54.473436+00:00,2026-09-25T12:48:59.859288+00:00,115.007,False,True,False,False,True,False,True,False,True,False,False,False,False,False,False,False,False,False,True,False,False,False,True,True,False,True,False,True,False,True,False,False,False,False,False,True,False,False,False,False,True,True,True,True,False,False,False,False,False,False,False,True,False,False,False,False,True,False,True,True,True,True,False,True,False,False,False,False,True,True,True,False,True,True,False,False,False,False,False,0,175,0,778
568,2026-09-25T11:19:54.875890+00:00,2026-09-25T12:49:00.266311+00:00,100.006,False,True,False,False,True,False,True,False,True,False,False,True,False,False,False,False,False,False,True,False,False,False,False,True,False,True,False,True,False,True,False,False,False,False,False,True,False,False,False,False,True,True,False,True,False,False,False,False,False,False,False,True,False,False,False,False,True,False,False,True,True,True,False,True,False,False,False,False,True,True,True,False,True,True,True,False,False,False,False,0,175,0,859
569,2026-09-25T11:19:55.404665+00:00,2026-09-25T12:49:00.653333+00:00,100.006,False,True,False,False,True,False,True,False,True,False,False,True,False,False,False,False,False,False,True,False,False,False,False,True,False,True,False,True,False,True,False,False,False,False,False,True,False,False,False,False,True,False,False,True,False,False,False,False,False,False,False,True,False,False,False,False,True,False,False,True,True,True,False,True,False,False,False,False,True,True,True,False,True,True,True,False,False,False,False,0,175,0,936
570,2026-09-25T11:19:55.765284+00:00,2026-09-25T12:49:01.176363+00:00,99.006,False,True,False,False,True,False,True,False,True,False,False,True,False,False,False,False,False,False,True,False,False,False,False,True,True,True,False,True,False,True,False,True,False,False,False,False,False,False,False,False,True,False,True,True,False,False,False,False,False,False,False,True,False,False,False,False,True,False,False,True,True,True,False,True,False,False,False,False,False,True,True,False,True,True,True,False,False,False,False,0,175,0,1040
571,2026-09-25T11:19:56.127561+00:00,2026-09-25T12:49:01.535384+00:00,99.006,False,True,False,False,True,False,True,False,True,False,False,True,False,False,False,False,False,False,True,False,False,False,False,True,True,False,False,True,False,True,False,True,False,False,False,False,False,False,False,False,True,False,True,True,False,False,False,False,False,False,False,True,False,False,False,False,True,False,False,True,True,True,False,True,False,False,False,False,False,True,True,False,True,True,True,False,False,False,False,0,175,0,1109
