snapshot_id,timestamp,source_timestamp_reference,sync_spread_ms,ms.turntable.transfer,ms.turntable.conveyor,ms.sensor.conveyor,ms.turntable.saw,ms.transfer.turntable,ms.oven.slider_inside,ms.oven.slider_outside,ms.transfer.oven,ms.sensor.oven,ms.motor.turntable_cw,ms.motor.turntable_ccw,ms.motor.conveyor,ms.motor.saw,ms.motor.slider_in,ms.motor.slider_out,ms.motor.transfer_oven,ms.motor.transfer_turntable,ms.process.burn,ms.air.compressor,ms.valve.vacuum,ms.valve.transfer,ms.valve.oven_door,ms.valve.ejector,hbw.ref.horizontal,hbw.sensor.inside,hbw.sensor.outside,hbw.ref.vertical,hbw.ref.cantilever_front,hbw.ref.cantilever_back,hbw.sensor.trail_bottom,hbw.sensor.trail_top,hbw.motor.conveyor_forward,hbw.motor.conveyor_backward,hbw.motor.crane_rack,hbw.motor.crane_conveyor,hbw.motor.crane_down,hbw.motor.crane_up,hbw.motor.cantilever_forward,hbw.motor.cantilever_backward,hbw.encoder.horizontal1,hbw.encoder.horizontal2,hbw.encoder.vertical1,hbw.encoder.vertical2,c.ref.vertical,c.ref.horizontal,c.ref.rotate,c.motor.up,c.motor.down,c.motor.backward,c.motor.forward,c.motor.cw,c.motor.ccw,c.air.compressor,c.valve.vacuum,c.encoder.vertical1,c.encoder.vertical2,c.encoder.horizontal1,c.encoder.horizontal2,c.encoder.rotate1,c.encoder.rotate2,pm.sensor.entry,pm.sensor.tool,pm.ref.top,pm.ref.bottom,pm.motor.conveyor_forward,pm.motor.conveyor_backward,pm.motor.tool_up,pm.motor.tool_down,sl.sensor.pulse,sl.sensor.before_color,sl.sensor.after_color,sl.sensor.white,sl.sensor.red,sl.sensor.blue,sl.motor.conveyor,sl.air.compressor,sl.valve.white,sl.valve.red,sl.valve.blue,sl.sensor.color_value,local.crane_coord_h,local.crane_coord_v,local.crane_coord_r
804,2026-09-25T11:42:54.381195+00:00,2026-09-25T13:11:59.718211+00:00,90.005,True,False,False,False,False,False,True,False,True,False,False,False,False,False,False,False,True,False,True,True,False,False,False,False,True,True,False,False,False,True,False,False,False,False,False,False,False,True,False,True,False,True,False,True,True,True,False,False,False,False,False,False,False,False,False,False,False,True,False,False,True,True,False,True,False,False,False,False,True,True,True,False,False,False,False,False,False,False,False,0,0,0,0
805,2026-09-25T11:42:54.769340+00:00,2026-09-25T13:12:00.078232+00:00,93.006,True,False,False,False,False,False,True,False,True,False,False,False,False,False,False,False,True,False,True,True,False,False,False,False,True,True,False,False,False,True,False,False,False,False,False,False,False,True,False,True,False,True,False,True,True,True,False,False,False,False,False,False,False,False,False,False,False,True,False,False,True,True,False,True,False,False,False,False,True,True,True,False,False,False,False,False,False,False,False,0,0,0,0
806,2026-09-25T11:42:55.159412+00:00,2026-09-25T13:12:00.492255+00:00,121.007,True,False,False,False,False,False,True,False,True,False,False,False,False,False,False,False,True,False,True,True,False,False,False,False,True,True,False,False,False,True,False,False,False,False,False,False,False,True,False,True,False,True,False,True,True,True,False,False,False,False,False,False,False,False,False,False,False,True,False,False,True,True,False,True,False,False,False,False,True,True,True,False,False,False,False,False,False,False,False,0,0,0,0
807,2026-09-25T11:42:55.532952+00:00,2026-09-25T13:12:00.856276+00:00,93.00500000000001,True,False,False,False,False,False,True,False,True,False,False,False,False,False,False,False,True,False,True,True,False,False,False,False,True,True,False,False,False,True,False,False,False,False,False,False,False,True,False,True,False,True,False,True,True,True,False,False,False,False,False,False,False,False,False,False,False,True,False,False,True,True,False,True,False,False,False,False,True,True,True,False,False,False,False,False,False,False,False,0,0,0,0
808,2026-09-25T11:42:55.918284+00:00,2026-09-25T13:12:01.252299+00:00,102.006,True,False,False,False,False,False,True,False,True,False,False,False,False,False,False,False,True,False,True,True,False,False,False,False,True,True,False,False,False,True,False,False,False,False,False,False,False,True,False,True,False,True,False,True,True,True,False,False,False,False,False,False,False,False,False,False,False,True,False,False,True,True,False,True,False,False,False,False,True,True,True,False,False,False,False,False,False,False,False,0,0,0,0
809,2026-09-25T11:42:56.338387+00:00,2026-09-25T13:12:01.676323+00:00,160.00900000000001,True,False,False,False,True,False,True,False,True,False,False,False,False,False,False,False,False,False,True,True,True,False,False,False,True,True,False,False,False,True,False,False,False,False,False,False,False,True,False,True,False,True,False,True,True,True,False,False,False,False,False,False,False,False,False,False,False,True,False,False,True,True,False,True,False,False,False,False,True,True,True,False,False,False,False,False,False,False,False,0,0,0,0
810,2026-09-25T11:42:56.850327+00:00,2026-09-25T13:12:02.142350+00:00,187.01100000000002,True,False,False,False,True,False,True,False,True,False,False,False,False,False,False,False,False,False,True,False,True,False,False,False,True,True,False,True,False,True,False,False,False,False,False,False,True,False,False,True,False,False,False,True,True,True,False,False,False,False,False,False,False,False,False,False,False,True,False,False,True,True,False,True,False,False,False,False,True,True,True,False,False,False,False,False,False,False,False,0,0,0,0
811,2026-09-25T11:42:57.308817+00:00,2026-09-25T13:12:02.647379+00:00,106.006,True,False,False,False,True,False,True,False,True,False,False,False,False,False,False,False,False,False,True,False,True,False,False,False,True,True,False,False,False,True,False,False,False,False,False,False,False,False,True,True,False,False,False,True,True,True,False,False,False,False,False,False,False,False,False,False,False,True,False,False,True,True,False,True,False,False,False,False,True,True,True,False,False,False,False,False,False,False,False,0,0,0,0
812,2026-09-25T11:42:57.693718+00:00,2026-09-25T13:12:03.024400+00:00,87.005,True,False,False,False,True,False,True,False,True,False,False,False,False,False,False,False,False,False,True,False,True,False,False,False,True,True,False,False,False,True,False,False,False,False,False,False,False,False,True,True,False,False,False,True,True,True,False,False,False,False,False,False,False,False,False,False,False,True,False,False,True,True,False,True,False,False,False,False,True,True,True,False,False,False,False,False,False,False,False,0,0,0,0
813,2026-09-25T11:42:58.056575+00:00,2026-09-25T13:12:03.393421+00:00,98.005,False,False,False,False,True,False,True,False,True,False,False,False,False,False,False,False,False,False,True,False,True,False,False,False,True,True,False,False,False,True,False,False,False,False,False,False,False,False,True,True,False,False,False,True,True,True,False,False,False,False,False,False,False,False,False,False,False,True,False,False,True,True,False,True,False,False,False,False,True,True,True,False,False,False,False,False,False,False,False,0,0,0,0
814,2026-09-25T11:42:58.472535+00:00,2026-09-25T13:12:03.805445+00:00,122.007,False,False,False,False,True,False,True,False,True,False,False,False,False,False,False,False,False,False,True,False,False,False,False,False,True,True,False,False,False,True,False,False,False,False,False,False,False,False,True,True,False,False,False,True,True,True,False,False,False,False,False,False,False,False,False,False,False,True,False,False,True,True,False,True,False,False,False,False,True,True,True,False,False,False,False,False,False,False,False,0,0,0,0
815,2026-09-25T11:42:58.939918+00:00,2026-09-25T13:12:04.203468+00:00,98.006,False,False,False,False,True,False,True,False,True,True,False,False,False,False,False,False,False,False,False,False,False,False,False,False,True,True,False,False,False,True,False,False,False,False,False,False,False,False,True,True,False,False,False,True,True,True,False,False,False,False,False,False,False,False,False,False,False,True,False,False,True,True,False,True,False,False,False,False,True,True,True,False,False,False,False,False,False,False,False,0,0,0,0
816,2026-09-25T11:42:59.363435+00:00,2026-09-25T13:12:04.643493+00:00,84.005,False,False,False,False,True,False,True,False,True,True,False,False,False,False,False,False,False,False,False,False,False,False,False,False,True,True,False,False,False,True,False,False,False,False,False,False,False,False,True,True,False,False,False,True,True,True,False,False,False,False,False,False,False,False,False,False,False,True,False,False,True,True,False,True,False,False,False,False,True,True,True,False,False,False,False,False,False,False,False,0,0,0,0
817,2026-09-25T11:42:59.746615+00:00,2026-09-25T13:12:05.081518+00:00,117.007,False,False,False,False,True,False,True,False,True,True,False,False,False,False,False,False,False,False,False,False,False,False,False,False,True,True,False,False,False,True,False,False,False,False,False,False,False,False,True,True,False,False,False,True,True,True,False,False,False,False,False,False,False,False,False,False,False,True,False,False,True,True,False,True,False,False,False,False,True,True,True,False,False,False,False,False,False,False,False,0,0,0,0
818,2026-09-25T11:43:00.190082+00:00,2026-09-25T13:12:05.479541+00:00,104.006,False,False,False,True,True,False,True,False,True,False,False,False,True,False,False,False,False,False,False,False,False,False,False,False,True,True,False,False,False,True,False,False,False,False,False,False,False,False,True,True,False,False,False,True,True,True,False,False,False,False,False,False,False,False,False,False,False,True,False,False,True,True,False,True,False,False,False,False,True,True,True,False,False,False,False,False,False,False,False,0,0,0,0
819,2026-09-25T11:43:00.561749+00:00,2026-09-25T13:12:05.875563+00:00,89.005,False,False,False,True,True,False,True,False,True,False,False,False,True,False,False,False,False,False,False,False,False,False,False,False,True,True,False,False,True,True,False,False,False,False,True,False,False,False,False,False,False,False,False,True,True,True,False,False,False,False,False,False,False,False,False,False,False,True,False,False,True,True,False,True,False,False,False,False,True,True,True,False,False,False,False,False,False,False,False,0,0,0,0
820,2026-09-25T11:43:00.999086+00:00,2026-09-25T13:12:06.260585+00:00,100.005,False,False,False,True,True,False,True,False,True,False,False,False,True,False,False,False,False,False,False,False,False,False,False,False,True,True,False,False,True,True,False,False,False,False,True,False,False,False,False,True,True,False,False,True,True,True,False,False,False,False,False,False,False,False,False,False,False,True,False,False,True,True,False,True,False,False,False,False,True,True,True,False,False,False,False,False,False,False,False,0,0,0,0
821,2026-09-25T11:43:01.365802+00:00,2026-09-25T13:12:06.684610+00:00,90.006,False,False,False,True,True,False,True,False,True,False,False,False,True,False,False,False,False,False,False,False,False,False,False,False,True,True,False,False,True,True,False,False,False,False,True,False,False,False,False,False,False,False,False,True,True,True,False,False,False,False,False,False,False,False,False,False,False,True,False,False,True,True,False,True,False,False,False,False,True,True,True,False,False,False,False,False,False,False,False,0,0,0,0
822,2026-09-25T11:43:01.738701+00:00,2026-09-25T13:12:07.047630+00:00,89.005,False,False,False,False,True,False,True,False,True,True,False,False,False,False,False,False,False,False,False,False,False,False,False,False,True,True,False,False,True,True,False,False,False,False,True,False,False,False,False,True,True,False,False,True,True,True,False,False,False,False,False,False,False,False,False,False,False,True,False,False,True,True,False,True,False,False,False,False,True,True,True,False,False,False,False,False,False,False,False,0,0,0,0
823,2026-09-25T11:43:02.137787+00:00,2026-09-25T13:12:07.426652+00:00,93.00500000000001,False,True,False,False,True,False,True,False,True,False,False,False,False,False,False,False,False,False,True,False,False,False,True,False,True,True,False,False,True,True,False,False,False,False,True,False,False,False,False,False,False,False,False,True,True,True,False,False,False,False,False,False,False,False,False,False,False,True,False,False,True,True,False,True,False,False,False,False,True,True,True,False,False,False,False,False,False,False,False,0,0,0,0
824,2026-09-25T11:43:02.494099+00:00,2026-09-25T13:12:07.820675+00:00,87.005,False,True,False,False,True,False,True,False,True,False,False,False,False,False,False,False,False,False,True,False,False,False,True,False,True,True,False,False,True,True,False,False,False,False,True,False,False,False,False,True,True,False,False,True,True,True,False,False,False,False,False,False,False,False,False,False,False,True,False,False,True,True,False,True,False,False,False,False,True,True,True,False,False,False,False,False,False,False,False,0,0,0,0
825,2026-09-25T11:43:02.865471+00:00,2026-09-25T13:12:08.200696+00:00,86.005,False,True,False,False,True,False,True,False,True,False,False,True,False,False,False,False,False,False,True,False,False,False,False,False,True,True,False,False,True,True,False,False,False,False,True,False,False,False,False,False,False,False,False,True,True,True,False,False,False,False,False,False,False,False,False,False,False,True,False,False,True,True,False,True,False,False,False,False,True,True,True,False,False,False,True,False,False,False,False,0,0,0,0
826,2026-09-25T11:43:03.209877+00:00,2026-09-25T13:12:08.547716+00:00,88.005,False,True,False,False,True,False,True,False,True,False,False,True,False,False,False,False,False,False,True,False,False,False,False,False,True,True,False,False,True,True,False,False,False,False,True,False,False,False,False,False,False,False,False,True,True,True,False,False,False,False,False,False,False,False,False,False,False,True,False,False,True,True,False,True,False,False,False,False,True,True,True,False,False,False,True,False,False,False,False,0,0,0,0
827,2026-09-25T11:43:03.564272+00:00,2026-09-25T13:12:08.894736+00:00,90.005,False,True,False,False,True,False,True,False,True,False,False,True,False,False,False,False,False,False,True,False,False,False,False,False,True,True,False,False,True,True,False,False,False,False,True,False,False,False,False,True,True,False,False,True,True,True,False,False,False,False,False,False,False,False,False,False,False,True,False,False,True,True,False,True,False,False,False,False,True,True,True,False,False,False,True,False,False,False,False,0,0,0,0
828,2026-09-25T11:43:03.921448+00:00,2026-09-25T13:12:09.255757+00:00,98.006,False,True,False,False,True,False,True,False,True,False,False,True,False,False,False,False,False,False,True,False,False,False,False,False,True,True,False,False,True,True,False,False,False,False,True,False,False,False,False,False,False,False,False,True,True,True,False,False,False,False,False,False,False,False,False,False,False,True,False,False,True,True,False,True,False,False,False,False,True,True,True,False,False,False,True,False,False,False,False,1,0,0,0
829,2026-09-25T11:43:04.278001+00:00,2026-09-25T13:12:09.616777+00:00,88.005,False,True,False,False,True,False,True,False,True,False,False,True,False,False,False,False,False,False,True,False,False,False,False,True,True,True,False,False,True,True,False,False,False,False,False,False,True,False,False,False,True,False,True,True,False,False,False,False,False,True,False,True,False,False,False,False,True,True,False,True,True,True,False,True,False,False,False,False,False,True,True,False,False,False,True,False,False,False,False,0,63,0,61
830,2026-09-25T11:43:04.633217+00:00,2026-09-25T13:12:09.970798+00:00,96.006,False,True,False,False,True,False,True,False,True,False,False,True,False,False,False,False,False,False,True,False,False,False,False,True,True,True,False,False,True,True,False,False,False,False,False,False,True,False,False,False,True,True,False,True,False,False,False,False,False,True,False,True,False,False,False,False,False,False,True,False,True,True,False,True,False,False,False,False,False,True,True,False,False,False,True,False,False,False,False,0,136,0,131
831,2026-09-25T11:43:04.984845+00:00,2026-09-25T13:12:10.323818+00:00,90.005,False,False,False,False,True,False,True,False,True,False,True,False,False,False,False,False,False,False,False,False,False,False,False,True,True,True,False,False,False,True,False,False,False,False,False,False,False,True,False,False,True,False,False,True,False,False,False,False,False,False,False,True,False,False,False,False,True,False,True,False,True,True,False,True,False,False,False,False,False,False,True,False,False,False,True,False,False,False,False,0,175,0,201
832,2026-09-25T11:43:05.331783+00:00,2026-09-25T13:12:10.669837+00:00,90.005,False,False,False,True,True,False,True,False,True,False,True,False,False,False,False,False,False,False,False,False,False,False,False,True,True,True,False,False,False,True,False,False,False,False,False,False,False,True,False,False,True,False,False,True,False,False,False,False,False,False,False,True,False,False,False,False,True,False,True,False,True,True,False,True,False,False,False,False,True,True,True,False,False,False,True,False,False,False,False,0,175,0,270
833,2026-09-25T11:43:05.897206+00:00,2026-09-25T13:12:11.115863+00:00,135.00799999999998,False,False,False,False,True,False,True,False,True,False,True,False,False,False,False,False,False,False,False,False,False,False,False,True,True,True,False,False,False,True,False,False,False,False,False,False,False,True,False,False,True,False,False,True,False,False,False,False,False,False,False,True,False,False,False,False,True,False,False,True,True,True,False,True,False,False,False,False,False,True,True,False,False,False,True,False,False,False,False,1,175,0,359
834,2026-09-25T11:43:06.260780+00:00,2026-09-25T13:12:11.587890+00:00,97.006,False,False,False,False,True,False,True,False,True,False,True,False,False,False,False,False,False,False,False,False,False,False,False,True,True,True,False,False,False,True,False,False,False,False,False,False,False,True,False,False,True,False,False,True,False,False,False,False,False,False,False,True,False,False,False,False,True,False,True,False,True,True,False,True,False,False,False,False,True,True,True,False,False,False,True,False,False,False,False,0,175,0,453
835,2026-09-25T11:43:06.687593+00:00,2026-09-25T13:12:11.979912+00:00,111.006,False,False,False,False,True,False,True,False,True,False,False,False,False,False,False,False,False,False,False,False,False,False,False,True,False,True,False,False,False,True,False,False,False,False,False,False,False,True,False,False,True,False,False,True,False,False,False,False,False,False,False,True,False,False,False,False,True,False,True,False,True,True,False,True,False,False,False,False,True,True,True,False,False,False,True,False,False,False,False,28,175,0,531
836,2026-09-25T11:43:07.174419+00:00,2026-09-25T13:12:12.476941+00:00,190.01100000000002,False,False,False,False,True,False,True,False,True,False,False,False,False,False,False,False,False,False,False,False,False,False,False,True,False,True,False,False,False,True,False,False,False,False,False,False,False,True,False,False,True,False,False,True,False,False,False,False,False,False,False,True,False,False,False,False,True,False,False,True,True,True,False,True,False,False,False,False,False,True,True,False,False,False,True,False,False,False,False,0,175,0,631
837,2026-09-25T11:43:07.657781+00:00,2026-09-25T13:12:12.946968+00:00,101.006,False,False,False,False,True,False,True,False,True,False,False,False,False,False,False,False,False,False,False,False,False,False,False,True,False,True,False,False,False,True,False,False,False,False,False,False,False,True,False,False,True,False,False,True,False,False,False,False,False,False,False,True,False,False,False,False,True,False,True,False,True,True,False,True,False,False,False,False,True,True,True,False,False,False,True,False,False,False,False,0,175,0,725
838,2026-09-25T11:43:08.135821+00:00,2026-09-25T13:12:13.377992+00:00,120.006,False,False,False,False,True,False,True,False,True,False,False,False,False,False,False,False,False,False,False,False,False,False,False,True,False,True,False,False,False,True,False,False,False,False,False,False,False,True,False,False,True,False,False,True,False,False,False,False,False,False,False,True,False,False,False,False,True,False,False,True,True,True,False,True,False,False,False,False,False,True,False,False,False,False,True,False,False,False,False,0,175,0,811
839,2026-09-25T11:43:08.515382+00:00,2026-09-25T13:12:13.850019+00:00,118.006,False,False,False,False,True,False,True,False,True,False,False,False,False,False,False,False,False,False,False,False,False,False,False,True,False,True,False,True,False,True,False,True,False,False,False,False,False,False,False,False,True,True,False,True,False,False,False,False,False,False,False,True,False,False,False,False,True,False,False,False,True,True,False,True,False,False,False,False,True,True,True,False,False,False,False,True,True,False,False,0,175,0,905
840,2026-09-25T11:43:08.879691+00:00,2026-09-25T13:12:14.216040+00:00,106.006,False,False,False,False,True,False,True,False,True,False,False,False,False,False,False,False,False,False,False,False,False,False,False,True,True,True,False,True,False,True,False,True,False,False,False,False,False,False,False,False,True,True,False,True,False,False,False,False,False,False,False,True,False,False,False,False,True,False,False,False,True,True,False,True,False,False,False,False,True,True,True,False,False,False,False,False,False,False,False,0,175,0,977
841,2026-09-25T11:43:09.326725+00:00,2026-09-25T13:12:14.654065+00:00,179.01,False,False,False,False,True,False,True,False,True,False,False,False,False,False,False,False,False,False,False,False,False,False,False,True,True,False,False,True,False,True,False,False,False,False,False,False,False,False,False,False,True,True,False,True,False,False,False,False,False,False,False,True,False,False,False,False,True,False,False,False,True,True,False,True,False,False,False,False,True,True,True,False,False,False,False,False,False,False,False,0,175,0,1065
842,2026-09-25T11:43:09.733498+00:00,2026-09-25T13:12:15.014086+00:00,94.00500000000001,False,False,False,False,True,False,True,False,True,False,False,False,False,False,False,False,False,False,False,False,False,False,False,True,True,False,False,True,False,True,False,False,False,False,False,False,False,False,False,False,True,True,False,True,False,False,False,False,False,False,False,True,False,False,False,False,True,False,True,False,True,True,False,True,False,False,False,False,True,True,True,False,False,False,False,False,False,False,False,0,175,0,1136
843,2026-09-25T11:43:10.207246+00:00,2026-09-25T13:12:15.485113+00:00,138.00799999999998,False,False,False,False,True,False,True,False,True,False,False,False,False,False,False,False,False,False,False,False,False,False,False,True,True,False,False,True,False,True,False,False,False,False,False,False,False,False,False,False,True,True,False,True,False,False,False,False,False,False,False,True,False,False,False,False,True,False,False,True,True,True,False,True,False,False,False,False,True,True,True,False,False,False,False,False,False,False,False,0,175,0,1230
844,2026-09-25T11:43:10.565040+00:00,2026-09-25T13:12:15.899137+00:00,94.006,False,False,False,False,True,False,True,False,True,False,False,False,False,False,False,False,False,False,False,False,False,False,False,True,True,False,False,True,False,True,False,False,False,False,False,False,False,False,False,False,True,True,False,True,False,False,False,False,False,False,False,True,False,False,False,False,True,False,False,True,True,True,False,True,False,False,False,False,True,True,True,False,False,False,False,False,False,False,False,1,175,0,1312
845,2026-09-25T11:43:10.960418+00:00,2026-09-25T13:12:16.271158+00:00,105.006,False,False,False,False,True,False,True,False,True,False,False,False,False,False,False,False,False,False,False,False,False,False,False,True,True,False,False,True,False,True,False,False,False,False,False,False,False,False,False,False,True,True,False,True,False,False,False,False,False,False,False,False,False,False,False,False,True,False,False,True,True,True,False,True,False,False,False,False,True,True,True,False,False,False,False,False,False,False,False,0,0,0,0
846,2026-09-25T11:43:11.361072+00:00,2026-09-25T13:12:16.693182+00:00,93.00500000000001,False,False,False,False,True,False,True,False,True,False,False,False,False,False,False,False,False,False,False,False,False,False,False,True,True,False,False,True,False,True,False,False,False,False,False,False,False,False,False,False,True,True,False,True,False,False,False,False,False,False,False,False,False,False,False,False,True,False,False,True,True,True,False,True,False,False,False,False,True,True,True,False,False,False,False,False,False,False,False,0,0,0,0
847,2026-09-25T11:43:11.796137+00:00,2026-09-25T13:12:17.059203+00:00,94.00500000000001,False,False,False,False,True,False,True,False,True,False,False,False,False,False,False,False,False,False,False,False,False,False,False,True,True,False,False,True,False,True,False,False,False,False,False,False,False,False,False,False,True,True,False,True,False,False,False,False,False,False,False,False,False,False,False,False,True,False,False,True,True,True,False,True,False,False,False,False,True,True,True,False,False,False,False,False,False,False,False,0,0,1,0
848,2026-09-25T11:43:12.143373+00:00,2026-09-25T13:12:17.479227+00:00,90.005,False,False,False,False,True,False,True,False,True,False,False,False,False,False,False,False,False,False,True,False,False,True,False,True,True,False,False,True,False,True,False,False,False,False,False,False,False,False,False,False,True,True,False,False,False,False,False,True,False,False,False,False,False,False,True,False,True,False,False,True,True,True,False,True,False,False,False,False,True,True,True,False,False,False,False,False,False,False,False,0,0,88,0
849,2026-09-25T11:43:12.535388+00:00,2026-09-25T13:12:17.870249+00:00,92.00500000000001,False,False,False,False,True,False,True,False,True,False,False,False,False,False,False,False,False,False,True,False,False,True,False,True,True,False,False,True,False,True,False,False,False,False,False,False,False,False,False,False,True,True,False,False,False,False,True,False,False,False,False,False,True,True,True,False,True,False,False,True,True,True,False,True,False,False,False,False,True,True,True,False,False,False,False,False,False,False,False,0,0,0,0
850,2026-09-25T11:43:12.892707+00:00,2026-09-25T13:12:18.230270+00:00,95.006,False,False,False,False,True,False,True,False,True,False,False,False,False,False,False,False,False,False,True,False,False,True,False,True,True,False,False,True,False,True,False,False,False,False,False,False,False,False,False,False,True,True,False,False,False,False,True,False,False,False,False,False,True,True,True,False,True,False,False,True,True,True,False,True,False,False,False,False,True,True,True,False,False,False,False,False,False,False,False,0,0,0,0
851,2026-09-25T11:43:13.343187+00:00,2026-09-25T13:12:18.649294+00:00,92.00500000000001,False,False,False,False,True,False,True,False,True,False,False,False,False,False,False,False,False,False,True,False,False,True,False,True,True,False,False,True,False,True,False,False,False,False,False,False,False,False,False,False,True,True,False,False,False,False,True,False,False,False,False,False,True,True,False,False,True,False,False,True,True,True,False,True,False,False,False,False,True,True,True,False,False,False,False,False,False,False,False,0,0,0,0
852,2026-09-25T11:43:13.801399+00:00,2026-09-25T13:12:19.036316+00:00,99.006,False,False,False,False,True,False,True,False,True,False,False,False,False,True,False,False,False,False,True,False,False,True,False,True,True,False,False,True,False,True,False,False,False,False,False,False,False,False,False,False,True,True,False,True,False,False,False,False,True,False,False,False,True,True,True,False,True,False,False,True,True,True,False,True,False,False,False,False,True,True,True,False,False,False,False,False,False,False,False,0,0,0,0
853,2026-09-25T11:43:14.241661+00:00,2026-09-25T13:12:19.487342+00:00,91.005,False,False,False,False,True,False,False,False,True,False,False,False,False,True,False,False,False,False,True,False,False,True,False,True,True,False,False,True,False,True,False,False,False,False,False,False,False,False,False,False,True,True,False,True,False,False,False,False,True,False,False,False,True,True,True,False,False,True,False,True,True,True,False,True,False,False,False,False,True,True,True,False,False,False,False,False,False,False,False,0,0,0,0
854,2026-09-25T11:43:14.604065+00:00,2026-09-25T13:12:19.926367+00:00,89.005,False,False,False,False,True,False,False,False,True,False,False,False,False,True,False,False,False,False,True,False,False,True,False,True,True,True,False,True,False,True,False,False,True,False,False,False,False,False,False,False,True,True,False,True,False,False,False,False,False,True,True,False,True,True,True,False,True,True,True,True,True,True,False,True,False,False,False,False,True,True,True,False,False,False,False,False,False,False,False,0,56,0,62
855,2026-09-25T11:43:15.001391+00:00,2026-09-25T13:12:20.320389+00:00,121.006,False,False,False,False,True,False,False,False,True,False,False,False,False,True,False,False,False,False,True,False,False,True,False,True,True,True,False,True,False,True,False,False,True,False,False,False,False,False,False,False,True,True,False,True,False,False,False,False,False,True,True,False,True,True,True,False,False,False,True,True,True,True,False,True,False,False,False,False,True,True,True,False,False,False,False,False,False,False,False,0,138,0,152
856,2026-09-25T11:43:15.360571+00:00,2026-09-25T13:12:20.697411+00:00,95.00500000000001,False,False,False,False,True,False,False,False,True,False,False,False,False,True,False,False,False,False,True,False,False,True,False,True,False,True,False,True,False,True,False,False,False,False,False,False,True,False,False,False,True,True,False,True,False,False,False,False,False,True,True,False,True,True,True,False,True,True,True,True,True,True,False,True,False,False,False,False,True,True,True,False,False,False,False,False,False,False,False,0,216,0,237
857,2026-09-25T11:43:15.833411+00:00,2026-09-25T13:12:21.163438+00:00,92.006,False,False,False,False,True,True,False,False,True,False,False,False,False,False,False,False,False,False,False,False,False,False,False,True,False,True,False,True,False,True,False,False,False,False,False,False,False,False,True,False,True,False,False,True,False,False,False,False,False,True,True,False,True,True,True,False,False,False,False,False,True,True,False,True,False,False,False,False,True,True,True,False,False,False,False,False,False,False,False,0,312,0,343
858,2026-09-25T11:43:16.292667+00:00,2026-09-25T13:12:21.541459+00:00,105.006,False,False,False,False,True,True,False,False,True,False,False,False,False,False,False,False,False,True,False,False,False,False,False,True,False,True,False,False,False,True,False,False,False,False,False,False,False,False,True,False,True,False,False,True,False,False,False,False,False,True,True,False,True,True,True,False,False,False,True,True,True,True,False,True,False,False,False,False,True,True,True,False,False,False,False,False,False,False,False,0,390,0,430
858,2026-09-25T11:43:16.292667+00:00,2026-09-25T13:12:21.541459+00:00,105.006,False,False,False,False,True,True,False,False,True,False,False,False,False,False,False,False,False,True,False,False,False,False,False,True,False,True,False,False,False,True,False,False,False,False,False,False,False,False,True,False,True,False,False,True,False,False,False,False,False,True,True,False,True,True,True,False,False,False,True,True,True,True,False,True,False,False,False,False,True,True,True,False,False,False,False,False,False,False,False,0,390,0,430
859,2026-09-25T11:43:16.676772+00:00,2026-09-25T13:12:22.008486+00:00,109.006,False,False,False,False,True,True,False,False,True,False,False,False,False,False,False,False,False,True,False,False,False,False,False,True,True,True,False,False,False,True,False,False,False,False,False,False,False,False,True,False,True,False,False,True,False,False,False,False,False,True,False,False,True,True,True,False,True,True,False,True,True,True,False,True,False,False,False,False,True,True,True,False,False,False,False,False,False,False,False,0,487,0,457
860,2026-09-25T11:43:17.050834+00:00,2026-09-25T13:12:22.385508+00:00,115.007,False,False,False,False,True,True,False,False,True,False,False,False,False,False,False,False,False,True,False,False,False,False,False,True,True,True,False,False,False,True,False,False,False,False,False,False,False,False,True,False,True,False,False,True,False,False,False,False,False,True,False,False,True,True,True,False,False,False,False,True,True,True,False,True,False,False,False,False,True,True,True,False,False,False,False,False,False,False,False,0,565,0,457
861,2026-09-25T11:43:17.488881+00:00,2026-09-25T13:12:22.825533+00:00,180.011,False,False,False,False,True,True,False,False,True,False,False,False,False,False,False,False,False,True,False,False,False,False,False,True,True,True,False,False,False,True,False,False,False,False,False,False,False,False,True,False,True,False,False,True,False,False,False,False,False,True,False,False,True,True,True,False,True,True,False,True,True,True,False,True,False,False,False,False,True,True,True,False,False,False,False,False,False,False,False,0,656,0,457
862,2026-09-25T11:43:17.961651+00:00,2026-09-25T13:12:23.263558+00:00,92.00500000000001,False,False,False,False,True,True,False,False,True,False,False,False,False,False,False,False,False,True,False,False,False,False,False,True,True,True,False,False,False,True,False,False,False,False,False,False,False,False,True,False,True,False,False,True,False,False,False,False,False,True,False,False,True,True,True,False,False,True,False,True,True,True,False,True,False,False,False,False,True,True,True,False,False,False,False,False,False,False,False,0,747,0,457
863,2026-09-25T11:43:18.391247+00:00,2026-09-25T13:12:23.718584+00:00,95.006,False,False,False,False,True,True,False,False,True,False,False,False,False,False,False,False,False,True,False,False,False,False,False,True,True,True,False,False,False,True,False,False,False,False,False,False,False,False,True,False,True,False,False,True,False,False,False,False,False,True,False,False,True,True,True,False,True,True,False,True,True,True,False,True,False,False,False,False,True,True,True,False,False,False,False,False,False,False,False,0,839,0,457
864,2026-09-25T11:43:18.814819+00:00,2026-09-25T13:12:24.137608+00:00,147.00900000000001,False,False,False,False,True,True,False,False,True,False,False,False,False,False,False,False,False,True,False,False,False,False,False,True,True,True,False,False,False,True,False,False,False,False,False,False,False,False,True,False,True,False,False,False,False,False,False,True,False,False,False,False,True,True,True,True,False,False,False,True,True,True,False,True,False,False,False,False,True,True,True,False,False,False,False,False,False,False,False,0,0,54,0
865,2026-09-25T11:43:19.167805+00:00,2026-09-25T13:12:24.503629+00:00,93.006,False,False,False,False,True,True,False,False,True,False,False,False,False,False,False,False,False,True,False,False,False,False,False,True,True,True,False,False,True,True,False,False,False,False,False,False,True,False,False,False,True,False,False,False,False,False,False,True,False,False,False,False,True,True,False,False,False,False,False,True,True,True,False,True,False,False,False,False,True,True,True,False,False,False,False,False,False,False,False,0,0,133,0
866,2026-09-25T11:43:19.528918+00:00,2026-09-25T13:12:24.860649+00:00,100.006,False,False,False,False,True,True,False,False,True,False,False,False,False,False,False,False,False,True,False,False,False,False,False,True,True,True,False,False,True,True,False,False,False,False,False,False,True,False,False,False,True,False,True,False,False,False,False,True,False,False,False,False,True,True,False,True,False,False,False,True,True,True,False,True,False,False,False,False,True,True,True,False,False,False,False,False,False,False,False,0,0,209,0
867,2026-09-25T11:43:19.900662+00:00,2026-09-25T13:12:25.224670+00:00,100.006,False,False,False,False,True,True,False,False,True,False,False,False,False,False,False,False,False,True,False,False,False,False,False,True,True,True,False,False,True,True,False,False,False,False,False,False,True,False,False,False,True,False,True,False,False,False,False,True,False,False,False,False,True,True,True,True,False,False,False,True,True,True,False,True,False,False,False,False,True,True,True,False,False,False,False,False,False,False,False,0,0,287,0
868,2026-09-25T11:43:20.334573+00:00,2026-09-25T13:12:25.603692+00:00,96.006,False,False,False,False,True,True,False,False,True,False,False,False,False,False,False,False,False,True,False,False,False,False,False,True,True,True,False,False,True,True,False,False,False,False,False,False,True,False,False,False,True,False,True,False,False,False,False,True,False,False,False,False,True,True,False,False,False,False,False,True,True,True,False,True,False,False,False,False,True,True,True,False,False,False,False,False,False,False,False,0,0,368,0
869,2026-09-25T11:43:20.717481+00:00,2026-09-25T13:12:26.053717+00:00,84.00399999999999,False,False,False,False,True,True,False,False,False,False,False,False,False,False,False,False,False,True,False,False,False,False,False,True,True,True,False,False,True,True,False,False,False,False,False,False,True,False,False,False,True,False,True,False,False,False,False,True,False,False,False,False,True,True,False,False,False,False,False,True,True,True,False,True,False,False,False,False,True,True,True,False,False,False,False,False,False,False,False,0,0,465,0
870,2026-09-25T11:43:21.102496+00:00,2026-09-25T13:12:26.398737+00:00,89.005,False,False,False,False,True,True,False,False,False,False,False,False,False,False,False,False,False,True,False,False,False,False,False,True,True,True,False,False,True,True,False,False,False,False,False,False,True,False,False,False,True,True,False,False,False,False,True,False,False,False,False,False,False,False,False,False,False,False,False,True,True,True,False,True,False,False,False,False,True,True,True,False,False,False,False,False,False,False,False,0,0,0,0
871,2026-09-25T11:43:21.471681+00:00,2026-09-25T13:12:26.790760+00:00,93.006,False,False,False,False,True,True,False,False,True,False,False,False,False,False,True,False,False,False,True,False,False,True,False,True,True,True,False,False,True,True,False,False,False,False,False,False,True,False,False,False,True,False,True,False,False,False,True,False,True,False,False,False,False,False,False,True,True,False,False,True,True,True,False,True,False,False,False,False,True,True,True,False,False,False,False,False,False,False,False,0,0,0,0
872,2026-09-25T11:43:21.845253+00:00,2026-09-25T13:12:27.173781+00:00,94.00500000000001,False,False,False,False,True,False,False,False,True,False,False,False,False,False,True,False,False,False,True,False,False,True,False,True,True,True,False,False,True,True,False,False,False,False,False,False,True,False,False,False,True,True,False,False,False,False,True,False,True,False,False,False,False,False,False,False,False,False,False,True,True,True,False,True,False,False,False,False,True,True,True,False,False,False,False,False,False,False,False,0,0,0,0
873,2026-09-25T11:43:22.323824+00:00,2026-09-25T13:12:27.639808+00:00,176.01,False,False,False,False,True,False,False,False,True,False,False,False,False,False,True,False,False,False,True,False,False,True,False,True,True,True,False,False,True,True,False,False,False,False,False,False,True,False,False,False,True,False,True,False,False,False,True,False,True,False,False,False,False,False,False,False,False,False,False,True,True,True,False,True,False,False,False,False,True,True,True,False,False,False,False,False,False,False,False,0,0,0,0
874,2026-09-25T11:43:22.773912+00:00,2026-09-25T13:12:28.044831+00:00,105.006,False,False,False,False,True,False,False,False,True,False,False,False,False,False,True,False,False,False,True,False,False,True,False,False,True,True,False,False,True,True,False,False,False,True,False,True,False,False,False,False,True,False,True,False,False,False,True,False,True,False,False,False,False,False,True,False,True,False,False,True,True,True,False,True,False,False,False,False,True,True,True,False,False,False,False,False,False,False,False,0,0,0,0
875,2026-09-25T11:43:23.270149+00:00,2026-09-25T13:12:28.472856+00:00,102.006,False,False,False,False,True,False,False,False,True,False,False,False,False,False,True,False,False,False,True,False,False,True,False,False,True,True,False,False,True,True,False,False,False,True,False,True,False,False,False,False,True,False,False,False,False,False,True,False,True,False,False,False,False,False,False,False,True,False,False,True,True,True,False,True,False,False,False,False,True,True,True,False,False,False,False,False,False,False,False,0,0,0,0
876,2026-09-25T11:43:23.647867+00:00,2026-09-25T13:12:28.961884+00:00,99.006,False,False,False,False,False,False,True,False,True,False,False,False,False,False,False,True,False,False,False,False,False,False,False,False,True,True,False,False,True,True,False,False,False,True,False,True,False,False,False,False,True,False,False,False,False,False,True,False,True,False,False,False,False,False,False,True,True,False,False,True,True,True,False,True,False,False,False,False,True,True,True,False,False,False,False,False,False,False,False,0,0,0,0
877,2026-09-25T11:43:24.078628+00:00,2026-09-25T13:12:29.356906+00:00,104.006,False,False,False,False,False,False,True,False,True,False,False,False,False,False,False,True,False,False,False,False,False,False,False,False,True,True,False,False,True,True,False,False,False,True,False,True,False,False,False,True,True,False,False,True,False,False,False,False,True,False,False,False,False,False,False,False,True,False,False,True,True,True,False,True,False,False,False,False,True,True,True,False,False,False,False,False,False,False,False,0,0,0,0
878,2026-09-25T11:43:24.436141+00:00,2026-09-25T13:12:29.769930+00:00,94.00500000000001,False,False,False,False,False,False,True,False,True,False,False,False,False,False,False,True,False,False,False,False,False,False,False,False,True,True,False,False,True,True,False,False,False,True,False,True,False,False,False,True,False,True,True,True,False,False,False,False,True,False,False,False,False,False,False,False,False,True,False,True,True,True,False,True,False,False,False,False,True,True,True,False,False,False,False,False,False,False,False,0,0,0,0
879,2026-09-25T11:43:24.870070+00:00,2026-09-25T13:12:30.157952+00:00,126.007,False,False,False,False,False,False,True,False,True,False,False,False,False,False,False,False,False,False,False,False,False,False,False,False,True,True,False,False,True,True,False,False,False,False,False,False,False,False,False,True,False,True,False,True,False,False,False,False,False,False,False,False,False,False,False,False,False,False,False,True,True,True,False,True,False,False,False,False,True,True,True,False,False,False,False,False,False,False,False,0,0,0,0
880,2026-09-25T11:43:25.264907+00:00,2026-09-25T13:12:30.577976+00:00,110.006,False,False,False,False,False,False,True,False,True,False,False,False,False,False,False,False,False,False,False,False,False,False,False,False,True,True,False,False,True,True,False,False,False,False,False,False,False,False,False,True,False,True,False,True,False,False,False,False,False,False,False,False,False,False,False,False,False,False,False,True,True,True,False,True,False,False,False,False,True,True,True,False,False,False,False,False,False,False,False,0,0,0,0
881,2026-09-25T11:43:25.634242+00:00,2026-09-25T13:12:30.962998+00:00,98.005,False,False,False,False,False,False,True,False,True,False,False,False,False,False,False,False,False,False,False,False,False,False,False,False,True,True,False,False,True,True,False,False,False,False,False,False,False,False,False,True,False,True,False,True,False,False,False,False,False,False,False,False,False,False,False,False,False,False,False,True,True,True,False,True,False,False,False,False,True,True,True,False,False,False,False,False,False,False,False,1,0,0,0
882,2026-09-25T11:43:26.064792+00:00,2026-09-25T13:12:31.376022+00:00,90.005,False,False,False,False,False,False,True,False,True,False,False,False,False,False,False,False,False,False,False,False,False,False,False,False,True,True,False,False,True,True,False,False,False,False,False,False,False,False,False,True,False,True,False,True,False,False,False,False,False,False,False,False,False,False,False,False,False,False,False,True,True,True,False,True,False,False,False,False,True,True,True,False,False,False,False,False,False,False,False,0,0,0,0
883,2026-09-25T11:43:26.535188+00:00,2026-09-25T13:12:31.822047+00:00,160.00900000000001,False,False,False,False,False,False,True,False,True,False,False,False,False,False,False,False,False,False,False,False,False,False,False,False,True,True,False,False,True,True,False,False,False,False,False,False,False,False,False,True,False,True,False,True,False,False,False,False,False,False,False,False,False,False,False,False,False,False,False,True,True,True,False,True,False,False,False,False,True,True,True,False,False,False,False,False,False,False,False,0,0,0,0
884,2026-09-25T11:43:27.015643+00:00,2026-09-25T13:12:32.263073+00:00,107.007,False,False,False,False,False,False,True,False,True,False,False,False,False,False,False,False,False,False,False,False,False,False,False,False,True,True,False,False,True,True,False,False,False,False,False,False,False,False,False,True,False,True,False,True,False,False,False,False,False,False,False,False,False,False,False,False,False,False,False,True,True,True,False,True,False,False,False,False,True,True,True,False,False,False,False,False,False,False,False,0,0,0,0
885,2026-09-25T11:43:27.437057+00:00,2026-09-25T13:12:32.737100+00:00,127.00800000000001,False,False,False,False,False,False,True,False,True,False,False,False,False,False,False,False,False,False,False,False,False,False,False,False,True,True,False,False,True,True,False,False,False,False,False,False,False,False,False,True,False,True,False,True,False,False,False,False,False,False,False,False,False,False,False,False,False,False,False,True,True,True,False,True,False,False,False,False,True,True,True,False,False,False,False,False,False,False,False,0,0,0,0
886,2026-09-25T11:43:27.931414+00:00,2026-09-25T13:12:33.218127+00:00,186.01000000000002,False,False,False,False,False,False,True,False,True,False,False,False,False,False,False,False,False,False,False,False,False,False,False,False,True,True,False,False,True,True,False,False,False,False,False,False,False,False,False,True,False,True,False,True,False,False,False,False,False,False,False,False,False,False,False,False,False,False,False,True,True,True,False,True,False,False,False,False,True,True,True,False,False,False,False,False,False,False,False,0,0,0,0
887,2026-09-25T11:43:28.428124+00:00,2026-09-25T13:12:33.633151+00:00,106.006,False,False,False,False,False,False,True,False,True,False,False,False,False,False,False,False,False,False,False,False,False,False,False,False,True,True,False,False,True,True,False,False,False,False,False,False,False,False,False,True,False,True,False,True,False,False,False,False,False,False,False,False,False,False,False,False,False,False,False,True,True,True,False,True,False,False,False,False,True,True,True,False,False,False,False,False,False,False,False,0,0,0,0
888,2026-09-25T11:43:28.790514+00:00,2026-09-25T13:12:34.119179+00:00,93.006,False,False,False,False,False,False,True,False,True,False,False,False,False,False,False,False,False,False,False,False,False,False,False,False,True,True,False,False,True,True,False,False,False,False,False,False,False,False,False,True,False,True,False,True,False,False,False,False,False,False,False,False,False,False,False,False,False,False,False,True,True,True,False,True,False,False,False,False,True,True,True,False,False,False,False,False,False,False,False,0,0,0,0
889,2026-09-25T11:43:29.166932+00:00,2026-09-25T13:12:34.498200+00:00,84.00399999999999,False,False,False,False,False,False,True,False,True,False,False,False,False,False,False,False,False,False,False,False,False,False,False,False,True,True,False,False,True,True,False,False,False,False,False,False,False,False,False,True,False,True,False,True,False,False,False,False,False,False,False,False,False,False,False,False,False,False,False,True,True,True,False,True,False,False,False,False,True,True,True,False,False,False,False,False,False,False,False,0,0,0,0
890,2026-09-25T11:43:29.539351+00:00,2026-09-25T13:12:34.866221+00:00,96.005,False,False,False,False,False,False,True,False,True,False,False,False,False,False,False,False,False,False,False,False,False,False,False,False,True,True,False,False,True,True,False,False,False,False,False,False,False,False,False,True,False,True,False,True,False,False,False,False,False,False,False,False,False,False,False,False,False,False,False,True,True,True,False,True,False,False,False,False,True,True,True,False,False,False,False,False,False,False,False,0,0,0,0
891,2026-09-25T11:43:29.930832+00:00,2026-09-25T13:12:35.238243+00:00,105.006,False,False,False,False,False,False,True,False,True,False,False,False,False,False,False,False,False,False,False,False,False,False,False,False,True,True,False,False,True,True,False,False,False,False,False,False,False,False,False,True,False,True,False,True,False,False,False,False,False,False,False,False,False,False,False,False,False,False,False,True,True,True,False,True,False,False,False,False,True,True,True,False,False,False,False,False,False,False,False,0,0,0,0
891,2026-09-25T11:43:29.930832+00:00,2026-09-25T13:12:35.238243+00:00,105.006,False,False,False,False,False,False,True,False,True,False,False,False,False,False,False,False,False,False,False,False,False,False,False,False,True,True,False,False,True,True,False,False,False,False,False,False,False,False,False,True,False,True,False,True,False,False,False,False,False,False,False,False,False,False,False,False,False,False,False,True,True,True,False,True,False,False,False,False,True,True,True,False,False,False,False,False,False,False,False,0,0,0,0
892,2026-09-25T11:43:30.299903+00:00,2026-09-25T13:12:35.629265+00:00,102.006,False,False,False,False,False,False,True,False,True,False,False,False,False,False,False,False,False,False,False,False,False,False,False,False,True,True,False,False,True,True,False,False,False,False,False,False,False,False,False,True,False,True,False,True,False,False,False,False,False,False,False,False,False,False,False,False,False,False,False,True,True,True,False,True,False,False,False,False,True,True,True,False,False,False,False,False,False,False,False,0,0,0,0
893,2026-09-25T11:43:30.685258+00:00,2026-09-25T13:12:36.001286+00:00,105.006,False,False,False,False,False,False,True,False,True,False,False,False,False,False,False,False,False,False,False,False,False,False,False,False,True,True,False,False,True,True,False,False,False,False,False,False,False,False,False,True,False,True,False,True,False,False,False,False,False,False,False,False,False,False,False,False,False,False,False,True,True,True,False,True,False,False,False,False,True,True,True,False,False,False,False,False,False,False,False,0,0,0,0
894,2026-09-25T11:43:31.069623+00:00,2026-09-25T13:12:36.397309+00:00,90.005,False,False,False,False,False,False,True,False,True,False,False,False,False,False,False,False,False,False,False,False,False,False,False,False,True,True,False,False,True,True,False,False,False,False,False,False,False,False,False,True,False,True,False,True,False,False,False,False,False,False,False,False,False,False,False,False,False,False,False,True,True,True,False,True,False,False,False,False,True,True,True,False,False,False,False,False,False,False,False,0,0,0,0
894,2026-09-25T11:43:31.069623+00:00,2026-09-25T13:12:36.397309+00:00,90.005,False,False,False,False,False,False,True,False,True,False,False,False,False,False,False,False,False,False,False,False,False,False,False,False,True,True,False,False,True,True,False,False,False,False,False,False,False,False,False,True,False,True,False,True,False,False,False,False,False,False,False,False,False,False,False,False,False,False,False,True,True,True,False,True,False,False,False,False,True,True,True,False,False,False,False,False,False,False,False,0,0,0,0
895,2026-09-25T11:43:31.531256+00:00,2026-09-25T13:12:36.857335+00:00,96.005,False,False,False,False,False,False,True,False,True,False,False,False,False,False,False,False,False,False,False,False,False,False,False,False,True,True,False,False,True,True,False,False,False,False,False,False,False,False,False,True,False,True,False,True,False,False,False,False,False,False,False,False,False,False,False,False,False,False,False,True,True,True,False,True,False,False,False,False,True,True,True,False,False,False,False,False,False,False,False,0,0,0,0
896,2026-09-25T11:43:31.981812+00:00,2026-09-25T13:12:37.211356+00:00,87.005,False,False,False,False,False,False,True,False,True,False,False,False,False,False,False,False,False,False,False,False,False,False,False,False,True,True,False,False,True,True,False,False,False,False,False,False,False,False,False,True,False,True,False,True,False,False,False,False,False,False,False,False,False,False,False,False,False,False,False,True,True,True,False,True,False,False,False,False,True,True,True,False,False,False,False,False,False,False,False,0,0,0,0
897,2026-09-25T11:43:32.384975+00:00,2026-09-25T13:12:37.673382+00:00,95.00500000000001,False,False,False,False,False,False,True,False,True,False,False,False,False,False,False,False,False,False,False,False,False,False,False,False,True,True,False,False,True,True,False,False,False,False,False,False,False,False,False,True,False,True,False,True,False,False,False,False,False,False,False,False,False,False,False,False,False,False,False,True,True,True,False,True,False,False,False,False,True,True,True,False,False,False,False,False,False,False,False,1,0,0,0
898,2026-09-25T11:43:32.858632+00:00,2026-09-25T13:12:38.191412+00:00,115.007,False,False,False,False,False,False,True,False,True,False,False,False,False,False,False,False,False,False,False,False,False,False,False,False,True,True,False,False,True,True,False,False,False,False,False,False,False,False,False,True,False,True,False,True,False,False,False,False,False,False,False,False,False,False,False,False,False,False,False,True,True,True,False,True,False,False,False,False,True,True,True,False,False,False,False,False,False,False,False,0,0,0,0
898,2026-09-25T11:43:32.858632+00:00,2026-09-25T13:12:38.191412+00:00,115.007,False,False,False,False,False,False,True,False,True,False,False,False,False,False,False,False,False,False,False,False,False,False,False,False,True,True,False,False,True,True,False,False,False,False,False,False,False,False,False,True,False,True,False,True,False,False,False,False,False,False,False,False,False,False,False,False,False,False,False,True,True,True,False,True,False,False,False,False,True,True,True,False,False,False,False,False,False,False,False,0,0,0,0
899,2026-09-25T11:43:33.267975+00:00,2026-09-25T13:12:38.597435+00:00,83.005,False,False,False,False,False,False,True,False,True,False,False,False,False,False,False,False,False,False,False,False,False,False,False,False,True,True,False,False,True,True,False,False,False,False,False,False,False,False,False,True,False,True,False,True,False,False,False,False,False,False,False,False,False,False,False,False,False,False,False,True,True,True,False,True,False,False,False,False,True,True,True,False,False,False,False,False,False,False,False,1,0,0,0
900,2026-09-25T11:43:33.707317+00:00,2026-09-25T13:12:39.003458+00:00,113.006,False,False,False,False,False,False,True,False,True,False,False,False,False,False,False,False,False,False,False,False,False,False,False,False,True,True,False,False,True,True,False,False,False,False,False,False,False,False,False,True,False,True,False,True,False,False,False,False,False,False,False,False,False,False,False,False,False,False,False,True,True,True,False,True,False,False,False,False,True,True,True,False,False,False,False,False,False,False,False,0,0,0,0
900,2026-09-25T11:43:33.707317+00:00,2026-09-25T13:12:39.003458+00:00,113.006,False,False,False,False,False,False,True,False,True,False,False,False,False,False,False,False,False,False,False,False,False,False,False,False,True,True,False,False,True,True,False,False,False,False,False,False,False,False,False,True,False,True,False,True,False,False,False,False,False,False,False,False,False,False,False,False,False,False,False,True,True,True,False,True,False,False,False,False,True,True,True,False,False,False,False,False,False,False,False,0,0,0,0
901,2026-09-25T11:43:34.218674+00:00,2026-09-25T13:12:39.453484+00:00,147.00900000000001,False,False,False,False,False,False,True,False,True,False,False,False,False,False,False,False,False,False,False,False,False,False,False,False,True,True,False,False,True,True,False,False,False,False,False,False,False,False,False,True,False,True,False,True,False,False,False,False,False,False,False,False,False,False,False,False,False,False,False,True,True,True,False,True,False,False,False,False,True,True,True,False,False,False,False,False,False,False,False,0,0,0,0
902,2026-09-25T11:43:34.578245+00:00,2026-09-25T13:12:39.910510+00:00,99.006,False,False,False,False,False,False,True,False,True,False,False,False,False,False,False,False,False,False,False,False,False,False,False,False,True,True,False,False,True,True,False,False,False,False,False,False,False,False,False,True,False,True,False,True,False,False,False,False,False,False,False,False,False,False,False,False,False,False,False,True,True,True,False,True,False,False,False,False,True,True,True,False,False,False,False,False,False,False,False,0,0,0,0
903,2026-09-25T11:43:34.929694+00:00,2026-09-25T13:12:40.264530+00:00,94.00500000000001,False,False,False,False,False,False,True,False,True,False,False,False,False,False,False,False,False,False,False,False,False,False,False,False,True,True,False,False,True,True,False,False,False,False,False,False,False,False,False,True,False,True,False,True,False,False,False,False,False,False,False,False,False,False,False,False,False,False,False,True,True,True,False,True,False,False,False,False,True,True,True,False,False,False,False,False,False,False,False,0,0,0,0
904,2026-09-25T11:43:35.291559+00:00,2026-09-25T13:12:40.628551+00:00,106.006,False,False,False,False,False,False,True,False,True,False,False,False,False,False,False,False,False,False,False,False,False,False,False,False,True,True,False,False,True,True,False,False,False,False,False,False,False,False,False,True,False,True,False,True,False,False,False,False,False,False,False,False,False,False,False,False,False,False,False,True,True,True,False,True,False,False,False,False,True,True,True,False,False,False,False,False,False,False,False,0,0,0,0
905,2026-09-25T11:43:35.643725+00:00,2026-09-25T13:12:40.979571+00:00,95.00500000000001,False,False,False,False,False,False,True,False,True,False,False,False,False,False,False,False,False,False,False,False,False,False,False,False,True,True,False,False,True,True,False,False,False,False,False,False,False,False,False,True,False,True,False,True,False,False,False,False,False,False,False,False,False,False,False,False,False,False,False,True,True,True,False,True,False,False,False,False,True,True,True,False,False,False,False,False,False,False,False,0,0,0,0
906,2026-09-25T11:43:36.152108+00:00,2026-09-25T13:12:41.339592+00:00,103.006,False,False,False,False,False,False,True,False,True,False,False,False,False,False,False,False,False,False,False,False,False,False,False,False,True,True,False,False,True,True,False,False,False,False,False,False,False,False,False,True,False,True,False,True,False,False,False,False,False,False,False,False,False,False,False,False,False,False,False,True,True,True,False,True,False,False,False,False,True,True,True,False,False,False,False,False,False,False,False,0,0,0,0
907,2026-09-25T11:43:36.513153+00:00,2026-09-25T13:12:41.848621+00:00,104.006,False,False,False,False,False,False,True,False,True,False,False,False,False,False,False,False,False,False,False,False,False,False,False,False,True,True,False,False,True,True,False,False,False,False,False,False,False,False,False,True,False,True,False,True,False,False,False,False,False,False,False,False,False,False,False,False,False,False,False,True,True,True,False,True,False,False,False,False,True,True,True,False,False,False,False,False,False,False,False,0,0,0,0
908,2026-09-25T11:43:36.967149+00:00,2026-09-25T13:12:42.246644+00:00,132.00799999999998,False,False,False,False,False,False,True,False,True,False,False,False,False,False,False,False,False,False,False,False,False,False,False,False,True,True,False,False,True,True,False,False,False,False,False,False,False,False,False,True,False,True,False,True,False,False,False,False,False,False,False,False,False,False,False,False,False,False,False,True,True,True,False,True,False,False,False,False,True,True,True,False,False,False,False,False,False,False,False,0,0,0,0
909,2026-09-25T11:43:37.328573+00:00,2026-09-25T13:12:42.665668+00:00,103.006,False,False,False,False,False,False,True,False,True,False,False,False,False,False,False,False,False,False,False,False,False,False,False,False,True,True,False,False,True,True,False,False,False,False,False,False,False,False,False,True,False,True,False,True,False,False,False,False,False,False,False,False,False,False,False,False,False,False,False,True,True,True,False,True,False,False,False,False,True,True,True,False,False,False,False,False,False,False,False,0,0,0,0
910,2026-09-25T11:43:37.769961+00:00,2026-09-25T13:12:43.071691+00:00,151.00900000000001,False,False,False,False,False,False,True,False,True,False,False,False,False,False,False,False,False,False,False,False,False,False,False,False,True,True,False,False,True,True,False,False,False,False,False,False,False,False,False,True,False,True,False,True,False,False,False,False,False,False,False,False,False,False,False,False,False,False,False,True,True,True,False,True,False,False,False,False,True,True,True,False,False,False,False,False,False,False,False,0,0,0,0
911,2026-09-25T11:43:38.378326+00:00,2026-09-25T13:12:43.611722+00:00,241.014,False,False,False,False,False,False,True,False,True,False,False,False,False,False,False,False,False,False,False,False,False,False,False,False,True,True,False,False,True,True,False,False,False,False,False,False,False,False,False,True,False,True,False,True,False,False,False,False,False,False,False,False,False,False,False,False,False,False,False,True,True,True,False,True,False,False,False,False,True,True,True,False,False,False,False,False,False,False,False,1,0,0,0
912,2026-09-25T11:43:38.752902+00:00,2026-09-25T13:12:44.064748+00:00,90.006,False,False,False,False,False,False,True,False,True,False,False,False,False,False,False,False,False,False,False,False,False,False,False,False,True,True,False,False,True,True,False,False,False,False,False,False,False,False,False,True,False,True,False,True,False,False,False,False,False,False,False,False,False,False,False,False,False,False,False,True,True,True,False,True,False,False,False,False,True,True,True,False,False,False,False,False,False,False,False,0,0,0,0
913,2026-09-25T11:43:39.172994+00:00,2026-09-25T13:12:44.478771+00:00,134.00699999999998,False,False,False,False,False,False,True,False,True,False,False,False,False,False,False,False,False,False,False,False,False,False,False,False,True,True,False,False,True,True,False,False,False,False,False,False,False,False,False,True,False,True,False,True,False,False,False,False,False,False,False,False,False,False,False,False,False,False,False,True,True,True,False,True,False,False,False,False,True,True,True,False,False,False,False,False,False,False,False,0,0,0,0
914,2026-09-25T11:43:39.554054+00:00,2026-09-25T13:12:44.885795+00:00,95.006,False,False,False,False,False,False,True,False,True,False,False,False,False,False,False,False,False,False,False,False,False,False,False,False,True,True,False,False,True,True,False,False,False,False,False,False,False,False,False,True,False,True,False,True,False,False,False,False,False,False,False,False,False,False,False,False,False,False,False,True,True,True,False,True,False,False,False,False,True,True,True,False,False,False,False,False,False,False,False,0,0,0,0
915,2026-09-25T11:43:40.031670+00:00,2026-09-25T13:12:45.362822+00:00,91.005,False,False,False,False,False,False,True,False,True,False,False,False,False,False,False,False,False,False,False,False,False,False,False,False,True,True,False,False,True,True,False,False,False,False,False,False,False,False,False,True,False,True,False,True,False,False,False,False,False,False,False,False,False,False,False,False,False,False,False,True,True,True,False,True,False,False,False,False,True,True,True,False,False,False,False,False,False,False,False,0,0,0,0
916,2026-09-25T11:43:40.477224+00:00,2026-09-25T13:12:45.755844+00:00,113.006,False,False,False,False,False,False,True,False,True,False,False,False,False,False,False,False,False,False,False,False,False,False,False,False,True,True,False,False,True,True,False,False,False,False,False,False,False,False,False,True,False,True,False,True,False,False,False,False,False,False,False,False,False,False,False,False,False,False,False,True,True,True,False,True,False,False,False,False,True,True,True,False,False,False,False,False,False,False,False,0,0,0,0
917,2026-09-25T11:43:40.887804+00:00,2026-09-25T13:12:46.190869+00:00,102.006,False,False,False,False,False,False,True,False,True,False,False,False,False,False,False,False,False,False,False,False,False,False,False,False,True,True,False,False,True,True,False,False,False,False,False,False,False,False,False,True,False,True,False,True,False,False,False,False,False,False,False,False,False,False,False,False,False,False,False,True,True,True,False,True,False,False,False,False,True,True,True,False,False,False,False,False,False,False,False,0,0,0,0
918,2026-09-25T11:43:41.255020+00:00,2026-09-25T13:12:46.576891+00:00,98.005,False,False,False,False,False,False,True,False,True,False,False,False,False,False,False,False,False,False,False,False,False,False,False,False,True,True,False,False,True,True,False,False,False,False,False,False,False,False,False,True,False,True,False,True,False,False,False,False,False,False,False,False,False,False,False,False,False,False,False,True,True,True,False,True,False,False,False,False,True,True,True,False,False,False,False,False,False,False,False,0,0,0,0
919,2026-09-25T11:43:41.682139+00:00,2026-09-25T13:12:46.942912+00:00,94.00500000000001,False,False,False,False,False,False,True,False,True,False,False,False,False,False,False,False,False,False,False,False,False,False,False,False,True,True,False,False,True,True,False,False,False,False,False,False,False,False,False,True,False,True,False,True,False,False,False,False,False,False,False,False,False,False,False,False,False,False,False,True,True,True,False,True,False,False,False,False,True,True,True,False,False,False,False,False,False,False,False,0,0,0,0
920,2026-09-25T11:43:42.043661+00:00,2026-09-25T13:12:47.364936+00:00,91.005,False,False,False,False,False,False,True,False,True,False,False,False,False,False,False,False,False,False,False,False,False,False,False,False,True,True,False,False,True,True,False,False,False,False,False,False,False,False,False,True,False,True,False,True,False,False,False,False,False,False,False,False,False,False,False,False,False,False,False,True,True,True,False,True,False,False,False,False,True,True,True,False,False,False,False,False,False,False,False,0,0,0,0
920,2026-09-25T11:43:42.043661+00:00,2026-09-25T13:12:47.364936+00:00,91.005,False,False,False,False,False,False,True,False,True,False,False,False,False,False,False,False,False,False,False,False,False,False,False,False,True,True,False,False,True,True,False,False,False,False,False,False,False,False,False,True,False,True,False,True,False,False,False,False,False,False,False,False,False,False,False,False,False,False,False,True,True,True,False,True,False,False,False,False,True,True,True,False,False,False,False,False,False,False,False,0,0,0,0
921,2026-09-25T11:43:42.537520+00:00,2026-09-25T13:12:47.753959+00:00,108.007,False,False,False,False,False,False,True,False,True,False,False,False,False,False,False,False,False,False,False,False,False,False,False,False,True,True,False,False,True,True,False,False,False,False,False,False,False,False,False,True,False,True,False,True,False,False,False,False,False,False,False,False,False,False,False,False,False,False,False,True,True,True,False,True,False,False,False,False,True,True,True,False,False,False,False,False,False,False,False,0,0,0,0
922,2026-09-25T11:43:42.909385+00:00,2026-09-25T13:12:48.226986+00:00,97.006,False,False,False,False,False,False,True,False,True,False,False,False,False,False,False,False,False,False,False,False,False,False,False,False,True,True,False,False,True,True,False,False,False,False,False,False,False,False,False,True,False,True,False,True,False,False,False,False,False,False,False,False,False,False,False,False,False,False,False,True,True,True,False,True,False,False,False,False,True,True,True,False,False,False,False,False,False,False,False,0,0,0,0
923,2026-09-25T11:43:43.430039+00:00,2026-09-25T13:12:48.616008+00:00,114.00699999999999,False,False,False,False,False,False,True,False,True,False,False,False,False,False,False,False,False,False,False,False,False,False,False,False,True,True,False,False,True,True,False,False,False,False,False,False,False,False,False,True,False,True,False,True,False,False,False,False,False,False,False,False,False,False,False,False,False,False,False,True,True,True,False,True,False,False,False,False,True,True,True,False,False,False,False,False,False,False,False,0,0,0,0
924,2026-09-25T11:43:43.888537+00:00,2026-09-25T13:12:49.217042+00:00,88.005,False,False,False,False,False,False,True,False,True,False,False,False,False,False,False,False,False,False,False,False,False,False,False,False,True,True,False,False,True,True,False,False,False,False,False,False,False,False,False,True,False,True,False,True,False,False,False,False,False,False,False,False,False,False,False,False,False,False,False,True,True,True,False,True,False,False,False,False,True,True,True,False,False,False,False,False,False,False,False,0,0,0,0
924,2026-09-25T11:43:43.888537+00:00,2026-09-25T13:12:49.217042+00:00,88.005,False,False,False,False,False,False,True,False,True,False,False,False,False,False,False,False,False,False,False,False,False,False,False,False,True,True,False,False,True,True,False,False,False,False,False,False,False,False,False,True,False,True,False,True,False,False,False,False,False,False,False,False,False,False,False,False,False,False,False,True,True,True,False,True,False,False,False,False,True,True,True,False,False,False,False,False,False,False,False,0,0,0,0
925,2026-09-25T11:43:44.253137+00:00,2026-09-25T13:12:49.587063+00:00,108.006,False,False,False,False,False,False,True,False,True,False,False,False,False,False,False,False,False,False,False,False,False,False,False,False,True,True,False,False,True,True,False,False,False,False,False,False,False,False,False,True,False,True,False,True,False,False,False,False,False,False,False,False,False,False,False,False,False,False,False,True,True,True,False,True,False,False,False,False,True,True,True,False,False,False,False,False,False,False,False,0,0,0,0
926,2026-09-25T11:43:44.738385+00:00,2026-09-25T13:12:50.067091+00:00,84.005,False,False,False,False,False,False,True,False,True,False,False,False,False,False,False,False,False,False,False,False,False,False,False,False,True,True,False,False,True,True,False,False,False,False,False,False,False,False,False,True,False,True,False,True,False,False,False,False,False,False,False,False,False,False,False,False,False,False,False,True,True,True,False,True,False,False,False,False,True,True,True,False,False,False,False,False,False,False,False,0,0,0,0
927,2026-09-25T11:43:45.239810+00:00,2026-09-25T13:12:50.536118+00:00,201.012,False,False,False,False,False,False,True,False,True,False,False,False,False,False,False,False,False,False,False,False,False,False,False,False,True,True,False,False,True,True,False,False,False,False,False,False,False,False,False,True,False,True,False,True,False,False,False,False,False,False,False,False,False,False,False,False,False,False,False,True,True,True,False,True,False,False,False,False,True,True,True,False,False,False,False,False,False,False,False,0,0,0,0
928,2026-09-25T11:43:45.659465+00:00,2026-09-25T13:12:50.991144+00:00,128.008,False,False,False,False,False,False,True,False,True,False,False,False,False,False,False,False,False,False,False,False,False,False,False,False,True,True,False,False,True,True,False,False,False,False,False,False,False,False,False,True,False,True,False,True,False,False,False,False,False,False,False,False,False,False,False,False,False,False,False,True,True,True,False,True,False,False,False,False,True,True,True,False,False,False,False,False,False,False,False,0,0,0,0
929,2026-09-25T11:43:46.050476+00:00,2026-09-25T13:12:51.355165+00:00,91.006,False,False,False,False,False,False,True,False,True,False,False,False,False,False,False,False,False,False,False,False,False,False,False,False,True,True,False,False,True,True,False,False,False,False,False,False,False,False,False,True,False,True,False,True,False,False,False,False,False,False,False,False,False,False,False,False,False,False,False,True,True,True,False,True,False,False,False,False,True,True,True,False,False,False,False,False,False,False,False,0,0,0,0
930,2026-09-25T11:43:46.414215+00:00,2026-09-25T13:12:51.741187+00:00,97.006,False,False,False,False,False,False,True,False,True,False,False,False,False,False,False,False,False,False,False,False,False,False,False,False,True,True,False,False,True,True,False,False,False,False,False,False,False,False,False,True,False,True,False,True,False,False,False,False,False,False,False,False,False,False,False,False,False,False,False,True,True,True,False,True,False,False,False,False,True,True,True,False,False,False,False,False,False,False,False,0,0,0,0
931,2026-09-25T11:43:46.856690+00:00,2026-09-25T13:12:52.192212+00:00,165.009,False,False,False,False,False,False,True,False,True,False,False,False,False,False,False,False,False,False,False,False,False,False,False,False,True,True,False,False,True,True,False,False,False,False,False,False,False,False,False,True,False,True,False,True,False,False,False,False,False,False,False,False,False,False,False,False,False,False,False,True,True,True,False,True,False,False,False,False,True,True,True,False,False,False,False,False,False,False,False,0,0,0,0
932,2026-09-25T11:43:47.220785+00:00,2026-09-25T13:12:52.549233+00:00,96.006,False,False,False,False,False,False,True,False,True,False,False,False,False,False,False,False,False,False,False,False,False,False,False,False,True,True,False,False,True,True,False,False,False,False,False,False,False,False,False,True,False,True,False,True,False,False,False,False,False,False,False,False,False,False,False,False,False,False,False,True,True,True,False,True,False,False,False,False,True,True,True,False,False,False,False,False,False,False,False,0,0,0,0
933,2026-09-25T11:43:47.582274+00:00,2026-09-25T13:12:52.918254+00:00,106.006,False,False,False,False,False,False,True,False,True,False,False,False,False,False,False,False,False,False,False,False,False,False,False,False,True,True,False,False,True,True,False,False,False,False,False,False,False,False,False,True,False,True,False,True,False,False,False,False,False,False,False,False,False,False,False,False,False,False,False,True,True,True,False,True,False,False,False,False,True,True,True,False,False,False,False,False,False,False,False,0,0,0,0
934,2026-09-25T11:43:48.093113+00:00,2026-09-25T13:12:53.395281+00:00,153.008,False,False,False,False,False,False,True,False,True,False,False,False,False,False,False,False,False,False,False,False,False,False,False,False,True,True,False,False,True,True,False,False,False,False,False,False,False,False,False,True,False,True,False,True,False,False,False,False,False,False,False,False,False,False,False,False,False,False,False,True,True,True,False,True,False,False,False,False,True,True,True,False,False,False,False,False,False,False,False,0,0,0,0
935,2026-09-25T11:43:48.595455+00:00,2026-09-25T13:12:53.928312+00:00,196.011,False,False,False,False,False,False,True,False,True,False,False,False,False,False,False,False,False,False,False,False,False,False,False,False,True,True,False,False,True,True,False,False,False,False,False,False,False,False,False,True,False,True,False,True,False,False,False,False,False,False,False,False,False,False,False,False,False,False,False,True,True,True,False,True,False,False,False,False,True,True,True,False,False,False,False,False,False,False,False,0,0,0,0
936,2026-09-25T11:43:48.984154+00:00,2026-09-25T13:12:54.316334+00:00,113.00699999999999,False,False,False,False,False,False,True,False,True,False,False,False,False,False,False,False,False,False,False,False,False,False,False,False,True,True,False,False,True,True,False,False,False,False,False,False,False,False,False,True,False,True,False,True,False,False,False,False,False,False,False,False,False,False,False,False,False,False,False,True,True,True,False,True,False,False,False,False,True,True,True,False,False,False,False,False,False,False,False,0,0,0,0
937,2026-09-25T11:43:49.328174+00:00,2026-09-25T13:12:54.664354+00:00,89.005,False,False,False,False,False,False,True,False,True,False,False,False,False,False,False,False,False,False,False,False,False,False,False,False,True,True,False,False,True,True,False,False,False,False,False,False,False,False,False,True,False,True,False,True,False,False,False,False,False,False,False,False,False,False,False,False,False,False,False,True,True,True,False,True,False,False,False,False,True,True,True,False,False,False,False,False,False,False,False,0,0,0,0
938,2026-09-25T11:43:49.761702+00:00,2026-09-25T13:12:55.091378+00:00,86.005,False,False,False,False,False,False,True,False,True,False,False,False,False,False,False,False,False,False,False,False,False,False,False,False,True,True,False,False,True,True,False,False,False,False,False,False,False,False,False,True,False,True,False,True,False,False,False,False,False,False,False,False,False,False,False,False,False,False,False,True,True,True,False,True,False,False,False,False,True,True,True,False,False,False,False,False,False,False,False,0,0,0,0
939,2026-09-25T11:43:50.189878+00:00,2026-09-25T13:12:55.474400+00:00,90.005,False,False,False,False,False,False,True,False,True,False,False,False,False,False,False,False,False,False,False,False,False,False,False,False,True,True,False,False,True,True,False,False,False,False,False,False,False,False,False,True,False,True,False,True,False,False,False,False,False,False,False,False,False,False,False,False,False,False,False,True,True,True,False,True,False,False,False,False,True,True,True,False,False,False,False,False,False,False,False,0,0,0,0
940,2026-09-25T11:43:50.626174+00:00,2026-09-25T13:12:55.958428+00:00,89.005,False,False,False,False,False,False,True,False,True,False,False,False,False,False,False,False,False,False,False,False,False,False,False,False,True,True,False,False,True,True,False,False,False,False,False,False,False,False,False,True,False,True,False,True,False,False,False,False,False,False,False,False,False,False,False,False,False,False,False,True,True,True,False,True,False,False,False,False,True,True,True,False,False,False,False,False,False,False,False,0,0,0,0
941,2026-09-25T11:43:51.090596+00:00,2026-09-25T13:12:56.415454+00:00,181.01,False,False,False,False,False,False,True,False,True,False,False,False,False,False,False,False,False,False,False,False,False,False,False,False,True,True,False,False,True,True,False,False,False,False,False,False,False,False,False,True,False,True,False,True,False,False,False,False,False,False,False,False,False,False,False,False,False,False,False,True,True,True,False,True,False,False,False,False,True,True,True,False,False,False,False,False,False,False,False,0,0,0,0
942,2026-09-25T11:43:51.434641+00:00,2026-09-25T13:12:56.768474+00:00,87.005,False,False,False,False,False,False,True,False,True,False,False,False,False,False,False,False,False,False,False,False,False,False,False,False,True,True,False,False,True,True,False,False,False,False,False,False,False,False,False,True,False,True,False,True,False,False,False,False,False,False,False,False,False,False,False,False,False,False,False,True,True,True,False,True,False,False,False,False,True,True,True,False,False,False,False,False,False,False,False,0,0,0,0
943,2026-09-25T11:43:51.862716+00:00,2026-09-25T13:12:57.128495+00:00,101.006,False,False,False,False,False,False,True,False,True,False,False,False,False,False,False,False,False,False,False,False,False,False,False,False,True,True,False,False,True,True,False,False,False,False,False,False,False,False,False,True,False,True,False,True,False,False,False,False,False,False,False,False,False,False,False,False,False,False,False,True,True,True,False,True,False,False,False,False,True,True,True,False,False,False,False,False,False,False,False,0,0,0,0
944,2026-09-25T11:43:52.219227+00:00,2026-09-25T13:12:57.547519+00:00,92.006,False,False,False,False,False,False,True,False,True,False,False,False,False,False,False,False,False,False,False,False,False,False,False,False,True,True,False,False,True,True,False,False,False,False,False,False,False,False,False,True,False,True,False,True,False,False,False,False,False,False,False,False,False,False,False,False,False,False,False,True,True,True,False,True,False,False,False,False,True,True,True,False,False,False,False,False,False,False,False,0,0,0,0
945,2026-09-25T11:43:52.561425+00:00,2026-09-25T13:12:57.896539+00:00,87.005,False,False,False,False,False,False,True,False,True,False,False,False,False,False,False,False,False,False,False,False,False,False,False,False,True,True,False,False,True,True,False,False,False,False,False,False,False,False,False,True,False,True,False,True,False,False,False,False,False,False,False,False,False,False,False,False,False,False,False,True,True,True,False,True,False,False,False,False,True,True,True,False,False,False,False,False,False,False,False,0,0,0,0
946,2026-09-25T11:43:52.958008+00:00,2026-09-25T13:12:58.245559+00:00,92.006,False,False,False,False,False,False,True,False,True,False,False,False,False,False,False,False,False,False,False,False,False,False,False,False,True,True,False,False,True,True,False,False,False,False,False,False,False,False,False,True,False,True,False,True,False,False,False,False,False,False,False,False,False,False,False,False,False,False,False,True,True,True,False,True,False,False,False,False,True,True,True,False,False,False,False,False,False,False,False,0,0,0,0
947,2026-09-25T11:43:53.370138+00:00,2026-09-25T13:12:58.662583+00:00,96.006,False,False,False,False,False,False,True,False,True,False,False,False,False,False,False,False,False,False,False,False,False,False,False,False,True,True,False,False,True,True,False,False,False,False,False,False,False,False,False,True,False,True,False,True,False,False,False,False,False,False,False,False,False,False,False,False,False,False,False,True,True,True,False,True,False,False,False,False,True,True,True,False,False,False,False,False,False,False,False,0,0,0,0
948,2026-09-25T11:43:53.766945+00:00,2026-09-25T13:12:59.059605+00:00,96.005,False,False,False,False,False,False,True,False,True,False,False,False,False,False,False,False,False,False,False,False,False,False,False,False,True,True,False,False,True,True,False,False,False,False,False,False,False,False,False,True,False,True,False,True,False,False,False,False,False,False,False,False,False,False,False,False,False,False,False,True,True,True,False,True,False,False,False,False,True,True,True,False,False,False,False,False,False,False,False,0,0,0,0
949,2026-09-25T11:43:54.148376+00:00,2026-09-25T13:12:59.464628+00:00,100.005,False,False,False,False,False,False,True,False,True,False,False,False,False,False,False,False,False,False,False,False,False,False,False,False,True,True,False,False,True,True,False,False,False,False,False,False,False,False,False,True,False,True,False,True,False,False,False,False,False,False,False,False,False,False,False,False,False,False,False,True,True,True,False,True,False,False,False,False,True,True,True,False,False,False,False,False,False,False,False,0,0,0,0
950,2026-09-25T11:43:54.496900+00:00,2026-09-25T13:12:59.831649+00:00,90.005,False,False,False,False,False,False,True,False,True,False,False,False,False,False,False,False,False,False,False,False,False,False,False,False,True,True,False,False,True,True,False,False,False,False,False,False,False,False,False,True,False,True,False,True,False,False,False,False,False,False,False,False,False,False,False,False,False,False,False,True,True,True,False,True,False,False,False,False,True,True,True,False,False,False,False,False,False,False,False,0,0,0,0
951,2026-09-25T11:43:54.861288+00:00,2026-09-25T13:13:00.188670+00:00,101.006,False,False,False,False,False,False,True,False,True,False,False,False,False,False,False,False,False,False,False,False,False,False,False,False,True,True,False,False,True,True,False,False,False,False,False,False,False,False,False,True,False,True,False,True,False,False,False,False,False,False,False,False,False,False,False,False,False,False,False,True,True,True,False,True,False,False,False,False,True,True,True,False,False,False,False,False,False,False,False,0,0,0,0
952,2026-09-25T11:43:55.223490+00:00,2026-09-25T13:13:00.558691+00:00,91.005,False,False,False,False,False,False,True,False,True,False,False,False,False,False,False,False,False,False,False,False,False,False,False,False,True,True,False,False,True,True,False,False,False,False,False,False,False,False,False,True,False,True,False,True,False,False,False,False,False,False,False,False,False,False,False,False,False,False,False,True,True,True,False,True,False,False,False,False,True,True,True,False,False,False,False,False,False,False,False,0,0,0,0
953,2026-09-25T11:43:55.623475+00:00,2026-09-25T13:13:00.905711+00:00,90.005,False,False,False,False,False,False,True,False,True,False,False,False,False,False,False,False,False,False,False,False,False,False,False,False,True,True,False,False,True,True,False,False,False,False,False,False,False,False,False,True,False,True,False,True,False,False,False,False,False,False,False,False,False,False,False,False,False,False,False,True,True,True,False,True,False,False,False,False,True,True,True,False,False,False,False,False,False,False,False,0,0,0,0
954,2026-09-25T11:43:55.985940+00:00,2026-09-25T13:13:01.306734+00:00,92.00500000000001,False,False,False,False,False,False,True,False,True,False,False,False,False,False,False,False,False,False,False,False,False,False,False,False,True,True,False,False,True,True,False,False,False,False,False,False,False,False,False,True,False,True,False,True,False,False,False,False,False,False,False,False,False,False,False,False,False,False,False,True,True,True,False,True,False,False,False,False,True,True,True,False,False,False,False,False,False,False,False,0,0,0,0
955,2026-09-25T11:43:56.451018+00:00,2026-09-25T13:13:01.782761+00:00,162.009,False,False,False,False,False,False,True,False,True,False,False,False,False,False,False,False,False,False,False,False,False,False,False,False,True,True,False,False,True,True,False,False,False,False,False,False,False,False,False,True,False,True,False,True,False,False,False,False,False,False,False,False,False,False,False,False,False,False,False,True,True,True,False,True,False,False,False,False,True,True,True,False,False,False,False,False,False,False,False,0,0,0,0
956,2026-09-25T11:43:56.808401+00:00,2026-09-25T13:13:02.141782+00:00,99.006,False,False,False,False,False,False,True,False,True,False,False,False,False,False,False,False,False,False,False,False,False,False,False,False,True,True,False,False,True,True,False,False,False,False,False,False,False,False,False,True,False,True,False,True,False,False,False,False,False,False,False,False,False,False,False,False,False,False,False,True,True,True,False,True,False,False,False,False,True,True,True,False,False,False,False,False,False,False,False,0,0,0,0
957,2026-09-25T11:43:57.262700+00:00,2026-09-25T13:13:02.593807+00:00,145.008,False,False,False,False,False,False,True,False,True,False,False,False,False,False,False,False,False,False,False,False,False,False,False,False,True,True,False,False,True,True,False,False,False,False,False,False,False,False,False,True,False,True,False,True,False,False,False,False,False,False,False,False,False,False,False,False,False,False,False,True,True,True,False,True,False,False,False,False,True,True,True,False,False,False,False,False,False,False,False,0,0,0,0
958,2026-09-25T11:43:57.748540+00:00,2026-09-25T13:13:03.057834+00:00,188.01100000000002,False,False,False,False,False,False,True,False,True,False,False,False,False,False,False,False,False,False,False,False,False,False,False,False,True,True,False,False,True,True,False,False,False,False,False,False,False,False,False,True,False,True,False,True,False,False,False,False,False,False,False,False,False,False,False,False,False,False,False,True,True,True,False,True,False,False,False,False,True,True,True,False,False,False,False,False,False,False,False,0,0,0,0
959,2026-09-25T11:43:58.111513+00:00,2026-09-25T13:13:03.443856+00:00,101.006,False,False,False,False,False,False,True,False,True,False,False,False,False,False,False,False,False,False,False,False,False,False,False,False,True,True,False,False,True,True,False,False,False,False,False,False,False,False,False,True,False,True,False,True,False,False,False,False,False,False,False,False,False,False,False,False,False,False,False,True,True,True,False,True,False,False,False,False,True,True,True,False,False,False,False,False,False,False,False,0,0,0,0
960,2026-09-25T11:43:58.597885+00:00,2026-09-25T13:13:03.925884+00:00,221.01299999999998,False,False,False,False,False,False,True,False,True,False,False,False,False,False,False,False,False,False,False,False,False,False,False,False,True,True,False,False,True,True,False,False,False,False,False,False,False,False,False,True,False,True,False,True,False,False,False,False,False,False,False,False,False,False,False,False,False,False,False,True,True,True,False,True,False,False,False,False,True,True,True,False,False,False,False,False,False,False,False,1,0,0,0
961,2026-09-25T11:43:58.987380+00:00,2026-09-25T13:13:04.322906+00:00,129.007,False,False,False,False,False,False,True,False,True,False,False,False,False,False,False,False,False,False,False,False,False,False,False,False,True,True,False,False,True,True,False,False,False,False,False,False,False,False,False,True,False,True,False,True,False,False,False,False,False,False,False,False,False,False,False,False,False,False,False,True,True,True,False,True,False,False,False,False,True,True,True,False,False,False,False,False,False,False,False,0,0,0,0
962,2026-09-25T11:43:59.449928+00:00,2026-09-25T13:13:04.673926+00:00,94.00500000000001,False,False,False,False,False,False,True,False,True,False,False,False,False,False,False,False,False,False,False,False,False,False,False,False,True,True,False,False,True,True,False,False,False,False,False,False,False,False,False,True,False,True,False,True,False,False,False,False,False,False,False,False,False,False,False,False,False,False,False,True,True,True,False,True,False,False,False,False,True,True,True,False,False,False,False,False,False,False,False,0,0,0,0
963,2026-09-25T11:43:59.850099+00:00,2026-09-25T13:13:05.183956+00:00,139.00799999999998,False,False,False,False,False,False,True,False,True,False,False,False,False,False,False,False,False,False,False,False,False,False,False,False,True,True,False,False,True,True,False,False,False,False,False,False,False,False,False,True,False,True,False,True,False,False,False,False,False,False,False,False,False,False,False,False,False,False,False,True,True,True,False,True,False,False,False,False,True,True,True,False,False,False,False,False,False,False,False,0,0,0,0
964,2026-09-25T11:44:00.228061+00:00,2026-09-25T13:13:05.541976+00:00,97.006,False,False,False,False,False,False,True,False,True,False,False,False,False,False,False,False,False,False,False,False,False,False,False,False,True,True,False,False,True,True,False,False,False,False,False,False,False,False,False,True,False,True,False,True,False,False,False,False,False,False,False,False,False,False,False,False,False,False,False,True,True,True,False,True,False,False,False,False,True,True,True,False,False,False,False,False,False,False,False,0,0,0,0
965,2026-09-25T11:44:00.662999+00:00,2026-09-25T13:13:05.930998+00:00,109.006,False,False,False,False,False,False,True,False,True,False,False,False,False,False,False,False,False,False,False,False,False,False,False,False,True,True,False,False,True,True,False,False,False,False,False,False,False,False,False,True,False,True,False,True,False,False,False,False,False,False,False,False,False,False,False,False,False,False,False,True,True,True,False,True,False,False,False,False,True,True,True,False,False,False,False,False,False,False,False,0,0,0,0
966,2026-09-25T11:44:01.039141+00:00,2026-09-25T13:13:06.352022+00:00,97.005,False,False,False,False,False,False,True,False,True,False,False,False,False,False,False,False,False,False,False,False,False,False,False,False,True,True,False,False,True,True,False,False,False,False,False,False,False,False,False,True,False,True,False,True,False,False,False,False,False,False,False,False,False,False,False,False,False,False,False,True,True,True,False,True,False,False,False,False,True,True,True,False,False,False,False,False,False,False,False,0,0,0,0
967,2026-09-25T11:44:01.403096+00:00,2026-09-25T13:13:06.733044+00:00,95.00500000000001,False,False,False,False,False,False,True,False,True,False,False,False,False,False,False,False,False,False,False,False,False,False,False,False,True,True,False,False,True,True,False,False,False,False,False,False,False,False,False,True,False,True,False,True,False,False,False,False,False,False,False,False,False,False,False,False,False,False,False,True,True,True,False,True,False,False,False,False,True,True,True,False,False,False,False,False,False,False,False,0,0,0,0
968,2026-09-25T11:44:01.820175+00:00,2026-09-25T13:13:07.145068+00:00,99.006,False,False,False,False,False,False,True,False,True,False,False,False,False,False,False,False,False,False,False,False,False,False,False,False,True,True,False,False,True,True,False,False,False,False,False,False,False,False,False,True,False,True,False,True,False,False,False,False,False,False,False,False,False,False,False,False,False,False,False,True,True,True,False,True,False,False,False,False,True,True,True,False,False,False,False,False,False,False,False,0,0,0,0
969,2026-09-25T11:44:02.200126+00:00,2026-09-25T13:13:07.507088+00:00,90.005,False,False,False,False,False,False,True,False,True,False,False,False,False,False,False,False,False,False,False,False,False,False,False,False,True,True,False,False,True,True,False,False,False,False,False,False,False,False,False,True,False,True,False,True,False,False,False,False,False,False,False,False,False,False,False,False,False,False,False,True,True,True,False,True,False,False,False,False,True,True,True,False,False,False,False,False,False,False,False,0,0,0,0
970,2026-09-25T11:44:02.628365+00:00,2026-09-25T13:13:07.960114+00:00,84.00399999999999,False,False,False,False,False,False,True,False,True,False,False,False,False,False,False,False,False,False,False,False,False,False,False,False,True,True,False,False,True,True,False,False,False,False,False,False,False,False,False,True,False,True,False,True,False,False,False,False,False,False,False,False,False,False,False,False,False,False,False,True,True,True,False,True,False,False,False,False,True,True,True,False,False,False,False,False,False,False,False,0,0,0,0
971,2026-09-25T11:44:03.025373+00:00,2026-09-25T13:13:08.307134+00:00,87.005,False,False,False,False,False,False,True,False,True,False,False,False,False,False,False,False,False,False,False,False,False,False,False,False,True,True,False,False,True,True,False,False,False,False,False,False,False,False,False,True,False,True,False,True,False,False,False,False,False,False,False,False,False,False,False,False,False,False,False,True,True,True,False,True,False,False,False,False,True,True,True,False,False,False,False,False,False,False,False,0,0,0,0
972,2026-09-25T11:44:03.390887+00:00,2026-09-25T13:13:08.719158+00:00,88.005,False,False,False,False,False,False,True,False,True,False,False,False,False,False,False,False,False,False,False,False,False,False,False,False,True,True,False,False,True,True,False,False,False,False,False,False,False,False,False,True,False,True,False,True,False,False,False,False,False,False,False,False,False,False,False,False,False,False,False,True,True,True,False,True,False,False,False,False,True,True,True,False,False,False,False,False,False,False,False,0,0,0,0
973,2026-09-25T11:44:03.804903+00:00,2026-09-25T13:13:09.138182+00:00,91.006,False,False,False,False,False,False,True,False,True,False,False,False,False,False,False,False,False,False,False,False,False,False,False,False,True,True,False,False,True,True,False,False,False,False,False,False,False,False,False,True,False,True,False,True,False,False,False,False,False,False,False,False,False,False,False,False,False,False,False,True,True,True,False,True,False,False,False,False,True,True,True,False,False,False,False,False,False,False,False,0,0,0,0
974,2026-09-25T11:44:04.196944+00:00,2026-09-25T13:13:09.503203+00:00,91.006,False,False,False,False,False,False,True,False,True,False,False,False,False,False,False,False,False,False,False,False,False,False,False,False,True,True,False,False,True,True,False,False,False,False,False,False,False,False,False,True,False,True,False,True,False,False,False,False,False,False,False,False,False,False,False,False,False,False,False,True,True,True,False,True,False,False,False,False,True,True,True,False,False,False,False,False,False,False,False,0,0,0,0
975,2026-09-25T11:44:04.543491+00:00,2026-09-25T13:13:09.876224+00:00,89.005,False,False,False,False,False,False,True,False,True,False,False,False,False,False,False,False,False,False,False,False,False,False,False,False,True,True,False,False,True,True,False,False,False,False,False,False,False,False,False,True,False,True,False,True,False,False,False,False,False,False,False,False,False,False,False,False,False,False,False,True,True,True,False,True,False,False,False,False,True,True,True,False,False,False,False,False,False,False,False,0,0,0,0
976,2026-09-25T11:44:04.976460+00:00,2026-09-25T13:13:10.295248+00:00,98.006,False,False,False,False,False,False,True,False,True,False,False,False,False,False,False,False,False,False,False,False,False,False,False,False,True,True,False,False,True,True,False,False,False,False,False,False,False,False,False,True,False,True,False,True,False,False,False,False,False,False,False,False,False,False,False,False,False,False,False,True,True,True,False,True,False,False,False,False,True,True,True,False,False,False,False,False,False,False,False,0,0,0,0
977,2026-09-25T11:44:05.326867+00:00,2026-09-25T13:13:10.658269+00:00,89.005,False,False,False,False,False,False,True,False,True,False,False,False,False,False,False,False,False,False,False,False,False,False,False,False,True,True,False,False,True,True,False,False,False,False,False,False,False,False,False,True,False,True,False,True,False,False,False,False,False,False,False,False,False,False,False,False,False,False,False,True,True,True,False,True,False,False,False,False,True,True,True,False,False,False,False,False,False,False,False,0,0,0,0
978,2026-09-25T11:44:05.734952+00:00,2026-09-25T13:13:11.059292+00:00,92.006,False,False,False,False,False,False,True,False,True,False,False,False,False,False,False,False,False,False,False,False,False,False,False,False,True,True,False,False,True,True,False,False,False,False,False,False,False,False,False,True,False,True,False,True,False,False,False,False,False,False,False,False,False,False,False,False,False,False,False,True,True,True,False,True,False,False,False,False,True,True,True,False,False,False,False,False,False,False,False,0,0,0,0
979,2026-09-25T11:44:06.242971+00:00,2026-09-25T13:13:11.505317+00:00,179.01,False,False,False,False,False,False,True,False,True,False,False,False,False,False,False,False,False,False,False,False,False,False,False,False,True,True,False,False,True,True,False,False,False,False,False,False,False,False,False,True,False,True,False,True,False,False,False,False,False,False,False,False,False,False,False,False,False,False,False,True,True,True,False,True,False,False,False,False,True,True,True,False,False,False,False,False,False,False,False,0,0,0,0
980,2026-09-25T11:44:06.590167+00:00,2026-09-25T13:13:11.921341+00:00,87.005,False,False,False,False,False,False,True,False,True,False,False,False,False,False,False,False,False,False,False,False,False,False,False,False,True,True,False,False,True,True,False,False,False,False,False,False,False,False,False,True,False,True,False,True,False,False,False,False,False,False,False,False,False,False,False,False,False,False,False,True,True,True,False,True,False,False,False,False,True,True,True,False,False,False,False,False,False,False,False,0,0,0,0
981,2026-09-25T11:44:07.004952+00:00,2026-09-25T13:13:12.283362+00:00,96.006,False,False,False,False,False,False,True,False,True,False,False,False,False,False,False,False,False,False,False,False,False,False,False,False,True,True,False,False,True,True,False,False,False,False,False,False,False,False,False,True,False,True,False,True,False,False,False,False,False,False,False,False,False,False,False,False,False,False,False,True,True,True,False,True,False,False,False,False,True,True,True,False,False,False,False,False,False,False,False,0,0,0,0
982,2026-09-25T11:44:07.360125+00:00,2026-09-25T13:13:12.694385+00:00,98.006,False,False,False,False,False,False,True,False,True,False,False,False,False,False,False,False,False,False,False,False,False,False,False,False,True,True,False,False,True,True,False,False,False,False,False,False,False,False,False,True,False,True,False,True,False,False,False,False,False,False,False,False,False,False,False,False,False,False,False,True,True,True,False,True,False,False,False,False,True,True,True,False,False,False,False,False,False,False,False,1,0,0,0
983,2026-09-25T11:44:07.708354+00:00,2026-09-25T13:13:13.043405+00:00,92.00500000000001,False,False,False,False,False,False,True,False,True,False,False,False,False,False,False,False,False,False,False,False,False,False,False,False,True,True,False,False,True,True,False,False,False,False,False,False,False,False,False,True,False,True,False,True,False,False,False,False,False,False,False,False,False,False,False,False,False,False,False,True,True,True,False,True,False,False,False,False,True,True,True,False,False,False,False,False,False,False,False,0,0,0,0
984,2026-09-25T11:44:08.161505+00:00,2026-09-25T13:13:13.460429+00:00,154.00900000000001,False,False,False,False,False,False,True,False,True,False,False,False,False,False,False,False,False,False,False,False,False,False,False,False,True,True,False,False,True,True,False,False,False,False,False,False,False,False,False,True,False,True,False,True,False,False,False,False,False,False,False,False,False,False,False,False,False,False,False,True,True,True,False,True,False,False,False,False,True,True,True,False,False,False,False,False,False,False,False,0,0,0,0
985,2026-09-25T11:44:08.593659+00:00,2026-09-25T13:13:13.915455+00:00,161.00900000000001,False,False,False,False,False,False,True,False,True,False,False,False,False,False,False,False,False,False,False,False,False,False,False,False,True,True,False,False,True,True,False,False,False,False,False,False,False,False,False,True,False,True,False,True,False,False,False,False,False,False,False,False,False,False,False,False,False,False,False,True,True,True,False,True,False,False,False,False,True,True,True,False,False,False,False,False,False,False,False,0,0,0,0
986,2026-09-25T11:44:09.086402+00:00,2026-09-25T13:13:14.421484+00:00,235.014,False,False,False,False,False,False,True,False,True,False,False,False,False,False,False,False,False,False,False,False,False,False,False,False,True,True,False,False,True,True,False,False,False,False,False,False,False,False,False,True,False,True,False,True,False,False,False,False,False,False,False,False,False,False,False,False,False,False,False,True,True,True,False,True,False,False,False,False,True,True,True,False,False,False,False,False,False,False,False,0,0,0,0
987,2026-09-25T11:44:09.525071+00:00,2026-09-25T13:13:14.768504+00:00,93.006,False,False,False,False,False,False,True,False,True,False,False,False,False,False,False,False,False,False,False,False,False,False,False,False,True,True,False,False,True,True,False,False,False,False,False,False,False,False,False,True,False,True,False,True,False,False,False,False,False,False,False,False,False,False,False,False,False,False,False,True,True,True,False,True,False,False,False,False,True,True,True,False,False,False,False,False,False,False,False,0,0,0,0
988,2026-09-25T11:44:09.957364+00:00,2026-09-25T13:13:15.232530+00:00,115.006,False,False,False,False,False,False,True,False,True,False,False,False,False,False,False,False,False,False,False,False,False,False,False,False,True,True,False,False,True,True,False,False,False,False,False,False,False,False,False,True,False,True,False,True,False,False,False,False,False,False,False,False,False,False,False,False,False,False,False,True,True,True,False,True,False,False,False,False,True,True,True,False,False,False,False,False,False,False,False,0,0,0,0
989,2026-09-25T11:44:10.347464+00:00,2026-09-25T13:13:15.676556+00:00,91.006,False,False,False,False,False,False,True,False,True,False,False,False,False,False,False,False,False,False,False,False,False,False,False,False,True,True,False,False,True,True,False,False,False,False,False,False,False,False,False,True,False,True,False,True,False,False,False,False,False,False,False,False,False,False,False,False,False,False,False,True,True,True,False,True,False,False,False,False,True,True,True,False,False,False,False,False,False,False,False,0,0,0,0
990,2026-09-25T11:44:10.715222+00:00,2026-09-25T13:13:16.026576+00:00,87.005,False,False,False,False,False,False,True,False,True,False,False,False,False,False,False,False,False,False,False,False,False,False,False,False,True,True,False,False,True,True,False,False,False,False,False,False,False,False,False,True,False,True,False,True,False,False,False,False,False,False,False,False,False,False,False,False,False,False,False,True,True,True,False,True,False,False,False,False,True,True,True,False,False,False,False,False,False,False,False,0,0,0,0
991,2026-09-25T11:44:11.063680+00:00,2026-09-25T13:13:16.398597+00:00,94.00500000000001,False,False,False,False,False,False,True,False,True,False,False,False,False,False,False,False,False,False,False,False,False,False,False,False,True,True,False,False,True,True,False,False,False,False,False,False,False,False,False,True,False,True,False,True,False,False,False,False,False,False,False,False,False,False,False,False,False,False,False,True,True,True,False,True,False,False,False,False,True,True,True,False,False,False,False,False,False,False,False,0,0,0,0
992,2026-09-25T11:44:11.412896+00:00,2026-09-25T13:13:16.746617+00:00,91.005,False,False,False,False,False,False,True,False,True,False,False,False,False,False,False,False,False,False,False,False,False,False,False,False,True,True,False,False,True,True,False,False,False,False,False,False,False,False,False,True,False,True,False,True,False,False,False,False,False,False,False,False,False,False,False,False,False,False,False,True,True,True,False,True,False,False,False,False,True,True,True,False,False,False,False,False,False,False,False,0,0,0,0
993,2026-09-25T11:44:11.862471+00:00,2026-09-25T13:13:17.190642+00:00,84.005,False,False,False,False,False,False,True,False,True,False,False,False,False,False,False,False,False,False,False,False,False,False,False,False,True,True,False,False,True,True,False,False,False,False,False,False,False,False,False,True,False,True,False,True,False,False,False,False,False,False,False,False,False,False,False,False,False,False,False,True,True,True,False,True,False,False,False,False,True,True,True,False,False,False,False,False,False,False,False,0,0,0,0
994,2026-09-25T11:44:12.213641+00:00,2026-09-25T13:13:17.547663+00:00,88.005,False,False,False,False,False,False,True,False,True,False,False,False,False,False,False,False,False,False,False,False,False,False,False,False,True,True,False,False,True,True,False,False,False,False,False,False,False,False,False,True,False,True,False,True,False,False,False,False,False,False,False,False,False,False,False,False,False,False,False,True,True,True,False,True,False,False,False,False,True,True,True,False,False,False,False,False,False,False,False,0,0,0,0
995,2026-09-25T11:44:12.595584+00:00,2026-09-25T13:13:17.892682+00:00,90.005,False,False,False,False,False,False,True,False,True,False,False,False,False,False,False,False,False,False,False,False,False,False,False,False,True,True,False,False,True,True,False,False,False,False,False,False,False,False,False,True,False,True,False,True,False,False,False,False,False,False,False,False,False,False,False,False,False,False,False,True,True,True,False,True,False,False,False,False,True,True,True,False,False,False,False,False,False,False,False,0,0,0,0
996,2026-09-25T11:44:13.006298+00:00,2026-09-25T13:13:18.341708+00:00,123.007,False,False,False,False,False,False,True,False,True,False,False,False,False,False,False,False,False,False,False,False,False,False,False,False,True,True,False,False,True,True,False,False,False,False,False,False,False,False,False,True,False,True,False,True,False,False,False,False,False,False,False,False,False,False,False,False,False,False,False,True,True,True,False,True,False,False,False,False,True,True,True,False,False,False,False,False,False,False,False,0,0,0,0
997,2026-09-25T11:44:13.379087+00:00,2026-09-25T13:13:18.710729+00:00,109.006,False,False,False,False,False,False,True,False,True,False,False,False,False,False,False,False,False,False,False,False,False,False,False,False,True,True,False,False,True,True,False,False,False,False,False,False,False,False,False,True,False,True,False,True,False,False,False,False,False,False,False,False,False,False,False,False,False,False,False,True,True,True,False,True,False,False,False,False,True,True,True,False,False,False,False,False,False,False,False,0,0,0,0
998,2026-09-25T11:44:13.768603+00:00,2026-09-25T13:13:19.059749+00:00,88.005,False,False,False,False,False,False,True,False,True,False,False,False,False,False,False,False,False,False,False,False,False,False,False,False,True,True,False,False,True,True,False,False,False,False,False,False,False,False,False,True,False,True,False,True,False,False,False,False,False,False,False,False,False,False,False,False,False,False,False,True,True,True,False,True,False,False,False,False,True,True,True,False,False,False,False,False,False,False,False,0,0,0,0
999,2026-09-25T11:44:14.113433+00:00,2026-09-25T13:13:19.448771+00:00,89.005,False,False,False,False,False,False,True,False,True,False,False,False,False,False,False,False,False,False,False,False,False,False,False,False,True,True,False,False,True,True,False,False,False,False,False,False,False,False,False,True,False,True,False,True,False,False,False,False,False,False,False,False,False,False,False,False,False,False,False,True,True,True,False,True,False,False,False,False,True,True,True,False,False,False,False,False,False,False,False,0,0,0,0
1000,2026-09-25T11:44:14.595768+00:00,2026-09-25T13:13:19.930799+00:00,96.005,False,False,False,False,False,False,True,False,True,False,False,False,False,False,False,False,False,False,False,False,False,False,False,False,True,True,False,False,True,True,False,False,False,False,False,False,False,False,False,True,False,True,False,True,False,False,False,False,False,False,False,False,False,False,False,False,False,False,False,True,True,True,False,True,False,False,False,False,True,True,True,False,False,False,False,False,False,False,False,0,0,0,0
1001,2026-09-25T11:44:15.061152+00:00,2026-09-25T13:13:20.379825+00:00,85.005,False,False,False,False,False,False,True,False,True,False,False,False,False,False,False,False,False,False,False,False,False,False,False,False,True,True,False,False,True,True,False,False,False,False,False,False,False,False,False,True,False,True,False,True,False,False,False,False,False,False,False,False,False,False,False,False,False,False,False,True,True,True,False,True,False,False,False,False,True,True,True,False,False,False,False,False,False,False,False,0,0,0,0
1002,2026-09-25T11:44:15.423033+00:00,2026-09-25T13:13:20.754846+00:00,100.006,False,False,False,False,False,False,True,False,True,False,False,False,False,False,False,False,False,False,False,False,False,False,False,False,True,True,False,False,True,True,False,False,False,False,False,False,False,False,False,True,False,True,False,True,False,False,False,False,False,False,False,False,False,False,False,False,False,False,False,True,True,True,False,True,False,False,False,False,True,True,True,False,False,False,False,False,False,False,False,0,0,0,0
1003,2026-09-25T11:44:15.779954+00:00,2026-09-25T13:13:21.108866+00:00,92.00500000000001,False,False,False,False,False,False,True,False,True,False,False,False,False,False,False,False,False,False,False,False,False,False,False,False,True,True,False,False,True,True,False,False,False,False,False,False,False,False,False,True,False,True,False,True,False,False,False,False,False,False,False,False,False,False,False,False,False,False,False,True,True,True,False,True,False,False,False,False,True,True,True,False,False,False,False,False,False,False,False,0,0,0,0
1004,2026-09-25T11:44:16.297290+00:00,2026-09-25T13:13:21.549892+00:00,85.005,False,False,False,False,False,False,True,False,True,False,False,False,False,False,False,False,False,False,False,False,False,False,False,False,True,True,False,False,True,True,False,False,False,False,False,False,False,False,False,True,False,True,False,True,False,False,False,False,False,False,False,False,False,False,False,False,False,False,False,True,True,True,False,True,False,False,False,False,True,True,True,False,False,False,False,False,False,False,False,0,0,0,0
1005,2026-09-25T11:44:16.659262+00:00,2026-09-25T13:13:21.991917+00:00,104.006,False,False,False,False,False,False,True,False,True,False,False,False,False,False,False,False,False,False,False,False,False,False,False,False,True,True,False,False,True,True,False,False,False,False,False,False,False,False,False,True,False,True,False,True,False,False,False,False,False,False,False,False,False,False,False,False,False,False,False,True,True,True,False,True,False,False,False,False,True,True,True,False,False,False,False,False,False,False,False,0,0,0,0
1006,2026-09-25T11:44:17.063364+00:00,2026-09-25T13:13:22.389940+00:00,112.00699999999999,False,False,False,False,False,False,True,False,True,False,False,False,False,False,False,False,False,False,False,False,False,False,False,False,True,True,False,False,True,True,False,False,False,False,False,False,False,False,False,True,False,True,False,True,False,False,False,False,False,False,False,False,False,False,False,False,False,False,False,True,True,True,False,True,False,False,False,False,True,True,True,False,False,False,False,False,False,False,False,0,0,0,0
1007,2026-09-25T11:44:17.420841+00:00,2026-09-25T13:13:22.754961+00:00,93.006,False,False,False,False,False,False,True,False,True,False,False,False,False,False,False,False,False,False,False,False,False,False,False,False,True,True,False,False,True,True,False,False,False,False,False,False,False,False,False,True,False,True,False,True,False,False,False,False,False,False,False,False,False,False,False,False,False,False,False,True,True,True,False,True,False,False,False,False,True,True,True,False,False,False,False,False,False,False,False,0,0,0,0
1008,2026-09-25T11:44:17.869801+00:00,2026-09-25T13:13:23.111981+00:00,102.006,False,False,False,False,False,False,True,False,True,False,False,False,False,False,False,False,False,False,False,False,False,False,False,False,True,True,False,False,True,True,False,False,False,False,False,False,False,False,False,True,False,True,False,True,False,False,False,False,False,False,False,False,False,False,False,False,False,False,False,True,True,True,False,True,False,False,False,False,True,True,True,False,False,False,False,False,False,False,False,0,0,0,0
1009,2026-09-25T11:44:18.234867+00:00,2026-09-25T13:13:23.567007+00:00,99.006,False,False,False,False,False,False,True,False,True,False,False,False,False,False,False,False,False,False,False,False,False,False,False,False,True,True,False,False,True,True,False,False,False,False,False,False,False,False,False,True,False,True,False,True,False,False,False,False,False,False,False,False,False,False,False,False,False,False,False,True,True,True,False,True,False,False,False,False,True,True,True,False,False,False,False,False,False,False,False,0,0,0,0
1010,2026-09-25T11:44:18.625373+00:00,2026-09-25T13:13:23.957029+00:00,132.007,False,False,False,False,False,False,True,False,True,False,False,False,False,False,False,False,False,False,False,False,False,False,False,False,True,True,False,False,True,True,False,False,False,False,False,False,False,False,False,True,False,True,False,True,False,False,False,False,False,False,False,False,False,False,False,False,False,False,False,True,True,True,False,True,False,False,False,False,True,True,True,False,False,False,False,False,False,False,False,0,0,0,0
1011,2026-09-25T11:44:19.119962+00:00,2026-09-25T13:13:24.433057+00:00,211.013,False,False,False,False,False,False,True,False,True,False,False,False,False,False,False,False,False,False,False,False,False,False,False,False,True,True,False,False,True,True,False,False,False,False,False,False,False,False,False,True,False,True,False,True,False,False,False,False,False,False,False,False,False,False,False,False,False,False,False,True,True,True,False,True,False,False,False,False,True,True,True,False,False,False,False,False,False,False,False,0,0,0,0
1012,2026-09-25T11:44:19.526388+00:00,2026-09-25T13:13:24.860081+00:00,150.00900000000001,False,False,False,False,False,False,True,False,True,False,False,False,False,False,False,False,False,False,False,False,False,False,False,False,True,True,False,False,True,True,False,False,False,False,False,False,False,False,False,True,False,True,False,True,False,False,False,False,False,False,False,False,False,False,False,False,False,False,False,True,True,True,False,True,False,False,False,False,True,True,True,False,False,False,False,False,False,False,False,0,0,0,0
1013,2026-09-25T11:44:20.026902+00:00,2026-09-25T13:13:25.281105+00:00,94.00500000000001,False,False,False,False,False,False,True,False,True,False,False,False,False,False,False,False,False,False,False,False,False,False,False,False,True,True,False,False,True,True,False,False,False,False,False,False,False,False,False,True,False,True,False,True,False,False,False,False,False,False,False,False,False,False,False,False,False,False,False,True,True,True,False,True,False,False,False,False,True,True,True,False,False,False,False,False,False,False,False,0,0,0,0
1014,2026-09-25T11:44:20.380828+00:00,2026-09-25T13:13:25.714130+00:00,94.006,False,False,False,False,False,False,True,False,True,False,False,False,False,False,False,False,False,False,False,False,False,False,False,False,True,True,False,False,True,True,False,False,False,False,False,False,False,False,False,True,False,True,False,True,False,False,False,False,False,False,False,False,False,False,False,False,False,False,False,True,True,True,False,True,False,False,False,False,True,True,True,False,False,False,False,False,False,False,False,0,0,0,0
1015,2026-09-25T11:44:20.793034+00:00,2026-09-25T13:13:26.122153+00:00,87.005,False,False,False,False,False,False,True,False,True,False,False,False,False,False,False,False,False,False,False,False,False,False,False,False,True,True,False,False,True,True,False,False,False,False,False,False,False,False,False,True,False,True,False,True,False,False,False,False,False,False,False,False,False,False,False,False,False,False,False,True,True,True,False,True,False,False,False,False,True,True,True,False,False,False,False,False,False,False,False,0,0,0,0
1016,2026-09-25T11:44:21.189667+00:00,2026-09-25T13:13:26.504175+00:00,105.006,False,False,False,False,False,False,True,False,True,False,False,False,False,False,False,False,False,False,False,False,False,False,False,False,True,True,False,False,True,True,False,False,False,False,False,False,False,False,False,True,False,True,False,True,False,False,False,False,False,False,False,False,False,False,False,False,False,False,False,True,True,True,False,True,False,False,False,False,True,True,True,False,False,False,False,False,False,False,False,0,0,0,0
1017,2026-09-25T11:44:21.549584+00:00,2026-09-25T13:13:26.876196+00:00,96.005,False,False,False,False,False,False,True,False,True,False,False,False,False,False,False,False,False,False,False,False,False,False,False,False,True,True,False,False,True,True,False,False,False,False,False,False,False,False,False,True,False,True,False,True,False,False,False,False,False,False,False,False,False,False,False,False,False,False,False,True,True,True,False,True,False,False,False,False,True,True,True,False,False,False,False,False,False,False,False,0,0,0,0
1018,2026-09-25T11:44:21.966404+00:00,2026-09-25T13:13:27.295220+00:00,152.008,False,False,False,False,False,False,True,False,True,False,False,False,False,False,False,False,False,False,False,False,False,False,False,False,True,True,False,False,True,True,False,False,False,False,False,False,False,False,False,True,False,True,False,True,False,False,False,False,False,False,False,False,False,False,False,False,False,False,False,True,True,True,False,True,False,False,False,False,True,True,True,False,False,False,False,False,False,False,False,0,0,0,0
1019,2026-09-25T11:44:22.323235+00:00,2026-09-25T13:13:27.646240+00:00,88.005,False,False,False,False,False,False,True,False,True,False,False,False,False,False,False,False,False,False,False,False,False,False,False,False,True,True,False,False,True,True,False,False,False,False,False,False,False,False,False,True,False,True,False,True,False,False,False,False,False,False,False,False,False,False,False,False,False,False,False,True,True,True,False,True,False,False,False,False,True,True,True,False,False,False,False,False,False,False,False,0,0,0,0
1020,2026-09-25T11:44:22.687023+00:00,2026-09-25T13:13:28.009261+00:00,96.005,False,False,False,False,False,False,True,False,True,False,False,False,False,False,False,False,False,False,False,False,False,False,False,False,True,True,False,False,True,True,False,False,False,False,False,False,False,False,False,True,False,True,False,True,False,False,False,False,False,False,False,False,False,False,False,False,False,False,False,True,True,True,False,True,False,False,False,False,True,True,True,False,False,False,False,False,False,False,False,0,0,0,0
1021,2026-09-25T11:44:23.083312+00:00,2026-09-25T13:13:28.405284+00:00,88.005,False,False,False,False,False,False,True,False,True,False,False,False,False,False,False,False,False,False,False,False,False,False,False,False,True,True,False,False,True,True,False,False,False,False,False,False,False,False,False,True,False,True,False,True,False,False,False,False,False,False,False,False,False,False,False,False,False,False,False,True,True,True,False,True,False,False,False,False,True,True,True,False,False,False,False,False,False,False,False,0,0,0,0
1022,2026-09-25T11:44:23.431560+00:00,2026-09-25T13:13:28.762304+00:00,89.005,False,False,False,False,False,False,True,False,True,False,False,False,False,False,False,False,False,False,False,False,False,False,False,False,True,True,False,False,True,True,False,False,False,False,False,False,False,False,False,True,False,True,False,True,False,False,False,False,False,False,False,False,False,False,False,False,False,False,False,True,True,True,False,True,False,False,False,False,True,True,True,False,False,False,False,False,False,False,False,0,0,0,0
1023,2026-09-25T11:44:23.854520+00:00,2026-09-25T13:13:29.143326+00:00,104.006,False,False,False,False,False,False,True,False,True,False,False,False,False,False,False,False,False,False,False,False,False,False,False,False,True,True,False,False,True,True,False,False,False,False,False,False,False,False,False,True,False,True,False,True,False,False,False,False,False,False,False,False,False,False,False,False,False,False,False,True,True,True,False,True,False,False,False,False,True,True,True,False,False,False,False,False,False,False,False,0,0,0,0
1024,2026-09-25T11:44:24.214271+00:00,2026-09-25T13:13:29.547349+00:00,94.00500000000001,False,False,False,False,False,False,True,False,True,False,False,False,False,False,False,False,False,False,False,False,False,False,False,False,True,True,False,False,True,True,False,False,False,False,False,False,False,False,False,True,False,True,False,True,False,False,False,False,False,False,False,False,False,False,False,False,False,False,False,True,True,True,False,True,False,False,False,False,True,True,True,False,False,False,False,False,False,False,False,0,0,0,0
1025,2026-09-25T11:44:24.557180+00:00,2026-09-25T13:13:29.891369+00:00,89.005,False,False,False,False,False,False,True,False,True,False,False,False,False,False,False,False,False,False,False,False,False,False,False,False,True,True,False,False,True,True,False,False,False,False,False,False,False,False,False,True,False,True,False,True,False,False,False,False,False,False,False,False,False,False,False,False,False,False,False,True,True,True,False,True,False,False,False,False,True,True,True,False,False,False,False,False,False,False,False,0,0,0,0
1026,2026-09-25T11:44:24.983024+00:00,2026-09-25T13:13:30.248389+00:00,95.00500000000001,False,False,False,False,False,False,True,False,True,False,False,False,False,False,False,False,False,False,False,False,False,False,False,False,True,True,False,False,True,True,False,False,False,False,False,False,False,False,False,True,False,True,False,True,False,False,False,False,False,False,False,False,False,False,False,False,False,False,False,True,True,True,False,True,False,False,False,False,True,True,True,False,False,False,False,False,False,False,False,0,0,0,0
1027,2026-09-25T11:44:25.406618+00:00,2026-09-25T13:13:30.670413+00:00,97.005,False,False,False,False,False,False,True,False,True,False,False,False,False,False,False,False,False,False,False,False,False,False,False,False,True,True,False,False,True,True,False,False,False,False,False,False,False,False,False,True,False,True,False,True,False,False,False,False,False,False,False,False,False,False,False,False,False,False,False,True,True,True,False,True,False,False,False,False,True,True,True,False,False,False,False,False,False,False,False,0,0,0,0
1028,2026-09-25T11:44:25.870477+00:00,2026-09-25T13:13:31.107438+00:00,107.006,False,False,False,False,False,False,True,False,True,False,False,False,False,False,False,False,False,False,False,False,False,False,False,False,True,True,False,False,True,True,False,False,False,False,False,False,False,False,False,True,False,True,False,True,False,False,False,False,False,False,False,False,False,False,False,False,False,False,False,True,True,True,False,True,False,False,False,False,True,True,True,False,False,False,False,False,False,False,False,0,0,0,0
1029,2026-09-25T11:44:26.225913+00:00,2026-09-25T13:13:31.560464+00:00,100.006,False,False,False,False,False,False,True,False,True,False,False,False,False,False,False,False,False,False,False,False,False,False,False,False,True,True,False,False,True,True,False,False,False,False,False,False,False,False,False,True,False,True,False,True,False,False,False,False,False,False,False,False,False,False,False,False,False,False,False,True,True,True,False,True,False,False,False,False,True,True,True,False,False,False,False,False,False,False,False,0,0,0,0
1030,2026-09-25T11:44:26.576159+00:00,2026-09-25T13:13:31.906484+00:00,89.005,False,False,False,False,False,False,True,False,True,False,False,False,False,False,False,False,False,False,False,False,False,False,False,False,True,True,False,False,True,True,False,False,False,False,False,False,False,False,False,True,False,True,False,True,False,False,False,False,False,False,False,False,False,False,False,False,False,False,False,True,True,True,False,True,False,False,False,False,True,True,True,False,False,False,False,False,False,False,False,0,0,0,0
1031,2026-09-25T11:44:26.992785+00:00,2026-09-25T13:13:32.310507+00:00,104.006,False,False,False,False,False,False,True,False,True,False,False,False,False,False,False,False,False,False,False,False,False,False,False,False,True,True,False,False,True,True,False,False,False,False,False,False,False,False,False,True,False,True,False,True,False,False,False,False,False,False,False,False,False,False,False,False,False,False,False,True,True,True,False,True,False,False,False,False,True,True,True,False,False,False,False,False,False,False,False,0,0,0,0
1032,2026-09-25T11:44:27.340491+00:00,2026-09-25T13:13:32.672528+00:00,90.005,False,False,False,False,False,False,True,False,True,False,False,False,False,False,False,False,False,False,False,False,False,False,False,False,True,True,False,False,True,True,False,False,False,False,False,False,False,False,False,True,False,True,False,True,False,False,False,False,False,False,False,False,False,False,False,False,False,False,False,True,True,True,False,True,False,False,False,False,True,True,True,False,False,False,False,False,False,False,False,0,0,0,0
1033,2026-09-25T11:44:27.743515+00:00,2026-09-25T13:13:33.029548+00:00,94.00500000000001,False,False,False,False,False,False,True,False,True,False,False,False,False,False,False,False,False,False,False,False,False,False,False,False,True,True,False,False,True,True,False,False,False,False,False,False,False,False,False,True,False,True,False,True,False,False,False,False,False,False,False,False,False,False,False,False,False,False,False,True,True,True,False,True,False,False,False,False,True,True,True,False,False,False,False,False,False,False,False,0,0,0,0
1034,2026-09-25T11:44:28.097408+00:00,2026-09-25T13:13:33.429571+00:00,91.005,False,False,False,False,False,False,True,False,True,False,False,False,False,False,False,False,False,False,False,False,False,False,False,False,True,True,False,False,True,True,False,False,False,False,False,False,False,False,False,True,False,True,False,True,False,False,False,False,False,False,False,False,False,False,False,False,False,False,False,True,True,True,False,True,False,False,False,False,True,True,True,False,False,False,False,False,False,False,False,0,0,0,0
1035,2026-09-25T11:44:28.507837+00:00,2026-09-25T13:13:33.782591+00:00,96.005,False,False,False,False,False,False,True,False,True,False,False,False,False,False,False,False,False,False,False,False,False,False,False,False,True,True,False,False,True,True,False,False,False,False,False,False,False,False,False,True,False,True,False,True,False,False,False,False,False,False,False,False,False,False,False,False,False,False,False,True,True,True,False,True,False,False,False,False,True,True,True,False,False,False,False,False,False,False,False,0,0,0,0
1036,2026-09-25T11:44:28.867982+00:00,2026-09-25T13:13:34.202615+00:00,106.006,False,False,False,False,False,False,True,False,True,False,False,False,False,False,False,False,False,False,False,False,False,False,False,False,True,True,False,False,True,True,False,False,False,False,False,False,False,False,False,True,False,True,False,True,False,False,False,False,False,False,False,False,False,False,False,False,False,False,False,True,True,True,False,True,False,False,False,False,True,True,True,False,False,False,False,False,False,False,False,0,0,0,0
1037,2026-09-25T11:44:29.311945+00:00,2026-09-25T13:13:34.633640+00:00,176.01,False,False,False,False,False,False,True,False,True,False,False,False,False,False,False,False,False,False,False,False,False,False,False,False,True,True,False,False,True,True,False,False,False,False,False,False,False,False,False,True,False,True,False,True,False,False,False,False,False,False,False,False,False,False,False,False,False,False,False,True,True,True,False,True,False,False,False,False,True,True,True,False,False,False,False,False,False,False,False,0,0,0,0
1038,2026-09-25T11:44:29.746740+00:00,2026-09-25T13:13:35.077665+00:00,176.01,False,False,False,False,False,False,True,False,True,False,False,False,False,False,False,False,False,False,False,False,False,False,False,False,True,True,False,False,True,True,False,False,False,False,False,False,False,False,False,True,False,True,False,True,False,False,False,False,False,False,False,False,False,False,False,False,False,False,False,True,True,True,False,True,False,False,False,False,True,True,True,False,False,False,False,False,False,False,False,0,0,0,0
1039,2026-09-25T11:44:30.152219+00:00,2026-09-25T13:13:35.471688+00:00,87.005,False,False,False,False,False,False,True,False,True,False,False,False,False,False,False,False,False,False,False,False,False,False,False,False,True,True,False,False,True,True,False,False,False,False,False,False,False,False,False,True,False,True,False,True,False,False,False,False,False,False,False,False,False,False,False,False,False,False,False,True,True,True,False,True,False,False,False,False,True,True,True,False,False,False,False,False,False,False,False,0,0,0,0
1040,2026-09-25T11:44:30.530035+00:00,2026-09-25T13:13:35.862710+00:00,86.005,False,False,False,False,False,False,True,False,True,False,False,False,False,False,False,False,False,False,False,False,False,False,False,False,True,True,False,False,True,True,False,False,False,False,False,False,False,False,False,True,False,True,False,True,False,False,False,False,False,False,False,False,False,False,False,False,False,False,False,True,True,True,False,True,False,False,False,False,True,True,True,False,False,False,False,False,False,False,False,0,0,0,0
1041,2026-09-25T11:44:30.920961+00:00,2026-09-25T13:13:36.242732+00:00,117.007,False,False,False,False,False,False,True,False,True,False,False,False,False,False,False,False,False,False,False,False,False,False,False,False,True,True,False,False,True,True,False,False,False,False,False,False,False,False,False,True,False,True,False,True,False,False,False,False,False,False,False,False,False,False,False,False,False,False,False,True,True,True,False,True,False,False,False,False,True,True,True,False,False,False,False,False,False,False,False,0,0,0,0
1042,2026-09-25T11:44:31.268968+00:00,2026-09-25T13:13:36.601753+00:00,91.006,False,False,False,False,False,False,True,False,True,False,False,False,False,False,False,False,False,False,False,False,False,False,False,False,True,True,False,False,True,True,False,False,False,False,False,False,False,False,False,True,False,True,False,True,False,False,False,False,False,False,False,False,False,False,False,False,False,False,False,True,True,True,False,True,False,False,False,False,True,True,True,False,False,False,False,False,False,False,False,0,0,0,0
1043,2026-09-25T11:44:31.625637+00:00,2026-09-25T13:13:36.958773+00:00,89.005,False,False,False,False,False,False,True,False,True,False,False,False,False,False,False,False,False,False,False,False,False,False,False,False,True,True,False,False,True,True,False,False,False,False,False,False,False,False,False,True,False,True,False,True,False,False,False,False,False,False,False,False,False,False,False,False,False,False,False,True,True,True,False,True,False,False,False,False,True,True,True,False,False,False,False,False,False,False,False,0,0,0,0
1044,2026-09-25T11:44:32.066847+00:00,2026-09-25T13:13:37.326794+00:00,111.006,False,False,False,False,False,False,True,False,True,False,False,False,False,False,False,False,False,False,False,False,False,False,False,False,True,True,False,False,True,True,False,False,False,False,False,False,False,False,False,True,False,True,False,True,False,False,False,False,False,False,False,False,False,False,False,False,False,False,False,True,True,True,False,True,False,False,False,False,True,True,True,False,False,False,False,False,False,False,False,0,0,0,0
1045,2026-09-25T11:44:32.492717+00:00,2026-09-25T13:13:37.826823+00:00,88.005,False,False,False,False,False,False,True,False,True,False,False,False,False,False,False,False,False,False,False,False,False,False,False,False,True,True,False,False,True,True,False,False,False,False,False,False,False,False,False,True,False,True,False,True,False,False,False,False,False,False,False,False,False,False,False,False,False,False,False,True,True,True,False,True,False,False,False,False,True,True,True,False,False,False,False,False,False,False,False,0,0,0,0
1046,2026-09-25T11:44:32.888805+00:00,2026-09-25T13:13:38.168842+00:00,87.005,False,False,False,False,False,False,True,False,True,False,False,False,False,False,False,False,False,False,False,False,False,False,False,False,True,True,False,False,True,True,False,False,False,False,False,False,False,False,False,True,False,True,False,True,False,False,False,False,False,False,False,False,False,False,False,False,False,False,False,True,True,True,False,True,False,False,False,False,True,True,True,False,False,False,False,False,False,False,False,0,0,0,0
1047,2026-09-25T11:44:33.266859+00:00,2026-09-25T13:13:38.592866+00:00,109.006,False,False,False,False,False,False,True,False,True,False,False,False,False,False,False,False,False,False,False,False,False,False,False,False,True,True,False,False,True,True,False,False,False,False,False,False,False,False,False,True,False,True,False,True,False,False,False,False,False,False,False,False,False,False,False,False,False,False,False,True,True,True,False,True,False,False,False,False,True,True,True,False,False,False,False,False,False,False,False,0,0,0,0
1048,2026-09-25T11:44:33.626975+00:00,2026-09-25T13:13:38.959887+00:00,104.006,False,False,False,False,False,False,True,False,True,False,False,False,False,False,False,False,False,False,False,False,False,False,False,False,True,True,False,False,True,True,False,False,False,False,False,False,False,False,False,True,False,True,False,True,False,False,False,False,False,False,False,False,False,False,False,False,False,False,False,True,True,True,False,True,False,False,False,False,True,True,True,False,False,False,False,False,False,False,False,1,0,0,0
1049,2026-09-25T11:44:34.065115+00:00,2026-09-25T13:13:39.357910+00:00,121.007,False,False,False,False,False,False,True,False,True,False,False,False,False,False,False,False,False,False,False,False,False,False,False,False,True,True,False,False,True,True,False,False,False,False,False,False,False,False,False,True,False,True,False,True,False,False,False,False,False,False,False,False,False,False,False,False,False,False,False,True,True,True,False,True,False,False,False,False,True,True,True,False,False,False,False,False,False,False,False,0,0,0,0
1050,2026-09-25T11:44:34.432279+00:00,2026-09-25T13:13:39.756933+00:00,101.006,False,False,False,False,False,False,True,False,True,False,False,False,False,False,False,False,False,False,False,False,False,False,False,False,True,True,False,False,True,True,False,False,False,False,False,False,False,False,False,True,False,True,False,True,False,False,False,False,False,False,False,False,False,False,False,False,False,False,False,True,True,True,False,True,False,False,False,False,True,True,True,False,False,False,False,False,False,False,False,0,0,0,0
1051,2026-09-25T11:44:34.882491+00:00,2026-09-25T13:13:40.183957+00:00,113.006,False,False,False,False,False,False,True,False,True,False,False,False,False,False,False,False,False,False,False,False,False,False,False,False,True,True,False,False,True,True,False,False,False,False,False,False,False,False,False,True,False,True,False,True,False,False,False,False,False,False,False,False,False,False,False,False,False,False,False,True,True,True,False,True,False,False,False,False,True,True,True,False,False,False,False,False,False,False,False,0,0,0,0
1052,2026-09-25T11:44:35.251893+00:00,2026-09-25T13:13:40.556979+00:00,86.005,False,False,False,False,False,False,True,False,True,False,False,False,False,False,False,False,False,False,False,False,False,False,False,False,True,True,False,False,True,True,False,False,False,False,False,False,False,False,False,True,False,True,False,True,False,False,False,False,False,False,False,False,False,False,False,False,False,False,False,True,True,True,False,True,False,False,False,False,True,True,True,False,False,False,False,False,False,False,False,0,0,0,0
1053,2026-09-25T11:44:35.611178+00:00,2026-09-25T13:13:40.935000+00:00,92.00500000000001,False,False,False,False,False,False,True,False,True,False,False,False,False,False,False,False,False,False,False,False,False,False,False,False,True,True,False,False,True,True,False,False,False,False,False,False,False,False,False,True,False,True,False,True,False,False,False,False,False,False,False,False,False,False,False,False,False,False,False,True,True,True,False,True,False,False,False,False,True,True,True,False,False,False,False,False,False,False,False,0,0,0,0
1054,2026-09-25T11:44:36.025756+00:00,2026-09-25T13:13:41.337023+00:00,90.005,False,False,False,False,False,False,True,False,True,False,False,False,False,False,False,False,False,False,False,False,False,False,False,False,True,True,False,False,True,True,False,False,False,False,False,False,False,False,False,True,False,True,False,True,False,False,False,False,False,False,False,False,False,False,False,False,False,False,False,True,True,True,False,True,False,False,False,False,True,True,True,False,False,False,False,False,False,False,False,0,0,0,0
1055,2026-09-25T11:44:36.407477+00:00,2026-09-25T13:13:41.740046+00:00,124.007,False,False,False,False,False,False,True,False,True,False,False,False,False,False,False,False,False,False,False,False,False,False,False,False,True,True,False,False,True,True,False,False,False,False,False,False,False,False,False,True,False,True,False,True,False,False,False,False,False,False,False,False,False,False,False,False,False,False,False,True,True,True,False,True,False,False,False,False,True,True,True,False,False,False,False,False,False,False,False,0,0,0,0
1056,2026-09-25T11:44:36.762359+00:00,2026-09-25T13:13:42.086066+00:00,90.005,False,False,False,False,False,False,True,False,True,False,False,False,False,False,False,False,False,False,False,False,False,False,False,False,True,True,False,False,True,True,False,False,False,False,False,False,False,False,False,True,False,True,False,True,False,False,False,False,False,False,False,False,False,False,False,False,False,False,False,True,True,True,False,True,False,False,False,False,True,True,True,False,False,False,False,False,False,False,False,0,0,0,0
1057,2026-09-25T11:44:37.125082+00:00,2026-09-25T13:13:42.459088+00:00,105.006,False,False,False,False,False,False,True,False,True,False,False,False,False,False,False,False,False,False,False,False,False,False,False,False,True,True,False,False,True,True,False,False,False,False,False,False,False,False,False,True,False,True,False,True,False,False,False,False,False,False,False,False,False,False,False,False,False,False,False,True,True,True,False,True,False,False,False,False,True,True,True,False,False,False,False,False,False,False,False,0,0,0,0
1058,2026-09-25T11:44:37.521481+00:00,2026-09-25T13:13:42.814108+00:00,100.006,False,False,False,False,False,False,True,False,True,False,False,False,False,False,False,False,False,False,False,False,False,False,False,False,True,True,False,False,True,True,False,False,False,False,False,False,False,False,False,True,False,True,False,True,False,False,False,False,False,False,False,False,False,False,False,False,False,False,False,True,True,True,False,True,False,False,False,False,True,True,True,False,False,False,False,False,False,False,False,0,0,0,0
1059,2026-09-25T11:44:38.079191+00:00,2026-09-25T13:13:43.315137+00:00,124.008,False,False,False,False,False,False,True,False,True,False,False,False,False,False,False,False,False,False,False,False,False,False,False,False,True,True,False,False,True,True,False,False,False,False,False,False,False,False,False,True,False,True,False,True,False,False,False,False,False,False,False,False,False,False,False,False,False,False,False,True,True,True,False,True,False,False,False,False,True,True,True,False,False,False,False,False,False,False,False,0,0,0,0
1060,2026-09-25T11:44:38.484548+00:00,2026-09-25T13:13:43.776163+00:00,108.006,False,False,False,False,False,False,True,False,True,False,False,False,False,False,False,False,False,False,False,False,False,False,False,False,True,True,False,False,True,True,False,False,False,False,False,False,False,False,False,True,False,True,False,True,False,False,False,False,False,False,False,False,False,False,False,False,False,False,False,True,True,True,False,True,False,False,False,False,True,True,True,False,False,False,False,False,False,False,False,0,0,0,0
1061,2026-09-25T11:44:38.893043+00:00,2026-09-25T13:13:44.227189+00:00,144.009,False,False,False,False,False,False,True,False,True,False,False,False,False,False,False,False,False,False,False,False,False,False,False,False,True,True,False,False,True,True,False,False,False,False,False,False,False,False,False,True,False,True,False,True,False,False,False,False,False,False,False,False,False,False,False,False,False,False,False,True,True,True,False,True,False,False,False,False,True,True,True,False,False,False,False,False,False,False,False,0,0,0,0
1062,2026-09-25T11:44:39.332398+00:00,2026-09-25T13:13:44.659213+00:00,153.008,False,False,False,False,False,False,True,False,True,False,False,False,False,False,False,False,False,False,False,False,False,False,False,False,True,True,False,False,True,True,False,False,False,False,False,False,False,False,False,True,False,True,False,True,False,False,False,False,False,False,False,False,False,False,False,False,False,False,False,True,True,True,False,True,False,False,False,False,True,True,True,False,False,False,False,False,False,False,False,0,0,0,0
1063,2026-09-25T11:44:39.823761+00:00,2026-09-25T13:13:45.098238+00:00,175.01,False,False,False,False,False,False,True,False,True,False,False,False,False,False,False,False,False,False,False,False,False,False,False,False,True,True,False,False,True,True,False,False,False,False,False,False,False,False,False,True,False,True,False,True,False,False,False,False,False,False,False,False,False,False,False,False,False,False,False,True,True,True,False,True,False,False,False,False,True,True,True,False,False,False,False,False,False,False,False,0,0,0,0
1064,2026-09-25T11:44:40.175914+00:00,2026-09-25T13:13:45.508262+00:00,94.00500000000001,False,False,False,False,False,False,True,False,True,False,False,False,False,False,False,False,False,False,False,False,False,False,False,False,True,True,False,False,True,True,False,False,False,False,False,False,False,False,False,True,False,True,False,True,False,False,False,False,False,False,False,False,False,False,False,False,False,False,False,True,True,True,False,True,False,False,False,False,True,True,True,False,False,False,False,False,False,False,False,0,0,0,0
1065,2026-09-25T11:44:40.587975+00:00,2026-09-25T13:13:45.854282+00:00,90.005,False,False,False,False,False,False,True,False,True,False,False,False,False,False,False,False,False,False,False,False,False,False,False,False,True,True,False,False,True,True,False,False,False,False,False,False,False,False,False,True,False,True,False,True,False,False,False,False,False,False,False,False,False,False,False,False,False,False,False,True,True,True,False,True,False,False,False,False,True,True,True,False,False,False,False,False,False,False,False,0,0,0,0
1066,2026-09-25T11:44:41.062256+00:00,2026-09-25T13:13:46.294307+00:00,103.006,False,False,False,False,False,False,True,False,True,False,False,False,False,False,False,False,False,False,False,False,False,False,False,False,True,True,False,False,True,True,False,False,False,False,False,False,False,False,False,True,False,True,False,True,False,False,False,False,False,False,False,False,False,False,False,False,False,False,False,True,True,True,False,True,False,False,False,False,True,True,True,False,False,False,False,False,False,False,False,0,0,0,0
1067,2026-09-25T11:44:41.427551+00:00,2026-09-25T13:13:46.758333+00:00,105.006,False,False,False,False,False,False,True,False,True,False,False,False,False,False,False,False,False,False,False,False,False,False,False,False,True,True,False,False,True,True,False,False,False,False,False,False,False,False,False,True,False,True,False,True,False,False,False,False,False,False,False,False,False,False,False,False,False,False,False,True,True,True,False,True,False,False,False,False,True,True,True,False,False,False,False,False,False,False,False,0,0,0,0
1068,2026-09-25T11:44:41.804962+00:00,2026-09-25T13:13:47.122354+00:00,104.006,False,False,False,False,False,False,True,False,True,False,False,False,False,False,False,False,False,False,False,False,False,False,False,False,True,True,False,False,True,True,False,False,False,False,False,False,False,False,False,True,False,True,False,True,False,False,False,False,False,False,False,False,False,False,False,False,False,False,False,True,True,True,False,True,False,False,False,False,True,True,True,False,False,False,False,False,False,False,False,0,0,0,0
1069,2026-09-25T11:44:42.190781+00:00,2026-09-25T13:13:47.507376+00:00,112.006,False,False,False,False,False,False,True,False,True,False,False,False,False,False,False,False,False,False,False,False,False,False,False,False,True,True,False,False,True,True,False,False,False,False,False,False,False,False,False,True,False,True,False,True,False,False,False,False,False,False,False,False,False,False,False,False,False,False,False,True,True,True,False,True,False,False,False,False,True,True,True,False,False,False,False,False,False,False,False,0,0,0,0
1070,2026-09-25T11:44:42.582155+00:00,2026-09-25T13:13:47.886398+00:00,102.006,False,False,False,False,False,False,True,False,True,False,False,False,False,False,False,False,False,False,False,False,False,False,False,False,True,True,False,False,True,True,False,False,False,False,False,False,False,False,False,True,False,True,False,True,False,False,False,False,False,False,False,False,False,False,False,False,False,False,False,True,True,True,False,True,False,False,False,False,True,True,True,False,False,False,False,False,False,False,False,0,0,0,0
1071,2026-09-25T11:44:42.933669+00:00,2026-09-25T13:13:48.263420+00:00,93.006,False,False,False,False,False,False,True,False,True,False,False,False,False,False,False,False,False,False,False,False,False,False,False,False,True,True,False,False,True,True,False,False,False,False,False,False,False,False,False,True,False,True,False,True,False,False,False,False,False,False,False,False,False,False,False,False,False,False,False,True,True,True,False,True,False,False,False,False,True,True,True,False,False,False,False,False,False,False,False,0,0,0,0
1072,2026-09-25T11:44:43.390175+00:00,2026-09-25T13:13:48.655442+00:00,90.005,False,False,False,False,False,False,True,False,True,False,False,False,False,False,False,False,False,False,False,False,False,False,False,False,True,True,False,False,True,True,False,False,False,False,False,False,False,False,False,True,False,True,False,True,False,False,False,False,False,False,False,False,False,False,False,False,False,False,False,True,True,True,False,True,False,False,False,False,True,True,True,False,False,False,False,False,False,False,False,0,0,0,0
1073,2026-09-25T11:44:43.751052+00:00,2026-09-25T13:13:49.075466+00:00,95.00500000000001,False,False,False,False,False,False,True,False,True,False,False,False,False,False,False,False,False,False,False,False,False,False,False,False,True,True,False,False,True,True,False,False,False,False,False,False,False,False,False,True,False,True,False,True,False,False,False,False,False,False,False,False,False,False,False,False,False,False,False,True,True,True,False,True,False,False,False,False,True,True,True,False,False,False,False,False,False,False,False,0,0,0,0
1074,2026-09-25T11:44:44.160924+00:00,2026-09-25T13:13:49.467488+00:00,95.00500000000001,False,False,False,False,False,False,True,False,True,False,False,False,False,False,False,False,False,False,False,False,False,False,False,False,True,True,False,False,True,True,False,False,False,False,False,False,False,False,False,True,False,True,False,True,False,False,False,False,False,False,False,False,False,False,False,False,False,False,False,True,True,True,False,True,False,False,False,False,True,True,True,False,False,False,False,False,False,False,False,0,0,0,0
1075,2026-09-25T11:44:44.533509+00:00,2026-09-25T13:13:49.862511+00:00,99.006,False,False,False,False,False,False,True,False,True,False,False,False,False,False,False,False,False,False,False,False,False,False,False,False,True,True,False,False,True,True,False,False,False,False,False,False,False,False,False,True,False,True,False,True,False,False,False,False,False,False,False,False,False,False,False,False,False,False,False,True,True,True,False,True,False,False,False,False,True,True,True,False,False,False,False,False,False,False,False,0,0,0,0
1075,2026-09-25T11:44:44.533509+00:00,2026-09-25T13:13:49.862511+00:00,99.006,False,False,False,False,False,False,True,False,True,False,False,False,False,False,False,False,False,False,False,False,False,False,False,False,True,True,False,False,True,True,False,False,False,False,False,False,False,False,False,True,False,True,False,True,False,False,False,False,False,False,False,False,False,False,False,False,False,False,False,True,True,True,False,True,False,False,False,False,True,True,True,False,False,False,False,False,False,False,False,0,0,0,0
1076,2026-09-25T11:44:44.969705+00:00,2026-09-25T13:13:50.301536+00:00,86.005,False,False,False,False,False,False,True,False,True,False,False,False,False,False,False,False,False,False,False,False,False,False,False,False,True,True,False,False,True,True,False,False,False,False,False,False,False,False,False,True,False,True,False,True,False,False,False,False,False,False,False,False,False,False,False,False,False,False,False,True,True,True,False,True,False,False,False,False,True,True,True,False,False,False,False,False,False,False,False,0,0,0,0
1076,2026-09-25T11:44:44.969705+00:00,2026-09-25T13:13:50.301536+00:00,86.005,False,False,False,False,False,False,True,False,True,False,False,False,False,False,False,False,False,False,False,False,False,False,False,False,True,True,False,False,True,True,False,False,False,False,False,False,False,False,False,True,False,True,False,True,False,False,False,False,False,False,False,False,False,False,False,False,False,False,False,True,True,True,False,True,False,False,False,False,True,True,True,False,False,False,False,False,False,False,False,0,0,0,0
1077,2026-09-25T11:44:45.402975+00:00,2026-09-25T13:13:50.647556+00:00,89.005,False,False,False,False,False,False,True,False,True,False,False,False,False,False,False,False,False,False,False,False,False,False,False,False,True,True,False,False,True,True,False,False,False,False,False,False,False,False,False,True,False,True,False,True,False,False,False,False,False,False,False,False,False,False,False,False,False,False,False,True,True,True,False,True,False,False,False,False,True,True,True,False,False,False,False,False,False,False,False,0,0,0,0
1078,2026-09-25T11:44:45.752194+00:00,2026-09-25T13:13:51.083581+00:00,93.00500000000001,False,False,False,False,False,False,True,False,True,False,False,False,False,False,False,False,False,False,False,False,False,False,False,False,True,True,False,False,True,True,False,False,False,False,False,False,False,False,False,True,False,True,False,True,False,False,False,False,False,False,False,False,False,False,False,False,False,False,False,True,True,True,False,True,False,False,False,False,True,True,True,False,False,False,False,False,False,False,False,0,0,0,0
1079,2026-09-25T11:44:46.247680+00:00,2026-09-25T13:13:51.508605+00:00,158.00900000000001,False,False,False,False,False,False,True,False,True,False,False,False,False,False,False,False,False,False,False,False,False,False,False,False,True,True,False,False,True,True,False,False,False,False,False,False,False,False,False,True,False,True,False,True,False,False,False,False,False,False,False,False,False,False,False,False,False,False,False,True,True,True,False,True,False,False,False,False,True,True,True,False,False,False,False,False,False,False,False,0,0,0,0
1080,2026-09-25T11:44:46.611652+00:00,2026-09-25T13:13:51.926629+00:00,89.005,False,False,False,False,False,False,True,False,True,False,False,False,False,False,False,False,False,False,False,False,False,False,False,False,True,True,False,False,True,True,False,False,False,False,False,False,False,False,False,True,False,True,False,True,False,False,False,False,False,False,False,False,False,False,False,False,False,False,False,True,True,True,False,True,False,False,False,False,True,True,True,False,False,False,False,False,False,False,False,0,0,0,0
1081,2026-09-25T11:44:47.084937+00:00,2026-09-25T13:13:52.299650+00:00,100.005,False,False,False,False,False,False,True,False,True,False,False,False,False,False,False,False,False,False,False,False,False,False,False,False,True,True,False,False,True,True,False,False,False,False,False,False,False,False,False,True,False,True,False,True,False,False,False,False,False,False,False,False,False,False,False,False,False,False,False,True,True,True,False,True,False,False,False,False,True,True,True,False,False,False,False,False,False,False,False,0,0,0,0
1082,2026-09-25T11:44:47.445746+00:00,2026-09-25T13:13:52.768677+00:00,96.005,False,False,False,False,False,False,True,False,True,False,False,False,False,False,False,False,False,False,False,False,False,False,False,False,True,True,False,False,True,True,False,False,False,False,False,False,False,False,False,True,False,True,False,True,False,False,False,False,False,False,False,False,False,False,False,False,False,False,False,True,True,True,False,True,False,False,False,False,True,True,True,False,False,False,False,False,False,False,False,0,0,0,0
1083,2026-09-25T11:44:47.800389+00:00,2026-09-25T13:13:53.129698+00:00,94.006,False,False,False,False,False,False,True,False,True,False,False,False,False,False,False,False,False,False,False,False,False,False,False,False,True,True,False,False,True,True,False,False,False,False,False,False,False,False,False,True,False,True,False,True,False,False,False,False,False,False,False,False,False,False,False,False,False,False,False,True,True,True,False,True,False,False,False,False,True,True,True,False,False,False,False,False,False,False,False,0,0,0,0
1084,2026-09-25T11:44:48.209587+00:00,2026-09-25T13:13:53.483718+00:00,95.00500000000001,False,False,False,False,False,False,True,False,True,False,False,False,False,False,False,False,False,False,False,False,False,False,False,False,True,True,False,False,True,True,False,False,False,False,False,False,False,False,False,True,False,True,False,True,False,False,False,False,False,False,False,False,False,False,False,False,False,False,False,True,True,True,False,True,False,False,False,False,True,True,True,False,False,False,False,False,False,False,False,0,0,0,0
1085,2026-09-25T11:44:48.605674+00:00,2026-09-25T13:13:53.922743+00:00,113.006,False,False,False,False,False,False,True,False,True,False,False,False,False,False,False,False,False,False,False,False,False,False,False,False,True,True,False,False,True,True,False,False,False,False,False,False,False,False,False,True,False,True,False,True,False,False,False,False,False,False,False,False,False,False,False,False,False,False,False,True,True,True,False,True,False,False,False,False,True,True,True,False,False,False,False,False,False,False,False,0,0,0,0
1086,2026-09-25T11:44:48.971813+00:00,2026-09-25T13:13:54.294765+00:00,98.006,False,False,False,False,False,False,True,False,True,False,False,False,False,False,False,False,False,False,False,False,False,False,False,False,True,True,False,False,True,True,False,False,False,False,False,False,False,False,False,True,False,True,False,True,False,False,False,False,False,False,False,False,False,False,False,False,False,False,False,True,True,True,False,True,False,False,False,False,True,True,True,False,False,False,False,False,False,False,False,0,0,0,0
1087,2026-09-25T11:44:49.330268+00:00,2026-09-25T13:13:54.661785+00:00,92.00500000000001,False,False,False,False,False,False,True,False,True,False,False,False,False,False,False,False,False,False,False,False,False,False,False,False,True,True,False,False,True,True,False,False,False,False,False,False,False,False,False,True,False,True,False,True,False,False,False,False,False,False,False,False,False,False,False,False,False,False,False,True,True,True,False,True,False,False,False,False,True,True,True,False,False,False,False,False,False,False,False,0,0,0,0
1088,2026-09-25T11:44:49.797371+00:00,2026-09-25T13:13:55.086810+00:00,168.01,False,False,False,False,False,False,True,False,True,False,False,False,False,False,False,False,False,False,False,False,False,False,False,False,True,True,False,False,True,True,False,False,False,False,False,False,False,False,False,True,False,True,False,True,False,False,False,False,False,False,False,False,False,False,False,False,False,False,False,True,True,True,False,True,False,False,False,False,True,True,True,False,False,False,False,False,False,False,False,0,0,0,0
1089,2026-09-25T11:44:50.340569+00:00,2026-09-25T13:13:55.634841+00:00,209.012,False,False,False,False,False,False,True,False,True,False,False,False,False,False,False,False,False,False,False,False,False,False,False,False,True,True,False,False,True,True,False,False,False,False,False,False,False,False,False,True,False,True,False,True,False,False,False,False,False,False,False,False,False,False,False,False,False,False,False,True,True,True,False,True,False,False,False,False,True,True,True,False,False,False,False,False,False,False,False,0,0,0,0
1090,2026-09-25T11:44:50.705515+00:00,2026-09-25T13:13:56.032864+00:00,99.006,False,False,False,False,False,False,True,False,True,False,False,False,False,False,False,False,False,False,False,False,False,False,False,False,True,True,False,False,True,True,False,False,False,False,False,False,False,False,False,True,False,True,False,True,False,False,False,False,False,False,False,False,False,False,False,False,False,False,False,True,True,True,False,True,False,False,False,False,True,True,True,False,False,False,False,False,False,False,False,0,0,0,0
1091,2026-09-25T11:44:51.066989+00:00,2026-09-25T13:13:56.392885+00:00,99.006,False,False,False,False,False,False,True,False,True,False,False,False,False,False,False,False,False,False,False,False,False,False,False,False,True,True,False,False,True,True,False,False,False,False,False,False,False,False,False,True,False,True,False,True,False,False,False,False,False,False,False,False,False,False,False,False,False,False,False,True,True,True,False,True,False,False,False,False,True,True,True,False,False,False,False,False,False,False,False,0,0,0,0
1092,2026-09-25T11:44:51.479727+00:00,2026-09-25T13:13:56.804908+00:00,109.006,False,False,False,False,False,False,True,False,True,False,False,False,False,False,False,False,False,False,False,False,False,False,False,False,True,True,False,False,True,True,False,False,False,False,False,False,False,False,False,True,False,True,False,True,False,False,False,False,False,False,False,False,False,False,False,False,False,False,False,True,True,True,False,True,False,False,False,False,True,True,True,False,False,False,False,False,False,False,False,0,0,0,0
1093,2026-09-25T11:44:52.029338+00:00,2026-09-25T13:13:57.205931+00:00,130.007,False,False,False,False,False,False,True,False,True,False,False,False,False,False,False,False,False,False,False,False,False,False,False,False,True,True,False,False,True,True,False,False,False,False,False,False,False,False,False,True,False,True,False,True,False,False,False,False,False,False,False,False,False,False,False,False,False,False,False,True,True,True,False,True,False,False,False,False,True,True,True,False,False,False,False,False,False,False,False,0,0,0,0
1093,2026-09-25T11:44:52.029338+00:00,2026-09-25T13:13:57.205931+00:00,130.007,False,False,False,False,False,False,True,False,True,False,False,False,False,False,False,False,False,False,False,False,False,False,False,False,True,True,False,False,True,True,False,False,False,False,False,False,False,False,False,True,False,True,False,True,False,False,False,False,False,False,False,False,False,False,False,False,False,False,False,True,True,True,False,True,False,False,False,False,True,True,True,False,False,False,False,False,False,False,False,0,0,0,0
1094,2026-09-25T11:44:52.384085+00:00,2026-09-25T13:13:57.712960+00:00,84.005,False,False,False,False,False,False,True,False,True,False,False,False,False,False,False,False,False,False,False,False,False,False,False,False,True,True,False,False,True,True,False,False,False,False,False,False,False,False,False,True,False,True,False,True,False,False,False,False,False,False,False,False,False,False,False,False,False,False,False,True,True,True,False,True,False,False,False,False,True,True,True,False,False,False,False,False,False,False,False,0,0,0,0
1095,2026-09-25T11:44:52.743961+00:00,2026-09-25T13:13:58.065980+00:00,89.005,False,False,False,False,False,False,True,False,True,False,False,False,False,False,False,False,False,False,False,False,False,False,False,False,True,True,False,False,True,True,False,False,False,False,False,False,False,False,False,True,False,True,False,True,False,False,False,False,False,False,False,False,False,False,False,False,False,False,False,True,True,True,False,True,False,False,False,False,True,True,True,False,False,False,False,False,False,False,False,0,0,0,0
1096,2026-09-25T11:44:53.191098+00:00,2026-09-25T13:13:58.520006+00:00,130.007,False,False,False,False,False,False,True,False,True,False,False,False,False,False,False,False,False,False,False,False,False,False,False,False,True,True,False,False,True,True,False,False,False,False,False,False,False,False,False,True,False,True,False,True,False,False,False,False,False,False,False,False,False,False,False,False,False,False,False,True,True,True,False,True,False,False,False,False,True,True,True,False,False,False,False,False,False,False,False,0,0,0,0
1097,2026-09-25T11:44:53.642686+00:00,2026-09-25T13:13:58.971032+00:00,129.007,False,False,False,False,False,False,True,False,True,False,False,False,False,False,False,False,False,False,False,False,False,False,False,False,True,True,False,False,True,True,False,False,False,False,False,False,False,False,False,True,False,True,False,True,False,False,False,False,False,False,False,False,False,False,False,False,False,False,False,True,True,True,False,True,False,False,False,False,True,True,True,False,False,False,False,False,False,False,False,0,0,0,0
1098,2026-09-25T11:44:54.030246+00:00,2026-09-25T13:13:59.331053+00:00,94.006,False,False,False,False,False,False,True,False,True,False,False,False,False,False,False,False,False,False,False,False,False,False,False,False,True,True,False,False,True,True,False,False,False,False,False,False,False,False,False,True,False,True,False,True,False,False,False,False,False,False,False,False,False,False,False,False,False,False,False,True,True,True,False,True,False,False,False,False,True,True,True,False,False,False,False,False,False,False,False,0,0,0,0
1099,2026-09-25T11:44:54.377150+00:00,2026-09-25T13:13:59.707074+00:00,88.005,False,False,False,False,False,False,True,False,True,False,False,False,False,False,False,False,False,False,False,False,False,False,False,False,True,True,False,False,True,True,False,False,False,False,False,False,False,False,False,True,False,True,False,True,False,False,False,False,False,False,False,False,False,False,False,False,False,False,False,True,True,True,False,True,False,False,False,False,True,True,True,False,False,False,False,False,False,False,False,0,0,0,0
