snapshot_id,timestamp,source_timestamp_reference,sync_spread_ms,ms.turntable.transfer,ms.turntable.conveyor,ms.sensor.conveyor,ms.turntable.saw,ms.transfer.turntable,ms.oven.slider_inside,ms.oven.slider_outside,ms.transfer.oven,ms.sensor.oven,ms.motor.turntable_cw,ms.motor.turntable_ccw,ms.motor.conveyor,ms.motor.saw,ms.motor.slider_in,ms.motor.slider_out,ms.motor.transfer_oven,ms.motor.transfer_turntable,ms.process.burn,ms.air.compressor,ms.valve.vacuum,ms.valve.transfer,ms.valve.oven_door,ms.valve.ejector,hbw.ref.horizontal,hbw.sensor.inside,hbw.sensor.outside,hbw.ref.vertical,hbw.ref.cantilever_front,hbw.ref.cantilever_back,hbw.sensor.trail_bottom,hbw.sensor.trail_top,hbw.motor.conveyor_forward,hbw.motor.conveyor_backward,hbw.motor.crane_rack,hbw.motor.crane_conveyor,hbw.motor.crane_down,hbw.motor.crane_up,hbw.motor.cantilever_forward,hbw.motor.cantilever_backward,hbw.encoder.horizontal1,hbw.encoder.horizontal2,hbw.encoder.vertical1,hbw.encoder.vertical2,c.ref.vertical,c.ref.horizontal,c.ref.rotate,c.motor.up,c.motor.down,c.motor.backward,c.motor.forward,c.motor.cw,c.motor.ccw,c.air.compressor,c.valve.vacuum,c.encoder.vertical1,c.encoder.vertical2,c.encoder.horizontal1,c.encoder.horizontal2,c.encoder.rotate1,c.encoder.rotate2,pm.sensor.entry,pm.sensor.tool,pm.ref.top,pm.ref.bottom,pm.motor.conveyor_forward,pm.motor.conveyor_backward,pm.motor.tool_up,pm.motor.tool_down,sl.sensor.pulse,sl.sensor.before_color,sl.sensor.after_color,sl.sensor.white,sl.sensor.red,sl.sensor.blue,sl.motor.conveyor,sl.air.compressor,sl.valve.white,sl.valve.red,sl.valve.blue,sl.sensor.color_value,local.crane_coord_h,local.crane_coord_v,local.crane_coord_r
34,2026-09-25T13:39:50.984834+00:00,2026-09-25T15:08:55.946516+00:00,90.005,True,False,False,False,True,False,True,False,True,False,False,False,False,False,False,False,False,False,False,False,False,False,False,True,True,False,False,True,False,True,False,False,False,False,False,False,False,False,False,False,True,True,False,True,False,False,False,False,True,False,False,False,True,True,False,True,True,False,False,False,True,True,False,True,False,False,False,False,True,True,True,False,False,False,True,False,False,False,False,0,0,0,0
35,2026-09-25T13:39:51.329942+00:00,2026-09-25T15:08:56.293536+00:00,86.005,True,False,False,False,True,False,True,False,True,False,False,False,False,False,False,False,False,False,False,False,False,False,False,True,True,False,False,True,False,True,False,False,False,False,False,False,False,False,False,False,True,True,False,True,False,False,False,False,True,False,False,False,True,True,False,True,False,False,False,False,True,True,False,True,False,False,False,False,True,True,False,False,False,False,True,False,False,False,False,0,0,0,0
36,2026-09-25T13:39:51.707076+00:00,2026-09-25T15:08:56.668558+00:00,115.007,True,False,False,False,True,False,True,False,True,False,False,False,False,False,False,False,False,False,False,False,False,False,False,True,True,False,False,True,False,True,False,False,True,False,False,False,False,False,False,False,True,True,False,True,True,False,False,False,False,True,True,False,True,True,False,True,True,True,False,False,True,True,False,True,False,False,False,False,True,True,True,False,False,False,True,False,False,False,False,0,8,0,9
37,2026-09-25T13:39:52.153919+00:00,2026-09-25T15:08:57.116583+00:00,90.005,True,False,False,False,True,False,True,False,True,False,False,False,False,False,False,False,False,False,False,False,False,False,False,True,True,True,False,True,False,True,False,False,True,False,False,False,False,False,False,False,True,True,False,True,False,False,False,False,False,True,True,False,True,True,False,True,True,True,False,False,True,True,False,True,False,False,False,False,False,True,True,False,False,False,True,False,False,False,False,0,100,0,110
38,2026-09-25T13:39:52.537489+00:00,2026-09-25T15:08:57.497605+00:00,115.006,True,False,False,False,True,False,True,False,True,False,False,False,False,False,False,False,False,False,False,False,False,False,False,True,False,True,False,True,False,True,False,False,False,False,False,False,True,False,False,False,True,False,False,True,False,False,False,False,False,True,True,False,True,True,False,True,False,False,False,False,True,True,False,True,False,False,False,False,False,True,True,False,False,False,True,False,False,False,False,0,175,0,193
39,2026-09-25T13:39:52.886749+00:00,2026-09-25T15:08:57.848625+00:00,86.005,True,False,False,False,True,False,True,False,True,False,False,False,False,False,False,False,False,False,False,False,False,False,False,True,False,True,False,True,False,True,False,False,False,False,False,False,True,False,False,False,True,False,True,True,False,False,False,False,False,True,True,False,True,True,False,True,True,True,False,False,True,True,False,True,False,False,False,False,True,True,True,False,False,False,True,False,False,False,False,0,252,0,278
40,2026-09-25T13:39:53.423197+00:00,2026-09-25T15:08:58.386656+00:00,93.00500000000001,True,False,False,False,True,False,True,False,True,False,False,False,False,False,False,False,False,False,False,False,False,False,False,True,False,True,False,False,False,True,False,False,False,False,False,False,False,False,True,False,True,False,False,True,False,False,False,False,False,True,True,False,True,True,False,True,False,False,True,True,True,True,False,True,False,False,False,False,True,True,True,False,False,False,True,False,False,False,False,0,364,0,401
41,2026-09-25T13:39:53.774174+00:00,2026-09-25T15:08:58.737676+00:00,83.005,True,False,False,False,True,False,True,False,True,False,False,False,False,False,False,False,False,False,False,False,False,False,False,True,True,True,False,False,False,True,False,False,False,False,False,False,False,False,True,False,True,False,False,True,False,False,False,False,False,True,False,False,True,True,False,True,False,False,False,True,True,True,False,True,False,False,False,False,True,True,True,False,False,False,False,True,False,False,True,0,437,0,457
42,2026-09-25T13:39:54.139435+00:00,2026-09-25T15:08:59.102697+00:00,110.006,True,False,False,False,True,False,True,False,True,False,False,False,False,False,False,False,False,False,False,False,False,False,False,True,True,True,False,False,False,True,False,False,False,False,False,False,False,False,True,False,True,False,False,True,False,False,False,False,False,True,False,False,True,True,False,True,False,False,False,True,True,True,False,True,False,False,False,False,True,True,True,False,False,False,False,False,False,False,False,0,513,0,457
43,2026-09-25T13:39:54.516471+00:00,2026-09-25T15:08:59.452717+00:00,91.005,True,False,False,False,True,False,True,False,True,False,False,False,False,False,False,False,False,False,False,False,False,False,False,True,True,True,False,False,False,True,False,False,False,False,False,False,False,False,True,False,True,False,False,True,False,False,False,False,False,True,False,False,True,True,False,True,False,False,False,True,True,True,False,True,False,False,False,False,True,True,True,False,False,False,False,False,False,False,False,0,585,0,457
44,2026-09-25T13:39:54.918019+00:00,2026-09-25T15:08:59.844739+00:00,107.006,True,False,False,False,True,False,True,False,True,False,False,False,False,False,False,False,False,False,False,False,False,False,False,True,True,True,False,False,False,True,False,False,False,False,False,False,False,False,True,False,True,False,False,True,False,False,False,False,False,True,False,False,True,True,False,True,False,True,False,True,True,True,False,True,False,False,False,False,True,True,True,False,False,False,False,False,False,False,False,0,667,0,457
45,2026-09-25T13:39:55.344079+00:00,2026-09-25T15:09:00.306766+00:00,94.006,True,False,False,False,True,False,True,False,True,False,False,False,False,False,False,False,False,False,False,False,False,False,False,True,True,True,False,False,False,True,False,False,False,False,False,False,False,False,True,False,True,False,False,True,False,False,False,False,False,True,False,False,True,True,False,True,True,True,False,True,True,True,False,True,False,False,False,False,True,True,True,False,False,False,False,False,False,False,False,0,763,0,457
46,2026-09-25T13:39:55.715184+00:00,2026-09-25T15:09:00.668787+00:00,93.006,True,False,False,False,True,False,True,False,True,False,False,False,False,False,False,False,False,False,False,False,False,False,False,True,True,True,False,False,False,True,False,False,False,False,False,False,False,False,True,False,True,False,False,True,False,False,False,False,False,True,False,False,True,True,False,True,True,True,False,True,True,True,False,True,False,False,False,False,True,True,True,False,False,False,False,False,False,False,False,1,838,0,457
47,2026-09-25T13:39:56.171708+00:00,2026-09-25T15:09:01.039808+00:00,92.006,True,False,False,False,True,False,True,False,True,False,False,False,False,False,False,False,False,False,False,False,False,False,False,True,True,True,False,False,False,True,False,False,False,False,False,False,False,False,True,False,True,False,False,False,False,False,False,True,False,False,False,False,True,True,False,False,False,False,False,True,True,True,False,True,False,False,False,False,True,True,True,False,False,False,False,False,False,False,False,0,0,38,0
48,2026-09-25T13:39:56.578450+00:00,2026-09-25T15:09:01.498834+00:00,109.006,True,False,False,False,True,False,True,False,True,False,False,False,False,False,False,False,False,False,False,False,False,False,False,True,True,True,False,False,True,True,False,False,False,False,False,False,True,False,False,False,True,False,True,False,False,False,False,True,False,False,False,False,True,True,True,True,False,False,False,True,True,True,False,True,False,False,False,False,True,True,True,False,False,False,False,False,False,False,False,0,0,139,0
49,2026-09-25T13:39:57.028978+00:00,2026-09-25T15:09:01.955860+00:00,159.00900000000001,True,False,False,False,True,False,True,False,True,False,False,False,False,False,False,False,False,False,False,False,False,False,False,True,True,True,False,False,True,True,False,False,False,False,False,False,True,False,False,False,True,True,False,False,False,False,False,True,False,False,False,False,True,True,False,True,False,False,False,True,True,True,False,True,False,False,False,False,True,True,True,False,False,False,False,False,False,False,False,0,0,237,0
50,2026-09-25T13:39:57.370939+00:00,2026-09-25T15:09:02.333882+00:00,88.005,True,False,False,False,True,False,True,False,True,False,False,False,False,False,False,False,False,False,False,False,False,False,False,True,True,True,False,False,True,True,False,False,False,False,False,False,True,False,False,False,True,False,False,False,False,False,False,True,False,False,False,False,True,True,False,False,False,False,False,True,True,True,False,True,False,False,False,False,True,True,True,False,False,False,False,False,False,False,False,0,0,319,0
51,2026-09-25T13:39:57.733194+00:00,2026-09-25T15:09:02.683902+00:00,93.006,True,False,False,False,True,False,True,False,True,False,False,False,False,False,False,False,False,False,False,False,False,False,False,True,True,True,False,False,True,True,False,False,False,False,False,False,True,False,False,False,True,False,True,False,False,False,False,True,False,False,False,False,True,True,False,False,False,False,False,True,True,True,False,True,False,False,False,False,True,True,True,False,False,False,False,False,False,False,False,0,0,394,0
52,2026-09-25T13:39:58.245521+00:00,2026-09-25T15:09:03.069924+00:00,117.007,True,False,False,False,True,False,True,False,False,False,False,False,False,False,False,False,False,False,True,False,False,True,False,True,True,True,False,False,True,True,False,False,False,False,False,False,True,False,False,False,True,True,False,False,False,False,False,True,False,False,False,False,True,True,True,False,False,False,False,True,True,True,False,True,False,False,False,False,True,True,True,False,False,False,False,False,False,False,False,0,0,475,0
53,2026-09-25T13:39:58.638529+00:00,2026-09-25T15:09:03.580953+00:00,112.006,True,False,False,False,True,False,True,False,False,False,False,False,False,False,False,False,False,False,True,False,False,True,False,True,True,True,False,False,True,True,False,False,False,False,False,False,True,False,False,False,True,True,False,False,False,False,True,False,False,False,False,False,False,False,False,False,False,False,False,True,True,True,False,True,False,False,False,False,True,True,True,False,False,False,False,False,False,False,False,0,0,0,0
54,2026-09-25T13:39:59.132486+00:00,2026-09-25T15:09:04.014978+00:00,154.00900000000001,True,False,False,False,True,False,True,False,False,False,False,False,False,False,False,False,False,False,True,False,False,True,False,True,True,True,False,False,True,True,False,False,False,False,False,False,True,False,False,False,True,False,True,False,False,False,True,False,True,False,False,False,False,False,True,False,True,True,False,True,True,True,False,True,False,False,False,False,True,True,True,False,False,False,False,False,False,False,False,0,0,0,0
55,2026-09-25T13:39:59.621035+00:00,2026-09-25T15:09:04.584010+00:00,234.013,True,False,False,False,True,False,False,False,False,False,False,False,False,True,False,False,False,False,True,False,False,True,False,True,True,True,False,False,True,True,False,False,False,False,False,False,True,False,False,False,True,True,False,False,False,False,True,False,True,False,False,False,False,False,False,False,True,False,False,True,True,True,False,True,False,False,False,False,True,True,True,False,False,False,False,False,False,False,False,0,0,0,0
56,2026-09-25T13:40:00.017263+00:00,2026-09-25T15:09:04.968032+00:00,124.007,True,False,False,False,True,False,False,False,True,False,False,False,False,True,False,False,False,False,True,False,False,True,False,False,True,True,False,False,True,True,False,False,False,True,False,True,False,False,False,True,False,True,True,False,False,False,True,False,True,False,False,False,False,False,True,False,False,False,False,True,True,True,False,True,False,False,False,False,True,True,True,False,False,False,False,False,False,False,False,0,0,0,0
57,2026-09-25T13:40:00.408002+00:00,2026-09-25T15:09:05.369055+00:00,87.005,True,False,False,False,True,False,False,False,True,False,False,False,False,True,False,False,False,False,True,False,False,True,False,False,True,True,False,False,True,True,False,False,False,True,False,True,False,False,False,True,False,False,False,False,False,False,True,False,True,False,False,False,False,False,False,False,False,True,False,True,True,True,False,True,False,False,False,False,True,True,True,False,False,False,False,False,False,False,False,0,0,0,0
58,2026-09-25T13:40:00.783266+00:00,2026-09-25T15:09:05.720075+00:00,94.00500000000001,True,False,False,False,True,False,False,False,True,False,False,False,False,True,False,False,False,False,True,False,False,True,False,False,True,True,False,False,True,True,False,False,False,True,False,True,False,False,False,False,True,True,True,False,False,False,True,False,True,False,False,False,False,False,False,False,True,False,False,True,True,True,False,True,False,False,False,False,True,True,True,False,False,False,False,False,False,False,False,0,0,0,0
59,2026-09-25T13:40:01.149987+00:00,2026-09-25T15:09:06.113098+00:00,86.005,True,False,False,False,True,False,False,False,True,False,False,False,False,True,False,False,False,False,True,False,False,True,False,False,True,True,False,False,True,True,False,False,False,True,False,True,False,False,False,False,False,False,False,False,False,False,True,False,True,False,False,False,False,False,False,True,False,True,False,True,True,True,False,True,False,False,False,False,True,True,True,False,False,False,False,False,False,False,False,0,0,0,0
60,2026-09-25T13:40:01.619241+00:00,2026-09-25T15:09:06.542122+00:00,170.009,True,False,False,False,True,True,False,False,True,False,False,False,False,False,False,False,False,False,False,False,False,False,False,False,True,True,False,False,True,True,False,False,False,True,False,True,False,False,False,False,True,False,False,True,False,False,False,False,True,False,False,False,False,False,False,True,True,False,False,True,True,True,False,True,False,False,False,False,True,True,True,False,False,False,False,False,False,False,False,0,0,0,0
61,2026-09-25T13:40:02.074577+00:00,2026-09-25T15:09:06.929145+00:00,92.006,True,False,False,False,True,True,False,False,True,False,False,False,False,False,False,False,False,True,False,False,False,False,False,False,True,True,False,False,True,True,False,False,False,True,False,True,False,False,False,True,False,True,True,True,False,False,False,False,True,False,False,False,False,False,False,True,False,True,False,True,True,True,False,True,False,False,False,False,True,True,True,False,False,False,False,False,False,False,False,1,0,0,0
62,2026-09-25T13:40:02.458797+00:00,2026-09-25T15:09:07.416172+00:00,100.005,True,False,False,False,True,True,False,False,True,False,False,False,False,False,False,False,False,True,False,False,False,False,False,False,True,True,False,False,True,True,False,False,False,True,False,True,False,False,False,True,True,True,True,True,False,False,False,False,True,False,False,False,False,False,False,True,False,True,False,True,True,True,False,True,False,False,False,False,True,True,True,False,False,False,False,False,False,False,False,0,0,0,0
63,2026-09-25T13:40:02.873356+00:00,2026-09-25T15:09:07.814195+00:00,102.006,True,False,False,False,True,True,False,False,True,False,False,False,False,False,False,False,False,True,False,False,False,False,False,False,True,True,False,False,True,True,False,False,False,True,False,True,False,False,False,True,False,False,False,True,False,False,False,False,True,False,False,False,False,False,False,True,True,False,False,True,True,True,False,True,False,False,False,False,True,True,True,False,False,False,False,False,False,False,False,0,0,0,0
64,2026-09-25T13:40:03.275649+00:00,2026-09-25T15:09:08.219218+00:00,129.007,True,False,False,False,True,True,False,False,True,False,False,False,False,False,False,False,False,True,False,False,False,False,False,False,True,True,False,False,True,True,False,False,False,True,False,True,False,False,False,False,False,False,False,True,False,False,False,False,True,False,False,False,False,False,False,True,True,False,False,True,True,True,False,True,False,False,False,False,True,True,True,False,False,False,False,False,False,False,False,0,0,0,0
65,2026-09-25T13:40:03.689297+00:00,2026-09-25T15:09:08.623241+00:00,92.00500000000001,True,False,False,False,True,True,False,False,True,False,False,False,False,False,False,False,False,True,False,False,False,False,False,False,True,True,False,False,True,True,False,False,False,True,False,False,False,False,False,True,False,False,True,True,True,False,False,False,False,False,True,False,False,False,False,True,False,True,False,True,True,True,False,True,False,False,False,False,True,True,True,False,False,False,False,False,False,False,False,0,0,0,0
66,2026-09-25T13:40:04.060400+00:00,2026-09-25T15:09:09.021264+00:00,110.006,True,False,False,False,True,True,False,False,True,False,False,False,False,False,False,False,False,True,False,False,False,False,False,False,True,True,False,False,True,True,False,False,False,True,False,False,False,False,False,True,False,False,True,True,True,False,False,False,False,False,True,False,False,False,False,True,False,True,False,False,True,True,False,True,False,False,False,False,True,True,True,False,False,False,False,False,False,False,False,0,0,0,0
67,2026-09-25T13:40:04.556581+00:00,2026-09-25T15:09:09.519293+00:00,125.007,True,False,False,False,True,True,False,False,True,False,False,False,False,False,False,False,False,True,False,False,False,False,False,False,True,True,False,False,True,True,False,False,False,True,False,False,False,False,False,True,True,False,True,True,True,False,False,False,False,False,True,False,False,False,False,True,False,True,False,False,True,True,False,True,False,False,False,False,True,True,True,False,False,False,False,False,False,False,False,1,0,0,0
68,2026-09-25T13:40:04.900262+00:00,2026-09-25T15:09:09.862312+00:00,88.005,True,False,False,False,True,True,False,False,True,False,False,False,False,False,False,False,False,True,False,False,False,False,False,False,True,True,False,False,True,True,False,False,False,True,False,False,False,False,False,False,True,False,True,True,True,False,False,False,False,False,True,False,False,False,False,True,False,True,False,False,True,True,False,True,False,False,False,False,True,True,True,False,False,False,False,False,False,False,False,0,0,0,0
69,2026-09-25T13:40:05.242952+00:00,2026-09-25T15:09:10.205332+00:00,88.005,True,False,False,False,True,True,False,False,True,False,False,False,False,False,False,False,False,True,False,False,False,False,False,False,True,True,False,False,True,True,False,False,False,True,False,False,False,False,False,False,False,False,True,True,True,False,False,False,False,False,True,False,False,False,False,True,False,True,False,False,True,True,False,True,False,False,False,False,True,True,True,False,False,False,False,False,False,False,False,0,0,0,0
70,2026-09-25T13:40:05.626465+00:00,2026-09-25T15:09:10.589354+00:00,87.005,True,False,False,False,True,True,False,False,True,False,False,False,False,False,False,False,False,True,False,False,False,False,False,False,True,True,False,False,True,True,False,False,False,True,False,False,False,False,False,False,True,False,True,True,True,False,False,False,False,False,True,False,False,False,False,True,False,True,True,True,True,True,False,True,False,False,False,False,True,True,True,False,False,False,False,False,False,False,False,0,0,0,0
71,2026-09-25T13:40:05.974863+00:00,2026-09-25T15:09:10.931373+00:00,88.005,True,False,False,False,True,True,False,False,True,False,False,False,False,False,False,False,False,True,False,False,False,False,False,False,True,True,False,False,True,True,False,False,False,True,False,False,False,False,False,False,True,False,True,True,True,False,False,False,False,False,True,False,False,False,False,True,False,True,False,True,True,True,False,True,False,False,False,False,True,True,True,False,False,False,False,False,False,False,False,0,0,0,0
72,2026-09-25T13:40:06.346975+00:00,2026-09-25T15:09:11.305395+00:00,100.006,True,False,False,False,True,True,False,False,True,False,False,False,False,False,False,False,False,True,False,False,False,False,False,False,True,True,False,False,True,True,False,False,False,True,False,False,False,False,False,False,True,False,True,True,True,False,False,False,False,False,True,False,False,False,False,True,False,True,True,False,True,True,False,True,False,False,False,False,True,True,True,False,False,False,False,False,False,False,False,0,0,0,0
73,2026-09-25T13:40:06.745835+00:00,2026-09-25T15:09:11.701418+00:00,132.00799999999998,True,False,False,False,True,True,False,False,True,False,False,False,False,False,False,False,False,True,False,False,False,False,False,False,True,True,False,False,True,True,False,False,False,True,False,False,False,False,False,False,False,False,True,True,True,False,False,False,False,False,True,False,False,False,False,True,False,True,False,False,True,True,False,True,False,False,False,False,True,True,True,False,False,False,False,False,False,False,False,0,0,0,0
74,2026-09-25T13:40:07.230732+00:00,2026-09-25T15:09:12.095440+00:00,119.007,True,False,False,False,True,True,False,False,True,False,False,False,False,False,True,False,False,False,True,False,False,True,False,False,True,True,False,False,True,True,False,False,False,True,False,False,False,False,False,True,False,False,True,True,True,False,False,False,False,False,True,False,False,False,False,True,False,True,True,True,True,True,False,True,False,False,False,False,True,True,True,False,False,False,False,False,False,False,False,0,0,0,0
75,2026-09-25T13:40:07.613526+00:00,2026-09-25T15:09:12.572467+00:00,101.005,True,False,False,False,True,False,False,False,True,False,False,False,False,False,True,False,False,False,True,False,False,True,False,False,True,True,False,False,False,True,False,False,False,False,False,False,False,True,False,True,False,False,True,True,True,True,False,False,False,False,False,False,False,False,False,True,False,True,False,False,True,True,False,True,False,False,False,False,True,True,True,False,False,False,False,False,False,False,False,1,0,0,0
76,2026-09-25T13:40:08.051789+00:00,2026-09-25T15:09:12.921487+00:00,90.005,True,False,False,False,True,False,False,False,True,False,False,False,False,False,True,False,False,False,True,False,False,True,False,False,True,True,False,False,False,True,False,False,False,False,False,False,False,True,False,True,False,False,True,True,True,True,False,False,False,False,False,False,False,False,False,True,False,True,False,False,True,True,False,True,False,False,False,False,True,True,True,False,False,False,False,False,False,False,False,0,0,0,0
77,2026-09-25T13:40:08.427290+00:00,2026-09-25T15:09:13.388514+00:00,112.006,True,False,False,False,True,False,False,False,True,False,False,False,False,False,True,False,False,False,True,False,False,True,False,False,True,True,False,False,False,True,False,False,False,False,False,False,False,True,False,True,False,False,True,True,True,True,False,False,False,False,False,False,False,False,False,True,False,True,False,False,True,True,False,True,False,False,False,False,True,True,True,False,False,False,False,False,False,False,False,0,0,0,0
78,2026-09-25T13:40:08.816963+00:00,2026-09-25T15:09:13.769536+00:00,124.007,True,False,False,False,True,False,False,False,False,False,False,False,False,False,True,False,False,False,True,False,False,True,False,False,True,True,False,False,False,True,False,False,False,False,False,False,False,True,False,True,False,False,True,True,True,True,False,False,False,False,False,False,False,False,False,True,False,True,False,False,True,True,False,True,False,False,False,False,True,True,True,False,False,False,False,False,False,False,False,0,0,0,0
79,2026-09-25T13:40:09.176949+00:00,2026-09-25T15:09:14.139557+00:00,105.006,True,False,False,False,True,False,True,False,False,False,False,False,False,False,False,True,False,False,False,False,False,False,False,False,True,True,False,False,False,True,False,False,False,False,False,False,False,True,False,True,False,False,True,True,True,True,False,False,False,False,False,False,False,False,False,True,False,True,False,False,True,True,False,True,False,False,False,False,True,True,True,False,False,False,False,False,False,False,False,0,0,0,0
80,2026-09-25T13:40:09.600356+00:00,2026-09-25T15:09:14.542580+00:00,148.008,True,False,False,False,False,False,True,False,False,False,False,False,False,False,False,True,False,False,False,False,False,False,False,False,True,True,False,False,False,True,False,False,False,False,False,False,False,True,False,True,False,False,True,True,True,True,False,False,False,False,False,False,False,False,False,True,False,True,False,False,True,True,False,True,False,False,False,False,True,True,True,False,False,False,False,False,False,False,False,1,0,0,0
81,2026-09-25T13:40:10.061838+00:00,2026-09-25T15:09:15.002606+00:00,182.01,True,False,False,False,False,False,True,False,False,False,False,False,False,False,False,True,False,False,False,False,False,False,False,False,True,True,False,False,False,True,False,False,False,False,False,False,False,True,False,True,False,False,True,True,True,True,False,False,False,False,False,False,False,False,False,True,False,True,False,False,True,True,False,True,False,False,False,False,True,True,True,False,False,False,False,False,False,False,False,0,0,0,0
82,2026-09-25T13:40:10.422310+00:00,2026-09-25T15:09:15.380628+00:00,95.00500000000001,True,False,False,False,False,False,True,False,False,False,False,False,False,False,False,True,False,False,False,False,False,False,False,False,True,True,False,False,False,True,False,False,False,False,False,False,False,True,False,True,False,False,True,True,True,True,False,False,False,False,False,False,False,False,False,True,False,True,False,False,True,True,False,True,False,False,False,False,True,True,True,False,False,False,False,False,False,False,False,0,0,0,0
83,2026-09-25T13:40:10.782624+00:00,2026-09-25T15:09:15.742649+00:00,103.006,True,False,False,False,False,False,True,False,False,False,False,False,False,False,False,True,False,False,False,False,False,False,False,False,True,True,False,True,False,True,False,False,False,False,False,True,False,False,False,True,False,True,False,True,True,True,False,False,False,False,False,False,False,False,False,True,False,True,False,False,True,True,False,True,False,False,False,False,True,True,True,False,False,False,False,False,False,False,False,0,0,0,0
84,2026-09-25T13:40:11.246746+00:00,2026-09-25T15:09:16.206675+00:00,94.00500000000001,True,False,False,False,False,False,True,False,False,False,False,False,False,False,False,True,False,False,False,False,False,False,False,False,True,True,False,False,False,True,False,False,False,False,False,False,False,False,True,True,False,True,False,True,True,True,False,False,False,False,False,False,False,False,False,True,False,True,False,False,True,True,False,True,False,False,False,False,True,True,True,False,False,False,False,False,False,False,False,0,0,0,0
85,2026-09-25T13:40:11.619009+00:00,2026-09-25T15:09:16.577696+00:00,105.006,True,False,False,False,False,False,True,False,False,False,False,False,False,False,False,True,False,False,False,False,False,False,False,False,True,True,False,False,False,True,False,False,False,False,False,False,False,False,True,True,False,True,False,True,True,True,False,False,False,False,False,False,False,False,False,True,False,True,False,False,True,True,False,True,False,False,False,False,True,True,True,False,False,False,False,False,False,False,False,0,0,0,0
86,2026-09-25T13:40:11.992324+00:00,2026-09-25T15:09:16.953718+00:00,106.006,True,False,False,False,False,False,True,False,False,False,False,False,False,False,False,True,False,False,False,False,False,False,False,False,True,True,False,False,False,True,False,False,False,False,False,False,False,False,True,True,False,True,False,True,True,True,False,False,False,False,False,False,False,False,False,True,False,True,False,False,True,True,False,True,False,False,False,False,True,True,True,False,False,False,False,False,False,False,False,0,0,0,0
87,2026-09-25T13:40:12.360274+00:00,2026-09-25T15:09:17.319739+00:00,107.006,True,False,False,False,False,False,True,False,False,False,False,False,False,False,False,True,False,False,False,False,False,False,False,False,True,True,False,False,False,True,False,False,False,False,False,False,False,False,True,True,False,True,False,True,True,True,False,False,False,False,False,False,False,False,False,True,False,True,False,False,True,True,False,True,False,False,False,False,True,True,True,False,False,False,False,False,False,False,False,1,0,0,0
88,2026-09-25T13:40:12.730095+00:00,2026-09-25T15:09:17.677759+00:00,87.005,True,False,False,False,False,False,True,False,False,False,False,False,False,False,False,True,False,False,False,False,False,False,False,False,True,True,False,False,False,True,False,False,False,False,False,False,False,False,True,True,False,True,False,True,True,True,False,False,False,False,False,False,False,False,False,True,False,True,False,False,True,True,False,True,False,False,False,False,True,True,True,False,False,False,False,False,False,False,False,0,0,0,0
89,2026-09-25T13:40:13.075536+00:00,2026-09-25T15:09:18.036780+00:00,89.005,True,False,False,False,False,False,True,False,False,False,False,False,False,False,False,True,False,False,False,False,False,False,False,False,True,True,False,False,False,True,False,False,False,False,False,False,False,False,True,True,False,True,False,True,True,True,False,False,False,False,False,False,False,False,False,True,False,True,False,False,True,True,False,True,False,False,False,False,True,True,True,False,False,False,False,False,False,False,False,0,0,0,0
90,2026-09-25T13:40:13.431991+00:00,2026-09-25T15:09:18.392800+00:00,92.00500000000001,True,False,False,False,False,False,True,False,False,False,False,False,False,False,False,True,False,False,False,False,False,False,False,False,True,True,False,False,False,True,False,False,False,False,False,False,False,False,True,True,False,True,False,True,True,True,False,False,False,False,False,False,False,False,False,True,False,True,False,False,True,True,False,True,False,False,False,False,True,True,True,False,False,False,False,False,False,False,False,0,0,0,0
91,2026-09-25T13:40:13.775555+00:00,2026-09-25T15:09:18.737820+00:00,90.005,True,False,False,False,False,False,True,False,False,False,False,False,False,False,False,True,False,False,False,False,False,False,False,False,True,True,False,False,False,True,False,False,False,False,False,False,False,False,True,True,False,True,False,True,True,True,False,False,False,False,False,False,False,False,False,True,False,True,False,False,True,True,False,True,False,False,False,False,True,True,True,False,False,False,False,False,False,False,False,0,0,0,0
92,2026-09-25T13:40:14.153757+00:00,2026-09-25T15:09:19.109841+00:00,112.006,True,False,False,False,False,False,True,False,False,False,False,False,False,False,False,True,False,False,False,False,False,False,False,False,True,True,False,False,False,True,False,False,False,True,False,False,False,False,True,False,False,True,False,True,True,True,False,False,False,False,False,False,False,False,False,True,False,True,False,False,True,True,False,True,False,False,False,False,True,True,True,False,False,False,False,False,False,False,False,0,0,0,0
93,2026-09-25T13:40:14.547834+00:00,2026-09-25T15:09:19.508864+00:00,137.00799999999998,True,False,False,False,False,False,True,False,False,False,False,False,False,False,False,True,False,False,False,False,False,False,False,False,True,True,False,False,True,True,False,False,False,True,False,False,False,False,False,True,False,True,False,True,True,True,False,False,False,False,False,False,False,False,False,True,False,True,False,False,True,True,False,True,False,False,False,False,True,True,True,False,False,False,False,False,False,False,False,0,0,0,0
94,2026-09-25T13:40:14.914924+00:00,2026-09-25T15:09:19.866885+00:00,102.006,True,False,False,False,False,False,True,False,False,False,False,False,False,False,False,True,False,False,False,False,False,False,False,False,True,True,False,False,True,True,False,False,False,True,False,False,False,False,False,False,True,True,False,True,True,True,False,False,False,False,False,False,False,False,False,True,False,True,False,False,True,True,False,True,False,False,False,False,True,True,True,False,False,False,False,False,False,False,False,0,0,0,0
95,2026-09-25T13:40:15.411180+00:00,2026-09-25T15:09:20.333911+00:00,185.01000000000002,True,False,False,False,False,False,True,False,False,False,False,False,False,False,False,True,False,False,False,False,False,False,False,False,True,True,False,False,True,True,False,False,False,True,False,False,False,False,False,True,False,True,False,True,True,True,False,False,False,False,False,False,False,False,False,True,False,True,False,False,True,True,False,True,False,False,False,False,True,True,True,False,False,False,False,False,False,False,False,0,0,0,0
96,2026-09-25T13:40:15.769945+00:00,2026-09-25T15:09:20.722934+00:00,95.006,True,False,False,False,False,False,True,False,False,False,False,False,False,False,False,True,False,False,False,False,False,False,False,False,True,True,False,False,True,True,False,False,False,True,False,False,False,False,False,True,False,True,False,True,True,True,False,False,False,False,False,False,False,False,False,True,False,True,False,False,True,True,False,True,False,False,False,False,True,True,True,False,False,False,False,False,False,False,False,0,0,0,0
97,2026-09-25T13:40:16.175738+00:00,2026-09-25T15:09:21.122956+00:00,87.005,True,False,False,False,False,False,True,False,False,False,False,False,False,False,False,True,False,False,False,False,False,False,False,False,True,True,False,False,True,True,False,False,False,True,False,False,False,False,False,False,False,True,False,True,True,True,False,False,False,False,False,False,False,False,False,True,False,True,False,False,True,True,False,True,False,False,False,False,True,True,True,False,False,False,False,False,False,False,False,0,0,0,0
98,2026-09-25T13:40:16.602852+00:00,2026-09-25T15:09:21.550981+00:00,160.00900000000001,True,False,False,False,False,False,True,False,False,False,False,False,False,False,False,True,False,False,False,False,False,False,False,False,True,True,False,False,True,True,False,False,False,True,False,False,False,False,False,False,True,True,False,True,True,True,False,False,False,False,False,False,False,False,False,True,False,True,False,False,True,True,False,True,False,False,False,False,True,True,True,False,False,False,False,False,False,False,False,0,0,0,0
99,2026-09-25T13:40:16.953804+00:00,2026-09-25T15:09:21.916002+00:00,94.006,True,False,False,False,False,False,True,False,False,False,False,False,False,False,False,True,False,False,False,False,False,False,False,False,True,True,False,False,True,True,False,False,False,True,False,False,False,False,False,True,False,True,False,True,True,True,False,False,False,False,False,False,False,False,False,True,False,True,False,False,True,True,False,True,False,False,False,False,True,True,True,False,False,False,False,False,False,False,False,0,0,0,0
100,2026-09-25T13:40:17.322232+00:00,2026-09-25T15:09:22.281023+00:00,106.006,True,False,False,False,False,False,True,True,False,False,False,False,False,False,False,False,False,False,True,False,True,False,False,False,True,True,False,False,True,True,False,False,False,True,False,False,False,False,False,False,True,True,False,True,True,True,False,False,False,False,False,False,False,False,False,True,False,True,False,False,True,True,False,True,False,False,False,False,True,True,True,False,False,False,False,False,False,False,False,0,0,0,0
101,2026-09-25T13:40:17.782378+00:00,2026-09-25T15:09:22.631043+00:00,92.006,True,False,False,False,False,False,True,True,False,False,False,False,False,False,False,False,False,False,True,False,True,False,False,False,True,True,False,False,True,True,False,False,False,False,False,False,False,True,False,True,False,True,False,True,True,True,False,False,False,False,False,False,False,False,False,True,False,True,False,False,True,True,False,True,False,False,False,False,True,True,True,False,False,False,False,False,False,False,False,0,0,0,0
102,2026-09-25T13:40:18.125658+00:00,2026-09-25T15:09:23.086069+00:00,88.005,True,False,False,False,False,False,True,True,True,False,False,False,False,False,False,False,False,False,True,True,False,False,False,False,True,True,False,False,False,True,False,False,False,False,False,False,False,True,False,True,False,True,False,True,True,True,False,False,False,False,False,False,False,False,False,True,False,True,False,False,True,True,False,True,False,False,False,False,True,True,True,False,False,False,False,False,False,False,False,0,0,0,0
103,2026-09-25T13:40:18.479753+00:00,2026-09-25T15:09:23.440089+00:00,98.006,True,False,False,False,False,False,True,False,True,False,False,False,False,False,False,False,True,False,True,True,False,False,False,False,True,True,False,False,False,True,False,False,False,False,False,False,False,True,False,True,False,True,False,True,True,True,False,False,False,False,False,False,False,False,False,True,False,True,False,False,True,True,False,True,False,False,False,False,True,True,True,False,False,False,False,False,False,False,False,0,0,0,0
104,2026-09-25T13:40:18.871021+00:00,2026-09-25T15:09:23.812110+00:00,113.006,True,False,False,False,False,False,True,False,True,False,False,False,False,False,False,False,True,False,True,True,False,False,False,False,True,True,False,False,False,True,False,False,False,False,False,False,False,True,False,True,False,True,False,True,True,True,False,False,False,False,False,False,False,False,False,True,False,True,False,False,True,True,False,True,False,False,False,False,True,True,True,False,False,False,False,False,False,False,False,0,0,0,0
105,2026-09-25T13:40:19.254112+00:00,2026-09-25T15:09:24.196132+00:00,106.006,True,False,False,False,False,False,True,False,True,False,False,False,False,False,False,False,True,False,True,True,False,False,False,False,True,True,False,False,False,True,False,False,False,False,False,False,False,True,False,True,False,True,False,True,True,True,False,False,False,False,False,False,False,False,False,True,False,True,False,False,True,True,False,True,False,False,False,False,True,True,True,False,False,False,False,False,False,False,False,0,0,0,0
106,2026-09-25T13:40:19.653282+00:00,2026-09-25T15:09:24.607156+00:00,132.00799999999998,True,False,False,False,False,False,True,False,True,False,False,False,False,False,False,False,True,False,True,True,False,False,False,False,True,True,False,False,False,True,False,False,False,False,False,False,False,True,False,True,False,True,False,True,True,True,False,False,False,False,False,False,False,False,False,True,False,True,False,False,True,True,False,True,False,False,False,False,True,True,True,False,False,False,False,False,False,False,False,0,0,0,0
107,2026-09-25T13:40:20.166309+00:00,2026-09-25T15:09:25.114185+00:00,166.01,True,False,False,False,False,False,True,False,True,False,False,False,False,False,False,False,True,False,True,True,False,False,False,False,True,True,False,False,False,True,False,False,False,False,False,False,False,True,False,True,False,True,False,True,True,True,False,False,False,False,False,False,False,False,False,True,False,True,False,False,True,True,False,True,False,False,False,False,True,True,True,False,False,False,False,False,False,False,False,0,0,0,0
108,2026-09-25T13:40:20.534514+00:00,2026-09-25T15:09:25.491206+00:00,98.005,True,False,False,False,False,False,True,False,True,False,False,False,False,False,False,False,True,False,True,True,False,False,False,False,True,True,False,False,False,True,False,False,False,False,False,False,False,True,False,True,False,True,False,True,True,True,False,False,False,False,False,False,False,False,False,True,False,True,False,False,True,True,False,True,False,False,False,False,True,True,True,False,False,False,False,False,False,False,False,0,0,0,0
109,2026-09-25T13:40:21.024789+00:00,2026-09-25T15:09:25.986235+00:00,94.006,True,False,False,False,False,False,True,False,True,False,False,False,False,False,False,False,True,False,True,True,False,False,False,False,True,True,False,True,False,True,False,False,False,False,False,False,True,False,False,True,False,True,False,True,True,True,False,False,False,False,False,False,False,False,False,True,False,True,False,False,True,True,False,True,False,False,False,False,True,True,True,False,False,False,False,False,False,False,False,0,0,0,0
110,2026-09-25T13:40:21.401738+00:00,2026-09-25T15:09:26.356256+00:00,87.005,True,False,False,False,False,False,True,False,True,False,False,False,False,False,False,False,True,False,True,True,False,False,False,False,True,True,False,False,False,True,False,False,False,False,False,False,False,False,True,True,False,False,False,True,True,True,False,False,False,False,False,False,False,False,False,True,False,True,False,False,True,True,False,True,False,False,False,False,True,True,True,False,False,False,False,False,False,False,False,0,0,0,0
111,2026-09-25T13:40:21.773043+00:00,2026-09-25T15:09:26.728277+00:00,91.005,True,False,False,False,False,False,True,False,True,False,False,False,False,False,False,False,True,False,True,True,False,False,False,False,True,True,False,False,False,True,False,False,False,False,False,False,False,False,True,True,False,False,False,True,True,True,False,False,False,False,False,False,False,False,False,True,False,True,False,False,True,True,False,True,False,False,False,False,True,True,True,False,False,False,False,False,False,False,False,0,0,0,0
112,2026-09-25T13:40:22.118465+00:00,2026-09-25T15:09:27.078297+00:00,82.005,True,False,False,False,False,False,True,False,True,False,False,False,False,False,False,False,True,False,True,True,False,False,False,False,True,True,False,False,False,True,False,False,False,False,False,False,False,False,True,True,False,False,False,True,True,True,False,False,False,False,False,False,False,False,False,True,False,True,False,False,True,True,False,True,False,False,False,False,True,True,True,False,False,False,False,False,False,False,False,0,0,0,0
113,2026-09-25T13:40:22.495758+00:00,2026-09-25T15:09:27.434317+00:00,87.005,True,False,False,False,False,False,True,False,True,False,False,False,False,False,False,False,True,False,True,True,False,False,False,False,True,True,False,False,False,True,False,False,False,False,False,False,False,False,True,True,False,False,False,True,True,True,False,False,False,False,False,False,False,False,False,True,False,True,False,False,True,True,False,True,False,False,False,False,True,True,True,False,False,False,False,False,False,False,False,0,0,0,0
114,2026-09-25T13:40:22.861245+00:00,2026-09-25T15:09:27.822340+00:00,90.006,True,False,False,False,False,False,True,False,True,False,False,False,False,False,False,False,True,False,True,True,False,False,False,False,True,True,False,False,False,True,False,False,False,False,False,False,False,False,True,True,False,False,False,True,True,True,False,False,False,False,False,False,False,False,False,True,False,True,False,False,True,True,False,True,False,False,False,False,True,True,True,False,False,False,False,False,False,False,False,0,0,0,0
115,2026-09-25T13:40:23.223428+00:00,2026-09-25T15:09:28.173360+00:00,85.005,True,False,False,False,False,False,True,False,True,False,False,False,False,False,False,False,True,False,True,True,False,False,False,False,True,True,False,False,False,True,False,False,False,False,False,False,False,False,True,True,False,False,False,True,True,True,False,False,False,False,False,False,False,False,False,True,False,True,False,False,True,True,False,True,False,False,False,False,True,True,True,False,False,False,False,False,False,False,False,0,0,0,0
116,2026-09-25T13:40:23.584173+00:00,2026-09-25T15:09:28.540381+00:00,89.005,True,False,False,False,False,False,True,False,True,False,False,False,False,False,False,False,True,False,True,True,False,False,False,False,True,True,False,False,False,True,False,False,False,False,False,False,False,False,True,True,False,False,False,True,True,True,False,False,False,False,False,False,False,False,False,True,False,True,False,False,True,True,False,True,False,False,False,False,True,True,True,False,False,False,False,False,False,False,False,0,0,0,0
117,2026-09-25T13:40:24.077531+00:00,2026-09-25T15:09:28.947404+00:00,126.007,True,False,False,False,False,False,True,False,True,False,False,False,False,False,False,False,True,False,True,True,False,False,False,False,True,True,False,False,False,True,False,False,False,False,False,False,False,False,True,True,False,False,False,True,True,True,False,False,False,False,False,False,False,False,False,True,False,True,False,False,True,True,False,True,False,False,False,False,True,True,True,False,False,False,False,False,False,False,False,0,0,0,0
118,2026-09-25T13:40:24.447491+00:00,2026-09-25T15:09:29.408430+00:00,105.006,True,False,False,False,False,False,True,False,True,False,False,False,False,False,False,False,True,False,True,True,False,False,False,False,True,True,False,False,True,True,False,False,False,False,True,False,False,False,False,False,True,False,False,True,True,True,False,False,False,False,False,False,False,False,False,True,False,True,False,False,True,True,False,True,False,False,False,False,True,True,True,False,False,False,False,False,False,False,False,0,0,0,0
119,2026-09-25T13:40:24.837464+00:00,2026-09-25T15:09:29.779452+00:00,111.00699999999999,True,False,False,False,False,False,True,False,True,False,False,False,False,False,False,False,True,False,True,True,False,False,False,False,True,True,False,False,True,True,False,False,False,False,True,False,False,False,False,True,True,False,False,True,True,True,False,False,False,False,False,False,False,False,False,True,False,True,False,False,True,True,False,True,False,False,False,False,True,True,True,False,False,False,False,False,False,False,False,0,0,0,0
120,2026-09-25T13:40:25.199736+00:00,2026-09-25T15:09:30.138472+00:00,85.005,True,False,False,False,False,False,True,False,True,False,False,False,False,False,False,False,True,False,True,True,False,False,False,False,True,True,False,False,True,True,False,False,False,False,True,False,False,False,False,True,True,False,False,True,True,True,False,False,False,False,False,False,False,False,False,True,False,True,False,False,True,True,False,True,False,False,False,False,True,True,True,False,False,False,False,False,False,False,False,0,0,0,0
121,2026-09-25T13:40:25.562560+00:00,2026-09-25T15:09:30.523494+00:00,97.005,True,False,False,False,False,False,True,False,True,False,False,False,False,False,False,False,True,False,True,True,False,False,False,False,True,True,False,False,True,True,False,False,False,False,True,False,False,False,False,True,True,False,False,True,True,True,False,False,False,False,False,False,False,False,False,True,False,True,False,False,True,True,False,True,False,False,False,False,True,True,True,False,False,False,False,False,False,False,False,0,0,0,0
122,2026-09-25T13:40:25.962734+00:00,2026-09-25T15:09:30.923517+00:00,83.005,True,False,False,False,False,False,True,False,True,False,False,False,False,False,False,False,True,False,True,True,False,False,False,False,True,True,False,False,True,True,False,False,False,False,True,False,False,False,False,False,False,False,False,True,True,True,False,False,False,False,False,False,False,False,False,True,False,True,False,False,True,True,False,True,False,False,False,False,True,True,True,False,False,False,False,False,False,False,False,0,0,0,0
123,2026-09-25T13:40:26.355411+00:00,2026-09-25T15:09:31.312539+00:00,123.007,True,False,False,False,True,False,True,False,True,False,False,False,False,False,False,False,False,False,True,True,True,False,False,False,True,True,False,False,True,True,False,False,False,False,True,False,False,False,False,True,True,False,False,True,True,True,False,False,False,False,False,False,False,False,False,True,False,True,False,False,True,True,False,True,False,False,False,False,True,True,True,False,False,False,False,False,False,False,False,0,0,0,0
124,2026-09-25T13:40:26.712222+00:00,2026-09-25T15:09:31.669560+00:00,96.006,True,False,False,False,True,False,True,False,True,False,False,False,False,False,False,False,False,False,True,False,True,False,False,False,True,True,False,False,True,True,False,False,False,False,True,False,False,False,False,True,True,False,False,True,True,True,False,False,False,False,False,False,False,False,False,True,False,True,False,False,True,True,False,True,False,False,False,False,True,True,True,False,False,False,False,False,False,False,False,0,0,0,0
125,2026-09-25T13:40:27.178819+00:00,2026-09-25T15:09:32.136586+00:00,102.005,True,False,False,False,True,False,True,False,True,False,False,False,False,False,False,False,False,False,True,False,True,False,False,False,True,True,False,False,True,True,False,False,False,False,True,False,False,False,False,True,True,False,False,True,True,True,False,False,False,False,False,False,False,False,False,True,False,True,False,False,True,True,False,True,False,False,False,False,True,True,True,False,False,False,False,False,False,False,False,0,0,0,0
126,2026-09-25T13:40:27.601812+00:00,2026-09-25T15:09:32.512608+00:00,85.005,False,False,False,False,True,False,True,False,True,False,False,False,False,False,False,False,False,False,True,False,True,False,False,False,True,True,False,False,True,True,False,False,False,False,True,False,False,False,False,False,False,False,False,True,True,True,False,False,False,False,False,False,False,False,False,True,False,True,False,False,True,True,False,True,False,False,False,False,True,True,True,False,False,False,False,False,False,False,False,0,0,0,0
127,2026-09-25T13:40:27.964815+00:00,2026-09-25T15:09:32.921631+00:00,104.006,False,False,False,False,True,False,True,False,True,False,False,False,False,False,False,False,False,False,True,False,True,False,False,False,True,True,False,False,True,True,False,False,False,False,True,False,False,False,False,True,True,False,False,True,True,True,False,False,False,False,False,False,False,False,False,True,False,True,False,False,True,True,False,True,False,False,False,False,True,True,True,False,False,False,False,False,False,False,False,0,0,0,0
128,2026-09-25T13:40:28.401852+00:00,2026-09-25T15:09:33.335655+00:00,91.005,False,False,False,False,True,False,True,False,True,False,False,False,False,False,False,False,False,False,True,False,False,False,False,False,True,True,False,False,True,True,False,False,False,False,True,False,False,False,False,True,True,False,False,True,True,True,False,False,False,False,False,False,False,False,False,True,False,True,False,False,True,True,False,True,False,False,False,False,True,True,True,False,False,False,False,False,False,False,False,0,0,0,0
129,2026-09-25T13:40:28.776938+00:00,2026-09-25T15:09:33.734678+00:00,117.007,False,False,False,False,True,False,True,False,True,True,False,False,False,False,False,False,False,False,False,False,False,False,False,False,True,True,False,False,True,True,False,False,False,False,True,False,False,False,False,True,True,False,False,True,True,True,False,False,False,False,False,False,False,False,False,True,False,True,False,False,True,True,False,True,False,False,False,False,True,True,True,False,False,False,False,False,False,False,False,0,0,0,0
130,2026-09-25T13:40:29.238127+00:00,2026-09-25T15:09:34.199704+00:00,89.005,False,False,False,False,True,False,True,False,True,True,False,False,False,False,False,False,False,False,False,False,False,False,False,False,True,True,False,False,True,True,False,False,False,False,True,False,False,False,False,False,False,False,False,True,True,True,False,False,False,False,False,False,False,False,False,True,False,True,False,False,True,True,False,True,False,False,False,False,True,True,True,False,False,False,False,False,False,False,False,0,0,0,0
131,2026-09-25T13:40:29.636449+00:00,2026-09-25T15:09:34.585726+00:00,131.007,False,False,False,False,True,False,True,False,True,True,False,False,False,False,False,False,False,False,False,False,False,False,False,False,True,True,False,False,True,True,False,False,False,False,True,False,False,False,False,True,True,False,False,True,True,True,False,False,False,False,False,False,False,False,False,True,False,True,False,False,True,True,False,True,False,False,False,False,True,True,True,False,False,False,False,False,False,False,False,0,0,0,0
132,2026-09-25T13:40:30.006871+00:00,2026-09-25T15:09:34.961748+00:00,106.006,False,False,False,True,True,False,True,False,True,False,False,False,True,False,False,False,False,False,False,False,False,False,False,False,True,True,False,False,True,True,False,False,False,False,True,False,False,False,False,False,False,False,False,True,True,True,False,False,False,False,False,False,False,False,False,True,False,True,False,False,True,True,False,True,False,False,False,False,True,True,True,False,False,False,False,False,False,False,False,0,0,0,0
133,2026-09-25T13:40:30.443409+00:00,2026-09-25T15:09:35.404773+00:00,183.01000000000002,False,False,False,True,True,False,True,False,True,False,False,False,True,False,False,False,False,False,False,False,False,False,False,False,True,True,False,False,True,True,False,False,False,False,True,False,False,False,False,True,False,False,False,True,True,True,False,False,False,False,False,False,False,False,False,True,False,True,False,False,True,True,False,True,False,False,False,False,True,True,True,False,False,False,False,False,False,False,False,0,0,0,0
134,2026-09-25T13:40:30.816404+00:00,2026-09-25T15:09:35.773794+00:00,111.006,False,False,False,True,True,False,True,False,True,False,False,False,True,False,False,False,False,False,False,False,False,False,False,False,True,True,False,False,True,True,False,False,False,False,True,False,False,False,False,False,False,False,False,True,True,True,False,False,False,False,False,False,False,False,False,True,False,True,False,False,True,True,False,True,False,False,False,False,True,True,True,False,False,False,False,False,False,False,False,0,0,0,0
135,2026-09-25T13:40:31.188197+00:00,2026-09-25T15:09:36.149816+00:00,87.005,False,False,False,True,True,False,True,False,True,False,False,False,True,False,False,False,False,False,False,False,False,False,False,False,True,True,False,False,True,True,False,False,False,False,True,False,False,False,False,False,False,False,False,True,True,True,False,False,False,False,False,False,False,False,False,True,False,True,False,False,True,True,False,True,False,False,False,False,True,True,True,False,False,False,False,False,False,False,False,0,0,0,0
136,2026-09-25T13:40:31.537918+00:00,2026-09-25T15:09:36.498836+00:00,95.006,False,False,False,True,True,False,True,False,True,True,False,False,False,False,False,False,False,False,False,False,False,False,False,False,True,True,False,False,True,True,False,False,False,False,True,False,False,False,False,False,False,False,False,True,True,True,False,False,False,False,False,False,False,False,False,True,False,True,False,False,True,True,False,True,False,False,False,False,True,True,True,False,False,False,False,False,False,False,False,0,0,0,0
137,2026-09-25T13:40:31.922597+00:00,2026-09-25T15:09:36.879858+00:00,113.00699999999999,False,False,False,False,True,False,True,False,True,True,False,False,False,False,False,False,False,False,False,False,False,False,False,False,True,True,False,False,True,True,False,False,False,False,True,False,False,False,False,False,False,False,False,True,True,True,False,False,False,False,False,False,False,False,False,True,False,True,False,False,True,True,False,True,False,False,False,False,True,True,True,False,False,False,False,False,False,False,False,0,0,0,0
138,2026-09-25T13:40:32.293153+00:00,2026-09-25T15:09:37.253879+00:00,110.006,False,True,False,False,True,False,True,False,True,False,False,False,False,False,False,False,False,False,True,False,False,False,True,False,True,True,False,False,True,True,False,False,False,False,True,False,False,False,False,False,False,False,False,True,True,True,False,False,False,False,False,False,False,False,False,True,False,True,False,False,True,True,False,True,False,False,False,False,True,True,True,False,False,False,False,False,False,False,False,0,0,0,0
139,2026-09-25T13:40:32.746095+00:00,2026-09-25T15:09:37.703905+00:00,94.006,False,True,False,False,True,False,True,False,True,False,False,False,False,False,False,False,False,False,True,False,False,False,True,False,True,True,False,False,True,True,False,False,False,False,True,False,False,False,False,False,False,False,False,True,True,True,False,False,False,False,False,False,False,False,False,True,False,True,False,False,True,True,False,True,False,False,False,False,True,True,True,False,False,False,False,False,False,False,False,0,0,0,0
140,2026-09-25T13:40:33.098253+00:00,2026-09-25T15:09:38.053925+00:00,91.005,False,True,False,False,True,False,True,False,True,False,False,True,False,False,False,False,False,False,True,False,False,False,False,False,True,True,False,False,True,True,False,False,False,False,True,False,False,False,False,False,True,False,False,True,True,True,False,False,False,False,False,False,False,False,False,True,False,True,False,False,True,True,False,True,False,False,False,False,True,True,True,False,False,False,True,False,False,False,False,0,0,0,0
141,2026-09-25T13:40:33.563473+00:00,2026-09-25T15:09:38.422946+00:00,97.006,False,True,False,False,True,False,True,False,True,False,False,True,False,False,False,False,False,False,True,False,False,False,False,False,True,True,False,False,True,True,False,False,False,False,True,False,False,False,False,False,False,False,False,True,True,True,False,False,False,False,False,False,False,False,False,True,False,True,False,False,True,True,False,True,False,False,False,False,True,True,True,False,False,False,True,False,False,False,False,0,0,0,0
142,2026-09-25T13:40:33.930371+00:00,2026-09-25T15:09:38.883972+00:00,103.006,False,True,False,False,True,False,True,False,True,False,False,True,False,False,False,False,False,False,True,False,False,False,False,False,True,True,False,False,True,True,False,False,False,False,True,False,False,False,False,False,False,False,False,True,True,True,False,False,False,False,False,False,False,False,False,True,False,True,False,False,True,True,False,True,False,False,False,False,False,True,True,False,False,False,True,False,False,False,False,0,0,0,0
143,2026-09-25T13:40:34.293722+00:00,2026-09-25T15:09:39.248993+00:00,104.006,False,True,False,False,True,False,True,False,True,False,False,True,False,False,False,False,False,False,True,False,False,False,False,True,True,True,False,False,True,True,False,False,False,False,False,False,True,False,False,False,False,False,False,True,True,True,False,False,False,True,False,True,False,False,False,True,False,False,True,False,True,True,False,True,False,False,False,False,False,True,True,False,False,False,True,False,False,False,False,0,15,0,15
144,2026-09-25T13:40:34.734471+00:00,2026-09-25T15:09:39.619014+00:00,107.006,False,True,False,False,True,False,True,False,True,False,False,True,False,False,False,False,False,False,True,False,False,False,False,True,True,True,False,False,True,True,False,False,False,False,False,False,True,False,False,False,True,True,False,True,False,False,False,False,False,True,False,True,False,False,False,True,False,False,True,False,True,True,False,True,False,False,False,False,False,True,True,False,False,False,True,False,False,False,False,0,94,0,90
145,2026-09-25T13:40:35.093887+00:00,2026-09-25T15:09:40.053039+00:00,99.006,False,False,False,False,True,False,True,False,True,False,True,False,False,False,False,False,False,False,False,False,False,False,False,True,True,True,False,False,True,True,False,False,False,False,False,False,False,True,False,False,True,False,False,True,False,False,False,False,False,False,False,True,False,False,False,True,False,False,False,False,True,True,False,True,False,False,False,False,True,False,True,False,False,False,True,False,False,False,False,0,175,0,177
145,2026-09-25T13:40:35.093887+00:00,2026-09-25T15:09:40.053039+00:00,99.006,False,False,False,False,True,False,True,False,True,False,True,False,False,False,False,False,False,False,False,False,False,False,False,True,True,True,False,False,True,True,False,False,False,False,False,False,False,True,False,False,True,False,False,True,False,False,False,False,False,False,False,True,False,False,False,True,False,False,False,False,True,True,False,True,False,False,False,False,True,False,True,False,False,False,True,False,False,False,False,0,175,0,177
146,2026-09-25T13:40:35.481462+00:00,2026-09-25T15:09:40.439061+00:00,110.006,False,False,False,False,True,False,True,False,True,False,True,False,False,False,False,False,False,False,False,False,False,False,False,True,True,True,False,False,False,True,False,False,False,False,False,False,False,True,False,False,True,False,False,True,False,False,False,False,False,False,False,True,False,False,False,True,False,False,True,True,True,True,False,True,False,False,False,False,True,True,True,False,False,False,True,False,False,False,False,1,175,0,253
147,2026-09-25T13:40:35.828839+00:00,2026-09-25T15:09:40.788081+00:00,90.005,False,False,False,False,True,False,True,False,True,False,True,False,False,False,False,False,False,False,False,False,False,False,False,True,True,True,False,False,False,True,False,False,False,False,False,False,False,True,False,False,True,False,False,True,False,False,False,False,False,False,False,True,False,False,False,True,False,False,True,False,True,True,False,True,False,False,False,False,False,True,True,False,False,False,True,False,False,False,False,0,175,0,323
148,2026-09-25T13:40:36.181186+00:00,2026-09-25T15:09:41.135101+00:00,91.005,False,False,False,False,True,False,True,False,True,False,True,False,False,False,False,False,False,False,False,False,False,False,False,True,True,True,False,False,False,True,False,False,False,False,False,False,False,True,False,False,True,False,False,True,False,False,False,False,False,False,False,True,False,False,False,True,False,False,True,False,True,True,False,True,False,False,False,False,False,True,True,False,False,False,True,False,False,False,False,0,175,0,392
149,2026-09-25T13:40:36.538485+00:00,2026-09-25T15:09:41.499122+00:00,98.006,False,False,False,False,True,False,True,False,True,False,True,False,False,False,False,False,False,False,False,False,False,False,False,True,True,True,False,False,False,True,False,False,False,False,False,False,False,True,False,False,True,False,False,True,False,False,False,False,False,False,False,True,False,False,False,True,False,False,False,True,True,True,False,True,False,False,False,False,False,True,True,False,False,False,True,False,False,False,False,65,175,0,462
150,2026-09-25T13:40:36.914801+00:00,2026-09-25T15:09:41.872143+00:00,116.006,True,False,False,False,True,False,True,False,True,False,False,False,False,False,False,False,False,False,False,False,False,False,False,True,False,True,False,False,False,True,False,False,False,False,False,False,False,True,False,False,True,False,False,True,False,False,False,False,False,False,False,True,False,False,False,True,False,False,True,False,True,True,False,True,False,False,False,False,False,True,True,False,False,False,True,False,False,False,False,0,175,0,539
151,2026-09-25T13:40:37.269887+00:00,2026-09-25T15:09:42.225163+00:00,96.005,True,False,False,False,True,False,True,False,True,False,False,False,False,False,False,False,False,False,False,False,False,False,False,True,False,True,False,False,False,True,False,False,False,False,False,False,False,True,False,False,True,False,False,True,False,False,False,False,False,False,False,True,False,False,False,True,False,False,False,True,True,True,False,True,False,False,False,False,True,True,True,False,False,False,True,False,False,False,False,0,175,0,610
152,2026-09-25T13:40:37.675002+00:00,2026-09-25T15:09:42.636187+00:00,94.00500000000001,True,False,False,False,True,False,True,False,True,False,False,False,False,False,False,False,False,False,False,False,False,False,False,True,False,True,False,False,False,True,False,False,False,False,False,False,False,True,False,False,True,False,False,True,False,False,False,False,False,False,False,True,False,False,False,True,False,False,True,False,True,True,False,True,False,False,False,False,False,True,True,False,False,False,True,False,False,False,False,0,175,0,691
153,2026-09-25T13:40:38.039328+00:00,2026-09-25T15:09:42.998208+00:00,96.006,True,False,False,False,True,False,True,False,True,False,False,False,False,False,False,False,False,False,False,False,False,False,False,True,False,True,False,False,False,True,False,False,False,False,False,False,False,True,False,False,True,False,False,True,False,False,False,False,False,False,False,True,False,False,False,True,False,False,False,True,True,True,False,True,False,False,False,False,False,True,False,False,False,False,True,False,False,False,False,0,175,0,763
154,2026-09-25T13:40:38.471408+00:00,2026-09-25T15:09:43.342227+00:00,86.005,True,False,False,False,True,False,True,False,True,False,False,False,False,False,False,False,False,False,False,False,False,False,False,True,False,True,False,True,False,True,False,False,False,False,False,True,False,False,False,False,True,False,False,True,False,False,False,False,False,False,False,True,False,False,False,True,False,False,False,True,True,True,False,True,False,False,False,False,True,True,True,False,False,False,True,False,False,False,False,0,175,0,833
155,2026-09-25T13:40:38.826322+00:00,2026-09-25T15:09:43.774252+00:00,88.005,True,False,False,False,True,False,True,False,True,False,False,False,False,False,False,False,False,False,False,False,False,False,False,True,False,True,False,True,False,True,False,True,False,False,False,False,False,False,False,False,True,True,False,True,False,False,False,False,False,False,False,True,False,False,False,True,False,False,False,False,True,True,False,True,False,False,False,False,False,True,True,False,False,False,True,False,False,False,False,1,175,0,919
156,2026-09-25T13:40:39.264497+00:00,2026-09-25T15:09:44.142273+00:00,100.006,True,False,False,False,True,False,True,False,True,False,False,False,False,False,False,False,False,False,False,False,False,False,False,True,True,True,False,True,False,True,False,True,False,False,False,False,False,False,False,False,True,True,False,True,False,False,False,False,False,False,False,True,False,False,False,True,False,False,False,True,True,True,False,True,False,False,False,False,False,True,True,False,False,False,False,True,False,False,False,0,175,0,992
157,2026-09-25T13:40:39.657380+00:00,2026-09-25T15:09:44.604299+00:00,123.007,True,False,False,False,True,False,True,False,True,False,False,False,False,False,False,False,False,False,False,False,False,False,False,True,True,False,False,True,False,True,False,False,False,False,False,False,False,False,False,False,True,True,False,True,False,False,False,False,False,False,False,True,False,False,False,True,False,False,False,True,True,True,False,True,False,False,False,False,True,True,True,False,False,False,False,True,False,True,False,0,175,0,1084
158,2026-09-25T13:40:40.033871+00:00,2026-09-25T15:09:44.990322+00:00,118.007,True,False,False,False,True,False,True,False,True,False,False,False,False,False,False,False,False,False,False,False,False,False,False,True,True,False,False,True,False,True,False,False,False,False,False,False,False,False,False,False,True,True,False,True,False,False,False,False,False,False,False,True,False,False,False,True,False,False,False,True,True,True,False,True,False,False,False,False,True,True,True,False,False,False,False,False,False,False,False,1,175,0,1157
159,2026-09-25T13:40:40.392549+00:00,2026-09-25T15:09:45.353342+00:00,104.006,True,False,False,False,True,False,True,False,True,False,False,False,False,False,False,False,False,False,False,False,False,False,False,True,True,False,False,True,False,True,False,False,False,False,False,False,False,False,False,False,True,True,False,True,False,False,False,False,False,False,False,True,False,False,False,True,False,False,True,False,True,True,False,True,False,False,False,False,True,True,True,False,False,False,False,False,False,False,False,0,175,0,1233
160,2026-09-25T13:40:40.875944+00:00,2026-09-25T15:09:45.825369+00:00,200.011,True,False,False,False,True,False,True,False,True,False,False,False,False,False,False,False,False,False,False,False,False,False,False,True,True,False,False,True,False,True,False,False,False,False,False,False,False,False,False,False,True,True,False,True,False,False,False,False,False,False,False,True,False,False,False,True,False,False,False,True,True,True,False,True,False,False,False,False,True,True,True,False,False,False,False,False,False,False,False,0,175,0,1327
161,2026-09-25T13:40:41.314877+00:00,2026-09-25T15:09:46.210391+00:00,116.006,True,False,False,False,True,False,True,False,True,False,False,False,False,False,False,False,False,False,False,False,False,False,False,True,True,False,False,True,False,True,False,False,False,False,False,False,False,False,False,False,True,True,False,True,False,False,False,False,False,False,False,False,False,False,False,True,False,False,False,True,True,True,False,True,False,False,False,False,True,True,True,False,False,False,False,False,False,False,False,1,0,0,0
162,2026-09-25T13:40:41.796068+00:00,2026-09-25T15:09:46.666417+00:00,114.006,True,False,False,False,True,False,True,False,True,False,False,False,False,False,False,False,False,False,False,False,False,False,False,True,True,False,False,True,False,True,False,False,False,False,False,False,False,False,False,False,True,True,False,True,False,False,False,False,False,False,False,False,False,False,False,True,False,False,False,True,True,True,False,True,False,False,False,False,True,True,True,False,False,False,False,False,False,False,False,0,0,0,0
163,2026-09-25T13:40:42.192737+00:00,2026-09-25T15:09:47.133444+00:00,111.006,True,False,False,False,True,False,True,False,True,False,False,False,False,False,False,False,False,False,False,False,False,False,False,True,True,False,False,True,False,True,False,False,False,False,False,False,False,False,False,False,True,True,False,False,False,False,False,True,False,False,False,False,False,False,True,True,False,False,False,True,True,True,False,True,False,False,False,False,True,True,True,False,False,False,False,False,False,False,False,0,0,45,0
164,2026-09-25T13:40:42.590988+00:00,2026-09-25T15:09:47.547468+00:00,114.00699999999999,True,False,False,False,True,False,True,False,True,False,False,False,False,False,False,False,False,False,False,False,False,False,False,True,True,False,False,True,False,True,False,False,False,False,False,False,False,False,False,False,True,True,False,False,False,False,False,True,False,False,False,False,False,False,True,True,False,False,False,True,True,True,False,True,False,False,False,False,True,True,True,False,False,False,False,False,False,False,False,0,0,133,0
165,2026-09-25T13:40:42.960615+00:00,2026-09-25T15:09:47.906488+00:00,97.005,True,False,False,False,True,False,True,False,True,False,False,False,False,False,False,False,False,False,False,False,False,False,False,True,True,False,False,True,False,True,False,False,False,False,False,False,False,False,False,False,True,True,False,False,False,False,True,False,False,False,False,False,True,True,True,False,False,False,False,True,True,True,False,True,False,False,False,False,True,True,True,False,False,False,False,False,False,False,False,0,0,0,0
166,2026-09-25T13:40:43.322318+00:00,2026-09-25T15:09:48.263509+00:00,86.005,True,False,False,False,True,False,True,False,True,False,False,False,False,False,False,False,False,False,False,False,False,False,False,True,True,False,False,True,False,True,False,False,False,False,False,False,False,False,False,False,True,True,False,False,False,False,True,False,False,False,False,False,True,True,True,True,False,False,False,True,True,True,False,True,False,False,False,False,True,True,True,False,False,False,False,False,False,False,False,0,0,0,0
167,2026-09-25T13:40:43.791690+00:00,2026-09-25T15:09:48.751537+00:00,87.005,True,False,False,False,True,False,True,False,True,False,False,False,False,False,False,False,False,False,False,False,False,False,False,True,True,False,False,True,False,True,False,False,False,False,False,False,False,False,False,False,True,True,False,True,False,False,False,False,True,False,False,False,True,True,False,True,False,True,False,True,True,True,False,True,False,False,False,False,True,True,True,False,False,False,False,False,False,False,False,0,0,0,0
168,2026-09-25T13:40:44.182917+00:00,2026-09-25T15:09:49.100557+00:00,92.006,True,False,False,False,True,False,True,False,True,False,False,False,False,False,False,False,False,False,False,False,False,False,False,True,True,False,False,True,False,True,False,False,False,False,False,False,False,False,False,False,True,True,False,True,False,False,False,False,True,False,False,False,True,True,False,True,False,False,False,True,True,True,False,True,False,False,False,False,True,True,True,False,False,False,False,False,False,False,False,0,0,0,0
169,2026-09-25T13:40:44.547082+00:00,2026-09-25T15:09:49.499579+00:00,91.005,True,False,False,False,True,False,True,False,True,False,False,False,False,False,False,False,False,False,False,False,False,False,False,True,True,False,False,True,False,True,False,False,False,False,False,False,False,False,False,False,True,True,False,True,False,False,False,False,True,False,False,False,True,True,False,True,False,True,False,True,True,True,False,True,False,False,False,False,True,True,True,False,False,False,False,False,False,False,False,0,3,0,0
170,2026-09-25T13:40:44.910202+00:00,2026-09-25T15:09:49.867601+00:00,95.006,True,False,False,False,True,False,True,False,True,False,False,False,False,False,False,False,False,False,False,False,False,False,False,True,True,True,False,True,False,True,False,False,True,False,False,False,False,False,False,False,True,True,False,True,False,False,False,False,False,True,True,False,True,True,False,True,True,True,False,False,True,True,False,True,False,False,False,False,True,True,True,False,False,False,False,False,False,False,False,0,76,0,84
171,2026-09-25T13:40:45.268215+00:00,2026-09-25T15:09:50.227621+00:00,97.005,True,False,False,False,True,False,True,False,True,False,False,False,False,False,False,False,False,False,False,False,False,False,False,True,False,True,False,True,False,True,False,False,True,False,False,False,False,False,False,False,True,True,False,True,False,False,False,False,False,True,True,False,True,True,False,True,False,False,True,True,True,True,False,True,False,False,False,False,True,True,True,False,False,False,False,False,False,False,False,0,151,0,166
172,2026-09-25T13:40:45.645492+00:00,2026-09-25T15:09:50.577641+00:00,93.00500000000001,True,False,False,False,True,False,True,False,True,False,False,False,False,False,False,False,False,False,False,False,False,False,False,True,False,True,False,True,False,True,False,False,False,False,False,False,True,False,False,False,True,True,False,True,False,False,False,False,False,True,True,False,True,True,False,True,False,False,False,True,True,True,False,True,False,False,False,False,True,True,True,False,False,False,False,False,False,False,False,0,224,0,246
173,2026-09-25T13:40:46.009591+00:00,2026-09-25T15:09:50.957663+00:00,97.006,True,False,False,False,True,False,True,False,True,False,False,False,False,False,False,False,False,False,False,False,False,False,False,True,False,True,False,True,False,True,False,False,False,False,False,False,False,False,True,False,True,False,False,True,False,False,False,False,False,True,True,False,True,True,False,True,False,False,False,False,True,True,False,True,False,False,False,False,True,True,True,False,False,False,False,False,False,False,False,0,303,0,332
174,2026-09-25T13:40:46.382547+00:00,2026-09-25T15:09:51.324684+00:00,92.00500000000001,True,False,False,False,True,False,True,False,True,False,False,False,False,False,False,False,False,False,False,False,False,False,False,True,False,True,False,False,False,True,False,False,False,False,False,False,False,False,True,False,True,False,False,True,False,False,False,False,False,True,True,False,True,True,False,True,False,False,False,False,True,True,False,True,False,False,False,False,True,True,True,False,False,False,False,False,False,False,False,0,379,0,417
175,2026-09-25T13:40:46.748576+00:00,2026-09-25T15:09:51.688705+00:00,90.005,True,False,False,False,True,False,True,False,True,False,False,False,False,False,False,False,False,False,False,False,False,False,False,True,True,True,False,False,False,True,False,False,False,False,False,False,False,False,True,False,True,False,False,True,False,False,False,False,False,True,False,False,True,True,False,True,False,False,False,True,True,True,False,True,False,False,False,False,True,True,True,False,False,False,False,False,False,False,False,0,455,0,457
176,2026-09-25T13:40:47.094614+00:00,2026-09-25T15:09:52.048725+00:00,86.005,True,False,False,False,True,False,True,False,True,False,False,False,False,False,False,False,False,False,False,False,False,False,False,True,True,True,False,False,False,True,False,False,False,False,False,False,False,False,True,False,True,False,False,True,False,False,False,False,False,True,False,False,True,True,False,True,False,False,False,True,True,True,False,True,False,False,False,False,True,True,True,False,False,False,False,False,False,False,False,0,530,0,457
177,2026-09-25T13:40:47.444530+00:00,2026-09-25T15:09:52.398745+00:00,90.005,True,False,False,False,True,False,True,False,True,False,False,False,False,False,False,False,False,False,False,False,False,False,False,True,True,True,False,False,False,True,False,False,False,False,False,False,False,False,True,False,True,False,False,True,False,False,False,False,False,True,False,False,True,True,False,True,False,False,False,True,True,True,False,True,False,False,False,False,True,True,True,False,False,False,False,False,False,False,False,0,603,0,457
178,2026-09-25T13:40:47.803325+00:00,2026-09-25T15:09:52.749765+00:00,90.005,True,False,False,False,True,False,True,False,True,False,False,False,False,False,False,False,False,False,False,False,False,False,False,True,True,True,False,False,False,True,False,False,False,False,False,False,False,False,True,False,True,False,False,True,False,False,False,False,False,True,False,False,True,True,False,True,True,True,False,True,True,True,False,True,False,False,False,False,True,True,True,False,False,False,False,False,False,False,False,0,676,0,457
179,2026-09-25T13:40:48.200732+00:00,2026-09-25T15:09:53.121787+00:00,95.006,True,False,False,False,True,False,True,False,True,False,False,False,False,False,False,False,False,False,False,False,False,False,False,True,True,True,False,False,False,True,False,False,False,False,False,False,False,False,True,False,True,False,False,True,False,False,False,False,False,True,False,False,True,True,False,True,False,False,False,True,True,True,False,True,False,False,False,False,True,True,True,False,False,False,False,False,False,False,False,0,754,0,457
180,2026-09-25T13:40:48.566366+00:00,2026-09-25T15:09:53.506809+00:00,89.005,True,False,False,False,True,False,True,False,True,False,False,False,False,False,False,False,False,False,False,False,False,False,False,True,True,True,False,False,False,True,False,False,False,False,False,False,False,False,True,False,True,False,False,True,False,False,False,False,False,True,False,False,True,True,False,True,False,True,False,True,True,True,False,True,False,False,False,False,True,True,True,False,False,False,False,False,False,False,False,0,834,0,457
181,2026-09-25T13:40:48.916330+00:00,2026-09-25T15:09:53.868829+00:00,88.005,True,False,False,False,True,False,True,False,True,False,False,False,False,False,False,False,False,False,False,False,False,False,False,True,True,True,False,False,False,True,False,False,False,False,False,False,False,False,True,False,True,False,False,False,False,False,False,True,False,False,False,False,True,True,False,False,False,False,False,True,True,True,False,True,False,False,False,False,True,True,True,False,False,False,False,False,False,False,False,0,0,34,0
182,2026-09-25T13:40:49.272491+00:00,2026-09-25T15:09:54.232850+00:00,102.006,True,False,False,False,True,False,True,False,True,False,False,False,False,False,False,False,False,False,False,False,False,False,False,True,True,True,False,False,True,True,False,False,False,False,False,False,True,False,False,False,True,True,False,False,False,False,False,True,False,False,False,False,True,True,False,False,False,False,False,True,True,True,False,True,False,False,False,False,True,True,True,False,False,False,False,False,False,False,False,0,0,113,0
183,2026-09-25T13:40:49.674707+00:00,2026-09-25T15:09:54.634873+00:00,142.00799999999998,True,False,False,False,True,False,True,False,True,False,False,False,False,False,False,False,False,False,False,False,False,False,False,True,True,True,False,False,True,True,False,False,False,False,False,False,True,False,False,False,True,True,False,False,False,False,False,True,False,False,False,False,True,True,False,False,False,False,False,True,True,True,False,True,False,False,False,False,True,True,True,False,False,False,False,False,False,False,False,0,0,198,0
184,2026-09-25T13:40:50.043829+00:00,2026-09-25T15:09:54.986893+00:00,96.005,True,False,False,False,True,False,True,False,True,False,False,False,False,False,False,False,False,False,False,False,False,False,False,True,True,True,False,False,True,True,False,False,False,False,False,False,True,False,False,False,True,False,True,False,False,False,False,True,False,False,False,False,True,True,True,True,False,False,False,True,True,True,False,True,False,False,False,False,True,True,True,False,False,False,False,False,False,False,False,0,0,274,0
185,2026-09-25T13:40:50.397497+00:00,2026-09-25T15:09:55.356914+00:00,98.005,True,False,False,False,True,False,True,False,True,False,False,False,False,False,False,False,False,False,False,False,False,False,False,True,True,True,False,False,True,True,False,False,False,False,False,False,True,False,False,False,True,False,True,False,False,False,False,True,False,False,False,False,True,True,True,True,False,False,False,True,True,True,False,True,False,False,False,False,True,True,True,False,False,False,False,False,False,False,False,1,0,354,0
186,2026-09-25T13:40:50.876752+00:00,2026-09-25T15:09:55.835942+00:00,219.013,True,False,False,False,True,False,True,False,False,False,False,False,False,False,False,False,False,False,True,False,False,True,False,True,True,True,False,False,True,True,False,False,False,False,False,False,True,False,False,False,True,True,False,False,False,False,False,True,False,False,False,False,True,True,True,False,False,False,False,True,True,True,False,True,False,False,False,False,True,True,True,False,False,False,False,False,False,False,False,0,0,457,0
187,2026-09-25T13:40:51.334339+00:00,2026-09-25T15:09:56.284968+00:00,187.01100000000002,True,False,False,False,True,False,True,False,False,False,False,False,False,False,False,False,False,False,True,False,False,True,False,True,True,True,False,False,True,True,False,False,False,False,False,False,True,False,False,False,True,True,False,False,False,False,True,False,False,False,False,False,False,False,True,False,False,False,False,True,True,True,False,True,False,False,False,False,True,True,True,False,False,False,False,False,False,False,False,0,0,0,0
188,2026-09-25T13:40:51.723378+00:00,2026-09-25T15:09:56.665989+00:00,113.006,True,False,False,False,True,False,True,False,False,False,False,False,False,False,False,False,False,False,True,False,False,True,False,True,True,True,False,False,True,True,False,False,False,False,False,False,True,False,False,False,True,False,True,False,False,False,True,False,True,False,False,False,False,False,True,False,True,False,False,True,True,True,False,True,False,False,False,False,True,True,True,False,False,False,False,False,False,False,False,0,0,0,0
189,2026-09-25T13:40:52.127645+00:00,2026-09-25T15:09:57.064012+00:00,124.007,True,False,False,False,True,False,True,False,False,False,False,False,False,False,False,False,False,False,True,False,False,True,False,True,True,True,False,False,True,True,False,False,False,False,False,False,True,False,False,False,True,True,False,False,False,False,True,False,True,False,False,False,False,False,True,False,False,False,False,True,True,True,False,True,False,False,False,False,True,True,True,False,False,False,False,False,False,False,False,1,0,0,0
190,2026-09-25T13:40:52.505744+00:00,2026-09-25T15:09:57.448034+00:00,99.006,True,False,False,False,True,False,False,False,False,False,False,False,False,True,False,False,False,False,True,False,False,True,False,True,True,True,False,False,True,True,False,False,False,False,False,False,True,False,False,False,True,False,True,False,False,False,True,False,True,False,False,False,False,False,False,False,True,False,False,True,True,True,False,True,False,False,False,False,True,True,True,False,False,False,False,False,False,False,False,0,0,0,0
191,2026-09-25T13:40:52.869579+00:00,2026-09-25T15:09:57.811055+00:00,91.005,True,False,False,False,True,False,False,False,True,False,False,False,False,True,False,False,False,False,True,False,False,True,False,False,True,True,False,False,True,True,False,False,False,True,False,True,False,False,False,True,False,False,True,False,False,False,True,False,True,False,False,False,False,False,True,False,False,True,False,True,True,True,False,True,False,False,False,False,True,True,True,False,False,False,False,False,False,False,False,0,0,0,0
192,2026-09-25T13:40:53.220788+00:00,2026-09-25T15:09:58.172076+00:00,87.005,True,False,False,False,True,False,False,False,True,False,False,False,False,True,False,False,False,False,True,False,False,True,False,False,True,True,False,False,True,True,False,False,False,True,False,True,False,False,False,False,False,False,False,False,False,False,True,False,True,False,False,False,False,False,True,False,True,False,False,True,True,True,False,True,False,False,False,False,True,True,True,False,False,False,False,False,False,False,False,0,0,0,0
193,2026-09-25T13:40:53.643983+00:00,2026-09-25T15:09:58.525096+00:00,89.005,True,False,False,False,True,False,False,False,True,False,False,False,False,True,False,False,False,False,True,False,False,True,False,False,True,True,False,False,True,True,False,False,False,True,False,True,False,False,False,True,False,False,False,False,False,False,True,False,True,False,False,False,False,False,False,False,False,False,False,True,True,True,False,True,False,False,False,False,True,True,True,False,False,False,False,False,False,False,False,0,0,0,0
194,2026-09-25T13:40:53.991504+00:00,2026-09-25T15:09:58.948120+00:00,90.005,True,False,False,False,True,False,False,False,True,False,False,False,False,True,False,False,False,False,True,False,False,True,False,False,True,True,False,False,True,True,False,False,False,True,False,True,False,False,False,False,True,False,False,False,False,False,True,False,True,False,False,False,False,False,True,True,False,True,False,True,True,True,False,True,False,False,False,False,True,True,True,False,False,False,False,False,False,False,False,0,0,0,0
195,2026-09-25T13:40:54.362147+00:00,2026-09-25T15:09:59.316141+00:00,111.006,True,False,False,False,True,True,False,False,True,False,False,False,False,False,False,False,False,False,False,False,False,False,False,False,True,True,False,False,True,True,False,False,False,True,False,True,False,False,False,False,True,False,False,True,False,False,False,False,True,False,False,False,False,False,False,True,True,False,False,True,True,True,False,True,False,False,False,False,True,True,True,False,False,False,False,False,False,False,False,0,0,0,0
196,2026-09-25T13:40:54.757139+00:00,2026-09-25T15:09:59.717164+00:00,99.006,True,False,False,False,True,True,False,False,True,False,False,False,False,False,False,False,False,True,False,False,False,False,False,False,True,True,False,False,True,True,False,False,False,True,False,True,False,False,False,False,True,True,False,True,False,False,False,False,True,False,False,False,False,False,False,True,False,True,False,True,True,True,False,True,False,False,False,False,True,True,True,False,False,False,False,False,False,False,False,0,0,0,0
197,2026-09-25T13:40:55.123828+00:00,2026-09-25T15:10:00.082185+00:00,106.006,True,False,False,False,True,True,False,False,True,False,False,False,False,False,False,False,False,True,False,False,False,False,False,False,True,True,False,False,True,True,False,False,False,True,False,True,False,False,False,True,False,False,False,True,False,False,False,False,True,False,False,False,False,False,False,True,True,False,False,True,True,True,False,True,False,False,False,False,True,True,True,False,False,False,False,False,False,False,False,0,0,0,0
198,2026-09-25T13:40:55.492027+00:00,2026-09-25T15:10:00.446206+00:00,101.006,True,False,False,False,True,True,False,False,True,False,False,False,False,False,False,False,False,True,False,False,False,False,False,False,True,True,False,False,True,True,False,False,False,True,False,True,False,False,False,False,True,True,True,True,False,False,False,False,True,False,False,False,False,False,False,True,False,True,False,True,True,True,False,True,False,False,False,False,True,True,True,False,False,False,False,False,False,False,False,0,0,0,0
199,2026-09-25T13:40:55.851325+00:00,2026-09-25T15:10:00.811226+00:00,101.005,True,False,False,False,True,True,False,False,True,False,False,False,False,False,False,False,False,True,False,False,False,False,False,False,True,True,False,False,True,True,False,False,False,True,False,True,False,False,False,True,False,True,True,True,False,False,False,False,True,False,False,False,False,False,False,True,False,False,False,True,True,True,False,True,False,False,False,False,True,True,True,False,False,False,False,False,False,False,False,0,0,0,0
200,2026-09-25T13:40:56.208050+00:00,2026-09-25T15:10:01.152246+00:00,87.005,True,False,False,False,True,True,False,False,True,False,False,False,False,False,False,False,False,True,False,False,False,False,False,False,True,True,False,False,True,True,False,False,False,True,False,True,False,False,False,False,False,False,False,True,False,False,False,False,True,False,False,False,False,False,False,True,False,True,False,True,True,True,False,True,False,False,False,False,True,True,True,False,False,False,False,False,False,False,False,0,0,0,0
201,2026-09-25T13:40:56.549318+00:00,2026-09-25T15:10:01.509266+00:00,88.005,True,False,False,False,True,True,False,False,True,False,False,False,False,False,False,False,False,True,False,False,False,False,False,False,True,True,False,False,True,True,False,False,False,True,False,False,False,False,False,False,True,True,False,True,True,False,False,False,False,False,True,False,False,False,False,True,False,True,True,True,True,True,False,True,False,False,False,False,True,True,True,False,False,False,False,False,False,False,False,0,0,0,0
202,2026-09-25T13:40:56.898459+00:00,2026-09-25T15:10:01.852286+00:00,90.005,True,False,False,False,True,True,False,False,True,False,False,False,False,False,False,False,False,True,False,False,False,False,False,False,True,True,False,False,True,True,False,False,False,True,False,False,False,False,False,False,False,True,False,True,True,False,False,False,False,False,True,False,False,False,False,True,False,True,True,True,True,True,False,True,False,False,False,False,True,True,True,False,False,False,False,False,False,False,False,0,0,0,0
203,2026-09-25T13:40:57.249108+00:00,2026-09-25T15:10:02.208306+00:00,86.005,True,False,False,False,True,True,False,False,True,False,False,False,False,False,False,False,False,True,False,False,False,False,False,False,True,True,False,False,True,True,False,False,False,True,False,False,False,False,False,True,False,True,False,True,True,False,False,False,False,False,True,False,False,False,False,True,False,True,True,True,True,True,False,True,False,False,False,False,True,True,True,False,False,False,False,False,False,False,False,0,0,0,0
204,2026-09-25T13:40:57.621473+00:00,2026-09-25T15:10:02.571327+00:00,108.006,True,False,False,False,True,True,False,False,True,False,False,False,False,False,False,False,False,True,False,False,False,False,False,False,True,True,False,False,True,True,False,False,False,True,False,False,False,False,False,True,True,True,False,True,True,False,False,False,False,False,True,False,False,False,False,True,False,True,True,True,True,True,False,True,False,False,False,False,True,True,True,False,False,False,False,False,False,False,False,0,0,0,0
205,2026-09-25T13:40:57.969206+00:00,2026-09-25T15:10:02.928348+00:00,92.006,True,False,False,False,True,True,False,False,True,False,False,False,False,False,False,False,False,True,False,False,False,False,False,False,True,True,False,False,True,True,False,False,False,True,False,False,False,False,False,True,False,True,False,True,True,False,False,False,False,False,True,False,False,False,False,True,False,True,False,False,True,True,False,True,False,False,False,False,True,True,True,False,False,False,False,False,False,False,False,0,0,0,0
206,2026-09-25T13:40:58.369404+00:00,2026-09-25T15:10:03.270367+00:00,87.005,True,False,False,False,True,True,False,False,True,False,False,False,False,False,False,False,False,True,False,False,False,False,False,False,True,True,False,False,True,True,False,False,False,True,False,False,False,False,False,False,False,True,False,True,True,False,False,False,False,False,True,False,False,False,False,True,False,True,True,False,True,True,False,True,False,False,False,False,True,True,True,False,False,False,False,False,False,False,False,0,0,0,0
207,2026-09-25T13:40:58.760227+00:00,2026-09-25T15:10:03.697392+00:00,109.007,True,False,False,False,True,True,False,False,True,False,False,False,False,False,False,False,False,True,False,False,False,False,False,False,True,True,False,False,True,True,False,False,False,True,False,False,False,False,False,True,False,True,False,True,True,False,False,False,False,False,True,False,False,False,False,True,False,True,False,False,True,True,False,True,False,False,False,False,True,True,True,False,False,False,False,False,False,False,False,0,0,0,0
208,2026-09-25T13:40:59.123519+00:00,2026-09-25T15:10:04.070413+00:00,94.006,True,False,False,False,True,True,False,False,True,False,False,False,False,False,False,False,False,True,False,False,False,False,False,False,True,True,False,False,True,True,False,False,False,True,False,False,False,False,False,False,True,True,False,True,True,False,False,False,False,False,True,False,False,False,False,True,False,True,False,False,True,True,False,True,False,False,False,False,True,True,True,False,False,False,False,False,False,False,False,0,0,0,0
209,2026-09-25T13:40:59.494822+00:00,2026-09-25T15:10:04.452435+00:00,111.00699999999999,True,False,False,False,True,True,False,False,True,False,False,False,False,False,False,False,False,True,False,False,False,False,False,False,True,True,False,False,True,True,False,False,False,True,False,False,False,False,False,False,False,True,False,True,True,False,False,False,False,False,True,False,False,False,False,True,False,True,False,False,True,True,False,True,False,False,False,False,True,True,True,False,False,False,False,False,False,False,False,0,0,0,0
210,2026-09-25T13:40:59.858127+00:00,2026-09-25T15:10:04.816456+00:00,96.006,True,False,False,False,True,True,False,False,True,False,False,False,False,False,False,False,False,False,True,False,False,True,False,False,True,True,False,False,True,True,False,False,False,True,False,False,False,False,False,True,False,True,False,True,True,False,False,False,False,False,True,False,False,False,False,True,False,True,False,False,True,True,False,True,False,False,False,False,True,True,True,False,False,False,False,False,False,False,False,0,0,0,0
211,2026-09-25T13:41:00.255610+00:00,2026-09-25T15:10:05.214478+00:00,88.005,True,False,False,False,True,False,False,False,True,False,False,False,False,False,True,False,False,False,True,False,False,True,False,False,True,True,False,False,True,True,False,False,False,True,False,False,False,False,False,False,False,True,False,True,True,True,False,False,False,False,False,False,False,False,False,True,False,True,False,False,True,True,False,True,False,False,False,False,True,True,True,False,False,False,False,False,False,False,False,0,0,0,0
212,2026-09-25T13:41:00.716463+00:00,2026-09-25T15:10:05.662504+00:00,104.006,True,False,False,False,True,False,False,False,True,False,False,False,False,False,True,False,False,False,True,False,False,True,False,False,True,True,False,False,True,True,False,False,False,True,False,False,False,False,False,True,False,True,False,True,True,True,False,False,False,False,False,False,False,False,False,True,False,True,False,False,True,True,False,True,False,False,False,False,True,True,True,False,False,False,False,False,False,False,False,0,0,0,0
213,2026-09-25T13:41:01.161789+00:00,2026-09-25T15:10:06.114530+00:00,170.01,True,False,False,False,True,False,False,False,True,False,False,False,False,False,True,False,False,False,True,False,False,True,False,False,True,True,False,False,True,True,False,False,False,True,False,False,False,False,False,False,True,True,False,True,True,True,False,False,False,False,False,False,False,False,False,True,False,True,False,False,True,True,False,True,False,False,False,False,True,True,True,False,False,False,False,False,False,False,False,0,0,0,0
214,2026-09-25T13:41:01.699999+00:00,2026-09-25T15:10:06.569556+00:00,174.01,True,False,False,False,True,False,False,False,False,False,False,False,False,False,True,False,False,False,True,False,False,True,False,False,True,True,False,False,True,True,False,False,False,True,False,False,False,False,False,True,False,True,False,True,True,True,False,False,False,False,False,False,False,False,False,True,False,True,False,False,True,True,False,True,False,False,False,False,True,True,True,False,False,False,False,False,False,False,False,0,0,0,0
215,2026-09-25T13:41:02.054481+00:00,2026-09-25T15:10:07.010581+00:00,95.00500000000001,True,False,False,False,True,False,True,False,False,False,False,False,False,False,False,True,False,False,False,False,False,False,False,False,True,True,False,False,True,True,False,False,False,True,False,False,False,False,False,False,True,True,False,True,True,True,False,False,False,False,False,False,False,False,False,True,False,True,False,False,True,True,False,True,False,False,False,False,True,True,True,False,False,False,False,False,False,False,False,0,0,0,0
216,2026-09-25T13:41:02.484223+00:00,2026-09-25T15:10:07.363601+00:00,93.00500000000001,True,False,False,False,False,False,True,False,False,False,False,False,False,False,False,True,False,False,False,False,False,False,False,False,True,True,False,False,True,True,False,False,False,True,False,False,False,False,False,False,False,True,False,True,True,True,False,False,False,False,False,False,False,False,False,True,False,True,False,False,True,True,False,True,False,False,False,False,True,True,True,False,False,False,False,False,False,False,False,0,0,0,0
217,2026-09-25T13:41:02.850847+00:00,2026-09-25T15:10:07.801626+00:00,103.006,True,False,False,False,False,False,True,False,False,False,False,False,False,False,False,True,False,False,False,False,False,False,False,False,True,True,False,False,True,True,False,False,False,True,False,False,False,False,False,False,False,True,False,True,True,True,False,False,False,False,False,False,False,False,False,True,False,True,False,False,True,True,False,True,False,False,False,False,True,True,True,False,False,False,False,False,False,False,False,0,0,0,0
218,2026-09-25T13:41:03.218576+00:00,2026-09-25T15:10:08.163647+00:00,96.006,True,False,False,False,False,False,True,False,False,False,False,False,False,False,False,True,False,False,False,False,False,False,False,False,True,True,False,False,True,True,False,False,False,True,False,False,False,False,False,False,False,True,False,True,True,True,False,False,False,False,False,False,False,False,False,True,False,True,False,False,True,True,False,True,False,False,False,False,True,True,True,False,False,False,False,False,False,False,False,0,0,0,0
219,2026-09-25T13:41:03.587637+00:00,2026-09-25T15:10:08.532668+00:00,96.005,True,False,False,False,False,False,True,False,False,False,False,False,False,False,False,True,False,False,False,False,False,False,False,False,True,True,False,False,True,True,False,False,False,True,False,False,False,False,False,True,False,True,False,True,True,True,False,False,False,False,False,False,False,False,False,True,False,True,False,False,True,True,False,True,False,False,False,False,True,True,True,False,False,False,False,False,False,False,False,0,0,0,0
220,2026-09-25T13:41:03.998444+00:00,2026-09-25T15:10:08.957692+00:00,105.006,True,False,False,False,False,False,True,False,False,False,False,False,False,False,False,True,False,False,False,False,False,False,False,False,True,True,False,False,False,True,False,False,False,False,False,False,False,True,False,True,False,True,False,True,True,True,False,False,False,False,False,False,False,False,False,True,False,True,False,False,True,True,False,True,False,False,False,False,True,True,True,False,False,False,False,False,False,False,False,0,0,0,0
221,2026-09-25T13:41:04.427344+00:00,2026-09-25T15:10:09.371716+00:00,144.008,True,False,False,False,False,False,True,False,False,False,False,False,False,False,False,True,False,False,False,False,False,False,False,False,True,True,False,False,False,True,False,False,False,False,False,False,False,True,False,True,False,True,False,True,True,True,False,False,False,False,False,False,False,False,False,True,False,True,False,False,True,True,False,True,False,False,False,False,True,True,True,False,False,False,False,False,False,False,False,0,0,0,0
222,2026-09-25T13:41:04.871859+00:00,2026-09-25T15:10:09.730737+00:00,90.006,True,False,False,False,False,False,True,False,False,False,False,False,False,False,False,True,False,False,False,False,False,False,False,False,True,True,False,False,False,True,False,False,False,False,False,False,False,True,False,True,False,True,False,True,True,True,False,False,False,False,False,False,False,False,False,True,False,True,False,False,True,True,False,True,False,False,False,False,True,True,True,False,False,False,False,False,False,False,False,0,0,0,0
223,2026-09-25T13:41:05.220027+00:00,2026-09-25T15:10:10.176762+00:00,88.005,True,False,False,False,False,False,True,False,False,False,False,False,False,False,False,True,False,False,False,False,False,False,False,False,True,True,False,False,False,True,False,False,False,False,False,False,False,True,False,True,False,True,False,True,True,True,False,False,False,False,False,False,False,False,False,True,False,True,False,False,True,True,False,True,False,False,False,False,True,True,True,False,False,False,False,False,False,False,False,0,0,0,0
224,2026-09-25T13:41:05.695941+00:00,2026-09-25T15:10:10.543783+00:00,104.006,True,False,False,False,False,False,True,False,False,False,False,False,False,False,False,True,False,False,False,False,False,False,False,False,True,True,False,False,False,True,False,False,False,False,False,False,False,True,False,True,False,True,False,True,True,True,False,False,False,False,False,False,False,False,False,True,False,True,False,False,True,True,False,True,False,False,False,False,True,True,True,False,False,False,False,False,False,False,False,0,0,0,0
225,2026-09-25T13:41:06.039333+00:00,2026-09-25T15:10:10.997809+00:00,89.005,True,False,False,False,False,False,True,False,False,False,False,False,False,False,False,True,False,False,False,False,False,False,False,False,True,True,False,False,False,True,False,False,False,False,False,False,False,True,False,True,False,True,False,True,True,True,False,False,False,False,False,False,False,False,False,True,False,True,False,False,True,True,False,True,False,False,False,False,True,True,True,False,False,False,False,False,False,False,False,0,0,0,0
226,2026-09-25T13:41:06.389294+00:00,2026-09-25T15:10:11.344829+00:00,91.005,True,False,False,False,False,False,True,False,False,False,False,False,False,False,False,True,False,False,False,False,False,False,False,False,True,True,False,False,False,True,False,False,False,False,False,False,False,True,False,True,False,True,False,True,True,True,False,False,False,False,False,False,False,False,False,True,False,True,False,False,True,True,False,True,False,False,False,False,True,True,True,False,False,False,False,False,False,False,False,0,0,0,0
227,2026-09-25T13:41:06.799097+00:00,2026-09-25T15:10:11.744852+00:00,87.005,True,False,False,False,False,False,True,False,False,False,False,False,False,False,False,True,False,False,False,False,False,False,False,False,True,True,False,False,False,True,False,False,False,False,False,False,False,True,False,True,False,True,False,True,True,True,False,False,False,False,False,False,False,False,False,True,False,True,False,False,True,True,False,True,False,False,False,False,True,True,True,False,False,False,False,False,False,False,False,0,0,0,0
228,2026-09-25T13:41:07.187030+00:00,2026-09-25T15:10:12.125874+00:00,109.007,True,False,False,False,False,False,True,False,False,False,False,False,False,False,False,True,False,False,False,False,False,False,False,False,True,True,False,True,False,True,False,False,False,False,False,True,False,False,False,True,False,True,True,True,True,True,False,False,False,False,False,False,False,False,False,True,False,True,False,False,True,True,False,True,False,False,False,False,True,True,True,False,False,False,False,False,False,False,False,0,0,0,0
229,2026-09-25T13:41:07.558132+00:00,2026-09-25T15:10:12.492895+00:00,92.006,True,False,False,False,False,False,True,False,False,False,False,False,False,False,False,True,False,False,False,False,False,False,False,False,True,True,False,False,False,True,False,False,False,False,False,False,False,False,True,True,False,True,False,True,True,True,False,False,False,False,False,False,False,False,False,True,False,True,False,False,True,True,False,True,False,False,False,False,True,True,True,False,False,False,False,False,False,False,False,0,0,0,0
230,2026-09-25T13:41:07.963725+00:00,2026-09-25T15:10:12.893918+00:00,121.007,True,False,False,False,False,False,True,False,False,False,False,False,False,False,False,True,False,False,False,False,False,False,False,False,True,True,False,False,False,True,False,False,False,False,False,False,False,False,True,True,False,True,False,True,True,True,False,False,False,False,False,False,False,False,False,True,False,True,False,False,True,True,False,True,False,False,False,False,True,True,True,False,False,False,False,False,False,False,False,0,0,0,0
231,2026-09-25T13:41:08.339292+00:00,2026-09-25T15:10:13.273939+00:00,92.00500000000001,True,False,False,False,False,False,True,False,False,False,False,False,False,False,False,True,False,False,False,False,False,False,False,False,True,True,False,False,False,True,False,False,False,False,False,False,False,False,True,True,False,True,False,True,True,True,False,False,False,False,False,False,False,False,False,True,False,True,False,False,True,True,False,True,False,False,False,False,True,True,True,False,False,False,False,False,False,False,False,0,0,0,0
232,2026-09-25T13:41:08.752001+00:00,2026-09-25T15:10:13.707964+00:00,87.005,True,False,False,False,False,False,True,False,False,False,False,False,False,False,False,True,False,False,False,False,False,False,False,False,True,True,False,False,False,True,False,False,False,False,False,False,False,False,True,True,False,True,False,True,True,True,False,False,False,False,False,False,False,False,False,True,False,True,False,False,True,True,False,True,False,False,False,False,True,True,True,False,False,False,False,False,False,False,False,0,0,0,0
233,2026-09-25T13:41:09.105812+00:00,2026-09-25T15:10:14.058984+00:00,92.00500000000001,True,False,False,False,False,False,True,False,False,False,False,False,False,False,False,True,False,False,False,False,False,False,False,False,True,True,False,False,False,True,False,False,False,False,False,False,False,False,True,True,False,True,False,True,True,True,False,False,False,False,False,False,False,False,False,True,False,True,False,False,True,True,False,True,False,False,False,False,True,True,True,False,False,False,False,False,False,False,False,0,0,0,0
234,2026-09-25T13:41:09.463993+00:00,2026-09-25T15:10:14.411004+00:00,91.005,True,False,False,False,False,False,True,False,False,False,False,False,False,False,False,True,False,False,False,False,False,False,False,False,True,True,False,False,False,True,False,False,False,False,False,False,False,False,True,True,False,True,False,True,True,True,False,False,False,False,False,False,False,False,False,True,False,True,False,False,True,True,False,True,False,False,False,False,True,True,True,False,False,False,False,False,False,False,False,0,0,0,0
235,2026-09-25T13:41:09.829050+00:00,2026-09-25T15:10:14.767025+00:00,88.005,True,False,False,False,False,False,True,False,False,False,False,False,False,False,False,True,False,False,False,False,False,False,False,False,True,True,False,False,False,True,False,False,False,False,False,False,False,False,True,True,False,True,False,True,True,True,False,False,False,False,False,False,False,False,False,True,False,True,False,False,True,True,False,True,False,False,False,False,True,True,True,False,False,False,False,False,False,False,False,0,0,0,0
236,2026-09-25T13:41:10.199708+00:00,2026-09-25T15:10:15.135046+00:00,93.006,True,False,False,False,False,False,True,True,False,False,False,False,False,False,False,False,False,False,True,False,True,False,False,False,True,True,False,False,False,True,False,False,False,False,False,False,False,False,True,True,False,True,False,True,True,True,False,False,False,False,False,False,False,False,False,True,False,True,False,False,True,True,False,True,False,False,False,False,True,True,True,False,False,False,False,False,False,False,False,0,0,0,0
237,2026-09-25T13:41:10.554559+00:00,2026-09-25T15:10:15.511067+00:00,96.005,True,False,False,False,False,False,True,True,False,False,False,False,False,False,False,False,False,False,True,False,True,False,False,False,True,True,False,False,True,True,False,False,False,False,True,False,True,False,False,True,True,False,True,True,True,True,False,False,False,False,False,False,False,False,False,True,False,True,False,False,True,True,False,True,False,False,False,False,True,True,True,False,False,False,False,False,False,False,False,0,0,0,0
238,2026-09-25T13:41:10.905883+00:00,2026-09-25T15:10:15.862087+00:00,95.00500000000001,True,False,False,False,False,False,True,True,False,False,False,False,False,False,False,False,False,False,True,True,False,False,False,False,True,True,False,False,True,True,False,False,False,False,True,False,True,False,False,False,True,True,False,True,True,True,False,False,False,False,False,False,False,False,False,True,False,True,False,False,True,True,False,True,False,False,False,False,True,True,True,False,False,False,False,False,False,False,False,0,0,0,0
239,2026-09-25T13:41:11.332497+00:00,2026-09-25T15:10:16.239109+00:00,109.006,True,False,False,False,False,False,True,False,True,False,False,False,False,False,False,False,True,False,True,True,False,False,False,False,True,True,False,False,True,True,False,False,False,False,True,False,True,False,False,False,False,False,True,True,True,True,False,False,False,False,False,False,False,False,False,True,False,True,False,False,True,True,False,True,False,False,False,False,True,True,True,False,False,False,False,False,False,False,False,0,0,0,0
240,2026-09-25T13:41:11.823586+00:00,2026-09-25T15:10:16.771139+00:00,207.012,True,False,False,False,False,False,True,False,True,False,False,False,False,False,False,False,True,False,True,True,False,False,False,False,True,True,False,False,True,True,False,False,False,False,True,False,True,False,False,True,True,False,False,True,True,True,False,False,False,False,False,False,False,False,False,True,False,True,False,False,True,True,False,True,False,False,False,False,True,True,True,False,False,False,False,False,False,False,False,0,0,0,0
241,2026-09-25T13:41:12.194898+00:00,2026-09-25T15:10:17.139160+00:00,98.005,True,False,False,False,False,False,True,False,True,False,False,False,False,False,False,False,True,False,True,True,False,False,False,False,True,True,False,False,True,True,False,False,False,False,True,False,True,False,False,True,False,False,False,True,True,True,False,False,False,False,False,False,False,False,False,True,False,True,False,False,True,True,False,True,False,False,False,False,True,True,True,False,False,False,False,False,False,False,False,1,0,0,0
242,2026-09-25T13:41:12.569278+00:00,2026-09-25T15:10:17.502181+00:00,92.00500000000001,True,False,False,False,False,False,True,False,True,False,False,False,False,False,False,False,True,False,True,True,False,False,False,False,True,True,False,False,True,True,False,False,False,False,True,False,True,False,False,False,False,True,False,True,True,True,False,False,False,False,False,False,False,False,False,True,False,True,False,False,True,True,False,True,False,False,False,False,True,True,True,False,False,False,False,False,False,False,False,0,0,0,0
243,2026-09-25T13:41:12.961266+00:00,2026-09-25T15:10:17.878203+00:00,92.006,True,False,False,False,False,False,True,False,True,False,False,False,False,False,False,False,True,False,True,True,False,False,False,False,True,True,False,False,True,True,False,False,False,False,True,False,True,False,False,False,False,True,False,True,True,True,False,False,False,False,False,False,False,False,False,True,False,True,False,False,True,True,False,True,False,False,False,False,True,True,True,False,False,False,False,False,False,False,False,0,0,0,0
244,2026-09-25T13:41:13.312425+00:00,2026-09-25T15:10:18.268225+00:00,93.00500000000001,True,False,False,False,False,False,True,False,True,False,False,False,False,False,False,False,True,False,True,True,False,False,False,False,True,True,False,False,True,True,False,False,False,False,True,False,True,False,False,True,True,False,True,True,True,True,False,False,False,False,False,False,False,False,False,True,False,True,False,False,True,True,False,True,False,False,False,False,True,True,True,False,False,False,False,False,False,False,False,0,0,0,0
245,2026-09-25T13:41:13.673402+00:00,2026-09-25T15:10:18.631246+00:00,98.006,True,False,False,False,False,False,True,False,True,False,False,False,False,False,False,False,True,False,True,True,False,False,False,False,True,True,False,False,True,True,False,False,False,False,True,False,True,False,False,False,False,False,True,True,True,True,False,False,False,False,False,False,False,False,False,True,False,True,False,False,True,True,False,True,False,False,False,False,True,True,True,False,False,False,False,False,False,False,False,0,0,0,0
246,2026-09-25T13:41:14.033576+00:00,2026-09-25T15:10:18.992266+00:00,89.005,True,False,False,False,False,False,True,False,True,False,False,False,False,False,False,False,True,False,True,True,False,False,False,False,True,True,False,False,True,True,False,False,False,False,True,False,True,False,False,True,True,False,True,True,True,True,False,False,False,False,False,False,False,False,False,True,False,True,False,False,True,True,False,True,False,False,False,False,True,True,True,False,False,False,False,False,False,False,False,0,0,0,0
247,2026-09-25T13:41:14.412227+00:00,2026-09-25T15:10:19.370288+00:00,82.005,True,False,False,False,False,False,True,False,True,False,False,False,False,False,False,False,True,False,True,True,False,False,False,False,True,True,False,False,True,True,False,False,False,False,True,False,True,False,False,False,False,True,False,True,True,True,False,False,False,False,False,False,False,False,False,True,False,True,False,False,True,True,False,True,False,False,False,False,True,True,True,False,False,False,False,False,False,False,False,0,0,0,0
248,2026-09-25T13:41:14.792543+00:00,2026-09-25T15:10:19.751310+00:00,89.005,True,False,False,False,False,False,True,False,True,False,False,False,False,False,False,False,True,False,True,True,False,False,False,False,True,True,False,False,True,True,False,False,False,False,True,False,True,False,False,True,False,True,False,True,True,True,False,False,False,False,False,False,False,False,False,True,False,True,False,False,True,True,False,True,False,False,False,False,True,True,True,False,False,False,False,False,False,False,False,0,0,0,0
249,2026-09-25T13:41:15.136137+00:00,2026-09-25T15:10:20.094329+00:00,89.005,True,False,False,False,False,False,True,False,True,False,False,False,False,False,False,False,True,False,True,True,False,False,False,False,True,True,True,False,True,True,False,False,False,False,True,False,False,False,False,False,False,True,False,True,True,True,False,False,False,False,False,False,False,False,False,True,False,True,False,False,True,True,False,True,False,False,False,False,True,True,True,False,False,False,False,False,False,False,False,0,0,0,0
250,2026-09-25T13:41:15.498347+00:00,2026-09-25T15:10:20.440349+00:00,90.005,True,False,False,False,False,False,True,False,True,False,False,False,False,False,False,False,True,False,True,True,False,False,False,False,True,True,True,False,True,True,False,False,False,False,True,False,False,False,False,False,False,True,False,True,True,True,False,False,False,False,False,False,False,False,False,True,False,True,False,False,True,True,False,True,False,False,False,False,True,True,True,False,False,False,False,False,False,False,False,0,0,0,0
251,2026-09-25T13:41:15.900535+00:00,2026-09-25T15:10:20.830371+00:00,115.006,True,False,False,False,False,False,True,False,True,False,False,False,False,False,False,False,True,False,True,True,False,False,False,False,True,True,True,False,True,True,False,False,False,False,True,False,False,False,False,False,False,True,False,True,True,True,False,False,False,False,False,False,False,False,False,True,False,True,False,False,True,True,False,True,False,False,False,False,True,True,True,False,False,False,False,False,False,False,False,0,0,0,0
252,2026-09-25T13:41:16.256395+00:00,2026-09-25T15:10:21.207393+00:00,91.005,True,False,False,False,False,False,True,False,True,False,False,False,False,False,False,False,True,False,True,True,False,False,False,False,True,True,True,False,True,True,False,False,False,False,True,False,False,False,False,False,False,True,False,True,True,True,False,False,False,False,False,False,False,False,False,True,False,True,False,False,True,True,False,True,False,False,False,False,True,True,True,False,False,False,False,False,False,False,False,0,0,0,0
253,2026-09-25T13:41:16.724882+00:00,2026-09-25T15:10:21.681420+00:00,93.00500000000001,True,False,False,False,False,False,True,False,True,False,False,False,False,False,False,False,True,False,True,True,False,False,False,False,True,True,True,False,True,True,False,False,False,False,True,False,False,False,False,False,False,True,False,True,True,True,False,False,False,False,False,False,False,False,False,True,False,True,False,False,True,True,False,True,False,False,False,False,True,True,True,False,False,False,False,False,False,False,False,0,0,0,0
254,2026-09-25T13:41:17.078875+00:00,2026-09-25T15:10:22.028440+00:00,90.005,True,False,False,False,False,False,True,False,True,False,False,False,False,False,False,False,True,False,True,True,False,False,False,False,True,True,True,False,True,True,False,False,False,False,True,False,False,False,False,False,False,True,False,True,True,True,False,False,False,False,False,False,False,False,False,True,False,True,False,False,True,True,False,True,False,False,False,False,True,True,True,False,False,False,False,False,False,False,False,0,0,0,0
255,2026-09-25T13:41:17.454229+00:00,2026-09-25T15:10:22.412462+00:00,105.006,True,False,False,False,False,False,True,False,True,False,False,False,False,False,False,False,True,False,True,True,False,False,False,False,True,True,True,False,True,True,False,False,False,False,True,False,False,False,False,True,True,True,False,True,True,True,False,False,False,False,False,False,False,False,False,True,False,True,False,False,True,True,False,True,False,False,False,False,True,True,True,False,False,False,False,False,False,False,False,0,0,0,0
256,2026-09-25T13:41:17.803338+00:00,2026-09-25T15:10:22.757482+00:00,90.005,True,False,False,False,False,False,True,False,True,False,False,False,False,False,False,False,True,False,True,True,False,False,False,False,True,True,True,False,True,True,False,False,False,False,True,False,False,False,False,True,True,True,False,True,True,True,False,False,False,False,False,False,False,False,False,True,False,True,False,False,True,True,False,True,False,False,False,False,True,True,True,False,False,False,False,False,False,False,False,0,0,0,0
257,2026-09-25T13:41:18.151841+00:00,2026-09-25T15:10:23.103501+00:00,87.004,True,False,False,False,False,False,True,False,True,False,False,False,False,False,False,False,True,False,True,True,False,False,False,False,True,True,True,False,True,True,False,False,False,False,True,False,False,False,False,False,False,True,False,True,True,True,False,False,False,False,False,False,False,False,False,True,False,True,False,False,True,True,False,True,False,False,False,False,True,True,True,False,False,False,False,False,False,False,False,0,0,0,0
258,2026-09-25T13:41:18.513432+00:00,2026-09-25T15:10:23.454522+00:00,89.006,True,False,False,False,False,False,True,False,True,False,False,False,False,False,False,False,True,False,True,True,False,False,False,False,True,True,True,False,True,True,False,False,False,False,True,False,False,False,False,True,True,True,False,True,True,True,False,False,False,False,False,False,False,False,False,True,False,True,False,False,True,True,False,True,False,False,False,False,True,True,True,False,False,False,False,False,False,False,False,0,0,0,0
259,2026-09-25T13:41:18.896787+00:00,2026-09-25T15:10:23.836543+00:00,107.006,True,False,False,False,False,False,True,False,True,False,False,False,False,False,False,False,True,False,True,True,False,False,False,False,True,True,True,False,True,True,False,False,False,False,True,False,False,False,False,True,True,True,False,True,True,True,False,False,False,False,False,False,False,False,False,True,False,True,False,False,True,True,False,True,False,False,False,False,True,True,True,False,False,False,False,False,False,False,False,0,0,0,0
260,2026-09-25T13:41:19.254810+00:00,2026-09-25T15:10:24.212565+00:00,99.006,True,False,False,False,True,False,True,False,True,False,False,False,False,False,False,False,False,False,True,True,True,False,False,False,True,True,True,False,True,True,False,False,False,False,True,False,False,False,False,False,False,True,False,True,True,True,False,False,False,False,False,False,False,False,False,True,False,True,False,False,True,True,False,True,False,False,False,False,True,True,True,False,False,False,False,False,False,False,False,0,0,0,0
261,2026-09-25T13:41:19.689332+00:00,2026-09-25T15:10:24.570585+00:00,102.005,True,False,False,False,True,False,True,False,True,False,False,False,False,False,False,False,False,False,True,False,True,False,False,False,True,True,True,False,True,True,False,False,False,False,True,False,False,False,False,True,True,True,False,True,True,True,False,False,False,False,False,False,False,False,False,True,False,True,False,False,True,True,False,True,False,False,False,False,True,True,True,False,False,False,False,False,False,False,False,0,0,0,0
262,2026-09-25T13:41:20.106862+00:00,2026-09-25T15:10:25.024611+00:00,116.006,True,False,False,False,True,False,True,False,True,False,False,False,False,False,False,False,False,False,True,False,True,False,False,False,True,True,True,False,True,True,False,False,False,False,True,False,False,False,False,False,False,True,False,True,True,True,False,False,False,False,False,False,False,False,False,True,False,True,False,False,True,True,False,True,False,False,False,False,True,True,True,False,False,False,False,False,False,False,False,0,0,0,0
263,2026-09-25T13:41:20.511855+00:00,2026-09-25T15:10:25.445635+00:00,121.006,False,False,False,False,True,False,True,False,True,False,False,False,False,False,False,False,False,False,True,False,True,False,False,False,True,True,False,False,True,True,False,False,False,True,False,True,False,False,False,True,False,True,True,True,False,False,False,False,False,True,False,True,False,False,False,True,False,False,True,False,True,True,False,True,False,False,False,False,True,True,True,False,False,False,False,False,False,False,False,0,51,0,49
264,2026-09-25T13:41:20.903393+00:00,2026-09-25T15:10:25.853659+00:00,107.006,False,False,False,False,True,False,True,False,True,False,False,False,False,False,False,False,False,False,True,False,True,False,False,False,True,True,False,False,True,True,False,False,False,True,False,False,False,False,False,False,True,True,False,True,False,False,False,False,False,True,False,True,False,False,False,True,True,True,True,False,True,True,False,True,False,False,False,False,True,True,True,False,False,False,False,False,False,False,False,1,134,0,129
265,2026-09-25T13:41:21.273912+00:00,2026-09-25T15:10:26.231680+00:00,112.006,False,False,False,False,True,False,True,False,True,False,False,False,False,False,False,False,False,False,True,False,False,False,False,False,True,True,False,False,True,True,False,False,False,True,False,False,False,False,False,True,False,True,False,True,False,False,False,False,False,True,False,True,False,False,False,True,True,True,False,True,True,True,False,True,False,False,False,False,True,True,True,False,False,False,False,False,False,False,False,0,214,0,205
266,2026-09-25T13:41:21.803352+00:00,2026-09-25T15:10:26.751710+00:00,170.01,False,False,False,False,True,False,True,False,True,True,False,False,False,False,False,False,False,False,False,False,False,False,False,False,True,True,False,False,True,True,False,False,False,True,False,False,False,False,False,False,True,True,False,True,False,False,False,False,False,True,False,True,False,False,False,True,False,False,True,False,True,True,False,True,False,False,False,False,True,True,True,False,False,False,False,False,False,False,False,0,324,0,310
267,2026-09-25T13:41:22.192222+00:00,2026-09-25T15:10:27.150733+00:00,133.00799999999998,False,False,False,False,True,False,True,False,True,True,False,False,False,False,False,False,False,False,False,False,False,False,False,False,True,True,False,False,True,True,False,False,False,True,False,False,False,False,False,True,False,True,False,True,False,False,False,False,False,False,False,True,False,False,False,True,False,False,False,True,True,True,False,True,False,False,False,False,True,True,True,False,False,False,False,False,False,False,False,0,385,0,390
268,2026-09-25T13:41:22.555651+00:00,2026-09-25T15:10:27.496753+00:00,91.005,False,False,False,False,True,False,True,False,True,True,False,False,False,False,False,False,False,False,False,False,False,False,False,False,True,True,False,False,True,True,False,False,False,True,False,False,False,False,False,True,True,True,False,True,False,False,False,False,False,False,False,False,False,False,False,True,False,False,False,False,True,True,False,True,False,False,False,False,True,True,True,False,False,False,False,False,False,False,False,0,0,0,0
269,2026-09-25T13:41:22.920030+00:00,2026-09-25T15:10:27.867774+00:00,101.006,False,False,False,True,True,False,True,False,True,False,False,False,True,False,False,False,False,False,False,False,False,False,False,False,True,True,False,False,True,True,False,False,False,True,False,False,False,False,False,True,False,True,False,True,False,False,False,False,False,False,False,False,False,False,False,True,False,False,False,True,True,True,False,True,False,False,False,False,True,True,True,False,False,False,False,False,False,False,False,0,0,0,0
270,2026-09-25T13:41:23.278102+00:00,2026-09-25T15:10:28.227795+00:00,91.006,False,False,False,True,True,False,True,False,True,False,False,False,True,False,False,False,False,False,False,False,False,False,False,False,True,True,False,False,True,True,False,False,False,True,False,False,False,False,False,True,False,True,False,True,False,False,False,False,False,False,False,False,False,False,False,True,False,False,False,True,True,True,False,True,False,False,False,False,True,True,True,False,False,False,False,False,False,False,False,0,0,0,0
271,2026-09-25T13:41:23.714630+00:00,2026-09-25T15:10:28.581815+00:00,91.005,False,False,False,True,True,False,True,False,True,False,False,False,True,False,False,False,False,False,False,False,False,False,False,False,True,True,False,False,True,True,False,False,False,True,False,False,False,False,False,False,True,True,False,False,False,False,False,True,False,False,False,False,False,False,True,True,False,False,False,True,True,True,False,True,False,False,False,False,True,True,True,False,False,False,False,False,False,False,False,0,0,27,0
272,2026-09-25T13:41:24.068203+00:00,2026-09-25T15:10:29.025840+00:00,88.005,False,False,False,True,True,False,True,False,True,False,False,False,True,False,False,False,False,False,False,False,False,False,False,False,True,True,False,False,True,True,False,False,False,True,False,False,False,False,False,True,False,True,False,False,False,False,False,True,False,False,False,False,False,False,False,False,False,False,False,True,True,True,False,True,False,False,False,False,True,True,True,False,False,False,False,False,False,False,False,0,0,123,0
273,2026-09-25T13:41:24.423136+00:00,2026-09-25T15:10:29.371860+00:00,90.005,False,False,False,True,True,False,True,False,True,True,False,False,False,False,False,False,False,False,False,False,False,False,False,False,True,True,False,False,True,True,False,False,False,True,False,False,False,False,False,True,False,True,False,False,False,False,False,True,False,False,False,False,False,False,False,False,False,False,False,True,True,True,False,True,False,False,False,False,True,True,True,False,False,False,False,False,False,False,False,0,0,197,0
274,2026-09-25T13:41:24.795644+00:00,2026-09-25T15:10:29.751882+00:00,111.00699999999999,False,False,False,False,True,False,True,False,True,True,False,False,False,False,False,False,False,False,False,False,False,False,False,False,True,True,False,False,False,True,False,False,False,False,False,False,False,True,False,False,True,True,False,False,False,False,False,True,False,False,False,False,False,False,True,False,False,False,False,True,True,True,False,True,False,False,False,False,True,True,True,False,False,False,False,False,False,False,False,0,0,277,0
275,2026-09-25T13:41:25.141526+00:00,2026-09-25T15:10:30.093901+00:00,85.005,False,True,False,False,True,False,True,False,True,False,False,False,False,False,False,False,False,False,True,False,False,False,True,False,True,True,False,False,False,True,False,False,False,False,False,False,False,True,False,False,True,True,False,False,False,False,False,True,False,False,False,False,False,False,True,False,False,False,False,True,True,True,False,True,False,False,False,False,True,True,True,False,False,False,False,False,False,False,False,0,0,352,0
276,2026-09-25T13:41:25.490794+00:00,2026-09-25T15:10:30.448922+00:00,96.006,False,True,False,False,True,False,True,False,True,False,False,False,False,False,False,False,False,False,True,False,False,False,True,False,True,True,False,False,False,True,False,False,False,False,False,False,False,True,False,False,True,True,False,False,False,False,False,True,False,False,False,False,False,False,False,False,False,False,False,True,True,True,False,True,False,False,False,False,True,True,True,False,False,False,False,False,False,False,False,0,0,429,0
277,2026-09-25T13:41:25.847104+00:00,2026-09-25T15:10:30.804942+00:00,101.006,False,True,False,False,True,False,True,False,True,False,False,True,False,False,False,False,False,False,True,False,False,False,False,False,True,True,False,False,False,True,False,False,False,False,False,False,False,True,False,False,True,True,False,False,False,False,False,True,False,False,False,False,False,False,False,False,False,False,False,True,True,True,False,True,False,False,False,False,False,True,True,False,False,False,True,False,False,False,False,0,0,505,0
278,2026-09-25T13:41:26.248402+00:00,2026-09-25T15:10:31.200965+00:00,86.005,False,True,False,False,True,False,True,False,True,False,False,True,False,False,False,False,False,False,True,False,False,False,False,False,True,True,False,False,False,True,False,False,False,False,False,False,False,True,False,False,True,True,False,False,False,False,False,True,False,False,False,False,False,False,True,True,False,False,False,True,True,True,False,True,False,False,False,False,False,True,True,False,False,False,True,False,False,False,False,0,0,588,0
279,2026-09-25T13:41:26.623032+00:00,2026-09-25T15:10:31.564985+00:00,101.005,False,True,False,False,True,False,True,False,True,False,False,True,False,False,False,False,False,False,True,False,False,False,False,False,True,True,False,False,False,True,False,False,False,False,False,False,False,True,False,False,True,True,False,False,False,False,False,True,False,False,False,False,False,False,True,True,False,False,False,True,True,True,False,True,False,False,False,False,False,True,True,False,False,False,True,False,False,False,False,0,0,669,0
280,2026-09-25T13:41:27.016659+00:00,2026-09-25T15:10:31.965008+00:00,95.00500000000001,False,True,False,False,True,False,True,False,True,False,False,True,False,False,False,False,False,False,True,False,False,False,False,False,True,True,False,False,False,True,False,False,False,False,False,False,False,True,False,False,True,True,False,False,False,False,False,True,False,False,False,False,False,False,True,True,False,False,False,True,True,True,False,True,False,False,False,False,True,True,True,False,False,False,True,False,False,False,False,0,0,755,0
281,2026-09-25T13:41:27.417526+00:00,2026-09-25T15:10:32.341030+00:00,104.006,False,True,False,False,True,False,True,False,True,False,False,True,False,False,False,False,False,False,True,False,False,False,False,False,True,True,False,False,False,True,False,False,False,False,False,False,False,True,False,False,True,True,False,False,False,False,True,False,False,False,False,False,True,True,True,False,False,False,False,True,True,True,False,True,False,False,False,False,True,True,True,False,False,False,True,False,False,False,False,0,0,0,0
282,2026-09-25T13:41:27.785756+00:00,2026-09-25T15:10:32.743053+00:00,110.006,False,False,False,False,True,False,True,False,True,False,True,False,False,False,False,False,False,False,False,False,False,False,False,False,True,True,False,False,False,True,False,False,False,False,False,False,False,True,False,False,True,True,False,False,False,False,True,False,False,False,False,False,True,True,True,False,False,False,False,True,True,True,False,True,False,False,False,False,True,False,True,True,False,False,True,False,False,False,False,1,0,0,0
282,2026-09-25T13:41:27.785756+00:00,2026-09-25T15:10:32.743053+00:00,110.006,False,False,False,False,True,False,True,False,True,False,True,False,False,False,False,False,False,False,False,False,False,False,False,False,True,True,False,False,False,True,False,False,False,False,False,False,False,True,False,False,True,True,False,False,False,False,True,False,False,False,False,False,True,True,True,False,False,False,False,True,True,True,False,True,False,False,False,False,True,False,True,True,False,False,True,False,False,False,False,1,0,0,0
283,2026-09-25T13:41:28.138732+00:00,2026-09-25T15:10:33.096073+00:00,86.005,False,False,False,False,True,False,True,False,True,False,True,False,False,False,False,False,False,False,False,False,False,False,False,False,True,True,False,True,False,True,False,False,False,False,False,False,False,False,True,False,True,True,False,False,False,False,True,False,False,False,False,False,True,True,False,True,False,False,False,True,True,True,False,True,False,False,False,False,True,True,True,True,False,False,True,False,False,False,False,0,0,0,0
284,2026-09-25T13:41:28.490027+00:00,2026-09-25T15:10:33.440093+00:00,89.005,False,False,False,False,True,False,True,False,True,False,True,False,False,False,False,False,False,False,False,False,False,False,False,False,True,True,False,False,False,True,False,False,False,False,False,False,False,False,True,False,True,False,False,False,False,False,True,False,False,False,False,False,True,True,True,False,False,False,False,True,True,True,False,True,False,False,False,False,False,True,True,False,False,False,True,False,False,False,False,0,0,0,0
285,2026-09-25T13:41:28.890032+00:00,2026-09-25T15:10:33.812114+00:00,108.006,False,False,False,False,True,False,True,False,True,False,True,False,False,False,False,False,False,False,False,False,False,False,False,False,True,True,False,False,False,True,False,False,False,False,False,False,False,False,True,False,True,False,False,False,False,False,True,False,False,False,False,False,True,True,True,False,False,False,False,True,True,True,False,True,False,False,False,False,False,True,True,False,False,False,True,False,False,False,False,0,0,0,0
286,2026-09-25T13:41:29.252019+00:00,2026-09-25T15:10:34.204136+00:00,96.005,False,False,False,False,True,False,True,False,True,False,True,False,False,False,False,False,False,False,False,False,False,False,False,False,True,True,False,False,False,True,False,False,False,False,False,False,False,False,True,False,True,False,False,False,False,False,True,False,False,False,False,False,True,True,False,True,False,False,False,True,True,True,False,True,False,False,False,False,False,True,True,False,False,False,True,False,False,False,False,0,0,0,0
287,2026-09-25T13:41:29.608190+00:00,2026-09-25T15:10:34.560157+00:00,95.006,True,False,False,False,True,False,True,False,True,False,False,False,False,False,False,False,False,False,False,False,False,False,False,False,True,True,False,False,False,True,False,False,False,False,False,False,False,False,True,False,True,False,False,False,False,False,True,False,False,False,False,False,True,True,False,False,False,False,False,True,True,True,False,True,False,False,False,False,False,True,True,False,False,False,True,False,False,False,False,8,0,0,0
288,2026-09-25T13:41:29.969994+00:00,2026-09-25T15:10:34.922177+00:00,92.00500000000001,True,False,False,False,True,False,True,False,True,False,False,False,False,False,False,False,False,False,False,False,False,False,False,False,True,True,False,False,False,True,False,False,False,False,False,False,False,False,True,False,True,False,False,False,False,False,True,False,False,False,False,False,True,True,False,False,False,False,False,True,True,True,False,True,False,False,False,False,False,True,True,False,False,False,True,False,False,False,False,0,0,0,0
289,2026-09-25T13:41:30.433906+00:00,2026-09-25T15:10:35.389204+00:00,87.005,True,False,False,False,True,False,True,False,True,False,False,False,False,False,False,False,False,False,False,False,False,False,False,False,True,True,False,False,False,True,False,False,False,False,False,False,False,False,True,False,True,False,False,False,False,False,True,False,False,False,False,False,True,True,False,True,False,False,False,True,True,True,False,True,False,False,False,False,True,True,True,False,False,False,True,False,False,False,False,0,0,0,0
290,2026-09-25T13:41:30.895237+00:00,2026-09-25T15:10:35.837230+00:00,184.011,True,False,False,False,True,False,True,False,True,False,False,False,False,False,False,False,False,False,False,False,False,False,False,False,True,True,False,False,False,True,False,False,False,False,False,False,False,False,True,False,True,False,False,False,False,False,True,False,False,False,False,False,True,True,True,False,False,False,False,True,True,True,False,True,False,False,False,False,True,True,False,False,False,False,True,False,False,False,False,0,0,0,0
291,2026-09-25T13:41:31.267458+00:00,2026-09-25T15:10:36.225252+00:00,115.007,True,False,False,False,True,False,True,False,True,False,False,False,False,False,False,False,False,False,False,False,False,False,False,False,True,True,False,False,False,True,False,False,False,False,False,False,False,False,True,False,True,False,False,False,False,False,True,False,False,False,False,False,True,True,False,False,False,False,False,True,True,True,False,True,False,False,False,False,False,True,True,False,False,False,True,False,False,False,False,0,0,0,0
292,2026-09-25T13:41:31.639292+00:00,2026-09-25T15:10:36.597273+00:00,103.006,True,False,False,False,True,False,True,False,True,False,False,False,False,False,False,False,False,False,False,False,False,False,False,False,True,True,False,False,True,True,False,False,False,False,True,False,False,False,False,True,True,False,False,False,False,False,True,False,False,False,False,False,True,True,False,True,False,False,False,True,True,True,False,True,False,False,False,False,False,True,True,False,False,False,True,False,False,False,False,0,0,0,0
293,2026-09-25T13:41:32.128592+00:00,2026-09-25T15:10:37.085301+00:00,188.01100000000002,True,False,False,False,True,False,True,False,True,False,False,False,False,False,False,False,False,False,False,False,False,False,False,False,True,True,False,False,True,True,False,False,False,False,True,False,False,False,False,False,False,False,False,True,False,False,False,False,True,False,False,False,True,True,True,False,False,False,False,True,True,True,False,True,False,False,False,False,True,True,True,False,False,False,True,False,False,False,False,0,0,0,0
294,2026-09-25T13:41:32.506026+00:00,2026-09-25T15:10:37.458323+00:00,106.007,True,False,False,False,True,False,True,False,True,False,False,False,False,False,False,False,False,False,False,False,False,False,False,False,True,True,False,False,True,True,False,False,False,False,True,False,False,False,False,False,False,False,False,True,False,False,False,False,True,False,False,False,True,True,True,False,True,False,False,True,True,True,False,True,False,False,False,False,True,True,True,False,False,False,False,True,False,True,False,0,0,0,0
295,2026-09-25T13:41:32.851516+00:00,2026-09-25T15:10:37.809343+00:00,90.006,True,False,False,False,True,False,True,False,True,False,False,False,False,False,False,False,False,False,False,False,False,False,False,False,True,True,False,False,True,True,False,False,False,False,True,False,False,False,False,False,False,False,False,True,False,False,False,False,True,False,False,False,True,True,True,False,False,True,False,True,True,True,False,True,False,False,False,False,True,True,True,False,False,False,False,False,False,False,False,0,0,0,0
296,2026-09-25T13:41:33.237694+00:00,2026-09-25T15:10:38.195365+00:00,94.006,True,False,False,False,True,False,True,False,True,False,False,False,False,False,False,False,False,False,False,False,False,False,False,False,True,True,False,False,True,True,False,False,False,False,True,False,False,False,False,False,False,False,False,True,False,False,False,False,True,False,False,False,True,True,True,False,False,True,False,True,True,True,False,True,False,False,False,False,True,True,True,False,False,False,False,False,False,False,False,0,0,0,0
297,2026-09-25T13:41:33.711886+00:00,2026-09-25T15:10:38.639390+00:00,97.005,True,False,False,False,True,False,True,False,True,False,False,False,False,False,False,False,False,False,False,False,False,False,False,False,True,True,False,False,True,True,False,False,False,False,True,False,False,False,False,False,False,False,False,True,False,False,False,False,True,False,False,False,True,True,True,False,True,False,False,True,True,True,False,True,False,False,False,False,True,True,True,False,False,False,False,False,False,False,False,0,0,0,0
298,2026-09-25T13:41:34.070689+00:00,2026-09-25T15:10:39.018412+00:00,91.005,True,False,False,False,True,False,True,False,True,False,False,False,False,False,False,False,False,False,False,False,False,False,False,False,True,True,False,False,True,True,False,False,False,False,True,False,False,False,False,True,True,False,False,True,True,False,False,False,False,False,False,True,True,True,True,False,True,False,False,True,True,True,False,True,False,False,False,False,True,True,True,False,False,False,False,False,False,False,False,0,4,0,4
299,2026-09-25T13:41:34.469494+00:00,2026-09-25T15:10:39.386433+00:00,99.006,True,False,False,False,True,False,True,False,True,False,False,False,False,False,False,False,False,False,False,False,False,False,False,False,True,True,False,False,True,True,False,False,False,False,True,False,False,False,False,False,False,False,False,True,True,False,False,False,False,False,False,True,True,True,True,False,False,True,False,True,True,True,False,True,False,False,False,False,True,True,True,False,False,False,False,False,False,False,False,0,5,0,74
300,2026-09-25T13:41:34.817782+00:00,2026-09-25T15:10:39.770455+00:00,89.005,True,False,False,False,True,False,True,False,True,False,False,False,False,False,False,False,False,False,False,False,False,False,False,False,True,True,False,False,True,True,False,False,False,False,True,False,False,False,False,True,True,False,False,True,True,False,False,False,False,False,False,True,True,True,True,False,False,True,True,False,True,True,False,True,False,False,False,False,True,True,True,False,False,False,False,False,False,False,False,0,5,0,153
301,2026-09-25T13:41:35.181621+00:00,2026-09-25T15:10:40.116475+00:00,86.005,True,False,False,False,True,False,True,False,True,False,False,False,False,False,False,False,False,False,False,False,False,False,False,True,True,True,False,False,True,True,False,False,False,False,False,False,False,True,False,False,True,False,False,True,True,False,False,False,False,False,False,True,True,True,True,False,False,True,True,False,True,True,False,True,False,False,False,False,True,True,True,False,False,False,False,False,False,False,False,0,5,0,222
302,2026-09-25T13:41:35.569298+00:00,2026-09-25T15:10:40.521498+00:00,82.005,True,False,False,False,True,False,True,False,True,False,False,False,False,False,False,False,False,False,False,False,False,False,False,True,True,True,False,False,False,True,False,False,False,False,False,False,False,True,False,False,True,False,False,True,True,False,False,False,False,False,False,True,True,True,True,False,False,True,True,False,True,True,False,True,False,False,False,False,True,True,True,False,False,False,False,False,False,False,False,0,5,0,303
303,2026-09-25T13:41:35.933620+00:00,2026-09-25T15:10:40.872518+00:00,90.005,True,False,False,False,True,False,True,False,True,False,False,False,False,False,False,False,False,False,False,False,False,False,False,True,True,True,False,False,False,True,False,False,False,False,False,False,False,True,False,False,True,False,False,True,True,False,False,False,False,False,False,True,True,True,True,False,False,True,True,False,True,True,False,True,False,False,False,False,True,True,True,False,False,False,False,False,False,False,False,0,5,0,373
304,2026-09-25T13:41:36.290488+00:00,2026-09-25T15:10:41.238539+00:00,90.005,True,False,False,False,True,False,True,False,True,False,False,False,False,False,False,False,False,False,False,False,False,False,False,True,True,True,False,False,False,True,False,False,False,False,False,False,False,True,False,False,True,False,False,True,True,False,False,False,False,False,False,True,True,True,True,False,False,True,True,False,True,True,False,True,False,False,False,False,True,True,True,False,False,False,False,False,False,False,False,0,5,0,446
305,2026-09-25T13:41:36.647266+00:00,2026-09-25T15:10:41.591559+00:00,88.005,True,False,False,False,True,False,True,False,True,False,False,False,False,False,False,False,False,False,False,False,False,False,False,True,True,True,False,False,False,True,False,False,False,False,False,False,False,True,False,False,True,False,False,True,True,False,False,False,False,False,False,True,True,True,True,False,False,True,True,False,True,True,False,True,False,False,False,False,True,True,True,False,False,False,False,False,False,False,False,0,5,0,514
306,2026-09-25T13:41:36.990608+00:00,2026-09-25T15:10:41.947579+00:00,88.005,True,False,False,False,True,False,True,False,True,False,False,False,False,False,False,False,False,False,False,False,False,False,False,True,True,True,False,False,False,True,False,False,False,False,False,False,False,True,False,False,True,False,False,True,True,False,False,False,False,False,False,True,True,True,True,False,False,True,True,False,True,True,False,True,False,False,False,False,True,True,True,False,False,False,False,False,False,False,False,0,5,0,587
307,2026-09-25T13:41:37.333741+00:00,2026-09-25T15:10:42.291599+00:00,88.005,True,False,False,False,True,False,True,False,True,False,False,False,False,False,False,False,False,False,False,False,False,False,False,True,True,True,False,False,False,True,False,False,False,False,False,False,False,True,False,False,True,False,False,True,True,False,False,False,False,False,False,True,True,True,True,False,False,True,True,False,True,True,False,True,False,False,False,False,True,True,True,False,False,False,False,False,False,False,False,0,5,0,655
308,2026-09-25T13:41:37.709081+00:00,2026-09-25T15:10:42.650620+00:00,93.006,True,False,False,False,True,False,True,False,True,False,False,False,False,False,False,False,False,False,False,False,False,False,False,True,True,True,False,False,False,True,False,False,False,False,False,False,False,True,False,False,True,False,False,True,True,False,False,False,False,False,False,True,True,True,True,False,False,True,False,True,True,True,False,True,False,False,False,False,True,True,True,False,False,False,False,False,False,False,False,0,5,0,727
309,2026-09-25T13:41:38.072178+00:00,2026-09-25T15:10:43.028641+00:00,99.006,True,False,False,False,True,False,True,False,True,False,False,False,False,False,False,False,False,False,False,False,False,False,False,True,True,True,False,False,False,True,False,False,False,False,False,False,False,True,False,False,True,False,False,True,True,False,False,False,False,False,False,True,True,True,True,False,False,True,True,False,True,True,False,True,False,False,False,False,True,True,True,False,False,False,False,False,False,False,False,0,5,0,802
310,2026-09-25T13:41:38.464816+00:00,2026-09-25T15:10:43.398662+00:00,92.00500000000001,True,False,False,False,True,False,True,False,True,False,False,False,False,False,False,False,False,False,False,False,False,False,False,True,True,True,False,True,False,True,False,False,False,False,False,True,False,False,False,False,True,False,False,True,True,False,False,False,False,False,False,True,True,True,True,False,False,True,False,False,True,True,False,True,False,False,False,False,True,True,True,False,False,False,False,False,False,False,False,0,5,0,874
311,2026-09-25T13:41:38.898059+00:00,2026-09-25T15:10:43.852688+00:00,175.01,True,False,False,False,True,False,True,False,True,False,False,False,False,False,False,False,False,False,False,False,False,False,False,True,True,True,False,True,False,True,False,False,False,False,False,True,False,False,False,False,True,False,True,True,False,False,False,False,False,True,False,False,True,True,True,False,False,False,False,True,True,True,False,True,False,False,False,False,True,True,True,False,False,False,False,False,False,False,False,0,68,0,903
312,2026-09-25T13:41:39.270431+00:00,2026-09-25T15:10:44.227710+00:00,82.005,True,False,False,False,True,False,True,False,True,False,False,False,False,False,False,False,False,False,False,False,False,False,False,True,True,True,False,True,False,True,False,False,False,False,False,True,False,False,False,False,True,True,True,True,False,False,False,False,False,True,False,False,True,True,True,False,False,False,False,True,True,True,False,True,False,False,False,False,True,True,True,False,False,False,False,False,False,False,False,0,146,0,903
313,2026-09-25T13:41:39.621030+00:00,2026-09-25T15:10:44.577730+00:00,91.005,True,False,False,False,True,False,True,False,True,False,False,False,False,False,False,False,False,False,False,False,False,False,False,True,True,True,False,True,False,True,False,False,False,False,False,True,False,False,False,False,True,False,False,True,False,False,False,False,False,False,False,False,True,True,True,False,True,False,False,True,True,True,False,True,False,False,False,False,True,True,True,False,False,False,False,False,False,False,False,0,0,0,0
314,2026-09-25T13:41:40.021219+00:00,2026-09-25T15:10:44.978753+00:00,92.006,True,False,False,False,True,False,True,False,True,False,False,False,False,False,False,False,False,False,False,False,False,False,False,True,True,True,False,True,False,True,False,False,False,False,False,True,False,False,False,False,True,False,False,True,False,False,False,False,False,False,False,False,True,True,True,False,True,False,False,True,True,True,False,True,False,False,False,False,True,True,True,False,False,False,False,False,False,False,False,0,0,0,0
315,2026-09-25T13:41:40.445308+00:00,2026-09-25T15:10:45.402777+00:00,92.00500000000001,True,False,False,False,True,False,True,False,True,False,False,False,False,False,False,False,False,False,False,False,False,False,False,True,True,True,False,True,False,True,False,False,False,False,False,True,False,False,False,False,True,True,True,True,False,False,False,False,False,False,False,False,True,True,True,False,True,False,False,True,True,True,False,True,False,False,False,False,True,True,True,False,False,False,False,False,False,False,False,0,0,0,0
316,2026-09-25T13:41:40.832387+00:00,2026-09-25T15:10:45.784799+00:00,97.006,True,False,False,False,True,False,True,False,True,False,False,False,False,False,False,False,False,False,False,False,False,False,False,True,False,True,False,True,False,True,False,False,False,False,False,True,False,False,False,False,True,False,False,True,False,False,False,False,False,False,False,False,True,True,True,False,True,False,False,True,True,True,False,True,False,False,False,False,True,True,True,False,False,False,False,False,False,False,False,0,0,0,0
317,2026-09-25T13:41:41.227485+00:00,2026-09-25T15:10:46.169821+00:00,104.006,True,False,False,False,True,False,True,False,True,False,False,False,False,False,False,False,False,False,False,False,False,False,False,True,False,True,False,True,False,True,False,False,False,False,False,True,False,False,False,False,True,True,True,True,False,False,False,False,False,False,False,False,True,True,True,False,True,False,False,True,True,True,False,True,False,False,False,False,True,True,True,False,False,False,False,False,False,False,False,0,0,0,0
318,2026-09-25T13:41:41.675299+00:00,2026-09-25T15:10:46.626847+00:00,120.007,True,False,False,False,True,False,True,False,True,False,False,False,False,False,False,False,False,False,False,False,False,False,False,True,False,True,False,True,False,True,False,True,False,False,False,False,False,False,False,False,True,False,False,True,False,False,False,False,False,False,False,False,True,True,True,False,True,False,False,True,True,True,False,True,False,False,False,False,True,True,True,False,False,False,False,False,False,False,False,0,0,0,0
319,2026-09-25T13:41:42.049944+00:00,2026-09-25T15:10:47.006869+00:00,98.006,True,False,False,False,True,False,True,False,True,False,False,False,False,False,False,False,False,False,False,False,False,False,False,True,True,True,False,True,False,True,False,True,False,False,False,False,False,False,False,False,True,True,False,True,False,False,False,False,False,False,False,False,True,True,True,False,True,False,False,True,True,True,False,True,False,False,False,False,True,True,True,False,False,False,False,False,False,False,False,0,0,0,0
320,2026-09-25T13:41:42.570302+00:00,2026-09-25T15:10:47.525898+00:00,166.009,True,False,False,False,True,False,True,False,True,False,False,False,False,False,False,False,False,False,False,False,False,False,False,True,True,False,False,True,False,True,False,False,False,False,False,False,False,False,False,False,True,True,False,False,False,False,False,True,False,False,False,False,True,True,False,True,True,False,False,True,True,True,False,True,False,False,False,False,True,True,True,False,False,False,False,False,False,False,False,0,0,69,0
321,2026-09-25T13:41:42.939222+00:00,2026-09-25T15:10:47.891919+00:00,83.00399999999999,True,False,False,False,True,False,True,False,True,False,False,False,False,False,False,False,False,False,False,False,False,False,False,True,True,False,False,True,False,True,False,False,False,False,False,False,False,False,False,False,True,True,False,False,False,False,False,True,False,False,False,False,True,True,True,True,True,False,False,True,True,True,False,True,False,False,False,False,True,True,True,False,False,False,False,False,False,False,False,0,0,147,0
322,2026-09-25T13:41:43.294472+00:00,2026-09-25T15:10:48.242939+00:00,86.005,True,False,False,False,True,False,True,False,True,False,False,False,False,False,False,False,False,False,False,False,False,False,False,True,True,False,False,True,False,True,False,False,False,False,False,False,False,False,False,False,True,True,False,False,False,False,True,False,False,False,False,False,False,False,False,True,True,False,False,True,True,True,False,True,False,False,False,False,True,True,True,False,False,False,False,False,False,False,False,0,0,0,0
323,2026-09-25T13:41:43.751505+00:00,2026-09-25T15:10:48.688965+00:00,157.00900000000001,True,False,False,False,True,False,True,False,True,False,False,False,False,False,False,False,False,False,False,False,False,False,False,True,True,False,False,True,False,True,False,False,False,False,False,False,False,False,False,False,True,True,False,False,False,False,True,False,True,False,False,False,False,False,False,True,False,True,False,True,True,True,False,True,False,False,False,False,True,True,True,False,False,False,False,False,False,False,False,0,0,0,0
324,2026-09-25T13:41:44.107617+00:00,2026-09-25T15:10:49.064986+00:00,89.005,True,False,False,False,True,False,True,False,True,False,False,False,False,False,False,False,False,False,False,False,False,False,False,True,True,False,False,True,False,True,False,False,True,False,False,False,False,False,False,False,True,True,False,True,False,False,False,False,True,False,False,False,False,False,False,False,True,False,False,True,True,True,False,True,False,False,False,False,True,True,True,False,False,False,False,False,False,False,False,0,0,0,0
325,2026-09-25T13:41:44.497089+00:00,2026-09-25T15:10:49.424007+00:00,89.005,True,False,False,False,True,False,True,False,True,False,False,False,False,False,False,False,False,False,False,False,False,False,False,True,True,True,False,True,False,True,False,False,True,False,False,False,False,False,False,False,True,True,False,True,True,False,False,False,False,False,True,False,False,False,False,False,False,False,False,False,True,True,False,True,False,False,False,False,True,True,True,False,False,False,False,False,False,False,False,0,0,0,0
326,2026-09-25T13:41:44.959483+00:00,2026-09-25T15:10:49.899034+00:00,143.008,True,False,False,False,True,False,True,False,True,False,False,False,False,False,False,False,False,False,False,False,False,False,False,True,False,True,False,True,False,True,False,False,False,False,False,False,True,False,False,False,True,False,True,True,True,False,False,False,False,False,True,False,False,False,False,False,False,True,False,False,True,True,False,True,False,False,False,False,True,True,True,False,False,False,False,False,False,False,False,0,0,0,0
327,2026-09-25T13:41:45.319931+00:00,2026-09-25T15:10:50.271055+00:00,95.00500000000001,True,False,False,False,True,False,True,False,True,False,False,False,False,False,False,False,False,False,False,False,False,False,False,True,False,True,False,True,False,True,False,False,False,False,False,False,True,False,False,False,True,False,True,True,True,False,False,False,False,False,True,False,False,False,False,False,False,True,False,False,True,True,False,True,False,False,False,False,True,True,True,False,False,False,False,False,False,False,False,0,0,0,0
328,2026-09-25T13:41:45.688694+00:00,2026-09-25T15:10:50.632076+00:00,90.005,True,False,False,False,True,False,True,False,True,False,False,False,False,False,False,False,False,False,False,False,False,False,False,True,False,True,False,False,False,True,False,False,False,False,False,False,False,False,True,False,True,False,False,True,True,False,False,False,False,False,True,False,False,False,False,False,False,True,True,True,True,True,False,True,False,False,False,False,True,True,True,False,False,False,False,False,False,False,False,0,0,0,0
329,2026-09-25T13:41:46.049316+00:00,2026-09-25T15:10:50.995097+00:00,95.006,True,False,False,False,True,False,True,False,True,False,False,False,False,False,False,False,False,False,False,False,False,False,False,True,True,True,False,False,False,True,False,False,False,False,False,False,False,False,True,False,True,False,False,True,True,False,False,False,False,False,True,False,False,False,False,False,False,True,True,True,True,True,False,True,False,False,False,False,True,True,True,False,False,False,False,False,False,False,False,1,0,0,0
330,2026-09-25T13:41:46.417119+00:00,2026-09-25T15:10:51.348117+00:00,88.005,True,False,False,False,True,False,True,False,True,False,False,False,False,False,False,False,False,False,False,False,False,False,False,True,True,True,False,False,False,True,False,False,False,False,False,False,False,False,True,False,True,False,False,True,True,False,False,False,False,False,True,False,False,False,False,False,False,True,True,True,True,True,False,True,False,False,False,False,True,True,True,False,False,False,False,False,False,False,False,0,0,0,0
331,2026-09-25T13:41:46.776368+00:00,2026-09-25T15:10:51.732139+00:00,87.005,True,False,False,False,True,False,True,False,True,False,False,False,False,False,False,False,False,False,False,False,False,False,False,True,True,True,False,False,False,True,False,False,False,False,False,False,False,False,True,False,True,False,False,True,True,False,False,False,False,False,True,False,False,False,False,False,False,True,False,False,True,True,False,True,False,False,False,False,True,True,True,False,False,False,False,False,False,False,False,0,0,0,0
332,2026-09-25T13:41:47.135945+00:00,2026-09-25T15:10:52.083159+00:00,90.005,True,False,False,False,True,False,True,False,True,False,False,False,False,False,False,False,False,False,False,False,False,False,False,True,True,True,False,False,False,True,False,False,False,False,False,False,False,False,True,False,True,False,False,True,True,False,False,False,False,False,True,False,False,False,False,False,False,True,False,False,True,True,False,True,False,False,False,False,True,True,True,False,False,False,False,False,False,False,False,0,0,0,0
333,2026-09-25T13:41:47.529346+00:00,2026-09-25T15:10:52.463181+00:00,83.005,True,False,False,False,True,False,True,False,True,False,False,False,False,False,False,False,False,False,False,False,False,False,False,True,True,True,False,False,False,True,False,False,False,False,False,False,False,False,True,False,True,False,False,True,True,False,False,False,False,False,True,False,False,False,False,False,False,True,True,True,True,True,False,True,False,False,False,False,True,True,True,False,False,False,False,False,False,False,False,0,0,0,0
334,2026-09-25T13:41:47.879949+00:00,2026-09-25T15:10:52.836202+00:00,93.00500000000001,True,False,False,False,True,False,True,False,True,False,False,False,False,False,False,False,False,False,False,False,False,False,False,True,True,True,False,False,False,True,False,False,False,False,False,False,False,False,True,False,True,False,False,True,True,False,False,False,False,False,True,False,False,False,False,False,False,True,False,False,True,True,False,True,False,False,False,False,True,True,True,False,False,False,False,False,False,False,False,0,0,0,0
335,2026-09-25T13:41:48.225327+00:00,2026-09-25T15:10:53.178222+00:00,87.005,True,False,False,False,True,False,True,False,True,False,False,False,False,False,False,False,False,False,False,False,False,False,False,True,True,True,False,False,False,True,False,False,False,False,False,False,False,False,True,False,True,False,False,True,True,False,False,False,False,False,True,False,False,False,False,False,False,True,False,True,True,True,False,True,False,False,False,False,True,True,True,False,False,False,False,False,False,False,False,0,0,0,0
336,2026-09-25T13:41:48.623050+00:00,2026-09-25T15:10:53.547243+00:00,84.005,True,False,False,False,True,False,True,False,True,False,False,False,False,False,False,False,False,False,False,False,False,False,False,True,True,True,False,False,False,True,False,False,False,False,False,False,False,False,False,False,True,False,False,True,True,False,False,False,False,False,False,False,False,False,False,False,False,True,True,False,True,True,False,True,False,False,False,False,True,True,True,False,False,False,False,False,False,False,False,0,0,0,0
337,2026-09-25T13:41:48.973889+00:00,2026-09-25T15:10:53.930265+00:00,94.006,True,False,False,False,True,False,True,False,True,False,False,False,False,False,False,False,False,False,False,False,False,False,False,True,True,True,False,False,False,True,False,False,False,False,False,False,False,False,False,False,True,False,False,True,True,False,False,False,False,False,False,False,False,False,False,False,False,True,True,False,True,True,False,True,False,False,False,False,True,True,True,False,False,False,False,False,False,False,False,0,0,0,0
338,2026-09-25T13:41:49.382998+00:00,2026-09-25T15:10:54.272284+00:00,87.005,True,False,False,False,True,False,True,False,True,False,False,False,False,False,False,False,False,False,False,False,False,False,False,True,True,True,False,False,False,True,False,False,False,False,False,False,False,False,False,False,True,False,False,True,True,False,False,False,False,False,False,False,False,False,False,False,False,True,True,False,True,True,False,True,False,False,False,False,True,True,True,False,False,False,False,False,False,False,False,0,0,0,0
339,2026-09-25T13:41:49.781930+00:00,2026-09-25T15:10:54.714310+00:00,114.00699999999999,True,False,False,False,True,False,True,False,True,False,False,False,False,False,False,False,False,False,False,False,False,False,False,True,True,True,False,False,False,True,False,False,False,False,False,False,False,False,False,False,True,False,False,True,True,False,False,False,False,False,False,False,False,False,False,False,False,True,True,False,True,True,False,True,False,False,False,False,True,True,True,False,False,False,False,False,False,False,False,0,0,0,0
340,2026-09-25T13:41:50.139149+00:00,2026-09-25T15:10:55.084331+00:00,90.005,True,False,False,False,True,False,True,False,True,False,False,False,False,False,False,False,False,False,False,False,False,False,False,True,True,True,False,False,False,True,False,False,False,False,False,False,False,False,False,False,True,False,False,True,True,False,False,False,False,False,False,False,False,False,False,False,False,True,True,False,True,True,False,True,False,False,False,False,True,True,True,False,False,False,False,False,False,False,False,0,0,0,0
341,2026-09-25T13:41:50.584258+00:00,2026-09-25T15:10:55.462352+00:00,104.006,True,False,False,False,True,False,True,False,True,False,False,False,False,False,False,False,False,False,False,False,False,False,False,True,True,True,False,False,False,True,False,False,False,False,False,False,False,False,False,False,True,False,False,True,True,False,False,False,False,False,False,False,False,False,False,False,False,True,True,False,True,True,False,True,False,False,False,False,True,True,True,False,False,False,False,False,False,False,False,0,0,0,0
342,2026-09-25T13:41:50.958385+00:00,2026-09-25T15:10:55.913378+00:00,117.007,True,False,False,False,True,False,True,False,True,False,False,False,False,False,False,False,False,False,False,False,False,False,False,True,True,True,False,False,False,True,False,False,False,False,False,False,False,False,False,False,True,False,False,True,True,False,False,False,False,False,False,False,False,False,False,False,False,True,True,False,True,True,False,True,False,False,False,False,True,True,True,False,False,False,False,False,False,False,False,0,0,0,0
