snapshot_id,timestamp,source_timestamp_reference,sync_spread_ms,ms.turntable.transfer,ms.turntable.conveyor,ms.sensor.conveyor,ms.turntable.saw,ms.transfer.turntable,ms.oven.slider_inside,ms.oven.slider_outside,ms.transfer.oven,ms.sensor.oven,ms.motor.turntable_cw,ms.motor.turntable_ccw,ms.motor.conveyor,ms.motor.saw,ms.motor.slider_in,ms.motor.slider_out,ms.motor.transfer_oven,ms.motor.transfer_turntable,ms.process.burn,ms.air.compressor,ms.valve.vacuum,ms.valve.transfer,ms.valve.oven_door,ms.valve.ejector,hbw.ref.horizontal,hbw.sensor.inside,hbw.sensor.outside,hbw.ref.vertical,hbw.ref.cantilever_front,hbw.ref.cantilever_back,hbw.sensor.trail_bottom,hbw.sensor.trail_top,hbw.motor.conveyor_forward,hbw.motor.conveyor_backward,hbw.motor.crane_rack,hbw.motor.crane_conveyor,hbw.motor.crane_down,hbw.motor.crane_up,hbw.motor.cantilever_forward,hbw.motor.cantilever_backward,hbw.encoder.horizontal1,hbw.encoder.horizontal2,hbw.encoder.vertical1,hbw.encoder.vertical2,c.ref.vertical,c.ref.horizontal,c.ref.rotate,c.motor.up,c.motor.down,c.motor.backward,c.motor.forward,c.motor.cw,c.motor.ccw,c.air.compressor,c.valve.vacuum,c.encoder.vertical1,c.encoder.vertical2,c.encoder.horizontal1,c.encoder.horizontal2,c.encoder.rotate1,c.encoder.rotate2,pm.sensor.entry,pm.sensor.tool,pm.ref.top,pm.ref.bottom,pm.motor.conveyor_forward,pm.motor.conveyor_backward,pm.motor.tool_up,pm.motor.tool_down,sl.sensor.pulse,sl.sensor.before_color,sl.sensor.after_color,sl.sensor.white,sl.sensor.red,sl.sensor.blue,sl.motor.conveyor,sl.air.compressor,sl.valve.white,sl.valve.red,sl.valve.blue,sl.sensor.color_value,local.crane_coord_h,local.crane_coord_v,local.crane_coord_r,ms.turntable.transfer.source_ts,ms.turntable.conveyor.source_ts,ms.sensor.conveyor.source_ts,ms.turntable.saw.source_ts,ms.transfer.turntable.source_ts,ms.oven.slider_inside.source_ts,ms.oven.slider_outside.source_ts,ms.transfer.oven.source_ts,ms.sensor.oven.source_ts,ms.motor.turntable_cw.source_ts,ms.motor.turntable_ccw.source_ts,ms.motor.conveyor.source_ts,ms.motor.saw.source_ts,ms.motor.slider_in.source_ts,ms.motor.slider_out.source_ts,ms.motor.transfer_oven.source_ts,ms.motor.transfer_turntable.source_ts,ms.process.burn.source_ts,ms.air.compressor.source_ts,ms.valve.vacuum.source_ts,ms.valve.transfer.source_ts,ms.valve.oven_door.source_ts,ms.valve.ejector.source_ts,hbw.ref.horizontal.source_ts,hbw.sensor.inside.source_ts,hbw.sensor.outside.source_ts,hbw.ref.vertical.source_ts,hbw.ref.cantilever_front.source_ts,hbw.ref.cantilever_back.source_ts,hbw.sensor.trail_bottom.source_ts,hbw.sensor.trail_top.source_ts,hbw.motor.conveyor_forward.source_ts,hbw.motor.conveyor_backward.source_ts,hbw.motor.crane_rack.source_ts,hbw.motor.crane_conveyor.source_ts,hbw.motor.crane_down.source_ts,hbw.motor.crane_up.source_ts,hbw.motor.cantilever_forward.source_ts,hbw.motor.cantilever_backward.source_ts,hbw.encoder.horizontal1.source_ts,hbw.encoder.horizontal2.source_ts,hbw.encoder.vertical1.source_ts,hbw.encoder.vertical2.source_ts,c.ref.vertical.source_ts,c.ref.horizontal.source_ts,c.ref.rotate.source_ts,c.motor.up.source_ts,c.motor.down.source_ts,c.motor.backward.source_ts,c.motor.forward.source_ts,c.motor.cw.source_ts,c.motor.ccw.source_ts,c.air.compressor.source_ts,c.valve.vacuum.source_ts,c.encoder.vertical1.source_ts,c.encoder.vertical2.source_ts,c.encoder.horizontal1.source_ts,c.encoder.horizontal2.source_ts,c.encoder.rotate1.source_ts,c.encoder.rotate2.source_ts,pm.sensor.entry.source_ts,pm.sensor.tool.source_ts,pm.ref.top.source_ts,pm.ref.bottom.source_ts,pm.motor.conveyor_forward.source_ts,pm.motor.conveyor_backward.source_ts,pm.motor.tool_up.source_ts,pm.motor.tool_down.source_ts,sl.sensor.pulse.source_ts,sl.sensor.before_color.source_ts,sl.sensor.after_color.source_ts,sl.sensor.white.source_ts,sl.sensor.red.source_ts,sl.sensor.blue.source_ts,sl.motor.conveyor.source_ts,sl.air.compressor.source_ts,sl.valve.white.source_ts,sl.valve.red.source_ts,sl.valve.blue.source_ts,sl.sensor.color_value.source_ts,local.crane_coord_h.source_ts,local.crane_coord_v.source_ts,local.crane_coord_r.source_ts,analysis_timestamp,sample_interval_s,sample_rate_hz,region.HBW.active,region.Crane.active,region.MS.active,region.PM.active,region.SL.active,physical.ms.sensor.oven.active,physical.ms.sensor.conveyor.active,physical.sl.sensor.before_color.active,physical.sl.sensor.after_color.active,physical.sl.sensor.white.active,physical.sl.sensor.red.active,physical.sl.sensor.blue.active,physical.pm.sensor.entry.active,physical.pm.sensor.tool.active,physical.hbw.sensor.inside.active,physical.hbw.sensor.outside.active
1,2026-09-25 10:57:56.001354+00:00,2026-09-25 12:27:01.490881+00:00,142.00799999999998,True,False,False,False,True,False,True,False,False,False,False,False,False,False,False,False,False,False,True,False,False,True,False,True,True,True,False,False,True,True,False,False,False,False,False,False,True,False,False,False,False,False,True,False,False,False,True,False,True,False,False,False,False,False,True,False,False,False,True,False,True,True,False,True,False,False,False,False,True,True,True,True,True,True,False,False,False,False,False,0,0,0,0,2026-09-25 12:27:01.348873+00:00,2026-09-25 12:27:01.353873+00:00,2026-09-25 12:27:01.365874+00:00,2026-09-25 12:27:01.355874+00:00,2026-09-25 12:27:01.381875+00:00,2026-09-25 12:27:01.382875+00:00,2026-09-25 12:27:01.369874+00:00,2026-09-25 12:27:01.359874+00:00,2026-09-25 12:27:01.370874+00:00,2026-09-25 12:27:01.372875+00:00,2026-09-25 12:27:01.373875+00:00,2026-09-25 12:27:01.374875+00:00,2026-09-25 12:27:01.375875+00:00,2026-09-25 12:27:01.380875+00:00,2026-09-25 12:27:01.368874+00:00,2026-09-25 12:27:01.386875+00:00,2026-09-25 12:27:01.404876+00:00,2026-09-25 12:27:01.383875+00:00,2026-09-25 12:27:01.396876+00:00,2026-09-25 12:27:01.397876+00:00,2026-09-25 12:27:01.423877+00:00,2026-09-25 12:27:01.389876+00:00,2026-09-25 12:27:01.425878+00:00,2026-09-25 12:27:01.390876+00:00,2026-09-25 12:27:01.392876+00:00,2026-09-25 12:27:01.393876+00:00,2026-09-25 12:27:01.394876+00:00,2026-09-25 12:27:01.395876+00:00,2026-09-25 12:27:01.398876+00:00,2026-09-25 12:27:01.413877+00:00,2026-09-25 12:27:01.414877+00:00,2026-09-25 12:27:01.405876+00:00,2026-09-25 12:27:01.406877+00:00,2026-09-25 12:27:01.407877+00:00,2026-09-25 12:27:01.408877+00:00,2026-09-25 12:27:01.409877+00:00,2026-09-25 12:27:01.422877+00:00,2026-09-25 12:27:01.399876+00:00,2026-09-25 12:27:01.400876+00:00,2026-09-25 12:27:01.402876+00:00,2026-09-25 12:27:01.403876+00:00,2026-09-25 12:27:01.415877+00:00,2026-09-25 12:27:01.416877+00:00,2026-09-25 12:27:01.442879+00:00,2026-09-25 12:27:01.420877+00:00,2026-09-25 12:27:01.455879+00:00,2026-09-25 12:27:01.434878+00:00,2026-09-25 12:27:01.411877+00:00,2026-09-25 12:27:01.437878+00:00,2026-09-25 12:27:01.450879+00:00,2026-09-25 12:27:01.440878+00:00,2026-09-25 12:27:01.452879+00:00,2026-09-25 12:27:01.431878+00:00,2026-09-25 12:27:01.445879+00:00,2026-09-25 12:27:01.435878+00:00,2026-09-25 12:27:01.448879+00:00,2026-09-25 12:27:01.426878+00:00,2026-09-25 12:27:01.451879+00:00,2026-09-25 12:27:01.432878+00:00,2026-09-25 12:27:01.456879+00:00,2026-09-25 12:27:01.469880+00:00,2026-09-25 12:27:01.459880+00:00,2026-09-25 12:27:01.472880+00:00,2026-09-25 12:27:01.453879+00:00,2026-09-25 12:27:01.490881+00:00,2026-09-25 12:27:01.480881+00:00,2026-09-25 12:27:01.461880+00:00,2026-09-25 12:27:01.485881+00:00,2026-09-25 12:27:01.475880+00:00,2026-09-25 12:27:01.464880+00:00,2026-09-25 12:27:01.466880+00:00,2026-09-25 12:27:01.479881+00:00,2026-09-25 12:27:01.458879+00:00,2026-09-25 12:27:01.482881+00:00,2026-09-25 12:27:01.483881+00:00,2026-09-25 12:27:01.474880+00:00,2026-09-25 12:27:01.477881+00:00,2026-09-25 12:27:01.478881+00:00,2026-09-25 12:27:01.481881+00:00,2026-09-25 12:27:01.489881+00:00,2026-09-25 12:27:01.486881+00:00,2026-09-25 12:27:01.476881+00:00,2026-09-25 12:27:01.488881+00:00,2026-09-25 12:27:01.490881+00:00,,,True,True,True,False,False,True,True,False,False,False,False,False,False,False,False,False
4,2026-09-25 10:57:57.044951+00:00,2026-09-25 12:27:02.532941+00:00,95.006,True,False,False,False,True,False,False,False,True,False,False,False,False,True,False,False,False,False,True,False,False,True,False,True,True,True,True,False,True,True,False,False,False,True,False,True,False,False,False,False,False,False,False,False,False,False,True,False,True,False,False,False,False,False,True,False,False,True,True,False,True,True,False,True,False,False,False,False,True,True,True,True,True,True,False,False,False,False,False,0,0,0,0,2026-09-25 12:27:02.437935+00:00,2026-09-25 12:27:02.449936+00:00,2026-09-25 12:27:02.450936+00:00,2026-09-25 12:27:02.451936+00:00,2026-09-25 12:27:02.452936+00:00,2026-09-25 12:27:02.453936+00:00,2026-09-25 12:27:02.454936+00:00,2026-09-25 12:27:02.466937+00:00,2026-09-25 12:27:02.456937+00:00,2026-09-25 12:27:02.457937+00:00,2026-09-25 12:27:02.458937+00:00,2026-09-25 12:27:02.459937+00:00,2026-09-25 12:27:02.471937+00:00,2026-09-25 12:27:02.472937+00:00,2026-09-25 12:27:02.473938+00:00,2026-09-25 12:27:02.485938+00:00,2026-09-25 12:27:02.475938+00:00,2026-09-25 12:27:02.465937+00:00,2026-09-25 12:27:02.455937+00:00,2026-09-25 12:27:02.467937+00:00,2026-09-25 12:27:02.468937+00:00,2026-09-25 12:27:02.469937+00:00,2026-09-25 12:27:02.481938+00:00,2026-09-25 12:27:02.460937+00:00,2026-09-25 12:27:02.461937+00:00,2026-09-25 12:27:02.462937+00:00,2026-09-25 12:27:02.463937+00:00,2026-09-25 12:27:02.476938+00:00,2026-09-25 12:27:02.477938+00:00,2026-09-25 12:27:02.478938+00:00,2026-09-25 12:27:02.479938+00:00,2026-09-25 12:27:02.480938+00:00,2026-09-25 12:27:02.470937+00:00,2026-09-25 12:27:02.482938+00:00,2026-09-25 12:27:02.483938+00:00,2026-09-25 12:27:02.484938+00:00,2026-09-25 12:27:02.474938+00:00,2026-09-25 12:27:02.486938+00:00,2026-09-25 12:27:02.487938+00:00,2026-09-25 12:27:02.488938+00:00,2026-09-25 12:27:02.489938+00:00,2026-09-25 12:27:02.490939+00:00,2026-09-25 12:27:02.491939+00:00,2026-09-25 12:27:02.492939+00:00,2026-09-25 12:27:02.493939+00:00,2026-09-25 12:27:02.494939+00:00,2026-09-25 12:27:02.495939+00:00,2026-09-25 12:27:02.496939+00:00,2026-09-25 12:27:02.497939+00:00,2026-09-25 12:27:02.498939+00:00,2026-09-25 12:27:02.499939+00:00,2026-09-25 12:27:02.500939+00:00,2026-09-25 12:27:02.512940+00:00,2026-09-25 12:27:02.502939+00:00,2026-09-25 12:27:02.503939+00:00,2026-09-25 12:27:02.504939+00:00,2026-09-25 12:27:02.505939+00:00,2026-09-25 12:27:02.506939+00:00,2026-09-25 12:27:02.507939+00:00,2026-09-25 12:27:02.508940+00:00,2026-09-25 12:27:02.509940+00:00,2026-09-25 12:27:02.510940+00:00,2026-09-25 12:27:02.511940+00:00,2026-09-25 12:27:02.501939+00:00,2026-09-25 12:27:02.513940+00:00,2026-09-25 12:27:02.525941+00:00,2026-09-25 12:27:02.515940+00:00,2026-09-25 12:27:02.516940+00:00,2026-09-25 12:27:02.517940+00:00,2026-09-25 12:27:02.518940+00:00,2026-09-25 12:27:02.519940+00:00,2026-09-25 12:27:02.520940+00:00,2026-09-25 12:27:02.521940+00:00,2026-09-25 12:27:02.522940+00:00,2026-09-25 12:27:02.523940+00:00,2026-09-25 12:27:02.524940+00:00,2026-09-25 12:27:02.526941+00:00,2026-09-25 12:27:02.527941+00:00,2026-09-25 12:27:02.528941+00:00,2026-09-25 12:27:02.529941+00:00,2026-09-25 12:27:02.530941+00:00,2026-09-25 12:27:02.531941+00:00,2026-09-25 12:27:02.532941+00:00,2026-09-25 12:27:02.532941+00:00,1.043597,0.9582242953937199,True,True,True,False,False,False,True,False,False,False,False,False,False,False,False,False
6,2026-09-25 10:57:57.777841+00:00,2026-09-25 12:27:03.263983+00:00,98.006,True,False,False,False,True,False,False,False,True,False,False,False,False,True,False,False,False,False,True,False,False,True,False,False,True,True,False,False,True,True,False,False,False,True,False,False,False,False,False,False,True,True,False,False,False,False,True,False,True,False,False,False,False,False,True,False,False,True,True,False,True,True,False,True,False,False,False,False,True,True,True,True,True,True,False,False,False,False,False,0,0,0,0,2026-09-25 12:27:03.165977+00:00,2026-09-25 12:27:03.178978+00:00,2026-09-25 12:27:03.179978+00:00,2026-09-25 12:27:03.180978+00:00,2026-09-25 12:27:03.181978+00:00,2026-09-25 12:27:03.182978+00:00,2026-09-25 12:27:03.183978+00:00,2026-09-25 12:27:03.184978+00:00,2026-09-25 12:27:03.185978+00:00,2026-09-25 12:27:03.186978+00:00,2026-09-25 12:27:03.187978+00:00,2026-09-25 12:27:03.199979+00:00,2026-09-25 12:27:03.189979+00:00,2026-09-25 12:27:03.190979+00:00,2026-09-25 12:27:03.191979+00:00,2026-09-25 12:27:03.192979+00:00,2026-09-25 12:27:03.193979+00:00,2026-09-25 12:27:03.194979+00:00,2026-09-25 12:27:03.195979+00:00,2026-09-25 12:27:03.196979+00:00,2026-09-25 12:27:03.197979+00:00,2026-09-25 12:27:03.198979+00:00,2026-09-25 12:27:03.188978+00:00,2026-09-25 12:27:03.200979+00:00,2026-09-25 12:27:03.201979+00:00,2026-09-25 12:27:03.202979+00:00,2026-09-25 12:27:03.203979+00:00,2026-09-25 12:27:03.204979+00:00,2026-09-25 12:27:03.205979+00:00,2026-09-25 12:27:03.206979+00:00,2026-09-25 12:27:03.207980+00:00,2026-09-25 12:27:03.208980+00:00,2026-09-25 12:27:03.209980+00:00,2026-09-25 12:27:03.210980+00:00,2026-09-25 12:27:03.211980+00:00,2026-09-25 12:27:03.212980+00:00,2026-09-25 12:27:03.213980+00:00,2026-09-25 12:27:03.226981+00:00,2026-09-25 12:27:03.215980+00:00,2026-09-25 12:27:03.216980+00:00,2026-09-25 12:27:03.217980+00:00,2026-09-25 12:27:03.218980+00:00,2026-09-25 12:27:03.219980+00:00,2026-09-25 12:27:03.220980+00:00,2026-09-25 12:27:03.221980+00:00,2026-09-25 12:27:03.222980+00:00,2026-09-25 12:27:03.223980+00:00,2026-09-25 12:27:03.224981+00:00,2026-09-25 12:27:03.214980+00:00,2026-09-25 12:27:03.227981+00:00,2026-09-25 12:27:03.228981+00:00,2026-09-25 12:27:03.229981+00:00,2026-09-25 12:27:03.230981+00:00,2026-09-25 12:27:03.231981+00:00,2026-09-25 12:27:03.232981+00:00,2026-09-25 12:27:03.233981+00:00,2026-09-25 12:27:03.234981+00:00,2026-09-25 12:27:03.236981+00:00,2026-09-25 12:27:03.237981+00:00,2026-09-25 12:27:03.238981+00:00,2026-09-25 12:27:03.239981+00:00,2026-09-25 12:27:03.240981+00:00,2026-09-25 12:27:03.241981+00:00,2026-09-25 12:27:03.242982+00:00,2026-09-25 12:27:03.243982+00:00,2026-09-25 12:27:03.244982+00:00,2026-09-25 12:27:03.245982+00:00,2026-09-25 12:27:03.246982+00:00,2026-09-25 12:27:03.247982+00:00,2026-09-25 12:27:03.248982+00:00,2026-09-25 12:27:03.249982+00:00,2026-09-25 12:27:03.263983+00:00,2026-09-25 12:27:03.253982+00:00,2026-09-25 12:27:03.254982+00:00,2026-09-25 12:27:03.255982+00:00,2026-09-25 12:27:03.256982+00:00,2026-09-25 12:27:03.257982+00:00,2026-09-25 12:27:03.258982+00:00,2026-09-25 12:27:03.259983+00:00,2026-09-25 12:27:03.260983+00:00,2026-09-25 12:27:03.261983+00:00,2026-09-25 12:27:03.262983+00:00,2026-09-25 12:27:03.251982+00:00,2026-09-25 12:27:03.263983+00:00,0.73289,1.3644612424784073,True,True,True,False,False,False,True,False,False,False,False,False,False,False,False,False
7,2026-09-25 10:57:58.151485+00:00,2026-09-25 12:27:03.640004+00:00,113.006,True,False,False,False,True,False,False,False,True,False,False,False,False,True,False,False,False,False,True,False,False,True,False,False,True,True,False,False,True,True,False,False,False,True,False,False,False,False,False,False,True,True,False,False,False,False,True,False,True,False,False,False,False,False,False,True,False,True,True,False,True,True,False,True,False,False,False,False,True,True,True,True,True,True,False,False,False,False,False,1,0,0,0,2026-09-25 12:27:03.526998+00:00,2026-09-25 12:27:03.554999+00:00,2026-09-25 12:27:03.555999+00:00,2026-09-25 12:27:03.557000+00:00,2026-09-25 12:27:03.558000+00:00,2026-09-25 12:27:03.559000+00:00,2026-09-25 12:27:03.560000+00:00,2026-09-25 12:27:03.561000+00:00,2026-09-25 12:27:03.562000+00:00,2026-09-25 12:27:03.563000+00:00,2026-09-25 12:27:03.564000+00:00,2026-09-25 12:27:03.577001+00:00,2026-09-25 12:27:03.566000+00:00,2026-09-25 12:27:03.567000+00:00,2026-09-25 12:27:03.568000+00:00,2026-09-25 12:27:03.569000+00:00,2026-09-25 12:27:03.570000+00:00,2026-09-25 12:27:03.571000+00:00,2026-09-25 12:27:03.572000+00:00,2026-09-25 12:27:03.573000+00:00,2026-09-25 12:27:03.574000+00:00,2026-09-25 12:27:03.575001+00:00,2026-09-25 12:27:03.565000+00:00,2026-09-25 12:27:03.578001+00:00,2026-09-25 12:27:03.579001+00:00,2026-09-25 12:27:03.580001+00:00,2026-09-25 12:27:03.581001+00:00,2026-09-25 12:27:03.582001+00:00,2026-09-25 12:27:03.583001+00:00,2026-09-25 12:27:03.584001+00:00,2026-09-25 12:27:03.585001+00:00,2026-09-25 12:27:03.586001+00:00,2026-09-25 12:27:03.587001+00:00,2026-09-25 12:27:03.588001+00:00,2026-09-25 12:27:03.589001+00:00,2026-09-25 12:27:03.590001+00:00,2026-09-25 12:27:03.591001+00:00,2026-09-25 12:27:03.592002+00:00,2026-09-25 12:27:03.593002+00:00,2026-09-25 12:27:03.595002+00:00,2026-09-25 12:27:03.607002+00:00,2026-09-25 12:27:03.608002+00:00,2026-09-25 12:27:03.598002+00:00,2026-09-25 12:27:03.599002+00:00,2026-09-25 12:27:03.600002+00:00,2026-09-25 12:27:03.601002+00:00,2026-09-25 12:27:03.602002+00:00,2026-09-25 12:27:03.603002+00:00,2026-09-25 12:27:03.604002+00:00,2026-09-25 12:27:03.605002+00:00,2026-09-25 12:27:03.606002+00:00,2026-09-25 12:27:03.596002+00:00,2026-09-25 12:27:03.597002+00:00,2026-09-25 12:27:03.621003+00:00,2026-09-25 12:27:03.610003+00:00,2026-09-25 12:27:03.611003+00:00,2026-09-25 12:27:03.613003+00:00,2026-09-25 12:27:03.625003+00:00,2026-09-25 12:27:03.615003+00:00,2026-09-25 12:27:03.616003+00:00,2026-09-25 12:27:03.617003+00:00,2026-09-25 12:27:03.618003+00:00,2026-09-25 12:27:03.619003+00:00,2026-09-25 12:27:03.620003+00:00,2026-09-25 12:27:03.609002+00:00,2026-09-25 12:27:03.622003+00:00,2026-09-25 12:27:03.623003+00:00,2026-09-25 12:27:03.624003+00:00,2026-09-25 12:27:03.626003+00:00,2026-09-25 12:27:03.638004+00:00,2026-09-25 12:27:03.628004+00:00,2026-09-25 12:27:03.629004+00:00,2026-09-25 12:27:03.630004+00:00,2026-09-25 12:27:03.631004+00:00,2026-09-25 12:27:03.632004+00:00,2026-09-25 12:27:03.633004+00:00,2026-09-25 12:27:03.634004+00:00,2026-09-25 12:27:03.635004+00:00,2026-09-25 12:27:03.636004+00:00,2026-09-25 12:27:03.637004+00:00,2026-09-25 12:27:03.627004+00:00,2026-09-25 12:27:03.639004+00:00,2026-09-25 12:27:03.640004+00:00,2026-09-25 12:27:03.640004+00:00,0.373644,2.676344327755832,True,True,True,False,False,False,True,False,False,False,False,False,False,False,False,False
9,2026-09-25 10:57:58.986216+00:00,2026-09-25 12:27:04.401048+00:00,100.006,True,False,False,False,True,True,False,False,True,False,False,False,False,False,False,False,False,False,False,False,False,False,False,False,True,True,False,False,True,True,False,False,False,True,False,False,False,False,False,False,True,True,False,True,False,False,False,False,True,False,False,False,False,False,True,False,False,True,True,False,True,True,False,True,False,False,False,False,True,True,True,True,True,True,False,False,False,False,False,0,0,0,0,2026-09-25 12:27:04.301042+00:00,2026-09-25 12:27:04.313043+00:00,2026-09-25 12:27:04.315043+00:00,2026-09-25 12:27:04.329044+00:00,2026-09-25 12:27:04.318043+00:00,2026-09-25 12:27:04.319043+00:00,2026-09-25 12:27:04.320043+00:00,2026-09-25 12:27:04.321043+00:00,2026-09-25 12:27:04.322043+00:00,2026-09-25 12:27:04.323043+00:00,2026-09-25 12:27:04.324043+00:00,2026-09-25 12:27:04.325043+00:00,2026-09-25 12:27:04.326043+00:00,2026-09-25 12:27:04.328044+00:00,2026-09-25 12:27:04.317043+00:00,2026-09-25 12:27:04.330044+00:00,2026-09-25 12:27:04.331044+00:00,2026-09-25 12:27:04.332044+00:00,2026-09-25 12:27:04.333044+00:00,2026-09-25 12:27:04.334044+00:00,2026-09-25 12:27:04.335044+00:00,2026-09-25 12:27:04.336044+00:00,2026-09-25 12:27:04.337044+00:00,2026-09-25 12:27:04.338044+00:00,2026-09-25 12:27:04.339044+00:00,2026-09-25 12:27:04.340044+00:00,2026-09-25 12:27:04.341044+00:00,2026-09-25 12:27:04.342044+00:00,2026-09-25 12:27:04.355045+00:00,2026-09-25 12:27:04.345045+00:00,2026-09-25 12:27:04.346045+00:00,2026-09-25 12:27:04.347045+00:00,2026-09-25 12:27:04.348045+00:00,2026-09-25 12:27:04.349045+00:00,2026-09-25 12:27:04.350045+00:00,2026-09-25 12:27:04.351045+00:00,2026-09-25 12:27:04.352045+00:00,2026-09-25 12:27:04.353045+00:00,2026-09-25 12:27:04.354045+00:00,2026-09-25 12:27:04.344045+00:00,2026-09-25 12:27:04.356045+00:00,2026-09-25 12:27:04.357045+00:00,2026-09-25 12:27:04.358045+00:00,2026-09-25 12:27:04.371046+00:00,2026-09-25 12:27:04.361045+00:00,2026-09-25 12:27:04.362046+00:00,2026-09-25 12:27:04.363046+00:00,2026-09-25 12:27:04.376046+00:00,2026-09-25 12:27:04.365046+00:00,2026-09-25 12:27:04.366046+00:00,2026-09-25 12:27:04.367046+00:00,2026-09-25 12:27:04.368046+00:00,2026-09-25 12:27:04.369046+00:00,2026-09-25 12:27:04.370046+00:00,2026-09-25 12:27:04.360045+00:00,2026-09-25 12:27:04.372046+00:00,2026-09-25 12:27:04.373046+00:00,2026-09-25 12:27:04.375046+00:00,2026-09-25 12:27:04.377046+00:00,2026-09-25 12:27:04.378046+00:00,2026-09-25 12:27:04.379047+00:00,2026-09-25 12:27:04.380047+00:00,2026-09-25 12:27:04.381047+00:00,2026-09-25 12:27:04.382047+00:00,2026-09-25 12:27:04.383047+00:00,2026-09-25 12:27:04.384047+00:00,2026-09-25 12:27:04.385047+00:00,2026-09-25 12:27:04.386047+00:00,2026-09-25 12:27:04.387047+00:00,2026-09-25 12:27:04.388047+00:00,2026-09-25 12:27:04.389047+00:00,2026-09-25 12:27:04.390047+00:00,2026-09-25 12:27:04.391047+00:00,2026-09-25 12:27:04.392047+00:00,2026-09-25 12:27:04.393047+00:00,2026-09-25 12:27:04.394047+00:00,2026-09-25 12:27:04.395047+00:00,2026-09-25 12:27:04.396047+00:00,2026-09-25 12:27:04.397048+00:00,2026-09-25 12:27:04.398048+00:00,2026-09-25 12:27:04.399048+00:00,2026-09-25 12:27:04.400048+00:00,2026-09-25 12:27:04.401048+00:00,2026-09-25 12:27:04.401048+00:00,0.834731,1.1979907299477317,True,True,False,False,False,False,True,False,False,False,False,False,False,False,False,False
12,2026-09-25 10:58:00.214863+00:00,2026-09-25 12:27:05.704122+00:00,121.007,True,False,False,False,True,True,False,False,True,False,False,False,False,False,False,False,False,True,False,False,False,False,False,False,True,True,False,False,True,True,False,False,False,True,False,False,False,False,False,True,True,True,False,True,False,False,False,False,True,False,False,False,False,False,True,False,False,False,True,False,True,True,False,True,False,False,False,False,True,True,True,True,True,True,False,False,False,False,False,0,0,0,0,2026-09-25 12:27:05.583115+00:00,2026-09-25 12:27:05.587116+00:00,2026-09-25 12:27:05.591116+00:00,2026-09-25 12:27:05.589116+00:00,2026-09-25 12:27:05.595116+00:00,2026-09-25 12:27:05.593116+00:00,2026-09-25 12:27:05.597116+00:00,2026-09-25 12:27:05.599116+00:00,2026-09-25 12:27:05.601116+00:00,2026-09-25 12:27:05.603117+00:00,2026-09-25 12:27:05.605117+00:00,2026-09-25 12:27:05.607117+00:00,2026-09-25 12:27:05.609117+00:00,2026-09-25 12:27:05.611117+00:00,2026-09-25 12:27:05.613117+00:00,2026-09-25 12:27:05.615117+00:00,2026-09-25 12:27:05.617117+00:00,2026-09-25 12:27:05.619117+00:00,2026-09-25 12:27:05.621118+00:00,2026-09-25 12:27:05.623118+00:00,2026-09-25 12:27:05.639119+00:00,2026-09-25 12:27:05.626118+00:00,2026-09-25 12:27:05.628118+00:00,2026-09-25 12:27:05.629118+00:00,2026-09-25 12:27:05.630118+00:00,2026-09-25 12:27:05.631118+00:00,2026-09-25 12:27:05.634118+00:00,2026-09-25 12:27:05.635118+00:00,2026-09-25 12:27:05.636118+00:00,2026-09-25 12:27:05.637118+00:00,2026-09-25 12:27:05.638119+00:00,2026-09-25 12:27:05.625118+00:00,2026-09-25 12:27:05.640119+00:00,2026-09-25 12:27:05.641119+00:00,2026-09-25 12:27:05.642119+00:00,2026-09-25 12:27:05.643119+00:00,2026-09-25 12:27:05.644119+00:00,2026-09-25 12:27:05.645119+00:00,2026-09-25 12:27:05.646119+00:00,2026-09-25 12:27:05.647119+00:00,2026-09-25 12:27:05.677121+00:00,2026-09-25 12:27:05.651119+00:00,2026-09-25 12:27:05.652119+00:00,2026-09-25 12:27:05.653119+00:00,2026-09-25 12:27:05.655120+00:00,2026-09-25 12:27:05.656120+00:00,2026-09-25 12:27:05.657120+00:00,2026-09-25 12:27:05.658120+00:00,2026-09-25 12:27:05.659120+00:00,2026-09-25 12:27:05.660120+00:00,2026-09-25 12:27:05.662120+00:00,2026-09-25 12:27:05.649119+00:00,2026-09-25 12:27:05.665120+00:00,2026-09-25 12:27:05.666120+00:00,2026-09-25 12:27:05.667120+00:00,2026-09-25 12:27:05.668120+00:00,2026-09-25 12:27:05.670120+00:00,2026-09-25 12:27:05.684121+00:00,2026-09-25 12:27:05.673121+00:00,2026-09-25 12:27:05.674121+00:00,2026-09-25 12:27:05.675121+00:00,2026-09-25 12:27:05.676121+00:00,2026-09-25 12:27:05.679121+00:00,2026-09-25 12:27:05.680121+00:00,2026-09-25 12:27:05.696122+00:00,2026-09-25 12:27:05.682121+00:00,2026-09-25 12:27:05.683121+00:00,2026-09-25 12:27:05.672120+00:00,2026-09-25 12:27:05.700122+00:00,2026-09-25 12:27:05.687121+00:00,2026-09-25 12:27:05.689121+00:00,2026-09-25 12:27:05.704122+00:00,2026-09-25 12:27:05.693122+00:00,2026-09-25 12:27:05.694122+00:00,2026-09-25 12:27:05.695122+00:00,2026-09-25 12:27:05.681121+00:00,2026-09-25 12:27:05.697122+00:00,2026-09-25 12:27:05.698122+00:00,2026-09-25 12:27:05.699122+00:00,2026-09-25 12:27:05.686121+00:00,2026-09-25 12:27:05.701122+00:00,2026-09-25 12:27:05.702122+00:00,2026-09-25 12:27:05.691122+00:00,2026-09-25 12:27:05.704122+00:00,1.228647,0.8139034238475331,True,True,True,False,False,False,True,False,False,False,False,False,False,False,False,False
14,2026-09-25 10:58:00.930120+00:00,2026-09-25 12:27:06.419163+00:00,87.005,True,False,False,False,True,True,False,False,True,False,False,False,False,False,False,False,False,True,False,False,False,False,False,False,True,True,False,False,True,True,False,False,False,True,False,False,False,False,False,False,True,True,False,True,True,False,False,False,False,False,True,False,False,False,True,False,False,True,True,True,True,True,False,True,False,False,False,False,True,True,True,True,True,True,False,False,False,False,False,0,0,0,0,2026-09-25 12:27:06.332158+00:00,2026-09-25 12:27:06.336158+00:00,2026-09-25 12:27:06.346159+00:00,2026-09-25 12:27:06.349159+00:00,2026-09-25 12:27:06.339159+00:00,2026-09-25 12:27:06.340159+00:00,2026-09-25 12:27:06.341159+00:00,2026-09-25 12:27:06.342159+00:00,2026-09-25 12:27:06.343159+00:00,2026-09-25 12:27:06.344159+00:00,2026-09-25 12:27:06.356160+00:00,2026-09-25 12:27:06.337159+00:00,2026-09-25 12:27:06.347159+00:00,2026-09-25 12:27:06.348159+00:00,2026-09-25 12:27:06.338159+00:00,2026-09-25 12:27:06.350159+00:00,2026-09-25 12:27:06.351159+00:00,2026-09-25 12:27:06.352159+00:00,2026-09-25 12:27:06.353159+00:00,2026-09-25 12:27:06.354159+00:00,2026-09-25 12:27:06.355160+00:00,2026-09-25 12:27:06.345159+00:00,2026-09-25 12:27:06.357160+00:00,2026-09-25 12:27:06.358160+00:00,2026-09-25 12:27:06.359160+00:00,2026-09-25 12:27:06.360160+00:00,2026-09-25 12:27:06.361160+00:00,2026-09-25 12:27:06.362160+00:00,2026-09-25 12:27:06.374161+00:00,2026-09-25 12:27:06.364160+00:00,2026-09-25 12:27:06.365160+00:00,2026-09-25 12:27:06.366160+00:00,2026-09-25 12:27:06.367160+00:00,2026-09-25 12:27:06.368160+00:00,2026-09-25 12:27:06.369160+00:00,2026-09-25 12:27:06.370160+00:00,2026-09-25 12:27:06.382161+00:00,2026-09-25 12:27:06.372161+00:00,2026-09-25 12:27:06.373161+00:00,2026-09-25 12:27:06.375161+00:00,2026-09-25 12:27:06.376161+00:00,2026-09-25 12:27:06.377161+00:00,2026-09-25 12:27:06.378161+00:00,2026-09-25 12:27:06.379161+00:00,2026-09-25 12:27:06.380161+00:00,2026-09-25 12:27:06.381161+00:00,2026-09-25 12:27:06.371160+00:00,2026-09-25 12:27:06.383161+00:00,2026-09-25 12:27:06.384161+00:00,2026-09-25 12:27:06.385161+00:00,2026-09-25 12:27:06.386161+00:00,2026-09-25 12:27:06.387161+00:00,2026-09-25 12:27:06.388161+00:00,2026-09-25 12:27:06.389161+00:00,2026-09-25 12:27:06.390162+00:00,2026-09-25 12:27:06.402162+00:00,2026-09-25 12:27:06.392162+00:00,2026-09-25 12:27:06.393162+00:00,2026-09-25 12:27:06.394162+00:00,2026-09-25 12:27:06.395162+00:00,2026-09-25 12:27:06.396162+00:00,2026-09-25 12:27:06.397162+00:00,2026-09-25 12:27:06.398162+00:00,2026-09-25 12:27:06.399162+00:00,2026-09-25 12:27:06.400162+00:00,2026-09-25 12:27:06.401162+00:00,2026-09-25 12:27:06.391162+00:00,2026-09-25 12:27:06.403162+00:00,2026-09-25 12:27:06.415163+00:00,2026-09-25 12:27:06.405162+00:00,2026-09-25 12:27:06.406162+00:00,2026-09-25 12:27:06.407163+00:00,2026-09-25 12:27:06.408163+00:00,2026-09-25 12:27:06.409163+00:00,2026-09-25 12:27:06.410163+00:00,2026-09-25 12:27:06.411163+00:00,2026-09-25 12:27:06.412163+00:00,2026-09-25 12:27:06.419163+00:00,2026-09-25 12:27:06.414163+00:00,2026-09-25 12:27:06.404162+00:00,2026-09-25 12:27:06.416163+00:00,2026-09-25 12:27:06.417163+00:00,2026-09-25 12:27:06.418163+00:00,2026-09-25 12:27:06.419163+00:00,0.715257,1.3980988651631512,True,True,True,False,False,False,True,False,False,False,False,False,False,False,False,False
17,2026-09-25 10:58:01.999356+00:00,2026-09-25 12:27:07.488224+00:00,95.005,True,False,False,False,True,True,False,False,True,False,False,False,False,False,False,False,False,True,False,False,False,False,False,False,True,True,False,False,False,True,False,False,False,False,False,False,False,True,False,False,False,True,False,True,True,False,False,False,False,False,True,False,False,False,True,False,False,True,False,False,True,True,False,True,False,False,False,False,True,True,True,True,True,True,False,False,False,False,False,0,0,0,0,2026-09-25 12:27:07.393219+00:00,2026-09-25 12:27:07.404220+00:00,2026-09-25 12:27:07.405220+00:00,2026-09-25 12:27:07.406220+00:00,2026-09-25 12:27:07.407220+00:00,2026-09-25 12:27:07.408220+00:00,2026-09-25 12:27:07.409220+00:00,2026-09-25 12:27:07.410220+00:00,2026-09-25 12:27:07.411220+00:00,2026-09-25 12:27:07.423221+00:00,2026-09-25 12:27:07.413220+00:00,2026-09-25 12:27:07.414220+00:00,2026-09-25 12:27:07.415220+00:00,2026-09-25 12:27:07.416220+00:00,2026-09-25 12:27:07.417220+00:00,2026-09-25 12:27:07.418220+00:00,2026-09-25 12:27:07.419220+00:00,2026-09-25 12:27:07.420220+00:00,2026-09-25 12:27:07.421221+00:00,2026-09-25 12:27:07.422221+00:00,2026-09-25 12:27:07.424221+00:00,2026-09-25 12:27:07.425221+00:00,2026-09-25 12:27:07.426221+00:00,2026-09-25 12:27:07.427221+00:00,2026-09-25 12:27:07.428221+00:00,2026-09-25 12:27:07.429221+00:00,2026-09-25 12:27:07.430221+00:00,2026-09-25 12:27:07.431221+00:00,2026-09-25 12:27:07.432221+00:00,2026-09-25 12:27:07.433221+00:00,2026-09-25 12:27:07.446222+00:00,2026-09-25 12:27:07.435221+00:00,2026-09-25 12:27:07.436221+00:00,2026-09-25 12:27:07.449222+00:00,2026-09-25 12:27:07.450222+00:00,2026-09-25 12:27:07.451222+00:00,2026-09-25 12:27:07.452222+00:00,2026-09-25 12:27:07.442222+00:00,2026-09-25 12:27:07.443222+00:00,2026-09-25 12:27:07.444222+00:00,2026-09-25 12:27:07.445222+00:00,2026-09-25 12:27:07.434221+00:00,2026-09-25 12:27:07.447222+00:00,2026-09-25 12:27:07.448222+00:00,2026-09-25 12:27:07.437221+00:00,2026-09-25 12:27:07.438221+00:00,2026-09-25 12:27:07.440222+00:00,2026-09-25 12:27:07.441222+00:00,2026-09-25 12:27:07.453222+00:00,2026-09-25 12:27:07.454222+00:00,2026-09-25 12:27:07.455222+00:00,2026-09-25 12:27:07.456223+00:00,2026-09-25 12:27:07.457223+00:00,2026-09-25 12:27:07.458223+00:00,2026-09-25 12:27:07.459223+00:00,2026-09-25 12:27:07.460223+00:00,2026-09-25 12:27:07.461223+00:00,2026-09-25 12:27:07.473223+00:00,2026-09-25 12:27:07.463223+00:00,2026-09-25 12:27:07.464223+00:00,2026-09-25 12:27:07.465223+00:00,2026-09-25 12:27:07.466223+00:00,2026-09-25 12:27:07.467223+00:00,2026-09-25 12:27:07.468223+00:00,2026-09-25 12:27:07.469223+00:00,2026-09-25 12:27:07.470223+00:00,2026-09-25 12:27:07.482224+00:00,2026-09-25 12:27:07.472223+00:00,2026-09-25 12:27:07.474224+00:00,2026-09-25 12:27:07.475224+00:00,2026-09-25 12:27:07.476224+00:00,2026-09-25 12:27:07.477224+00:00,2026-09-25 12:27:07.478224+00:00,2026-09-25 12:27:07.479224+00:00,2026-09-25 12:27:07.480224+00:00,2026-09-25 12:27:07.481224+00:00,2026-09-25 12:27:07.471223+00:00,2026-09-25 12:27:07.483224+00:00,2026-09-25 12:27:07.484224+00:00,2026-09-25 12:27:07.485224+00:00,2026-09-25 12:27:07.486224+00:00,2026-09-25 12:27:07.487224+00:00,2026-09-25 12:27:07.488224+00:00,2026-09-25 12:27:07.488224+00:00,1.069236,0.9352472232509941,True,True,True,False,False,False,True,False,False,False,False,False,False,False,False,False
20,2026-09-25 10:58:03.126479+00:00,2026-09-25 12:27:08.615289+00:00,84.005,True,False,False,False,True,True,False,False,True,False,False,False,False,False,False,False,False,True,False,False,False,False,False,False,True,True,False,False,False,True,False,False,False,False,False,False,False,True,False,False,False,True,False,True,True,False,False,False,False,False,True,False,False,False,True,False,False,True,False,True,True,True,False,True,False,False,False,False,True,True,True,True,True,True,False,False,False,False,False,0,0,0,0,2026-09-25 12:27:08.531284+00:00,2026-09-25 12:27:08.539284+00:00,2026-09-25 12:27:08.533284+00:00,2026-09-25 12:27:08.534284+00:00,2026-09-25 12:27:08.535284+00:00,2026-09-25 12:27:08.536284+00:00,2026-09-25 12:27:08.537284+00:00,2026-09-25 12:27:08.538284+00:00,2026-09-25 12:27:08.532284+00:00,2026-09-25 12:27:08.540285+00:00,2026-09-25 12:27:08.541285+00:00,2026-09-25 12:27:08.542285+00:00,2026-09-25 12:27:08.554285+00:00,2026-09-25 12:27:08.544285+00:00,2026-09-25 12:27:08.545285+00:00,2026-09-25 12:27:08.546285+00:00,2026-09-25 12:27:08.547285+00:00,2026-09-25 12:27:08.548285+00:00,2026-09-25 12:27:08.549285+00:00,2026-09-25 12:27:08.550285+00:00,2026-09-25 12:27:08.551285+00:00,2026-09-25 12:27:08.552285+00:00,2026-09-25 12:27:08.553285+00:00,2026-09-25 12:27:08.543285+00:00,2026-09-25 12:27:08.555285+00:00,2026-09-25 12:27:08.556285+00:00,2026-09-25 12:27:08.568286+00:00,2026-09-25 12:27:08.558286+00:00,2026-09-25 12:27:08.559286+00:00,2026-09-25 12:27:08.560286+00:00,2026-09-25 12:27:08.561286+00:00,2026-09-25 12:27:08.562286+00:00,2026-09-25 12:27:08.563286+00:00,2026-09-25 12:27:08.564286+00:00,2026-09-25 12:27:08.565286+00:00,2026-09-25 12:27:08.566286+00:00,2026-09-25 12:27:08.567286+00:00,2026-09-25 12:27:08.557286+00:00,2026-09-25 12:27:08.569286+00:00,2026-09-25 12:27:08.570286+00:00,2026-09-25 12:27:08.571286+00:00,2026-09-25 12:27:08.573286+00:00,2026-09-25 12:27:08.574286+00:00,2026-09-25 12:27:08.575287+00:00,2026-09-25 12:27:08.576287+00:00,2026-09-25 12:27:08.577287+00:00,2026-09-25 12:27:08.578287+00:00,2026-09-25 12:27:08.579287+00:00,2026-09-25 12:27:08.580287+00:00,2026-09-25 12:27:08.581287+00:00,2026-09-25 12:27:08.582287+00:00,2026-09-25 12:27:08.583287+00:00,2026-09-25 12:27:08.584287+00:00,2026-09-25 12:27:08.585287+00:00,2026-09-25 12:27:08.586287+00:00,2026-09-25 12:27:08.587287+00:00,2026-09-25 12:27:08.599288+00:00,2026-09-25 12:27:08.589287+00:00,2026-09-25 12:27:08.590287+00:00,2026-09-25 12:27:08.591287+00:00,2026-09-25 12:27:08.592288+00:00,2026-09-25 12:27:08.593288+00:00,2026-09-25 12:27:08.594288+00:00,2026-09-25 12:27:08.595288+00:00,2026-09-25 12:27:08.596288+00:00,2026-09-25 12:27:08.597288+00:00,2026-09-25 12:27:08.598288+00:00,2026-09-25 12:27:08.588287+00:00,2026-09-25 12:27:08.600288+00:00,2026-09-25 12:27:08.601288+00:00,2026-09-25 12:27:08.602288+00:00,2026-09-25 12:27:08.615289+00:00,2026-09-25 12:27:08.604288+00:00,2026-09-25 12:27:08.606288+00:00,2026-09-25 12:27:08.607288+00:00,2026-09-25 12:27:08.608288+00:00,2026-09-25 12:27:08.609288+00:00,2026-09-25 12:27:08.610289+00:00,2026-09-25 12:27:08.611289+00:00,2026-09-25 12:27:08.612289+00:00,2026-09-25 12:27:08.613289+00:00,2026-09-25 12:27:08.614289+00:00,2026-09-25 12:27:08.603288+00:00,2026-09-25 12:27:08.615289+00:00,1.127123,0.8872146163284752,True,True,True,False,False,False,True,False,False,False,False,False,False,False,False,False
22,2026-09-25 10:58:03.927868+00:00,2026-09-25 12:27:09.383333+00:00,112.007,True,False,False,False,True,True,False,False,True,False,False,False,False,False,False,False,False,True,False,False,False,False,False,False,True,True,False,False,False,True,False,False,False,False,False,False,False,True,False,False,False,True,False,True,True,False,False,False,False,False,True,False,False,False,True,False,False,True,True,True,True,True,False,True,False,False,False,False,True,True,True,True,True,True,False,False,False,False,False,0,0,0,0,2026-09-25 12:27:09.271326+00:00,2026-09-25 12:27:09.299328+00:00,2026-09-25 12:27:09.300328+00:00,2026-09-25 12:27:09.301328+00:00,2026-09-25 12:27:09.302328+00:00,2026-09-25 12:27:09.303328+00:00,2026-09-25 12:27:09.304328+00:00,2026-09-25 12:27:09.305328+00:00,2026-09-25 12:27:09.306328+00:00,2026-09-25 12:27:09.307328+00:00,2026-09-25 12:27:09.308328+00:00,2026-09-25 12:27:09.309329+00:00,2026-09-25 12:27:09.321329+00:00,2026-09-25 12:27:09.311329+00:00,2026-09-25 12:27:09.312329+00:00,2026-09-25 12:27:09.313329+00:00,2026-09-25 12:27:09.314329+00:00,2026-09-25 12:27:09.315329+00:00,2026-09-25 12:27:09.316329+00:00,2026-09-25 12:27:09.317329+00:00,2026-09-25 12:27:09.318329+00:00,2026-09-25 12:27:09.330330+00:00,2026-09-25 12:27:09.320329+00:00,2026-09-25 12:27:09.322329+00:00,2026-09-25 12:27:09.323329+00:00,2026-09-25 12:27:09.324329+00:00,2026-09-25 12:27:09.325329+00:00,2026-09-25 12:27:09.326329+00:00,2026-09-25 12:27:09.327330+00:00,2026-09-25 12:27:09.328330+00:00,2026-09-25 12:27:09.329330+00:00,2026-09-25 12:27:09.319329+00:00,2026-09-25 12:27:09.331330+00:00,2026-09-25 12:27:09.332330+00:00,2026-09-25 12:27:09.333330+00:00,2026-09-25 12:27:09.334330+00:00,2026-09-25 12:27:09.335330+00:00,2026-09-25 12:27:09.336330+00:00,2026-09-25 12:27:09.348331+00:00,2026-09-25 12:27:09.338330+00:00,2026-09-25 12:27:09.339330+00:00,2026-09-25 12:27:09.340330+00:00,2026-09-25 12:27:09.341330+00:00,2026-09-25 12:27:09.342330+00:00,2026-09-25 12:27:09.343330+00:00,2026-09-25 12:27:09.344331+00:00,2026-09-25 12:27:09.356331+00:00,2026-09-25 12:27:09.346331+00:00,2026-09-25 12:27:09.347331+00:00,2026-09-25 12:27:09.337330+00:00,2026-09-25 12:27:09.349331+00:00,2026-09-25 12:27:09.350331+00:00,2026-09-25 12:27:09.351331+00:00,2026-09-25 12:27:09.363332+00:00,2026-09-25 12:27:09.353331+00:00,2026-09-25 12:27:09.354331+00:00,2026-09-25 12:27:09.355331+00:00,2026-09-25 12:27:09.345331+00:00,2026-09-25 12:27:09.357331+00:00,2026-09-25 12:27:09.358331+00:00,2026-09-25 12:27:09.359331+00:00,2026-09-25 12:27:09.372332+00:00,2026-09-25 12:27:09.361331+00:00,2026-09-25 12:27:09.362332+00:00,2026-09-25 12:27:09.352331+00:00,2026-09-25 12:27:09.364332+00:00,2026-09-25 12:27:09.365332+00:00,2026-09-25 12:27:09.378332+00:00,2026-09-25 12:27:09.379333+00:00,2026-09-25 12:27:09.380333+00:00,2026-09-25 12:27:09.381333+00:00,2026-09-25 12:27:09.371332+00:00,2026-09-25 12:27:09.373332+00:00,2026-09-25 12:27:09.374332+00:00,2026-09-25 12:27:09.375332+00:00,2026-09-25 12:27:09.376332+00:00,2026-09-25 12:27:09.377332+00:00,2026-09-25 12:27:09.367332+00:00,2026-09-25 12:27:09.368332+00:00,2026-09-25 12:27:09.369332+00:00,2026-09-25 12:27:09.370332+00:00,2026-09-25 12:27:09.382333+00:00,2026-09-25 12:27:09.383333+00:00,2026-09-25 12:27:09.383333+00:00,0.801389,1.2478334491738718,True,True,True,False,False,False,True,False,False,False,False,False,False,False,False,False
25,2026-09-25 10:58:04.999740+00:00,2026-09-25 12:27:10.488396+00:00,91.005,True,False,False,False,True,False,False,False,True,False,False,False,False,False,True,False,False,False,True,False,False,True,False,False,True,True,False,True,False,True,False,False,False,False,False,False,False,False,True,False,False,True,False,True,True,True,False,False,False,False,False,False,False,False,True,False,False,True,False,True,True,True,False,True,False,False,False,False,True,True,True,True,True,True,False,False,False,False,False,0,0,0,0,2026-09-25 12:27:10.397391+00:00,2026-09-25 12:27:10.405391+00:00,2026-09-25 12:27:10.406391+00:00,2026-09-25 12:27:10.407391+00:00,2026-09-25 12:27:10.408391+00:00,2026-09-25 12:27:10.409391+00:00,2026-09-25 12:27:10.421392+00:00,2026-09-25 12:27:10.411392+00:00,2026-09-25 12:27:10.412392+00:00,2026-09-25 12:27:10.413392+00:00,2026-09-25 12:27:10.414392+00:00,2026-09-25 12:27:10.415392+00:00,2026-09-25 12:27:10.416392+00:00,2026-09-25 12:27:10.417392+00:00,2026-09-25 12:27:10.418392+00:00,2026-09-25 12:27:10.419392+00:00,2026-09-25 12:27:10.420392+00:00,2026-09-25 12:27:10.422392+00:00,2026-09-25 12:27:10.423392+00:00,2026-09-25 12:27:10.424392+00:00,2026-09-25 12:27:10.425392+00:00,2026-09-25 12:27:10.426392+00:00,2026-09-25 12:27:10.438393+00:00,2026-09-25 12:27:10.428393+00:00,2026-09-25 12:27:10.429393+00:00,2026-09-25 12:27:10.430393+00:00,2026-09-25 12:27:10.431393+00:00,2026-09-25 12:27:10.432393+00:00,2026-09-25 12:27:10.433393+00:00,2026-09-25 12:27:10.434393+00:00,2026-09-25 12:27:10.435393+00:00,2026-09-25 12:27:10.436393+00:00,2026-09-25 12:27:10.437393+00:00,2026-09-25 12:27:10.427392+00:00,2026-09-25 12:27:10.439393+00:00,2026-09-25 12:27:10.451394+00:00,2026-09-25 12:27:10.441393+00:00,2026-09-25 12:27:10.442393+00:00,2026-09-25 12:27:10.443393+00:00,2026-09-25 12:27:10.444393+00:00,2026-09-25 12:27:10.445393+00:00,2026-09-25 12:27:10.446394+00:00,2026-09-25 12:27:10.447394+00:00,2026-09-25 12:27:10.448394+00:00,2026-09-25 12:27:10.449394+00:00,2026-09-25 12:27:10.450394+00:00,2026-09-25 12:27:10.440393+00:00,2026-09-25 12:27:10.452394+00:00,2026-09-25 12:27:10.464395+00:00,2026-09-25 12:27:10.454394+00:00,2026-09-25 12:27:10.477395+00:00,2026-09-25 12:27:10.456394+00:00,2026-09-25 12:27:10.457394+00:00,2026-09-25 12:27:10.458394+00:00,2026-09-25 12:27:10.459394+00:00,2026-09-25 12:27:10.471395+00:00,2026-09-25 12:27:10.461394+00:00,2026-09-25 12:27:10.462394+00:00,2026-09-25 12:27:10.463395+00:00,2026-09-25 12:27:10.453394+00:00,2026-09-25 12:27:10.465395+00:00,2026-09-25 12:27:10.455394+00:00,2026-09-25 12:27:10.467395+00:00,2026-09-25 12:27:10.468395+00:00,2026-09-25 12:27:10.469395+00:00,2026-09-25 12:27:10.470395+00:00,2026-09-25 12:27:10.472395+00:00,2026-09-25 12:27:10.473395+00:00,2026-09-25 12:27:10.474395+00:00,2026-09-25 12:27:10.475395+00:00,2026-09-25 12:27:10.476395+00:00,2026-09-25 12:27:10.466395+00:00,2026-09-25 12:27:10.478395+00:00,2026-09-25 12:27:10.479395+00:00,2026-09-25 12:27:10.480395+00:00,2026-09-25 12:27:10.481396+00:00,2026-09-25 12:27:10.482396+00:00,2026-09-25 12:27:10.483396+00:00,2026-09-25 12:27:10.484396+00:00,2026-09-25 12:27:10.485396+00:00,2026-09-25 12:27:10.486396+00:00,2026-09-25 12:27:10.487396+00:00,2026-09-25 12:27:10.488396+00:00,2026-09-25 12:27:10.488396+00:00,1.071872,0.9329472175782183,True,False,True,False,False,False,True,False,False,False,False,False,False,False,False,False
29,2026-09-25 10:58:06.460024+00:00,2026-09-25 12:27:11.948479+00:00,90.005,True,False,False,False,False,False,True,False,False,False,False,False,False,False,False,True,False,False,False,False,False,False,False,False,True,True,False,False,False,True,False,False,False,False,False,False,False,False,True,False,False,True,False,True,True,True,False,False,False,False,False,False,False,False,True,False,False,True,False,True,True,True,False,True,False,False,False,False,True,True,True,True,True,True,False,False,False,False,False,0,0,0,0,2026-09-25 12:27:11.858474+00:00,2026-09-25 12:27:11.863475+00:00,2026-09-25 12:27:11.870475+00:00,2026-09-25 12:27:11.866475+00:00,2026-09-25 12:27:11.867475+00:00,2026-09-25 12:27:11.868475+00:00,2026-09-25 12:27:11.869475+00:00,2026-09-25 12:27:11.865475+00:00,2026-09-25 12:27:11.871475+00:00,2026-09-25 12:27:11.872475+00:00,2026-09-25 12:27:11.876475+00:00,2026-09-25 12:27:11.873475+00:00,2026-09-25 12:27:11.874475+00:00,2026-09-25 12:27:11.875475+00:00,2026-09-25 12:27:11.877475+00:00,2026-09-25 12:27:11.878475+00:00,2026-09-25 12:27:11.879476+00:00,2026-09-25 12:27:11.880476+00:00,2026-09-25 12:27:11.881476+00:00,2026-09-25 12:27:11.882476+00:00,2026-09-25 12:27:11.883476+00:00,2026-09-25 12:27:11.884476+00:00,2026-09-25 12:27:11.885476+00:00,2026-09-25 12:27:11.886476+00:00,2026-09-25 12:27:11.887476+00:00,2026-09-25 12:27:11.899477+00:00,2026-09-25 12:27:11.889476+00:00,2026-09-25 12:27:11.890476+00:00,2026-09-25 12:27:11.891476+00:00,2026-09-25 12:27:11.892476+00:00,2026-09-25 12:27:11.893476+00:00,2026-09-25 12:27:11.894476+00:00,2026-09-25 12:27:11.895476+00:00,2026-09-25 12:27:11.896476+00:00,2026-09-25 12:27:11.897477+00:00,2026-09-25 12:27:11.898477+00:00,2026-09-25 12:27:11.888476+00:00,2026-09-25 12:27:11.900477+00:00,2026-09-25 12:27:11.914478+00:00,2026-09-25 12:27:11.902477+00:00,2026-09-25 12:27:11.903477+00:00,2026-09-25 12:27:11.904477+00:00,2026-09-25 12:27:11.905477+00:00,2026-09-25 12:27:11.906477+00:00,2026-09-25 12:27:11.907477+00:00,2026-09-25 12:27:11.909477+00:00,2026-09-25 12:27:11.923478+00:00,2026-09-25 12:27:11.912477+00:00,2026-09-25 12:27:11.913477+00:00,2026-09-25 12:27:11.901477+00:00,2026-09-25 12:27:11.915478+00:00,2026-09-25 12:27:11.916478+00:00,2026-09-25 12:27:11.917478+00:00,2026-09-25 12:27:11.918478+00:00,2026-09-25 12:27:11.919478+00:00,2026-09-25 12:27:11.920478+00:00,2026-09-25 12:27:11.921478+00:00,2026-09-25 12:27:11.911477+00:00,2026-09-25 12:27:11.935479+00:00,2026-09-25 12:27:11.925478+00:00,2026-09-25 12:27:11.926478+00:00,2026-09-25 12:27:11.927478+00:00,2026-09-25 12:27:11.928478+00:00,2026-09-25 12:27:11.929478+00:00,2026-09-25 12:27:11.930478+00:00,2026-09-25 12:27:11.931478+00:00,2026-09-25 12:27:11.932479+00:00,2026-09-25 12:27:11.933479+00:00,2026-09-25 12:27:11.934479+00:00,2026-09-25 12:27:11.924478+00:00,2026-09-25 12:27:11.936479+00:00,2026-09-25 12:27:11.937479+00:00,2026-09-25 12:27:11.938479+00:00,2026-09-25 12:27:11.939479+00:00,2026-09-25 12:27:11.940479+00:00,2026-09-25 12:27:11.941479+00:00,2026-09-25 12:27:11.942479+00:00,2026-09-25 12:27:11.943479+00:00,2026-09-25 12:27:11.944479+00:00,2026-09-25 12:27:11.945479+00:00,2026-09-25 12:27:11.946479+00:00,2026-09-25 12:27:11.947479+00:00,2026-09-25 12:27:11.948479+00:00,2026-09-25 12:27:11.948479+00:00,1.460284,0.6847982995088627,True,False,True,False,False,True,True,False,False,False,False,False,False,False,False,False
31,2026-09-25 10:58:07.165816+00:00,2026-09-25 12:27:12.654520+00:00,88.005,True,False,False,False,False,False,True,False,False,False,False,False,False,False,False,True,False,False,False,False,False,False,False,False,True,True,False,False,False,True,False,False,False,False,False,False,False,False,True,False,False,True,False,True,True,True,False,False,False,False,False,False,False,False,True,False,False,True,False,True,True,True,False,True,False,False,False,False,True,True,True,True,True,True,False,False,False,False,False,0,0,0,0,2026-09-25 12:27:12.566515+00:00,2026-09-25 12:27:12.571515+00:00,2026-09-25 12:27:12.572515+00:00,2026-09-25 12:27:12.573515+00:00,2026-09-25 12:27:12.574515+00:00,2026-09-25 12:27:12.598517+00:00,2026-09-25 12:27:12.577515+00:00,2026-09-25 12:27:12.578516+00:00,2026-09-25 12:27:12.579516+00:00,2026-09-25 12:27:12.580516+00:00,2026-09-25 12:27:12.581516+00:00,2026-09-25 12:27:12.582516+00:00,2026-09-25 12:27:12.583516+00:00,2026-09-25 12:27:12.584516+00:00,2026-09-25 12:27:12.585516+00:00,2026-09-25 12:27:12.586516+00:00,2026-09-25 12:27:12.576515+00:00,2026-09-25 12:27:12.588516+00:00,2026-09-25 12:27:12.589516+00:00,2026-09-25 12:27:12.590516+00:00,2026-09-25 12:27:12.591516+00:00,2026-09-25 12:27:12.592516+00:00,2026-09-25 12:27:12.593516+00:00,2026-09-25 12:27:12.594516+00:00,2026-09-25 12:27:12.595516+00:00,2026-09-25 12:27:12.596517+00:00,2026-09-25 12:27:12.597517+00:00,2026-09-25 12:27:12.587516+00:00,2026-09-25 12:27:12.599517+00:00,2026-09-25 12:27:12.600517+00:00,2026-09-25 12:27:12.601517+00:00,2026-09-25 12:27:12.602517+00:00,2026-09-25 12:27:12.603517+00:00,2026-09-25 12:27:12.604517+00:00,2026-09-25 12:27:12.605517+00:00,2026-09-25 12:27:12.606517+00:00,2026-09-25 12:27:12.607517+00:00,2026-09-25 12:27:12.619518+00:00,2026-09-25 12:27:12.609517+00:00,2026-09-25 12:27:12.610517+00:00,2026-09-25 12:27:12.611517+00:00,2026-09-25 12:27:12.612517+00:00,2026-09-25 12:27:12.613518+00:00,2026-09-25 12:27:12.614518+00:00,2026-09-25 12:27:12.615518+00:00,2026-09-25 12:27:12.616518+00:00,2026-09-25 12:27:12.617518+00:00,2026-09-25 12:27:12.618518+00:00,2026-09-25 12:27:12.620518+00:00,2026-09-25 12:27:12.621518+00:00,2026-09-25 12:27:12.622518+00:00,2026-09-25 12:27:12.623518+00:00,2026-09-25 12:27:12.624518+00:00,2026-09-25 12:27:12.625518+00:00,2026-09-25 12:27:12.626518+00:00,2026-09-25 12:27:12.627518+00:00,2026-09-25 12:27:12.628518+00:00,2026-09-25 12:27:12.629518+00:00,2026-09-25 12:27:12.630518+00:00,2026-09-25 12:27:12.631519+00:00,2026-09-25 12:27:12.632519+00:00,2026-09-25 12:27:12.633519+00:00,2026-09-25 12:27:12.634519+00:00,2026-09-25 12:27:12.635519+00:00,2026-09-25 12:27:12.636519+00:00,2026-09-25 12:27:12.637519+00:00,2026-09-25 12:27:12.638519+00:00,2026-09-25 12:27:12.639519+00:00,2026-09-25 12:27:12.640519+00:00,2026-09-25 12:27:12.641519+00:00,2026-09-25 12:27:12.642519+00:00,2026-09-25 12:27:12.654520+00:00,2026-09-25 12:27:12.644519+00:00,2026-09-25 12:27:12.645519+00:00,2026-09-25 12:27:12.646519+00:00,2026-09-25 12:27:12.647519+00:00,2026-09-25 12:27:12.648520+00:00,2026-09-25 12:27:12.649520+00:00,2026-09-25 12:27:12.650520+00:00,2026-09-25 12:27:12.651520+00:00,2026-09-25 12:27:12.652520+00:00,2026-09-25 12:27:12.653520+00:00,2026-09-25 12:27:12.643519+00:00,2026-09-25 12:27:12.654520+00:00,0.705792,1.416848023213638,True,False,True,False,False,True,True,False,False,False,False,False,False,False,False,False
33,2026-09-25 10:58:07.922047+00:00,2026-09-25 12:27:13.410563+00:00,89.005,True,False,False,False,False,False,True,False,False,False,False,False,False,False,False,True,False,False,False,False,False,False,False,False,True,True,False,False,False,True,False,False,False,False,False,False,False,False,True,False,False,True,False,True,True,True,False,False,False,False,False,False,False,False,True,False,False,True,False,True,True,True,False,True,False,False,False,False,True,True,True,True,True,True,False,False,False,False,False,0,0,0,0,2026-09-25 12:27:13.321558+00:00,2026-09-25 12:27:13.325558+00:00,2026-09-25 12:27:13.326558+00:00,2026-09-25 12:27:13.327558+00:00,2026-09-25 12:27:13.328558+00:00,2026-09-25 12:27:13.329558+00:00,2026-09-25 12:27:13.330559+00:00,2026-09-25 12:27:13.331559+00:00,2026-09-25 12:27:13.332559+00:00,2026-09-25 12:27:13.333559+00:00,2026-09-25 12:27:13.334559+00:00,2026-09-25 12:27:13.335559+00:00,2026-09-25 12:27:13.336559+00:00,2026-09-25 12:27:13.337559+00:00,2026-09-25 12:27:13.338559+00:00,2026-09-25 12:27:13.351560+00:00,2026-09-25 12:27:13.340559+00:00,2026-09-25 12:27:13.341559+00:00,2026-09-25 12:27:13.342559+00:00,2026-09-25 12:27:13.343559+00:00,2026-09-25 12:27:13.344559+00:00,2026-09-25 12:27:13.357560+00:00,2026-09-25 12:27:13.347559+00:00,2026-09-25 12:27:13.348560+00:00,2026-09-25 12:27:13.349560+00:00,2026-09-25 12:27:13.350560+00:00,2026-09-25 12:27:13.339559+00:00,2026-09-25 12:27:13.352560+00:00,2026-09-25 12:27:13.353560+00:00,2026-09-25 12:27:13.354560+00:00,2026-09-25 12:27:13.355560+00:00,2026-09-25 12:27:13.356560+00:00,2026-09-25 12:27:13.346559+00:00,2026-09-25 12:27:13.369561+00:00,2026-09-25 12:27:13.359560+00:00,2026-09-25 12:27:13.371561+00:00,2026-09-25 12:27:13.361560+00:00,2026-09-25 12:27:13.362560+00:00,2026-09-25 12:27:13.363560+00:00,2026-09-25 12:27:13.364560+00:00,2026-09-25 12:27:13.365561+00:00,2026-09-25 12:27:13.366561+00:00,2026-09-25 12:27:13.367561+00:00,2026-09-25 12:27:13.368561+00:00,2026-09-25 12:27:13.370561+00:00,2026-09-25 12:27:13.360560+00:00,2026-09-25 12:27:13.372561+00:00,2026-09-25 12:27:13.373561+00:00,2026-09-25 12:27:13.374561+00:00,2026-09-25 12:27:13.375561+00:00,2026-09-25 12:27:13.376561+00:00,2026-09-25 12:27:13.377561+00:00,2026-09-25 12:27:13.378561+00:00,2026-09-25 12:27:13.379561+00:00,2026-09-25 12:27:13.380561+00:00,2026-09-25 12:27:13.381561+00:00,2026-09-25 12:27:13.382561+00:00,2026-09-25 12:27:13.383562+00:00,2026-09-25 12:27:13.384562+00:00,2026-09-25 12:27:13.385562+00:00,2026-09-25 12:27:13.386562+00:00,2026-09-25 12:27:13.387562+00:00,2026-09-25 12:27:13.388562+00:00,2026-09-25 12:27:13.389562+00:00,2026-09-25 12:27:13.390562+00:00,2026-09-25 12:27:13.391562+00:00,2026-09-25 12:27:13.393562+00:00,2026-09-25 12:27:13.394562+00:00,2026-09-25 12:27:13.395562+00:00,2026-09-25 12:27:13.396562+00:00,2026-09-25 12:27:13.397562+00:00,2026-09-25 12:27:13.398562+00:00,2026-09-25 12:27:13.399562+00:00,2026-09-25 12:27:13.400563+00:00,2026-09-25 12:27:13.401563+00:00,2026-09-25 12:27:13.402563+00:00,2026-09-25 12:27:13.403563+00:00,2026-09-25 12:27:13.404563+00:00,2026-09-25 12:27:13.405563+00:00,2026-09-25 12:27:13.406563+00:00,2026-09-25 12:27:13.408563+00:00,2026-09-25 12:27:13.409563+00:00,2026-09-25 12:27:13.410563+00:00,2026-09-25 12:27:13.410563+00:00,0.756231,1.3223472721959295,True,False,True,False,False,True,True,False,False,False,False,False,False,False,False,False
36,2026-09-25 10:58:09.066270+00:00,2026-09-25 12:27:14.554629+00:00,100.006,True,False,False,False,False,False,True,False,False,False,False,False,False,False,False,True,False,False,False,False,False,False,False,False,True,True,False,False,True,True,False,False,False,True,False,False,False,False,False,False,True,True,False,True,True,True,False,False,False,False,False,False,False,False,True,False,False,True,False,True,True,True,False,True,False,False,False,False,True,True,True,True,True,True,False,False,False,False,False,0,0,0,0,2026-09-25 12:27:14.454623+00:00,2026-09-25 12:27:14.462623+00:00,2026-09-25 12:27:14.463623+00:00,2026-09-25 12:27:14.464623+00:00,2026-09-25 12:27:14.465623+00:00,2026-09-25 12:27:14.467624+00:00,2026-09-25 12:27:14.468624+00:00,2026-09-25 12:27:14.470624+00:00,2026-09-25 12:27:14.471624+00:00,2026-09-25 12:27:14.472624+00:00,2026-09-25 12:27:14.473624+00:00,2026-09-25 12:27:14.474624+00:00,2026-09-25 12:27:14.475624+00:00,2026-09-25 12:27:14.476624+00:00,2026-09-25 12:27:14.477624+00:00,2026-09-25 12:27:14.478624+00:00,2026-09-25 12:27:14.493625+00:00,2026-09-25 12:27:14.494625+00:00,2026-09-25 12:27:14.495625+00:00,2026-09-25 12:27:14.485625+00:00,2026-09-25 12:27:14.486625+00:00,2026-09-25 12:27:14.487625+00:00,2026-09-25 12:27:14.499625+00:00,2026-09-25 12:27:14.489625+00:00,2026-09-25 12:27:14.490625+00:00,2026-09-25 12:27:14.491625+00:00,2026-09-25 12:27:14.492625+00:00,2026-09-25 12:27:14.480624+00:00,2026-09-25 12:27:14.482624+00:00,2026-09-25 12:27:14.484625+00:00,2026-09-25 12:27:14.496625+00:00,2026-09-25 12:27:14.497625+00:00,2026-09-25 12:27:14.498625+00:00,2026-09-25 12:27:14.488625+00:00,2026-09-25 12:27:14.500625+00:00,2026-09-25 12:27:14.501625+00:00,2026-09-25 12:27:14.502626+00:00,2026-09-25 12:27:14.503626+00:00,2026-09-25 12:27:14.504626+00:00,2026-09-25 12:27:14.505626+00:00,2026-09-25 12:27:14.506626+00:00,2026-09-25 12:27:14.518626+00:00,2026-09-25 12:27:14.508626+00:00,2026-09-25 12:27:14.520627+00:00,2026-09-25 12:27:14.510626+00:00,2026-09-25 12:27:14.511626+00:00,2026-09-25 12:27:14.512626+00:00,2026-09-25 12:27:14.513626+00:00,2026-09-25 12:27:14.514626+00:00,2026-09-25 12:27:14.515626+00:00,2026-09-25 12:27:14.516626+00:00,2026-09-25 12:27:14.517626+00:00,2026-09-25 12:27:14.519627+00:00,2026-09-25 12:27:14.509626+00:00,2026-09-25 12:27:14.521627+00:00,2026-09-25 12:27:14.535627+00:00,2026-09-25 12:27:14.524627+00:00,2026-09-25 12:27:14.525627+00:00,2026-09-25 12:27:14.526627+00:00,2026-09-25 12:27:14.527627+00:00,2026-09-25 12:27:14.528627+00:00,2026-09-25 12:27:14.529627+00:00,2026-09-25 12:27:14.530627+00:00,2026-09-25 12:27:14.532627+00:00,2026-09-25 12:27:14.533627+00:00,2026-09-25 12:27:14.534627+00:00,2026-09-25 12:27:14.523627+00:00,2026-09-25 12:27:14.536627+00:00,2026-09-25 12:27:14.537628+00:00,2026-09-25 12:27:14.552628+00:00,2026-09-25 12:27:14.553628+00:00,2026-09-25 12:27:14.542628+00:00,2026-09-25 12:27:14.543628+00:00,2026-09-25 12:27:14.544628+00:00,2026-09-25 12:27:14.546628+00:00,2026-09-25 12:27:14.547628+00:00,2026-09-25 12:27:14.548628+00:00,2026-09-25 12:27:14.549628+00:00,2026-09-25 12:27:14.550628+00:00,2026-09-25 12:27:14.551628+00:00,2026-09-25 12:27:14.539628+00:00,2026-09-25 12:27:14.541628+00:00,2026-09-25 12:27:14.554629+00:00,2026-09-25 12:27:14.554629+00:00,1.144223,0.8739555139164307,True,False,True,False,False,True,True,False,False,False,False,False,False,False,False,False
38,2026-09-25 10:58:09.947117+00:00,2026-09-25 12:27:15.413678+00:00,200.012,True,False,False,False,False,False,True,False,False,False,False,False,False,False,False,True,False,False,False,False,False,False,False,False,True,True,False,False,True,True,False,False,False,True,False,False,False,False,False,True,False,True,False,True,True,True,False,False,False,False,False,False,False,False,True,False,False,True,False,True,True,True,False,True,False,False,False,False,True,True,True,True,True,True,False,False,False,False,False,0,0,0,0,2026-09-25 12:27:15.213666+00:00,2026-09-25 12:27:15.243668+00:00,2026-09-25 12:27:15.245668+00:00,2026-09-25 12:27:15.269669+00:00,2026-09-25 12:27:15.249668+00:00,2026-09-25 12:27:15.251668+00:00,2026-09-25 12:27:15.253669+00:00,2026-09-25 12:27:15.255669+00:00,2026-09-25 12:27:15.281670+00:00,2026-09-25 12:27:15.259669+00:00,2026-09-25 12:27:15.261669+00:00,2026-09-25 12:27:15.263669+00:00,2026-09-25 12:27:15.265669+00:00,2026-09-25 12:27:15.267669+00:00,2026-09-25 12:27:15.247668+00:00,2026-09-25 12:27:15.271670+00:00,2026-09-25 12:27:15.273670+00:00,2026-09-25 12:27:15.275670+00:00,2026-09-25 12:27:15.277670+00:00,2026-09-25 12:27:15.257669+00:00,2026-09-25 12:27:15.283670+00:00,2026-09-25 12:27:15.285670+00:00,2026-09-25 12:27:15.287670+00:00,2026-09-25 12:27:15.289671+00:00,2026-09-25 12:27:15.291671+00:00,2026-09-25 12:27:15.293671+00:00,2026-09-25 12:27:15.317672+00:00,2026-09-25 12:27:15.297671+00:00,2026-09-25 12:27:15.299671+00:00,2026-09-25 12:27:15.301671+00:00,2026-09-25 12:27:15.303671+00:00,2026-09-25 12:27:15.305671+00:00,2026-09-25 12:27:15.307672+00:00,2026-09-25 12:27:15.309672+00:00,2026-09-25 12:27:15.311672+00:00,2026-09-25 12:27:15.313672+00:00,2026-09-25 12:27:15.315672+00:00,2026-09-25 12:27:15.295671+00:00,2026-09-25 12:27:15.343674+00:00,2026-09-25 12:27:15.321672+00:00,2026-09-25 12:27:15.323673+00:00,2026-09-25 12:27:15.325673+00:00,2026-09-25 12:27:15.327673+00:00,2026-09-25 12:27:15.331673+00:00,2026-09-25 12:27:15.333673+00:00,2026-09-25 12:27:15.335673+00:00,2026-09-25 12:27:15.337673+00:00,2026-09-25 12:27:15.339673+00:00,2026-09-25 12:27:15.341674+00:00,2026-09-25 12:27:15.319672+00:00,2026-09-25 12:27:15.345674+00:00,2026-09-25 12:27:15.347674+00:00,2026-09-25 12:27:15.349674+00:00,2026-09-25 12:27:15.351674+00:00,2026-09-25 12:27:15.353674+00:00,2026-09-25 12:27:15.355674+00:00,2026-09-25 12:27:15.381676+00:00,2026-09-25 12:27:15.359675+00:00,2026-09-25 12:27:15.361675+00:00,2026-09-25 12:27:15.363675+00:00,2026-09-25 12:27:15.365675+00:00,2026-09-25 12:27:15.367675+00:00,2026-09-25 12:27:15.369675+00:00,2026-09-25 12:27:15.371675+00:00,2026-09-25 12:27:15.373675+00:00,2026-09-25 12:27:15.375675+00:00,2026-09-25 12:27:15.377676+00:00,2026-09-25 12:27:15.357674+00:00,2026-09-25 12:27:15.405677+00:00,2026-09-25 12:27:15.385676+00:00,2026-09-25 12:27:15.387676+00:00,2026-09-25 12:27:15.389676+00:00,2026-09-25 12:27:15.391676+00:00,2026-09-25 12:27:15.393677+00:00,2026-09-25 12:27:15.395677+00:00,2026-09-25 12:27:15.397677+00:00,2026-09-25 12:27:15.399677+00:00,2026-09-25 12:27:15.401677+00:00,2026-09-25 12:27:15.403677+00:00,2026-09-25 12:27:15.383676+00:00,2026-09-25 12:27:15.413678+00:00,2026-09-25 12:27:15.409677+00:00,2026-09-25 12:27:15.411678+00:00,2026-09-25 12:27:15.413678+00:00,0.880847,1.1352709380857289,True,False,True,False,False,True,True,False,False,False,False,False,False,False,False,False
40,2026-09-25 10:58:10.811032+00:00,2026-09-25 12:27:16.299728+00:00,88.005,True,False,False,False,False,False,True,False,False,False,False,False,False,False,False,True,False,False,False,False,False,False,False,False,True,True,False,False,True,True,False,False,False,True,False,False,False,False,False,True,True,True,False,True,True,True,False,False,False,False,False,False,False,False,True,False,False,True,False,True,True,True,False,True,False,False,False,False,True,True,True,True,True,True,False,False,False,False,False,1,0,0,0,2026-09-25 12:27:16.211723+00:00,2026-09-25 12:27:16.217724+00:00,2026-09-25 12:27:16.218724+00:00,2026-09-25 12:27:16.219724+00:00,2026-09-25 12:27:16.220724+00:00,2026-09-25 12:27:16.221724+00:00,2026-09-25 12:27:16.222724+00:00,2026-09-25 12:27:16.223724+00:00,2026-09-25 12:27:16.224724+00:00,2026-09-25 12:27:16.225724+00:00,2026-09-25 12:27:16.226724+00:00,2026-09-25 12:27:16.227724+00:00,2026-09-25 12:27:16.228724+00:00,2026-09-25 12:27:16.229724+00:00,2026-09-25 12:27:16.230724+00:00,2026-09-25 12:27:16.242725+00:00,2026-09-25 12:27:16.232725+00:00,2026-09-25 12:27:16.233725+00:00,2026-09-25 12:27:16.234725+00:00,2026-09-25 12:27:16.235725+00:00,2026-09-25 12:27:16.236725+00:00,2026-09-25 12:27:16.237725+00:00,2026-09-25 12:27:16.238725+00:00,2026-09-25 12:27:16.239725+00:00,2026-09-25 12:27:16.240725+00:00,2026-09-25 12:27:16.241725+00:00,2026-09-25 12:27:16.231724+00:00,2026-09-25 12:27:16.243725+00:00,2026-09-25 12:27:16.244725+00:00,2026-09-25 12:27:16.245725+00:00,2026-09-25 12:27:16.246725+00:00,2026-09-25 12:27:16.247725+00:00,2026-09-25 12:27:16.248725+00:00,2026-09-25 12:27:16.249725+00:00,2026-09-25 12:27:16.250726+00:00,2026-09-25 12:27:16.251726+00:00,2026-09-25 12:27:16.252726+00:00,2026-09-25 12:27:16.253726+00:00,2026-09-25 12:27:16.254726+00:00,2026-09-25 12:27:16.255726+00:00,2026-09-25 12:27:16.268727+00:00,2026-09-25 12:27:16.269727+00:00,2026-09-25 12:27:16.258726+00:00,2026-09-25 12:27:16.259726+00:00,2026-09-25 12:27:16.260726+00:00,2026-09-25 12:27:16.261726+00:00,2026-09-25 12:27:16.262726+00:00,2026-09-25 12:27:16.263726+00:00,2026-09-25 12:27:16.264726+00:00,2026-09-25 12:27:16.265726+00:00,2026-09-25 12:27:16.266726+00:00,2026-09-25 12:27:16.256726+00:00,2026-09-25 12:27:16.257726+00:00,2026-09-25 12:27:16.270727+00:00,2026-09-25 12:27:16.271727+00:00,2026-09-25 12:27:16.272727+00:00,2026-09-25 12:27:16.273727+00:00,2026-09-25 12:27:16.274727+00:00,2026-09-25 12:27:16.275727+00:00,2026-09-25 12:27:16.276727+00:00,2026-09-25 12:27:16.288728+00:00,2026-09-25 12:27:16.278727+00:00,2026-09-25 12:27:16.279727+00:00,2026-09-25 12:27:16.280727+00:00,2026-09-25 12:27:16.281727+00:00,2026-09-25 12:27:16.282727+00:00,2026-09-25 12:27:16.283727+00:00,2026-09-25 12:27:16.284727+00:00,2026-09-25 12:27:16.285728+00:00,2026-09-25 12:27:16.286728+00:00,2026-09-25 12:27:16.287728+00:00,2026-09-25 12:27:16.277727+00:00,2026-09-25 12:27:16.289728+00:00,2026-09-25 12:27:16.290728+00:00,2026-09-25 12:27:16.291728+00:00,2026-09-25 12:27:16.292728+00:00,2026-09-25 12:27:16.293728+00:00,2026-09-25 12:27:16.294728+00:00,2026-09-25 12:27:16.295728+00:00,2026-09-25 12:27:16.296728+00:00,2026-09-25 12:27:16.297728+00:00,2026-09-25 12:27:16.298728+00:00,2026-09-25 12:27:16.299728+00:00,2026-09-25 12:27:16.299728+00:00,0.863915,1.1575212839226081,True,False,True,False,False,True,True,False,False,False,False,False,False,False,False,False
43,2026-09-25 10:58:12.027253+00:00,2026-09-25 12:27:17.515798+00:00,95.006,True,False,False,False,False,False,True,False,False,False,False,False,False,False,False,True,False,False,False,False,False,False,False,False,True,True,False,False,False,True,False,False,False,False,False,False,False,True,False,True,False,True,False,True,True,True,False,False,False,False,False,False,False,False,True,False,False,True,False,True,True,True,False,True,False,False,False,False,True,True,True,True,True,True,False,False,False,False,False,0,0,0,0,2026-09-25 12:27:17.420792+00:00,2026-09-25 12:27:17.430793+00:00,2026-09-25 12:27:17.442794+00:00,2026-09-25 12:27:17.432793+00:00,2026-09-25 12:27:17.433793+00:00,2026-09-25 12:27:17.434793+00:00,2026-09-25 12:27:17.435793+00:00,2026-09-25 12:27:17.436793+00:00,2026-09-25 12:27:17.437793+00:00,2026-09-25 12:27:17.438793+00:00,2026-09-25 12:27:17.439794+00:00,2026-09-25 12:27:17.440794+00:00,2026-09-25 12:27:17.431793+00:00,2026-09-25 12:27:17.441794+00:00,2026-09-25 12:27:17.443794+00:00,2026-09-25 12:27:17.444794+00:00,2026-09-25 12:27:17.445794+00:00,2026-09-25 12:27:17.468795+00:00,2026-09-25 12:27:17.447794+00:00,2026-09-25 12:27:17.448794+00:00,2026-09-25 12:27:17.449794+00:00,2026-09-25 12:27:17.450794+00:00,2026-09-25 12:27:17.451794+00:00,2026-09-25 12:27:17.452794+00:00,2026-09-25 12:27:17.453794+00:00,2026-09-25 12:27:17.454794+00:00,2026-09-25 12:27:17.466795+00:00,2026-09-25 12:27:17.456795+00:00,2026-09-25 12:27:17.446794+00:00,2026-09-25 12:27:17.458795+00:00,2026-09-25 12:27:17.459795+00:00,2026-09-25 12:27:17.460795+00:00,2026-09-25 12:27:17.461795+00:00,2026-09-25 12:27:17.462795+00:00,2026-09-25 12:27:17.474796+00:00,2026-09-25 12:27:17.475796+00:00,2026-09-25 12:27:17.465795+00:00,2026-09-25 12:27:17.467795+00:00,2026-09-25 12:27:17.457795+00:00,2026-09-25 12:27:17.469795+00:00,2026-09-25 12:27:17.470795+00:00,2026-09-25 12:27:17.471795+00:00,2026-09-25 12:27:17.472795+00:00,2026-09-25 12:27:17.473795+00:00,2026-09-25 12:27:17.463795+00:00,2026-09-25 12:27:17.464795+00:00,2026-09-25 12:27:17.476796+00:00,2026-09-25 12:27:17.478796+00:00,2026-09-25 12:27:17.491797+00:00,2026-09-25 12:27:17.492797+00:00,2026-09-25 12:27:17.482796+00:00,2026-09-25 12:27:17.483796+00:00,2026-09-25 12:27:17.484796+00:00,2026-09-25 12:27:17.485796+00:00,2026-09-25 12:27:17.486796+00:00,2026-09-25 12:27:17.487796+00:00,2026-09-25 12:27:17.488796+00:00,2026-09-25 12:27:17.489796+00:00,2026-09-25 12:27:17.490796+00:00,2026-09-25 12:27:17.480796+00:00,2026-09-25 12:27:17.481796+00:00,2026-09-25 12:27:17.493797+00:00,2026-09-25 12:27:17.494797+00:00,2026-09-25 12:27:17.495797+00:00,2026-09-25 12:27:17.496797+00:00,2026-09-25 12:27:17.497797+00:00,2026-09-25 12:27:17.510798+00:00,2026-09-25 12:27:17.511798+00:00,2026-09-25 12:27:17.512798+00:00,2026-09-25 12:27:17.513798+00:00,2026-09-25 12:27:17.514798+00:00,2026-09-25 12:27:17.515798+00:00,2026-09-25 12:27:17.505797+00:00,2026-09-25 12:27:17.506797+00:00,2026-09-25 12:27:17.507797+00:00,2026-09-25 12:27:17.508797+00:00,2026-09-25 12:27:17.509798+00:00,2026-09-25 12:27:17.498797+00:00,2026-09-25 12:27:17.499797+00:00,2026-09-25 12:27:17.501797+00:00,2026-09-25 12:27:17.502797+00:00,2026-09-25 12:27:17.503797+00:00,2026-09-25 12:27:17.504797+00:00,2026-09-25 12:27:17.515798+00:00,1.216221,0.8222189881608688,True,False,True,False,False,True,True,False,False,False,False,False,False,False,False,False
46,2026-09-25 10:58:13.074674+00:00,2026-09-25 12:27:18.562858+00:00,91.005,True,False,False,False,False,False,True,False,False,False,False,False,False,False,False,True,False,False,False,False,False,False,False,False,True,True,False,False,False,True,False,False,False,False,False,False,False,True,False,True,False,True,False,True,True,True,False,False,False,False,False,False,False,False,True,False,False,True,False,True,True,True,False,True,False,False,False,False,True,True,True,True,True,True,False,False,False,False,False,0,0,0,0,2026-09-25 12:27:18.471853+00:00,2026-09-25 12:27:18.477853+00:00,2026-09-25 12:27:18.486853+00:00,2026-09-25 12:27:18.479853+00:00,2026-09-25 12:27:18.480853+00:00,2026-09-25 12:27:18.481853+00:00,2026-09-25 12:27:18.482853+00:00,2026-09-25 12:27:18.483853+00:00,2026-09-25 12:27:18.484853+00:00,2026-09-25 12:27:18.478853+00:00,2026-09-25 12:27:18.485853+00:00,2026-09-25 12:27:18.487853+00:00,2026-09-25 12:27:18.488854+00:00,2026-09-25 12:27:18.489854+00:00,2026-09-25 12:27:18.490854+00:00,2026-09-25 12:27:18.492854+00:00,2026-09-25 12:27:18.516855+00:00,2026-09-25 12:27:18.518855+00:00,2026-09-25 12:27:18.495854+00:00,2026-09-25 12:27:18.496854+00:00,2026-09-25 12:27:18.497854+00:00,2026-09-25 12:27:18.498854+00:00,2026-09-25 12:27:18.499854+00:00,2026-09-25 12:27:18.500854+00:00,2026-09-25 12:27:18.501854+00:00,2026-09-25 12:27:18.502854+00:00,2026-09-25 12:27:18.503854+00:00,2026-09-25 12:27:18.493854+00:00,2026-09-25 12:27:18.494854+00:00,2026-09-25 12:27:18.519855+00:00,2026-09-25 12:27:18.520855+00:00,2026-09-25 12:27:18.509855+00:00,2026-09-25 12:27:18.510855+00:00,2026-09-25 12:27:18.511855+00:00,2026-09-25 12:27:18.512855+00:00,2026-09-25 12:27:18.513855+00:00,2026-09-25 12:27:18.514855+00:00,2026-09-25 12:27:18.515855+00:00,2026-09-25 12:27:18.504854+00:00,2026-09-25 12:27:18.505855+00:00,2026-09-25 12:27:18.507855+00:00,2026-09-25 12:27:18.508855+00:00,2026-09-25 12:27:18.521855+00:00,2026-09-25 12:27:18.522855+00:00,2026-09-25 12:27:18.523856+00:00,2026-09-25 12:27:18.524856+00:00,2026-09-25 12:27:18.525856+00:00,2026-09-25 12:27:18.526856+00:00,2026-09-25 12:27:18.527856+00:00,2026-09-25 12:27:18.528856+00:00,2026-09-25 12:27:18.529856+00:00,2026-09-25 12:27:18.530856+00:00,2026-09-25 12:27:18.531856+00:00,2026-09-25 12:27:18.532856+00:00,2026-09-25 12:27:18.533856+00:00,2026-09-25 12:27:18.534856+00:00,2026-09-25 12:27:18.535856+00:00,2026-09-25 12:27:18.536856+00:00,2026-09-25 12:27:18.537856+00:00,2026-09-25 12:27:18.549857+00:00,2026-09-25 12:27:18.539856+00:00,2026-09-25 12:27:18.540857+00:00,2026-09-25 12:27:18.541857+00:00,2026-09-25 12:27:18.542857+00:00,2026-09-25 12:27:18.543857+00:00,2026-09-25 12:27:18.544857+00:00,2026-09-25 12:27:18.545857+00:00,2026-09-25 12:27:18.546857+00:00,2026-09-25 12:27:18.547857+00:00,2026-09-25 12:27:18.548857+00:00,2026-09-25 12:27:18.538856+00:00,2026-09-25 12:27:18.550857+00:00,2026-09-25 12:27:18.551857+00:00,2026-09-25 12:27:18.552857+00:00,2026-09-25 12:27:18.553857+00:00,2026-09-25 12:27:18.562858+00:00,2026-09-25 12:27:18.555857+00:00,2026-09-25 12:27:18.556857+00:00,2026-09-25 12:27:18.557858+00:00,2026-09-25 12:27:18.558858+00:00,2026-09-25 12:27:18.559858+00:00,2026-09-25 12:27:18.560858+00:00,2026-09-25 12:27:18.561858+00:00,2026-09-25 12:27:18.562858+00:00,1.047421,0.9547259411449647,True,False,True,False,False,True,True,False,False,False,False,False,False,False,False,False
49,2026-09-25 10:58:14.125739+00:00,2026-09-25 12:27:19.613918+00:00,89.005,True,False,False,False,False,False,True,False,False,False,False,False,False,False,False,True,False,False,False,False,False,False,False,False,True,True,False,False,False,True,False,False,False,False,False,False,False,True,False,True,False,True,False,True,True,True,False,False,False,False,False,False,False,False,True,False,False,True,False,True,True,True,False,True,False,False,False,False,True,True,True,True,True,True,False,False,False,False,False,0,0,0,0,2026-09-25 12:27:19.524913+00:00,2026-09-25 12:27:19.530913+00:00,2026-09-25 12:27:19.531913+00:00,2026-09-25 12:27:19.532913+00:00,2026-09-25 12:27:19.533913+00:00,2026-09-25 12:27:19.534913+00:00,2026-09-25 12:27:19.535913+00:00,2026-09-25 12:27:19.536913+00:00,2026-09-25 12:27:19.548914+00:00,2026-09-25 12:27:19.538914+00:00,2026-09-25 12:27:19.539914+00:00,2026-09-25 12:27:19.540914+00:00,2026-09-25 12:27:19.541914+00:00,2026-09-25 12:27:19.542914+00:00,2026-09-25 12:27:19.543914+00:00,2026-09-25 12:27:19.544914+00:00,2026-09-25 12:27:19.545914+00:00,2026-09-25 12:27:19.546914+00:00,2026-09-25 12:27:19.547914+00:00,2026-09-25 12:27:19.537914+00:00,2026-09-25 12:27:19.549914+00:00,2026-09-25 12:27:19.550914+00:00,2026-09-25 12:27:19.551914+00:00,2026-09-25 12:27:19.563915+00:00,2026-09-25 12:27:19.553914+00:00,2026-09-25 12:27:19.554915+00:00,2026-09-25 12:27:19.555915+00:00,2026-09-25 12:27:19.556915+00:00,2026-09-25 12:27:19.557915+00:00,2026-09-25 12:27:19.558915+00:00,2026-09-25 12:27:19.559915+00:00,2026-09-25 12:27:19.560915+00:00,2026-09-25 12:27:19.561915+00:00,2026-09-25 12:27:19.562915+00:00,2026-09-25 12:27:19.552914+00:00,2026-09-25 12:27:19.565915+00:00,2026-09-25 12:27:19.566915+00:00,2026-09-25 12:27:19.567915+00:00,2026-09-25 12:27:19.568915+00:00,2026-09-25 12:27:19.569915+00:00,2026-09-25 12:27:19.570915+00:00,2026-09-25 12:27:19.571916+00:00,2026-09-25 12:27:19.572916+00:00,2026-09-25 12:27:19.573916+00:00,2026-09-25 12:27:19.574916+00:00,2026-09-25 12:27:19.575916+00:00,2026-09-25 12:27:19.576916+00:00,2026-09-25 12:27:19.577916+00:00,2026-09-25 12:27:19.589917+00:00,2026-09-25 12:27:19.579916+00:00,2026-09-25 12:27:19.580916+00:00,2026-09-25 12:27:19.581916+00:00,2026-09-25 12:27:19.582916+00:00,2026-09-25 12:27:19.583916+00:00,2026-09-25 12:27:19.584916+00:00,2026-09-25 12:27:19.585916+00:00,2026-09-25 12:27:19.586916+00:00,2026-09-25 12:27:19.587916+00:00,2026-09-25 12:27:19.588916+00:00,2026-09-25 12:27:19.578916+00:00,2026-09-25 12:27:19.590917+00:00,2026-09-25 12:27:19.591917+00:00,2026-09-25 12:27:19.592917+00:00,2026-09-25 12:27:19.593917+00:00,2026-09-25 12:27:19.594917+00:00,2026-09-25 12:27:19.595917+00:00,2026-09-25 12:27:19.596917+00:00,2026-09-25 12:27:19.597917+00:00,2026-09-25 12:27:19.598917+00:00,2026-09-25 12:27:19.610918+00:00,2026-09-25 12:27:19.600917+00:00,2026-09-25 12:27:19.601917+00:00,2026-09-25 12:27:19.602917+00:00,2026-09-25 12:27:19.613918+00:00,2026-09-25 12:27:19.604917+00:00,2026-09-25 12:27:19.605917+00:00,2026-09-25 12:27:19.606918+00:00,2026-09-25 12:27:19.607918+00:00,2026-09-25 12:27:19.608918+00:00,2026-09-25 12:27:19.609918+00:00,2026-09-25 12:27:19.599917+00:00,2026-09-25 12:27:19.611918+00:00,2026-09-25 12:27:19.612918+00:00,2026-09-25 12:27:19.613918+00:00,1.051065,0.9514159447798186,True,False,True,False,False,True,True,False,False,False,False,False,False,False,False,False
51,2026-09-25 10:58:14.978236+00:00,2026-09-25 12:27:20.465967+00:00,220.013,True,False,False,False,False,False,True,True,False,False,False,False,False,False,False,False,False,False,True,False,True,False,False,False,True,True,False,True,False,True,False,False,False,False,False,False,True,False,False,True,False,False,True,True,True,True,False,False,False,False,False,False,False,False,True,False,False,True,False,True,True,True,False,True,False,False,False,False,True,True,True,True,True,True,False,False,False,False,False,0,0,0,0,2026-09-25 12:27:20.245954+00:00,2026-09-25 12:27:20.382962+00:00,2026-09-25 12:27:20.383962+00:00,2026-09-25 12:27:20.384962+00:00,2026-09-25 12:27:20.385962+00:00,2026-09-25 12:27:20.386962+00:00,2026-09-25 12:27:20.387962+00:00,2026-09-25 12:27:20.399963+00:00,2026-09-25 12:27:20.389962+00:00,2026-09-25 12:27:20.390962+00:00,2026-09-25 12:27:20.391962+00:00,2026-09-25 12:27:20.392962+00:00,2026-09-25 12:27:20.393963+00:00,2026-09-25 12:27:20.394963+00:00,2026-09-25 12:27:20.395963+00:00,2026-09-25 12:27:20.396963+00:00,2026-09-25 12:27:20.397963+00:00,2026-09-25 12:27:20.398963+00:00,2026-09-25 12:27:20.388962+00:00,2026-09-25 12:27:20.400963+00:00,2026-09-25 12:27:20.412964+00:00,2026-09-25 12:27:20.402963+00:00,2026-09-25 12:27:20.414964+00:00,2026-09-25 12:27:20.404963+00:00,2026-09-25 12:27:20.405963+00:00,2026-09-25 12:27:20.406963+00:00,2026-09-25 12:27:20.407963+00:00,2026-09-25 12:27:20.408963+00:00,2026-09-25 12:27:20.409963+00:00,2026-09-25 12:27:20.421964+00:00,2026-09-25 12:27:20.411964+00:00,2026-09-25 12:27:20.401963+00:00,2026-09-25 12:27:20.413964+00:00,2026-09-25 12:27:20.415964+00:00,2026-09-25 12:27:20.416964+00:00,2026-09-25 12:27:20.417964+00:00,2026-09-25 12:27:20.418964+00:00,2026-09-25 12:27:20.419964+00:00,2026-09-25 12:27:20.420964+00:00,2026-09-25 12:27:20.410963+00:00,2026-09-25 12:27:20.422964+00:00,2026-09-25 12:27:20.423964+00:00,2026-09-25 12:27:20.424964+00:00,2026-09-25 12:27:20.425964+00:00,2026-09-25 12:27:20.426964+00:00,2026-09-25 12:27:20.427964+00:00,2026-09-25 12:27:20.428965+00:00,2026-09-25 12:27:20.429965+00:00,2026-09-25 12:27:20.430965+00:00,2026-09-25 12:27:20.431965+00:00,2026-09-25 12:27:20.432965+00:00,2026-09-25 12:27:20.433965+00:00,2026-09-25 12:27:20.434965+00:00,2026-09-25 12:27:20.435965+00:00,2026-09-25 12:27:20.447966+00:00,2026-09-25 12:27:20.437965+00:00,2026-09-25 12:27:20.438965+00:00,2026-09-25 12:27:20.439965+00:00,2026-09-25 12:27:20.440965+00:00,2026-09-25 12:27:20.441965+00:00,2026-09-25 12:27:20.442965+00:00,2026-09-25 12:27:20.443965+00:00,2026-09-25 12:27:20.444965+00:00,2026-09-25 12:27:20.445965+00:00,2026-09-25 12:27:20.446966+00:00,2026-09-25 12:27:20.436965+00:00,2026-09-25 12:27:20.448966+00:00,2026-09-25 12:27:20.460966+00:00,2026-09-25 12:27:20.450966+00:00,2026-09-25 12:27:20.451966+00:00,2026-09-25 12:27:20.452966+00:00,2026-09-25 12:27:20.464967+00:00,2026-09-25 12:27:20.454966+00:00,2026-09-25 12:27:20.455966+00:00,2026-09-25 12:27:20.456966+00:00,2026-09-25 12:27:20.457966+00:00,2026-09-25 12:27:20.458966+00:00,2026-09-25 12:27:20.459966+00:00,2026-09-25 12:27:20.449966+00:00,2026-09-25 12:27:20.461966+00:00,2026-09-25 12:27:20.462966+00:00,2026-09-25 12:27:20.463967+00:00,2026-09-25 12:27:20.465967+00:00,2026-09-25 12:27:20.465967+00:00,0.852497,1.1730246558052404,True,False,True,False,False,True,True,False,False,False,False,False,False,False,False,False
54,2026-09-25 10:58:16.049915+00:00,2026-09-25 12:27:21.538028+00:00,91.005,True,False,False,False,False,False,True,False,True,False,False,False,False,False,False,False,True,False,True,True,False,False,False,False,True,True,False,False,False,True,False,False,False,False,False,False,False,False,True,True,False,True,False,True,True,True,False,False,False,False,False,False,False,False,True,False,False,True,False,True,True,True,False,True,False,False,False,False,True,True,True,True,True,True,False,False,False,False,False,0,0,0,0,2026-09-25 12:27:21.447023+00:00,2026-09-25 12:27:21.454023+00:00,2026-09-25 12:27:21.455023+00:00,2026-09-25 12:27:21.457023+00:00,2026-09-25 12:27:21.470024+00:00,2026-09-25 12:27:21.460023+00:00,2026-09-25 12:27:21.461024+00:00,2026-09-25 12:27:21.462024+00:00,2026-09-25 12:27:21.463024+00:00,2026-09-25 12:27:21.464024+00:00,2026-09-25 12:27:21.465024+00:00,2026-09-25 12:27:21.466024+00:00,2026-09-25 12:27:21.467024+00:00,2026-09-25 12:27:21.479025+00:00,2026-09-25 12:27:21.469024+00:00,2026-09-25 12:27:21.459023+00:00,2026-09-25 12:27:21.471024+00:00,2026-09-25 12:27:21.472024+00:00,2026-09-25 12:27:21.473024+00:00,2026-09-25 12:27:21.485025+00:00,2026-09-25 12:27:21.475024+00:00,2026-09-25 12:27:21.476024+00:00,2026-09-25 12:27:21.477024+00:00,2026-09-25 12:27:21.478025+00:00,2026-09-25 12:27:21.468024+00:00,2026-09-25 12:27:21.480025+00:00,2026-09-25 12:27:21.481025+00:00,2026-09-25 12:27:21.482025+00:00,2026-09-25 12:27:21.483025+00:00,2026-09-25 12:27:21.484025+00:00,2026-09-25 12:27:21.474024+00:00,2026-09-25 12:27:21.486025+00:00,2026-09-25 12:27:21.487025+00:00,2026-09-25 12:27:21.488025+00:00,2026-09-25 12:27:21.489025+00:00,2026-09-25 12:27:21.490025+00:00,2026-09-25 12:27:21.491025+00:00,2026-09-25 12:27:21.492025+00:00,2026-09-25 12:27:21.493025+00:00,2026-09-25 12:27:21.494025+00:00,2026-09-25 12:27:21.495025+00:00,2026-09-25 12:27:21.496026+00:00,2026-09-25 12:27:21.497026+00:00,2026-09-25 12:27:21.498026+00:00,2026-09-25 12:27:21.499026+00:00,2026-09-25 12:27:21.511026+00:00,2026-09-25 12:27:21.501026+00:00,2026-09-25 12:27:21.502026+00:00,2026-09-25 12:27:21.515027+00:00,2026-09-25 12:27:21.504026+00:00,2026-09-25 12:27:21.516027+00:00,2026-09-25 12:27:21.506026+00:00,2026-09-25 12:27:21.507026+00:00,2026-09-25 12:27:21.508026+00:00,2026-09-25 12:27:21.520027+00:00,2026-09-25 12:27:21.510026+00:00,2026-09-25 12:27:21.500026+00:00,2026-09-25 12:27:21.512026+00:00,2026-09-25 12:27:21.513027+00:00,2026-09-25 12:27:21.514027+00:00,2026-09-25 12:27:21.505026+00:00,2026-09-25 12:27:21.517027+00:00,2026-09-25 12:27:21.518027+00:00,2026-09-25 12:27:21.530027+00:00,2026-09-25 12:27:21.509026+00:00,2026-09-25 12:27:21.521027+00:00,2026-09-25 12:27:21.522027+00:00,2026-09-25 12:27:21.534028+00:00,2026-09-25 12:27:21.524027+00:00,2026-09-25 12:27:21.525027+00:00,2026-09-25 12:27:21.526027+00:00,2026-09-25 12:27:21.527027+00:00,2026-09-25 12:27:21.528027+00:00,2026-09-25 12:27:21.529027+00:00,2026-09-25 12:27:21.519027+00:00,2026-09-25 12:27:21.531028+00:00,2026-09-25 12:27:21.532028+00:00,2026-09-25 12:27:21.533028+00:00,2026-09-25 12:27:21.523027+00:00,2026-09-25 12:27:21.535028+00:00,2026-09-25 12:27:21.536028+00:00,2026-09-25 12:27:21.537028+00:00,2026-09-25 12:27:21.538028+00:00,2026-09-25 12:27:21.538028+00:00,1.071679,0.9331152331994934,True,False,True,False,False,False,True,False,False,False,False,False,False,False,False,False
56,2026-09-25 10:58:16.814098+00:00,2026-09-25 12:27:22.247069+00:00,91.006,True,False,False,False,False,False,True,False,True,False,False,False,False,False,False,False,True,False,True,True,False,False,False,False,True,True,False,False,False,True,False,False,False,False,False,False,False,False,True,True,False,True,False,True,True,True,False,False,False,False,False,False,False,False,True,False,False,True,False,True,True,True,False,True,False,False,False,False,True,True,True,True,True,True,False,False,False,False,False,0,0,0,0,2026-09-25 12:27:22.156063+00:00,2026-09-25 12:27:22.165064+00:00,2026-09-25 12:27:22.177065+00:00,2026-09-25 12:27:22.167064+00:00,2026-09-25 12:27:22.168064+00:00,2026-09-25 12:27:22.169064+00:00,2026-09-25 12:27:22.170064+00:00,2026-09-25 12:27:22.171064+00:00,2026-09-25 12:27:22.172064+00:00,2026-09-25 12:27:22.173064+00:00,2026-09-25 12:27:22.174064+00:00,2026-09-25 12:27:22.186065+00:00,2026-09-25 12:27:22.176064+00:00,2026-09-25 12:27:22.166064+00:00,2026-09-25 12:27:22.178065+00:00,2026-09-25 12:27:22.179065+00:00,2026-09-25 12:27:22.180065+00:00,2026-09-25 12:27:22.181065+00:00,2026-09-25 12:27:22.182065+00:00,2026-09-25 12:27:22.183065+00:00,2026-09-25 12:27:22.184065+00:00,2026-09-25 12:27:22.185065+00:00,2026-09-25 12:27:22.175064+00:00,2026-09-25 12:27:22.187065+00:00,2026-09-25 12:27:22.188065+00:00,2026-09-25 12:27:22.189065+00:00,2026-09-25 12:27:22.190065+00:00,2026-09-25 12:27:22.191065+00:00,2026-09-25 12:27:22.192065+00:00,2026-09-25 12:27:22.193065+00:00,2026-09-25 12:27:22.194065+00:00,2026-09-25 12:27:22.195066+00:00,2026-09-25 12:27:22.196066+00:00,2026-09-25 12:27:22.197066+00:00,2026-09-25 12:27:22.198066+00:00,2026-09-25 12:27:22.199066+00:00,2026-09-25 12:27:22.200066+00:00,2026-09-25 12:27:22.201066+00:00,2026-09-25 12:27:22.213067+00:00,2026-09-25 12:27:22.203066+00:00,2026-09-25 12:27:22.204066+00:00,2026-09-25 12:27:22.205066+00:00,2026-09-25 12:27:22.206066+00:00,2026-09-25 12:27:22.207066+00:00,2026-09-25 12:27:22.208066+00:00,2026-09-25 12:27:22.209066+00:00,2026-09-25 12:27:22.210066+00:00,2026-09-25 12:27:22.211066+00:00,2026-09-25 12:27:22.212067+00:00,2026-09-25 12:27:22.214067+00:00,2026-09-25 12:27:22.215067+00:00,2026-09-25 12:27:22.216067+00:00,2026-09-25 12:27:22.217067+00:00,2026-09-25 12:27:22.218067+00:00,2026-09-25 12:27:22.219067+00:00,2026-09-25 12:27:22.220067+00:00,2026-09-25 12:27:22.221067+00:00,2026-09-25 12:27:22.222067+00:00,2026-09-25 12:27:22.223067+00:00,2026-09-25 12:27:22.224067+00:00,2026-09-25 12:27:22.225067+00:00,2026-09-25 12:27:22.226067+00:00,2026-09-25 12:27:22.227067+00:00,2026-09-25 12:27:22.228067+00:00,2026-09-25 12:27:22.229067+00:00,2026-09-25 12:27:22.230068+00:00,2026-09-25 12:27:22.231068+00:00,2026-09-25 12:27:22.232068+00:00,2026-09-25 12:27:22.233068+00:00,2026-09-25 12:27:22.234068+00:00,2026-09-25 12:27:22.235068+00:00,2026-09-25 12:27:22.236068+00:00,2026-09-25 12:27:22.237068+00:00,2026-09-25 12:27:22.238068+00:00,2026-09-25 12:27:22.239068+00:00,2026-09-25 12:27:22.240068+00:00,2026-09-25 12:27:22.241068+00:00,2026-09-25 12:27:22.242068+00:00,2026-09-25 12:27:22.243068+00:00,2026-09-25 12:27:22.244068+00:00,2026-09-25 12:27:22.245068+00:00,2026-09-25 12:27:22.246068+00:00,2026-09-25 12:27:22.247069+00:00,2026-09-25 12:27:22.247069+00:00,0.764183,1.3085870792728969,True,False,True,False,False,False,True,False,False,False,False,False,False,False,False,False
59,2026-09-25 10:58:17.877946+00:00,2026-09-25 12:27:23.366133+00:00,91.006,True,False,False,False,False,False,True,False,True,False,False,False,False,False,False,False,True,False,True,True,False,False,False,False,True,True,False,False,False,True,False,False,False,False,False,False,False,False,True,True,False,True,False,True,True,True,False,False,False,False,False,False,False,False,True,False,False,True,False,True,True,True,False,True,False,False,False,False,True,True,True,True,True,True,False,False,False,False,False,0,0,0,0,2026-09-25 12:27:23.275127+00:00,2026-09-25 12:27:23.281128+00:00,2026-09-25 12:27:23.282128+00:00,2026-09-25 12:27:23.284128+00:00,2026-09-25 12:27:23.286128+00:00,2026-09-25 12:27:23.287128+00:00,2026-09-25 12:27:23.288128+00:00,2026-09-25 12:27:23.289128+00:00,2026-09-25 12:27:23.290128+00:00,2026-09-25 12:27:23.291128+00:00,2026-09-25 12:27:23.292128+00:00,2026-09-25 12:27:23.293128+00:00,2026-09-25 12:27:23.294128+00:00,2026-09-25 12:27:23.295128+00:00,2026-09-25 12:27:23.296129+00:00,2026-09-25 12:27:23.308129+00:00,2026-09-25 12:27:23.298129+00:00,2026-09-25 12:27:23.299129+00:00,2026-09-25 12:27:23.300129+00:00,2026-09-25 12:27:23.301129+00:00,2026-09-25 12:27:23.302129+00:00,2026-09-25 12:27:23.315130+00:00,2026-09-25 12:27:23.304129+00:00,2026-09-25 12:27:23.305129+00:00,2026-09-25 12:27:23.306129+00:00,2026-09-25 12:27:23.307129+00:00,2026-09-25 12:27:23.297129+00:00,2026-09-25 12:27:23.309129+00:00,2026-09-25 12:27:23.310129+00:00,2026-09-25 12:27:23.311129+00:00,2026-09-25 12:27:23.312129+00:00,2026-09-25 12:27:23.314130+00:00,2026-09-25 12:27:23.303129+00:00,2026-09-25 12:27:23.316130+00:00,2026-09-25 12:27:23.317130+00:00,2026-09-25 12:27:23.318130+00:00,2026-09-25 12:27:23.319130+00:00,2026-09-25 12:27:23.320130+00:00,2026-09-25 12:27:23.321130+00:00,2026-09-25 12:27:23.322130+00:00,2026-09-25 12:27:23.323130+00:00,2026-09-25 12:27:23.324130+00:00,2026-09-25 12:27:23.336131+00:00,2026-09-25 12:27:23.326130+00:00,2026-09-25 12:27:23.327130+00:00,2026-09-25 12:27:23.339131+00:00,2026-09-25 12:27:23.329130+00:00,2026-09-25 12:27:23.330130+00:00,2026-09-25 12:27:23.331131+00:00,2026-09-25 12:27:23.332131+00:00,2026-09-25 12:27:23.333131+00:00,2026-09-25 12:27:23.334131+00:00,2026-09-25 12:27:23.335131+00:00,2026-09-25 12:27:23.325130+00:00,2026-09-25 12:27:23.337131+00:00,2026-09-25 12:27:23.338131+00:00,2026-09-25 12:27:23.328130+00:00,2026-09-25 12:27:23.340131+00:00,2026-09-25 12:27:23.341131+00:00,2026-09-25 12:27:23.342131+00:00,2026-09-25 12:27:23.343131+00:00,2026-09-25 12:27:23.344131+00:00,2026-09-25 12:27:23.345131+00:00,2026-09-25 12:27:23.357132+00:00,2026-09-25 12:27:23.347131+00:00,2026-09-25 12:27:23.348131+00:00,2026-09-25 12:27:23.349132+00:00,2026-09-25 12:27:23.350132+00:00,2026-09-25 12:27:23.351132+00:00,2026-09-25 12:27:23.363132+00:00,2026-09-25 12:27:23.353132+00:00,2026-09-25 12:27:23.354132+00:00,2026-09-25 12:27:23.355132+00:00,2026-09-25 12:27:23.356132+00:00,2026-09-25 12:27:23.346131+00:00,2026-09-25 12:27:23.358132+00:00,2026-09-25 12:27:23.359132+00:00,2026-09-25 12:27:23.360132+00:00,2026-09-25 12:27:23.361132+00:00,2026-09-25 12:27:23.362132+00:00,2026-09-25 12:27:23.364132+00:00,2026-09-25 12:27:23.365132+00:00,2026-09-25 12:27:23.366133+00:00,2026-09-25 12:27:23.366133+00:00,1.063848,0.9399839074755041,True,False,True,False,False,False,True,False,False,False,False,False,False,False,False,False
62,2026-09-25 10:58:19.067910+00:00,2026-09-25 12:27:24.552200+00:00,99.005,True,False,False,False,False,False,True,False,True,False,False,False,False,False,False,False,True,False,True,True,False,False,False,False,True,True,False,False,True,True,False,False,False,False,True,False,False,False,False,False,False,True,False,True,True,True,False,False,False,False,False,False,False,False,True,False,False,True,False,True,True,True,False,True,False,False,False,False,True,True,True,True,True,True,False,False,False,False,False,0,0,0,0,2026-09-25 12:27:24.453195+00:00,2026-09-25 12:27:24.463195+00:00,2026-09-25 12:27:24.464195+00:00,2026-09-25 12:27:24.465195+00:00,2026-09-25 12:27:24.466195+00:00,2026-09-25 12:27:24.468196+00:00,2026-09-25 12:27:24.469196+00:00,2026-09-25 12:27:24.470196+00:00,2026-09-25 12:27:24.471196+00:00,2026-09-25 12:27:24.472196+00:00,2026-09-25 12:27:24.473196+00:00,2026-09-25 12:27:24.474196+00:00,2026-09-25 12:27:24.475196+00:00,2026-09-25 12:27:24.476196+00:00,2026-09-25 12:27:24.477196+00:00,2026-09-25 12:27:24.478196+00:00,2026-09-25 12:27:24.479196+00:00,2026-09-25 12:27:24.480196+00:00,2026-09-25 12:27:24.481196+00:00,2026-09-25 12:27:24.482196+00:00,2026-09-25 12:27:24.483196+00:00,2026-09-25 12:27:24.484196+00:00,2026-09-25 12:27:24.485197+00:00,2026-09-25 12:27:24.486197+00:00,2026-09-25 12:27:24.487197+00:00,2026-09-25 12:27:24.488197+00:00,2026-09-25 12:27:24.489197+00:00,2026-09-25 12:27:24.490197+00:00,2026-09-25 12:27:24.491197+00:00,2026-09-25 12:27:24.492197+00:00,2026-09-25 12:27:24.504198+00:00,2026-09-25 12:27:24.494197+00:00,2026-09-25 12:27:24.495197+00:00,2026-09-25 12:27:24.496197+00:00,2026-09-25 12:27:24.497197+00:00,2026-09-25 12:27:24.498197+00:00,2026-09-25 12:27:24.499197+00:00,2026-09-25 12:27:24.500197+00:00,2026-09-25 12:27:24.512198+00:00,2026-09-25 12:27:24.502197+00:00,2026-09-25 12:27:24.503198+00:00,2026-09-25 12:27:24.493197+00:00,2026-09-25 12:27:24.505198+00:00,2026-09-25 12:27:24.518198+00:00,2026-09-25 12:27:24.519198+00:00,2026-09-25 12:27:24.508198+00:00,2026-09-25 12:27:24.509198+00:00,2026-09-25 12:27:24.510198+00:00,2026-09-25 12:27:24.511198+00:00,2026-09-25 12:27:24.513198+00:00,2026-09-25 12:27:24.514198+00:00,2026-09-25 12:27:24.516198+00:00,2026-09-25 12:27:24.517198+00:00,2026-09-25 12:27:24.506198+00:00,2026-09-25 12:27:24.507198+00:00,2026-09-25 12:27:24.520199+00:00,2026-09-25 12:27:24.521199+00:00,2026-09-25 12:27:24.522199+00:00,2026-09-25 12:27:24.523199+00:00,2026-09-25 12:27:24.524199+00:00,2026-09-25 12:27:24.525199+00:00,2026-09-25 12:27:24.526199+00:00,2026-09-25 12:27:24.527199+00:00,2026-09-25 12:27:24.528199+00:00,2026-09-25 12:27:24.529199+00:00,2026-09-25 12:27:24.542200+00:00,2026-09-25 12:27:24.531199+00:00,2026-09-25 12:27:24.532199+00:00,2026-09-25 12:27:24.533199+00:00,2026-09-25 12:27:24.534199+00:00,2026-09-25 12:27:24.535199+00:00,2026-09-25 12:27:24.536199+00:00,2026-09-25 12:27:24.537199+00:00,2026-09-25 12:27:24.538200+00:00,2026-09-25 12:27:24.539200+00:00,2026-09-25 12:27:24.540200+00:00,2026-09-25 12:27:24.530199+00:00,2026-09-25 12:27:24.544200+00:00,2026-09-25 12:27:24.546200+00:00,2026-09-25 12:27:24.548200+00:00,2026-09-25 12:27:24.549200+00:00,2026-09-25 12:27:24.550200+00:00,2026-09-25 12:27:24.552200+00:00,2026-09-25 12:27:24.552200+00:00,1.189964,0.840361557156351,True,False,True,False,False,False,True,False,False,False,False,False,False,False,False,False
64,2026-09-25 10:58:19.826649+00:00,2026-09-25 12:27:25.311244+00:00,100.006,True,False,False,False,False,False,True,False,True,False,False,False,False,False,False,False,True,False,True,True,False,False,False,False,True,True,False,False,True,True,False,False,False,False,True,False,False,False,False,True,True,True,False,True,True,True,False,False,False,False,False,False,False,False,True,False,False,True,False,True,True,True,False,True,False,False,False,False,True,True,True,True,True,True,False,False,False,False,False,0,0,0,0,2026-09-25 12:27:25.211238+00:00,2026-09-25 12:27:25.221239+00:00,2026-09-25 12:27:25.235239+00:00,2026-09-25 12:27:25.224239+00:00,2026-09-25 12:27:25.225239+00:00,2026-09-25 12:27:25.226239+00:00,2026-09-25 12:27:25.227239+00:00,2026-09-25 12:27:25.228239+00:00,2026-09-25 12:27:25.229239+00:00,2026-09-25 12:27:25.230239+00:00,2026-09-25 12:27:25.232239+00:00,2026-09-25 12:27:25.233239+00:00,2026-09-25 12:27:25.234239+00:00,2026-09-25 12:27:25.223239+00:00,2026-09-25 12:27:25.236239+00:00,2026-09-25 12:27:25.237240+00:00,2026-09-25 12:27:25.238240+00:00,2026-09-25 12:27:25.239240+00:00,2026-09-25 12:27:25.240240+00:00,2026-09-25 12:27:25.241240+00:00,2026-09-25 12:27:25.242240+00:00,2026-09-25 12:27:25.243240+00:00,2026-09-25 12:27:25.244240+00:00,2026-09-25 12:27:25.245240+00:00,2026-09-25 12:27:25.246240+00:00,2026-09-25 12:27:25.247240+00:00,2026-09-25 12:27:25.248240+00:00,2026-09-25 12:27:25.249240+00:00,2026-09-25 12:27:25.262241+00:00,2026-09-25 12:27:25.251240+00:00,2026-09-25 12:27:25.252240+00:00,2026-09-25 12:27:25.253240+00:00,2026-09-25 12:27:25.254241+00:00,2026-09-25 12:27:25.255241+00:00,2026-09-25 12:27:25.269241+00:00,2026-09-25 12:27:25.258241+00:00,2026-09-25 12:27:25.259241+00:00,2026-09-25 12:27:25.260241+00:00,2026-09-25 12:27:25.261241+00:00,2026-09-25 12:27:25.263241+00:00,2026-09-25 12:27:25.264241+00:00,2026-09-25 12:27:25.266241+00:00,2026-09-25 12:27:25.267241+00:00,2026-09-25 12:27:25.268241+00:00,2026-09-25 12:27:25.257241+00:00,2026-09-25 12:27:25.270241+00:00,2026-09-25 12:27:25.271241+00:00,2026-09-25 12:27:25.272242+00:00,2026-09-25 12:27:25.273242+00:00,2026-09-25 12:27:25.274242+00:00,2026-09-25 12:27:25.275242+00:00,2026-09-25 12:27:25.276242+00:00,2026-09-25 12:27:25.277242+00:00,2026-09-25 12:27:25.278242+00:00,2026-09-25 12:27:25.279242+00:00,2026-09-25 12:27:25.293243+00:00,2026-09-25 12:27:25.282242+00:00,2026-09-25 12:27:25.284242+00:00,2026-09-25 12:27:25.285242+00:00,2026-09-25 12:27:25.286242+00:00,2026-09-25 12:27:25.287242+00:00,2026-09-25 12:27:25.288242+00:00,2026-09-25 12:27:25.289243+00:00,2026-09-25 12:27:25.290243+00:00,2026-09-25 12:27:25.291243+00:00,2026-09-25 12:27:25.292243+00:00,2026-09-25 12:27:25.281242+00:00,2026-09-25 12:27:25.294243+00:00,2026-09-25 12:27:25.295243+00:00,2026-09-25 12:27:25.296243+00:00,2026-09-25 12:27:25.297243+00:00,2026-09-25 12:27:25.298243+00:00,2026-09-25 12:27:25.299243+00:00,2026-09-25 12:27:25.311244+00:00,2026-09-25 12:27:25.301243+00:00,2026-09-25 12:27:25.302243+00:00,2026-09-25 12:27:25.303243+00:00,2026-09-25 12:27:25.305243+00:00,2026-09-25 12:27:25.306243+00:00,2026-09-25 12:27:25.307244+00:00,2026-09-25 12:27:25.308244+00:00,2026-09-25 12:27:25.309244+00:00,2026-09-25 12:27:25.310244+00:00,2026-09-25 12:27:25.311244+00:00,0.758739,1.3179762737911191,True,False,True,False,False,False,True,False,False,False,False,False,False,False,False,False
67,2026-09-25 10:58:21.073311+00:00,2026-09-25 12:27:26.561315+00:00,92.005,True,False,False,False,False,False,True,False,True,False,False,False,False,False,False,False,True,False,True,True,False,False,False,False,True,True,False,False,True,True,False,False,False,False,True,False,False,False,False,False,False,True,False,True,True,True,False,False,False,False,False,False,False,False,True,False,False,True,False,True,True,True,False,True,False,False,False,False,True,True,True,True,True,True,False,False,False,False,False,0,0,0,0,2026-09-25 12:27:26.469310+00:00,2026-09-25 12:27:26.478311+00:00,2026-09-25 12:27:26.489311+00:00,2026-09-25 12:27:26.480311+00:00,2026-09-25 12:27:26.481311+00:00,2026-09-25 12:27:26.482311+00:00,2026-09-25 12:27:26.483311+00:00,2026-09-25 12:27:26.484311+00:00,2026-09-25 12:27:26.485311+00:00,2026-09-25 12:27:26.486311+00:00,2026-09-25 12:27:26.487311+00:00,2026-09-25 12:27:26.488311+00:00,2026-09-25 12:27:26.479311+00:00,2026-09-25 12:27:26.490311+00:00,2026-09-25 12:27:26.491311+00:00,2026-09-25 12:27:26.492311+00:00,2026-09-25 12:27:26.493311+00:00,2026-09-25 12:27:26.494311+00:00,2026-09-25 12:27:26.517313+00:00,2026-09-25 12:27:26.496312+00:00,2026-09-25 12:27:26.497312+00:00,2026-09-25 12:27:26.498312+00:00,2026-09-25 12:27:26.511312+00:00,2026-09-25 12:27:26.500312+00:00,2026-09-25 12:27:26.501312+00:00,2026-09-25 12:27:26.502312+00:00,2026-09-25 12:27:26.503312+00:00,2026-09-25 12:27:26.504312+00:00,2026-09-25 12:27:26.505312+00:00,2026-09-25 12:27:26.495311+00:00,2026-09-25 12:27:26.507312+00:00,2026-09-25 12:27:26.508312+00:00,2026-09-25 12:27:26.509312+00:00,2026-09-25 12:27:26.510312+00:00,2026-09-25 12:27:26.512312+00:00,2026-09-25 12:27:26.513313+00:00,2026-09-25 12:27:26.514313+00:00,2026-09-25 12:27:26.515313+00:00,2026-09-25 12:27:26.516313+00:00,2026-09-25 12:27:26.506312+00:00,2026-09-25 12:27:26.518313+00:00,2026-09-25 12:27:26.519313+00:00,2026-09-25 12:27:26.520313+00:00,2026-09-25 12:27:26.521313+00:00,2026-09-25 12:27:26.522313+00:00,2026-09-25 12:27:26.523313+00:00,2026-09-25 12:27:26.524313+00:00,2026-09-25 12:27:26.525313+00:00,2026-09-25 12:27:26.537314+00:00,2026-09-25 12:27:26.527313+00:00,2026-09-25 12:27:26.528313+00:00,2026-09-25 12:27:26.529313+00:00,2026-09-25 12:27:26.530313+00:00,2026-09-25 12:27:26.531314+00:00,2026-09-25 12:27:26.532314+00:00,2026-09-25 12:27:26.533314+00:00,2026-09-25 12:27:26.534314+00:00,2026-09-25 12:27:26.535314+00:00,2026-09-25 12:27:26.536314+00:00,2026-09-25 12:27:26.526313+00:00,2026-09-25 12:27:26.538314+00:00,2026-09-25 12:27:26.539314+00:00,2026-09-25 12:27:26.540314+00:00,2026-09-25 12:27:26.541314+00:00,2026-09-25 12:27:26.542314+00:00,2026-09-25 12:27:26.543314+00:00,2026-09-25 12:27:26.544314+00:00,2026-09-25 12:27:26.545314+00:00,2026-09-25 12:27:26.546314+00:00,2026-09-25 12:27:26.547314+00:00,2026-09-25 12:27:26.548315+00:00,2026-09-25 12:27:26.560315+00:00,2026-09-25 12:27:26.550315+00:00,2026-09-25 12:27:26.551315+00:00,2026-09-25 12:27:26.552315+00:00,2026-09-25 12:27:26.553315+00:00,2026-09-25 12:27:26.554315+00:00,2026-09-25 12:27:26.555315+00:00,2026-09-25 12:27:26.556315+00:00,2026-09-25 12:27:26.557315+00:00,2026-09-25 12:27:26.558315+00:00,2026-09-25 12:27:26.559315+00:00,2026-09-25 12:27:26.561315+00:00,2026-09-25 12:27:26.561315+00:00,1.246662,0.8021420401038935,True,False,True,False,False,False,True,False,False,False,False,False,False,False,False,False
69,2026-09-25 10:58:21.907162+00:00,2026-09-25 12:27:27.329359+00:00,97.005,True,False,False,False,False,False,True,False,True,False,False,False,False,False,False,False,True,False,True,True,False,False,False,False,True,True,False,False,True,True,False,False,False,False,True,False,False,False,False,False,False,True,False,True,True,True,False,False,False,False,False,False,False,False,True,False,False,True,False,True,True,True,False,True,False,False,False,False,True,True,True,True,True,True,False,False,False,False,False,0,0,0,0,2026-09-25 12:27:27.232354+00:00,2026-09-25 12:27:27.246354+00:00,2026-09-25 12:27:27.247355+00:00,2026-09-25 12:27:27.248355+00:00,2026-09-25 12:27:27.260355+00:00,2026-09-25 12:27:27.250355+00:00,2026-09-25 12:27:27.251355+00:00,2026-09-25 12:27:27.252355+00:00,2026-09-25 12:27:27.253355+00:00,2026-09-25 12:27:27.254355+00:00,2026-09-25 12:27:27.255355+00:00,2026-09-25 12:27:27.267356+00:00,2026-09-25 12:27:27.268356+00:00,2026-09-25 12:27:27.258355+00:00,2026-09-25 12:27:27.259355+00:00,2026-09-25 12:27:27.261355+00:00,2026-09-25 12:27:27.262355+00:00,2026-09-25 12:27:27.263355+00:00,2026-09-25 12:27:27.264355+00:00,2026-09-25 12:27:27.265356+00:00,2026-09-25 12:27:27.266356+00:00,2026-09-25 12:27:27.256355+00:00,2026-09-25 12:27:27.257355+00:00,2026-09-25 12:27:27.269356+00:00,2026-09-25 12:27:27.270356+00:00,2026-09-25 12:27:27.271356+00:00,2026-09-25 12:27:27.272356+00:00,2026-09-25 12:27:27.273356+00:00,2026-09-25 12:27:27.274356+00:00,2026-09-25 12:27:27.275356+00:00,2026-09-25 12:27:27.276356+00:00,2026-09-25 12:27:27.277356+00:00,2026-09-25 12:27:27.278356+00:00,2026-09-25 12:27:27.279356+00:00,2026-09-25 12:27:27.280356+00:00,2026-09-25 12:27:27.281356+00:00,2026-09-25 12:27:27.282357+00:00,2026-09-25 12:27:27.283357+00:00,2026-09-25 12:27:27.284357+00:00,2026-09-25 12:27:27.285357+00:00,2026-09-25 12:27:27.286357+00:00,2026-09-25 12:27:27.287357+00:00,2026-09-25 12:27:27.288357+00:00,2026-09-25 12:27:27.289357+00:00,2026-09-25 12:27:27.290357+00:00,2026-09-25 12:27:27.291357+00:00,2026-09-25 12:27:27.292357+00:00,2026-09-25 12:27:27.293357+00:00,2026-09-25 12:27:27.294357+00:00,2026-09-25 12:27:27.295357+00:00,2026-09-25 12:27:27.296357+00:00,2026-09-25 12:27:27.297357+00:00,2026-09-25 12:27:27.298357+00:00,2026-09-25 12:27:27.310358+00:00,2026-09-25 12:27:27.300358+00:00,2026-09-25 12:27:27.301358+00:00,2026-09-25 12:27:27.302358+00:00,2026-09-25 12:27:27.314358+00:00,2026-09-25 12:27:27.304358+00:00,2026-09-25 12:27:27.305358+00:00,2026-09-25 12:27:27.306358+00:00,2026-09-25 12:27:27.307358+00:00,2026-09-25 12:27:27.308358+00:00,2026-09-25 12:27:27.309358+00:00,2026-09-25 12:27:27.311358+00:00,2026-09-25 12:27:27.312358+00:00,2026-09-25 12:27:27.313358+00:00,2026-09-25 12:27:27.303358+00:00,2026-09-25 12:27:27.315358+00:00,2026-09-25 12:27:27.316358+00:00,2026-09-25 12:27:27.317359+00:00,2026-09-25 12:27:27.318359+00:00,2026-09-25 12:27:27.319359+00:00,2026-09-25 12:27:27.320359+00:00,2026-09-25 12:27:27.321359+00:00,2026-09-25 12:27:27.322359+00:00,2026-09-25 12:27:27.323359+00:00,2026-09-25 12:27:27.324359+00:00,2026-09-25 12:27:27.325359+00:00,2026-09-25 12:27:27.326359+00:00,2026-09-25 12:27:27.327359+00:00,2026-09-25 12:27:27.328359+00:00,2026-09-25 12:27:27.329359+00:00,2026-09-25 12:27:27.329359+00:00,0.833851,1.199255022779849,True,False,True,False,False,False,True,False,False,False,False,False,False,False,False,False
72,2026-09-25 10:58:23.099361+00:00,2026-09-25 12:27:28.506427+00:00,99.006,True,False,False,False,False,False,True,False,True,False,False,False,False,False,False,False,True,False,True,True,False,False,False,False,True,True,False,False,True,True,False,False,False,False,True,False,False,False,False,True,True,True,False,True,True,True,False,False,False,False,False,False,False,False,True,False,False,True,False,True,True,True,False,True,False,False,False,False,True,True,True,True,True,True,False,False,False,False,False,0,0,0,0,2026-09-25 12:27:28.407421+00:00,2026-09-25 12:27:28.423422+00:00,2026-09-25 12:27:28.424422+00:00,2026-09-25 12:27:28.425422+00:00,2026-09-25 12:27:28.426422+00:00,2026-09-25 12:27:28.427422+00:00,2026-09-25 12:27:28.428422+00:00,2026-09-25 12:27:28.429422+00:00,2026-09-25 12:27:28.430422+00:00,2026-09-25 12:27:28.431422+00:00,2026-09-25 12:27:28.432422+00:00,2026-09-25 12:27:28.433422+00:00,2026-09-25 12:27:28.434422+00:00,2026-09-25 12:27:28.435422+00:00,2026-09-25 12:27:28.436423+00:00,2026-09-25 12:27:28.437423+00:00,2026-09-25 12:27:28.438423+00:00,2026-09-25 12:27:28.439423+00:00,2026-09-25 12:27:28.440423+00:00,2026-09-25 12:27:28.441423+00:00,2026-09-25 12:27:28.442423+00:00,2026-09-25 12:27:28.443423+00:00,2026-09-25 12:27:28.444423+00:00,2026-09-25 12:27:28.456424+00:00,2026-09-25 12:27:28.446423+00:00,2026-09-25 12:27:28.447423+00:00,2026-09-25 12:27:28.459424+00:00,2026-09-25 12:27:28.449423+00:00,2026-09-25 12:27:28.450423+00:00,2026-09-25 12:27:28.451423+00:00,2026-09-25 12:27:28.452423+00:00,2026-09-25 12:27:28.453423+00:00,2026-09-25 12:27:28.454424+00:00,2026-09-25 12:27:28.455424+00:00,2026-09-25 12:27:28.445423+00:00,2026-09-25 12:27:28.457424+00:00,2026-09-25 12:27:28.458424+00:00,2026-09-25 12:27:28.460424+00:00,2026-09-25 12:27:28.461424+00:00,2026-09-25 12:27:28.462424+00:00,2026-09-25 12:27:28.463424+00:00,2026-09-25 12:27:28.464424+00:00,2026-09-25 12:27:28.465424+00:00,2026-09-25 12:27:28.466424+00:00,2026-09-25 12:27:28.467424+00:00,2026-09-25 12:27:28.468424+00:00,2026-09-25 12:27:28.469424+00:00,2026-09-25 12:27:28.470424+00:00,2026-09-25 12:27:28.471425+00:00,2026-09-25 12:27:28.472425+00:00,2026-09-25 12:27:28.473425+00:00,2026-09-25 12:27:28.474425+00:00,2026-09-25 12:27:28.475425+00:00,2026-09-25 12:27:28.476425+00:00,2026-09-25 12:27:28.477425+00:00,2026-09-25 12:27:28.478425+00:00,2026-09-25 12:27:28.479425+00:00,2026-09-25 12:27:28.480425+00:00,2026-09-25 12:27:28.481425+00:00,2026-09-25 12:27:28.482425+00:00,2026-09-25 12:27:28.483425+00:00,2026-09-25 12:27:28.484425+00:00,2026-09-25 12:27:28.485425+00:00,2026-09-25 12:27:28.486425+00:00,2026-09-25 12:27:28.487425+00:00,2026-09-25 12:27:28.488425+00:00,2026-09-25 12:27:28.489426+00:00,2026-09-25 12:27:28.490426+00:00,2026-09-25 12:27:28.491426+00:00,2026-09-25 12:27:28.492426+00:00,2026-09-25 12:27:28.493426+00:00,2026-09-25 12:27:28.494426+00:00,2026-09-25 12:27:28.495426+00:00,2026-09-25 12:27:28.496426+00:00,2026-09-25 12:27:28.497426+00:00,2026-09-25 12:27:28.506427+00:00,2026-09-25 12:27:28.499426+00:00,2026-09-25 12:27:28.500426+00:00,2026-09-25 12:27:28.501426+00:00,2026-09-25 12:27:28.502426+00:00,2026-09-25 12:27:28.503426+00:00,2026-09-25 12:27:28.504426+00:00,2026-09-25 12:27:28.505426+00:00,2026-09-25 12:27:28.506427+00:00,1.192199,0.8387861422463867,True,False,True,False,False,False,True,False,False,False,False,False,False,False,False,False
74,2026-09-25 10:58:23.841587+00:00,2026-09-25 12:27:29.329474+00:00,89.005,True,False,False,False,True,False,True,False,True,False,False,False,False,False,False,False,False,False,True,False,True,False,False,False,True,True,False,False,True,True,False,False,False,False,True,False,False,False,False,True,True,True,False,True,True,True,False,False,False,False,False,False,False,False,True,False,False,True,False,True,True,True,False,True,False,False,False,False,True,True,True,True,True,True,False,False,False,False,False,0,0,0,0,2026-09-25 12:27:29.240469+00:00,2026-09-25 12:27:29.246469+00:00,2026-09-25 12:27:29.258470+00:00,2026-09-25 12:27:29.248469+00:00,2026-09-25 12:27:29.249469+00:00,2026-09-25 12:27:29.250469+00:00,2026-09-25 12:27:29.251469+00:00,2026-09-25 12:27:29.252469+00:00,2026-09-25 12:27:29.253469+00:00,2026-09-25 12:27:29.254469+00:00,2026-09-25 12:27:29.255469+00:00,2026-09-25 12:27:29.267470+00:00,2026-09-25 12:27:29.268470+00:00,2026-09-25 12:27:29.259470+00:00,2026-09-25 12:27:29.260470+00:00,2026-09-25 12:27:29.261470+00:00,2026-09-25 12:27:29.262470+00:00,2026-09-25 12:27:29.263470+00:00,2026-09-25 12:27:29.264470+00:00,2026-09-25 12:27:29.265470+00:00,2026-09-25 12:27:29.266470+00:00,2026-09-25 12:27:29.256469+00:00,2026-09-25 12:27:29.257469+00:00,2026-09-25 12:27:29.269470+00:00,2026-09-25 12:27:29.270470+00:00,2026-09-25 12:27:29.271470+00:00,2026-09-25 12:27:29.283471+00:00,2026-09-25 12:27:29.284471+00:00,2026-09-25 12:27:29.274470+00:00,2026-09-25 12:27:29.275471+00:00,2026-09-25 12:27:29.276471+00:00,2026-09-25 12:27:29.277471+00:00,2026-09-25 12:27:29.278471+00:00,2026-09-25 12:27:29.279471+00:00,2026-09-25 12:27:29.280471+00:00,2026-09-25 12:27:29.281471+00:00,2026-09-25 12:27:29.282471+00:00,2026-09-25 12:27:29.272470+00:00,2026-09-25 12:27:29.273470+00:00,2026-09-25 12:27:29.285471+00:00,2026-09-25 12:27:29.286471+00:00,2026-09-25 12:27:29.287471+00:00,2026-09-25 12:27:29.288471+00:00,2026-09-25 12:27:29.289471+00:00,2026-09-25 12:27:29.290471+00:00,2026-09-25 12:27:29.291471+00:00,2026-09-25 12:27:29.292471+00:00,2026-09-25 12:27:29.293472+00:00,2026-09-25 12:27:29.294472+00:00,2026-09-25 12:27:29.295472+00:00,2026-09-25 12:27:29.296472+00:00,2026-09-25 12:27:29.308472+00:00,2026-09-25 12:27:29.298472+00:00,2026-09-25 12:27:29.299472+00:00,2026-09-25 12:27:29.300472+00:00,2026-09-25 12:27:29.301472+00:00,2026-09-25 12:27:29.302472+00:00,2026-09-25 12:27:29.303472+00:00,2026-09-25 12:27:29.304472+00:00,2026-09-25 12:27:29.305472+00:00,2026-09-25 12:27:29.306472+00:00,2026-09-25 12:27:29.307472+00:00,2026-09-25 12:27:29.309472+00:00,2026-09-25 12:27:29.310473+00:00,2026-09-25 12:27:29.311473+00:00,2026-09-25 12:27:29.312473+00:00,2026-09-25 12:27:29.313473+00:00,2026-09-25 12:27:29.325473+00:00,2026-09-25 12:27:29.315473+00:00,2026-09-25 12:27:29.316473+00:00,2026-09-25 12:27:29.317473+00:00,2026-09-25 12:27:29.318473+00:00,2026-09-25 12:27:29.319473+00:00,2026-09-25 12:27:29.320473+00:00,2026-09-25 12:27:29.321473+00:00,2026-09-25 12:27:29.322473+00:00,2026-09-25 12:27:29.323473+00:00,2026-09-25 12:27:29.324473+00:00,2026-09-25 12:27:29.314473+00:00,2026-09-25 12:27:29.326473+00:00,2026-09-25 12:27:29.327473+00:00,2026-09-25 12:27:29.328474+00:00,2026-09-25 12:27:29.329474+00:00,2026-09-25 12:27:29.329474+00:00,0.742226,1.34729853171406,True,False,True,False,False,False,True,False,False,False,False,False,False,False,False,False
78,2026-09-25 10:58:25.356986+00:00,2026-09-25 12:27:30.844560+00:00,90.005,True,False,False,False,True,False,True,False,False,False,False,False,False,False,False,False,False,False,True,False,False,False,False,True,True,True,False,False,False,True,False,False,False,False,False,False,False,True,False,False,True,True,False,True,False,False,False,False,False,True,False,True,False,False,True,False,False,False,True,False,True,True,False,True,False,False,False,False,True,True,True,True,True,True,False,False,False,False,False,0,44,0,43,2026-09-25 12:27:30.754555+00:00,2026-09-25 12:27:30.761556+00:00,2026-09-25 12:27:30.762556+00:00,2026-09-25 12:27:30.763556+00:00,2026-09-25 12:27:30.764556+00:00,2026-09-25 12:27:30.765556+00:00,2026-09-25 12:27:30.766556+00:00,2026-09-25 12:27:30.767556+00:00,2026-09-25 12:27:30.768556+00:00,2026-09-25 12:27:30.769556+00:00,2026-09-25 12:27:30.770556+00:00,2026-09-25 12:27:30.771556+00:00,2026-09-25 12:27:30.772556+00:00,2026-09-25 12:27:30.773556+00:00,2026-09-25 12:27:30.774556+00:00,2026-09-25 12:27:30.775556+00:00,2026-09-25 12:27:30.776556+00:00,2026-09-25 12:27:30.777556+00:00,2026-09-25 12:27:30.778556+00:00,2026-09-25 12:27:30.779557+00:00,2026-09-25 12:27:30.780557+00:00,2026-09-25 12:27:30.781557+00:00,2026-09-25 12:27:30.782557+00:00,2026-09-25 12:27:30.783557+00:00,2026-09-25 12:27:30.784557+00:00,2026-09-25 12:27:30.785557+00:00,2026-09-25 12:27:30.786557+00:00,2026-09-25 12:27:30.787557+00:00,2026-09-25 12:27:30.788557+00:00,2026-09-25 12:27:30.789557+00:00,2026-09-25 12:27:30.790557+00:00,2026-09-25 12:27:30.791557+00:00,2026-09-25 12:27:30.792557+00:00,2026-09-25 12:27:30.793557+00:00,2026-09-25 12:27:30.794557+00:00,2026-09-25 12:27:30.795557+00:00,2026-09-25 12:27:30.808558+00:00,2026-09-25 12:27:30.798558+00:00,2026-09-25 12:27:30.799558+00:00,2026-09-25 12:27:30.800558+00:00,2026-09-25 12:27:30.801558+00:00,2026-09-25 12:27:30.802558+00:00,2026-09-25 12:27:30.803558+00:00,2026-09-25 12:27:30.804558+00:00,2026-09-25 12:27:30.805558+00:00,2026-09-25 12:27:30.806558+00:00,2026-09-25 12:27:30.807558+00:00,2026-09-25 12:27:30.797558+00:00,2026-09-25 12:27:30.810558+00:00,2026-09-25 12:27:30.811558+00:00,2026-09-25 12:27:30.812558+00:00,2026-09-25 12:27:30.813558+00:00,2026-09-25 12:27:30.814559+00:00,2026-09-25 12:27:30.815559+00:00,2026-09-25 12:27:30.816559+00:00,2026-09-25 12:27:30.817559+00:00,2026-09-25 12:27:30.818559+00:00,2026-09-25 12:27:30.819559+00:00,2026-09-25 12:27:30.820559+00:00,2026-09-25 12:27:30.821559+00:00,2026-09-25 12:27:30.822559+00:00,2026-09-25 12:27:30.823559+00:00,2026-09-25 12:27:30.824559+00:00,2026-09-25 12:27:30.825559+00:00,2026-09-25 12:27:30.826559+00:00,2026-09-25 12:27:30.827559+00:00,2026-09-25 12:27:30.828559+00:00,2026-09-25 12:27:30.829559+00:00,2026-09-25 12:27:30.830559+00:00,2026-09-25 12:27:30.831560+00:00,2026-09-25 12:27:30.843560+00:00,2026-09-25 12:27:30.833560+00:00,2026-09-25 12:27:30.834560+00:00,2026-09-25 12:27:30.835560+00:00,2026-09-25 12:27:30.836560+00:00,2026-09-25 12:27:30.837560+00:00,2026-09-25 12:27:30.838560+00:00,2026-09-25 12:27:30.839560+00:00,2026-09-25 12:27:30.840560+00:00,2026-09-25 12:27:30.841560+00:00,2026-09-25 12:27:30.842560+00:00,2026-09-25 12:27:30.832560+00:00,2026-09-25 12:27:30.844560+00:00,2026-09-25 12:27:30.844560+00:00,1.515399,0.659892213205895,True,True,False,False,False,True,True,False,False,False,False,False,False,False,False,False
80,2026-09-25 10:58:26.171448+00:00,2026-09-25 12:27:31.544600+00:00,91.005,False,False,False,False,True,False,True,False,False,True,False,False,False,False,False,False,False,False,False,False,False,False,False,True,True,True,False,False,False,True,False,False,False,False,False,False,False,True,False,False,True,True,False,True,False,False,False,False,False,False,False,True,False,False,True,False,False,False,False,True,True,True,False,True,False,False,False,False,True,True,True,True,True,True,False,False,False,False,False,0,175,0,181,2026-09-25 12:27:31.453595+00:00,2026-09-25 12:27:31.462596+00:00,2026-09-25 12:27:31.463596+00:00,2026-09-25 12:27:31.464596+00:00,2026-09-25 12:27:31.465596+00:00,2026-09-25 12:27:31.466596+00:00,2026-09-25 12:27:31.467596+00:00,2026-09-25 12:27:31.468596+00:00,2026-09-25 12:27:31.469596+00:00,2026-09-25 12:27:31.470596+00:00,2026-09-25 12:27:31.482597+00:00,2026-09-25 12:27:31.483597+00:00,2026-09-25 12:27:31.484597+00:00,2026-09-25 12:27:31.474596+00:00,2026-09-25 12:27:31.475596+00:00,2026-09-25 12:27:31.476596+00:00,2026-09-25 12:27:31.477596+00:00,2026-09-25 12:27:31.478597+00:00,2026-09-25 12:27:31.479597+00:00,2026-09-25 12:27:31.480597+00:00,2026-09-25 12:27:31.481597+00:00,2026-09-25 12:27:31.471596+00:00,2026-09-25 12:27:31.472596+00:00,2026-09-25 12:27:31.473596+00:00,2026-09-25 12:27:31.485597+00:00,2026-09-25 12:27:31.486597+00:00,2026-09-25 12:27:31.487597+00:00,2026-09-25 12:27:31.488597+00:00,2026-09-25 12:27:31.500598+00:00,2026-09-25 12:27:31.490597+00:00,2026-09-25 12:27:31.491597+00:00,2026-09-25 12:27:31.492597+00:00,2026-09-25 12:27:31.493597+00:00,2026-09-25 12:27:31.494597+00:00,2026-09-25 12:27:31.495597+00:00,2026-09-25 12:27:31.507598+00:00,2026-09-25 12:27:31.497598+00:00,2026-09-25 12:27:31.498598+00:00,2026-09-25 12:27:31.499598+00:00,2026-09-25 12:27:31.489597+00:00,2026-09-25 12:27:31.501598+00:00,2026-09-25 12:27:31.502598+00:00,2026-09-25 12:27:31.503598+00:00,2026-09-25 12:27:31.504598+00:00,2026-09-25 12:27:31.505598+00:00,2026-09-25 12:27:31.506598+00:00,2026-09-25 12:27:31.508598+00:00,2026-09-25 12:27:31.509598+00:00,2026-09-25 12:27:31.510598+00:00,2026-09-25 12:27:31.511598+00:00,2026-09-25 12:27:31.512598+00:00,2026-09-25 12:27:31.513599+00:00,2026-09-25 12:27:31.514599+00:00,2026-09-25 12:27:31.515599+00:00,2026-09-25 12:27:31.516599+00:00,2026-09-25 12:27:31.517599+00:00,2026-09-25 12:27:31.518599+00:00,2026-09-25 12:27:31.530599+00:00,2026-09-25 12:27:31.520599+00:00,2026-09-25 12:27:31.521599+00:00,2026-09-25 12:27:31.522599+00:00,2026-09-25 12:27:31.523599+00:00,2026-09-25 12:27:31.524599+00:00,2026-09-25 12:27:31.525599+00:00,2026-09-25 12:27:31.526599+00:00,2026-09-25 12:27:31.527599+00:00,2026-09-25 12:27:31.528599+00:00,2026-09-25 12:27:31.529599+00:00,2026-09-25 12:27:31.519599+00:00,2026-09-25 12:27:31.531600+00:00,2026-09-25 12:27:31.532600+00:00,2026-09-25 12:27:31.533600+00:00,2026-09-25 12:27:31.534600+00:00,2026-09-25 12:27:31.535600+00:00,2026-09-25 12:27:31.536600+00:00,2026-09-25 12:27:31.537600+00:00,2026-09-25 12:27:31.538600+00:00,2026-09-25 12:27:31.539600+00:00,2026-09-25 12:27:31.540600+00:00,2026-09-25 12:27:31.541600+00:00,2026-09-25 12:27:31.542600+00:00,2026-09-25 12:27:31.543600+00:00,2026-09-25 12:27:31.544600+00:00,2026-09-25 12:27:31.544600+00:00,0.814462,1.2278043665634493,True,True,True,False,False,True,True,False,False,False,False,False,False,False,False,False
82,2026-09-25 10:58:26.891270+00:00,2026-09-25 12:27:32.376648+00:00,97.006,False,False,False,False,True,False,True,False,True,True,False,False,False,False,False,False,False,False,False,False,False,False,False,True,True,True,False,False,False,True,False,False,False,False,False,False,False,True,False,False,True,True,False,True,False,False,False,False,False,False,False,True,False,False,True,False,False,False,True,False,True,True,False,True,False,False,False,False,True,True,True,True,True,True,False,False,False,False,False,0,175,0,346,2026-09-25 12:27:32.279642+00:00,2026-09-25 12:27:32.293643+00:00,2026-09-25 12:27:32.294643+00:00,2026-09-25 12:27:32.295643+00:00,2026-09-25 12:27:32.308644+00:00,2026-09-25 12:27:32.297643+00:00,2026-09-25 12:27:32.298643+00:00,2026-09-25 12:27:32.299643+00:00,2026-09-25 12:27:32.300644+00:00,2026-09-25 12:27:32.301644+00:00,2026-09-25 12:27:32.302644+00:00,2026-09-25 12:27:32.303644+00:00,2026-09-25 12:27:32.304644+00:00,2026-09-25 12:27:32.305644+00:00,2026-09-25 12:27:32.307644+00:00,2026-09-25 12:27:32.296643+00:00,2026-09-25 12:27:32.309644+00:00,2026-09-25 12:27:32.310644+00:00,2026-09-25 12:27:32.311644+00:00,2026-09-25 12:27:32.312644+00:00,2026-09-25 12:27:32.324645+00:00,2026-09-25 12:27:32.325645+00:00,2026-09-25 12:27:32.315644+00:00,2026-09-25 12:27:32.316644+00:00,2026-09-25 12:27:32.317645+00:00,2026-09-25 12:27:32.318645+00:00,2026-09-25 12:27:32.319645+00:00,2026-09-25 12:27:32.320645+00:00,2026-09-25 12:27:32.321645+00:00,2026-09-25 12:27:32.322645+00:00,2026-09-25 12:27:32.323645+00:00,2026-09-25 12:27:32.313644+00:00,2026-09-25 12:27:32.314644+00:00,2026-09-25 12:27:32.326645+00:00,2026-09-25 12:27:32.327645+00:00,2026-09-25 12:27:32.328645+00:00,2026-09-25 12:27:32.340646+00:00,2026-09-25 12:27:32.330645+00:00,2026-09-25 12:27:32.331645+00:00,2026-09-25 12:27:32.332645+00:00,2026-09-25 12:27:32.333645+00:00,2026-09-25 12:27:32.334645+00:00,2026-09-25 12:27:32.335646+00:00,2026-09-25 12:27:32.336646+00:00,2026-09-25 12:27:32.337646+00:00,2026-09-25 12:27:32.338646+00:00,2026-09-25 12:27:32.339646+00:00,2026-09-25 12:27:32.329645+00:00,2026-09-25 12:27:32.341646+00:00,2026-09-25 12:27:32.342646+00:00,2026-09-25 12:27:32.343646+00:00,2026-09-25 12:27:32.344646+00:00,2026-09-25 12:27:32.356647+00:00,2026-09-25 12:27:32.346646+00:00,2026-09-25 12:27:32.347646+00:00,2026-09-25 12:27:32.348646+00:00,2026-09-25 12:27:32.349646+00:00,2026-09-25 12:27:32.350646+00:00,2026-09-25 12:27:32.351646+00:00,2026-09-25 12:27:32.352647+00:00,2026-09-25 12:27:32.353647+00:00,2026-09-25 12:27:32.354647+00:00,2026-09-25 12:27:32.366647+00:00,2026-09-25 12:27:32.357647+00:00,2026-09-25 12:27:32.358647+00:00,2026-09-25 12:27:32.359647+00:00,2026-09-25 12:27:32.360647+00:00,2026-09-25 12:27:32.361647+00:00,2026-09-25 12:27:32.362647+00:00,2026-09-25 12:27:32.363647+00:00,2026-09-25 12:27:32.364647+00:00,2026-09-25 12:27:32.365647+00:00,2026-09-25 12:27:32.355647+00:00,2026-09-25 12:27:32.367647+00:00,2026-09-25 12:27:32.368647+00:00,2026-09-25 12:27:32.369647+00:00,2026-09-25 12:27:32.370648+00:00,2026-09-25 12:27:32.371648+00:00,2026-09-25 12:27:32.372648+00:00,2026-09-25 12:27:32.373648+00:00,2026-09-25 12:27:32.374648+00:00,2026-09-25 12:27:32.375648+00:00,2026-09-25 12:27:32.376648+00:00,2026-09-25 12:27:32.376648+00:00,0.719822,1.389232337994671,True,True,True,False,False,False,True,False,False,False,False,False,False,False,False,False
85,2026-09-25 10:58:27.971369+00:00,2026-09-25 12:27:33.458710+00:00,91.005,False,False,False,True,True,False,True,False,True,False,False,False,True,False,False,False,False,False,False,False,False,False,False,True,True,True,False,False,False,True,False,False,False,False,False,False,False,True,False,False,True,True,False,True,False,False,False,False,False,False,False,True,False,False,True,False,False,False,True,False,True,True,False,True,False,False,False,False,True,True,True,True,True,True,False,False,False,False,False,0,175,0,561,2026-09-25 12:27:33.367705+00:00,2026-09-25 12:27:33.374705+00:00,2026-09-25 12:27:33.387706+00:00,2026-09-25 12:27:33.377705+00:00,2026-09-25 12:27:33.378705+00:00,2026-09-25 12:27:33.379705+00:00,2026-09-25 12:27:33.380705+00:00,2026-09-25 12:27:33.381705+00:00,2026-09-25 12:27:33.382705+00:00,2026-09-25 12:27:33.383705+00:00,2026-09-25 12:27:33.384706+00:00,2026-09-25 12:27:33.385706+00:00,2026-09-25 12:27:33.386706+00:00,2026-09-25 12:27:33.376705+00:00,2026-09-25 12:27:33.388706+00:00,2026-09-25 12:27:33.389706+00:00,2026-09-25 12:27:33.390706+00:00,2026-09-25 12:27:33.391706+00:00,2026-09-25 12:27:33.392706+00:00,2026-09-25 12:27:33.393706+00:00,2026-09-25 12:27:33.405707+00:00,2026-09-25 12:27:33.395706+00:00,2026-09-25 12:27:33.396706+00:00,2026-09-25 12:27:33.397706+00:00,2026-09-25 12:27:33.398706+00:00,2026-09-25 12:27:33.399706+00:00,2026-09-25 12:27:33.400706+00:00,2026-09-25 12:27:33.401707+00:00,2026-09-25 12:27:33.402707+00:00,2026-09-25 12:27:33.403707+00:00,2026-09-25 12:27:33.404707+00:00,2026-09-25 12:27:33.406707+00:00,2026-09-25 12:27:33.407707+00:00,2026-09-25 12:27:33.408707+00:00,2026-09-25 12:27:33.409707+00:00,2026-09-25 12:27:33.410707+00:00,2026-09-25 12:27:33.422708+00:00,2026-09-25 12:27:33.412707+00:00,2026-09-25 12:27:33.413707+00:00,2026-09-25 12:27:33.414707+00:00,2026-09-25 12:27:33.426708+00:00,2026-09-25 12:27:33.427708+00:00,2026-09-25 12:27:33.417707+00:00,2026-09-25 12:27:33.418707+00:00,2026-09-25 12:27:33.419708+00:00,2026-09-25 12:27:33.420708+00:00,2026-09-25 12:27:33.421708+00:00,2026-09-25 12:27:33.411707+00:00,2026-09-25 12:27:33.423708+00:00,2026-09-25 12:27:33.424708+00:00,2026-09-25 12:27:33.425708+00:00,2026-09-25 12:27:33.415707+00:00,2026-09-25 12:27:33.416707+00:00,2026-09-25 12:27:33.428708+00:00,2026-09-25 12:27:33.440709+00:00,2026-09-25 12:27:33.430708+00:00,2026-09-25 12:27:33.431708+00:00,2026-09-25 12:27:33.432708+00:00,2026-09-25 12:27:33.433708+00:00,2026-09-25 12:27:33.434708+00:00,2026-09-25 12:27:33.435708+00:00,2026-09-25 12:27:33.436709+00:00,2026-09-25 12:27:33.448709+00:00,2026-09-25 12:27:33.438709+00:00,2026-09-25 12:27:33.439709+00:00,2026-09-25 12:27:33.429708+00:00,2026-09-25 12:27:33.441709+00:00,2026-09-25 12:27:33.442709+00:00,2026-09-25 12:27:33.443709+00:00,2026-09-25 12:27:33.455710+00:00,2026-09-25 12:27:33.445709+00:00,2026-09-25 12:27:33.446709+00:00,2026-09-25 12:27:33.447709+00:00,2026-09-25 12:27:33.437709+00:00,2026-09-25 12:27:33.449709+00:00,2026-09-25 12:27:33.450709+00:00,2026-09-25 12:27:33.451709+00:00,2026-09-25 12:27:33.452709+00:00,2026-09-25 12:27:33.453709+00:00,2026-09-25 12:27:33.454710+00:00,2026-09-25 12:27:33.456710+00:00,2026-09-25 12:27:33.457710+00:00,2026-09-25 12:27:33.458710+00:00,2026-09-25 12:27:33.458710+00:00,1.080099,0.9258410571623528,True,True,True,False,False,False,True,False,False,False,False,False,False,False,False,False
89,2026-09-25 10:58:29.433300+00:00,2026-09-25 12:27:34.912793+00:00,97.006,False,True,False,False,True,False,True,False,True,False,False,False,False,False,False,False,False,False,True,False,False,False,True,True,True,True,False,True,False,True,False,False,False,False,False,True,False,False,False,False,True,False,False,True,False,False,False,False,False,False,False,True,False,False,True,False,False,False,False,True,True,True,False,True,False,False,False,False,True,True,True,True,True,True,False,False,False,False,False,0,175,0,850,2026-09-25 12:27:34.815787+00:00,2026-09-25 12:27:34.823788+00:00,2026-09-25 12:27:34.824788+00:00,2026-09-25 12:27:34.826788+00:00,2026-09-25 12:27:34.827788+00:00,2026-09-25 12:27:34.828788+00:00,2026-09-25 12:27:34.829788+00:00,2026-09-25 12:27:34.830788+00:00,2026-09-25 12:27:34.831788+00:00,2026-09-25 12:27:34.832788+00:00,2026-09-25 12:27:34.833788+00:00,2026-09-25 12:27:34.834788+00:00,2026-09-25 12:27:34.835789+00:00,2026-09-25 12:27:34.836789+00:00,2026-09-25 12:27:34.837789+00:00,2026-09-25 12:27:34.838789+00:00,2026-09-25 12:27:34.839789+00:00,2026-09-25 12:27:34.840789+00:00,2026-09-25 12:27:34.841789+00:00,2026-09-25 12:27:34.842789+00:00,2026-09-25 12:27:34.857790+00:00,2026-09-25 12:27:34.845789+00:00,2026-09-25 12:27:34.846789+00:00,2026-09-25 12:27:34.847789+00:00,2026-09-25 12:27:34.848789+00:00,2026-09-25 12:27:34.849789+00:00,2026-09-25 12:27:34.850789+00:00,2026-09-25 12:27:34.864790+00:00,2026-09-25 12:27:34.865790+00:00,2026-09-25 12:27:34.855790+00:00,2026-09-25 12:27:34.856790+00:00,2026-09-25 12:27:34.858790+00:00,2026-09-25 12:27:34.859790+00:00,2026-09-25 12:27:34.860790+00:00,2026-09-25 12:27:34.861790+00:00,2026-09-25 12:27:34.862790+00:00,2026-09-25 12:27:34.863790+00:00,2026-09-25 12:27:34.852790+00:00,2026-09-25 12:27:34.854790+00:00,2026-09-25 12:27:34.866790+00:00,2026-09-25 12:27:34.867790+00:00,2026-09-25 12:27:34.868790+00:00,2026-09-25 12:27:34.869790+00:00,2026-09-25 12:27:34.870791+00:00,2026-09-25 12:27:34.871791+00:00,2026-09-25 12:27:34.884791+00:00,2026-09-25 12:27:34.874791+00:00,2026-09-25 12:27:34.875791+00:00,2026-09-25 12:27:34.876791+00:00,2026-09-25 12:27:34.877791+00:00,2026-09-25 12:27:34.878791+00:00,2026-09-25 12:27:34.879791+00:00,2026-09-25 12:27:34.880791+00:00,2026-09-25 12:27:34.881791+00:00,2026-09-25 12:27:34.882791+00:00,2026-09-25 12:27:34.883791+00:00,2026-09-25 12:27:34.873791+00:00,2026-09-25 12:27:34.885791+00:00,2026-09-25 12:27:34.886791+00:00,2026-09-25 12:27:34.899792+00:00,2026-09-25 12:27:34.889792+00:00,2026-09-25 12:27:34.890792+00:00,2026-09-25 12:27:34.891792+00:00,2026-09-25 12:27:34.892792+00:00,2026-09-25 12:27:34.904792+00:00,2026-09-25 12:27:34.894792+00:00,2026-09-25 12:27:34.895792+00:00,2026-09-25 12:27:34.896792+00:00,2026-09-25 12:27:34.897792+00:00,2026-09-25 12:27:34.898792+00:00,2026-09-25 12:27:34.888792+00:00,2026-09-25 12:27:34.900792+00:00,2026-09-25 12:27:34.901792+00:00,2026-09-25 12:27:34.902792+00:00,2026-09-25 12:27:34.903792+00:00,2026-09-25 12:27:34.905793+00:00,2026-09-25 12:27:34.906793+00:00,2026-09-25 12:27:34.907793+00:00,2026-09-25 12:27:34.908793+00:00,2026-09-25 12:27:34.909793+00:00,2026-09-25 12:27:34.910793+00:00,2026-09-25 12:27:34.911793+00:00,2026-09-25 12:27:34.912793+00:00,2026-09-25 12:27:34.912793+00:00,1.461931,0.6840268111148884,True,True,True,False,False,False,True,False,False,False,False,False,False,False,False,False
91,2026-09-25 10:58:30.178332+00:00,2026-09-25 12:27:35.665836+00:00,103.006,False,True,False,False,True,False,True,False,True,False,False,True,False,False,False,False,False,False,True,False,False,False,False,True,True,True,False,True,False,True,False,False,False,False,False,True,False,False,False,False,True,True,True,True,False,False,False,False,False,False,False,True,False,False,True,False,False,False,False,True,True,True,False,True,False,False,False,False,True,True,True,True,True,True,True,False,False,False,False,0,175,0,999,2026-09-25 12:27:35.562830+00:00,2026-09-25 12:27:35.569831+00:00,2026-09-25 12:27:35.570831+00:00,2026-09-25 12:27:35.584831+00:00,2026-09-25 12:27:35.574831+00:00,2026-09-25 12:27:35.575831+00:00,2026-09-25 12:27:35.576831+00:00,2026-09-25 12:27:35.577831+00:00,2026-09-25 12:27:35.578831+00:00,2026-09-25 12:27:35.579831+00:00,2026-09-25 12:27:35.580831+00:00,2026-09-25 12:27:35.581831+00:00,2026-09-25 12:27:35.582831+00:00,2026-09-25 12:27:35.583831+00:00,2026-09-25 12:27:35.572831+00:00,2026-09-25 12:27:35.585831+00:00,2026-09-25 12:27:35.586832+00:00,2026-09-25 12:27:35.587832+00:00,2026-09-25 12:27:35.588832+00:00,2026-09-25 12:27:35.589832+00:00,2026-09-25 12:27:35.590832+00:00,2026-09-25 12:27:35.591832+00:00,2026-09-25 12:27:35.592832+00:00,2026-09-25 12:27:35.605833+00:00,2026-09-25 12:27:35.594832+00:00,2026-09-25 12:27:35.595832+00:00,2026-09-25 12:27:35.596832+00:00,2026-09-25 12:27:35.597832+00:00,2026-09-25 12:27:35.598832+00:00,2026-09-25 12:27:35.599832+00:00,2026-09-25 12:27:35.631834+00:00,2026-09-25 12:27:35.602832+00:00,2026-09-25 12:27:35.603832+00:00,2026-09-25 12:27:35.604833+00:00,2026-09-25 12:27:35.606833+00:00,2026-09-25 12:27:35.607833+00:00,2026-09-25 12:27:35.609833+00:00,2026-09-25 12:27:35.627834+00:00,2026-09-25 12:27:35.629834+00:00,2026-09-25 12:27:35.630834+00:00,2026-09-25 12:27:35.601832+00:00,2026-09-25 12:27:35.619833+00:00,2026-09-25 12:27:35.620833+00:00,2026-09-25 12:27:35.634834+00:00,2026-09-25 12:27:35.623834+00:00,2026-09-25 12:27:35.624834+00:00,2026-09-25 12:27:35.625834+00:00,2026-09-25 12:27:35.626834+00:00,2026-09-25 12:27:35.611833+00:00,2026-09-25 12:27:35.613833+00:00,2026-09-25 12:27:35.615833+00:00,2026-09-25 12:27:35.617833+00:00,2026-09-25 12:27:35.632834+00:00,2026-09-25 12:27:35.633834+00:00,2026-09-25 12:27:35.622834+00:00,2026-09-25 12:27:35.635834+00:00,2026-09-25 12:27:35.648835+00:00,2026-09-25 12:27:35.638834+00:00,2026-09-25 12:27:35.639835+00:00,2026-09-25 12:27:35.640835+00:00,2026-09-25 12:27:35.641835+00:00,2026-09-25 12:27:35.642835+00:00,2026-09-25 12:27:35.654835+00:00,2026-09-25 12:27:35.644835+00:00,2026-09-25 12:27:35.645835+00:00,2026-09-25 12:27:35.646835+00:00,2026-09-25 12:27:35.647835+00:00,2026-09-25 12:27:35.637834+00:00,2026-09-25 12:27:35.649835+00:00,2026-09-25 12:27:35.650835+00:00,2026-09-25 12:27:35.651835+00:00,2026-09-25 12:27:35.652835+00:00,2026-09-25 12:27:35.653835+00:00,2026-09-25 12:27:35.655835+00:00,2026-09-25 12:27:35.656836+00:00,2026-09-25 12:27:35.657836+00:00,2026-09-25 12:27:35.658836+00:00,2026-09-25 12:27:35.659836+00:00,2026-09-25 12:27:35.660836+00:00,2026-09-25 12:27:35.661836+00:00,2026-09-25 12:27:35.663836+00:00,2026-09-25 12:27:35.664836+00:00,2026-09-25 12:27:35.665836+00:00,2026-09-25 12:27:35.665836+00:00,0.745032,1.3422242266104005,True,True,True,False,True,False,True,False,False,False,False,False,False,False,False,False
93,2026-09-25 10:58:31.043982+00:00,2026-09-25 12:27:36.529885+00:00,137.00699999999998,False,True,False,False,True,False,True,False,True,False,False,True,False,False,False,False,False,False,True,False,False,False,False,True,False,True,False,True,False,True,False,False,False,False,False,True,False,False,False,False,True,False,False,True,False,False,False,False,False,False,False,True,False,False,True,False,False,False,True,False,True,True,False,True,False,False,False,False,False,True,True,True,True,True,True,False,False,False,False,0,175,0,1170,2026-09-25 12:27:36.392878+00:00,2026-09-25 12:27:36.398878+00:00,2026-09-25 12:27:36.400878+00:00,2026-09-25 12:27:36.402878+00:00,2026-09-25 12:27:36.404878+00:00,2026-09-25 12:27:36.406878+00:00,2026-09-25 12:27:36.408879+00:00,2026-09-25 12:27:36.410879+00:00,2026-09-25 12:27:36.412879+00:00,2026-09-25 12:27:36.414879+00:00,2026-09-25 12:27:36.416879+00:00,2026-09-25 12:27:36.418879+00:00,2026-09-25 12:27:36.420879+00:00,2026-09-25 12:27:36.422879+00:00,2026-09-25 12:27:36.424879+00:00,2026-09-25 12:27:36.426880+00:00,2026-09-25 12:27:36.450881+00:00,2026-09-25 12:27:36.430880+00:00,2026-09-25 12:27:36.432880+00:00,2026-09-25 12:27:36.434880+00:00,2026-09-25 12:27:36.436880+00:00,2026-09-25 12:27:36.438880+00:00,2026-09-25 12:27:36.440880+00:00,2026-09-25 12:27:36.442880+00:00,2026-09-25 12:27:36.444881+00:00,2026-09-25 12:27:36.446881+00:00,2026-09-25 12:27:36.448881+00:00,2026-09-25 12:27:36.428880+00:00,2026-09-25 12:27:36.452881+00:00,2026-09-25 12:27:36.454881+00:00,2026-09-25 12:27:36.456881+00:00,2026-09-25 12:27:36.458881+00:00,2026-09-25 12:27:36.460881+00:00,2026-09-25 12:27:36.462882+00:00,2026-09-25 12:27:36.464882+00:00,2026-09-25 12:27:36.468882+00:00,2026-09-25 12:27:36.470882+00:00,2026-09-25 12:27:36.472882+00:00,2026-09-25 12:27:36.474882+00:00,2026-09-25 12:27:36.475882+00:00,2026-09-25 12:27:36.477882+00:00,2026-09-25 12:27:36.478883+00:00,2026-09-25 12:27:36.479883+00:00,2026-09-25 12:27:36.495883+00:00,2026-09-25 12:27:36.483883+00:00,2026-09-25 12:27:36.484883+00:00,2026-09-25 12:27:36.486883+00:00,2026-09-25 12:27:36.487883+00:00,2026-09-25 12:27:36.488883+00:00,2026-09-25 12:27:36.489883+00:00,2026-09-25 12:27:36.490883+00:00,2026-09-25 12:27:36.491883+00:00,2026-09-25 12:27:36.493883+00:00,2026-09-25 12:27:36.494883+00:00,2026-09-25 12:27:36.481883+00:00,2026-09-25 12:27:36.497884+00:00,2026-09-25 12:27:36.498884+00:00,2026-09-25 12:27:36.499884+00:00,2026-09-25 12:27:36.500884+00:00,2026-09-25 12:27:36.501884+00:00,2026-09-25 12:27:36.502884+00:00,2026-09-25 12:27:36.503884+00:00,2026-09-25 12:27:36.504884+00:00,2026-09-25 12:27:36.507884+00:00,2026-09-25 12:27:36.508884+00:00,2026-09-25 12:27:36.509884+00:00,2026-09-25 12:27:36.524885+00:00,2026-09-25 12:27:36.513885+00:00,2026-09-25 12:27:36.514885+00:00,2026-09-25 12:27:36.515885+00:00,2026-09-25 12:27:36.517885+00:00,2026-09-25 12:27:36.518885+00:00,2026-09-25 12:27:36.519885+00:00,2026-09-25 12:27:36.520885+00:00,2026-09-25 12:27:36.521885+00:00,2026-09-25 12:27:36.522885+00:00,2026-09-25 12:27:36.523885+00:00,2026-09-25 12:27:36.511884+00:00,2026-09-25 12:27:36.525885+00:00,2026-09-25 12:27:36.526885+00:00,2026-09-25 12:27:36.527885+00:00,2026-09-25 12:27:36.528885+00:00,2026-09-25 12:27:36.529885+00:00,2026-09-25 12:27:36.529885+00:00,0.86565,1.155201293825449,True,True,True,False,True,False,True,False,False,False,False,False,False,False,True,False
96,2026-09-25 10:58:32.095629+00:00,2026-09-25 12:27:37.582946+00:00,96.006,False,False,False,False,True,False,True,False,True,False,True,False,False,False,False,False,False,False,False,False,False,False,False,True,True,True,False,True,False,True,False,True,False,False,False,False,False,False,False,False,True,True,False,True,False,False,False,False,False,False,False,False,False,False,True,False,False,False,False,False,True,True,False,True,False,False,False,False,True,False,True,True,True,True,True,False,False,False,False,0,0,0,0,2026-09-25 12:27:37.486940+00:00,2026-09-25 12:27:37.500941+00:00,2026-09-25 12:27:37.501941+00:00,2026-09-25 12:27:37.502941+00:00,2026-09-25 12:27:37.503941+00:00,2026-09-25 12:27:37.504941+00:00,2026-09-25 12:27:37.505941+00:00,2026-09-25 12:27:37.506941+00:00,2026-09-25 12:27:37.507941+00:00,2026-09-25 12:27:37.508941+00:00,2026-09-25 12:27:37.520942+00:00,2026-09-25 12:27:37.510942+00:00,2026-09-25 12:27:37.511942+00:00,2026-09-25 12:27:37.512942+00:00,2026-09-25 12:27:37.513942+00:00,2026-09-25 12:27:37.514942+00:00,2026-09-25 12:27:37.515942+00:00,2026-09-25 12:27:37.516942+00:00,2026-09-25 12:27:37.517942+00:00,2026-09-25 12:27:37.518942+00:00,2026-09-25 12:27:37.519942+00:00,2026-09-25 12:27:37.509941+00:00,2026-09-25 12:27:37.521942+00:00,2026-09-25 12:27:37.522942+00:00,2026-09-25 12:27:37.523942+00:00,2026-09-25 12:27:37.524942+00:00,2026-09-25 12:27:37.525942+00:00,2026-09-25 12:27:37.526942+00:00,2026-09-25 12:27:37.527943+00:00,2026-09-25 12:27:37.528943+00:00,2026-09-25 12:27:37.529943+00:00,2026-09-25 12:27:37.530943+00:00,2026-09-25 12:27:37.531943+00:00,2026-09-25 12:27:37.532943+00:00,2026-09-25 12:27:37.533943+00:00,2026-09-25 12:27:37.534943+00:00,2026-09-25 12:27:37.546944+00:00,2026-09-25 12:27:37.536943+00:00,2026-09-25 12:27:37.537943+00:00,2026-09-25 12:27:37.538943+00:00,2026-09-25 12:27:37.539943+00:00,2026-09-25 12:27:37.540943+00:00,2026-09-25 12:27:37.541943+00:00,2026-09-25 12:27:37.553944+00:00,2026-09-25 12:27:37.543943+00:00,2026-09-25 12:27:37.544943+00:00,2026-09-25 12:27:37.545944+00:00,2026-09-25 12:27:37.535943+00:00,2026-09-25 12:27:37.547944+00:00,2026-09-25 12:27:37.548944+00:00,2026-09-25 12:27:37.549944+00:00,2026-09-25 12:27:37.561944+00:00,2026-09-25 12:27:37.551944+00:00,2026-09-25 12:27:37.552944+00:00,2026-09-25 12:27:37.554944+00:00,2026-09-25 12:27:37.555944+00:00,2026-09-25 12:27:37.556944+00:00,2026-09-25 12:27:37.557944+00:00,2026-09-25 12:27:37.558944+00:00,2026-09-25 12:27:37.559944+00:00,2026-09-25 12:27:37.560944+00:00,2026-09-25 12:27:37.550944+00:00,2026-09-25 12:27:37.562945+00:00,2026-09-25 12:27:37.563945+00:00,2026-09-25 12:27:37.564945+00:00,2026-09-25 12:27:37.565945+00:00,2026-09-25 12:27:37.566945+00:00,2026-09-25 12:27:37.567945+00:00,2026-09-25 12:27:37.568945+00:00,2026-09-25 12:27:37.569945+00:00,2026-09-25 12:27:37.581946+00:00,2026-09-25 12:27:37.571945+00:00,2026-09-25 12:27:37.572945+00:00,2026-09-25 12:27:37.573945+00:00,2026-09-25 12:27:37.574945+00:00,2026-09-25 12:27:37.575945+00:00,2026-09-25 12:27:37.576945+00:00,2026-09-25 12:27:37.577945+00:00,2026-09-25 12:27:37.578945+00:00,2026-09-25 12:27:37.579946+00:00,2026-09-25 12:27:37.580946+00:00,2026-09-25 12:27:37.570945+00:00,2026-09-25 12:27:37.582946+00:00,2026-09-25 12:27:37.582946+00:00,1.051647,0.950889414413772,True,False,True,False,True,False,True,True,False,False,False,False,False,False,False,False
99,2026-09-25 10:58:33.176017+00:00,2026-09-25 12:27:38.663007+00:00,93.005,False,False,False,False,True,False,True,False,True,False,True,False,False,False,False,False,False,False,False,False,False,False,False,True,True,False,False,True,False,True,False,False,False,False,False,False,False,False,False,False,True,True,False,False,False,False,False,True,False,False,False,False,False,False,False,False,False,False,False,False,True,True,False,True,False,False,False,False,False,True,True,True,True,True,True,False,False,False,False,0,0,53,0,2026-09-25 12:27:38.570002+00:00,2026-09-25 12:27:38.579003+00:00,2026-09-25 12:27:38.580003+00:00,2026-09-25 12:27:38.581003+00:00,2026-09-25 12:27:38.582003+00:00,2026-09-25 12:27:38.583003+00:00,2026-09-25 12:27:38.584003+00:00,2026-09-25 12:27:38.585003+00:00,2026-09-25 12:27:38.597004+00:00,2026-09-25 12:27:38.587003+00:00,2026-09-25 12:27:38.588003+00:00,2026-09-25 12:27:38.589003+00:00,2026-09-25 12:27:38.590003+00:00,2026-09-25 12:27:38.591003+00:00,2026-09-25 12:27:38.592003+00:00,2026-09-25 12:27:38.593003+00:00,2026-09-25 12:27:38.594004+00:00,2026-09-25 12:27:38.595004+00:00,2026-09-25 12:27:38.596004+00:00,2026-09-25 12:27:38.586003+00:00,2026-09-25 12:27:38.598004+00:00,2026-09-25 12:27:38.599004+00:00,2026-09-25 12:27:38.600004+00:00,2026-09-25 12:27:38.613005+00:00,2026-09-25 12:27:38.602004+00:00,2026-09-25 12:27:38.604004+00:00,2026-09-25 12:27:38.605004+00:00,2026-09-25 12:27:38.606004+00:00,2026-09-25 12:27:38.607004+00:00,2026-09-25 12:27:38.608004+00:00,2026-09-25 12:27:38.609004+00:00,2026-09-25 12:27:38.610004+00:00,2026-09-25 12:27:38.622005+00:00,2026-09-25 12:27:38.612005+00:00,2026-09-25 12:27:38.601004+00:00,2026-09-25 12:27:38.614005+00:00,2026-09-25 12:27:38.615005+00:00,2026-09-25 12:27:38.616005+00:00,2026-09-25 12:27:38.617005+00:00,2026-09-25 12:27:38.618005+00:00,2026-09-25 12:27:38.619005+00:00,2026-09-25 12:27:38.620005+00:00,2026-09-25 12:27:38.621005+00:00,2026-09-25 12:27:38.611004+00:00,2026-09-25 12:27:38.623005+00:00,2026-09-25 12:27:38.624005+00:00,2026-09-25 12:27:38.625005+00:00,2026-09-25 12:27:38.626005+00:00,2026-09-25 12:27:38.627005+00:00,2026-09-25 12:27:38.628005+00:00,2026-09-25 12:27:38.641006+00:00,2026-09-25 12:27:38.653007+00:00,2026-09-25 12:27:38.643006+00:00,2026-09-25 12:27:38.644006+00:00,2026-09-25 12:27:38.634006+00:00,2026-09-25 12:27:38.635006+00:00,2026-09-25 12:27:38.636006+00:00,2026-09-25 12:27:38.637006+00:00,2026-09-25 12:27:38.638006+00:00,2026-09-25 12:27:38.639006+00:00,2026-09-25 12:27:38.640006+00:00,2026-09-25 12:27:38.629006+00:00,2026-09-25 12:27:38.630006+00:00,2026-09-25 12:27:38.632006+00:00,2026-09-25 12:27:38.633006+00:00,2026-09-25 12:27:38.645006+00:00,2026-09-25 12:27:38.646006+00:00,2026-09-25 12:27:38.647007+00:00,2026-09-25 12:27:38.648007+00:00,2026-09-25 12:27:38.660007+00:00,2026-09-25 12:27:38.661007+00:00,2026-09-25 12:27:38.651007+00:00,2026-09-25 12:27:38.652007+00:00,2026-09-25 12:27:38.654007+00:00,2026-09-25 12:27:38.655007+00:00,2026-09-25 12:27:38.656007+00:00,2026-09-25 12:27:38.657007+00:00,2026-09-25 12:27:38.658007+00:00,2026-09-25 12:27:38.659007+00:00,2026-09-25 12:27:38.649007+00:00,2026-09-25 12:27:38.650007+00:00,2026-09-25 12:27:38.662007+00:00,2026-09-25 12:27:38.663007+00:00,2026-09-25 12:27:38.663007+00:00,1.080388,0.9255933979274114,False,True,True,False,True,False,True,False,False,False,False,False,False,False,False,True
101,2026-09-25 10:58:34.010935+00:00,2026-09-25 12:27:39.459053+00:00,120.007,True,False,False,False,True,False,True,False,True,False,False,False,False,False,False,False,False,False,False,False,False,False,False,True,True,False,False,True,False,True,False,False,False,False,False,False,False,False,False,False,True,True,False,False,False,False,True,False,False,False,False,False,True,True,False,True,False,False,False,False,True,True,False,True,False,False,False,False,False,True,True,True,True,True,True,False,False,False,False,1,0,0,0,2026-09-25 12:27:39.339046+00:00,2026-09-25 12:27:39.376048+00:00,2026-09-25 12:27:39.377048+00:00,2026-09-25 12:27:39.378048+00:00,2026-09-25 12:27:39.379048+00:00,2026-09-25 12:27:39.380048+00:00,2026-09-25 12:27:39.392049+00:00,2026-09-25 12:27:39.382049+00:00,2026-09-25 12:27:39.383049+00:00,2026-09-25 12:27:39.384049+00:00,2026-09-25 12:27:39.385049+00:00,2026-09-25 12:27:39.386049+00:00,2026-09-25 12:27:39.387049+00:00,2026-09-25 12:27:39.388049+00:00,2026-09-25 12:27:39.389049+00:00,2026-09-25 12:27:39.390049+00:00,2026-09-25 12:27:39.402050+00:00,2026-09-25 12:27:39.381049+00:00,2026-09-25 12:27:39.393049+00:00,2026-09-25 12:27:39.394049+00:00,2026-09-25 12:27:39.395049+00:00,2026-09-25 12:27:39.396049+00:00,2026-09-25 12:27:39.397049+00:00,2026-09-25 12:27:39.398049+00:00,2026-09-25 12:27:39.399050+00:00,2026-09-25 12:27:39.400050+00:00,2026-09-25 12:27:39.401050+00:00,2026-09-25 12:27:39.403050+00:00,2026-09-25 12:27:39.404050+00:00,2026-09-25 12:27:39.405050+00:00,2026-09-25 12:27:39.406050+00:00,2026-09-25 12:27:39.407050+00:00,2026-09-25 12:27:39.408050+00:00,2026-09-25 12:27:39.409050+00:00,2026-09-25 12:27:39.410050+00:00,2026-09-25 12:27:39.411050+00:00,2026-09-25 12:27:39.423051+00:00,2026-09-25 12:27:39.424051+00:00,2026-09-25 12:27:39.414050+00:00,2026-09-25 12:27:39.415050+00:00,2026-09-25 12:27:39.427051+00:00,2026-09-25 12:27:39.417051+00:00,2026-09-25 12:27:39.418051+00:00,2026-09-25 12:27:39.419051+00:00,2026-09-25 12:27:39.420051+00:00,2026-09-25 12:27:39.421051+00:00,2026-09-25 12:27:39.422051+00:00,2026-09-25 12:27:39.412050+00:00,2026-09-25 12:27:39.413050+00:00,2026-09-25 12:27:39.425051+00:00,2026-09-25 12:27:39.426051+00:00,2026-09-25 12:27:39.416051+00:00,2026-09-25 12:27:39.428051+00:00,2026-09-25 12:27:39.429051+00:00,2026-09-25 12:27:39.430051+00:00,2026-09-25 12:27:39.431051+00:00,2026-09-25 12:27:39.432051+00:00,2026-09-25 12:27:39.433051+00:00,2026-09-25 12:27:39.434052+00:00,2026-09-25 12:27:39.435052+00:00,2026-09-25 12:27:39.436052+00:00,2026-09-25 12:27:39.437052+00:00,2026-09-25 12:27:39.438052+00:00,2026-09-25 12:27:39.439052+00:00,2026-09-25 12:27:39.440052+00:00,2026-09-25 12:27:39.452053+00:00,2026-09-25 12:27:39.442052+00:00,2026-09-25 12:27:39.443052+00:00,2026-09-25 12:27:39.444052+00:00,2026-09-25 12:27:39.445052+00:00,2026-09-25 12:27:39.446052+00:00,2026-09-25 12:27:39.447052+00:00,2026-09-25 12:27:39.448052+00:00,2026-09-25 12:27:39.449052+00:00,2026-09-25 12:27:39.450052+00:00,2026-09-25 12:27:39.451053+00:00,2026-09-25 12:27:39.453053+00:00,2026-09-25 12:27:39.454053+00:00,2026-09-25 12:27:39.455053+00:00,2026-09-25 12:27:39.456053+00:00,2026-09-25 12:27:39.457053+00:00,2026-09-25 12:27:39.458053+00:00,2026-09-25 12:27:39.459053+00:00,2026-09-25 12:27:39.459053+00:00,0.834918,1.1977224110631224,False,True,False,False,True,False,True,False,False,False,False,False,False,False,False,True
104,2026-09-25 10:58:35.086143+00:00,2026-09-25 12:27:40.573117+00:00,89.005,True,False,False,False,True,False,True,False,True,False,False,False,False,False,False,False,False,False,False,False,False,False,False,True,True,False,False,True,False,True,False,False,False,False,False,False,False,False,False,False,True,True,False,True,False,False,False,False,True,False,False,False,True,True,False,True,False,True,False,False,True,True,False,True,False,False,False,False,False,True,False,True,True,True,True,False,False,False,False,0,0,0,0,2026-09-25 12:27:40.484112+00:00,2026-09-25 12:27:40.491112+00:00,2026-09-25 12:27:40.499112+00:00,2026-09-25 12:27:40.493112+00:00,2026-09-25 12:27:40.494112+00:00,2026-09-25 12:27:40.495112+00:00,2026-09-25 12:27:40.496112+00:00,2026-09-25 12:27:40.497112+00:00,2026-09-25 12:27:40.498112+00:00,2026-09-25 12:27:40.492112+00:00,2026-09-25 12:27:40.500113+00:00,2026-09-25 12:27:40.501113+00:00,2026-09-25 12:27:40.502113+00:00,2026-09-25 12:27:40.503113+00:00,2026-09-25 12:27:40.504113+00:00,2026-09-25 12:27:40.505113+00:00,2026-09-25 12:27:40.506113+00:00,2026-09-25 12:27:40.507113+00:00,2026-09-25 12:27:40.508113+00:00,2026-09-25 12:27:40.509113+00:00,2026-09-25 12:27:40.510113+00:00,2026-09-25 12:27:40.511113+00:00,2026-09-25 12:27:40.512113+00:00,2026-09-25 12:27:40.513113+00:00,2026-09-25 12:27:40.514113+00:00,2026-09-25 12:27:40.515113+00:00,2026-09-25 12:27:40.516113+00:00,2026-09-25 12:27:40.517113+00:00,2026-09-25 12:27:40.518114+00:00,2026-09-25 12:27:40.519114+00:00,2026-09-25 12:27:40.531114+00:00,2026-09-25 12:27:40.521114+00:00,2026-09-25 12:27:40.522114+00:00,2026-09-25 12:27:40.523114+00:00,2026-09-25 12:27:40.524114+00:00,2026-09-25 12:27:40.525114+00:00,2026-09-25 12:27:40.526114+00:00,2026-09-25 12:27:40.527114+00:00,2026-09-25 12:27:40.528114+00:00,2026-09-25 12:27:40.529114+00:00,2026-09-25 12:27:40.530114+00:00,2026-09-25 12:27:40.520114+00:00,2026-09-25 12:27:40.532114+00:00,2026-09-25 12:27:40.533114+00:00,2026-09-25 12:27:40.534114+00:00,2026-09-25 12:27:40.535115+00:00,2026-09-25 12:27:40.536115+00:00,2026-09-25 12:27:40.537115+00:00,2026-09-25 12:27:40.549115+00:00,2026-09-25 12:27:40.539115+00:00,2026-09-25 12:27:40.540115+00:00,2026-09-25 12:27:40.541115+00:00,2026-09-25 12:27:40.542115+00:00,2026-09-25 12:27:40.543115+00:00,2026-09-25 12:27:40.544115+00:00,2026-09-25 12:27:40.545115+00:00,2026-09-25 12:27:40.546115+00:00,2026-09-25 12:27:40.547115+00:00,2026-09-25 12:27:40.548115+00:00,2026-09-25 12:27:40.538115+00:00,2026-09-25 12:27:40.550115+00:00,2026-09-25 12:27:40.552115+00:00,2026-09-25 12:27:40.553116+00:00,2026-09-25 12:27:40.554116+00:00,2026-09-25 12:27:40.555116+00:00,2026-09-25 12:27:40.556116+00:00,2026-09-25 12:27:40.557116+00:00,2026-09-25 12:27:40.558116+00:00,2026-09-25 12:27:40.559116+00:00,2026-09-25 12:27:40.560116+00:00,2026-09-25 12:27:40.561116+00:00,2026-09-25 12:27:40.562116+00:00,2026-09-25 12:27:40.563116+00:00,2026-09-25 12:27:40.564116+00:00,2026-09-25 12:27:40.565116+00:00,2026-09-25 12:27:40.566116+00:00,2026-09-25 12:27:40.567116+00:00,2026-09-25 12:27:40.568116+00:00,2026-09-25 12:27:40.569116+00:00,2026-09-25 12:27:40.570117+00:00,2026-09-25 12:27:40.571117+00:00,2026-09-25 12:27:40.572117+00:00,2026-09-25 12:27:40.573117+00:00,2026-09-25 12:27:40.573117+00:00,1.075208,0.9300526037752695,False,True,False,False,True,False,True,False,True,False,False,False,False,False,False,True
106,2026-09-25 10:58:35.900019+00:00,2026-09-25 12:27:41.387163+00:00,94.005,True,False,False,False,True,False,True,False,True,False,False,False,False,False,False,False,False,False,False,False,False,False,False,True,True,True,False,True,False,True,False,False,True,False,False,False,False,False,False,False,True,True,False,True,False,False,False,False,False,True,True,False,True,True,False,True,False,False,True,True,True,True,False,True,False,False,False,False,True,True,True,False,True,True,False,False,False,False,False,0,78,0,88,2026-09-25 12:27:41.293158+00:00,2026-09-25 12:27:41.304159+00:00,2026-09-25 12:27:41.305159+00:00,2026-09-25 12:27:41.306159+00:00,2026-09-25 12:27:41.307159+00:00,2026-09-25 12:27:41.308159+00:00,2026-09-25 12:27:41.309159+00:00,2026-09-25 12:27:41.310159+00:00,2026-09-25 12:27:41.311159+00:00,2026-09-25 12:27:41.312159+00:00,2026-09-25 12:27:41.313159+00:00,2026-09-25 12:27:41.314159+00:00,2026-09-25 12:27:41.315159+00:00,2026-09-25 12:27:41.328160+00:00,2026-09-25 12:27:41.318159+00:00,2026-09-25 12:27:41.330160+00:00,2026-09-25 12:27:41.320159+00:00,2026-09-25 12:27:41.321159+00:00,2026-09-25 12:27:41.322160+00:00,2026-09-25 12:27:41.323160+00:00,2026-09-25 12:27:41.324160+00:00,2026-09-25 12:27:41.325160+00:00,2026-09-25 12:27:41.326160+00:00,2026-09-25 12:27:41.327160+00:00,2026-09-25 12:27:41.317159+00:00,2026-09-25 12:27:41.329160+00:00,2026-09-25 12:27:41.319159+00:00,2026-09-25 12:27:41.331160+00:00,2026-09-25 12:27:41.332160+00:00,2026-09-25 12:27:41.344161+00:00,2026-09-25 12:27:41.334160+00:00,2026-09-25 12:27:41.335160+00:00,2026-09-25 12:27:41.336160+00:00,2026-09-25 12:27:41.337160+00:00,2026-09-25 12:27:41.338160+00:00,2026-09-25 12:27:41.350161+00:00,2026-09-25 12:27:41.340161+00:00,2026-09-25 12:27:41.341161+00:00,2026-09-25 12:27:41.342161+00:00,2026-09-25 12:27:41.343161+00:00,2026-09-25 12:27:41.333160+00:00,2026-09-25 12:27:41.345161+00:00,2026-09-25 12:27:41.358162+00:00,2026-09-25 12:27:41.347161+00:00,2026-09-25 12:27:41.348161+00:00,2026-09-25 12:27:41.349161+00:00,2026-09-25 12:27:41.339161+00:00,2026-09-25 12:27:41.352161+00:00,2026-09-25 12:27:41.353161+00:00,2026-09-25 12:27:41.354161+00:00,2026-09-25 12:27:41.355161+00:00,2026-09-25 12:27:41.356161+00:00,2026-09-25 12:27:41.357162+00:00,2026-09-25 12:27:41.346161+00:00,2026-09-25 12:27:41.359162+00:00,2026-09-25 12:27:41.360162+00:00,2026-09-25 12:27:41.361162+00:00,2026-09-25 12:27:41.362162+00:00,2026-09-25 12:27:41.363162+00:00,2026-09-25 12:27:41.364162+00:00,2026-09-25 12:27:41.365162+00:00,2026-09-25 12:27:41.366162+00:00,2026-09-25 12:27:41.367162+00:00,2026-09-25 12:27:41.368162+00:00,2026-09-25 12:27:41.369162+00:00,2026-09-25 12:27:41.370162+00:00,2026-09-25 12:27:41.371162+00:00,2026-09-25 12:27:41.372162+00:00,2026-09-25 12:27:41.373162+00:00,2026-09-25 12:27:41.374163+00:00,2026-09-25 12:27:41.375163+00:00,2026-09-25 12:27:41.376163+00:00,2026-09-25 12:27:41.377163+00:00,2026-09-25 12:27:41.378163+00:00,2026-09-25 12:27:41.379163+00:00,2026-09-25 12:27:41.380163+00:00,2026-09-25 12:27:41.381163+00:00,2026-09-25 12:27:41.382163+00:00,2026-09-25 12:27:41.383163+00:00,2026-09-25 12:27:41.384163+00:00,2026-09-25 12:27:41.385163+00:00,2026-09-25 12:27:41.386163+00:00,2026-09-25 12:27:41.387163+00:00,2026-09-25 12:27:41.387163+00:00,0.813876,1.2286883997070805,True,True,False,False,False,False,True,False,False,True,False,False,False,False,False,False
109,2026-09-25 10:58:37.116214+00:00,2026-09-25 12:27:42.603233+00:00,91.005,True,False,False,False,True,False,True,False,True,False,False,False,False,False,False,False,False,False,False,False,False,False,False,True,False,True,False,True,False,True,False,False,False,False,False,False,False,False,True,False,True,False,False,True,False,False,False,False,False,True,True,False,True,True,False,True,False,True,True,True,True,True,False,True,False,False,False,False,True,True,True,False,True,True,False,False,False,False,False,0,327,0,363,2026-09-25 12:27:42.512228+00:00,2026-09-25 12:27:42.520228+00:00,2026-09-25 12:27:42.521228+00:00,2026-09-25 12:27:42.522228+00:00,2026-09-25 12:27:42.523228+00:00,2026-09-25 12:27:42.524228+00:00,2026-09-25 12:27:42.525228+00:00,2026-09-25 12:27:42.526228+00:00,2026-09-25 12:27:42.527228+00:00,2026-09-25 12:27:42.528229+00:00,2026-09-25 12:27:42.529229+00:00,2026-09-25 12:27:42.530229+00:00,2026-09-25 12:27:42.531229+00:00,2026-09-25 12:27:42.532229+00:00,2026-09-25 12:27:42.533229+00:00,2026-09-25 12:27:42.534229+00:00,2026-09-25 12:27:42.535229+00:00,2026-09-25 12:27:42.536229+00:00,2026-09-25 12:27:42.537229+00:00,2026-09-25 12:27:42.538229+00:00,2026-09-25 12:27:42.561230+00:00,2026-09-25 12:27:42.540229+00:00,2026-09-25 12:27:42.541229+00:00,2026-09-25 12:27:42.553230+00:00,2026-09-25 12:27:42.543229+00:00,2026-09-25 12:27:42.544229+00:00,2026-09-25 12:27:42.545229+00:00,2026-09-25 12:27:42.546230+00:00,2026-09-25 12:27:42.547230+00:00,2026-09-25 12:27:42.548230+00:00,2026-09-25 12:27:42.549230+00:00,2026-09-25 12:27:42.551230+00:00,2026-09-25 12:27:42.552230+00:00,2026-09-25 12:27:42.542229+00:00,2026-09-25 12:27:42.554230+00:00,2026-09-25 12:27:42.555230+00:00,2026-09-25 12:27:42.556230+00:00,2026-09-25 12:27:42.557230+00:00,2026-09-25 12:27:42.558230+00:00,2026-09-25 12:27:42.559230+00:00,2026-09-25 12:27:42.560230+00:00,2026-09-25 12:27:42.550230+00:00,2026-09-25 12:27:42.562230+00:00,2026-09-25 12:27:42.563231+00:00,2026-09-25 12:27:42.564231+00:00,2026-09-25 12:27:42.576231+00:00,2026-09-25 12:27:42.566231+00:00,2026-09-25 12:27:42.567231+00:00,2026-09-25 12:27:42.568231+00:00,2026-09-25 12:27:42.569231+00:00,2026-09-25 12:27:42.570231+00:00,2026-09-25 12:27:42.571231+00:00,2026-09-25 12:27:42.572231+00:00,2026-09-25 12:27:42.573231+00:00,2026-09-25 12:27:42.574231+00:00,2026-09-25 12:27:42.575231+00:00,2026-09-25 12:27:42.565231+00:00,2026-09-25 12:27:42.577231+00:00,2026-09-25 12:27:42.578231+00:00,2026-09-25 12:27:42.579231+00:00,2026-09-25 12:27:42.580232+00:00,2026-09-25 12:27:42.581232+00:00,2026-09-25 12:27:42.582232+00:00,2026-09-25 12:27:42.583232+00:00,2026-09-25 12:27:42.584232+00:00,2026-09-25 12:27:42.585232+00:00,2026-09-25 12:27:42.586232+00:00,2026-09-25 12:27:42.587232+00:00,2026-09-25 12:27:42.588232+00:00,2026-09-25 12:27:42.601233+00:00,2026-09-25 12:27:42.590232+00:00,2026-09-25 12:27:42.591232+00:00,2026-09-25 12:27:42.592232+00:00,2026-09-25 12:27:42.593232+00:00,2026-09-25 12:27:42.594232+00:00,2026-09-25 12:27:42.595232+00:00,2026-09-25 12:27:42.596232+00:00,2026-09-25 12:27:42.597232+00:00,2026-09-25 12:27:42.598233+00:00,2026-09-25 12:27:42.599233+00:00,2026-09-25 12:27:42.589232+00:00,2026-09-25 12:27:42.602233+00:00,2026-09-25 12:27:42.603233+00:00,2026-09-25 12:27:42.603233+00:00,1.216195,0.8222365656823125,True,True,False,False,False,False,True,False,False,True,False,False,False,False,True,False
112,2026-09-25 10:58:38.180426+00:00,2026-09-25 12:27:43.667294+00:00,91.006,True,False,False,False,True,False,True,False,True,False,False,False,False,False,False,False,False,False,False,False,False,False,False,True,False,True,False,False,False,True,False,False,False,False,False,False,False,False,True,False,True,False,False,True,False,False,False,False,False,True,False,False,True,True,False,True,False,False,False,True,True,True,False,True,False,False,False,False,True,True,True,False,True,True,False,False,False,False,False,0,549,0,457,2026-09-25 12:27:43.576288+00:00,2026-09-25 12:27:43.582289+00:00,2026-09-25 12:27:43.583289+00:00,2026-09-25 12:27:43.595290+00:00,2026-09-25 12:27:43.585289+00:00,2026-09-25 12:27:43.586289+00:00,2026-09-25 12:27:43.587289+00:00,2026-09-25 12:27:43.599290+00:00,2026-09-25 12:27:43.589289+00:00,2026-09-25 12:27:43.590289+00:00,2026-09-25 12:27:43.591289+00:00,2026-09-25 12:27:43.592289+00:00,2026-09-25 12:27:43.593289+00:00,2026-09-25 12:27:43.594290+00:00,2026-09-25 12:27:43.584289+00:00,2026-09-25 12:27:43.596290+00:00,2026-09-25 12:27:43.597290+00:00,2026-09-25 12:27:43.598290+00:00,2026-09-25 12:27:43.600290+00:00,2026-09-25 12:27:43.601290+00:00,2026-09-25 12:27:43.602290+00:00,2026-09-25 12:27:43.603290+00:00,2026-09-25 12:27:43.616291+00:00,2026-09-25 12:27:43.605290+00:00,2026-09-25 12:27:43.606290+00:00,2026-09-25 12:27:43.607290+00:00,2026-09-25 12:27:43.608290+00:00,2026-09-25 12:27:43.609290+00:00,2026-09-25 12:27:43.622291+00:00,2026-09-25 12:27:43.612291+00:00,2026-09-25 12:27:43.613291+00:00,2026-09-25 12:27:43.614291+00:00,2026-09-25 12:27:43.615291+00:00,2026-09-25 12:27:43.604290+00:00,2026-09-25 12:27:43.617291+00:00,2026-09-25 12:27:43.618291+00:00,2026-09-25 12:27:43.619291+00:00,2026-09-25 12:27:43.620291+00:00,2026-09-25 12:27:43.621291+00:00,2026-09-25 12:27:43.611290+00:00,2026-09-25 12:27:43.623291+00:00,2026-09-25 12:27:43.624291+00:00,2026-09-25 12:27:43.636292+00:00,2026-09-25 12:27:43.626291+00:00,2026-09-25 12:27:43.627291+00:00,2026-09-25 12:27:43.628291+00:00,2026-09-25 12:27:43.629292+00:00,2026-09-25 12:27:43.630292+00:00,2026-09-25 12:27:43.631292+00:00,2026-09-25 12:27:43.632292+00:00,2026-09-25 12:27:43.633292+00:00,2026-09-25 12:27:43.634292+00:00,2026-09-25 12:27:43.635292+00:00,2026-09-25 12:27:43.625291+00:00,2026-09-25 12:27:43.637292+00:00,2026-09-25 12:27:43.650293+00:00,2026-09-25 12:27:43.639292+00:00,2026-09-25 12:27:43.652293+00:00,2026-09-25 12:27:43.641292+00:00,2026-09-25 12:27:43.642292+00:00,2026-09-25 12:27:43.643292+00:00,2026-09-25 12:27:43.644292+00:00,2026-09-25 12:27:43.645292+00:00,2026-09-25 12:27:43.646292+00:00,2026-09-25 12:27:43.647293+00:00,2026-09-25 12:27:43.648293+00:00,2026-09-25 12:27:43.638292+00:00,2026-09-25 12:27:43.651293+00:00,2026-09-25 12:27:43.640292+00:00,2026-09-25 12:27:43.653293+00:00,2026-09-25 12:27:43.654293+00:00,2026-09-25 12:27:43.655293+00:00,2026-09-25 12:27:43.656293+00:00,2026-09-25 12:27:43.657293+00:00,2026-09-25 12:27:43.658293+00:00,2026-09-25 12:27:43.660293+00:00,2026-09-25 12:27:43.661293+00:00,2026-09-25 12:27:43.662293+00:00,2026-09-25 12:27:43.663293+00:00,2026-09-25 12:27:43.664294+00:00,2026-09-25 12:27:43.665294+00:00,2026-09-25 12:27:43.666294+00:00,2026-09-25 12:27:43.667294+00:00,2026-09-25 12:27:43.667294+00:00,1.064212,0.939662398093613,True,True,False,False,False,False,True,False,False,True,False,False,False,False,True,False
114,2026-09-25 10:58:38.935582+00:00,2026-09-25 12:27:44.381335+00:00,102.006,True,False,False,False,True,False,True,False,True,False,False,False,False,False,False,False,False,False,False,False,False,False,False,True,True,True,False,False,False,True,False,False,False,False,False,False,False,False,True,False,True,False,False,True,False,False,False,False,False,True,False,False,True,True,False,True,True,True,False,True,True,True,False,True,False,False,False,False,True,True,True,False,True,True,False,False,False,False,False,0,697,0,457,2026-09-25 12:27:44.279329+00:00,2026-09-25 12:27:44.293329+00:00,2026-09-25 12:27:44.294330+00:00,2026-09-25 12:27:44.295330+00:00,2026-09-25 12:27:44.297330+00:00,2026-09-25 12:27:44.298330+00:00,2026-09-25 12:27:44.299330+00:00,2026-09-25 12:27:44.300330+00:00,2026-09-25 12:27:44.301330+00:00,2026-09-25 12:27:44.302330+00:00,2026-09-25 12:27:44.303330+00:00,2026-09-25 12:27:44.304330+00:00,2026-09-25 12:27:44.305330+00:00,2026-09-25 12:27:44.306330+00:00,2026-09-25 12:27:44.307330+00:00,2026-09-25 12:27:44.308330+00:00,2026-09-25 12:27:44.309330+00:00,2026-09-25 12:27:44.311331+00:00,2026-09-25 12:27:44.312331+00:00,2026-09-25 12:27:44.313331+00:00,2026-09-25 12:27:44.314331+00:00,2026-09-25 12:27:44.315331+00:00,2026-09-25 12:27:44.316331+00:00,2026-09-25 12:27:44.317331+00:00,2026-09-25 12:27:44.318331+00:00,2026-09-25 12:27:44.319331+00:00,2026-09-25 12:27:44.320331+00:00,2026-09-25 12:27:44.321331+00:00,2026-09-25 12:27:44.322331+00:00,2026-09-25 12:27:44.323331+00:00,2026-09-25 12:27:44.324331+00:00,2026-09-25 12:27:44.325331+00:00,2026-09-25 12:27:44.349333+00:00,2026-09-25 12:27:44.328331+00:00,2026-09-25 12:27:44.329332+00:00,2026-09-25 12:27:44.330332+00:00,2026-09-25 12:27:44.331332+00:00,2026-09-25 12:27:44.332332+00:00,2026-09-25 12:27:44.333332+00:00,2026-09-25 12:27:44.334332+00:00,2026-09-25 12:27:44.335332+00:00,2026-09-25 12:27:44.336332+00:00,2026-09-25 12:27:44.337332+00:00,2026-09-25 12:27:44.326331+00:00,2026-09-25 12:27:44.339332+00:00,2026-09-25 12:27:44.340332+00:00,2026-09-25 12:27:44.341332+00:00,2026-09-25 12:27:44.342332+00:00,2026-09-25 12:27:44.343332+00:00,2026-09-25 12:27:44.344332+00:00,2026-09-25 12:27:44.345332+00:00,2026-09-25 12:27:44.346333+00:00,2026-09-25 12:27:44.347333+00:00,2026-09-25 12:27:44.348333+00:00,2026-09-25 12:27:44.350333+00:00,2026-09-25 12:27:44.351333+00:00,2026-09-25 12:27:44.352333+00:00,2026-09-25 12:27:44.353333+00:00,2026-09-25 12:27:44.354333+00:00,2026-09-25 12:27:44.355333+00:00,2026-09-25 12:27:44.356333+00:00,2026-09-25 12:27:44.358333+00:00,2026-09-25 12:27:44.371334+00:00,2026-09-25 12:27:44.361333+00:00,2026-09-25 12:27:44.362333+00:00,2026-09-25 12:27:44.363333+00:00,2026-09-25 12:27:44.364334+00:00,2026-09-25 12:27:44.365334+00:00,2026-09-25 12:27:44.366334+00:00,2026-09-25 12:27:44.367334+00:00,2026-09-25 12:27:44.368334+00:00,2026-09-25 12:27:44.369334+00:00,2026-09-25 12:27:44.370334+00:00,2026-09-25 12:27:44.360333+00:00,2026-09-25 12:27:44.372334+00:00,2026-09-25 12:27:44.374334+00:00,2026-09-25 12:27:44.375334+00:00,2026-09-25 12:27:44.376334+00:00,2026-09-25 12:27:44.377334+00:00,2026-09-25 12:27:44.378334+00:00,2026-09-25 12:27:44.379334+00:00,2026-09-25 12:27:44.380334+00:00,2026-09-25 12:27:44.381335+00:00,2026-09-25 12:27:44.381335+00:00,0.755156,1.3242296955860775,True,True,False,False,False,False,True,False,False,True,False,False,False,False,False,False
117,2026-09-25 10:58:40.032531+00:00,2026-09-25 12:27:45.519400+00:00,96.006,True,False,False,False,True,False,True,False,True,False,False,False,False,False,False,False,False,False,False,False,False,False,False,True,True,True,False,False,False,True,False,False,False,False,False,False,False,False,True,False,True,False,False,False,False,False,False,True,False,False,False,False,True,True,False,True,False,True,False,True,True,True,False,True,False,False,False,False,True,True,True,False,True,True,False,False,False,False,False,0,0,58,0,2026-09-25 12:27:45.423394+00:00,2026-09-25 12:27:45.429394+00:00,2026-09-25 12:27:45.430395+00:00,2026-09-25 12:27:45.432395+00:00,2026-09-25 12:27:45.433395+00:00,2026-09-25 12:27:45.446395+00:00,2026-09-25 12:27:45.436395+00:00,2026-09-25 12:27:45.448396+00:00,2026-09-25 12:27:45.438395+00:00,2026-09-25 12:27:45.439395+00:00,2026-09-25 12:27:45.440395+00:00,2026-09-25 12:27:45.441395+00:00,2026-09-25 12:27:45.442395+00:00,2026-09-25 12:27:45.443395+00:00,2026-09-25 12:27:45.444395+00:00,2026-09-25 12:27:45.445395+00:00,2026-09-25 12:27:45.435395+00:00,2026-09-25 12:27:45.447395+00:00,2026-09-25 12:27:45.449396+00:00,2026-09-25 12:27:45.462396+00:00,2026-09-25 12:27:45.452396+00:00,2026-09-25 12:27:45.453396+00:00,2026-09-25 12:27:45.454396+00:00,2026-09-25 12:27:45.455396+00:00,2026-09-25 12:27:45.456396+00:00,2026-09-25 12:27:45.457396+00:00,2026-09-25 12:27:45.458396+00:00,2026-09-25 12:27:45.459396+00:00,2026-09-25 12:27:45.460396+00:00,2026-09-25 12:27:45.461396+00:00,2026-09-25 12:27:45.451396+00:00,2026-09-25 12:27:45.463396+00:00,2026-09-25 12:27:45.464396+00:00,2026-09-25 12:27:45.465397+00:00,2026-09-25 12:27:45.466397+00:00,2026-09-25 12:27:45.467397+00:00,2026-09-25 12:27:45.468397+00:00,2026-09-25 12:27:45.469397+00:00,2026-09-25 12:27:45.470397+00:00,2026-09-25 12:27:45.471397+00:00,2026-09-25 12:27:45.472397+00:00,2026-09-25 12:27:45.473397+00:00,2026-09-25 12:27:45.474397+00:00,2026-09-25 12:27:45.475397+00:00,2026-09-25 12:27:45.476397+00:00,2026-09-25 12:27:45.477397+00:00,2026-09-25 12:27:45.478397+00:00,2026-09-25 12:27:45.479397+00:00,2026-09-25 12:27:45.481397+00:00,2026-09-25 12:27:45.482397+00:00,2026-09-25 12:27:45.483398+00:00,2026-09-25 12:27:45.484398+00:00,2026-09-25 12:27:45.485398+00:00,2026-09-25 12:27:45.486398+00:00,2026-09-25 12:27:45.500399+00:00,2026-09-25 12:27:45.488398+00:00,2026-09-25 12:27:45.489398+00:00,2026-09-25 12:27:45.490398+00:00,2026-09-25 12:27:45.491398+00:00,2026-09-25 12:27:45.492398+00:00,2026-09-25 12:27:45.493398+00:00,2026-09-25 12:27:45.494398+00:00,2026-09-25 12:27:45.495398+00:00,2026-09-25 12:27:45.508399+00:00,2026-09-25 12:27:45.498398+00:00,2026-09-25 12:27:45.499398+00:00,2026-09-25 12:27:45.501399+00:00,2026-09-25 12:27:45.502399+00:00,2026-09-25 12:27:45.503399+00:00,2026-09-25 12:27:45.504399+00:00,2026-09-25 12:27:45.505399+00:00,2026-09-25 12:27:45.506399+00:00,2026-09-25 12:27:45.507399+00:00,2026-09-25 12:27:45.497398+00:00,2026-09-25 12:27:45.509399+00:00,2026-09-25 12:27:45.510399+00:00,2026-09-25 12:27:45.512399+00:00,2026-09-25 12:27:45.514399+00:00,2026-09-25 12:27:45.515399+00:00,2026-09-25 12:27:45.516399+00:00,2026-09-25 12:27:45.517399+00:00,2026-09-25 12:27:45.518400+00:00,2026-09-25 12:27:45.519400+00:00,2026-09-25 12:27:45.519400+00:00,1.096949,0.9116194098358265,True,True,False,False,False,False,True,False,False,True,False,False,False,False,False,False
119,2026-09-25 10:58:40.832492+00:00,2026-09-25 12:27:46.319445+00:00,175.01,True,False,False,False,True,False,True,False,True,False,False,False,False,False,False,False,False,False,False,False,False,False,False,True,True,True,False,False,True,True,False,False,False,False,False,False,True,False,False,False,True,False,True,False,False,False,False,True,False,False,False,False,True,True,False,True,False,True,False,True,True,True,False,True,False,False,False,False,True,True,True,False,True,True,False,False,False,False,False,1,0,229,0,2026-09-25 12:27:46.144435+00:00,2026-09-25 12:27:46.151436+00:00,2026-09-25 12:27:46.153436+00:00,2026-09-25 12:27:46.155436+00:00,2026-09-25 12:27:46.157436+00:00,2026-09-25 12:27:46.159436+00:00,2026-09-25 12:27:46.161436+00:00,2026-09-25 12:27:46.163436+00:00,2026-09-25 12:27:46.165437+00:00,2026-09-25 12:27:46.167437+00:00,2026-09-25 12:27:46.169437+00:00,2026-09-25 12:27:46.171437+00:00,2026-09-25 12:27:46.173437+00:00,2026-09-25 12:27:46.175437+00:00,2026-09-25 12:27:46.177437+00:00,2026-09-25 12:27:46.179437+00:00,2026-09-25 12:27:46.181437+00:00,2026-09-25 12:27:46.205439+00:00,2026-09-25 12:27:46.185438+00:00,2026-09-25 12:27:46.211439+00:00,2026-09-25 12:27:46.189438+00:00,2026-09-25 12:27:46.191438+00:00,2026-09-25 12:27:46.193438+00:00,2026-09-25 12:27:46.195438+00:00,2026-09-25 12:27:46.197438+00:00,2026-09-25 12:27:46.221440+00:00,2026-09-25 12:27:46.201439+00:00,2026-09-25 12:27:46.203439+00:00,2026-09-25 12:27:46.183438+00:00,2026-09-25 12:27:46.207439+00:00,2026-09-25 12:27:46.209439+00:00,2026-09-25 12:27:46.213439+00:00,2026-09-25 12:27:46.215439+00:00,2026-09-25 12:27:46.217440+00:00,2026-09-25 12:27:46.219440+00:00,2026-09-25 12:27:46.199439+00:00,2026-09-25 12:27:46.223440+00:00,2026-09-25 12:27:46.225440+00:00,2026-09-25 12:27:46.227440+00:00,2026-09-25 12:27:46.229440+00:00,2026-09-25 12:27:46.231440+00:00,2026-09-25 12:27:46.255442+00:00,2026-09-25 12:27:46.235441+00:00,2026-09-25 12:27:46.237441+00:00,2026-09-25 12:27:46.239441+00:00,2026-09-25 12:27:46.241441+00:00,2026-09-25 12:27:46.243441+00:00,2026-09-25 12:27:46.245441+00:00,2026-09-25 12:27:46.247441+00:00,2026-09-25 12:27:46.249441+00:00,2026-09-25 12:27:46.251441+00:00,2026-09-25 12:27:46.253442+00:00,2026-09-25 12:27:46.233440+00:00,2026-09-25 12:27:46.281443+00:00,2026-09-25 12:27:46.261442+00:00,2026-09-25 12:27:46.263442+00:00,2026-09-25 12:27:46.265442+00:00,2026-09-25 12:27:46.267442+00:00,2026-09-25 12:27:46.269443+00:00,2026-09-25 12:27:46.271443+00:00,2026-09-25 12:27:46.273443+00:00,2026-09-25 12:27:46.275443+00:00,2026-09-25 12:27:46.299444+00:00,2026-09-25 12:27:46.279443+00:00,2026-09-25 12:27:46.257442+00:00,2026-09-25 12:27:46.283443+00:00,2026-09-25 12:27:46.285443+00:00,2026-09-25 12:27:46.309445+00:00,2026-09-25 12:27:46.289444+00:00,2026-09-25 12:27:46.291444+00:00,2026-09-25 12:27:46.293444+00:00,2026-09-25 12:27:46.295444+00:00,2026-09-25 12:27:46.297444+00:00,2026-09-25 12:27:46.277443+00:00,2026-09-25 12:27:46.301444+00:00,2026-09-25 12:27:46.303444+00:00,2026-09-25 12:27:46.305445+00:00,2026-09-25 12:27:46.307445+00:00,2026-09-25 12:27:46.311445+00:00,2026-09-25 12:27:46.313445+00:00,2026-09-25 12:27:46.315445+00:00,2026-09-25 12:27:46.317445+00:00,2026-09-25 12:27:46.319445+00:00,2026-09-25 12:27:46.319445+00:00,0.799961,1.2500609404708478,True,True,False,False,False,False,True,False,False,True,False,False,False,False,False,False
122,2026-09-25 10:58:41.957754+00:00,2026-09-25 12:27:47.444510+00:00,91.005,True,False,False,False,True,False,True,False,False,False,False,False,False,False,False,False,False,False,True,False,False,True,False,True,True,True,False,False,True,True,False,False,False,False,False,False,True,False,False,False,True,False,True,False,False,False,False,True,False,False,False,False,True,True,False,False,False,True,False,True,True,True,False,True,False,False,False,False,True,True,True,False,True,True,False,False,False,False,False,0,0,471,0,2026-09-25 12:27:47.353505+00:00,2026-09-25 12:27:47.360505+00:00,2026-09-25 12:27:47.361505+00:00,2026-09-25 12:27:47.362505+00:00,2026-09-25 12:27:47.363505+00:00,2026-09-25 12:27:47.364505+00:00,2026-09-25 12:27:47.365505+00:00,2026-09-25 12:27:47.366505+00:00,2026-09-25 12:27:47.367505+00:00,2026-09-25 12:27:47.368505+00:00,2026-09-25 12:27:47.369505+00:00,2026-09-25 12:27:47.381506+00:00,2026-09-25 12:27:47.371506+00:00,2026-09-25 12:27:47.372506+00:00,2026-09-25 12:27:47.373506+00:00,2026-09-25 12:27:47.374506+00:00,2026-09-25 12:27:47.375506+00:00,2026-09-25 12:27:47.376506+00:00,2026-09-25 12:27:47.388507+00:00,2026-09-25 12:27:47.378506+00:00,2026-09-25 12:27:47.379506+00:00,2026-09-25 12:27:47.380506+00:00,2026-09-25 12:27:47.370505+00:00,2026-09-25 12:27:47.382506+00:00,2026-09-25 12:27:47.383506+00:00,2026-09-25 12:27:47.384506+00:00,2026-09-25 12:27:47.385506+00:00,2026-09-25 12:27:47.397507+00:00,2026-09-25 12:27:47.387506+00:00,2026-09-25 12:27:47.377506+00:00,2026-09-25 12:27:47.389507+00:00,2026-09-25 12:27:47.390507+00:00,2026-09-25 12:27:47.391507+00:00,2026-09-25 12:27:47.392507+00:00,2026-09-25 12:27:47.393507+00:00,2026-09-25 12:27:47.394507+00:00,2026-09-25 12:27:47.395507+00:00,2026-09-25 12:27:47.396507+00:00,2026-09-25 12:27:47.398507+00:00,2026-09-25 12:27:47.411508+00:00,2026-09-25 12:27:47.401507+00:00,2026-09-25 12:27:47.413508+00:00,2026-09-25 12:27:47.403507+00:00,2026-09-25 12:27:47.404507+00:00,2026-09-25 12:27:47.405507+00:00,2026-09-25 12:27:47.406508+00:00,2026-09-25 12:27:47.407508+00:00,2026-09-25 12:27:47.408508+00:00,2026-09-25 12:27:47.409508+00:00,2026-09-25 12:27:47.410508+00:00,2026-09-25 12:27:47.400507+00:00,2026-09-25 12:27:47.412508+00:00,2026-09-25 12:27:47.402507+00:00,2026-09-25 12:27:47.414508+00:00,2026-09-25 12:27:47.415508+00:00,2026-09-25 12:27:47.416508+00:00,2026-09-25 12:27:47.428509+00:00,2026-09-25 12:27:47.429509+00:00,2026-09-25 12:27:47.419508+00:00,2026-09-25 12:27:47.420508+00:00,2026-09-25 12:27:47.421508+00:00,2026-09-25 12:27:47.422508+00:00,2026-09-25 12:27:47.423509+00:00,2026-09-25 12:27:47.424509+00:00,2026-09-25 12:27:47.425509+00:00,2026-09-25 12:27:47.426509+00:00,2026-09-25 12:27:47.427509+00:00,2026-09-25 12:27:47.417508+00:00,2026-09-25 12:27:47.418508+00:00,2026-09-25 12:27:47.430509+00:00,2026-09-25 12:27:47.431509+00:00,2026-09-25 12:27:47.432509+00:00,2026-09-25 12:27:47.433509+00:00,2026-09-25 12:27:47.434509+00:00,2026-09-25 12:27:47.435509+00:00,2026-09-25 12:27:47.444510+00:00,2026-09-25 12:27:47.437509+00:00,2026-09-25 12:27:47.438509+00:00,2026-09-25 12:27:47.439509+00:00,2026-09-25 12:27:47.440509+00:00,2026-09-25 12:27:47.441510+00:00,2026-09-25 12:27:47.442510+00:00,2026-09-25 12:27:47.443510+00:00,2026-09-25 12:27:47.444510+00:00,1.125262,0.8886819247428599,True,True,True,False,False,True,True,False,False,True,False,False,False,False,False,False
125,2026-09-25 10:58:43.047835+00:00,2026-09-25 12:27:48.534572+00:00,89.005,True,False,False,False,True,False,True,False,False,False,False,False,False,False,False,False,False,False,True,False,False,True,False,True,True,True,False,False,True,True,False,False,False,False,False,False,True,False,False,False,True,True,False,False,False,False,True,False,True,False,False,False,False,False,False,True,False,True,False,True,True,True,False,True,False,False,False,False,True,True,True,False,True,True,False,False,False,False,False,0,0,0,0,2026-09-25 12:27:48.445567+00:00,2026-09-25 12:27:48.452567+00:00,2026-09-25 12:27:48.453567+00:00,2026-09-25 12:27:48.465568+00:00,2026-09-25 12:27:48.455568+00:00,2026-09-25 12:27:48.456568+00:00,2026-09-25 12:27:48.457568+00:00,2026-09-25 12:27:48.458568+00:00,2026-09-25 12:27:48.459568+00:00,2026-09-25 12:27:48.460568+00:00,2026-09-25 12:27:48.461568+00:00,2026-09-25 12:27:48.462568+00:00,2026-09-25 12:27:48.463568+00:00,2026-09-25 12:27:48.464568+00:00,2026-09-25 12:27:48.454567+00:00,2026-09-25 12:27:48.466568+00:00,2026-09-25 12:27:48.467568+00:00,2026-09-25 12:27:48.468568+00:00,2026-09-25 12:27:48.469568+00:00,2026-09-25 12:27:48.470568+00:00,2026-09-25 12:27:48.471568+00:00,2026-09-25 12:27:48.472569+00:00,2026-09-25 12:27:48.473569+00:00,2026-09-25 12:27:48.474569+00:00,2026-09-25 12:27:48.486569+00:00,2026-09-25 12:27:48.476569+00:00,2026-09-25 12:27:48.477569+00:00,2026-09-25 12:27:48.478569+00:00,2026-09-25 12:27:48.479569+00:00,2026-09-25 12:27:48.480569+00:00,2026-09-25 12:27:48.481569+00:00,2026-09-25 12:27:48.482569+00:00,2026-09-25 12:27:48.483569+00:00,2026-09-25 12:27:48.484569+00:00,2026-09-25 12:27:48.497570+00:00,2026-09-25 12:27:48.475569+00:00,2026-09-25 12:27:48.487569+00:00,2026-09-25 12:27:48.488569+00:00,2026-09-25 12:27:48.489569+00:00,2026-09-25 12:27:48.490570+00:00,2026-09-25 12:27:48.491570+00:00,2026-09-25 12:27:48.492570+00:00,2026-09-25 12:27:48.504570+00:00,2026-09-25 12:27:48.494570+00:00,2026-09-25 12:27:48.495570+00:00,2026-09-25 12:27:48.496570+00:00,2026-09-25 12:27:48.498570+00:00,2026-09-25 12:27:48.499570+00:00,2026-09-25 12:27:48.500570+00:00,2026-09-25 12:27:48.501570+00:00,2026-09-25 12:27:48.502570+00:00,2026-09-25 12:27:48.503570+00:00,2026-09-25 12:27:48.493570+00:00,2026-09-25 12:27:48.505570+00:00,2026-09-25 12:27:48.506570+00:00,2026-09-25 12:27:48.507571+00:00,2026-09-25 12:27:48.508571+00:00,2026-09-25 12:27:48.509571+00:00,2026-09-25 12:27:48.510571+00:00,2026-09-25 12:27:48.511571+00:00,2026-09-25 12:27:48.512571+00:00,2026-09-25 12:27:48.513571+00:00,2026-09-25 12:27:48.514571+00:00,2026-09-25 12:27:48.515571+00:00,2026-09-25 12:27:48.516571+00:00,2026-09-25 12:27:48.517571+00:00,2026-09-25 12:27:48.518571+00:00,2026-09-25 12:27:48.519571+00:00,2026-09-25 12:27:48.520571+00:00,2026-09-25 12:27:48.521571+00:00,2026-09-25 12:27:48.522571+00:00,2026-09-25 12:27:48.523571+00:00,2026-09-25 12:27:48.524571+00:00,2026-09-25 12:27:48.525572+00:00,2026-09-25 12:27:48.526572+00:00,2026-09-25 12:27:48.527572+00:00,2026-09-25 12:27:48.528572+00:00,2026-09-25 12:27:48.529572+00:00,2026-09-25 12:27:48.530572+00:00,2026-09-25 12:27:48.531572+00:00,2026-09-25 12:27:48.532572+00:00,2026-09-25 12:27:48.533572+00:00,2026-09-25 12:27:48.534572+00:00,2026-09-25 12:27:48.534572+00:00,1.090081,0.9173630216470151,True,True,True,False,False,True,True,False,False,True,False,False,False,False,False,False
128,2026-09-25 10:58:44.123831+00:00,2026-09-25 12:27:49.610634+00:00,92.006,True,False,False,False,True,False,False,False,True,False,False,False,False,True,False,False,False,False,True,False,False,True,False,False,True,True,False,False,True,True,False,False,False,True,False,True,False,False,False,False,True,True,True,False,False,False,True,False,True,False,False,False,False,False,False,True,False,True,False,True,True,True,False,True,False,False,False,False,True,True,True,False,True,True,False,False,False,False,False,0,0,0,0,2026-09-25 12:27:49.518628+00:00,2026-09-25 12:27:49.527629+00:00,2026-09-25 12:27:49.528629+00:00,2026-09-25 12:27:49.529629+00:00,2026-09-25 12:27:49.530629+00:00,2026-09-25 12:27:49.531629+00:00,2026-09-25 12:27:49.532629+00:00,2026-09-25 12:27:49.533629+00:00,2026-09-25 12:27:49.545630+00:00,2026-09-25 12:27:49.535629+00:00,2026-09-25 12:27:49.536629+00:00,2026-09-25 12:27:49.537629+00:00,2026-09-25 12:27:49.538629+00:00,2026-09-25 12:27:49.539630+00:00,2026-09-25 12:27:49.540630+00:00,2026-09-25 12:27:49.541630+00:00,2026-09-25 12:27:49.542630+00:00,2026-09-25 12:27:49.543630+00:00,2026-09-25 12:27:49.544630+00:00,2026-09-25 12:27:49.546630+00:00,2026-09-25 12:27:49.547630+00:00,2026-09-25 12:27:49.548630+00:00,2026-09-25 12:27:49.549630+00:00,2026-09-25 12:27:49.550630+00:00,2026-09-25 12:27:49.551630+00:00,2026-09-25 12:27:49.563631+00:00,2026-09-25 12:27:49.564631+00:00,2026-09-25 12:27:49.554630+00:00,2026-09-25 12:27:49.555630+00:00,2026-09-25 12:27:49.556631+00:00,2026-09-25 12:27:49.557631+00:00,2026-09-25 12:27:49.558631+00:00,2026-09-25 12:27:49.559631+00:00,2026-09-25 12:27:49.560631+00:00,2026-09-25 12:27:49.561631+00:00,2026-09-25 12:27:49.562631+00:00,2026-09-25 12:27:49.552630+00:00,2026-09-25 12:27:49.553630+00:00,2026-09-25 12:27:49.565631+00:00,2026-09-25 12:27:49.566631+00:00,2026-09-25 12:27:49.567631+00:00,2026-09-25 12:27:49.568631+00:00,2026-09-25 12:27:49.569631+00:00,2026-09-25 12:27:49.570631+00:00,2026-09-25 12:27:49.571631+00:00,2026-09-25 12:27:49.572631+00:00,2026-09-25 12:27:49.573632+00:00,2026-09-25 12:27:49.574632+00:00,2026-09-25 12:27:49.575632+00:00,2026-09-25 12:27:49.576632+00:00,2026-09-25 12:27:49.577632+00:00,2026-09-25 12:27:49.578632+00:00,2026-09-25 12:27:49.579632+00:00,2026-09-25 12:27:49.580632+00:00,2026-09-25 12:27:49.581632+00:00,2026-09-25 12:27:49.582632+00:00,2026-09-25 12:27:49.583632+00:00,2026-09-25 12:27:49.584632+00:00,2026-09-25 12:27:49.585632+00:00,2026-09-25 12:27:49.586632+00:00,2026-09-25 12:27:49.587632+00:00,2026-09-25 12:27:49.588632+00:00,2026-09-25 12:27:49.589632+00:00,2026-09-25 12:27:49.590632+00:00,2026-09-25 12:27:49.591633+00:00,2026-09-25 12:27:49.592633+00:00,2026-09-25 12:27:49.593633+00:00,2026-09-25 12:27:49.606633+00:00,2026-09-25 12:27:49.596633+00:00,2026-09-25 12:27:49.597633+00:00,2026-09-25 12:27:49.598633+00:00,2026-09-25 12:27:49.599633+00:00,2026-09-25 12:27:49.600633+00:00,2026-09-25 12:27:49.601633+00:00,2026-09-25 12:27:49.602633+00:00,2026-09-25 12:27:49.603633+00:00,2026-09-25 12:27:49.604633+00:00,2026-09-25 12:27:49.605633+00:00,2026-09-25 12:27:49.594633+00:00,2026-09-25 12:27:49.607633+00:00,2026-09-25 12:27:49.608634+00:00,2026-09-25 12:27:49.609634+00:00,2026-09-25 12:27:49.610634+00:00,2026-09-25 12:27:49.610634+00:00,1.075996,0.9293714846523593,True,True,True,False,False,False,True,False,False,True,False,False,False,False,False,False
131,2026-09-25 10:58:45.210963+00:00,2026-09-25 12:27:50.697696+00:00,87.005,True,False,False,False,True,False,False,False,True,False,False,False,False,True,False,False,False,False,True,False,False,True,False,False,True,True,False,False,True,True,False,False,False,True,False,False,False,False,False,False,False,False,False,True,False,False,False,False,True,False,False,False,False,False,False,True,True,False,False,True,True,True,False,True,False,False,False,False,True,True,True,False,True,True,False,False,False,False,False,0,0,0,0,2026-09-25 12:27:50.610691+00:00,2026-09-25 12:27:50.614691+00:00,2026-09-25 12:27:50.615691+00:00,2026-09-25 12:27:50.616691+00:00,2026-09-25 12:27:50.617691+00:00,2026-09-25 12:27:50.618691+00:00,2026-09-25 12:27:50.619691+00:00,2026-09-25 12:27:50.620691+00:00,2026-09-25 12:27:50.621691+00:00,2026-09-25 12:27:50.622692+00:00,2026-09-25 12:27:50.623692+00:00,2026-09-25 12:27:50.624692+00:00,2026-09-25 12:27:50.625692+00:00,2026-09-25 12:27:50.626692+00:00,2026-09-25 12:27:50.627692+00:00,2026-09-25 12:27:50.628692+00:00,2026-09-25 12:27:50.629692+00:00,2026-09-25 12:27:50.630692+00:00,2026-09-25 12:27:50.631692+00:00,2026-09-25 12:27:50.632692+00:00,2026-09-25 12:27:50.644693+00:00,2026-09-25 12:27:50.634692+00:00,2026-09-25 12:27:50.635692+00:00,2026-09-25 12:27:50.636692+00:00,2026-09-25 12:27:50.637692+00:00,2026-09-25 12:27:50.638692+00:00,2026-09-25 12:27:50.639692+00:00,2026-09-25 12:27:50.640693+00:00,2026-09-25 12:27:50.641693+00:00,2026-09-25 12:27:50.642693+00:00,2026-09-25 12:27:50.643693+00:00,2026-09-25 12:27:50.645693+00:00,2026-09-25 12:27:50.646693+00:00,2026-09-25 12:27:50.647693+00:00,2026-09-25 12:27:50.648693+00:00,2026-09-25 12:27:50.649693+00:00,2026-09-25 12:27:50.661694+00:00,2026-09-25 12:27:50.651693+00:00,2026-09-25 12:27:50.652693+00:00,2026-09-25 12:27:50.653693+00:00,2026-09-25 12:27:50.665694+00:00,2026-09-25 12:27:50.655693+00:00,2026-09-25 12:27:50.656693+00:00,2026-09-25 12:27:50.657694+00:00,2026-09-25 12:27:50.658694+00:00,2026-09-25 12:27:50.670694+00:00,2026-09-25 12:27:50.671694+00:00,2026-09-25 12:27:50.650693+00:00,2026-09-25 12:27:50.662694+00:00,2026-09-25 12:27:50.663694+00:00,2026-09-25 12:27:50.664694+00:00,2026-09-25 12:27:50.654693+00:00,2026-09-25 12:27:50.666694+00:00,2026-09-25 12:27:50.667694+00:00,2026-09-25 12:27:50.668694+00:00,2026-09-25 12:27:50.669694+00:00,2026-09-25 12:27:50.659694+00:00,2026-09-25 12:27:50.660694+00:00,2026-09-25 12:27:50.672694+00:00,2026-09-25 12:27:50.673694+00:00,2026-09-25 12:27:50.674694+00:00,2026-09-25 12:27:50.675695+00:00,2026-09-25 12:27:50.687695+00:00,2026-09-25 12:27:50.688695+00:00,2026-09-25 12:27:50.689695+00:00,2026-09-25 12:27:50.679695+00:00,2026-09-25 12:27:50.691695+00:00,2026-09-25 12:27:50.681695+00:00,2026-09-25 12:27:50.693696+00:00,2026-09-25 12:27:50.694696+00:00,2026-09-25 12:27:50.684695+00:00,2026-09-25 12:27:50.685695+00:00,2026-09-25 12:27:50.686695+00:00,2026-09-25 12:27:50.676695+00:00,2026-09-25 12:27:50.677695+00:00,2026-09-25 12:27:50.678695+00:00,2026-09-25 12:27:50.690695+00:00,2026-09-25 12:27:50.680695+00:00,2026-09-25 12:27:50.692696+00:00,2026-09-25 12:27:50.682695+00:00,2026-09-25 12:27:50.695696+00:00,2026-09-25 12:27:50.696696+00:00,2026-09-25 12:27:50.697696+00:00,2026-09-25 12:27:50.697696+00:00,1.087132,0.9198514991739734,True,True,True,False,False,False,True,False,False,True,False,False,False,False,False,False
133,2026-09-25 10:58:46.003286+00:00,2026-09-25 12:27:51.489741+00:00,92.005,True,False,False,False,True,True,False,False,True,False,False,False,False,False,False,False,False,True,False,False,False,False,False,False,True,True,False,False,True,True,False,False,False,True,False,False,False,False,False,False,True,False,False,True,False,False,False,False,True,False,False,False,False,False,False,True,False,True,False,True,True,True,False,True,False,False,False,False,True,True,True,False,True,True,False,False,False,False,False,0,0,0,0,2026-09-25 12:27:51.397736+00:00,2026-09-25 12:27:51.405736+00:00,2026-09-25 12:27:51.406736+00:00,2026-09-25 12:27:51.407736+00:00,2026-09-25 12:27:51.408736+00:00,2026-09-25 12:27:51.420737+00:00,2026-09-25 12:27:51.410737+00:00,2026-09-25 12:27:51.411737+00:00,2026-09-25 12:27:51.412737+00:00,2026-09-25 12:27:51.413737+00:00,2026-09-25 12:27:51.414737+00:00,2026-09-25 12:27:51.426737+00:00,2026-09-25 12:27:51.416737+00:00,2026-09-25 12:27:51.417737+00:00,2026-09-25 12:27:51.418737+00:00,2026-09-25 12:27:51.419737+00:00,2026-09-25 12:27:51.409737+00:00,2026-09-25 12:27:51.421737+00:00,2026-09-25 12:27:51.422737+00:00,2026-09-25 12:27:51.423737+00:00,2026-09-25 12:27:51.435738+00:00,2026-09-25 12:27:51.425737+00:00,2026-09-25 12:27:51.415737+00:00,2026-09-25 12:27:51.427738+00:00,2026-09-25 12:27:51.428738+00:00,2026-09-25 12:27:51.429738+00:00,2026-09-25 12:27:51.430738+00:00,2026-09-25 12:27:51.431738+00:00,2026-09-25 12:27:51.432738+00:00,2026-09-25 12:27:51.444739+00:00,2026-09-25 12:27:51.434738+00:00,2026-09-25 12:27:51.424737+00:00,2026-09-25 12:27:51.436738+00:00,2026-09-25 12:27:51.437738+00:00,2026-09-25 12:27:51.438738+00:00,2026-09-25 12:27:51.450739+00:00,2026-09-25 12:27:51.451739+00:00,2026-09-25 12:27:51.441738+00:00,2026-09-25 12:27:51.442738+00:00,2026-09-25 12:27:51.443738+00:00,2026-09-25 12:27:51.445739+00:00,2026-09-25 12:27:51.446739+00:00,2026-09-25 12:27:51.447739+00:00,2026-09-25 12:27:51.448739+00:00,2026-09-25 12:27:51.449739+00:00,2026-09-25 12:27:51.439738+00:00,2026-09-25 12:27:51.440738+00:00,2026-09-25 12:27:51.452739+00:00,2026-09-25 12:27:51.453739+00:00,2026-09-25 12:27:51.454739+00:00,2026-09-25 12:27:51.455739+00:00,2026-09-25 12:27:51.468740+00:00,2026-09-25 12:27:51.469740+00:00,2026-09-25 12:27:51.470740+00:00,2026-09-25 12:27:51.460739+00:00,2026-09-25 12:27:51.461739+00:00,2026-09-25 12:27:51.462740+00:00,2026-09-25 12:27:51.463740+00:00,2026-09-25 12:27:51.464740+00:00,2026-09-25 12:27:51.465740+00:00,2026-09-25 12:27:51.466740+00:00,2026-09-25 12:27:51.467740+00:00,2026-09-25 12:27:51.456739+00:00,2026-09-25 12:27:51.458739+00:00,2026-09-25 12:27:51.459739+00:00,2026-09-25 12:27:51.471740+00:00,2026-09-25 12:27:51.472740+00:00,2026-09-25 12:27:51.473740+00:00,2026-09-25 12:27:51.474740+00:00,2026-09-25 12:27:51.475740+00:00,2026-09-25 12:27:51.476740+00:00,2026-09-25 12:27:51.477740+00:00,2026-09-25 12:27:51.478740+00:00,2026-09-25 12:27:51.479741+00:00,2026-09-25 12:27:51.480741+00:00,2026-09-25 12:27:51.481741+00:00,2026-09-25 12:27:51.482741+00:00,2026-09-25 12:27:51.489741+00:00,2026-09-25 12:27:51.484741+00:00,2026-09-25 12:27:51.485741+00:00,2026-09-25 12:27:51.486741+00:00,2026-09-25 12:27:51.487741+00:00,2026-09-25 12:27:51.488741+00:00,2026-09-25 12:27:51.489741+00:00,0.792323,1.2621115378450456,True,True,True,False,False,False,True,False,False,True,False,False,False,False,False,False
136,2026-09-25 10:58:47.139626+00:00,2026-09-25 12:27:52.604805+00:00,122.007,True,False,False,False,True,True,False,False,True,False,False,False,False,False,False,False,False,True,False,False,False,False,False,False,True,True,False,False,True,True,False,False,False,True,False,False,False,False,False,True,False,False,False,True,False,False,False,False,True,False,False,False,False,False,False,True,True,False,False,True,True,True,False,True,False,False,False,False,True,True,True,False,True,True,False,False,False,False,False,0,0,0,0,2026-09-25 12:27:52.482798+00:00,2026-09-25 12:27:52.522800+00:00,2026-09-25 12:27:52.523800+00:00,2026-09-25 12:27:52.524800+00:00,2026-09-25 12:27:52.525800+00:00,2026-09-25 12:27:52.526800+00:00,2026-09-25 12:27:52.527800+00:00,2026-09-25 12:27:52.528801+00:00,2026-09-25 12:27:52.529801+00:00,2026-09-25 12:27:52.530801+00:00,2026-09-25 12:27:52.542801+00:00,2026-09-25 12:27:52.532801+00:00,2026-09-25 12:27:52.533801+00:00,2026-09-25 12:27:52.534801+00:00,2026-09-25 12:27:52.535801+00:00,2026-09-25 12:27:52.536801+00:00,2026-09-25 12:27:52.537801+00:00,2026-09-25 12:27:52.538801+00:00,2026-09-25 12:27:52.539801+00:00,2026-09-25 12:27:52.540801+00:00,2026-09-25 12:27:52.541801+00:00,2026-09-25 12:27:52.531801+00:00,2026-09-25 12:27:52.544801+00:00,2026-09-25 12:27:52.545801+00:00,2026-09-25 12:27:52.546802+00:00,2026-09-25 12:27:52.547802+00:00,2026-09-25 12:27:52.548802+00:00,2026-09-25 12:27:52.560802+00:00,2026-09-25 12:27:52.550802+00:00,2026-09-25 12:27:52.551802+00:00,2026-09-25 12:27:52.552802+00:00,2026-09-25 12:27:52.553802+00:00,2026-09-25 12:27:52.554802+00:00,2026-09-25 12:27:52.555802+00:00,2026-09-25 12:27:52.556802+00:00,2026-09-25 12:27:52.557802+00:00,2026-09-25 12:27:52.558802+00:00,2026-09-25 12:27:52.559802+00:00,2026-09-25 12:27:52.549802+00:00,2026-09-25 12:27:52.561802+00:00,2026-09-25 12:27:52.562802+00:00,2026-09-25 12:27:52.563803+00:00,2026-09-25 12:27:52.564803+00:00,2026-09-25 12:27:52.565803+00:00,2026-09-25 12:27:52.566803+00:00,2026-09-25 12:27:52.567803+00:00,2026-09-25 12:27:52.568803+00:00,2026-09-25 12:27:52.569803+00:00,2026-09-25 12:27:52.570803+00:00,2026-09-25 12:27:52.571803+00:00,2026-09-25 12:27:52.572803+00:00,2026-09-25 12:27:52.573803+00:00,2026-09-25 12:27:52.574803+00:00,2026-09-25 12:27:52.575803+00:00,2026-09-25 12:27:52.576803+00:00,2026-09-25 12:27:52.577803+00:00,2026-09-25 12:27:52.578803+00:00,2026-09-25 12:27:52.579803+00:00,2026-09-25 12:27:52.580804+00:00,2026-09-25 12:27:52.581804+00:00,2026-09-25 12:27:52.582804+00:00,2026-09-25 12:27:52.583804+00:00,2026-09-25 12:27:52.584804+00:00,2026-09-25 12:27:52.585804+00:00,2026-09-25 12:27:52.586804+00:00,2026-09-25 12:27:52.587804+00:00,2026-09-25 12:27:52.588804+00:00,2026-09-25 12:27:52.589804+00:00,2026-09-25 12:27:52.590804+00:00,2026-09-25 12:27:52.591804+00:00,2026-09-25 12:27:52.592804+00:00,2026-09-25 12:27:52.594804+00:00,2026-09-25 12:27:52.595804+00:00,2026-09-25 12:27:52.596804+00:00,2026-09-25 12:27:52.597804+00:00,2026-09-25 12:27:52.598805+00:00,2026-09-25 12:27:52.599805+00:00,2026-09-25 12:27:52.600805+00:00,2026-09-25 12:27:52.601805+00:00,2026-09-25 12:27:52.602805+00:00,2026-09-25 12:27:52.603805+00:00,2026-09-25 12:27:52.604805+00:00,2026-09-25 12:27:52.593804+00:00,2026-09-25 12:27:52.604805+00:00,1.13634,0.8800183043807311,True,True,True,False,False,False,True,False,False,True,False,False,False,False,False,False
141,2026-09-25 10:58:48.886397+00:00,2026-09-25 12:27:54.370906+00:00,91.005,True,False,False,False,True,True,False,False,True,False,False,False,False,False,False,False,False,True,False,False,False,False,False,False,True,True,False,False,True,True,False,False,False,True,False,False,False,False,False,True,False,False,False,True,True,False,False,False,False,False,True,False,False,False,False,True,False,True,True,True,True,True,False,True,False,False,False,False,True,True,True,False,True,True,False,False,False,False,False,0,0,0,0,2026-09-25 12:27:54.279901+00:00,2026-09-25 12:27:54.286901+00:00,2026-09-25 12:27:54.287901+00:00,2026-09-25 12:27:54.288901+00:00,2026-09-25 12:27:54.289901+00:00,2026-09-25 12:27:54.290901+00:00,2026-09-25 12:27:54.291901+00:00,2026-09-25 12:27:54.292901+00:00,2026-09-25 12:27:54.293901+00:00,2026-09-25 12:27:54.305902+00:00,2026-09-25 12:27:54.295902+00:00,2026-09-25 12:27:54.296902+00:00,2026-09-25 12:27:54.297902+00:00,2026-09-25 12:27:54.298902+00:00,2026-09-25 12:27:54.299902+00:00,2026-09-25 12:27:54.300902+00:00,2026-09-25 12:27:54.301902+00:00,2026-09-25 12:27:54.302902+00:00,2026-09-25 12:27:54.303902+00:00,2026-09-25 12:27:54.304902+00:00,2026-09-25 12:27:54.294902+00:00,2026-09-25 12:27:54.306902+00:00,2026-09-25 12:27:54.307902+00:00,2026-09-25 12:27:54.308902+00:00,2026-09-25 12:27:54.320903+00:00,2026-09-25 12:27:54.310902+00:00,2026-09-25 12:27:54.311903+00:00,2026-09-25 12:27:54.312903+00:00,2026-09-25 12:27:54.313903+00:00,2026-09-25 12:27:54.314903+00:00,2026-09-25 12:27:54.315903+00:00,2026-09-25 12:27:54.316903+00:00,2026-09-25 12:27:54.317903+00:00,2026-09-25 12:27:54.318903+00:00,2026-09-25 12:27:54.319903+00:00,2026-09-25 12:27:54.309902+00:00,2026-09-25 12:27:54.321903+00:00,2026-09-25 12:27:54.322903+00:00,2026-09-25 12:27:54.323903+00:00,2026-09-25 12:27:54.324903+00:00,2026-09-25 12:27:54.325903+00:00,2026-09-25 12:27:54.326903+00:00,2026-09-25 12:27:54.327903+00:00,2026-09-25 12:27:54.328903+00:00,2026-09-25 12:27:54.329904+00:00,2026-09-25 12:27:54.330904+00:00,2026-09-25 12:27:54.343904+00:00,2026-09-25 12:27:54.332904+00:00,2026-09-25 12:27:54.333904+00:00,2026-09-25 12:27:54.334904+00:00,2026-09-25 12:27:54.335904+00:00,2026-09-25 12:27:54.336904+00:00,2026-09-25 12:27:54.337904+00:00,2026-09-25 12:27:54.338904+00:00,2026-09-25 12:27:54.339904+00:00,2026-09-25 12:27:54.340904+00:00,2026-09-25 12:27:54.342904+00:00,2026-09-25 12:27:54.344904+00:00,2026-09-25 12:27:54.345904+00:00,2026-09-25 12:27:54.346905+00:00,2026-09-25 12:27:54.347905+00:00,2026-09-25 12:27:54.348905+00:00,2026-09-25 12:27:54.349905+00:00,2026-09-25 12:27:54.350905+00:00,2026-09-25 12:27:54.351905+00:00,2026-09-25 12:27:54.352905+00:00,2026-09-25 12:27:54.353905+00:00,2026-09-25 12:27:54.354905+00:00,2026-09-25 12:27:54.355905+00:00,2026-09-25 12:27:54.368906+00:00,2026-09-25 12:27:54.358905+00:00,2026-09-25 12:27:54.359905+00:00,2026-09-25 12:27:54.360905+00:00,2026-09-25 12:27:54.361905+00:00,2026-09-25 12:27:54.362905+00:00,2026-09-25 12:27:54.363905+00:00,2026-09-25 12:27:54.364906+00:00,2026-09-25 12:27:54.365906+00:00,2026-09-25 12:27:54.366906+00:00,2026-09-25 12:27:54.367906+00:00,2026-09-25 12:27:54.357905+00:00,2026-09-25 12:27:54.369906+00:00,2026-09-25 12:27:54.370906+00:00,2026-09-25 12:27:54.370906+00:00,1.746771,0.5724848878301735,True,True,True,False,False,False,True,False,False,True,False,False,False,False,False,False
142,2026-09-25 10:58:49.349407+00:00,2026-09-25 12:27:54.751928+00:00,123.007,True,False,False,False,True,True,False,False,True,False,False,False,False,False,False,False,False,True,False,False,False,False,False,False,True,True,False,False,True,True,False,False,False,True,False,False,False,False,False,True,False,False,False,True,True,False,False,False,False,False,True,False,False,False,False,True,False,True,True,True,True,True,False,True,False,False,False,False,True,True,True,False,True,True,False,False,False,False,False,0,0,0,0,2026-09-25 12:27:54.628921+00:00,2026-09-25 12:27:54.636921+00:00,2026-09-25 12:27:54.637921+00:00,2026-09-25 12:27:54.650922+00:00,2026-09-25 12:27:54.651922+00:00,2026-09-25 12:27:54.641921+00:00,2026-09-25 12:27:54.642921+00:00,2026-09-25 12:27:54.643922+00:00,2026-09-25 12:27:54.644922+00:00,2026-09-25 12:27:54.645922+00:00,2026-09-25 12:27:54.646922+00:00,2026-09-25 12:27:54.647922+00:00,2026-09-25 12:27:54.648922+00:00,2026-09-25 12:27:54.649922+00:00,2026-09-25 12:27:54.639921+00:00,2026-09-25 12:27:54.640921+00:00,2026-09-25 12:27:54.652922+00:00,2026-09-25 12:27:54.653922+00:00,2026-09-25 12:27:54.654922+00:00,2026-09-25 12:27:54.656922+00:00,2026-09-25 12:27:54.657922+00:00,2026-09-25 12:27:54.658922+00:00,2026-09-25 12:27:54.659922+00:00,2026-09-25 12:27:54.660922+00:00,2026-09-25 12:27:54.661923+00:00,2026-09-25 12:27:54.662923+00:00,2026-09-25 12:27:54.663923+00:00,2026-09-25 12:27:54.664923+00:00,2026-09-25 12:27:54.665923+00:00,2026-09-25 12:27:54.666923+00:00,2026-09-25 12:27:54.667923+00:00,2026-09-25 12:27:54.668923+00:00,2026-09-25 12:27:54.669923+00:00,2026-09-25 12:27:54.681924+00:00,2026-09-25 12:27:54.671923+00:00,2026-09-25 12:27:54.672923+00:00,2026-09-25 12:27:54.673923+00:00,2026-09-25 12:27:54.674923+00:00,2026-09-25 12:27:54.703925+00:00,2026-09-25 12:27:54.676923+00:00,2026-09-25 12:27:54.677923+00:00,2026-09-25 12:27:54.678924+00:00,2026-09-25 12:27:54.679924+00:00,2026-09-25 12:27:54.708925+00:00,2026-09-25 12:27:54.670923+00:00,2026-09-25 12:27:54.682924+00:00,2026-09-25 12:27:54.683924+00:00,2026-09-25 12:27:54.712925+00:00,2026-09-25 12:27:54.713926+00:00,2026-09-25 12:27:54.675923+00:00,2026-09-25 12:27:54.704925+00:00,2026-09-25 12:27:54.705925+00:00,2026-09-25 12:27:54.706925+00:00,2026-09-25 12:27:54.721926+00:00,2026-09-25 12:27:54.709925+00:00,2026-09-25 12:27:54.724926+00:00,2026-09-25 12:27:54.711925+00:00,2026-09-25 12:27:54.684924+00:00,2026-09-25 12:27:54.685924+00:00,2026-09-25 12:27:54.688924+00:00,2026-09-25 12:27:54.692924+00:00,2026-09-25 12:27:54.694924+00:00,2026-09-25 12:27:54.695924+00:00,2026-09-25 12:27:54.696925+00:00,2026-09-25 12:27:54.697925+00:00,2026-09-25 12:27:54.698925+00:00,2026-09-25 12:27:54.699925+00:00,2026-09-25 12:27:54.700925+00:00,2026-09-25 12:27:54.701925+00:00,2026-09-25 12:27:54.702925+00:00,2026-09-25 12:27:54.715926+00:00,2026-09-25 12:27:54.717926+00:00,2026-09-25 12:27:54.719926+00:00,2026-09-25 12:27:54.720926+00:00,2026-09-25 12:27:54.707925+00:00,2026-09-25 12:27:54.722926+00:00,2026-09-25 12:27:54.723926+00:00,2026-09-25 12:27:54.710925+00:00,2026-09-25 12:27:54.732927+00:00,2026-09-25 12:27:54.745927+00:00,2026-09-25 12:27:54.748928+00:00,2026-09-25 12:27:54.750928+00:00,2026-09-25 12:27:54.751928+00:00,2026-09-25 12:27:54.751928+00:00,0.46301,2.1597805662944647,True,True,True,False,False,False,True,False,False,True,False,False,False,False,False,False
144,2026-09-25 10:58:50.227911+00:00,2026-09-25 12:27:55.598976+00:00,111.006,True,False,False,False,True,True,False,False,True,False,False,False,False,False,False,False,False,True,False,False,False,False,False,False,True,True,False,False,True,True,False,False,False,True,False,False,False,False,False,False,True,False,False,True,True,False,False,False,False,False,True,False,False,False,False,True,False,True,False,False,True,True,False,True,False,False,False,False,True,True,True,False,True,True,False,False,False,False,False,0,0,0,0,2026-09-25 12:27:55.487970+00:00,2026-09-25 12:27:55.506971+00:00,2026-09-25 12:27:55.508971+00:00,2026-09-25 12:27:55.523972+00:00,2026-09-25 12:27:55.510971+00:00,2026-09-25 12:27:55.525972+00:00,2026-09-25 12:27:55.514971+00:00,2026-09-25 12:27:55.515971+00:00,2026-09-25 12:27:55.516971+00:00,2026-09-25 12:27:55.517971+00:00,2026-09-25 12:27:55.518972+00:00,2026-09-25 12:27:55.519972+00:00,2026-09-25 12:27:55.520972+00:00,2026-09-25 12:27:55.534972+00:00,2026-09-25 12:27:55.509971+00:00,2026-09-25 12:27:55.524972+00:00,2026-09-25 12:27:55.512971+00:00,2026-09-25 12:27:55.526972+00:00,2026-09-25 12:27:55.539973+00:00,2026-09-25 12:27:55.529972+00:00,2026-09-25 12:27:55.541973+00:00,2026-09-25 12:27:55.531972+00:00,2026-09-25 12:27:55.532972+00:00,2026-09-25 12:27:55.533972+00:00,2026-09-25 12:27:55.522972+00:00,2026-09-25 12:27:55.535973+00:00,2026-09-25 12:27:55.536973+00:00,2026-09-25 12:27:55.537973+00:00,2026-09-25 12:27:55.538973+00:00,2026-09-25 12:27:55.528972+00:00,2026-09-25 12:27:55.540973+00:00,2026-09-25 12:27:55.554974+00:00,2026-09-25 12:27:55.544973+00:00,2026-09-25 12:27:55.545973+00:00,2026-09-25 12:27:55.546973+00:00,2026-09-25 12:27:55.547973+00:00,2026-09-25 12:27:55.548973+00:00,2026-09-25 12:27:55.549973+00:00,2026-09-25 12:27:55.550973+00:00,2026-09-25 12:27:55.551973+00:00,2026-09-25 12:27:55.552973+00:00,2026-09-25 12:27:55.553974+00:00,2026-09-25 12:27:55.543973+00:00,2026-09-25 12:27:55.555974+00:00,2026-09-25 12:27:55.556974+00:00,2026-09-25 12:27:55.558974+00:00,2026-09-25 12:27:55.559974+00:00,2026-09-25 12:27:55.560974+00:00,2026-09-25 12:27:55.561974+00:00,2026-09-25 12:27:55.562974+00:00,2026-09-25 12:27:55.563974+00:00,2026-09-25 12:27:55.564974+00:00,2026-09-25 12:27:55.565974+00:00,2026-09-25 12:27:55.566974+00:00,2026-09-25 12:27:55.567974+00:00,2026-09-25 12:27:55.568974+00:00,2026-09-25 12:27:55.569974+00:00,2026-09-25 12:27:55.570975+00:00,2026-09-25 12:27:55.571975+00:00,2026-09-25 12:27:55.572975+00:00,2026-09-25 12:27:55.573975+00:00,2026-09-25 12:27:55.574975+00:00,2026-09-25 12:27:55.575975+00:00,2026-09-25 12:27:55.576975+00:00,2026-09-25 12:27:55.577975+00:00,2026-09-25 12:27:55.578975+00:00,2026-09-25 12:27:55.579975+00:00,2026-09-25 12:27:55.593976+00:00,2026-09-25 12:27:55.581975+00:00,2026-09-25 12:27:55.582975+00:00,2026-09-25 12:27:55.596976+00:00,2026-09-25 12:27:55.585975+00:00,2026-09-25 12:27:55.586975+00:00,2026-09-25 12:27:55.587976+00:00,2026-09-25 12:27:55.588976+00:00,2026-09-25 12:27:55.590976+00:00,2026-09-25 12:27:55.591976+00:00,2026-09-25 12:27:55.592976+00:00,2026-09-25 12:27:55.594976+00:00,2026-09-25 12:27:55.595976+00:00,2026-09-25 12:27:55.584975+00:00,2026-09-25 12:27:55.597976+00:00,2026-09-25 12:27:55.598976+00:00,2026-09-25 12:27:55.598976+00:00,0.878504,1.1382987442288255,True,True,True,False,False,False,True,False,False,True,False,False,False,False,False,False
146,2026-09-25 10:58:51.058020+00:00,2026-09-25 12:27:56.503028+00:00,174.01,True,False,False,False,True,True,False,False,True,False,False,False,False,False,False,False,False,False,True,False,False,True,False,False,True,True,False,False,True,True,False,False,False,True,False,False,False,False,False,False,True,False,False,True,True,False,False,False,False,False,True,False,False,False,False,True,False,True,True,True,True,True,False,True,False,False,False,False,True,True,True,False,True,True,False,False,False,False,False,0,0,0,0,2026-09-25 12:27:56.329018+00:00,2026-09-25 12:27:56.343019+00:00,2026-09-25 12:27:56.345019+00:00,2026-09-25 12:27:56.347019+00:00,2026-09-25 12:27:56.349019+00:00,2026-09-25 12:27:56.350019+00:00,2026-09-25 12:27:56.352019+00:00,2026-09-25 12:27:56.354019+00:00,2026-09-25 12:27:56.355019+00:00,2026-09-25 12:27:56.396022+00:00,2026-09-25 12:27:56.359020+00:00,2026-09-25 12:27:56.361020+00:00,2026-09-25 12:27:56.363020+00:00,2026-09-25 12:27:56.364020+00:00,2026-09-25 12:27:56.366020+00:00,2026-09-25 12:27:56.367020+00:00,2026-09-25 12:27:56.368020+00:00,2026-09-25 12:27:56.370020+00:00,2026-09-25 12:27:56.372020+00:00,2026-09-25 12:27:56.373020+00:00,2026-09-25 12:27:56.357019+00:00,2026-09-25 12:27:56.377021+00:00,2026-09-25 12:27:56.379021+00:00,2026-09-25 12:27:56.423023+00:00,2026-09-25 12:27:56.383021+00:00,2026-09-25 12:27:56.384021+00:00,2026-09-25 12:27:56.386021+00:00,2026-09-25 12:27:56.388021+00:00,2026-09-25 12:27:56.390021+00:00,2026-09-25 12:27:56.392021+00:00,2026-09-25 12:27:56.394022+00:00,2026-09-25 12:27:56.375021+00:00,2026-09-25 12:27:56.398022+00:00,2026-09-25 12:27:56.400022+00:00,2026-09-25 12:27:56.404022+00:00,2026-09-25 12:27:56.406022+00:00,2026-09-25 12:27:56.408022+00:00,2026-09-25 12:27:56.410023+00:00,2026-09-25 12:27:56.412023+00:00,2026-09-25 12:27:56.414023+00:00,2026-09-25 12:27:56.416023+00:00,2026-09-25 12:27:56.418023+00:00,2026-09-25 12:27:56.420023+00:00,2026-09-25 12:27:56.421023+00:00,2026-09-25 12:27:56.402022+00:00,2026-09-25 12:27:56.425023+00:00,2026-09-25 12:27:56.427023+00:00,2026-09-25 12:27:56.429024+00:00,2026-09-25 12:27:56.455025+00:00,2026-09-25 12:27:56.433024+00:00,2026-09-25 12:27:56.435024+00:00,2026-09-25 12:27:56.437024+00:00,2026-09-25 12:27:56.439024+00:00,2026-09-25 12:27:56.441024+00:00,2026-09-25 12:27:56.443024+00:00,2026-09-25 12:27:56.445025+00:00,2026-09-25 12:27:56.447025+00:00,2026-09-25 12:27:56.449025+00:00,2026-09-25 12:27:56.451025+00:00,2026-09-25 12:27:56.453025+00:00,2026-09-25 12:27:56.457025+00:00,2026-09-25 12:27:56.459025+00:00,2026-09-25 12:27:56.461025+00:00,2026-09-25 12:27:56.463026+00:00,2026-09-25 12:27:56.465026+00:00,2026-09-25 12:27:56.467026+00:00,2026-09-25 12:27:56.469026+00:00,2026-09-25 12:27:56.471026+00:00,2026-09-25 12:27:56.473026+00:00,2026-09-25 12:27:56.475026+00:00,2026-09-25 12:27:56.477026+00:00,2026-09-25 12:27:56.479026+00:00,2026-09-25 12:27:56.503028+00:00,2026-09-25 12:27:56.483027+00:00,2026-09-25 12:27:56.485027+00:00,2026-09-25 12:27:56.487027+00:00,2026-09-25 12:27:56.489027+00:00,2026-09-25 12:27:56.491027+00:00,2026-09-25 12:27:56.493027+00:00,2026-09-25 12:27:56.495027+00:00,2026-09-25 12:27:56.497027+00:00,2026-09-25 12:27:56.499028+00:00,2026-09-25 12:27:56.501028+00:00,2026-09-25 12:27:56.503028+00:00,0.830109,1.2046610746299582,True,True,True,False,False,False,True,False,False,True,False,False,False,False,False,False
148,2026-09-25 10:58:51.896175+00:00,2026-09-25 12:27:57.382078+00:00,90.005,True,False,False,False,True,False,False,False,True,False,False,False,False,False,True,False,False,False,True,False,False,True,False,False,True,True,False,False,False,True,False,False,False,False,False,False,False,True,False,True,False,False,False,True,True,True,False,False,False,False,False,False,False,False,False,True,False,True,False,True,True,True,False,True,False,False,False,False,True,True,True,False,True,True,False,False,False,False,False,0,0,0,0,2026-09-25 12:27:57.292073+00:00,2026-09-25 12:27:57.299073+00:00,2026-09-25 12:27:57.300073+00:00,2026-09-25 12:27:57.301073+00:00,2026-09-25 12:27:57.302074+00:00,2026-09-25 12:27:57.304074+00:00,2026-09-25 12:27:57.303074+00:00,2026-09-25 12:27:57.305074+00:00,2026-09-25 12:27:57.306074+00:00,2026-09-25 12:27:57.307074+00:00,2026-09-25 12:27:57.308074+00:00,2026-09-25 12:27:57.309074+00:00,2026-09-25 12:27:57.310074+00:00,2026-09-25 12:27:57.311074+00:00,2026-09-25 12:27:57.312074+00:00,2026-09-25 12:27:57.313074+00:00,2026-09-25 12:27:57.314074+00:00,2026-09-25 12:27:57.315074+00:00,2026-09-25 12:27:57.327075+00:00,2026-09-25 12:27:57.317074+00:00,2026-09-25 12:27:57.318074+00:00,2026-09-25 12:27:57.319075+00:00,2026-09-25 12:27:57.320075+00:00,2026-09-25 12:27:57.321075+00:00,2026-09-25 12:27:57.322075+00:00,2026-09-25 12:27:57.323075+00:00,2026-09-25 12:27:57.324075+00:00,2026-09-25 12:27:57.325075+00:00,2026-09-25 12:27:57.326075+00:00,2026-09-25 12:27:57.316074+00:00,2026-09-25 12:27:57.328075+00:00,2026-09-25 12:27:57.329075+00:00,2026-09-25 12:27:57.341076+00:00,2026-09-25 12:27:57.331075+00:00,2026-09-25 12:27:57.332075+00:00,2026-09-25 12:27:57.333075+00:00,2026-09-25 12:27:57.334075+00:00,2026-09-25 12:27:57.335075+00:00,2026-09-25 12:27:57.336075+00:00,2026-09-25 12:27:57.337076+00:00,2026-09-25 12:27:57.338076+00:00,2026-09-25 12:27:57.339076+00:00,2026-09-25 12:27:57.340076+00:00,2026-09-25 12:27:57.342076+00:00,2026-09-25 12:27:57.343076+00:00,2026-09-25 12:27:57.344076+00:00,2026-09-25 12:27:57.345076+00:00,2026-09-25 12:27:57.346076+00:00,2026-09-25 12:27:57.347076+00:00,2026-09-25 12:27:57.348076+00:00,2026-09-25 12:27:57.349076+00:00,2026-09-25 12:27:57.350076+00:00,2026-09-25 12:27:57.351076+00:00,2026-09-25 12:27:57.363077+00:00,2026-09-25 12:27:57.353076+00:00,2026-09-25 12:27:57.354077+00:00,2026-09-25 12:27:57.355077+00:00,2026-09-25 12:27:57.356077+00:00,2026-09-25 12:27:57.357077+00:00,2026-09-25 12:27:57.358077+00:00,2026-09-25 12:27:57.359077+00:00,2026-09-25 12:27:57.360077+00:00,2026-09-25 12:27:57.361077+00:00,2026-09-25 12:27:57.362077+00:00,2026-09-25 12:27:57.352076+00:00,2026-09-25 12:27:57.364077+00:00,2026-09-25 12:27:57.365077+00:00,2026-09-25 12:27:57.366077+00:00,2026-09-25 12:27:57.367077+00:00,2026-09-25 12:27:57.368077+00:00,2026-09-25 12:27:57.369077+00:00,2026-09-25 12:27:57.370077+00:00,2026-09-25 12:27:57.371077+00:00,2026-09-25 12:27:57.372078+00:00,2026-09-25 12:27:57.373078+00:00,2026-09-25 12:27:57.374078+00:00,2026-09-25 12:27:57.375078+00:00,2026-09-25 12:27:57.376078+00:00,2026-09-25 12:27:57.377078+00:00,2026-09-25 12:27:57.378078+00:00,2026-09-25 12:27:57.379078+00:00,2026-09-25 12:27:57.382078+00:00,2026-09-25 12:27:57.381078+00:00,2026-09-25 12:27:57.382078+00:00,0.838155,1.1930967422493453,True,False,True,False,False,False,True,False,False,True,False,False,False,False,False,False
151,2026-09-25 10:58:53.123976+00:00,2026-09-25 12:27:58.610148+00:00,95.005,True,False,False,False,True,False,True,False,False,False,False,False,False,False,False,True,False,False,False,False,False,False,False,False,True,True,False,False,False,True,False,False,False,False,False,False,False,True,False,True,False,False,False,True,True,True,False,False,False,False,False,False,False,False,False,True,False,True,False,True,True,True,False,True,False,False,False,False,True,True,True,False,True,True,False,False,False,False,False,1,0,0,0,2026-09-25 12:27:58.515143+00:00,2026-09-25 12:27:58.527144+00:00,2026-09-25 12:27:58.528144+00:00,2026-09-25 12:27:58.529144+00:00,2026-09-25 12:27:58.530144+00:00,2026-09-25 12:27:58.531144+00:00,2026-09-25 12:27:58.532144+00:00,2026-09-25 12:27:58.533144+00:00,2026-09-25 12:27:58.534144+00:00,2026-09-25 12:27:58.535144+00:00,2026-09-25 12:27:58.536144+00:00,2026-09-25 12:27:58.537144+00:00,2026-09-25 12:27:58.550145+00:00,2026-09-25 12:27:58.539144+00:00,2026-09-25 12:27:58.540144+00:00,2026-09-25 12:27:58.542144+00:00,2026-09-25 12:27:58.543145+00:00,2026-09-25 12:27:58.544145+00:00,2026-09-25 12:27:58.545145+00:00,2026-09-25 12:27:58.546145+00:00,2026-09-25 12:27:58.547145+00:00,2026-09-25 12:27:58.548145+00:00,2026-09-25 12:27:58.549145+00:00,2026-09-25 12:27:58.538144+00:00,2026-09-25 12:27:58.551145+00:00,2026-09-25 12:27:58.552145+00:00,2026-09-25 12:27:58.553145+00:00,2026-09-25 12:27:58.554145+00:00,2026-09-25 12:27:58.555145+00:00,2026-09-25 12:27:58.556145+00:00,2026-09-25 12:27:58.557145+00:00,2026-09-25 12:27:58.558145+00:00,2026-09-25 12:27:58.559145+00:00,2026-09-25 12:27:58.560146+00:00,2026-09-25 12:27:58.561146+00:00,2026-09-25 12:27:58.562146+00:00,2026-09-25 12:27:58.563146+00:00,2026-09-25 12:27:58.575146+00:00,2026-09-25 12:27:58.587147+00:00,2026-09-25 12:27:58.566146+00:00,2026-09-25 12:27:58.567146+00:00,2026-09-25 12:27:58.568146+00:00,2026-09-25 12:27:58.569146+00:00,2026-09-25 12:27:58.570146+00:00,2026-09-25 12:27:58.571146+00:00,2026-09-25 12:27:58.572146+00:00,2026-09-25 12:27:58.573146+00:00,2026-09-25 12:27:58.574146+00:00,2026-09-25 12:27:58.564146+00:00,2026-09-25 12:27:58.565146+00:00,2026-09-25 12:27:58.577146+00:00,2026-09-25 12:27:58.578147+00:00,2026-09-25 12:27:58.590147+00:00,2026-09-25 12:27:58.580147+00:00,2026-09-25 12:27:58.581147+00:00,2026-09-25 12:27:58.582147+00:00,2026-09-25 12:27:58.583147+00:00,2026-09-25 12:27:58.584147+00:00,2026-09-25 12:27:58.585147+00:00,2026-09-25 12:27:58.586147+00:00,2026-09-25 12:27:58.576146+00:00,2026-09-25 12:27:58.588147+00:00,2026-09-25 12:27:58.589147+00:00,2026-09-25 12:27:58.591147+00:00,2026-09-25 12:27:58.592147+00:00,2026-09-25 12:27:58.593147+00:00,2026-09-25 12:27:58.594147+00:00,2026-09-25 12:27:58.595148+00:00,2026-09-25 12:27:58.596148+00:00,2026-09-25 12:27:58.597148+00:00,2026-09-25 12:27:58.598148+00:00,2026-09-25 12:27:58.599148+00:00,2026-09-25 12:27:58.600148+00:00,2026-09-25 12:27:58.601148+00:00,2026-09-25 12:27:58.602148+00:00,2026-09-25 12:27:58.603148+00:00,2026-09-25 12:27:58.604148+00:00,2026-09-25 12:27:58.605148+00:00,2026-09-25 12:27:58.606148+00:00,2026-09-25 12:27:58.607148+00:00,2026-09-25 12:27:58.608148+00:00,2026-09-25 12:27:58.609148+00:00,2026-09-25 12:27:58.610148+00:00,2026-09-25 12:27:58.610148+00:00,1.227801,0.8144642332104307,True,False,True,False,False,True,True,False,False,True,False,False,False,False,False,False
154,2026-09-25 10:58:54.191047+00:00,2026-09-25 12:27:59.677209+00:00,88.005,True,False,False,False,False,False,True,False,False,False,False,False,False,False,False,True,False,False,False,False,False,False,False,False,True,True,False,False,False,True,False,False,False,False,False,False,False,True,False,True,False,False,False,True,True,True,False,False,False,False,False,False,False,False,False,True,False,True,False,True,True,True,False,True,False,False,False,False,True,True,True,False,True,True,False,False,False,False,False,1,0,0,0,2026-09-25 12:27:59.589204+00:00,2026-09-25 12:27:59.595205+00:00,2026-09-25 12:27:59.596205+00:00,2026-09-25 12:27:59.597205+00:00,2026-09-25 12:27:59.598205+00:00,2026-09-25 12:27:59.599205+00:00,2026-09-25 12:27:59.600205+00:00,2026-09-25 12:27:59.601205+00:00,2026-09-25 12:27:59.602205+00:00,2026-09-25 12:27:59.603205+00:00,2026-09-25 12:27:59.604205+00:00,2026-09-25 12:27:59.605205+00:00,2026-09-25 12:27:59.606205+00:00,2026-09-25 12:27:59.607205+00:00,2026-09-25 12:27:59.608205+00:00,2026-09-25 12:27:59.609206+00:00,2026-09-25 12:27:59.610206+00:00,2026-09-25 12:27:59.611206+00:00,2026-09-25 12:27:59.612206+00:00,2026-09-25 12:27:59.613206+00:00,2026-09-25 12:27:59.614206+00:00,2026-09-25 12:27:59.615206+00:00,2026-09-25 12:27:59.616206+00:00,2026-09-25 12:27:59.617206+00:00,2026-09-25 12:27:59.618206+00:00,2026-09-25 12:27:59.619206+00:00,2026-09-25 12:27:59.620206+00:00,2026-09-25 12:27:59.621206+00:00,2026-09-25 12:27:59.622206+00:00,2026-09-25 12:27:59.623206+00:00,2026-09-25 12:27:59.624206+00:00,2026-09-25 12:27:59.625206+00:00,2026-09-25 12:27:59.626206+00:00,2026-09-25 12:27:59.627207+00:00,2026-09-25 12:27:59.639207+00:00,2026-09-25 12:27:59.629207+00:00,2026-09-25 12:27:59.630207+00:00,2026-09-25 12:27:59.631207+00:00,2026-09-25 12:27:59.632207+00:00,2026-09-25 12:27:59.633207+00:00,2026-09-25 12:27:59.634207+00:00,2026-09-25 12:27:59.635207+00:00,2026-09-25 12:27:59.636207+00:00,2026-09-25 12:27:59.637207+00:00,2026-09-25 12:27:59.638207+00:00,2026-09-25 12:27:59.651208+00:00,2026-09-25 12:27:59.641207+00:00,2026-09-25 12:27:59.642207+00:00,2026-09-25 12:27:59.643207+00:00,2026-09-25 12:27:59.644208+00:00,2026-09-25 12:27:59.645208+00:00,2026-09-25 12:27:59.646208+00:00,2026-09-25 12:27:59.647208+00:00,2026-09-25 12:27:59.648208+00:00,2026-09-25 12:27:59.649208+00:00,2026-09-25 12:27:59.650208+00:00,2026-09-25 12:27:59.640207+00:00,2026-09-25 12:27:59.652208+00:00,2026-09-25 12:27:59.653208+00:00,2026-09-25 12:27:59.654208+00:00,2026-09-25 12:27:59.655208+00:00,2026-09-25 12:27:59.656208+00:00,2026-09-25 12:27:59.657208+00:00,2026-09-25 12:27:59.658208+00:00,2026-09-25 12:27:59.659208+00:00,2026-09-25 12:27:59.660208+00:00,2026-09-25 12:27:59.672209+00:00,2026-09-25 12:27:59.662209+00:00,2026-09-25 12:27:59.663209+00:00,2026-09-25 12:27:59.664209+00:00,2026-09-25 12:27:59.665209+00:00,2026-09-25 12:27:59.666209+00:00,2026-09-25 12:27:59.667209+00:00,2026-09-25 12:27:59.668209+00:00,2026-09-25 12:27:59.669209+00:00,2026-09-25 12:27:59.670209+00:00,2026-09-25 12:27:59.671209+00:00,2026-09-25 12:27:59.661208+00:00,2026-09-25 12:27:59.673209+00:00,2026-09-25 12:27:59.674209+00:00,2026-09-25 12:27:59.675209+00:00,2026-09-25 12:27:59.676209+00:00,2026-09-25 12:27:59.677209+00:00,2026-09-25 12:27:59.677209+00:00,1.067071,0.9371447635630618,True,False,True,False,False,True,True,False,False,True,False,False,False,False,False,False
156,2026-09-25 10:58:54.888769+00:00,2026-09-25 12:28:00.371249+00:00,86.005,True,False,False,False,False,False,True,False,False,False,False,False,False,False,False,True,False,False,False,False,False,False,False,False,True,True,False,True,False,True,False,False,False,False,False,True,False,False,False,True,False,True,False,True,True,True,False,False,False,False,False,False,False,False,False,True,False,True,False,True,True,True,False,True,False,False,False,False,True,True,True,False,True,True,False,False,False,False,False,0,0,0,0,2026-09-25 12:28:00.285244+00:00,2026-09-25 12:28:00.289244+00:00,2026-09-25 12:28:00.300245+00:00,2026-09-25 12:28:00.291245+00:00,2026-09-25 12:28:00.292245+00:00,2026-09-25 12:28:00.293245+00:00,2026-09-25 12:28:00.294245+00:00,2026-09-25 12:28:00.295245+00:00,2026-09-25 12:28:00.296245+00:00,2026-09-25 12:28:00.297245+00:00,2026-09-25 12:28:00.298245+00:00,2026-09-25 12:28:00.299245+00:00,2026-09-25 12:28:00.290244+00:00,2026-09-25 12:28:00.301245+00:00,2026-09-25 12:28:00.302245+00:00,2026-09-25 12:28:00.303245+00:00,2026-09-25 12:28:00.304245+00:00,2026-09-25 12:28:00.305245+00:00,2026-09-25 12:28:00.306245+00:00,2026-09-25 12:28:00.307245+00:00,2026-09-25 12:28:00.308245+00:00,2026-09-25 12:28:00.309246+00:00,2026-09-25 12:28:00.310246+00:00,2026-09-25 12:28:00.311246+00:00,2026-09-25 12:28:00.312246+00:00,2026-09-25 12:28:00.313246+00:00,2026-09-25 12:28:00.314246+00:00,2026-09-25 12:28:00.315246+00:00,2026-09-25 12:28:00.338247+00:00,2026-09-25 12:28:00.328247+00:00,2026-09-25 12:28:00.329247+00:00,2026-09-25 12:28:00.319246+00:00,2026-09-25 12:28:00.320246+00:00,2026-09-25 12:28:00.321246+00:00,2026-09-25 12:28:00.333247+00:00,2026-09-25 12:28:00.323246+00:00,2026-09-25 12:28:00.324246+00:00,2026-09-25 12:28:00.325246+00:00,2026-09-25 12:28:00.326247+00:00,2026-09-25 12:28:00.316246+00:00,2026-09-25 12:28:00.317246+00:00,2026-09-25 12:28:00.318246+00:00,2026-09-25 12:28:00.330247+00:00,2026-09-25 12:28:00.331247+00:00,2026-09-25 12:28:00.332247+00:00,2026-09-25 12:28:00.322246+00:00,2026-09-25 12:28:00.345248+00:00,2026-09-25 12:28:00.335247+00:00,2026-09-25 12:28:00.336247+00:00,2026-09-25 12:28:00.337247+00:00,2026-09-25 12:28:00.339247+00:00,2026-09-25 12:28:00.340247+00:00,2026-09-25 12:28:00.341247+00:00,2026-09-25 12:28:00.342247+00:00,2026-09-25 12:28:00.343247+00:00,2026-09-25 12:28:00.344248+00:00,2026-09-25 12:28:00.334247+00:00,2026-09-25 12:28:00.346248+00:00,2026-09-25 12:28:00.347248+00:00,2026-09-25 12:28:00.348248+00:00,2026-09-25 12:28:00.349248+00:00,2026-09-25 12:28:00.350248+00:00,2026-09-25 12:28:00.351248+00:00,2026-09-25 12:28:00.352248+00:00,2026-09-25 12:28:00.353248+00:00,2026-09-25 12:28:00.354248+00:00,2026-09-25 12:28:00.355248+00:00,2026-09-25 12:28:00.356248+00:00,2026-09-25 12:28:00.357248+00:00,2026-09-25 12:28:00.358248+00:00,2026-09-25 12:28:00.359248+00:00,2026-09-25 12:28:00.360248+00:00,2026-09-25 12:28:00.361249+00:00,2026-09-25 12:28:00.362249+00:00,2026-09-25 12:28:00.363249+00:00,2026-09-25 12:28:00.364249+00:00,2026-09-25 12:28:00.365249+00:00,2026-09-25 12:28:00.366249+00:00,2026-09-25 12:28:00.367249+00:00,2026-09-25 12:28:00.368249+00:00,2026-09-25 12:28:00.369249+00:00,2026-09-25 12:28:00.370249+00:00,2026-09-25 12:28:00.371249+00:00,2026-09-25 12:28:00.371249+00:00,0.697722,1.433235586666323,True,False,True,False,False,True,True,False,False,True,False,False,False,False,False,False
159,2026-09-25 10:58:55.974294+00:00,2026-09-25 12:28:01.460311+00:00,92.005,True,False,False,False,False,False,True,False,False,False,False,False,False,False,False,True,False,False,False,False,False,False,False,False,True,True,False,False,False,True,False,False,False,False,False,False,False,False,True,True,False,True,False,True,True,True,False,False,False,False,False,False,False,False,False,True,False,True,False,True,True,True,False,True,False,False,False,False,True,True,True,False,True,True,False,False,False,False,False,0,0,0,0,2026-09-25 12:28:01.368306+00:00,2026-09-25 12:28:01.376307+00:00,2026-09-25 12:28:01.377307+00:00,2026-09-25 12:28:01.378307+00:00,2026-09-25 12:28:01.379307+00:00,2026-09-25 12:28:01.380307+00:00,2026-09-25 12:28:01.381307+00:00,2026-09-25 12:28:01.382307+00:00,2026-09-25 12:28:01.383307+00:00,2026-09-25 12:28:01.384307+00:00,2026-09-25 12:28:01.385307+00:00,2026-09-25 12:28:01.386307+00:00,2026-09-25 12:28:01.387307+00:00,2026-09-25 12:28:01.389307+00:00,2026-09-25 12:28:01.390307+00:00,2026-09-25 12:28:01.391307+00:00,2026-09-25 12:28:01.392307+00:00,2026-09-25 12:28:01.393308+00:00,2026-09-25 12:28:01.394308+00:00,2026-09-25 12:28:01.395308+00:00,2026-09-25 12:28:01.396308+00:00,2026-09-25 12:28:01.397308+00:00,2026-09-25 12:28:01.398308+00:00,2026-09-25 12:28:01.399308+00:00,2026-09-25 12:28:01.400308+00:00,2026-09-25 12:28:01.401308+00:00,2026-09-25 12:28:01.402308+00:00,2026-09-25 12:28:01.403308+00:00,2026-09-25 12:28:01.404308+00:00,2026-09-25 12:28:01.405308+00:00,2026-09-25 12:28:01.406308+00:00,2026-09-25 12:28:01.407308+00:00,2026-09-25 12:28:01.408308+00:00,2026-09-25 12:28:01.409308+00:00,2026-09-25 12:28:01.422309+00:00,2026-09-25 12:28:01.412309+00:00,2026-09-25 12:28:01.413309+00:00,2026-09-25 12:28:01.414309+00:00,2026-09-25 12:28:01.415309+00:00,2026-09-25 12:28:01.416309+00:00,2026-09-25 12:28:01.417309+00:00,2026-09-25 12:28:01.418309+00:00,2026-09-25 12:28:01.419309+00:00,2026-09-25 12:28:01.420309+00:00,2026-09-25 12:28:01.421309+00:00,2026-09-25 12:28:01.411309+00:00,2026-09-25 12:28:01.423309+00:00,2026-09-25 12:28:01.424309+00:00,2026-09-25 12:28:01.425309+00:00,2026-09-25 12:28:01.426309+00:00,2026-09-25 12:28:01.438310+00:00,2026-09-25 12:28:01.428310+00:00,2026-09-25 12:28:01.429310+00:00,2026-09-25 12:28:01.430310+00:00,2026-09-25 12:28:01.431310+00:00,2026-09-25 12:28:01.432310+00:00,2026-09-25 12:28:01.433310+00:00,2026-09-25 12:28:01.434310+00:00,2026-09-25 12:28:01.435310+00:00,2026-09-25 12:28:01.436310+00:00,2026-09-25 12:28:01.437310+00:00,2026-09-25 12:28:01.439310+00:00,2026-09-25 12:28:01.440310+00:00,2026-09-25 12:28:01.441310+00:00,2026-09-25 12:28:01.442310+00:00,2026-09-25 12:28:01.443310+00:00,2026-09-25 12:28:01.444310+00:00,2026-09-25 12:28:01.445311+00:00,2026-09-25 12:28:01.446311+00:00,2026-09-25 12:28:01.447311+00:00,2026-09-25 12:28:01.448311+00:00,2026-09-25 12:28:01.449311+00:00,2026-09-25 12:28:01.450311+00:00,2026-09-25 12:28:01.451311+00:00,2026-09-25 12:28:01.452311+00:00,2026-09-25 12:28:01.453311+00:00,2026-09-25 12:28:01.454311+00:00,2026-09-25 12:28:01.455311+00:00,2026-09-25 12:28:01.456311+00:00,2026-09-25 12:28:01.457311+00:00,2026-09-25 12:28:01.458311+00:00,2026-09-25 12:28:01.459311+00:00,2026-09-25 12:28:01.460311+00:00,2026-09-25 12:28:01.460311+00:00,1.085525,0.9212132378342276,True,False,True,False,False,True,True,False,False,True,False,False,False,False,False,False
162,2026-09-25 10:58:57.203296+00:00,2026-09-25 12:28:02.569375+00:00,99.006,True,False,False,False,False,False,True,False,False,False,False,False,False,False,False,True,False,False,False,False,False,False,False,False,True,True,False,False,False,True,False,False,False,False,False,False,False,False,True,True,False,True,False,True,True,True,False,False,False,False,False,False,False,False,False,True,False,True,False,True,True,True,False,True,False,False,False,False,True,True,True,False,True,True,False,False,False,False,False,0,0,0,0,2026-09-25 12:28:02.470369+00:00,2026-09-25 12:28:02.487370+00:00,2026-09-25 12:28:02.488370+00:00,2026-09-25 12:28:02.489370+00:00,2026-09-25 12:28:02.490370+00:00,2026-09-25 12:28:02.491370+00:00,2026-09-25 12:28:02.492370+00:00,2026-09-25 12:28:02.493370+00:00,2026-09-25 12:28:02.494371+00:00,2026-09-25 12:28:02.495371+00:00,2026-09-25 12:28:02.496371+00:00,2026-09-25 12:28:02.497371+00:00,2026-09-25 12:28:02.498371+00:00,2026-09-25 12:28:02.499371+00:00,2026-09-25 12:28:02.511371+00:00,2026-09-25 12:28:02.501371+00:00,2026-09-25 12:28:02.502371+00:00,2026-09-25 12:28:02.503371+00:00,2026-09-25 12:28:02.504371+00:00,2026-09-25 12:28:02.505371+00:00,2026-09-25 12:28:02.506371+00:00,2026-09-25 12:28:02.507371+00:00,2026-09-25 12:28:02.508371+00:00,2026-09-25 12:28:02.509371+00:00,2026-09-25 12:28:02.510371+00:00,2026-09-25 12:28:02.500371+00:00,2026-09-25 12:28:02.512372+00:00,2026-09-25 12:28:02.513372+00:00,2026-09-25 12:28:02.514372+00:00,2026-09-25 12:28:02.515372+00:00,2026-09-25 12:28:02.516372+00:00,2026-09-25 12:28:02.517372+00:00,2026-09-25 12:28:02.518372+00:00,2026-09-25 12:28:02.519372+00:00,2026-09-25 12:28:02.520372+00:00,2026-09-25 12:28:02.521372+00:00,2026-09-25 12:28:02.522372+00:00,2026-09-25 12:28:02.523372+00:00,2026-09-25 12:28:02.535373+00:00,2026-09-25 12:28:02.525372+00:00,2026-09-25 12:28:02.526372+00:00,2026-09-25 12:28:02.527372+00:00,2026-09-25 12:28:02.528372+00:00,2026-09-25 12:28:02.529373+00:00,2026-09-25 12:28:02.530373+00:00,2026-09-25 12:28:02.531373+00:00,2026-09-25 12:28:02.532373+00:00,2026-09-25 12:28:02.545373+00:00,2026-09-25 12:28:02.546373+00:00,2026-09-25 12:28:02.524372+00:00,2026-09-25 12:28:02.548374+00:00,2026-09-25 12:28:02.538373+00:00,2026-09-25 12:28:02.539373+00:00,2026-09-25 12:28:02.540373+00:00,2026-09-25 12:28:02.541373+00:00,2026-09-25 12:28:02.542373+00:00,2026-09-25 12:28:02.543373+00:00,2026-09-25 12:28:02.544373+00:00,2026-09-25 12:28:02.533373+00:00,2026-09-25 12:28:02.534373+00:00,2026-09-25 12:28:02.547374+00:00,2026-09-25 12:28:02.536373+00:00,2026-09-25 12:28:02.549374+00:00,2026-09-25 12:28:02.550374+00:00,2026-09-25 12:28:02.551374+00:00,2026-09-25 12:28:02.552374+00:00,2026-09-25 12:28:02.553374+00:00,2026-09-25 12:28:02.554374+00:00,2026-09-25 12:28:02.555374+00:00,2026-09-25 12:28:02.556374+00:00,2026-09-25 12:28:02.557374+00:00,2026-09-25 12:28:02.558374+00:00,2026-09-25 12:28:02.559374+00:00,2026-09-25 12:28:02.560374+00:00,2026-09-25 12:28:02.561374+00:00,2026-09-25 12:28:02.562374+00:00,2026-09-25 12:28:02.563374+00:00,2026-09-25 12:28:02.564375+00:00,2026-09-25 12:28:02.565375+00:00,2026-09-25 12:28:02.566375+00:00,2026-09-25 12:28:02.567375+00:00,2026-09-25 12:28:02.568375+00:00,2026-09-25 12:28:02.569375+00:00,2026-09-25 12:28:02.569375+00:00,1.229002,0.8136683260076062,True,False,True,False,False,True,True,False,False,True,False,False,False,False,False,False
164,2026-09-25 10:58:57.980912+00:00,2026-09-25 12:28:03.420423+00:00,95.005,True,False,False,False,False,False,True,False,False,False,False,False,False,False,False,True,False,False,False,False,False,False,False,False,True,True,False,False,False,True,False,False,False,False,False,False,False,False,True,True,False,True,False,True,True,True,False,False,False,False,False,False,False,False,False,True,False,True,False,True,True,True,False,True,False,False,False,False,True,True,True,False,True,True,False,False,False,False,False,0,0,0,0,2026-09-25 12:28:03.325418+00:00,2026-09-25 12:28:03.338419+00:00,2026-09-25 12:28:03.339419+00:00,2026-09-25 12:28:03.340419+00:00,2026-09-25 12:28:03.341419+00:00,2026-09-25 12:28:03.342419+00:00,2026-09-25 12:28:03.343419+00:00,2026-09-25 12:28:03.355420+00:00,2026-09-25 12:28:03.345419+00:00,2026-09-25 12:28:03.346419+00:00,2026-09-25 12:28:03.347419+00:00,2026-09-25 12:28:03.348419+00:00,2026-09-25 12:28:03.349419+00:00,2026-09-25 12:28:03.350419+00:00,2026-09-25 12:28:03.351420+00:00,2026-09-25 12:28:03.363420+00:00,2026-09-25 12:28:03.353420+00:00,2026-09-25 12:28:03.354420+00:00,2026-09-25 12:28:03.344419+00:00,2026-09-25 12:28:03.356420+00:00,2026-09-25 12:28:03.357420+00:00,2026-09-25 12:28:03.358420+00:00,2026-09-25 12:28:03.370421+00:00,2026-09-25 12:28:03.360420+00:00,2026-09-25 12:28:03.361420+00:00,2026-09-25 12:28:03.362420+00:00,2026-09-25 12:28:03.352420+00:00,2026-09-25 12:28:03.364420+00:00,2026-09-25 12:28:03.365420+00:00,2026-09-25 12:28:03.366420+00:00,2026-09-25 12:28:03.367420+00:00,2026-09-25 12:28:03.368421+00:00,2026-09-25 12:28:03.369421+00:00,2026-09-25 12:28:03.359420+00:00,2026-09-25 12:28:03.371421+00:00,2026-09-25 12:28:03.372421+00:00,2026-09-25 12:28:03.373421+00:00,2026-09-25 12:28:03.374421+00:00,2026-09-25 12:28:03.386422+00:00,2026-09-25 12:28:03.376421+00:00,2026-09-25 12:28:03.377421+00:00,2026-09-25 12:28:03.378421+00:00,2026-09-25 12:28:03.379421+00:00,2026-09-25 12:28:03.380421+00:00,2026-09-25 12:28:03.381421+00:00,2026-09-25 12:28:03.382421+00:00,2026-09-25 12:28:03.383421+00:00,2026-09-25 12:28:03.395422+00:00,2026-09-25 12:28:03.385421+00:00,2026-09-25 12:28:03.387422+00:00,2026-09-25 12:28:03.388422+00:00,2026-09-25 12:28:03.400422+00:00,2026-09-25 12:28:03.390422+00:00,2026-09-25 12:28:03.391422+00:00,2026-09-25 12:28:03.392422+00:00,2026-09-25 12:28:03.393422+00:00,2026-09-25 12:28:03.394422+00:00,2026-09-25 12:28:03.384421+00:00,2026-09-25 12:28:03.396422+00:00,2026-09-25 12:28:03.397422+00:00,2026-09-25 12:28:03.398422+00:00,2026-09-25 12:28:03.399422+00:00,2026-09-25 12:28:03.389422+00:00,2026-09-25 12:28:03.401422+00:00,2026-09-25 12:28:03.402422+00:00,2026-09-25 12:28:03.403423+00:00,2026-09-25 12:28:03.404423+00:00,2026-09-25 12:28:03.405423+00:00,2026-09-25 12:28:03.406423+00:00,2026-09-25 12:28:03.418423+00:00,2026-09-25 12:28:03.408423+00:00,2026-09-25 12:28:03.409423+00:00,2026-09-25 12:28:03.410423+00:00,2026-09-25 12:28:03.411423+00:00,2026-09-25 12:28:03.412423+00:00,2026-09-25 12:28:03.413423+00:00,2026-09-25 12:28:03.414423+00:00,2026-09-25 12:28:03.415423+00:00,2026-09-25 12:28:03.416423+00:00,2026-09-25 12:28:03.417423+00:00,2026-09-25 12:28:03.407423+00:00,2026-09-25 12:28:03.419423+00:00,2026-09-25 12:28:03.420423+00:00,2026-09-25 12:28:03.420423+00:00,0.777616,1.2859817699224296,True,False,True,False,False,True,True,False,False,True,False,False,False,False,False,False
166,2026-09-25 10:58:58.806895+00:00,2026-09-25 12:28:04.264472+00:00,95.006,True,False,False,False,False,False,True,False,False,False,False,False,False,False,False,True,False,False,False,False,False,False,False,False,True,True,False,False,True,True,False,False,False,True,False,False,False,False,False,False,True,True,False,True,True,True,False,False,False,False,False,False,False,False,False,True,False,True,False,True,True,True,False,True,False,False,False,False,True,True,True,False,True,True,False,False,False,False,False,0,0,0,0,2026-09-25 12:28:04.169466+00:00,2026-09-25 12:28:04.180467+00:00,2026-09-25 12:28:04.181467+00:00,2026-09-25 12:28:04.182467+00:00,2026-09-25 12:28:04.183467+00:00,2026-09-25 12:28:04.184467+00:00,2026-09-25 12:28:04.186467+00:00,2026-09-25 12:28:04.187467+00:00,2026-09-25 12:28:04.188467+00:00,2026-09-25 12:28:04.189467+00:00,2026-09-25 12:28:04.190468+00:00,2026-09-25 12:28:04.191468+00:00,2026-09-25 12:28:04.192468+00:00,2026-09-25 12:28:04.193468+00:00,2026-09-25 12:28:04.194468+00:00,2026-09-25 12:28:04.195468+00:00,2026-09-25 12:28:04.196468+00:00,2026-09-25 12:28:04.197468+00:00,2026-09-25 12:28:04.198468+00:00,2026-09-25 12:28:04.199468+00:00,2026-09-25 12:28:04.200468+00:00,2026-09-25 12:28:04.201468+00:00,2026-09-25 12:28:04.202468+00:00,2026-09-25 12:28:04.203468+00:00,2026-09-25 12:28:04.204468+00:00,2026-09-25 12:28:04.205468+00:00,2026-09-25 12:28:04.206468+00:00,2026-09-25 12:28:04.207469+00:00,2026-09-25 12:28:04.208469+00:00,2026-09-25 12:28:04.209469+00:00,2026-09-25 12:28:04.210469+00:00,2026-09-25 12:28:04.211469+00:00,2026-09-25 12:28:04.212469+00:00,2026-09-25 12:28:04.213469+00:00,2026-09-25 12:28:04.214469+00:00,2026-09-25 12:28:04.215469+00:00,2026-09-25 12:28:04.227470+00:00,2026-09-25 12:28:04.217469+00:00,2026-09-25 12:28:04.218469+00:00,2026-09-25 12:28:04.219469+00:00,2026-09-25 12:28:04.220469+00:00,2026-09-25 12:28:04.221469+00:00,2026-09-25 12:28:04.222469+00:00,2026-09-25 12:28:04.223469+00:00,2026-09-25 12:28:04.224469+00:00,2026-09-25 12:28:04.236470+00:00,2026-09-25 12:28:04.226470+00:00,2026-09-25 12:28:04.216469+00:00,2026-09-25 12:28:04.228470+00:00,2026-09-25 12:28:04.229470+00:00,2026-09-25 12:28:04.230470+00:00,2026-09-25 12:28:04.231470+00:00,2026-09-25 12:28:04.232470+00:00,2026-09-25 12:28:04.233470+00:00,2026-09-25 12:28:04.234470+00:00,2026-09-25 12:28:04.235470+00:00,2026-09-25 12:28:04.237470+00:00,2026-09-25 12:28:04.238470+00:00,2026-09-25 12:28:04.239470+00:00,2026-09-25 12:28:04.240470+00:00,2026-09-25 12:28:04.241470+00:00,2026-09-25 12:28:04.242471+00:00,2026-09-25 12:28:04.243471+00:00,2026-09-25 12:28:04.244471+00:00,2026-09-25 12:28:04.245471+00:00,2026-09-25 12:28:04.246471+00:00,2026-09-25 12:28:04.247471+00:00,2026-09-25 12:28:04.248471+00:00,2026-09-25 12:28:04.260472+00:00,2026-09-25 12:28:04.250471+00:00,2026-09-25 12:28:04.251471+00:00,2026-09-25 12:28:04.252471+00:00,2026-09-25 12:28:04.253471+00:00,2026-09-25 12:28:04.254471+00:00,2026-09-25 12:28:04.255471+00:00,2026-09-25 12:28:04.256471+00:00,2026-09-25 12:28:04.257471+00:00,2026-09-25 12:28:04.258471+00:00,2026-09-25 12:28:04.259471+00:00,2026-09-25 12:28:04.249471+00:00,2026-09-25 12:28:04.261472+00:00,2026-09-25 12:28:04.262472+00:00,2026-09-25 12:28:04.264472+00:00,2026-09-25 12:28:04.264472+00:00,0.825983,1.2106786701421215,True,False,True,False,False,True,True,False,False,True,False,False,False,False,False,False
169,2026-09-25 10:58:59.929504+00:00,2026-09-25 12:28:05.415538+00:00,85.005,True,False,False,False,False,False,True,False,False,False,False,False,False,False,False,True,False,False,False,False,False,False,False,False,True,True,False,False,True,True,False,False,False,True,False,False,False,False,False,False,False,True,False,True,True,True,False,False,False,False,False,False,False,False,False,True,False,True,False,True,True,True,False,True,False,False,False,False,True,True,True,False,True,True,False,False,False,False,False,0,0,0,0,2026-09-25 12:28:05.330533+00:00,2026-09-25 12:28:05.331533+00:00,2026-09-25 12:28:05.332533+00:00,2026-09-25 12:28:05.333533+00:00,2026-09-25 12:28:05.334533+00:00,2026-09-25 12:28:05.335533+00:00,2026-09-25 12:28:05.336533+00:00,2026-09-25 12:28:05.337533+00:00,2026-09-25 12:28:05.338533+00:00,2026-09-25 12:28:05.339533+00:00,2026-09-25 12:28:05.351534+00:00,2026-09-25 12:28:05.341533+00:00,2026-09-25 12:28:05.342533+00:00,2026-09-25 12:28:05.343533+00:00,2026-09-25 12:28:05.344534+00:00,2026-09-25 12:28:05.345534+00:00,2026-09-25 12:28:05.346534+00:00,2026-09-25 12:28:05.347534+00:00,2026-09-25 12:28:05.348534+00:00,2026-09-25 12:28:05.349534+00:00,2026-09-25 12:28:05.350534+00:00,2026-09-25 12:28:05.340533+00:00,2026-09-25 12:28:05.352534+00:00,2026-09-25 12:28:05.353534+00:00,2026-09-25 12:28:05.354534+00:00,2026-09-25 12:28:05.355534+00:00,2026-09-25 12:28:05.356534+00:00,2026-09-25 12:28:05.357534+00:00,2026-09-25 12:28:05.358534+00:00,2026-09-25 12:28:05.359534+00:00,2026-09-25 12:28:05.360534+00:00,2026-09-25 12:28:05.372535+00:00,2026-09-25 12:28:05.362535+00:00,2026-09-25 12:28:05.363535+00:00,2026-09-25 12:28:05.364535+00:00,2026-09-25 12:28:05.376535+00:00,2026-09-25 12:28:05.366535+00:00,2026-09-25 12:28:05.367535+00:00,2026-09-25 12:28:05.368535+00:00,2026-09-25 12:28:05.369535+00:00,2026-09-25 12:28:05.381536+00:00,2026-09-25 12:28:05.371535+00:00,2026-09-25 12:28:05.361535+00:00,2026-09-25 12:28:05.373535+00:00,2026-09-25 12:28:05.374535+00:00,2026-09-25 12:28:05.375535+00:00,2026-09-25 12:28:05.365535+00:00,2026-09-25 12:28:05.377535+00:00,2026-09-25 12:28:05.378535+00:00,2026-09-25 12:28:05.379536+00:00,2026-09-25 12:28:05.380536+00:00,2026-09-25 12:28:05.370535+00:00,2026-09-25 12:28:05.382536+00:00,2026-09-25 12:28:05.383536+00:00,2026-09-25 12:28:05.384536+00:00,2026-09-25 12:28:05.386536+00:00,2026-09-25 12:28:05.387536+00:00,2026-09-25 12:28:05.389536+00:00,2026-09-25 12:28:05.390536+00:00,2026-09-25 12:28:05.391536+00:00,2026-09-25 12:28:05.392536+00:00,2026-09-25 12:28:05.393536+00:00,2026-09-25 12:28:05.406537+00:00,2026-09-25 12:28:05.395536+00:00,2026-09-25 12:28:05.396537+00:00,2026-09-25 12:28:05.397537+00:00,2026-09-25 12:28:05.398537+00:00,2026-09-25 12:28:05.399537+00:00,2026-09-25 12:28:05.400537+00:00,2026-09-25 12:28:05.401537+00:00,2026-09-25 12:28:05.402537+00:00,2026-09-25 12:28:05.404537+00:00,2026-09-25 12:28:05.405537+00:00,2026-09-25 12:28:05.394536+00:00,2026-09-25 12:28:05.407537+00:00,2026-09-25 12:28:05.408537+00:00,2026-09-25 12:28:05.409537+00:00,2026-09-25 12:28:05.410537+00:00,2026-09-25 12:28:05.411537+00:00,2026-09-25 12:28:05.412537+00:00,2026-09-25 12:28:05.413537+00:00,2026-09-25 12:28:05.414538+00:00,2026-09-25 12:28:05.415538+00:00,2026-09-25 12:28:05.415538+00:00,1.122609,0.8907820977740246,True,False,True,False,False,True,True,False,False,True,False,False,False,False,False,False
172,2026-09-25 10:59:01.049128+00:00,2026-09-25 12:28:06.534602+00:00,102.006,True,False,False,False,False,False,True,False,False,False,False,False,False,False,False,True,False,False,False,False,False,False,False,False,True,True,False,False,True,True,False,False,False,True,False,False,False,False,False,False,False,True,False,True,True,True,False,False,False,False,False,False,False,False,False,True,False,True,False,True,True,True,False,True,False,False,False,False,True,True,True,False,True,True,False,False,False,False,False,0,0,0,0,2026-09-25 12:28:06.432596+00:00,2026-09-25 12:28:06.440596+00:00,2026-09-25 12:28:06.442596+00:00,2026-09-25 12:28:06.444596+00:00,2026-09-25 12:28:06.445597+00:00,2026-09-25 12:28:06.446597+00:00,2026-09-25 12:28:06.448597+00:00,2026-09-25 12:28:06.449597+00:00,2026-09-25 12:28:06.450597+00:00,2026-09-25 12:28:06.451597+00:00,2026-09-25 12:28:06.452597+00:00,2026-09-25 12:28:06.453597+00:00,2026-09-25 12:28:06.454597+00:00,2026-09-25 12:28:06.455597+00:00,2026-09-25 12:28:06.456597+00:00,2026-09-25 12:28:06.457597+00:00,2026-09-25 12:28:06.458597+00:00,2026-09-25 12:28:06.459597+00:00,2026-09-25 12:28:06.460597+00:00,2026-09-25 12:28:06.461597+00:00,2026-09-25 12:28:06.462597+00:00,2026-09-25 12:28:06.476598+00:00,2026-09-25 12:28:06.465598+00:00,2026-09-25 12:28:06.466598+00:00,2026-09-25 12:28:06.467598+00:00,2026-09-25 12:28:06.468598+00:00,2026-09-25 12:28:06.469598+00:00,2026-09-25 12:28:06.470598+00:00,2026-09-25 12:28:06.471598+00:00,2026-09-25 12:28:06.472598+00:00,2026-09-25 12:28:06.488599+00:00,2026-09-25 12:28:06.475598+00:00,2026-09-25 12:28:06.464598+00:00,2026-09-25 12:28:06.477598+00:00,2026-09-25 12:28:06.478598+00:00,2026-09-25 12:28:06.479598+00:00,2026-09-25 12:28:06.480599+00:00,2026-09-25 12:28:06.494599+00:00,2026-09-25 12:28:06.484599+00:00,2026-09-25 12:28:06.485599+00:00,2026-09-25 12:28:06.486599+00:00,2026-09-25 12:28:06.487599+00:00,2026-09-25 12:28:06.489599+00:00,2026-09-25 12:28:06.490599+00:00,2026-09-25 12:28:06.491599+00:00,2026-09-25 12:28:06.492599+00:00,2026-09-25 12:28:06.493599+00:00,2026-09-25 12:28:06.482599+00:00,2026-09-25 12:28:06.495599+00:00,2026-09-25 12:28:06.496599+00:00,2026-09-25 12:28:06.497599+00:00,2026-09-25 12:28:06.498600+00:00,2026-09-25 12:28:06.499600+00:00,2026-09-25 12:28:06.500600+00:00,2026-09-25 12:28:06.501600+00:00,2026-09-25 12:28:06.502600+00:00,2026-09-25 12:28:06.503600+00:00,2026-09-25 12:28:06.504600+00:00,2026-09-25 12:28:06.505600+00:00,2026-09-25 12:28:06.507600+00:00,2026-09-25 12:28:06.508600+00:00,2026-09-25 12:28:06.510600+00:00,2026-09-25 12:28:06.511600+00:00,2026-09-25 12:28:06.512600+00:00,2026-09-25 12:28:06.513600+00:00,2026-09-25 12:28:06.514600+00:00,2026-09-25 12:28:06.515601+00:00,2026-09-25 12:28:06.516601+00:00,2026-09-25 12:28:06.517601+00:00,2026-09-25 12:28:06.518601+00:00,2026-09-25 12:28:06.519601+00:00,2026-09-25 12:28:06.520601+00:00,2026-09-25 12:28:06.521601+00:00,2026-09-25 12:28:06.522601+00:00,2026-09-25 12:28:06.534602+00:00,2026-09-25 12:28:06.525601+00:00,2026-09-25 12:28:06.526601+00:00,2026-09-25 12:28:06.528601+00:00,2026-09-25 12:28:06.529601+00:00,2026-09-25 12:28:06.530601+00:00,2026-09-25 12:28:06.531601+00:00,2026-09-25 12:28:06.532601+00:00,2026-09-25 12:28:06.533602+00:00,2026-09-25 12:28:06.534602+00:00,1.119624,0.8931569884175402,True,False,True,False,False,True,True,False,False,True,False,False,False,False,False,False
175,2026-09-25 10:59:02.245151+00:00,2026-09-25 12:28:07.730670+00:00,92.005,True,False,False,False,False,False,True,False,True,False,False,False,False,False,False,False,True,False,True,True,False,False,False,False,True,True,False,False,False,True,False,False,False,False,False,False,False,True,False,True,False,True,False,True,True,True,False,False,False,False,False,False,False,False,False,True,False,True,False,True,True,True,False,True,False,False,False,False,True,True,True,False,True,True,False,False,False,False,False,0,0,0,0,2026-09-25 12:28:07.638665+00:00,2026-09-25 12:28:07.645665+00:00,2026-09-25 12:28:07.646665+00:00,2026-09-25 12:28:07.658666+00:00,2026-09-25 12:28:07.648665+00:00,2026-09-25 12:28:07.649665+00:00,2026-09-25 12:28:07.661666+00:00,2026-09-25 12:28:07.651666+00:00,2026-09-25 12:28:07.652666+00:00,2026-09-25 12:28:07.653666+00:00,2026-09-25 12:28:07.654666+00:00,2026-09-25 12:28:07.655666+00:00,2026-09-25 12:28:07.656666+00:00,2026-09-25 12:28:07.657666+00:00,2026-09-25 12:28:07.647665+00:00,2026-09-25 12:28:07.659666+00:00,2026-09-25 12:28:07.660666+00:00,2026-09-25 12:28:07.650665+00:00,2026-09-25 12:28:07.662666+00:00,2026-09-25 12:28:07.663666+00:00,2026-09-25 12:28:07.664666+00:00,2026-09-25 12:28:07.665666+00:00,2026-09-25 12:28:07.666666+00:00,2026-09-25 12:28:07.667666+00:00,2026-09-25 12:28:07.668666+00:00,2026-09-25 12:28:07.669667+00:00,2026-09-25 12:28:07.670667+00:00,2026-09-25 12:28:07.671667+00:00,2026-09-25 12:28:07.684667+00:00,2026-09-25 12:28:07.673667+00:00,2026-09-25 12:28:07.674667+00:00,2026-09-25 12:28:07.675667+00:00,2026-09-25 12:28:07.676667+00:00,2026-09-25 12:28:07.677667+00:00,2026-09-25 12:28:07.678667+00:00,2026-09-25 12:28:07.679667+00:00,2026-09-25 12:28:07.680667+00:00,2026-09-25 12:28:07.681667+00:00,2026-09-25 12:28:07.682667+00:00,2026-09-25 12:28:07.672667+00:00,2026-09-25 12:28:07.685667+00:00,2026-09-25 12:28:07.686668+00:00,2026-09-25 12:28:07.687668+00:00,2026-09-25 12:28:07.688668+00:00,2026-09-25 12:28:07.689668+00:00,2026-09-25 12:28:07.703668+00:00,2026-09-25 12:28:07.704669+00:00,2026-09-25 12:28:07.692668+00:00,2026-09-25 12:28:07.695668+00:00,2026-09-25 12:28:07.707669+00:00,2026-09-25 12:28:07.697668+00:00,2026-09-25 12:28:07.698668+00:00,2026-09-25 12:28:07.699668+00:00,2026-09-25 12:28:07.700668+00:00,2026-09-25 12:28:07.701668+00:00,2026-09-25 12:28:07.702668+00:00,2026-09-25 12:28:07.690668+00:00,2026-09-25 12:28:07.691668+00:00,2026-09-25 12:28:07.705669+00:00,2026-09-25 12:28:07.706669+00:00,2026-09-25 12:28:07.696668+00:00,2026-09-25 12:28:07.719669+00:00,2026-09-25 12:28:07.709669+00:00,2026-09-25 12:28:07.710669+00:00,2026-09-25 12:28:07.711669+00:00,2026-09-25 12:28:07.712669+00:00,2026-09-25 12:28:07.713669+00:00,2026-09-25 12:28:07.714669+00:00,2026-09-25 12:28:07.715669+00:00,2026-09-25 12:28:07.716669+00:00,2026-09-25 12:28:07.717669+00:00,2026-09-25 12:28:07.718669+00:00,2026-09-25 12:28:07.708669+00:00,2026-09-25 12:28:07.720669+00:00,2026-09-25 12:28:07.721670+00:00,2026-09-25 12:28:07.730670+00:00,2026-09-25 12:28:07.723670+00:00,2026-09-25 12:28:07.724670+00:00,2026-09-25 12:28:07.725670+00:00,2026-09-25 12:28:07.726670+00:00,2026-09-25 12:28:07.727670+00:00,2026-09-25 12:28:07.728670+00:00,2026-09-25 12:28:07.729670+00:00,2026-09-25 12:28:07.730670+00:00,1.196023,0.8361043224085155,True,False,True,False,False,False,True,False,False,True,False,False,False,False,False,False
178,2026-09-25 10:59:03.357228+00:00,2026-09-25 12:28:08.842734+00:00,90.006,True,False,False,False,False,False,True,False,True,False,False,False,False,False,False,False,True,False,True,True,False,False,False,False,True,True,False,False,False,True,False,False,False,False,False,False,False,True,False,True,False,True,False,True,True,True,False,False,False,False,False,False,False,False,False,True,False,True,False,True,True,True,False,True,False,False,False,False,True,True,True,False,True,True,False,False,False,False,False,0,0,0,0,2026-09-25 12:28:08.752728+00:00,2026-09-25 12:28:08.759729+00:00,2026-09-25 12:28:08.760729+00:00,2026-09-25 12:28:08.761729+00:00,2026-09-25 12:28:08.762729+00:00,2026-09-25 12:28:08.763729+00:00,2026-09-25 12:28:08.764729+00:00,2026-09-25 12:28:08.765729+00:00,2026-09-25 12:28:08.766729+00:00,2026-09-25 12:28:08.778730+00:00,2026-09-25 12:28:08.768729+00:00,2026-09-25 12:28:08.769729+00:00,2026-09-25 12:28:08.770730+00:00,2026-09-25 12:28:08.782730+00:00,2026-09-25 12:28:08.772730+00:00,2026-09-25 12:28:08.784730+00:00,2026-09-25 12:28:08.774730+00:00,2026-09-25 12:28:08.775730+00:00,2026-09-25 12:28:08.776730+00:00,2026-09-25 12:28:08.777730+00:00,2026-09-25 12:28:08.767729+00:00,2026-09-25 12:28:08.779730+00:00,2026-09-25 12:28:08.780730+00:00,2026-09-25 12:28:08.781730+00:00,2026-09-25 12:28:08.783730+00:00,2026-09-25 12:28:08.773730+00:00,2026-09-25 12:28:08.785730+00:00,2026-09-25 12:28:08.786730+00:00,2026-09-25 12:28:08.787730+00:00,2026-09-25 12:28:08.788731+00:00,2026-09-25 12:28:08.789731+00:00,2026-09-25 12:28:08.790731+00:00,2026-09-25 12:28:08.791731+00:00,2026-09-25 12:28:08.792731+00:00,2026-09-25 12:28:08.793731+00:00,2026-09-25 12:28:08.794731+00:00,2026-09-25 12:28:08.795731+00:00,2026-09-25 12:28:08.796731+00:00,2026-09-25 12:28:08.797731+00:00,2026-09-25 12:28:08.798731+00:00,2026-09-25 12:28:08.799731+00:00,2026-09-25 12:28:08.800731+00:00,2026-09-25 12:28:08.801731+00:00,2026-09-25 12:28:08.802731+00:00,2026-09-25 12:28:08.803731+00:00,2026-09-25 12:28:08.804731+00:00,2026-09-25 12:28:08.805732+00:00,2026-09-25 12:28:08.806732+00:00,2026-09-25 12:28:08.807732+00:00,2026-09-25 12:28:08.808732+00:00,2026-09-25 12:28:08.809732+00:00,2026-09-25 12:28:08.810732+00:00,2026-09-25 12:28:08.811732+00:00,2026-09-25 12:28:08.812732+00:00,2026-09-25 12:28:08.813732+00:00,2026-09-25 12:28:08.814732+00:00,2026-09-25 12:28:08.815732+00:00,2026-09-25 12:28:08.816732+00:00,2026-09-25 12:28:08.817732+00:00,2026-09-25 12:28:08.818732+00:00,2026-09-25 12:28:08.830733+00:00,2026-09-25 12:28:08.831733+00:00,2026-09-25 12:28:08.832733+00:00,2026-09-25 12:28:08.822732+00:00,2026-09-25 12:28:08.823733+00:00,2026-09-25 12:28:08.824733+00:00,2026-09-25 12:28:08.825733+00:00,2026-09-25 12:28:08.826733+00:00,2026-09-25 12:28:08.827733+00:00,2026-09-25 12:28:08.828733+00:00,2026-09-25 12:28:08.829733+00:00,2026-09-25 12:28:08.819732+00:00,2026-09-25 12:28:08.820732+00:00,2026-09-25 12:28:08.833733+00:00,2026-09-25 12:28:08.834733+00:00,2026-09-25 12:28:08.835733+00:00,2026-09-25 12:28:08.836733+00:00,2026-09-25 12:28:08.837733+00:00,2026-09-25 12:28:08.838733+00:00,2026-09-25 12:28:08.839733+00:00,2026-09-25 12:28:08.840734+00:00,2026-09-25 12:28:08.841734+00:00,2026-09-25 12:28:08.842734+00:00,2026-09-25 12:28:08.842734+00:00,1.112077,0.8992183095235312,True,False,True,False,False,False,True,False,False,True,False,False,False,False,False,False
180,2026-09-25 10:59:04.076918+00:00,2026-09-25 12:28:09.560775+00:00,88.005,True,False,False,False,False,False,True,False,True,False,False,False,False,False,False,False,True,False,True,True,False,False,False,False,True,True,False,False,False,True,False,False,False,False,False,False,False,True,False,True,False,True,False,True,True,True,False,False,False,False,False,False,False,False,False,True,False,True,False,True,True,True,False,True,False,False,False,False,True,True,True,False,True,True,False,False,False,False,False,0,0,0,0,2026-09-25 12:28:09.472770+00:00,2026-09-25 12:28:09.478770+00:00,2026-09-25 12:28:09.483770+00:00,2026-09-25 12:28:09.480770+00:00,2026-09-25 12:28:09.481770+00:00,2026-09-25 12:28:09.482770+00:00,2026-09-25 12:28:09.479770+00:00,2026-09-25 12:28:09.484770+00:00,2026-09-25 12:28:09.485770+00:00,2026-09-25 12:28:09.486770+00:00,2026-09-25 12:28:09.487771+00:00,2026-09-25 12:28:09.488771+00:00,2026-09-25 12:28:09.489771+00:00,2026-09-25 12:28:09.490771+00:00,2026-09-25 12:28:09.491771+00:00,2026-09-25 12:28:09.492771+00:00,2026-09-25 12:28:09.493771+00:00,2026-09-25 12:28:09.494771+00:00,2026-09-25 12:28:09.495771+00:00,2026-09-25 12:28:09.496771+00:00,2026-09-25 12:28:09.497771+00:00,2026-09-25 12:28:09.498771+00:00,2026-09-25 12:28:09.499771+00:00,2026-09-25 12:28:09.500771+00:00,2026-09-25 12:28:09.501771+00:00,2026-09-25 12:28:09.502771+00:00,2026-09-25 12:28:09.503771+00:00,2026-09-25 12:28:09.504771+00:00,2026-09-25 12:28:09.505772+00:00,2026-09-25 12:28:09.506772+00:00,2026-09-25 12:28:09.507772+00:00,2026-09-25 12:28:09.508772+00:00,2026-09-25 12:28:09.509772+00:00,2026-09-25 12:28:09.510772+00:00,2026-09-25 12:28:09.522773+00:00,2026-09-25 12:28:09.512772+00:00,2026-09-25 12:28:09.513772+00:00,2026-09-25 12:28:09.514772+00:00,2026-09-25 12:28:09.515772+00:00,2026-09-25 12:28:09.516772+00:00,2026-09-25 12:28:09.517772+00:00,2026-09-25 12:28:09.518772+00:00,2026-09-25 12:28:09.519772+00:00,2026-09-25 12:28:09.520772+00:00,2026-09-25 12:28:09.532773+00:00,2026-09-25 12:28:09.511772+00:00,2026-09-25 12:28:09.523773+00:00,2026-09-25 12:28:09.524773+00:00,2026-09-25 12:28:09.525773+00:00,2026-09-25 12:28:09.526773+00:00,2026-09-25 12:28:09.527773+00:00,2026-09-25 12:28:09.528773+00:00,2026-09-25 12:28:09.529773+00:00,2026-09-25 12:28:09.530773+00:00,2026-09-25 12:28:09.531773+00:00,2026-09-25 12:28:09.533773+00:00,2026-09-25 12:28:09.534773+00:00,2026-09-25 12:28:09.535773+00:00,2026-09-25 12:28:09.536773+00:00,2026-09-25 12:28:09.537773+00:00,2026-09-25 12:28:09.538773+00:00,2026-09-25 12:28:09.539773+00:00,2026-09-25 12:28:09.540774+00:00,2026-09-25 12:28:09.541774+00:00,2026-09-25 12:28:09.542774+00:00,2026-09-25 12:28:09.543774+00:00,2026-09-25 12:28:09.544774+00:00,2026-09-25 12:28:09.545774+00:00,2026-09-25 12:28:09.546774+00:00,2026-09-25 12:28:09.547774+00:00,2026-09-25 12:28:09.548774+00:00,2026-09-25 12:28:09.549774+00:00,2026-09-25 12:28:09.550774+00:00,2026-09-25 12:28:09.551774+00:00,2026-09-25 12:28:09.552774+00:00,2026-09-25 12:28:09.553774+00:00,2026-09-25 12:28:09.554774+00:00,2026-09-25 12:28:09.555774+00:00,2026-09-25 12:28:09.556774+00:00,2026-09-25 12:28:09.557775+00:00,2026-09-25 12:28:09.558775+00:00,2026-09-25 12:28:09.559775+00:00,2026-09-25 12:28:09.560775+00:00,2026-09-25 12:28:09.560775+00:00,0.71969,1.3894871402965165,True,False,True,False,False,False,True,False,False,True,False,False,False,False,False,False
182,2026-09-25 10:59:04.800795+00:00,2026-09-25 12:28:10.284816+00:00,113.006,True,False,False,False,False,False,True,False,True,False,False,False,False,False,False,False,True,False,True,True,False,False,False,False,True,True,False,False,False,True,False,False,False,False,False,False,False,True,False,True,False,True,False,True,True,True,False,False,False,False,False,False,False,False,False,True,False,True,False,True,True,True,False,True,False,False,False,False,True,True,True,False,True,True,False,False,False,False,False,0,0,0,0,2026-09-25 12:28:10.171810+00:00,2026-09-25 12:28:10.199811+00:00,2026-09-25 12:28:10.200811+00:00,2026-09-25 12:28:10.201811+00:00,2026-09-25 12:28:10.202811+00:00,2026-09-25 12:28:10.203811+00:00,2026-09-25 12:28:10.204812+00:00,2026-09-25 12:28:10.205812+00:00,2026-09-25 12:28:10.217812+00:00,2026-09-25 12:28:10.207812+00:00,2026-09-25 12:28:10.208812+00:00,2026-09-25 12:28:10.209812+00:00,2026-09-25 12:28:10.210812+00:00,2026-09-25 12:28:10.211812+00:00,2026-09-25 12:28:10.212812+00:00,2026-09-25 12:28:10.213812+00:00,2026-09-25 12:28:10.214812+00:00,2026-09-25 12:28:10.215812+00:00,2026-09-25 12:28:10.216812+00:00,2026-09-25 12:28:10.206812+00:00,2026-09-25 12:28:10.218812+00:00,2026-09-25 12:28:10.219812+00:00,2026-09-25 12:28:10.234813+00:00,2026-09-25 12:28:10.222813+00:00,2026-09-25 12:28:10.235813+00:00,2026-09-25 12:28:10.236813+00:00,2026-09-25 12:28:10.226813+00:00,2026-09-25 12:28:10.227813+00:00,2026-09-25 12:28:10.228813+00:00,2026-09-25 12:28:10.229813+00:00,2026-09-25 12:28:10.230813+00:00,2026-09-25 12:28:10.231813+00:00,2026-09-25 12:28:10.232813+00:00,2026-09-25 12:28:10.233813+00:00,2026-09-25 12:28:10.224813+00:00,2026-09-25 12:28:10.225813+00:00,2026-09-25 12:28:10.237813+00:00,2026-09-25 12:28:10.238813+00:00,2026-09-25 12:28:10.239814+00:00,2026-09-25 12:28:10.240814+00:00,2026-09-25 12:28:10.241814+00:00,2026-09-25 12:28:10.242814+00:00,2026-09-25 12:28:10.243814+00:00,2026-09-25 12:28:10.244814+00:00,2026-09-25 12:28:10.245814+00:00,2026-09-25 12:28:10.246814+00:00,2026-09-25 12:28:10.247814+00:00,2026-09-25 12:28:10.248814+00:00,2026-09-25 12:28:10.249814+00:00,2026-09-25 12:28:10.250814+00:00,2026-09-25 12:28:10.251814+00:00,2026-09-25 12:28:10.252814+00:00,2026-09-25 12:28:10.253814+00:00,2026-09-25 12:28:10.254814+00:00,2026-09-25 12:28:10.255814+00:00,2026-09-25 12:28:10.267815+00:00,2026-09-25 12:28:10.268815+00:00,2026-09-25 12:28:10.258815+00:00,2026-09-25 12:28:10.259815+00:00,2026-09-25 12:28:10.260815+00:00,2026-09-25 12:28:10.261815+00:00,2026-09-25 12:28:10.262815+00:00,2026-09-25 12:28:10.263815+00:00,2026-09-25 12:28:10.264815+00:00,2026-09-25 12:28:10.265815+00:00,2026-09-25 12:28:10.266815+00:00,2026-09-25 12:28:10.256815+00:00,2026-09-25 12:28:10.257815+00:00,2026-09-25 12:28:10.269815+00:00,2026-09-25 12:28:10.281816+00:00,2026-09-25 12:28:10.271815+00:00,2026-09-25 12:28:10.272815+00:00,2026-09-25 12:28:10.273815+00:00,2026-09-25 12:28:10.274816+00:00,2026-09-25 12:28:10.275816+00:00,2026-09-25 12:28:10.276816+00:00,2026-09-25 12:28:10.277816+00:00,2026-09-25 12:28:10.278816+00:00,2026-09-25 12:28:10.279816+00:00,2026-09-25 12:28:10.280816+00:00,2026-09-25 12:28:10.282816+00:00,2026-09-25 12:28:10.283816+00:00,2026-09-25 12:28:10.284816+00:00,2026-09-25 12:28:10.284816+00:00,0.723877,1.3814501634946268,True,False,True,False,False,False,True,False,False,True,False,False,False,False,False,False
185,2026-09-25 10:59:05.918341+00:00,2026-09-25 12:28:11.403880+00:00,92.005,True,False,False,False,False,False,True,False,True,False,False,False,False,False,False,False,True,False,True,True,False,False,False,False,True,True,False,False,False,True,False,False,False,False,False,False,False,False,True,True,False,True,False,True,True,True,False,False,False,False,False,False,False,False,False,True,False,True,False,True,True,True,False,True,False,False,False,False,True,True,True,False,True,True,False,False,False,False,False,0,0,0,0,2026-09-25 12:28:11.311875+00:00,2026-09-25 12:28:11.321875+00:00,2026-09-25 12:28:11.322875+00:00,2026-09-25 12:28:11.323876+00:00,2026-09-25 12:28:11.324876+00:00,2026-09-25 12:28:11.325876+00:00,2026-09-25 12:28:11.326876+00:00,2026-09-25 12:28:11.327876+00:00,2026-09-25 12:28:11.328876+00:00,2026-09-25 12:28:11.340877+00:00,2026-09-25 12:28:11.330876+00:00,2026-09-25 12:28:11.331876+00:00,2026-09-25 12:28:11.332876+00:00,2026-09-25 12:28:11.333876+00:00,2026-09-25 12:28:11.334876+00:00,2026-09-25 12:28:11.346877+00:00,2026-09-25 12:28:11.336876+00:00,2026-09-25 12:28:11.337876+00:00,2026-09-25 12:28:11.338876+00:00,2026-09-25 12:28:11.339876+00:00,2026-09-25 12:28:11.329876+00:00,2026-09-25 12:28:11.341877+00:00,2026-09-25 12:28:11.342877+00:00,2026-09-25 12:28:11.343877+00:00,2026-09-25 12:28:11.344877+00:00,2026-09-25 12:28:11.356877+00:00,2026-09-25 12:28:11.335876+00:00,2026-09-25 12:28:11.347877+00:00,2026-09-25 12:28:11.348877+00:00,2026-09-25 12:28:11.349877+00:00,2026-09-25 12:28:11.350877+00:00,2026-09-25 12:28:11.351877+00:00,2026-09-25 12:28:11.352877+00:00,2026-09-25 12:28:11.353877+00:00,2026-09-25 12:28:11.354877+00:00,2026-09-25 12:28:11.355877+00:00,2026-09-25 12:28:11.345877+00:00,2026-09-25 12:28:11.357877+00:00,2026-09-25 12:28:11.358878+00:00,2026-09-25 12:28:11.359878+00:00,2026-09-25 12:28:11.371878+00:00,2026-09-25 12:28:11.372878+00:00,2026-09-25 12:28:11.362878+00:00,2026-09-25 12:28:11.374878+00:00,2026-09-25 12:28:11.364878+00:00,2026-09-25 12:28:11.365878+00:00,2026-09-25 12:28:11.366878+00:00,2026-09-25 12:28:11.367878+00:00,2026-09-25 12:28:11.368878+00:00,2026-09-25 12:28:11.369878+00:00,2026-09-25 12:28:11.381879+00:00,2026-09-25 12:28:11.360878+00:00,2026-09-25 12:28:11.361878+00:00,2026-09-25 12:28:11.373878+00:00,2026-09-25 12:28:11.363878+00:00,2026-09-25 12:28:11.375879+00:00,2026-09-25 12:28:11.376879+00:00,2026-09-25 12:28:11.377879+00:00,2026-09-25 12:28:11.378879+00:00,2026-09-25 12:28:11.379879+00:00,2026-09-25 12:28:11.380879+00:00,2026-09-25 12:28:11.382879+00:00,2026-09-25 12:28:11.383879+00:00,2026-09-25 12:28:11.384879+00:00,2026-09-25 12:28:11.385879+00:00,2026-09-25 12:28:11.386879+00:00,2026-09-25 12:28:11.387879+00:00,2026-09-25 12:28:11.388879+00:00,2026-09-25 12:28:11.389879+00:00,2026-09-25 12:28:11.390879+00:00,2026-09-25 12:28:11.391879+00:00,2026-09-25 12:28:11.392879+00:00,2026-09-25 12:28:11.393880+00:00,2026-09-25 12:28:11.394880+00:00,2026-09-25 12:28:11.395880+00:00,2026-09-25 12:28:11.396880+00:00,2026-09-25 12:28:11.397880+00:00,2026-09-25 12:28:11.398880+00:00,2026-09-25 12:28:11.399880+00:00,2026-09-25 12:28:11.400880+00:00,2026-09-25 12:28:11.401880+00:00,2026-09-25 12:28:11.402880+00:00,2026-09-25 12:28:11.403880+00:00,2026-09-25 12:28:11.403880+00:00,1.117546,0.8948177524683548,True,False,True,False,False,False,True,False,False,True,False,False,False,False,False,False
188,2026-09-25 10:59:07.135607+00:00,2026-09-25 12:28:12.620950+00:00,85.005,True,False,False,False,False,False,True,False,True,False,False,False,False,False,False,False,True,False,True,True,False,False,False,False,True,True,False,False,False,True,False,False,False,False,False,False,False,False,True,True,False,True,False,True,True,True,False,False,False,False,False,False,False,False,False,True,False,True,False,True,True,True,False,True,False,False,False,False,True,True,True,False,True,True,False,False,False,False,False,0,0,0,0,2026-09-25 12:28:12.535945+00:00,2026-09-25 12:28:12.536945+00:00,2026-09-25 12:28:12.537945+00:00,2026-09-25 12:28:12.538945+00:00,2026-09-25 12:28:12.539945+00:00,2026-09-25 12:28:12.540945+00:00,2026-09-25 12:28:12.541945+00:00,2026-09-25 12:28:12.542945+00:00,2026-09-25 12:28:12.543945+00:00,2026-09-25 12:28:12.544945+00:00,2026-09-25 12:28:12.545945+00:00,2026-09-25 12:28:12.546945+00:00,2026-09-25 12:28:12.547946+00:00,2026-09-25 12:28:12.548946+00:00,2026-09-25 12:28:12.549946+00:00,2026-09-25 12:28:12.550946+00:00,2026-09-25 12:28:12.551946+00:00,2026-09-25 12:28:12.552946+00:00,2026-09-25 12:28:12.553946+00:00,2026-09-25 12:28:12.554946+00:00,2026-09-25 12:28:12.555946+00:00,2026-09-25 12:28:12.556946+00:00,2026-09-25 12:28:12.557946+00:00,2026-09-25 12:28:12.558946+00:00,2026-09-25 12:28:12.559946+00:00,2026-09-25 12:28:12.560946+00:00,2026-09-25 12:28:12.573947+00:00,2026-09-25 12:28:12.563946+00:00,2026-09-25 12:28:12.564947+00:00,2026-09-25 12:28:12.565947+00:00,2026-09-25 12:28:12.566947+00:00,2026-09-25 12:28:12.567947+00:00,2026-09-25 12:28:12.590948+00:00,2026-09-25 12:28:12.580947+00:00,2026-09-25 12:28:12.570947+00:00,2026-09-25 12:28:12.571947+00:00,2026-09-25 12:28:12.572947+00:00,2026-09-25 12:28:12.562946+00:00,2026-09-25 12:28:12.574947+00:00,2026-09-25 12:28:12.575947+00:00,2026-09-25 12:28:12.576947+00:00,2026-09-25 12:28:12.577947+00:00,2026-09-25 12:28:12.589948+00:00,2026-09-25 12:28:12.568947+00:00,2026-09-25 12:28:12.581948+00:00,2026-09-25 12:28:12.582948+00:00,2026-09-25 12:28:12.583948+00:00,2026-09-25 12:28:12.584948+00:00,2026-09-25 12:28:12.585948+00:00,2026-09-25 12:28:12.586948+00:00,2026-09-25 12:28:12.587948+00:00,2026-09-25 12:28:12.588948+00:00,2026-09-25 12:28:12.578947+00:00,2026-09-25 12:28:12.579947+00:00,2026-09-25 12:28:12.591948+00:00,2026-09-25 12:28:12.592948+00:00,2026-09-25 12:28:12.593948+00:00,2026-09-25 12:28:12.594948+00:00,2026-09-25 12:28:12.595948+00:00,2026-09-25 12:28:12.596948+00:00,2026-09-25 12:28:12.597948+00:00,2026-09-25 12:28:12.598948+00:00,2026-09-25 12:28:12.599949+00:00,2026-09-25 12:28:12.600949+00:00,2026-09-25 12:28:12.601949+00:00,2026-09-25 12:28:12.602949+00:00,2026-09-25 12:28:12.603949+00:00,2026-09-25 12:28:12.604949+00:00,2026-09-25 12:28:12.616950+00:00,2026-09-25 12:28:12.606949+00:00,2026-09-25 12:28:12.607949+00:00,2026-09-25 12:28:12.608949+00:00,2026-09-25 12:28:12.609949+00:00,2026-09-25 12:28:12.610949+00:00,2026-09-25 12:28:12.611949+00:00,2026-09-25 12:28:12.612949+00:00,2026-09-25 12:28:12.613949+00:00,2026-09-25 12:28:12.614949+00:00,2026-09-25 12:28:12.615949+00:00,2026-09-25 12:28:12.605949+00:00,2026-09-25 12:28:12.617950+00:00,2026-09-25 12:28:12.618950+00:00,2026-09-25 12:28:12.620950+00:00,2026-09-25 12:28:12.620950+00:00,1.217266,0.8215131286013082,True,False,True,False,False,False,True,False,False,True,False,False,False,False,False,False
190,2026-09-25 10:59:07.856248+00:00,2026-09-25 12:28:13.326990+00:00,93.005,True,False,False,False,False,False,True,False,True,False,False,False,False,False,False,False,True,False,True,True,False,False,False,False,True,True,False,False,False,True,False,False,False,False,False,False,False,False,True,True,False,True,False,True,True,True,False,False,False,False,False,False,False,False,False,True,False,True,False,True,True,True,False,True,False,False,False,False,True,True,True,False,True,True,False,False,False,False,False,0,0,0,0,2026-09-25 12:28:13.233985+00:00,2026-09-25 12:28:13.241985+00:00,2026-09-25 12:28:13.242985+00:00,2026-09-25 12:28:13.243985+00:00,2026-09-25 12:28:13.244985+00:00,2026-09-25 12:28:13.245985+00:00,2026-09-25 12:28:13.246986+00:00,2026-09-25 12:28:13.247986+00:00,2026-09-25 12:28:13.248986+00:00,2026-09-25 12:28:13.249986+00:00,2026-09-25 12:28:13.250986+00:00,2026-09-25 12:28:13.251986+00:00,2026-09-25 12:28:13.252986+00:00,2026-09-25 12:28:13.253986+00:00,2026-09-25 12:28:13.254986+00:00,2026-09-25 12:28:13.255986+00:00,2026-09-25 12:28:13.269987+00:00,2026-09-25 12:28:13.270987+00:00,2026-09-25 12:28:13.258986+00:00,2026-09-25 12:28:13.259986+00:00,2026-09-25 12:28:13.260986+00:00,2026-09-25 12:28:13.261986+00:00,2026-09-25 12:28:13.262986+00:00,2026-09-25 12:28:13.276987+00:00,2026-09-25 12:28:13.266987+00:00,2026-09-25 12:28:13.278987+00:00,2026-09-25 12:28:13.279987+00:00,2026-09-25 12:28:13.256986+00:00,2026-09-25 12:28:13.257986+00:00,2026-09-25 12:28:13.271987+00:00,2026-09-25 12:28:13.272987+00:00,2026-09-25 12:28:13.273987+00:00,2026-09-25 12:28:13.274987+00:00,2026-09-25 12:28:13.275987+00:00,2026-09-25 12:28:13.264987+00:00,2026-09-25 12:28:13.277987+00:00,2026-09-25 12:28:13.267987+00:00,2026-09-25 12:28:13.280987+00:00,2026-09-25 12:28:13.281988+00:00,2026-09-25 12:28:13.282988+00:00,2026-09-25 12:28:13.283988+00:00,2026-09-25 12:28:13.284988+00:00,2026-09-25 12:28:13.285988+00:00,2026-09-25 12:28:13.286988+00:00,2026-09-25 12:28:13.287988+00:00,2026-09-25 12:28:13.288988+00:00,2026-09-25 12:28:13.289988+00:00,2026-09-25 12:28:13.290988+00:00,2026-09-25 12:28:13.291988+00:00,2026-09-25 12:28:13.292988+00:00,2026-09-25 12:28:13.293988+00:00,2026-09-25 12:28:13.294988+00:00,2026-09-25 12:28:13.295988+00:00,2026-09-25 12:28:13.307989+00:00,2026-09-25 12:28:13.297988+00:00,2026-09-25 12:28:13.298989+00:00,2026-09-25 12:28:13.299989+00:00,2026-09-25 12:28:13.300989+00:00,2026-09-25 12:28:13.301989+00:00,2026-09-25 12:28:13.302989+00:00,2026-09-25 12:28:13.303989+00:00,2026-09-25 12:28:13.304989+00:00,2026-09-25 12:28:13.305989+00:00,2026-09-25 12:28:13.306989+00:00,2026-09-25 12:28:13.296988+00:00,2026-09-25 12:28:13.308989+00:00,2026-09-25 12:28:13.309989+00:00,2026-09-25 12:28:13.310989+00:00,2026-09-25 12:28:13.311989+00:00,2026-09-25 12:28:13.312989+00:00,2026-09-25 12:28:13.313989+00:00,2026-09-25 12:28:13.314989+00:00,2026-09-25 12:28:13.315989+00:00,2026-09-25 12:28:13.316990+00:00,2026-09-25 12:28:13.317990+00:00,2026-09-25 12:28:13.326990+00:00,2026-09-25 12:28:13.319990+00:00,2026-09-25 12:28:13.320990+00:00,2026-09-25 12:28:13.321990+00:00,2026-09-25 12:28:13.322990+00:00,2026-09-25 12:28:13.323990+00:00,2026-09-25 12:28:13.324990+00:00,2026-09-25 12:28:13.325990+00:00,2026-09-25 12:28:13.326990+00:00,0.720641,1.3876534918218641,True,False,True,False,False,False,True,False,False,True,False,False,False,False,False,False
193,2026-09-25 10:59:08.975700+00:00,2026-09-25 12:28:14.461055+00:00,92.005,True,False,False,False,False,False,True,False,True,False,False,False,False,False,False,False,True,False,True,True,False,False,False,False,True,True,False,False,True,True,False,False,False,False,True,False,False,False,False,False,False,True,False,True,True,True,False,False,False,False,False,False,False,False,False,True,False,True,False,True,True,True,False,True,False,False,False,False,True,True,True,False,True,True,False,False,False,False,False,0,0,0,0,2026-09-25 12:28:14.369050+00:00,2026-09-25 12:28:14.378050+00:00,2026-09-25 12:28:14.379050+00:00,2026-09-25 12:28:14.380050+00:00,2026-09-25 12:28:14.381050+00:00,2026-09-25 12:28:14.382050+00:00,2026-09-25 12:28:14.383051+00:00,2026-09-25 12:28:14.384051+00:00,2026-09-25 12:28:14.385051+00:00,2026-09-25 12:28:14.386051+00:00,2026-09-25 12:28:14.387051+00:00,2026-09-25 12:28:14.388051+00:00,2026-09-25 12:28:14.389051+00:00,2026-09-25 12:28:14.401052+00:00,2026-09-25 12:28:14.391051+00:00,2026-09-25 12:28:14.392051+00:00,2026-09-25 12:28:14.393051+00:00,2026-09-25 12:28:14.394051+00:00,2026-09-25 12:28:14.395051+00:00,2026-09-25 12:28:14.396051+00:00,2026-09-25 12:28:14.397051+00:00,2026-09-25 12:28:14.398051+00:00,2026-09-25 12:28:14.399051+00:00,2026-09-25 12:28:14.400051+00:00,2026-09-25 12:28:14.390051+00:00,2026-09-25 12:28:14.402052+00:00,2026-09-25 12:28:14.403052+00:00,2026-09-25 12:28:14.404052+00:00,2026-09-25 12:28:14.405052+00:00,2026-09-25 12:28:14.406052+00:00,2026-09-25 12:28:14.407052+00:00,2026-09-25 12:28:14.408052+00:00,2026-09-25 12:28:14.409052+00:00,2026-09-25 12:28:14.410052+00:00,2026-09-25 12:28:14.411052+00:00,2026-09-25 12:28:14.412052+00:00,2026-09-25 12:28:14.413052+00:00,2026-09-25 12:28:14.414052+00:00,2026-09-25 12:28:14.415052+00:00,2026-09-25 12:28:14.416052+00:00,2026-09-25 12:28:14.417052+00:00,2026-09-25 12:28:14.430053+00:00,2026-09-25 12:28:14.419053+00:00,2026-09-25 12:28:14.420053+00:00,2026-09-25 12:28:14.432053+00:00,2026-09-25 12:28:14.422053+00:00,2026-09-25 12:28:14.423053+00:00,2026-09-25 12:28:14.424053+00:00,2026-09-25 12:28:14.425053+00:00,2026-09-25 12:28:14.426053+00:00,2026-09-25 12:28:14.427053+00:00,2026-09-25 12:28:14.428053+00:00,2026-09-25 12:28:14.429053+00:00,2026-09-25 12:28:14.443054+00:00,2026-09-25 12:28:14.421053+00:00,2026-09-25 12:28:14.433053+00:00,2026-09-25 12:28:14.446054+00:00,2026-09-25 12:28:14.436054+00:00,2026-09-25 12:28:14.437054+00:00,2026-09-25 12:28:14.438054+00:00,2026-09-25 12:28:14.439054+00:00,2026-09-25 12:28:14.440054+00:00,2026-09-25 12:28:14.441054+00:00,2026-09-25 12:28:14.453055+00:00,2026-09-25 12:28:14.431053+00:00,2026-09-25 12:28:14.444054+00:00,2026-09-25 12:28:14.445054+00:00,2026-09-25 12:28:14.435053+00:00,2026-09-25 12:28:14.447054+00:00,2026-09-25 12:28:14.448054+00:00,2026-09-25 12:28:14.449054+00:00,2026-09-25 12:28:14.450054+00:00,2026-09-25 12:28:14.451054+00:00,2026-09-25 12:28:14.452054+00:00,2026-09-25 12:28:14.442054+00:00,2026-09-25 12:28:14.454055+00:00,2026-09-25 12:28:14.455055+00:00,2026-09-25 12:28:14.456055+00:00,2026-09-25 12:28:14.457055+00:00,2026-09-25 12:28:14.458055+00:00,2026-09-25 12:28:14.459055+00:00,2026-09-25 12:28:14.460055+00:00,2026-09-25 12:28:14.461055+00:00,2026-09-25 12:28:14.461055+00:00,1.119452,0.8932942189571327,True,False,True,False,False,False,True,False,False,True,False,False,False,False,False,False
196,2026-09-25 10:59:10.171999+00:00,2026-09-25 12:28:15.656123+00:00,86.005,True,False,False,False,True,False,True,False,True,False,False,False,False,False,False,False,False,False,True,True,True,False,False,False,True,True,False,False,True,True,False,False,False,False,True,False,False,False,False,True,True,True,False,True,True,True,False,False,False,False,False,False,False,False,False,True,False,True,False,True,True,True,False,True,False,False,False,False,True,True,True,False,True,True,False,False,False,False,False,0,0,0,0,2026-09-25 12:28:15.570118+00:00,2026-09-25 12:28:15.571118+00:00,2026-09-25 12:28:15.572119+00:00,2026-09-25 12:28:15.573119+00:00,2026-09-25 12:28:15.575119+00:00,2026-09-25 12:28:15.576119+00:00,2026-09-25 12:28:15.577119+00:00,2026-09-25 12:28:15.578119+00:00,2026-09-25 12:28:15.579119+00:00,2026-09-25 12:28:15.580119+00:00,2026-09-25 12:28:15.581119+00:00,2026-09-25 12:28:15.582119+00:00,2026-09-25 12:28:15.583119+00:00,2026-09-25 12:28:15.584119+00:00,2026-09-25 12:28:15.585119+00:00,2026-09-25 12:28:15.586119+00:00,2026-09-25 12:28:15.587119+00:00,2026-09-25 12:28:15.588119+00:00,2026-09-25 12:28:15.589120+00:00,2026-09-25 12:28:15.590120+00:00,2026-09-25 12:28:15.591120+00:00,2026-09-25 12:28:15.592120+00:00,2026-09-25 12:28:15.593120+00:00,2026-09-25 12:28:15.594120+00:00,2026-09-25 12:28:15.595120+00:00,2026-09-25 12:28:15.596120+00:00,2026-09-25 12:28:15.597120+00:00,2026-09-25 12:28:15.598120+00:00,2026-09-25 12:28:15.599120+00:00,2026-09-25 12:28:15.600120+00:00,2026-09-25 12:28:15.612121+00:00,2026-09-25 12:28:15.602120+00:00,2026-09-25 12:28:15.603120+00:00,2026-09-25 12:28:15.604120+00:00,2026-09-25 12:28:15.605120+00:00,2026-09-25 12:28:15.606120+00:00,2026-09-25 12:28:15.607121+00:00,2026-09-25 12:28:15.608121+00:00,2026-09-25 12:28:15.609121+00:00,2026-09-25 12:28:15.610121+00:00,2026-09-25 12:28:15.611121+00:00,2026-09-25 12:28:15.601120+00:00,2026-09-25 12:28:15.613121+00:00,2026-09-25 12:28:15.627122+00:00,2026-09-25 12:28:15.616121+00:00,2026-09-25 12:28:15.617121+00:00,2026-09-25 12:28:15.630122+00:00,2026-09-25 12:28:15.619121+00:00,2026-09-25 12:28:15.621121+00:00,2026-09-25 12:28:15.622121+00:00,2026-09-25 12:28:15.623121+00:00,2026-09-25 12:28:15.624122+00:00,2026-09-25 12:28:15.625122+00:00,2026-09-25 12:28:15.626122+00:00,2026-09-25 12:28:15.615121+00:00,2026-09-25 12:28:15.628122+00:00,2026-09-25 12:28:15.629122+00:00,2026-09-25 12:28:15.631122+00:00,2026-09-25 12:28:15.632122+00:00,2026-09-25 12:28:15.633122+00:00,2026-09-25 12:28:15.634122+00:00,2026-09-25 12:28:15.646123+00:00,2026-09-25 12:28:15.636122+00:00,2026-09-25 12:28:15.637122+00:00,2026-09-25 12:28:15.638122+00:00,2026-09-25 12:28:15.639122+00:00,2026-09-25 12:28:15.640122+00:00,2026-09-25 12:28:15.641122+00:00,2026-09-25 12:28:15.642123+00:00,2026-09-25 12:28:15.643123+00:00,2026-09-25 12:28:15.644123+00:00,2026-09-25 12:28:15.645123+00:00,2026-09-25 12:28:15.635122+00:00,2026-09-25 12:28:15.647123+00:00,2026-09-25 12:28:15.648123+00:00,2026-09-25 12:28:15.649123+00:00,2026-09-25 12:28:15.650123+00:00,2026-09-25 12:28:15.651123+00:00,2026-09-25 12:28:15.652123+00:00,2026-09-25 12:28:15.653123+00:00,2026-09-25 12:28:15.654123+00:00,2026-09-25 12:28:15.655123+00:00,2026-09-25 12:28:15.656123+00:00,2026-09-25 12:28:15.656123+00:00,1.196299,0.8359114234819222,True,False,True,False,False,False,True,False,False,True,False,False,False,False,False,False
198,2026-09-25 10:59:10.885757+00:00,2026-09-25 12:28:16.371164+00:00,99.005,True,False,False,False,True,False,True,False,True,False,False,False,False,False,False,False,False,False,True,False,True,False,False,False,True,True,False,False,True,True,False,False,False,False,True,False,False,False,False,False,False,True,False,True,True,True,False,False,False,False,False,False,False,False,False,True,False,True,False,True,True,True,False,True,False,False,False,False,True,True,True,False,True,True,False,False,False,False,False,0,0,0,0,2026-09-25 12:28:16.272159+00:00,2026-09-25 12:28:16.278159+00:00,2026-09-25 12:28:16.279159+00:00,2026-09-25 12:28:16.292160+00:00,2026-09-25 12:28:16.282159+00:00,2026-09-25 12:28:16.283159+00:00,2026-09-25 12:28:16.284159+00:00,2026-09-25 12:28:16.285159+00:00,2026-09-25 12:28:16.286159+00:00,2026-09-25 12:28:16.287159+00:00,2026-09-25 12:28:16.288159+00:00,2026-09-25 12:28:16.289160+00:00,2026-09-25 12:28:16.290160+00:00,2026-09-25 12:28:16.303160+00:00,2026-09-25 12:28:16.281159+00:00,2026-09-25 12:28:16.305160+00:00,2026-09-25 12:28:16.295160+00:00,2026-09-25 12:28:16.296160+00:00,2026-09-25 12:28:16.297160+00:00,2026-09-25 12:28:16.298160+00:00,2026-09-25 12:28:16.299160+00:00,2026-09-25 12:28:16.300160+00:00,2026-09-25 12:28:16.301160+00:00,2026-09-25 12:28:16.302160+00:00,2026-09-25 12:28:16.291160+00:00,2026-09-25 12:28:16.304160+00:00,2026-09-25 12:28:16.294160+00:00,2026-09-25 12:28:16.321161+00:00,2026-09-25 12:28:16.309161+00:00,2026-09-25 12:28:16.311161+00:00,2026-09-25 12:28:16.312161+00:00,2026-09-25 12:28:16.313161+00:00,2026-09-25 12:28:16.315161+00:00,2026-09-25 12:28:16.316161+00:00,2026-09-25 12:28:16.329162+00:00,2026-09-25 12:28:16.318161+00:00,2026-09-25 12:28:16.319161+00:00,2026-09-25 12:28:16.320161+00:00,2026-09-25 12:28:16.307161+00:00,2026-09-25 12:28:16.322161+00:00,2026-09-25 12:28:16.323161+00:00,2026-09-25 12:28:16.336162+00:00,2026-09-25 12:28:16.326162+00:00,2026-09-25 12:28:16.327162+00:00,2026-09-25 12:28:16.328162+00:00,2026-09-25 12:28:16.330162+00:00,2026-09-25 12:28:16.331162+00:00,2026-09-25 12:28:16.332162+00:00,2026-09-25 12:28:16.333162+00:00,2026-09-25 12:28:16.334162+00:00,2026-09-25 12:28:16.335162+00:00,2026-09-25 12:28:16.325162+00:00,2026-09-25 12:28:16.337162+00:00,2026-09-25 12:28:16.339162+00:00,2026-09-25 12:28:16.340162+00:00,2026-09-25 12:28:16.341163+00:00,2026-09-25 12:28:16.342163+00:00,2026-09-25 12:28:16.343163+00:00,2026-09-25 12:28:16.344163+00:00,2026-09-25 12:28:16.345163+00:00,2026-09-25 12:28:16.346163+00:00,2026-09-25 12:28:16.347163+00:00,2026-09-25 12:28:16.348163+00:00,2026-09-25 12:28:16.349163+00:00,2026-09-25 12:28:16.350163+00:00,2026-09-25 12:28:16.351163+00:00,2026-09-25 12:28:16.352163+00:00,2026-09-25 12:28:16.354163+00:00,2026-09-25 12:28:16.355163+00:00,2026-09-25 12:28:16.356163+00:00,2026-09-25 12:28:16.357163+00:00,2026-09-25 12:28:16.358163+00:00,2026-09-25 12:28:16.359164+00:00,2026-09-25 12:28:16.360164+00:00,2026-09-25 12:28:16.361164+00:00,2026-09-25 12:28:16.362164+00:00,2026-09-25 12:28:16.363164+00:00,2026-09-25 12:28:16.364164+00:00,2026-09-25 12:28:16.365164+00:00,2026-09-25 12:28:16.367164+00:00,2026-09-25 12:28:16.368164+00:00,2026-09-25 12:28:16.370164+00:00,2026-09-25 12:28:16.371164+00:00,2026-09-25 12:28:16.371164+00:00,0.713758,1.4010350847205915,True,False,True,False,False,False,True,False,False,True,False,False,False,False,False,False
201,2026-09-25 10:59:12.188391+00:00,2026-09-25 12:28:17.673239+00:00,136.00799999999998,True,False,False,False,True,False,True,False,True,False,False,False,False,False,False,False,False,False,True,False,False,False,False,False,True,True,False,False,True,True,False,False,False,False,True,False,False,False,False,True,False,True,False,True,True,True,False,False,False,False,False,False,False,False,False,True,False,True,False,True,True,True,False,True,False,False,False,False,True,True,True,False,True,True,False,False,False,False,False,0,0,0,0,2026-09-25 12:28:17.537231+00:00,2026-09-25 12:28:17.547231+00:00,2026-09-25 12:28:17.549232+00:00,2026-09-25 12:28:17.551232+00:00,2026-09-25 12:28:17.553232+00:00,2026-09-25 12:28:17.555232+00:00,2026-09-25 12:28:17.557232+00:00,2026-09-25 12:28:17.559232+00:00,2026-09-25 12:28:17.561232+00:00,2026-09-25 12:28:17.585234+00:00,2026-09-25 12:28:17.565233+00:00,2026-09-25 12:28:17.589234+00:00,2026-09-25 12:28:17.569233+00:00,2026-09-25 12:28:17.571233+00:00,2026-09-25 12:28:17.573233+00:00,2026-09-25 12:28:17.575233+00:00,2026-09-25 12:28:17.577233+00:00,2026-09-25 12:28:17.579233+00:00,2026-09-25 12:28:17.581233+00:00,2026-09-25 12:28:17.583234+00:00,2026-09-25 12:28:17.563232+00:00,2026-09-25 12:28:17.587234+00:00,2026-09-25 12:28:17.591234+00:00,2026-09-25 12:28:17.593234+00:00,2026-09-25 12:28:17.615235+00:00,2026-09-25 12:28:17.597234+00:00,2026-09-25 12:28:17.599234+00:00,2026-09-25 12:28:17.621236+00:00,2026-09-25 12:28:17.622236+00:00,2026-09-25 12:28:17.605235+00:00,2026-09-25 12:28:17.607235+00:00,2026-09-25 12:28:17.609235+00:00,2026-09-25 12:28:17.610235+00:00,2026-09-25 12:28:17.612235+00:00,2026-09-25 12:28:17.613235+00:00,2026-09-25 12:28:17.595234+00:00,2026-09-25 12:28:17.631236+00:00,2026-09-25 12:28:17.619236+00:00,2026-09-25 12:28:17.601235+00:00,2026-09-25 12:28:17.603235+00:00,2026-09-25 12:28:17.623236+00:00,2026-09-25 12:28:17.625236+00:00,2026-09-25 12:28:17.626236+00:00,2026-09-25 12:28:17.627236+00:00,2026-09-25 12:28:17.628236+00:00,2026-09-25 12:28:17.629236+00:00,2026-09-25 12:28:17.630236+00:00,2026-09-25 12:28:17.645237+00:00,2026-09-25 12:28:17.634236+00:00,2026-09-25 12:28:17.635237+00:00,2026-09-25 12:28:17.636237+00:00,2026-09-25 12:28:17.637237+00:00,2026-09-25 12:28:17.638237+00:00,2026-09-25 12:28:17.639237+00:00,2026-09-25 12:28:17.641237+00:00,2026-09-25 12:28:17.642237+00:00,2026-09-25 12:28:17.643237+00:00,2026-09-25 12:28:17.644237+00:00,2026-09-25 12:28:17.633236+00:00,2026-09-25 12:28:17.647237+00:00,2026-09-25 12:28:17.648237+00:00,2026-09-25 12:28:17.649237+00:00,2026-09-25 12:28:17.650237+00:00,2026-09-25 12:28:17.651237+00:00,2026-09-25 12:28:17.652238+00:00,2026-09-25 12:28:17.654238+00:00,2026-09-25 12:28:17.656238+00:00,2026-09-25 12:28:17.657238+00:00,2026-09-25 12:28:17.658238+00:00,2026-09-25 12:28:17.659238+00:00,2026-09-25 12:28:17.660238+00:00,2026-09-25 12:28:17.661238+00:00,2026-09-25 12:28:17.662238+00:00,2026-09-25 12:28:17.663238+00:00,2026-09-25 12:28:17.664238+00:00,2026-09-25 12:28:17.665238+00:00,2026-09-25 12:28:17.673239+00:00,2026-09-25 12:28:17.667238+00:00,2026-09-25 12:28:17.668238+00:00,2026-09-25 12:28:17.669238+00:00,2026-09-25 12:28:17.670239+00:00,2026-09-25 12:28:17.671239+00:00,2026-09-25 12:28:17.672239+00:00,2026-09-25 12:28:17.673239+00:00,1.302634,0.7676753408862351,True,False,False,False,False,False,True,False,False,True,False,False,False,False,False,False
203,2026-09-25 10:59:12.985158+00:00,2026-09-25 12:28:18.363278+00:00,90.005,False,False,False,False,True,False,True,False,False,True,False,False,False,False,False,False,False,False,False,False,False,False,False,False,True,True,False,False,True,True,False,False,False,False,True,False,False,False,False,False,True,True,False,True,True,True,False,False,False,False,False,False,False,False,False,True,False,True,False,True,True,True,False,True,False,False,False,False,True,True,True,False,True,True,False,False,False,False,False,0,0,0,0,2026-09-25 12:28:18.273273+00:00,2026-09-25 12:28:18.280273+00:00,2026-09-25 12:28:18.291274+00:00,2026-09-25 12:28:18.282274+00:00,2026-09-25 12:28:18.283274+00:00,2026-09-25 12:28:18.284274+00:00,2026-09-25 12:28:18.285274+00:00,2026-09-25 12:28:18.286274+00:00,2026-09-25 12:28:18.287274+00:00,2026-09-25 12:28:18.288274+00:00,2026-09-25 12:28:18.289274+00:00,2026-09-25 12:28:18.281273+00:00,2026-09-25 12:28:18.290274+00:00,2026-09-25 12:28:18.292274+00:00,2026-09-25 12:28:18.304275+00:00,2026-09-25 12:28:18.294274+00:00,2026-09-25 12:28:18.295274+00:00,2026-09-25 12:28:18.296274+00:00,2026-09-25 12:28:18.297274+00:00,2026-09-25 12:28:18.298274+00:00,2026-09-25 12:28:18.299275+00:00,2026-09-25 12:28:18.300275+00:00,2026-09-25 12:28:18.301275+00:00,2026-09-25 12:28:18.302275+00:00,2026-09-25 12:28:18.303275+00:00,2026-09-25 12:28:18.293274+00:00,2026-09-25 12:28:18.305275+00:00,2026-09-25 12:28:18.306275+00:00,2026-09-25 12:28:18.307275+00:00,2026-09-25 12:28:18.308275+00:00,2026-09-25 12:28:18.309275+00:00,2026-09-25 12:28:18.310275+00:00,2026-09-25 12:28:18.311275+00:00,2026-09-25 12:28:18.312275+00:00,2026-09-25 12:28:18.313275+00:00,2026-09-25 12:28:18.314275+00:00,2026-09-25 12:28:18.315275+00:00,2026-09-25 12:28:18.327276+00:00,2026-09-25 12:28:18.317276+00:00,2026-09-25 12:28:18.318276+00:00,2026-09-25 12:28:18.330276+00:00,2026-09-25 12:28:18.320276+00:00,2026-09-25 12:28:18.321276+00:00,2026-09-25 12:28:18.322276+00:00,2026-09-25 12:28:18.323276+00:00,2026-09-25 12:28:18.324276+00:00,2026-09-25 12:28:18.325276+00:00,2026-09-25 12:28:18.338277+00:00,2026-09-25 12:28:18.328276+00:00,2026-09-25 12:28:18.329276+00:00,2026-09-25 12:28:18.319276+00:00,2026-09-25 12:28:18.331276+00:00,2026-09-25 12:28:18.332276+00:00,2026-09-25 12:28:18.333276+00:00,2026-09-25 12:28:18.335277+00:00,2026-09-25 12:28:18.347277+00:00,2026-09-25 12:28:18.337277+00:00,2026-09-25 12:28:18.326276+00:00,2026-09-25 12:28:18.339277+00:00,2026-09-25 12:28:18.340277+00:00,2026-09-25 12:28:18.341277+00:00,2026-09-25 12:28:18.342277+00:00,2026-09-25 12:28:18.343277+00:00,2026-09-25 12:28:18.344277+00:00,2026-09-25 12:28:18.345277+00:00,2026-09-25 12:28:18.346277+00:00,2026-09-25 12:28:18.336277+00:00,2026-09-25 12:28:18.348277+00:00,2026-09-25 12:28:18.349277+00:00,2026-09-25 12:28:18.350277+00:00,2026-09-25 12:28:18.351277+00:00,2026-09-25 12:28:18.352278+00:00,2026-09-25 12:28:18.353278+00:00,2026-09-25 12:28:18.354278+00:00,2026-09-25 12:28:18.355278+00:00,2026-09-25 12:28:18.356278+00:00,2026-09-25 12:28:18.357278+00:00,2026-09-25 12:28:18.358278+00:00,2026-09-25 12:28:18.359278+00:00,2026-09-25 12:28:18.360278+00:00,2026-09-25 12:28:18.361278+00:00,2026-09-25 12:28:18.362278+00:00,2026-09-25 12:28:18.363278+00:00,2026-09-25 12:28:18.363278+00:00,0.796767,1.2550720599623226,True,False,True,False,False,True,True,False,False,True,False,False,False,False,False,False
206,2026-09-25 10:59:14.062225+00:00,2026-09-25 12:28:19.547346+00:00,91.005,False,False,False,True,True,False,True,False,True,False,False,False,True,False,False,False,False,False,False,False,False,False,False,False,True,True,False,False,True,True,False,False,False,False,True,False,False,False,False,True,True,True,False,True,True,True,False,False,False,False,False,False,False,False,False,True,False,True,False,True,True,True,False,True,False,False,False,False,True,True,True,False,True,True,False,False,False,False,False,0,0,0,0,2026-09-25 12:28:19.456341+00:00,2026-09-25 12:28:19.464341+00:00,2026-09-25 12:28:19.465341+00:00,2026-09-25 12:28:19.466341+00:00,2026-09-25 12:28:19.467341+00:00,2026-09-25 12:28:19.491343+00:00,2026-09-25 12:28:19.469341+00:00,2026-09-25 12:28:19.470341+00:00,2026-09-25 12:28:19.471342+00:00,2026-09-25 12:28:19.472342+00:00,2026-09-25 12:28:19.473342+00:00,2026-09-25 12:28:19.474342+00:00,2026-09-25 12:28:19.475342+00:00,2026-09-25 12:28:19.477342+00:00,2026-09-25 12:28:19.478342+00:00,2026-09-25 12:28:19.479342+00:00,2026-09-25 12:28:19.468341+00:00,2026-09-25 12:28:19.481342+00:00,2026-09-25 12:28:19.482342+00:00,2026-09-25 12:28:19.483342+00:00,2026-09-25 12:28:19.484342+00:00,2026-09-25 12:28:19.485342+00:00,2026-09-25 12:28:19.486342+00:00,2026-09-25 12:28:19.487342+00:00,2026-09-25 12:28:19.488343+00:00,2026-09-25 12:28:19.489343+00:00,2026-09-25 12:28:19.490343+00:00,2026-09-25 12:28:19.480342+00:00,2026-09-25 12:28:19.492343+00:00,2026-09-25 12:28:19.493343+00:00,2026-09-25 12:28:19.494343+00:00,2026-09-25 12:28:19.495343+00:00,2026-09-25 12:28:19.496343+00:00,2026-09-25 12:28:19.497343+00:00,2026-09-25 12:28:19.498343+00:00,2026-09-25 12:28:19.499343+00:00,2026-09-25 12:28:19.500343+00:00,2026-09-25 12:28:19.501343+00:00,2026-09-25 12:28:19.502343+00:00,2026-09-25 12:28:19.503343+00:00,2026-09-25 12:28:19.504343+00:00,2026-09-25 12:28:19.505343+00:00,2026-09-25 12:28:19.517344+00:00,2026-09-25 12:28:19.518344+00:00,2026-09-25 12:28:19.508344+00:00,2026-09-25 12:28:19.509344+00:00,2026-09-25 12:28:19.510344+00:00,2026-09-25 12:28:19.511344+00:00,2026-09-25 12:28:19.512344+00:00,2026-09-25 12:28:19.513344+00:00,2026-09-25 12:28:19.514344+00:00,2026-09-25 12:28:19.526345+00:00,2026-09-25 12:28:19.516344+00:00,2026-09-25 12:28:19.506344+00:00,2026-09-25 12:28:19.507344+00:00,2026-09-25 12:28:19.519344+00:00,2026-09-25 12:28:19.531345+00:00,2026-09-25 12:28:19.521344+00:00,2026-09-25 12:28:19.522344+00:00,2026-09-25 12:28:19.523345+00:00,2026-09-25 12:28:19.524345+00:00,2026-09-25 12:28:19.525345+00:00,2026-09-25 12:28:19.527345+00:00,2026-09-25 12:28:19.528345+00:00,2026-09-25 12:28:19.529345+00:00,2026-09-25 12:28:19.530345+00:00,2026-09-25 12:28:19.520344+00:00,2026-09-25 12:28:19.532345+00:00,2026-09-25 12:28:19.533345+00:00,2026-09-25 12:28:19.534345+00:00,2026-09-25 12:28:19.535345+00:00,2026-09-25 12:28:19.536345+00:00,2026-09-25 12:28:19.537345+00:00,2026-09-25 12:28:19.538345+00:00,2026-09-25 12:28:19.539345+00:00,2026-09-25 12:28:19.540345+00:00,2026-09-25 12:28:19.541346+00:00,2026-09-25 12:28:19.542346+00:00,2026-09-25 12:28:19.543346+00:00,2026-09-25 12:28:19.544346+00:00,2026-09-25 12:28:19.545346+00:00,2026-09-25 12:28:19.546346+00:00,2026-09-25 12:28:19.547346+00:00,2026-09-25 12:28:19.547346+00:00,1.077067,0.9284473482151064,True,False,True,False,False,False,True,False,False,True,False,False,False,False,False,False
208,2026-09-25 10:59:14.827153+00:00,2026-09-25 12:28:20.251386+00:00,90.005,False,False,False,True,True,False,True,False,True,False,False,False,True,False,False,False,False,False,False,False,False,False,False,False,True,True,False,False,True,True,False,False,False,False,True,False,False,False,False,False,False,True,False,True,True,True,False,False,False,False,False,False,False,False,False,True,False,True,False,True,True,True,False,True,False,False,False,False,True,True,True,False,True,True,False,False,False,False,False,0,0,0,0,2026-09-25 12:28:20.161381+00:00,2026-09-25 12:28:20.169381+00:00,2026-09-25 12:28:20.170382+00:00,2026-09-25 12:28:20.171382+00:00,2026-09-25 12:28:20.172382+00:00,2026-09-25 12:28:20.173382+00:00,2026-09-25 12:28:20.174382+00:00,2026-09-25 12:28:20.186382+00:00,2026-09-25 12:28:20.176382+00:00,2026-09-25 12:28:20.177382+00:00,2026-09-25 12:28:20.178382+00:00,2026-09-25 12:28:20.179382+00:00,2026-09-25 12:28:20.180382+00:00,2026-09-25 12:28:20.181382+00:00,2026-09-25 12:28:20.182382+00:00,2026-09-25 12:28:20.183382+00:00,2026-09-25 12:28:20.184382+00:00,2026-09-25 12:28:20.185382+00:00,2026-09-25 12:28:20.175382+00:00,2026-09-25 12:28:20.187383+00:00,2026-09-25 12:28:20.188383+00:00,2026-09-25 12:28:20.189383+00:00,2026-09-25 12:28:20.190383+00:00,2026-09-25 12:28:20.191383+00:00,2026-09-25 12:28:20.192383+00:00,2026-09-25 12:28:20.193383+00:00,2026-09-25 12:28:20.194383+00:00,2026-09-25 12:28:20.195383+00:00,2026-09-25 12:28:20.196383+00:00,2026-09-25 12:28:20.197383+00:00,2026-09-25 12:28:20.198383+00:00,2026-09-25 12:28:20.199383+00:00,2026-09-25 12:28:20.200383+00:00,2026-09-25 12:28:20.201383+00:00,2026-09-25 12:28:20.202383+00:00,2026-09-25 12:28:20.203383+00:00,2026-09-25 12:28:20.204383+00:00,2026-09-25 12:28:20.205384+00:00,2026-09-25 12:28:20.206384+00:00,2026-09-25 12:28:20.207384+00:00,2026-09-25 12:28:20.208384+00:00,2026-09-25 12:28:20.209384+00:00,2026-09-25 12:28:20.210384+00:00,2026-09-25 12:28:20.211384+00:00,2026-09-25 12:28:20.212384+00:00,2026-09-25 12:28:20.213384+00:00,2026-09-25 12:28:20.225385+00:00,2026-09-25 12:28:20.215384+00:00,2026-09-25 12:28:20.227385+00:00,2026-09-25 12:28:20.217384+00:00,2026-09-25 12:28:20.218384+00:00,2026-09-25 12:28:20.219384+00:00,2026-09-25 12:28:20.220384+00:00,2026-09-25 12:28:20.221384+00:00,2026-09-25 12:28:20.222385+00:00,2026-09-25 12:28:20.234385+00:00,2026-09-25 12:28:20.224385+00:00,2026-09-25 12:28:20.226385+00:00,2026-09-25 12:28:20.216384+00:00,2026-09-25 12:28:20.239385+00:00,2026-09-25 12:28:20.229385+00:00,2026-09-25 12:28:20.230385+00:00,2026-09-25 12:28:20.231385+00:00,2026-09-25 12:28:20.232385+00:00,2026-09-25 12:28:20.233385+00:00,2026-09-25 12:28:20.223385+00:00,2026-09-25 12:28:20.235385+00:00,2026-09-25 12:28:20.236385+00:00,2026-09-25 12:28:20.248386+00:00,2026-09-25 12:28:20.238385+00:00,2026-09-25 12:28:20.228385+00:00,2026-09-25 12:28:20.240386+00:00,2026-09-25 12:28:20.241386+00:00,2026-09-25 12:28:20.242386+00:00,2026-09-25 12:28:20.243386+00:00,2026-09-25 12:28:20.244386+00:00,2026-09-25 12:28:20.245386+00:00,2026-09-25 12:28:20.246386+00:00,2026-09-25 12:28:20.247386+00:00,2026-09-25 12:28:20.237385+00:00,2026-09-25 12:28:20.249386+00:00,2026-09-25 12:28:20.250386+00:00,2026-09-25 12:28:20.251386+00:00,2026-09-25 12:28:20.251386+00:00,0.764928,1.3073125836680053,True,False,True,False,False,False,True,False,False,True,False,False,False,False,False,False
211,2026-09-25 10:59:15.932814+00:00,2026-09-25 12:28:21.416453+00:00,100.006,False,True,False,False,True,False,True,False,True,False,False,False,False,False,False,False,False,False,True,False,False,False,True,False,True,True,False,False,True,True,False,False,False,False,True,False,False,False,False,False,False,True,False,True,True,True,False,False,False,False,False,False,False,False,False,True,False,True,False,True,True,True,False,True,False,False,False,False,True,True,True,False,True,True,False,False,False,False,False,0,0,0,0,2026-09-25 12:28:21.316447+00:00,2026-09-25 12:28:21.332448+00:00,2026-09-25 12:28:21.344449+00:00,2026-09-25 12:28:21.334448+00:00,2026-09-25 12:28:21.335448+00:00,2026-09-25 12:28:21.336448+00:00,2026-09-25 12:28:21.337448+00:00,2026-09-25 12:28:21.338448+00:00,2026-09-25 12:28:21.339448+00:00,2026-09-25 12:28:21.340448+00:00,2026-09-25 12:28:21.341449+00:00,2026-09-25 12:28:21.333448+00:00,2026-09-25 12:28:21.342449+00:00,2026-09-25 12:28:21.343449+00:00,2026-09-25 12:28:21.356449+00:00,2026-09-25 12:28:21.357449+00:00,2026-09-25 12:28:21.358449+00:00,2026-09-25 12:28:21.348449+00:00,2026-09-25 12:28:21.349449+00:00,2026-09-25 12:28:21.350449+00:00,2026-09-25 12:28:21.351449+00:00,2026-09-25 12:28:21.352449+00:00,2026-09-25 12:28:21.353449+00:00,2026-09-25 12:28:21.354449+00:00,2026-09-25 12:28:21.355449+00:00,2026-09-25 12:28:21.345449+00:00,2026-09-25 12:28:21.346449+00:00,2026-09-25 12:28:21.347449+00:00,2026-09-25 12:28:21.359450+00:00,2026-09-25 12:28:21.360450+00:00,2026-09-25 12:28:21.361450+00:00,2026-09-25 12:28:21.362450+00:00,2026-09-25 12:28:21.363450+00:00,2026-09-25 12:28:21.364450+00:00,2026-09-25 12:28:21.365450+00:00,2026-09-25 12:28:21.366450+00:00,2026-09-25 12:28:21.367450+00:00,2026-09-25 12:28:21.368450+00:00,2026-09-25 12:28:21.369450+00:00,2026-09-25 12:28:21.370450+00:00,2026-09-25 12:28:21.371450+00:00,2026-09-25 12:28:21.372450+00:00,2026-09-25 12:28:21.373450+00:00,2026-09-25 12:28:21.374450+00:00,2026-09-25 12:28:21.377451+00:00,2026-09-25 12:28:21.378451+00:00,2026-09-25 12:28:21.379451+00:00,2026-09-25 12:28:21.380451+00:00,2026-09-25 12:28:21.381451+00:00,2026-09-25 12:28:21.382451+00:00,2026-09-25 12:28:21.383451+00:00,2026-09-25 12:28:21.384451+00:00,2026-09-25 12:28:21.385451+00:00,2026-09-25 12:28:21.386451+00:00,2026-09-25 12:28:21.387451+00:00,2026-09-25 12:28:21.388451+00:00,2026-09-25 12:28:21.389451+00:00,2026-09-25 12:28:21.390451+00:00,2026-09-25 12:28:21.391451+00:00,2026-09-25 12:28:21.392451+00:00,2026-09-25 12:28:21.393451+00:00,2026-09-25 12:28:21.394452+00:00,2026-09-25 12:28:21.395452+00:00,2026-09-25 12:28:21.396452+00:00,2026-09-25 12:28:21.408452+00:00,2026-09-25 12:28:21.398452+00:00,2026-09-25 12:28:21.399452+00:00,2026-09-25 12:28:21.400452+00:00,2026-09-25 12:28:21.401452+00:00,2026-09-25 12:28:21.402452+00:00,2026-09-25 12:28:21.403452+00:00,2026-09-25 12:28:21.404452+00:00,2026-09-25 12:28:21.405452+00:00,2026-09-25 12:28:21.406452+00:00,2026-09-25 12:28:21.407452+00:00,2026-09-25 12:28:21.397452+00:00,2026-09-25 12:28:21.409452+00:00,2026-09-25 12:28:21.410452+00:00,2026-09-25 12:28:21.411453+00:00,2026-09-25 12:28:21.412453+00:00,2026-09-25 12:28:21.413453+00:00,2026-09-25 12:28:21.416453+00:00,2026-09-25 12:28:21.415453+00:00,2026-09-25 12:28:21.416453+00:00,1.105661,0.9044363507440346,True,False,True,False,False,False,True,False,False,True,False,False,False,False,False,False
214,2026-09-25 10:59:17.062820+00:00,2026-09-25 12:28:22.490514+00:00,110.006,False,True,False,False,True,False,True,False,True,False,False,True,False,False,False,False,False,False,True,False,False,False,False,False,True,True,False,False,True,True,False,False,False,False,True,False,False,False,False,False,False,True,False,True,True,True,False,False,False,False,False,False,False,False,False,True,False,True,False,True,True,True,False,True,False,False,False,False,True,True,True,False,True,True,True,False,False,False,False,1,0,0,0,2026-09-25 12:28:22.380508+00:00,2026-09-25 12:28:22.407509+00:00,2026-09-25 12:28:22.408510+00:00,2026-09-25 12:28:22.409510+00:00,2026-09-25 12:28:22.410510+00:00,2026-09-25 12:28:22.411510+00:00,2026-09-25 12:28:22.412510+00:00,2026-09-25 12:28:22.424510+00:00,2026-09-25 12:28:22.414510+00:00,2026-09-25 12:28:22.415510+00:00,2026-09-25 12:28:22.416510+00:00,2026-09-25 12:28:22.417510+00:00,2026-09-25 12:28:22.418510+00:00,2026-09-25 12:28:22.419510+00:00,2026-09-25 12:28:22.420510+00:00,2026-09-25 12:28:22.421510+00:00,2026-09-25 12:28:22.422510+00:00,2026-09-25 12:28:22.423510+00:00,2026-09-25 12:28:22.425511+00:00,2026-09-25 12:28:22.426511+00:00,2026-09-25 12:28:22.427511+00:00,2026-09-25 12:28:22.428511+00:00,2026-09-25 12:28:22.429511+00:00,2026-09-25 12:28:22.430511+00:00,2026-09-25 12:28:22.431511+00:00,2026-09-25 12:28:22.432511+00:00,2026-09-25 12:28:22.433511+00:00,2026-09-25 12:28:22.434511+00:00,2026-09-25 12:28:22.435511+00:00,2026-09-25 12:28:22.436511+00:00,2026-09-25 12:28:22.437511+00:00,2026-09-25 12:28:22.438511+00:00,2026-09-25 12:28:22.439511+00:00,2026-09-25 12:28:22.440511+00:00,2026-09-25 12:28:22.441511+00:00,2026-09-25 12:28:22.442511+00:00,2026-09-25 12:28:22.443512+00:00,2026-09-25 12:28:22.444512+00:00,2026-09-25 12:28:22.445512+00:00,2026-09-25 12:28:22.446512+00:00,2026-09-25 12:28:22.447512+00:00,2026-09-25 12:28:22.448512+00:00,2026-09-25 12:28:22.449512+00:00,2026-09-25 12:28:22.450512+00:00,2026-09-25 12:28:22.451512+00:00,2026-09-25 12:28:22.452512+00:00,2026-09-25 12:28:22.453512+00:00,2026-09-25 12:28:22.454512+00:00,2026-09-25 12:28:22.455512+00:00,2026-09-25 12:28:22.456512+00:00,2026-09-25 12:28:22.457512+00:00,2026-09-25 12:28:22.458512+00:00,2026-09-25 12:28:22.459512+00:00,2026-09-25 12:28:22.460513+00:00,2026-09-25 12:28:22.461513+00:00,2026-09-25 12:28:22.462513+00:00,2026-09-25 12:28:22.475513+00:00,2026-09-25 12:28:22.464513+00:00,2026-09-25 12:28:22.465513+00:00,2026-09-25 12:28:22.466513+00:00,2026-09-25 12:28:22.467513+00:00,2026-09-25 12:28:22.468513+00:00,2026-09-25 12:28:22.469513+00:00,2026-09-25 12:28:22.470513+00:00,2026-09-25 12:28:22.483514+00:00,2026-09-25 12:28:22.472513+00:00,2026-09-25 12:28:22.473513+00:00,2026-09-25 12:28:22.463513+00:00,2026-09-25 12:28:22.476513+00:00,2026-09-25 12:28:22.477513+00:00,2026-09-25 12:28:22.478514+00:00,2026-09-25 12:28:22.479514+00:00,2026-09-25 12:28:22.480514+00:00,2026-09-25 12:28:22.481514+00:00,2026-09-25 12:28:22.482514+00:00,2026-09-25 12:28:22.471513+00:00,2026-09-25 12:28:22.484514+00:00,2026-09-25 12:28:22.485514+00:00,2026-09-25 12:28:22.486514+00:00,2026-09-25 12:28:22.487514+00:00,2026-09-25 12:28:22.488514+00:00,2026-09-25 12:28:22.489514+00:00,2026-09-25 12:28:22.490514+00:00,2026-09-25 12:28:22.490514+00:00,1.130006,0.8849510533572388,True,False,True,False,True,False,True,False,False,True,False,False,False,False,False,False
218,2026-09-25 10:59:18.635710+00:00,2026-09-25 12:28:24.119607+00:00,89.005,False,True,False,False,True,False,True,False,True,False,True,False,False,False,False,False,False,False,False,False,False,False,False,True,True,True,False,False,True,True,False,False,False,False,False,False,False,True,False,False,True,True,False,True,False,False,False,False,False,True,False,True,False,False,False,True,True,True,True,False,True,True,False,True,False,False,False,False,False,False,True,False,True,True,True,False,False,False,False,0,32,0,32,2026-09-25 12:28:24.030602+00:00,2026-09-25 12:28:24.037603+00:00,2026-09-25 12:28:24.038603+00:00,2026-09-25 12:28:24.039603+00:00,2026-09-25 12:28:24.040603+00:00,2026-09-25 12:28:24.041603+00:00,2026-09-25 12:28:24.042603+00:00,2026-09-25 12:28:24.043603+00:00,2026-09-25 12:28:24.044603+00:00,2026-09-25 12:28:24.045603+00:00,2026-09-25 12:28:24.046603+00:00,2026-09-25 12:28:24.047603+00:00,2026-09-25 12:28:24.048603+00:00,2026-09-25 12:28:24.049603+00:00,2026-09-25 12:28:24.050603+00:00,2026-09-25 12:28:24.051604+00:00,2026-09-25 12:28:24.052604+00:00,2026-09-25 12:28:24.053604+00:00,2026-09-25 12:28:24.054604+00:00,2026-09-25 12:28:24.055604+00:00,2026-09-25 12:28:24.056604+00:00,2026-09-25 12:28:24.057604+00:00,2026-09-25 12:28:24.058604+00:00,2026-09-25 12:28:24.059604+00:00,2026-09-25 12:28:24.060604+00:00,2026-09-25 12:28:24.061604+00:00,2026-09-25 12:28:24.073605+00:00,2026-09-25 12:28:24.063604+00:00,2026-09-25 12:28:24.064604+00:00,2026-09-25 12:28:24.065604+00:00,2026-09-25 12:28:24.066604+00:00,2026-09-25 12:28:24.067604+00:00,2026-09-25 12:28:24.068605+00:00,2026-09-25 12:28:24.069605+00:00,2026-09-25 12:28:24.070605+00:00,2026-09-25 12:28:24.071605+00:00,2026-09-25 12:28:24.072605+00:00,2026-09-25 12:28:24.074605+00:00,2026-09-25 12:28:24.086606+00:00,2026-09-25 12:28:24.087606+00:00,2026-09-25 12:28:24.077605+00:00,2026-09-25 12:28:24.078605+00:00,2026-09-25 12:28:24.079605+00:00,2026-09-25 12:28:24.080605+00:00,2026-09-25 12:28:24.081605+00:00,2026-09-25 12:28:24.082605+00:00,2026-09-25 12:28:24.083605+00:00,2026-09-25 12:28:24.084605+00:00,2026-09-25 12:28:24.085605+00:00,2026-09-25 12:28:24.075605+00:00,2026-09-25 12:28:24.076605+00:00,2026-09-25 12:28:24.088606+00:00,2026-09-25 12:28:24.089606+00:00,2026-09-25 12:28:24.101606+00:00,2026-09-25 12:28:24.091606+00:00,2026-09-25 12:28:24.092606+00:00,2026-09-25 12:28:24.093606+00:00,2026-09-25 12:28:24.094606+00:00,2026-09-25 12:28:24.095606+00:00,2026-09-25 12:28:24.096606+00:00,2026-09-25 12:28:24.097606+00:00,2026-09-25 12:28:24.098606+00:00,2026-09-25 12:28:24.099606+00:00,2026-09-25 12:28:24.100606+00:00,2026-09-25 12:28:24.090606+00:00,2026-09-25 12:28:24.102606+00:00,2026-09-25 12:28:24.103607+00:00,2026-09-25 12:28:24.104607+00:00,2026-09-25 12:28:24.105607+00:00,2026-09-25 12:28:24.106607+00:00,2026-09-25 12:28:24.107607+00:00,2026-09-25 12:28:24.108607+00:00,2026-09-25 12:28:24.109607+00:00,2026-09-25 12:28:24.110607+00:00,2026-09-25 12:28:24.111607+00:00,2026-09-25 12:28:24.112607+00:00,2026-09-25 12:28:24.113607+00:00,2026-09-25 12:28:24.114607+00:00,2026-09-25 12:28:24.115607+00:00,2026-09-25 12:28:24.116607+00:00,2026-09-25 12:28:24.117607+00:00,2026-09-25 12:28:24.118607+00:00,2026-09-25 12:28:24.119607+00:00,2026-09-25 12:28:24.119607+00:00,1.57289,0.6357723680613394,True,True,True,False,True,False,True,True,False,True,False,False,False,False,False,False
219,2026-09-25 10:59:19.005964+00:00,2026-09-25 12:28:24.467627+00:00,91.005,False,False,False,False,True,False,True,False,True,False,True,False,False,False,False,False,False,False,False,False,False,False,False,True,True,True,False,False,False,True,False,False,False,False,False,False,False,True,False,False,True,True,False,True,False,False,False,False,False,True,False,True,False,False,False,True,False,False,False,True,True,True,False,True,False,False,False,False,False,False,True,False,True,True,True,False,False,False,False,0,104,0,101,2026-09-25 12:28:24.376622+00:00,2026-09-25 12:28:24.381622+00:00,2026-09-25 12:28:24.382622+00:00,2026-09-25 12:28:24.383623+00:00,2026-09-25 12:28:24.384623+00:00,2026-09-25 12:28:24.385623+00:00,2026-09-25 12:28:24.386623+00:00,2026-09-25 12:28:24.387623+00:00,2026-09-25 12:28:24.400623+00:00,2026-09-25 12:28:24.401624+00:00,2026-09-25 12:28:24.391623+00:00,2026-09-25 12:28:24.392623+00:00,2026-09-25 12:28:24.393623+00:00,2026-09-25 12:28:24.394623+00:00,2026-09-25 12:28:24.395623+00:00,2026-09-25 12:28:24.396623+00:00,2026-09-25 12:28:24.397623+00:00,2026-09-25 12:28:24.398623+00:00,2026-09-25 12:28:24.399623+00:00,2026-09-25 12:28:24.389623+00:00,2026-09-25 12:28:24.390623+00:00,2026-09-25 12:28:24.402624+00:00,2026-09-25 12:28:24.403624+00:00,2026-09-25 12:28:24.404624+00:00,2026-09-25 12:28:24.405624+00:00,2026-09-25 12:28:24.406624+00:00,2026-09-25 12:28:24.407624+00:00,2026-09-25 12:28:24.408624+00:00,2026-09-25 12:28:24.409624+00:00,2026-09-25 12:28:24.410624+00:00,2026-09-25 12:28:24.424625+00:00,2026-09-25 12:28:24.412624+00:00,2026-09-25 12:28:24.426625+00:00,2026-09-25 12:28:24.414624+00:00,2026-09-25 12:28:24.415624+00:00,2026-09-25 12:28:24.416624+00:00,2026-09-25 12:28:24.430625+00:00,2026-09-25 12:28:24.431625+00:00,2026-09-25 12:28:24.432625+00:00,2026-09-25 12:28:24.422625+00:00,2026-09-25 12:28:24.423625+00:00,2026-09-25 12:28:24.425625+00:00,2026-09-25 12:28:24.413624+00:00,2026-09-25 12:28:24.427625+00:00,2026-09-25 12:28:24.428625+00:00,2026-09-25 12:28:24.429625+00:00,2026-09-25 12:28:24.417624+00:00,2026-09-25 12:28:24.419625+00:00,2026-09-25 12:28:24.421625+00:00,2026-09-25 12:28:24.433625+00:00,2026-09-25 12:28:24.445626+00:00,2026-09-25 12:28:24.435625+00:00,2026-09-25 12:28:24.436626+00:00,2026-09-25 12:28:24.437626+00:00,2026-09-25 12:28:24.438626+00:00,2026-09-25 12:28:24.439626+00:00,2026-09-25 12:28:24.440626+00:00,2026-09-25 12:28:24.441626+00:00,2026-09-25 12:28:24.442626+00:00,2026-09-25 12:28:24.443626+00:00,2026-09-25 12:28:24.444626+00:00,2026-09-25 12:28:24.434625+00:00,2026-09-25 12:28:24.446626+00:00,2026-09-25 12:28:24.447626+00:00,2026-09-25 12:28:24.448626+00:00,2026-09-25 12:28:24.460627+00:00,2026-09-25 12:28:24.450626+00:00,2026-09-25 12:28:24.451626+00:00,2026-09-25 12:28:24.452626+00:00,2026-09-25 12:28:24.453627+00:00,2026-09-25 12:28:24.454627+00:00,2026-09-25 12:28:24.455627+00:00,2026-09-25 12:28:24.456627+00:00,2026-09-25 12:28:24.457627+00:00,2026-09-25 12:28:24.458627+00:00,2026-09-25 12:28:24.459627+00:00,2026-09-25 12:28:24.449626+00:00,2026-09-25 12:28:24.467627+00:00,2026-09-25 12:28:24.462627+00:00,2026-09-25 12:28:24.463627+00:00,2026-09-25 12:28:24.464627+00:00,2026-09-25 12:28:24.465627+00:00,2026-09-25 12:28:24.466627+00:00,2026-09-25 12:28:24.467627+00:00,0.370254,2.7008486066322037,True,True,True,False,True,False,True,True,False,True,False,False,False,False,False,False
222,2026-09-25 10:59:20.088972+00:00,2026-09-25 12:28:25.573691+00:00,92.006,False,False,False,False,True,False,True,False,True,False,True,False,False,False,False,False,False,False,False,False,False,False,False,True,True,True,False,False,False,True,False,False,False,False,False,False,False,True,False,False,True,True,False,True,False,False,False,False,False,False,False,True,False,False,False,True,False,False,False,False,True,True,False,True,False,False,False,False,True,True,True,False,True,True,True,False,False,False,False,0,175,0,320,2026-09-25 12:28:25.481685+00:00,2026-09-25 12:28:25.487686+00:00,2026-09-25 12:28:25.488686+00:00,2026-09-25 12:28:25.490686+00:00,2026-09-25 12:28:25.491686+00:00,2026-09-25 12:28:25.492686+00:00,2026-09-25 12:28:25.493686+00:00,2026-09-25 12:28:25.505687+00:00,2026-09-25 12:28:25.495686+00:00,2026-09-25 12:28:25.496686+00:00,2026-09-25 12:28:25.497686+00:00,2026-09-25 12:28:25.498686+00:00,2026-09-25 12:28:25.499686+00:00,2026-09-25 12:28:25.500686+00:00,2026-09-25 12:28:25.501686+00:00,2026-09-25 12:28:25.502687+00:00,2026-09-25 12:28:25.503687+00:00,2026-09-25 12:28:25.504687+00:00,2026-09-25 12:28:25.494686+00:00,2026-09-25 12:28:25.506687+00:00,2026-09-25 12:28:25.507687+00:00,2026-09-25 12:28:25.508687+00:00,2026-09-25 12:28:25.509687+00:00,2026-09-25 12:28:25.510687+00:00,2026-09-25 12:28:25.522688+00:00,2026-09-25 12:28:25.512687+00:00,2026-09-25 12:28:25.513687+00:00,2026-09-25 12:28:25.514687+00:00,2026-09-25 12:28:25.515687+00:00,2026-09-25 12:28:25.516687+00:00,2026-09-25 12:28:25.517687+00:00,2026-09-25 12:28:25.518687+00:00,2026-09-25 12:28:25.519687+00:00,2026-09-25 12:28:25.520688+00:00,2026-09-25 12:28:25.521688+00:00,2026-09-25 12:28:25.523688+00:00,2026-09-25 12:28:25.524688+00:00,2026-09-25 12:28:25.526688+00:00,2026-09-25 12:28:25.527688+00:00,2026-09-25 12:28:25.528688+00:00,2026-09-25 12:28:25.529688+00:00,2026-09-25 12:28:25.530688+00:00,2026-09-25 12:28:25.531688+00:00,2026-09-25 12:28:25.532688+00:00,2026-09-25 12:28:25.533688+00:00,2026-09-25 12:28:25.534688+00:00,2026-09-25 12:28:25.535688+00:00,2026-09-25 12:28:25.536688+00:00,2026-09-25 12:28:25.537689+00:00,2026-09-25 12:28:25.538689+00:00,2026-09-25 12:28:25.539689+00:00,2026-09-25 12:28:25.540689+00:00,2026-09-25 12:28:25.553689+00:00,2026-09-25 12:28:25.543689+00:00,2026-09-25 12:28:25.544689+00:00,2026-09-25 12:28:25.545689+00:00,2026-09-25 12:28:25.546689+00:00,2026-09-25 12:28:25.547689+00:00,2026-09-25 12:28:25.548689+00:00,2026-09-25 12:28:25.549689+00:00,2026-09-25 12:28:25.550689+00:00,2026-09-25 12:28:25.551689+00:00,2026-09-25 12:28:25.552689+00:00,2026-09-25 12:28:25.542689+00:00,2026-09-25 12:28:25.554689+00:00,2026-09-25 12:28:25.555690+00:00,2026-09-25 12:28:25.556690+00:00,2026-09-25 12:28:25.557690+00:00,2026-09-25 12:28:25.558690+00:00,2026-09-25 12:28:25.570690+00:00,2026-09-25 12:28:25.560690+00:00,2026-09-25 12:28:25.572691+00:00,2026-09-25 12:28:25.562690+00:00,2026-09-25 12:28:25.563690+00:00,2026-09-25 12:28:25.564690+00:00,2026-09-25 12:28:25.565690+00:00,2026-09-25 12:28:25.566690+00:00,2026-09-25 12:28:25.567690+00:00,2026-09-25 12:28:25.568690+00:00,2026-09-25 12:28:25.569690+00:00,2026-09-25 12:28:25.559690+00:00,2026-09-25 12:28:25.571690+00:00,2026-09-25 12:28:25.573691+00:00,2026-09-25 12:28:25.573691+00:00,1.083008,0.9233542134499468,True,True,True,False,True,False,True,False,False,True,False,False,False,False,False,False
224,2026-09-25 10:59:20.810742+00:00,2026-09-25 12:28:26.275731+00:00,94.006,True,False,False,False,True,False,True,False,True,False,False,False,False,False,False,False,False,False,False,False,False,False,False,True,True,True,False,False,False,True,False,False,False,False,False,False,False,True,False,False,True,True,False,True,False,False,False,False,False,False,False,True,False,False,False,True,False,False,False,False,True,True,False,True,False,False,False,False,True,True,True,False,True,True,True,False,False,False,False,0,175,0,457,2026-09-25 12:28:26.181725+00:00,2026-09-25 12:28:26.188726+00:00,2026-09-25 12:28:26.189726+00:00,2026-09-25 12:28:26.190726+00:00,2026-09-25 12:28:26.191726+00:00,2026-09-25 12:28:26.192726+00:00,2026-09-25 12:28:26.193726+00:00,2026-09-25 12:28:26.194726+00:00,2026-09-25 12:28:26.195726+00:00,2026-09-25 12:28:26.196726+00:00,2026-09-25 12:28:26.197726+00:00,2026-09-25 12:28:26.198726+00:00,2026-09-25 12:28:26.199726+00:00,2026-09-25 12:28:26.200726+00:00,2026-09-25 12:28:26.201727+00:00,2026-09-25 12:28:26.202727+00:00,2026-09-25 12:28:26.215727+00:00,2026-09-25 12:28:26.205727+00:00,2026-09-25 12:28:26.206727+00:00,2026-09-25 12:28:26.207727+00:00,2026-09-25 12:28:26.208727+00:00,2026-09-25 12:28:26.209727+00:00,2026-09-25 12:28:26.221728+00:00,2026-09-25 12:28:26.211727+00:00,2026-09-25 12:28:26.212727+00:00,2026-09-25 12:28:26.213727+00:00,2026-09-25 12:28:26.214727+00:00,2026-09-25 12:28:26.204727+00:00,2026-09-25 12:28:26.216727+00:00,2026-09-25 12:28:26.217727+00:00,2026-09-25 12:28:26.218727+00:00,2026-09-25 12:28:26.219728+00:00,2026-09-25 12:28:26.220728+00:00,2026-09-25 12:28:26.222728+00:00,2026-09-25 12:28:26.223728+00:00,2026-09-25 12:28:26.224728+00:00,2026-09-25 12:28:26.225728+00:00,2026-09-25 12:28:26.226728+00:00,2026-09-25 12:28:26.228728+00:00,2026-09-25 12:28:26.229728+00:00,2026-09-25 12:28:26.230728+00:00,2026-09-25 12:28:26.231728+00:00,2026-09-25 12:28:26.232728+00:00,2026-09-25 12:28:26.233728+00:00,2026-09-25 12:28:26.234728+00:00,2026-09-25 12:28:26.235728+00:00,2026-09-25 12:28:26.236729+00:00,2026-09-25 12:28:26.237729+00:00,2026-09-25 12:28:26.238729+00:00,2026-09-25 12:28:26.239729+00:00,2026-09-25 12:28:26.240729+00:00,2026-09-25 12:28:26.241729+00:00,2026-09-25 12:28:26.242729+00:00,2026-09-25 12:28:26.243729+00:00,2026-09-25 12:28:26.244729+00:00,2026-09-25 12:28:26.269730+00:00,2026-09-25 12:28:26.246729+00:00,2026-09-25 12:28:26.247729+00:00,2026-09-25 12:28:26.248729+00:00,2026-09-25 12:28:26.249729+00:00,2026-09-25 12:28:26.250729+00:00,2026-09-25 12:28:26.251729+00:00,2026-09-25 12:28:26.252729+00:00,2026-09-25 12:28:26.253729+00:00,2026-09-25 12:28:26.254730+00:00,2026-09-25 12:28:26.255730+00:00,2026-09-25 12:28:26.245729+00:00,2026-09-25 12:28:26.270730+00:00,2026-09-25 12:28:26.260730+00:00,2026-09-25 12:28:26.273731+00:00,2026-09-25 12:28:26.262730+00:00,2026-09-25 12:28:26.275731+00:00,2026-09-25 12:28:26.264730+00:00,2026-09-25 12:28:26.265730+00:00,2026-09-25 12:28:26.266730+00:00,2026-09-25 12:28:26.267730+00:00,2026-09-25 12:28:26.268730+00:00,2026-09-25 12:28:26.256730+00:00,2026-09-25 12:28:26.258730+00:00,2026-09-25 12:28:26.271731+00:00,2026-09-25 12:28:26.261730+00:00,2026-09-25 12:28:26.274731+00:00,2026-09-25 12:28:26.263730+00:00,2026-09-25 12:28:26.275731+00:00,0.72177,1.3854829100683044,True,True,False,False,True,False,True,False,False,True,False,False,False,False,False,False
227,2026-09-25 10:59:22.067341+00:00,2026-09-25 12:28:27.495801+00:00,183.011,True,False,False,False,True,False,True,False,True,False,False,False,False,False,False,False,False,False,False,False,False,False,False,True,True,True,False,True,False,True,False,False,False,False,False,True,False,False,False,False,True,True,False,True,False,False,False,False,False,False,False,True,False,False,False,True,False,False,False,True,True,True,False,True,False,False,False,False,True,True,False,False,True,True,True,False,False,False,False,1,175,0,702,2026-09-25 12:28:27.312790+00:00,2026-09-25 12:28:27.327791+00:00,2026-09-25 12:28:27.329791+00:00,2026-09-25 12:28:27.353792+00:00,2026-09-25 12:28:27.333791+00:00,2026-09-25 12:28:27.335791+00:00,2026-09-25 12:28:27.337791+00:00,2026-09-25 12:28:27.339792+00:00,2026-09-25 12:28:27.341792+00:00,2026-09-25 12:28:27.343792+00:00,2026-09-25 12:28:27.345792+00:00,2026-09-25 12:28:27.347792+00:00,2026-09-25 12:28:27.349792+00:00,2026-09-25 12:28:27.373794+00:00,2026-09-25 12:28:27.331791+00:00,2026-09-25 12:28:27.355793+00:00,2026-09-25 12:28:27.357793+00:00,2026-09-25 12:28:27.359793+00:00,2026-09-25 12:28:27.385794+00:00,2026-09-25 12:28:27.363793+00:00,2026-09-25 12:28:27.365793+00:00,2026-09-25 12:28:27.391795+00:00,2026-09-25 12:28:27.369793+00:00,2026-09-25 12:28:27.371793+00:00,2026-09-25 12:28:27.351792+00:00,2026-09-25 12:28:27.375794+00:00,2026-09-25 12:28:27.377794+00:00,2026-09-25 12:28:27.379794+00:00,2026-09-25 12:28:27.381794+00:00,2026-09-25 12:28:27.361793+00:00,2026-09-25 12:28:27.387794+00:00,2026-09-25 12:28:27.389794+00:00,2026-09-25 12:28:27.367793+00:00,2026-09-25 12:28:27.393795+00:00,2026-09-25 12:28:27.395795+00:00,2026-09-25 12:28:27.397795+00:00,2026-09-25 12:28:27.399795+00:00,2026-09-25 12:28:27.401795+00:00,2026-09-25 12:28:27.403795+00:00,2026-09-25 12:28:27.405795+00:00,2026-09-25 12:28:27.407795+00:00,2026-09-25 12:28:27.409796+00:00,2026-09-25 12:28:27.411796+00:00,2026-09-25 12:28:27.413796+00:00,2026-09-25 12:28:27.415796+00:00,2026-09-25 12:28:27.417796+00:00,2026-09-25 12:28:27.419796+00:00,2026-09-25 12:28:27.421796+00:00,2026-09-25 12:28:27.423796+00:00,2026-09-25 12:28:27.425797+00:00,2026-09-25 12:28:27.427797+00:00,2026-09-25 12:28:27.429797+00:00,2026-09-25 12:28:27.455798+00:00,2026-09-25 12:28:27.435797+00:00,2026-09-25 12:28:27.459798+00:00,2026-09-25 12:28:27.439797+00:00,2026-09-25 12:28:27.441797+00:00,2026-09-25 12:28:27.443798+00:00,2026-09-25 12:28:27.445798+00:00,2026-09-25 12:28:27.447798+00:00,2026-09-25 12:28:27.449798+00:00,2026-09-25 12:28:27.451798+00:00,2026-09-25 12:28:27.453798+00:00,2026-09-25 12:28:27.431797+00:00,2026-09-25 12:28:27.457798+00:00,2026-09-25 12:28:27.437797+00:00,2026-09-25 12:28:27.485800+00:00,2026-09-25 12:28:27.463799+00:00,2026-09-25 12:28:27.465799+00:00,2026-09-25 12:28:27.467799+00:00,2026-09-25 12:28:27.469799+00:00,2026-09-25 12:28:27.471799+00:00,2026-09-25 12:28:27.473799+00:00,2026-09-25 12:28:27.475799+00:00,2026-09-25 12:28:27.477799+00:00,2026-09-25 12:28:27.479800+00:00,2026-09-25 12:28:27.481800+00:00,2026-09-25 12:28:27.461799+00:00,2026-09-25 12:28:27.487800+00:00,2026-09-25 12:28:27.489800+00:00,2026-09-25 12:28:27.491800+00:00,2026-09-25 12:28:27.493800+00:00,2026-09-25 12:28:27.495801+00:00,2026-09-25 12:28:27.495801+00:00,1.256599,0.795798818875393,True,True,False,False,True,False,True,False,True,True,False,False,False,False,False,False
230,2026-09-25 10:59:23.252193+00:00,2026-09-25 12:28:28.736872+00:00,84.005,True,False,False,False,True,False,True,False,True,False,False,False,False,False,False,False,False,False,False,False,False,False,False,True,True,True,False,True,False,True,False,False,False,False,False,True,False,False,False,False,True,True,True,True,False,False,False,False,False,False,False,True,False,False,False,True,False,False,True,False,True,True,False,True,False,False,False,False,True,True,True,False,True,True,False,False,False,False,False,0,175,0,946,2026-09-25 12:28:28.652867+00:00,2026-09-25 12:28:28.653867+00:00,2026-09-25 12:28:28.654867+00:00,2026-09-25 12:28:28.655867+00:00,2026-09-25 12:28:28.656867+00:00,2026-09-25 12:28:28.657867+00:00,2026-09-25 12:28:28.669868+00:00,2026-09-25 12:28:28.659867+00:00,2026-09-25 12:28:28.660867+00:00,2026-09-25 12:28:28.661867+00:00,2026-09-25 12:28:28.662867+00:00,2026-09-25 12:28:28.663867+00:00,2026-09-25 12:28:28.664867+00:00,2026-09-25 12:28:28.665867+00:00,2026-09-25 12:28:28.666868+00:00,2026-09-25 12:28:28.667868+00:00,2026-09-25 12:28:28.668868+00:00,2026-09-25 12:28:28.670868+00:00,2026-09-25 12:28:28.671868+00:00,2026-09-25 12:28:28.672868+00:00,2026-09-25 12:28:28.673868+00:00,2026-09-25 12:28:28.674868+00:00,2026-09-25 12:28:28.675868+00:00,2026-09-25 12:28:28.687869+00:00,2026-09-25 12:28:28.677868+00:00,2026-09-25 12:28:28.678868+00:00,2026-09-25 12:28:28.679868+00:00,2026-09-25 12:28:28.680868+00:00,2026-09-25 12:28:28.681868+00:00,2026-09-25 12:28:28.682868+00:00,2026-09-25 12:28:28.683868+00:00,2026-09-25 12:28:28.684869+00:00,2026-09-25 12:28:28.685869+00:00,2026-09-25 12:28:28.686869+00:00,2026-09-25 12:28:28.676868+00:00,2026-09-25 12:28:28.688869+00:00,2026-09-25 12:28:28.700869+00:00,2026-09-25 12:28:28.690869+00:00,2026-09-25 12:28:28.691869+00:00,2026-09-25 12:28:28.692869+00:00,2026-09-25 12:28:28.693869+00:00,2026-09-25 12:28:28.694869+00:00,2026-09-25 12:28:28.695869+00:00,2026-09-25 12:28:28.696869+00:00,2026-09-25 12:28:28.697869+00:00,2026-09-25 12:28:28.698869+00:00,2026-09-25 12:28:28.699869+00:00,2026-09-25 12:28:28.689869+00:00,2026-09-25 12:28:28.701870+00:00,2026-09-25 12:28:28.702870+00:00,2026-09-25 12:28:28.703870+00:00,2026-09-25 12:28:28.715870+00:00,2026-09-25 12:28:28.705870+00:00,2026-09-25 12:28:28.706870+00:00,2026-09-25 12:28:28.707870+00:00,2026-09-25 12:28:28.708870+00:00,2026-09-25 12:28:28.709870+00:00,2026-09-25 12:28:28.710870+00:00,2026-09-25 12:28:28.711870+00:00,2026-09-25 12:28:28.712870+00:00,2026-09-25 12:28:28.713870+00:00,2026-09-25 12:28:28.726871+00:00,2026-09-25 12:28:28.704870+00:00,2026-09-25 12:28:28.716870+00:00,2026-09-25 12:28:28.717870+00:00,2026-09-25 12:28:28.718870+00:00,2026-09-25 12:28:28.720871+00:00,2026-09-25 12:28:28.721871+00:00,2026-09-25 12:28:28.722871+00:00,2026-09-25 12:28:28.723871+00:00,2026-09-25 12:28:28.724871+00:00,2026-09-25 12:28:28.736872+00:00,2026-09-25 12:28:28.714870+00:00,2026-09-25 12:28:28.727871+00:00,2026-09-25 12:28:28.728871+00:00,2026-09-25 12:28:28.729871+00:00,2026-09-25 12:28:28.730871+00:00,2026-09-25 12:28:28.731871+00:00,2026-09-25 12:28:28.732871+00:00,2026-09-25 12:28:28.733871+00:00,2026-09-25 12:28:28.734871+00:00,2026-09-25 12:28:28.735871+00:00,2026-09-25 12:28:28.725871+00:00,2026-09-25 12:28:28.736872+00:00,1.184852,0.8439872659201317,True,True,False,False,False,False,True,False,False,True,False,False,False,False,False,False
233,2026-09-25 10:59:24.336465+00:00,2026-09-25 12:28:29.820934+00:00,110.007,True,False,False,False,True,False,True,False,True,False,False,False,False,False,False,False,False,False,False,False,False,False,False,True,False,True,False,True,False,True,False,False,False,False,False,True,False,False,False,False,True,True,True,True,False,False,False,False,False,False,False,True,False,False,False,True,False,False,False,False,True,True,False,True,False,False,False,False,True,True,True,False,True,True,False,False,False,False,False,0,175,0,1163,2026-09-25 12:28:29.710927+00:00,2026-09-25 12:28:29.716928+00:00,2026-09-25 12:28:29.717928+00:00,2026-09-25 12:28:29.729928+00:00,2026-09-25 12:28:29.730928+00:00,2026-09-25 12:28:29.720928+00:00,2026-09-25 12:28:29.721928+00:00,2026-09-25 12:28:29.733929+00:00,2026-09-25 12:28:29.723928+00:00,2026-09-25 12:28:29.724928+00:00,2026-09-25 12:28:29.725928+00:00,2026-09-25 12:28:29.761930+00:00,2026-09-25 12:28:29.727928+00:00,2026-09-25 12:28:29.728928+00:00,2026-09-25 12:28:29.718928+00:00,2026-09-25 12:28:29.719928+00:00,2026-09-25 12:28:29.731928+00:00,2026-09-25 12:28:29.732928+00:00,2026-09-25 12:28:29.722928+00:00,2026-09-25 12:28:29.734929+00:00,2026-09-25 12:28:29.735929+00:00,2026-09-25 12:28:29.736929+00:00,2026-09-25 12:28:29.726928+00:00,2026-09-25 12:28:29.762930+00:00,2026-09-25 12:28:29.817933+00:00,2026-09-25 12:28:29.764930+00:00,2026-09-25 12:28:29.754930+00:00,2026-09-25 12:28:29.755930+00:00,2026-09-25 12:28:29.767930+00:00,2026-09-25 12:28:29.768931+00:00,2026-09-25 12:28:29.769931+00:00,2026-09-25 12:28:29.759930+00:00,2026-09-25 12:28:29.760930+00:00,2026-09-25 12:28:29.737929+00:00,2026-09-25 12:28:29.738929+00:00,2026-09-25 12:28:29.739929+00:00,2026-09-25 12:28:29.741929+00:00,2026-09-25 12:28:29.742929+00:00,2026-09-25 12:28:29.744929+00:00,2026-09-25 12:28:29.745929+00:00,2026-09-25 12:28:29.746929+00:00,2026-09-25 12:28:29.747929+00:00,2026-09-25 12:28:29.748929+00:00,2026-09-25 12:28:29.749929+00:00,2026-09-25 12:28:29.750930+00:00,2026-09-25 12:28:29.751930+00:00,2026-09-25 12:28:29.752930+00:00,2026-09-25 12:28:29.753930+00:00,2026-09-25 12:28:29.765930+00:00,2026-09-25 12:28:29.766930+00:00,2026-09-25 12:28:29.756930+00:00,2026-09-25 12:28:29.757930+00:00,2026-09-25 12:28:29.770931+00:00,2026-09-25 12:28:29.814933+00:00,2026-09-25 12:28:29.815933+00:00,2026-09-25 12:28:29.816933+00:00,2026-09-25 12:28:29.763930+00:00,2026-09-25 12:28:29.807933+00:00,2026-09-25 12:28:29.819933+00:00,2026-09-25 12:28:29.809933+00:00,2026-09-25 12:28:29.810933+00:00,2026-09-25 12:28:29.811933+00:00,2026-09-25 12:28:29.812933+00:00,2026-09-25 12:28:29.813933+00:00,2026-09-25 12:28:29.771931+00:00,2026-09-25 12:28:29.772931+00:00,2026-09-25 12:28:29.773931+00:00,2026-09-25 12:28:29.776931+00:00,2026-09-25 12:28:29.779931+00:00,2026-09-25 12:28:29.780931+00:00,2026-09-25 12:28:29.795932+00:00,2026-09-25 12:28:29.796932+00:00,2026-09-25 12:28:29.797932+00:00,2026-09-25 12:28:29.798932+00:00,2026-09-25 12:28:29.799932+00:00,2026-09-25 12:28:29.800932+00:00,2026-09-25 12:28:29.802932+00:00,2026-09-25 12:28:29.803933+00:00,2026-09-25 12:28:29.804933+00:00,2026-09-25 12:28:29.805933+00:00,2026-09-25 12:28:29.806933+00:00,2026-09-25 12:28:29.818933+00:00,2026-09-25 12:28:29.820934+00:00,2026-09-25 12:28:29.820934+00:00,1.084272,0.9222778048312601,True,True,False,False,False,False,True,False,False,True,False,False,False,False,True,False
235,2026-09-25 10:59:25.085021+00:00,2026-09-25 12:28:30.565976+00:00,108.006,True,False,False,False,True,False,True,False,True,False,False,False,False,False,False,False,False,False,False,False,False,False,False,True,False,True,False,True,False,True,False,False,False,False,False,True,False,False,False,False,True,True,True,True,False,False,False,False,False,False,False,True,False,False,False,True,False,False,False,True,True,True,False,True,False,False,False,False,True,True,True,False,True,True,False,False,False,False,False,0,175,0,1310,2026-09-25 12:28:30.457970+00:00,2026-09-25 12:28:30.482971+00:00,2026-09-25 12:28:30.483971+00:00,2026-09-25 12:28:30.484971+00:00,2026-09-25 12:28:30.485972+00:00,2026-09-25 12:28:30.497972+00:00,2026-09-25 12:28:30.487972+00:00,2026-09-25 12:28:30.488972+00:00,2026-09-25 12:28:30.489972+00:00,2026-09-25 12:28:30.490972+00:00,2026-09-25 12:28:30.491972+00:00,2026-09-25 12:28:30.492972+00:00,2026-09-25 12:28:30.493972+00:00,2026-09-25 12:28:30.494972+00:00,2026-09-25 12:28:30.495972+00:00,2026-09-25 12:28:30.496972+00:00,2026-09-25 12:28:30.486972+00:00,2026-09-25 12:28:30.498972+00:00,2026-09-25 12:28:30.499972+00:00,2026-09-25 12:28:30.500972+00:00,2026-09-25 12:28:30.501972+00:00,2026-09-25 12:28:30.514973+00:00,2026-09-25 12:28:30.515973+00:00,2026-09-25 12:28:30.505973+00:00,2026-09-25 12:28:30.506973+00:00,2026-09-25 12:28:30.518973+00:00,2026-09-25 12:28:30.508973+00:00,2026-09-25 12:28:30.509973+00:00,2026-09-25 12:28:30.510973+00:00,2026-09-25 12:28:30.511973+00:00,2026-09-25 12:28:30.512973+00:00,2026-09-25 12:28:30.513973+00:00,2026-09-25 12:28:30.503973+00:00,2026-09-25 12:28:30.504973+00:00,2026-09-25 12:28:30.516973+00:00,2026-09-25 12:28:30.517973+00:00,2026-09-25 12:28:30.519973+00:00,2026-09-25 12:28:30.520974+00:00,2026-09-25 12:28:30.532974+00:00,2026-09-25 12:28:30.522974+00:00,2026-09-25 12:28:30.523974+00:00,2026-09-25 12:28:30.524974+00:00,2026-09-25 12:28:30.525974+00:00,2026-09-25 12:28:30.526974+00:00,2026-09-25 12:28:30.527974+00:00,2026-09-25 12:28:30.528974+00:00,2026-09-25 12:28:30.529974+00:00,2026-09-25 12:28:30.530974+00:00,2026-09-25 12:28:30.531974+00:00,2026-09-25 12:28:30.521974+00:00,2026-09-25 12:28:30.533974+00:00,2026-09-25 12:28:30.534974+00:00,2026-09-25 12:28:30.535974+00:00,2026-09-25 12:28:30.536974+00:00,2026-09-25 12:28:30.537975+00:00,2026-09-25 12:28:30.538975+00:00,2026-09-25 12:28:30.539975+00:00,2026-09-25 12:28:30.540975+00:00,2026-09-25 12:28:30.541975+00:00,2026-09-25 12:28:30.542975+00:00,2026-09-25 12:28:30.543975+00:00,2026-09-25 12:28:30.544975+00:00,2026-09-25 12:28:30.545975+00:00,2026-09-25 12:28:30.546975+00:00,2026-09-25 12:28:30.547975+00:00,2026-09-25 12:28:30.548975+00:00,2026-09-25 12:28:30.560976+00:00,2026-09-25 12:28:30.550975+00:00,2026-09-25 12:28:30.551975+00:00,2026-09-25 12:28:30.552975+00:00,2026-09-25 12:28:30.553975+00:00,2026-09-25 12:28:30.554975+00:00,2026-09-25 12:28:30.555976+00:00,2026-09-25 12:28:30.556976+00:00,2026-09-25 12:28:30.557976+00:00,2026-09-25 12:28:30.558976+00:00,2026-09-25 12:28:30.559976+00:00,2026-09-25 12:28:30.549975+00:00,2026-09-25 12:28:30.561976+00:00,2026-09-25 12:28:30.562976+00:00,2026-09-25 12:28:30.563976+00:00,2026-09-25 12:28:30.564976+00:00,2026-09-25 12:28:30.565976+00:00,2026-09-25 12:28:30.565976+00:00,0.748556,1.3359053965234398,True,True,False,False,False,False,True,False,False,True,False,False,False,False,True,False
238,2026-09-25 10:59:26.157109+00:00,2026-09-25 12:28:31.637037+00:00,92.005,True,False,False,False,True,False,True,False,True,False,False,False,False,False,False,False,False,False,False,False,False,False,False,True,True,False,False,True,False,True,False,False,False,False,False,False,False,False,False,False,True,True,False,True,False,False,False,False,False,False,False,False,False,False,False,True,False,False,False,True,True,True,False,True,False,False,False,False,True,True,True,False,True,True,False,False,False,False,False,0,0,0,0,2026-09-25 12:28:31.545032+00:00,2026-09-25 12:28:31.554033+00:00,2026-09-25 12:28:31.555033+00:00,2026-09-25 12:28:31.556033+00:00,2026-09-25 12:28:31.569034+00:00,2026-09-25 12:28:31.558033+00:00,2026-09-25 12:28:31.559033+00:00,2026-09-25 12:28:31.560033+00:00,2026-09-25 12:28:31.561033+00:00,2026-09-25 12:28:31.562033+00:00,2026-09-25 12:28:31.574034+00:00,2026-09-25 12:28:31.575034+00:00,2026-09-25 12:28:31.565033+00:00,2026-09-25 12:28:31.566033+00:00,2026-09-25 12:28:31.567033+00:00,2026-09-25 12:28:31.568033+00:00,2026-09-25 12:28:31.570034+00:00,2026-09-25 12:28:31.571034+00:00,2026-09-25 12:28:31.572034+00:00,2026-09-25 12:28:31.573034+00:00,2026-09-25 12:28:31.563033+00:00,2026-09-25 12:28:31.564033+00:00,2026-09-25 12:28:31.576034+00:00,2026-09-25 12:28:31.577034+00:00,2026-09-25 12:28:31.578034+00:00,2026-09-25 12:28:31.579034+00:00,2026-09-25 12:28:31.580034+00:00,2026-09-25 12:28:31.592035+00:00,2026-09-25 12:28:31.582034+00:00,2026-09-25 12:28:31.583034+00:00,2026-09-25 12:28:31.584034+00:00,2026-09-25 12:28:31.585034+00:00,2026-09-25 12:28:31.586034+00:00,2026-09-25 12:28:31.587035+00:00,2026-09-25 12:28:31.588035+00:00,2026-09-25 12:28:31.589035+00:00,2026-09-25 12:28:31.590035+00:00,2026-09-25 12:28:31.591035+00:00,2026-09-25 12:28:31.581034+00:00,2026-09-25 12:28:31.593035+00:00,2026-09-25 12:28:31.594035+00:00,2026-09-25 12:28:31.595035+00:00,2026-09-25 12:28:31.596035+00:00,2026-09-25 12:28:31.597035+00:00,2026-09-25 12:28:31.598035+00:00,2026-09-25 12:28:31.599035+00:00,2026-09-25 12:28:31.600035+00:00,2026-09-25 12:28:31.601035+00:00,2026-09-25 12:28:31.602035+00:00,2026-09-25 12:28:31.603035+00:00,2026-09-25 12:28:31.604036+00:00,2026-09-25 12:28:31.605036+00:00,2026-09-25 12:28:31.606036+00:00,2026-09-25 12:28:31.618036+00:00,2026-09-25 12:28:31.608036+00:00,2026-09-25 12:28:31.609036+00:00,2026-09-25 12:28:31.610036+00:00,2026-09-25 12:28:31.611036+00:00,2026-09-25 12:28:31.612036+00:00,2026-09-25 12:28:31.613036+00:00,2026-09-25 12:28:31.614036+00:00,2026-09-25 12:28:31.615036+00:00,2026-09-25 12:28:31.616036+00:00,2026-09-25 12:28:31.617036+00:00,2026-09-25 12:28:31.619036+00:00,2026-09-25 12:28:31.620036+00:00,2026-09-25 12:28:31.621036+00:00,2026-09-25 12:28:31.622037+00:00,2026-09-25 12:28:31.623037+00:00,2026-09-25 12:28:31.624037+00:00,2026-09-25 12:28:31.625037+00:00,2026-09-25 12:28:31.626037+00:00,2026-09-25 12:28:31.627037+00:00,2026-09-25 12:28:31.628037+00:00,2026-09-25 12:28:31.629037+00:00,2026-09-25 12:28:31.630037+00:00,2026-09-25 12:28:31.631037+00:00,2026-09-25 12:28:31.632037+00:00,2026-09-25 12:28:31.633037+00:00,2026-09-25 12:28:31.634037+00:00,2026-09-25 12:28:31.635037+00:00,2026-09-25 12:28:31.636037+00:00,2026-09-25 12:28:31.637037+00:00,2026-09-25 12:28:31.637037+00:00,1.072088,0.9327592511062526,False,False,False,False,False,False,True,False,False,True,False,False,False,False,False,True
241,2026-09-25 10:59:27.218717+00:00,2026-09-25 12:28:32.703098+00:00,89.005,True,False,False,False,True,False,True,False,True,False,False,False,False,False,False,False,False,False,False,False,False,False,False,True,True,False,False,True,False,True,False,False,False,False,False,False,False,False,False,False,True,True,False,False,False,False,True,False,False,False,False,False,True,True,True,True,False,False,False,True,True,True,False,True,False,False,False,False,True,True,True,False,True,True,False,False,False,False,False,0,0,0,0,2026-09-25 12:28:32.614093+00:00,2026-09-25 12:28:32.621094+00:00,2026-09-25 12:28:32.622094+00:00,2026-09-25 12:28:32.623094+00:00,2026-09-25 12:28:32.624094+00:00,2026-09-25 12:28:32.636095+00:00,2026-09-25 12:28:32.626094+00:00,2026-09-25 12:28:32.627094+00:00,2026-09-25 12:28:32.628094+00:00,2026-09-25 12:28:32.629094+00:00,2026-09-25 12:28:32.630094+00:00,2026-09-25 12:28:32.631094+00:00,2026-09-25 12:28:32.632094+00:00,2026-09-25 12:28:32.633094+00:00,2026-09-25 12:28:32.634094+00:00,2026-09-25 12:28:32.635094+00:00,2026-09-25 12:28:32.625094+00:00,2026-09-25 12:28:32.637095+00:00,2026-09-25 12:28:32.638095+00:00,2026-09-25 12:28:32.639095+00:00,2026-09-25 12:28:32.640095+00:00,2026-09-25 12:28:32.641095+00:00,2026-09-25 12:28:32.642095+00:00,2026-09-25 12:28:32.654096+00:00,2026-09-25 12:28:32.644095+00:00,2026-09-25 12:28:32.645095+00:00,2026-09-25 12:28:32.646095+00:00,2026-09-25 12:28:32.647095+00:00,2026-09-25 12:28:32.648095+00:00,2026-09-25 12:28:32.649095+00:00,2026-09-25 12:28:32.661096+00:00,2026-09-25 12:28:32.651095+00:00,2026-09-25 12:28:32.652095+00:00,2026-09-25 12:28:32.653096+00:00,2026-09-25 12:28:32.643095+00:00,2026-09-25 12:28:32.655096+00:00,2026-09-25 12:28:32.656096+00:00,2026-09-25 12:28:32.668096+00:00,2026-09-25 12:28:32.658096+00:00,2026-09-25 12:28:32.659096+00:00,2026-09-25 12:28:32.660096+00:00,2026-09-25 12:28:32.650095+00:00,2026-09-25 12:28:32.662096+00:00,2026-09-25 12:28:32.663096+00:00,2026-09-25 12:28:32.664096+00:00,2026-09-25 12:28:32.665096+00:00,2026-09-25 12:28:32.666096+00:00,2026-09-25 12:28:32.667096+00:00,2026-09-25 12:28:32.669096+00:00,2026-09-25 12:28:32.670096+00:00,2026-09-25 12:28:32.671097+00:00,2026-09-25 12:28:32.672097+00:00,2026-09-25 12:28:32.673097+00:00,2026-09-25 12:28:32.674097+00:00,2026-09-25 12:28:32.675097+00:00,2026-09-25 12:28:32.676097+00:00,2026-09-25 12:28:32.677097+00:00,2026-09-25 12:28:32.678097+00:00,2026-09-25 12:28:32.679097+00:00,2026-09-25 12:28:32.680097+00:00,2026-09-25 12:28:32.681097+00:00,2026-09-25 12:28:32.682097+00:00,2026-09-25 12:28:32.683097+00:00,2026-09-25 12:28:32.684097+00:00,2026-09-25 12:28:32.685097+00:00,2026-09-25 12:28:32.686097+00:00,2026-09-25 12:28:32.687097+00:00,2026-09-25 12:28:32.688098+00:00,2026-09-25 12:28:32.689098+00:00,2026-09-25 12:28:32.701098+00:00,2026-09-25 12:28:32.691098+00:00,2026-09-25 12:28:32.692098+00:00,2026-09-25 12:28:32.693098+00:00,2026-09-25 12:28:32.694098+00:00,2026-09-25 12:28:32.695098+00:00,2026-09-25 12:28:32.696098+00:00,2026-09-25 12:28:32.697098+00:00,2026-09-25 12:28:32.698098+00:00,2026-09-25 12:28:32.699098+00:00,2026-09-25 12:28:32.700098+00:00,2026-09-25 12:28:32.690098+00:00,2026-09-25 12:28:32.702098+00:00,2026-09-25 12:28:32.703098+00:00,2026-09-25 12:28:32.703098+00:00,1.061608,0.941967279824568,False,True,False,False,False,False,True,False,False,True,False,False,False,False,False,True
243,2026-09-25 10:59:27.961625+00:00,2026-09-25 12:28:33.446141+00:00,86.005,True,False,False,False,True,False,True,False,True,False,False,False,False,False,False,False,False,False,False,False,False,False,False,True,True,False,False,True,False,True,False,False,False,False,False,False,False,False,False,False,True,True,False,True,False,False,False,False,True,False,False,False,True,True,False,True,True,False,False,True,True,True,False,True,False,False,False,False,True,True,True,False,True,True,False,False,False,False,False,0,0,0,0,2026-09-25 12:28:33.360136+00:00,2026-09-25 12:28:33.364136+00:00,2026-09-25 12:28:33.365136+00:00,2026-09-25 12:28:33.366136+00:00,2026-09-25 12:28:33.367136+00:00,2026-09-25 12:28:33.368136+00:00,2026-09-25 12:28:33.369136+00:00,2026-09-25 12:28:33.370137+00:00,2026-09-25 12:28:33.371137+00:00,2026-09-25 12:28:33.372137+00:00,2026-09-25 12:28:33.373137+00:00,2026-09-25 12:28:33.374137+00:00,2026-09-25 12:28:33.375137+00:00,2026-09-25 12:28:33.376137+00:00,2026-09-25 12:28:33.377137+00:00,2026-09-25 12:28:33.378137+00:00,2026-09-25 12:28:33.379137+00:00,2026-09-25 12:28:33.380137+00:00,2026-09-25 12:28:33.392138+00:00,2026-09-25 12:28:33.382137+00:00,2026-09-25 12:28:33.383137+00:00,2026-09-25 12:28:33.384137+00:00,2026-09-25 12:28:33.385137+00:00,2026-09-25 12:28:33.386137+00:00,2026-09-25 12:28:33.387137+00:00,2026-09-25 12:28:33.388138+00:00,2026-09-25 12:28:33.389138+00:00,2026-09-25 12:28:33.390138+00:00,2026-09-25 12:28:33.391138+00:00,2026-09-25 12:28:33.381137+00:00,2026-09-25 12:28:33.393138+00:00,2026-09-25 12:28:33.405139+00:00,2026-09-25 12:28:33.395138+00:00,2026-09-25 12:28:33.396138+00:00,2026-09-25 12:28:33.397138+00:00,2026-09-25 12:28:33.398138+00:00,2026-09-25 12:28:33.399138+00:00,2026-09-25 12:28:33.400138+00:00,2026-09-25 12:28:33.401138+00:00,2026-09-25 12:28:33.402138+00:00,2026-09-25 12:28:33.403138+00:00,2026-09-25 12:28:33.404138+00:00,2026-09-25 12:28:33.394138+00:00,2026-09-25 12:28:33.417139+00:00,2026-09-25 12:28:33.407139+00:00,2026-09-25 12:28:33.408139+00:00,2026-09-25 12:28:33.409139+00:00,2026-09-25 12:28:33.410139+00:00,2026-09-25 12:28:33.411139+00:00,2026-09-25 12:28:33.412139+00:00,2026-09-25 12:28:33.413139+00:00,2026-09-25 12:28:33.414139+00:00,2026-09-25 12:28:33.415139+00:00,2026-09-25 12:28:33.416139+00:00,2026-09-25 12:28:33.418139+00:00,2026-09-25 12:28:33.419139+00:00,2026-09-25 12:28:33.420139+00:00,2026-09-25 12:28:33.421139+00:00,2026-09-25 12:28:33.433140+00:00,2026-09-25 12:28:33.423140+00:00,2026-09-25 12:28:33.424140+00:00,2026-09-25 12:28:33.425140+00:00,2026-09-25 12:28:33.426140+00:00,2026-09-25 12:28:33.427140+00:00,2026-09-25 12:28:33.428140+00:00,2026-09-25 12:28:33.429140+00:00,2026-09-25 12:28:33.430140+00:00,2026-09-25 12:28:33.431140+00:00,2026-09-25 12:28:33.432140+00:00,2026-09-25 12:28:33.422139+00:00,2026-09-25 12:28:33.434140+00:00,2026-09-25 12:28:33.435140+00:00,2026-09-25 12:28:33.436140+00:00,2026-09-25 12:28:33.437140+00:00,2026-09-25 12:28:33.438140+00:00,2026-09-25 12:28:33.439140+00:00,2026-09-25 12:28:33.440141+00:00,2026-09-25 12:28:33.441141+00:00,2026-09-25 12:28:33.442141+00:00,2026-09-25 12:28:33.443141+00:00,2026-09-25 12:28:33.444141+00:00,2026-09-25 12:28:33.445141+00:00,2026-09-25 12:28:33.446141+00:00,2026-09-25 12:28:33.446141+00:00,0.742908,1.3460616926994997,False,True,False,False,False,False,True,False,False,True,False,False,False,False,False,True
246,2026-09-25 10:59:29.182899+00:00,2026-09-25 12:28:34.667211+00:00,91.005,True,False,False,False,True,False,True,False,True,False,False,False,False,False,False,False,False,False,True,False,False,True,False,True,True,True,False,True,False,True,False,False,True,False,False,False,False,False,False,False,True,True,False,True,False,False,False,False,False,True,True,False,True,True,False,True,False,False,False,False,True,True,False,True,False,False,False,False,True,True,True,False,True,True,False,False,False,False,False,0,68,0,75,2026-09-25 12:28:34.576206+00:00,2026-09-25 12:28:34.583206+00:00,2026-09-25 12:28:34.584206+00:00,2026-09-25 12:28:34.585206+00:00,2026-09-25 12:28:34.586206+00:00,2026-09-25 12:28:34.587206+00:00,2026-09-25 12:28:34.588206+00:00,2026-09-25 12:28:34.589206+00:00,2026-09-25 12:28:34.591206+00:00,2026-09-25 12:28:34.592206+00:00,2026-09-25 12:28:34.593206+00:00,2026-09-25 12:28:34.594207+00:00,2026-09-25 12:28:34.595207+00:00,2026-09-25 12:28:34.596207+00:00,2026-09-25 12:28:34.597207+00:00,2026-09-25 12:28:34.598207+00:00,2026-09-25 12:28:34.599207+00:00,2026-09-25 12:28:34.600207+00:00,2026-09-25 12:28:34.601207+00:00,2026-09-25 12:28:34.602207+00:00,2026-09-25 12:28:34.603207+00:00,2026-09-25 12:28:34.604207+00:00,2026-09-25 12:28:34.605207+00:00,2026-09-25 12:28:34.606207+00:00,2026-09-25 12:28:34.607207+00:00,2026-09-25 12:28:34.608207+00:00,2026-09-25 12:28:34.609207+00:00,2026-09-25 12:28:34.610207+00:00,2026-09-25 12:28:34.611208+00:00,2026-09-25 12:28:34.612208+00:00,2026-09-25 12:28:34.613208+00:00,2026-09-25 12:28:34.614208+00:00,2026-09-25 12:28:34.615208+00:00,2026-09-25 12:28:34.617208+00:00,2026-09-25 12:28:34.618208+00:00,2026-09-25 12:28:34.619208+00:00,2026-09-25 12:28:34.620208+00:00,2026-09-25 12:28:34.621208+00:00,2026-09-25 12:28:34.622208+00:00,2026-09-25 12:28:34.623208+00:00,2026-09-25 12:28:34.624208+00:00,2026-09-25 12:28:34.625208+00:00,2026-09-25 12:28:34.626208+00:00,2026-09-25 12:28:34.627208+00:00,2026-09-25 12:28:34.628208+00:00,2026-09-25 12:28:34.640209+00:00,2026-09-25 12:28:34.630209+00:00,2026-09-25 12:28:34.631209+00:00,2026-09-25 12:28:34.632209+00:00,2026-09-25 12:28:34.633209+00:00,2026-09-25 12:28:34.634209+00:00,2026-09-25 12:28:34.635209+00:00,2026-09-25 12:28:34.647210+00:00,2026-09-25 12:28:34.637209+00:00,2026-09-25 12:28:34.638209+00:00,2026-09-25 12:28:34.639209+00:00,2026-09-25 12:28:34.629209+00:00,2026-09-25 12:28:34.641209+00:00,2026-09-25 12:28:34.642209+00:00,2026-09-25 12:28:34.654210+00:00,2026-09-25 12:28:34.644209+00:00,2026-09-25 12:28:34.645209+00:00,2026-09-25 12:28:34.646210+00:00,2026-09-25 12:28:34.636209+00:00,2026-09-25 12:28:34.648210+00:00,2026-09-25 12:28:34.649210+00:00,2026-09-25 12:28:34.650210+00:00,2026-09-25 12:28:34.651210+00:00,2026-09-25 12:28:34.652210+00:00,2026-09-25 12:28:34.653210+00:00,2026-09-25 12:28:34.643209+00:00,2026-09-25 12:28:34.666211+00:00,2026-09-25 12:28:34.656210+00:00,2026-09-25 12:28:34.657210+00:00,2026-09-25 12:28:34.658210+00:00,2026-09-25 12:28:34.659210+00:00,2026-09-25 12:28:34.660210+00:00,2026-09-25 12:28:34.661210+00:00,2026-09-25 12:28:34.662210+00:00,2026-09-25 12:28:34.663210+00:00,2026-09-25 12:28:34.664211+00:00,2026-09-25 12:28:34.665211+00:00,2026-09-25 12:28:34.667211+00:00,2026-09-25 12:28:34.667211+00:00,1.221274,0.8188170713533572,True,True,True,False,False,False,True,False,False,True,False,False,False,False,False,False
249,2026-09-25 10:59:30.333128+00:00,2026-09-25 12:28:35.817276+00:00,98.005,True,False,False,False,True,False,True,False,True,False,False,False,False,False,False,False,False,False,True,False,False,True,False,True,False,True,False,True,False,True,False,False,False,False,False,False,False,False,True,False,True,False,False,True,False,False,False,False,False,True,True,False,True,True,False,True,False,False,True,False,True,True,False,True,False,False,False,False,True,True,True,False,True,True,False,False,False,False,False,0,305,0,335,2026-09-25 12:28:35.719271+00:00,2026-09-25 12:28:35.728271+00:00,2026-09-25 12:28:35.729271+00:00,2026-09-25 12:28:35.731272+00:00,2026-09-25 12:28:35.768274+00:00,2026-09-25 12:28:35.746272+00:00,2026-09-25 12:28:35.747272+00:00,2026-09-25 12:28:35.736272+00:00,2026-09-25 12:28:35.737272+00:00,2026-09-25 12:28:35.738272+00:00,2026-09-25 12:28:35.739272+00:00,2026-09-25 12:28:35.740272+00:00,2026-09-25 12:28:35.741272+00:00,2026-09-25 12:28:35.742272+00:00,2026-09-25 12:28:35.743272+00:00,2026-09-25 12:28:35.733272+00:00,2026-09-25 12:28:35.734272+00:00,2026-09-25 12:28:35.735272+00:00,2026-09-25 12:28:35.748273+00:00,2026-09-25 12:28:35.749273+00:00,2026-09-25 12:28:35.762273+00:00,2026-09-25 12:28:35.751273+00:00,2026-09-25 12:28:35.752273+00:00,2026-09-25 12:28:35.753273+00:00,2026-09-25 12:28:35.766274+00:00,2026-09-25 12:28:35.755273+00:00,2026-09-25 12:28:35.745272+00:00,2026-09-25 12:28:35.769274+00:00,2026-09-25 12:28:35.759273+00:00,2026-09-25 12:28:35.760273+00:00,2026-09-25 12:28:35.761273+00:00,2026-09-25 12:28:35.750273+00:00,2026-09-25 12:28:35.763273+00:00,2026-09-25 12:28:35.764273+00:00,2026-09-25 12:28:35.765274+00:00,2026-09-25 12:28:35.767274+00:00,2026-09-25 12:28:35.756273+00:00,2026-09-25 12:28:35.758273+00:00,2026-09-25 12:28:35.770274+00:00,2026-09-25 12:28:35.771274+00:00,2026-09-25 12:28:35.772274+00:00,2026-09-25 12:28:35.773274+00:00,2026-09-25 12:28:35.774274+00:00,2026-09-25 12:28:35.776274+00:00,2026-09-25 12:28:35.777274+00:00,2026-09-25 12:28:35.778274+00:00,2026-09-25 12:28:35.779274+00:00,2026-09-25 12:28:35.780274+00:00,2026-09-25 12:28:35.781274+00:00,2026-09-25 12:28:35.782274+00:00,2026-09-25 12:28:35.783275+00:00,2026-09-25 12:28:35.784275+00:00,2026-09-25 12:28:35.785275+00:00,2026-09-25 12:28:35.786275+00:00,2026-09-25 12:28:35.787275+00:00,2026-09-25 12:28:35.788275+00:00,2026-09-25 12:28:35.789275+00:00,2026-09-25 12:28:35.790275+00:00,2026-09-25 12:28:35.803276+00:00,2026-09-25 12:28:35.793275+00:00,2026-09-25 12:28:35.794275+00:00,2026-09-25 12:28:35.795275+00:00,2026-09-25 12:28:35.796275+00:00,2026-09-25 12:28:35.797275+00:00,2026-09-25 12:28:35.798275+00:00,2026-09-25 12:28:35.799275+00:00,2026-09-25 12:28:35.800276+00:00,2026-09-25 12:28:35.801276+00:00,2026-09-25 12:28:35.802276+00:00,2026-09-25 12:28:35.792275+00:00,2026-09-25 12:28:35.816276+00:00,2026-09-25 12:28:35.805276+00:00,2026-09-25 12:28:35.806276+00:00,2026-09-25 12:28:35.807276+00:00,2026-09-25 12:28:35.808276+00:00,2026-09-25 12:28:35.809276+00:00,2026-09-25 12:28:35.810276+00:00,2026-09-25 12:28:35.811276+00:00,2026-09-25 12:28:35.812276+00:00,2026-09-25 12:28:35.813276+00:00,2026-09-25 12:28:35.814276+00:00,2026-09-25 12:28:35.804276+00:00,2026-09-25 12:28:35.817276+00:00,2026-09-25 12:28:35.817276+00:00,1.150229,0.8693920949654373,True,True,True,False,False,False,True,False,False,True,False,False,False,False,True,False
251,2026-09-25 10:59:31.136671+00:00,2026-09-25 12:28:36.521317+00:00,93.006,True,False,False,False,True,False,False,False,True,False,False,False,False,True,False,False,False,False,True,False,False,True,False,True,False,True,False,False,False,True,False,False,False,False,False,False,False,False,True,False,True,False,False,True,False,False,False,False,False,True,False,False,True,True,False,True,False,False,True,True,True,True,False,True,False,False,False,False,True,True,True,False,True,True,False,False,False,False,False,0,450,0,456,2026-09-25 12:28:36.428311+00:00,2026-09-25 12:28:36.435312+00:00,2026-09-25 12:28:36.436312+00:00,2026-09-25 12:28:36.437312+00:00,2026-09-25 12:28:36.438312+00:00,2026-09-25 12:28:36.450313+00:00,2026-09-25 12:28:36.440312+00:00,2026-09-25 12:28:36.441312+00:00,2026-09-25 12:28:36.442312+00:00,2026-09-25 12:28:36.443312+00:00,2026-09-25 12:28:36.444312+00:00,2026-09-25 12:28:36.445312+00:00,2026-09-25 12:28:36.457313+00:00,2026-09-25 12:28:36.447313+00:00,2026-09-25 12:28:36.459313+00:00,2026-09-25 12:28:36.449313+00:00,2026-09-25 12:28:36.439312+00:00,2026-09-25 12:28:36.451313+00:00,2026-09-25 12:28:36.452313+00:00,2026-09-25 12:28:36.453313+00:00,2026-09-25 12:28:36.466314+00:00,2026-09-25 12:28:36.455313+00:00,2026-09-25 12:28:36.456313+00:00,2026-09-25 12:28:36.446312+00:00,2026-09-25 12:28:36.458313+00:00,2026-09-25 12:28:36.448313+00:00,2026-09-25 12:28:36.460313+00:00,2026-09-25 12:28:36.462313+00:00,2026-09-25 12:28:36.463313+00:00,2026-09-25 12:28:36.464313+00:00,2026-09-25 12:28:36.465314+00:00,2026-09-25 12:28:36.467314+00:00,2026-09-25 12:28:36.468314+00:00,2026-09-25 12:28:36.469314+00:00,2026-09-25 12:28:36.470314+00:00,2026-09-25 12:28:36.471314+00:00,2026-09-25 12:28:36.472314+00:00,2026-09-25 12:28:36.473314+00:00,2026-09-25 12:28:36.474314+00:00,2026-09-25 12:28:36.475314+00:00,2026-09-25 12:28:36.476314+00:00,2026-09-25 12:28:36.477314+00:00,2026-09-25 12:28:36.478314+00:00,2026-09-25 12:28:36.491315+00:00,2026-09-25 12:28:36.481314+00:00,2026-09-25 12:28:36.482315+00:00,2026-09-25 12:28:36.483315+00:00,2026-09-25 12:28:36.484315+00:00,2026-09-25 12:28:36.485315+00:00,2026-09-25 12:28:36.486315+00:00,2026-09-25 12:28:36.487315+00:00,2026-09-25 12:28:36.488315+00:00,2026-09-25 12:28:36.489315+00:00,2026-09-25 12:28:36.490315+00:00,2026-09-25 12:28:36.480314+00:00,2026-09-25 12:28:36.504316+00:00,2026-09-25 12:28:36.493315+00:00,2026-09-25 12:28:36.494315+00:00,2026-09-25 12:28:36.495315+00:00,2026-09-25 12:28:36.496315+00:00,2026-09-25 12:28:36.509316+00:00,2026-09-25 12:28:36.499315+00:00,2026-09-25 12:28:36.500316+00:00,2026-09-25 12:28:36.501316+00:00,2026-09-25 12:28:36.502316+00:00,2026-09-25 12:28:36.503316+00:00,2026-09-25 12:28:36.492315+00:00,2026-09-25 12:28:36.505316+00:00,2026-09-25 12:28:36.506316+00:00,2026-09-25 12:28:36.507316+00:00,2026-09-25 12:28:36.508316+00:00,2026-09-25 12:28:36.498315+00:00,2026-09-25 12:28:36.510316+00:00,2026-09-25 12:28:36.511316+00:00,2026-09-25 12:28:36.512316+00:00,2026-09-25 12:28:36.513316+00:00,2026-09-25 12:28:36.514316+00:00,2026-09-25 12:28:36.516316+00:00,2026-09-25 12:28:36.517317+00:00,2026-09-25 12:28:36.518317+00:00,2026-09-25 12:28:36.519317+00:00,2026-09-25 12:28:36.520317+00:00,2026-09-25 12:28:36.521317+00:00,2026-09-25 12:28:36.521317+00:00,0.803543,1.2444884716810425,True,True,True,False,False,False,True,False,False,True,False,False,False,False,True,False
253,2026-09-25 10:59:31.897752+00:00,2026-09-25 12:28:37.380366+00:00,117.007,True,False,False,False,True,False,False,False,True,False,False,False,False,True,False,False,False,False,True,False,False,True,False,True,False,True,False,False,False,True,False,False,False,False,False,False,False,False,True,False,True,False,False,True,False,False,False,False,False,True,False,False,True,True,False,True,False,False,True,True,True,True,False,True,False,False,False,False,True,True,True,False,True,True,False,False,False,False,False,0,627,0,456,2026-09-25 12:28:37.263359+00:00,2026-09-25 12:28:37.279360+00:00,2026-09-25 12:28:37.281360+00:00,2026-09-25 12:28:37.311362+00:00,2026-09-25 12:28:37.298361+00:00,2026-09-25 12:28:37.286361+00:00,2026-09-25 12:28:37.287361+00:00,2026-09-25 12:28:37.301361+00:00,2026-09-25 12:28:37.290361+00:00,2026-09-25 12:28:37.291361+00:00,2026-09-25 12:28:37.292361+00:00,2026-09-25 12:28:37.293361+00:00,2026-09-25 12:28:37.294361+00:00,2026-09-25 12:28:37.295361+00:00,2026-09-25 12:28:37.283360+00:00,2026-09-25 12:28:37.285360+00:00,2026-09-25 12:28:37.299361+00:00,2026-09-25 12:28:37.300361+00:00,2026-09-25 12:28:37.289361+00:00,2026-09-25 12:28:37.302361+00:00,2026-09-25 12:28:37.320362+00:00,2026-09-25 12:28:37.305362+00:00,2026-09-25 12:28:37.306362+00:00,2026-09-25 12:28:37.308362+00:00,2026-09-25 12:28:37.309362+00:00,2026-09-25 12:28:37.297361+00:00,2026-09-25 12:28:37.312362+00:00,2026-09-25 12:28:37.313362+00:00,2026-09-25 12:28:37.328363+00:00,2026-09-25 12:28:37.316362+00:00,2026-09-25 12:28:37.317362+00:00,2026-09-25 12:28:37.331363+00:00,2026-09-25 12:28:37.322363+00:00,2026-09-25 12:28:37.323363+00:00,2026-09-25 12:28:37.324363+00:00,2026-09-25 12:28:37.325363+00:00,2026-09-25 12:28:37.326363+00:00,2026-09-25 12:28:37.327363+00:00,2026-09-25 12:28:37.315362+00:00,2026-09-25 12:28:37.329363+00:00,2026-09-25 12:28:37.330363+00:00,2026-09-25 12:28:37.319362+00:00,2026-09-25 12:28:37.332363+00:00,2026-09-25 12:28:37.333363+00:00,2026-09-25 12:28:37.334363+00:00,2026-09-25 12:28:37.335363+00:00,2026-09-25 12:28:37.337363+00:00,2026-09-25 12:28:37.339364+00:00,2026-09-25 12:28:37.341364+00:00,2026-09-25 12:28:37.343364+00:00,2026-09-25 12:28:37.344364+00:00,2026-09-25 12:28:37.345364+00:00,2026-09-25 12:28:37.346364+00:00,2026-09-25 12:28:37.347364+00:00,2026-09-25 12:28:37.348364+00:00,2026-09-25 12:28:37.349364+00:00,2026-09-25 12:28:37.350364+00:00,2026-09-25 12:28:37.365365+00:00,2026-09-25 12:28:37.354364+00:00,2026-09-25 12:28:37.355364+00:00,2026-09-25 12:28:37.357365+00:00,2026-09-25 12:28:37.358365+00:00,2026-09-25 12:28:37.359365+00:00,2026-09-25 12:28:37.360365+00:00,2026-09-25 12:28:37.361365+00:00,2026-09-25 12:28:37.362365+00:00,2026-09-25 12:28:37.363365+00:00,2026-09-25 12:28:37.364365+00:00,2026-09-25 12:28:37.352364+00:00,2026-09-25 12:28:37.367365+00:00,2026-09-25 12:28:37.368365+00:00,2026-09-25 12:28:37.369365+00:00,2026-09-25 12:28:37.370365+00:00,2026-09-25 12:28:37.371365+00:00,2026-09-25 12:28:37.372365+00:00,2026-09-25 12:28:37.373365+00:00,2026-09-25 12:28:37.374366+00:00,2026-09-25 12:28:37.375366+00:00,2026-09-25 12:28:37.376366+00:00,2026-09-25 12:28:37.377366+00:00,2026-09-25 12:28:37.378366+00:00,2026-09-25 12:28:37.379366+00:00,2026-09-25 12:28:37.380366+00:00,2026-09-25 12:28:37.380366+00:00,0.761081,1.3139205945227905,True,True,True,False,False,False,True,False,False,True,False,False,False,False,True,False
256,2026-09-25 10:59:33.262461+00:00,2026-09-25 12:28:38.619437+00:00,94.006,True,False,False,False,True,True,False,False,True,False,False,False,False,False,False,False,False,False,False,False,False,False,False,True,True,True,False,False,False,True,False,False,False,False,False,False,False,False,True,False,True,False,False,True,False,False,False,True,False,False,False,False,True,True,False,False,True,True,True,True,True,True,False,True,False,False,False,False,True,True,True,False,True,True,False,False,False,False,False,0,0,8,0,2026-09-25 12:28:38.525431+00:00,2026-09-25 12:28:38.536432+00:00,2026-09-25 12:28:38.537432+00:00,2026-09-25 12:28:38.538432+00:00,2026-09-25 12:28:38.539432+00:00,2026-09-25 12:28:38.540432+00:00,2026-09-25 12:28:38.541432+00:00,2026-09-25 12:28:38.542432+00:00,2026-09-25 12:28:38.543432+00:00,2026-09-25 12:28:38.544432+00:00,2026-09-25 12:28:38.545433+00:00,2026-09-25 12:28:38.546433+00:00,2026-09-25 12:28:38.547433+00:00,2026-09-25 12:28:38.548433+00:00,2026-09-25 12:28:38.549433+00:00,2026-09-25 12:28:38.550433+00:00,2026-09-25 12:28:38.551433+00:00,2026-09-25 12:28:38.552433+00:00,2026-09-25 12:28:38.553433+00:00,2026-09-25 12:28:38.554433+00:00,2026-09-25 12:28:38.555433+00:00,2026-09-25 12:28:38.556433+00:00,2026-09-25 12:28:38.557433+00:00,2026-09-25 12:28:38.558433+00:00,2026-09-25 12:28:38.559433+00:00,2026-09-25 12:28:38.560433+00:00,2026-09-25 12:28:38.561433+00:00,2026-09-25 12:28:38.574434+00:00,2026-09-25 12:28:38.564434+00:00,2026-09-25 12:28:38.565434+00:00,2026-09-25 12:28:38.566434+00:00,2026-09-25 12:28:38.567434+00:00,2026-09-25 12:28:38.568434+00:00,2026-09-25 12:28:38.569434+00:00,2026-09-25 12:28:38.570434+00:00,2026-09-25 12:28:38.571434+00:00,2026-09-25 12:28:38.583435+00:00,2026-09-25 12:28:38.573434+00:00,2026-09-25 12:28:38.562434+00:00,2026-09-25 12:28:38.597436+00:00,2026-09-25 12:28:38.576434+00:00,2026-09-25 12:28:38.577434+00:00,2026-09-25 12:28:38.578434+00:00,2026-09-25 12:28:38.579434+00:00,2026-09-25 12:28:38.580435+00:00,2026-09-25 12:28:38.581435+00:00,2026-09-25 12:28:38.582435+00:00,2026-09-25 12:28:38.572434+00:00,2026-09-25 12:28:38.595435+00:00,2026-09-25 12:28:38.585435+00:00,2026-09-25 12:28:38.575434+00:00,2026-09-25 12:28:38.587435+00:00,2026-09-25 12:28:38.588435+00:00,2026-09-25 12:28:38.589435+00:00,2026-09-25 12:28:38.590435+00:00,2026-09-25 12:28:38.591435+00:00,2026-09-25 12:28:38.592435+00:00,2026-09-25 12:28:38.593435+00:00,2026-09-25 12:28:38.594435+00:00,2026-09-25 12:28:38.584435+00:00,2026-09-25 12:28:38.596435+00:00,2026-09-25 12:28:38.586435+00:00,2026-09-25 12:28:38.598436+00:00,2026-09-25 12:28:38.599436+00:00,2026-09-25 12:28:38.600436+00:00,2026-09-25 12:28:38.612436+00:00,2026-09-25 12:28:38.613436+00:00,2026-09-25 12:28:38.603436+00:00,2026-09-25 12:28:38.604436+00:00,2026-09-25 12:28:38.605436+00:00,2026-09-25 12:28:38.606436+00:00,2026-09-25 12:28:38.607436+00:00,2026-09-25 12:28:38.608436+00:00,2026-09-25 12:28:38.609436+00:00,2026-09-25 12:28:38.610436+00:00,2026-09-25 12:28:38.611436+00:00,2026-09-25 12:28:38.601436+00:00,2026-09-25 12:28:38.614436+00:00,2026-09-25 12:28:38.615437+00:00,2026-09-25 12:28:38.616437+00:00,2026-09-25 12:28:38.617437+00:00,2026-09-25 12:28:38.618437+00:00,2026-09-25 12:28:38.619437+00:00,2026-09-25 12:28:38.619437+00:00,1.364709,0.7327569467190441,True,True,False,False,False,False,True,False,False,True,False,False,False,False,False,False
258,2026-09-25 10:59:34.037438+00:00,2026-09-25 12:28:39.521488+00:00,91.005,True,False,False,False,True,True,False,False,True,False,False,False,False,False,False,False,False,True,False,False,False,False,False,True,True,True,False,False,True,True,False,False,False,False,False,False,True,False,False,False,True,False,True,False,False,False,False,True,False,False,False,False,True,True,False,True,False,False,True,True,True,True,False,True,False,False,False,False,True,True,True,False,True,True,False,False,False,False,False,0,0,201,0,2026-09-25 12:28:39.430483+00:00,2026-09-25 12:28:39.438484+00:00,2026-09-25 12:28:39.443484+00:00,2026-09-25 12:28:39.440484+00:00,2026-09-25 12:28:39.439484+00:00,2026-09-25 12:28:39.441484+00:00,2026-09-25 12:28:39.442484+00:00,2026-09-25 12:28:39.444484+00:00,2026-09-25 12:28:39.445484+00:00,2026-09-25 12:28:39.446484+00:00,2026-09-25 12:28:39.447484+00:00,2026-09-25 12:28:39.448484+00:00,2026-09-25 12:28:39.449484+00:00,2026-09-25 12:28:39.450484+00:00,2026-09-25 12:28:39.451484+00:00,2026-09-25 12:28:39.463485+00:00,2026-09-25 12:28:39.453484+00:00,2026-09-25 12:28:39.454485+00:00,2026-09-25 12:28:39.455485+00:00,2026-09-25 12:28:39.456485+00:00,2026-09-25 12:28:39.457485+00:00,2026-09-25 12:28:39.458485+00:00,2026-09-25 12:28:39.459485+00:00,2026-09-25 12:28:39.460485+00:00,2026-09-25 12:28:39.461485+00:00,2026-09-25 12:28:39.462485+00:00,2026-09-25 12:28:39.464485+00:00,2026-09-25 12:28:39.465485+00:00,2026-09-25 12:28:39.466485+00:00,2026-09-25 12:28:39.467485+00:00,2026-09-25 12:28:39.468485+00:00,2026-09-25 12:28:39.469485+00:00,2026-09-25 12:28:39.470485+00:00,2026-09-25 12:28:39.471485+00:00,2026-09-25 12:28:39.472486+00:00,2026-09-25 12:28:39.473486+00:00,2026-09-25 12:28:39.474486+00:00,2026-09-25 12:28:39.475486+00:00,2026-09-25 12:28:39.476486+00:00,2026-09-25 12:28:39.477486+00:00,2026-09-25 12:28:39.478486+00:00,2026-09-25 12:28:39.479486+00:00,2026-09-25 12:28:39.480486+00:00,2026-09-25 12:28:39.481486+00:00,2026-09-25 12:28:39.482486+00:00,2026-09-25 12:28:39.483486+00:00,2026-09-25 12:28:39.484486+00:00,2026-09-25 12:28:39.485486+00:00,2026-09-25 12:28:39.486486+00:00,2026-09-25 12:28:39.487486+00:00,2026-09-25 12:28:39.488486+00:00,2026-09-25 12:28:39.489487+00:00,2026-09-25 12:28:39.490487+00:00,2026-09-25 12:28:39.491487+00:00,2026-09-25 12:28:39.492487+00:00,2026-09-25 12:28:39.493487+00:00,2026-09-25 12:28:39.494487+00:00,2026-09-25 12:28:39.495487+00:00,2026-09-25 12:28:39.496487+00:00,2026-09-25 12:28:39.497487+00:00,2026-09-25 12:28:39.498487+00:00,2026-09-25 12:28:39.499487+00:00,2026-09-25 12:28:39.511488+00:00,2026-09-25 12:28:39.501487+00:00,2026-09-25 12:28:39.513488+00:00,2026-09-25 12:28:39.503487+00:00,2026-09-25 12:28:39.504487+00:00,2026-09-25 12:28:39.505487+00:00,2026-09-25 12:28:39.506487+00:00,2026-09-25 12:28:39.507488+00:00,2026-09-25 12:28:39.508488+00:00,2026-09-25 12:28:39.509488+00:00,2026-09-25 12:28:39.510488+00:00,2026-09-25 12:28:39.500487+00:00,2026-09-25 12:28:39.512488+00:00,2026-09-25 12:28:39.514488+00:00,2026-09-25 12:28:39.515488+00:00,2026-09-25 12:28:39.516488+00:00,2026-09-25 12:28:39.517488+00:00,2026-09-25 12:28:39.518488+00:00,2026-09-25 12:28:39.519488+00:00,2026-09-25 12:28:39.520488+00:00,2026-09-25 12:28:39.521488+00:00,2026-09-25 12:28:39.521488+00:00,0.774977,1.2903608752259743,True,True,True,False,False,False,True,False,False,True,False,False,False,False,False,False
261,2026-09-25 10:59:35.152935+00:00,2026-09-25 12:28:40.604550+00:00,98.005,True,False,False,False,True,True,False,False,False,False,False,False,False,False,False,False,False,True,False,False,False,False,False,True,True,True,False,False,True,True,False,False,False,False,False,False,True,False,False,False,True,True,False,False,False,False,False,True,False,False,False,False,True,True,True,False,False,False,True,True,True,True,False,True,False,False,False,False,True,True,True,False,True,True,False,False,False,False,False,0,0,433,0,2026-09-25 12:28:40.506545+00:00,2026-09-25 12:28:40.521546+00:00,2026-09-25 12:28:40.531546+00:00,2026-09-25 12:28:40.523546+00:00,2026-09-25 12:28:40.524546+00:00,2026-09-25 12:28:40.525546+00:00,2026-09-25 12:28:40.526546+00:00,2026-09-25 12:28:40.527546+00:00,2026-09-25 12:28:40.528546+00:00,2026-09-25 12:28:40.529546+00:00,2026-09-25 12:28:40.530546+00:00,2026-09-25 12:28:40.522546+00:00,2026-09-25 12:28:40.532546+00:00,2026-09-25 12:28:40.533546+00:00,2026-09-25 12:28:40.534546+00:00,2026-09-25 12:28:40.535546+00:00,2026-09-25 12:28:40.536546+00:00,2026-09-25 12:28:40.537546+00:00,2026-09-25 12:28:40.538547+00:00,2026-09-25 12:28:40.539547+00:00,2026-09-25 12:28:40.540547+00:00,2026-09-25 12:28:40.541547+00:00,2026-09-25 12:28:40.542547+00:00,2026-09-25 12:28:40.543547+00:00,2026-09-25 12:28:40.544547+00:00,2026-09-25 12:28:40.545547+00:00,2026-09-25 12:28:40.546547+00:00,2026-09-25 12:28:40.547547+00:00,2026-09-25 12:28:40.548547+00:00,2026-09-25 12:28:40.549547+00:00,2026-09-25 12:28:40.550547+00:00,2026-09-25 12:28:40.562548+00:00,2026-09-25 12:28:40.552547+00:00,2026-09-25 12:28:40.553547+00:00,2026-09-25 12:28:40.554547+00:00,2026-09-25 12:28:40.555547+00:00,2026-09-25 12:28:40.556548+00:00,2026-09-25 12:28:40.557548+00:00,2026-09-25 12:28:40.558548+00:00,2026-09-25 12:28:40.570548+00:00,2026-09-25 12:28:40.560548+00:00,2026-09-25 12:28:40.561548+00:00,2026-09-25 12:28:40.563548+00:00,2026-09-25 12:28:40.575549+00:00,2026-09-25 12:28:40.565548+00:00,2026-09-25 12:28:40.566548+00:00,2026-09-25 12:28:40.567548+00:00,2026-09-25 12:28:40.568548+00:00,2026-09-25 12:28:40.569548+00:00,2026-09-25 12:28:40.559548+00:00,2026-09-25 12:28:40.571548+00:00,2026-09-25 12:28:40.572548+00:00,2026-09-25 12:28:40.573549+00:00,2026-09-25 12:28:40.574549+00:00,2026-09-25 12:28:40.564548+00:00,2026-09-25 12:28:40.576549+00:00,2026-09-25 12:28:40.577549+00:00,2026-09-25 12:28:40.578549+00:00,2026-09-25 12:28:40.579549+00:00,2026-09-25 12:28:40.580549+00:00,2026-09-25 12:28:40.581549+00:00,2026-09-25 12:28:40.582549+00:00,2026-09-25 12:28:40.583549+00:00,2026-09-25 12:28:40.595550+00:00,2026-09-25 12:28:40.585549+00:00,2026-09-25 12:28:40.586549+00:00,2026-09-25 12:28:40.587549+00:00,2026-09-25 12:28:40.588549+00:00,2026-09-25 12:28:40.589549+00:00,2026-09-25 12:28:40.590550+00:00,2026-09-25 12:28:40.591550+00:00,2026-09-25 12:28:40.592550+00:00,2026-09-25 12:28:40.593550+00:00,2026-09-25 12:28:40.594550+00:00,2026-09-25 12:28:40.584549+00:00,2026-09-25 12:28:40.596550+00:00,2026-09-25 12:28:40.597550+00:00,2026-09-25 12:28:40.598550+00:00,2026-09-25 12:28:40.599550+00:00,2026-09-25 12:28:40.600550+00:00,2026-09-25 12:28:40.604550+00:00,2026-09-25 12:28:40.602550+00:00,2026-09-25 12:28:40.603550+00:00,2026-09-25 12:28:40.604550+00:00,1.115497,0.8964613979239747,True,True,True,False,False,True,True,False,False,True,False,False,False,False,False,False
263,2026-09-25 10:59:35.931631+00:00,2026-09-25 12:28:41.415597+00:00,93.006,True,False,False,False,True,True,False,False,True,False,False,False,False,False,False,False,False,True,False,False,False,False,False,True,True,True,False,False,True,True,False,False,False,False,False,False,True,False,False,False,True,True,False,False,False,False,True,False,False,False,False,False,False,False,True,False,False,False,True,True,True,True,False,True,False,False,False,False,True,True,True,False,True,True,False,False,False,False,False,0,0,0,0,2026-09-25 12:28:41.322591+00:00,2026-09-25 12:28:41.332592+00:00,2026-09-25 12:28:41.333592+00:00,2026-09-25 12:28:41.334592+00:00,2026-09-25 12:28:41.335592+00:00,2026-09-25 12:28:41.336592+00:00,2026-09-25 12:28:41.337592+00:00,2026-09-25 12:28:41.338592+00:00,2026-09-25 12:28:41.339592+00:00,2026-09-25 12:28:41.340592+00:00,2026-09-25 12:28:41.341592+00:00,2026-09-25 12:28:41.342593+00:00,2026-09-25 12:28:41.343593+00:00,2026-09-25 12:28:41.355593+00:00,2026-09-25 12:28:41.345593+00:00,2026-09-25 12:28:41.346593+00:00,2026-09-25 12:28:41.347593+00:00,2026-09-25 12:28:41.348593+00:00,2026-09-25 12:28:41.349593+00:00,2026-09-25 12:28:41.350593+00:00,2026-09-25 12:28:41.351593+00:00,2026-09-25 12:28:41.352593+00:00,2026-09-25 12:28:41.353593+00:00,2026-09-25 12:28:41.354593+00:00,2026-09-25 12:28:41.344593+00:00,2026-09-25 12:28:41.356593+00:00,2026-09-25 12:28:41.357593+00:00,2026-09-25 12:28:41.358593+00:00,2026-09-25 12:28:41.359593+00:00,2026-09-25 12:28:41.360594+00:00,2026-09-25 12:28:41.362594+00:00,2026-09-25 12:28:41.363594+00:00,2026-09-25 12:28:41.364594+00:00,2026-09-25 12:28:41.365594+00:00,2026-09-25 12:28:41.366594+00:00,2026-09-25 12:28:41.367594+00:00,2026-09-25 12:28:41.368594+00:00,2026-09-25 12:28:41.369594+00:00,2026-09-25 12:28:41.381595+00:00,2026-09-25 12:28:41.371594+00:00,2026-09-25 12:28:41.372594+00:00,2026-09-25 12:28:41.373594+00:00,2026-09-25 12:28:41.374594+00:00,2026-09-25 12:28:41.375594+00:00,2026-09-25 12:28:41.376594+00:00,2026-09-25 12:28:41.377595+00:00,2026-09-25 12:28:41.378595+00:00,2026-09-25 12:28:41.379595+00:00,2026-09-25 12:28:41.380595+00:00,2026-09-25 12:28:41.370594+00:00,2026-09-25 12:28:41.382595+00:00,2026-09-25 12:28:41.383595+00:00,2026-09-25 12:28:41.384595+00:00,2026-09-25 12:28:41.385595+00:00,2026-09-25 12:28:41.386595+00:00,2026-09-25 12:28:41.387595+00:00,2026-09-25 12:28:41.388595+00:00,2026-09-25 12:28:41.389595+00:00,2026-09-25 12:28:41.390595+00:00,2026-09-25 12:28:41.391595+00:00,2026-09-25 12:28:41.403596+00:00,2026-09-25 12:28:41.393595+00:00,2026-09-25 12:28:41.394595+00:00,2026-09-25 12:28:41.395596+00:00,2026-09-25 12:28:41.396596+00:00,2026-09-25 12:28:41.397596+00:00,2026-09-25 12:28:41.398596+00:00,2026-09-25 12:28:41.399596+00:00,2026-09-25 12:28:41.411596+00:00,2026-09-25 12:28:41.401596+00:00,2026-09-25 12:28:41.402596+00:00,2026-09-25 12:28:41.392595+00:00,2026-09-25 12:28:41.404596+00:00,2026-09-25 12:28:41.405596+00:00,2026-09-25 12:28:41.406596+00:00,2026-09-25 12:28:41.407596+00:00,2026-09-25 12:28:41.408596+00:00,2026-09-25 12:28:41.409596+00:00,2026-09-25 12:28:41.410596+00:00,2026-09-25 12:28:41.412597+00:00,2026-09-25 12:28:41.413597+00:00,2026-09-25 12:28:41.414597+00:00,2026-09-25 12:28:41.415597+00:00,2026-09-25 12:28:41.415597+00:00,0.778696,1.2841981980130885,True,True,True,False,False,False,True,False,False,True,False,False,False,False,False,False
266,2026-09-25 10:59:37.006160+00:00,2026-09-25 12:28:42.489658+00:00,98.005,True,False,False,False,True,True,False,False,True,False,False,False,False,False,False,False,False,True,False,False,False,False,False,True,True,True,False,False,True,True,False,False,False,False,False,False,True,False,False,False,True,True,False,False,False,False,True,False,True,False,False,False,False,False,False,False,False,True,True,True,True,True,False,True,False,False,False,False,True,True,True,False,True,True,False,False,False,False,False,0,0,0,0,2026-09-25 12:28:42.391653+00:00,2026-09-25 12:28:42.407653+00:00,2026-09-25 12:28:42.408653+00:00,2026-09-25 12:28:42.420654+00:00,2026-09-25 12:28:42.410654+00:00,2026-09-25 12:28:42.411654+00:00,2026-09-25 12:28:42.423654+00:00,2026-09-25 12:28:42.413654+00:00,2026-09-25 12:28:42.414654+00:00,2026-09-25 12:28:42.415654+00:00,2026-09-25 12:28:42.416654+00:00,2026-09-25 12:28:42.417654+00:00,2026-09-25 12:28:42.418654+00:00,2026-09-25 12:28:42.419654+00:00,2026-09-25 12:28:42.409654+00:00,2026-09-25 12:28:42.421654+00:00,2026-09-25 12:28:42.422654+00:00,2026-09-25 12:28:42.412654+00:00,2026-09-25 12:28:42.424654+00:00,2026-09-25 12:28:42.425654+00:00,2026-09-25 12:28:42.426655+00:00,2026-09-25 12:28:42.427655+00:00,2026-09-25 12:28:42.428655+00:00,2026-09-25 12:28:42.429655+00:00,2026-09-25 12:28:42.430655+00:00,2026-09-25 12:28:42.442655+00:00,2026-09-25 12:28:42.432655+00:00,2026-09-25 12:28:42.433655+00:00,2026-09-25 12:28:42.434655+00:00,2026-09-25 12:28:42.435655+00:00,2026-09-25 12:28:42.447656+00:00,2026-09-25 12:28:42.437655+00:00,2026-09-25 12:28:42.438655+00:00,2026-09-25 12:28:42.439655+00:00,2026-09-25 12:28:42.440655+00:00,2026-09-25 12:28:42.441655+00:00,2026-09-25 12:28:42.431655+00:00,2026-09-25 12:28:42.443655+00:00,2026-09-25 12:28:42.444656+00:00,2026-09-25 12:28:42.445656+00:00,2026-09-25 12:28:42.446656+00:00,2026-09-25 12:28:42.436655+00:00,2026-09-25 12:28:42.448656+00:00,2026-09-25 12:28:42.449656+00:00,2026-09-25 12:28:42.461657+00:00,2026-09-25 12:28:42.451656+00:00,2026-09-25 12:28:42.452656+00:00,2026-09-25 12:28:42.453656+00:00,2026-09-25 12:28:42.454656+00:00,2026-09-25 12:28:42.455656+00:00,2026-09-25 12:28:42.456656+00:00,2026-09-25 12:28:42.457656+00:00,2026-09-25 12:28:42.458656+00:00,2026-09-25 12:28:42.459656+00:00,2026-09-25 12:28:42.460656+00:00,2026-09-25 12:28:42.462657+00:00,2026-09-25 12:28:42.463657+00:00,2026-09-25 12:28:42.464657+00:00,2026-09-25 12:28:42.465657+00:00,2026-09-25 12:28:42.466657+00:00,2026-09-25 12:28:42.467657+00:00,2026-09-25 12:28:42.479658+00:00,2026-09-25 12:28:42.469657+00:00,2026-09-25 12:28:42.470657+00:00,2026-09-25 12:28:42.471657+00:00,2026-09-25 12:28:42.472657+00:00,2026-09-25 12:28:42.473657+00:00,2026-09-25 12:28:42.474657+00:00,2026-09-25 12:28:42.475657+00:00,2026-09-25 12:28:42.476657+00:00,2026-09-25 12:28:42.477657+00:00,2026-09-25 12:28:42.478657+00:00,2026-09-25 12:28:42.468657+00:00,2026-09-25 12:28:42.480658+00:00,2026-09-25 12:28:42.481658+00:00,2026-09-25 12:28:42.482658+00:00,2026-09-25 12:28:42.483658+00:00,2026-09-25 12:28:42.484658+00:00,2026-09-25 12:28:42.485658+00:00,2026-09-25 12:28:42.486658+00:00,2026-09-25 12:28:42.487658+00:00,2026-09-25 12:28:42.488658+00:00,2026-09-25 12:28:42.489658+00:00,2026-09-25 12:28:42.489658+00:00,1.074529,0.9306403084514238,True,True,True,False,False,False,True,False,False,True,False,False,False,False,False,False
269,2026-09-25 10:59:38.174031+00:00,2026-09-25 12:28:43.657725+00:00,93.005,True,False,False,False,True,True,False,False,True,False,False,False,False,False,False,False,False,False,True,False,False,True,False,False,True,True,False,False,True,True,False,False,False,True,False,False,False,False,False,False,True,False,False,False,False,False,True,False,True,False,False,False,False,False,False,True,True,False,True,True,True,True,False,True,False,False,False,False,True,True,True,False,True,True,False,False,False,False,False,0,0,0,0,2026-09-25 12:28:43.564720+00:00,2026-09-25 12:28:43.573720+00:00,2026-09-25 12:28:43.574720+00:00,2026-09-25 12:28:43.575720+00:00,2026-09-25 12:28:43.576720+00:00,2026-09-25 12:28:43.577720+00:00,2026-09-25 12:28:43.578720+00:00,2026-09-25 12:28:43.579720+00:00,2026-09-25 12:28:43.580721+00:00,2026-09-25 12:28:43.581721+00:00,2026-09-25 12:28:43.582721+00:00,2026-09-25 12:28:43.583721+00:00,2026-09-25 12:28:43.584721+00:00,2026-09-25 12:28:43.585721+00:00,2026-09-25 12:28:43.586721+00:00,2026-09-25 12:28:43.587721+00:00,2026-09-25 12:28:43.588721+00:00,2026-09-25 12:28:43.589721+00:00,2026-09-25 12:28:43.590721+00:00,2026-09-25 12:28:43.591721+00:00,2026-09-25 12:28:43.603722+00:00,2026-09-25 12:28:43.593721+00:00,2026-09-25 12:28:43.594721+00:00,2026-09-25 12:28:43.595721+00:00,2026-09-25 12:28:43.596721+00:00,2026-09-25 12:28:43.597722+00:00,2026-09-25 12:28:43.598722+00:00,2026-09-25 12:28:43.610722+00:00,2026-09-25 12:28:43.600722+00:00,2026-09-25 12:28:43.601722+00:00,2026-09-25 12:28:43.613722+00:00,2026-09-25 12:28:43.592721+00:00,2026-09-25 12:28:43.604722+00:00,2026-09-25 12:28:43.605722+00:00,2026-09-25 12:28:43.606722+00:00,2026-09-25 12:28:43.607722+00:00,2026-09-25 12:28:43.608722+00:00,2026-09-25 12:28:43.609722+00:00,2026-09-25 12:28:43.611722+00:00,2026-09-25 12:28:43.612722+00:00,2026-09-25 12:28:43.602722+00:00,2026-09-25 12:28:43.614722+00:00,2026-09-25 12:28:43.615723+00:00,2026-09-25 12:28:43.616723+00:00,2026-09-25 12:28:43.617723+00:00,2026-09-25 12:28:43.618723+00:00,2026-09-25 12:28:43.619723+00:00,2026-09-25 12:28:43.620723+00:00,2026-09-25 12:28:43.632724+00:00,2026-09-25 12:28:43.622723+00:00,2026-09-25 12:28:43.623723+00:00,2026-09-25 12:28:43.624723+00:00,2026-09-25 12:28:43.625723+00:00,2026-09-25 12:28:43.626723+00:00,2026-09-25 12:28:43.627723+00:00,2026-09-25 12:28:43.628723+00:00,2026-09-25 12:28:43.629723+00:00,2026-09-25 12:28:43.630723+00:00,2026-09-25 12:28:43.631723+00:00,2026-09-25 12:28:43.621723+00:00,2026-09-25 12:28:43.633724+00:00,2026-09-25 12:28:43.634724+00:00,2026-09-25 12:28:43.635724+00:00,2026-09-25 12:28:43.636724+00:00,2026-09-25 12:28:43.648724+00:00,2026-09-25 12:28:43.638724+00:00,2026-09-25 12:28:43.639724+00:00,2026-09-25 12:28:43.640724+00:00,2026-09-25 12:28:43.641724+00:00,2026-09-25 12:28:43.642724+00:00,2026-09-25 12:28:43.643724+00:00,2026-09-25 12:28:43.644724+00:00,2026-09-25 12:28:43.645724+00:00,2026-09-25 12:28:43.646724+00:00,2026-09-25 12:28:43.647724+00:00,2026-09-25 12:28:43.637724+00:00,2026-09-25 12:28:43.657725+00:00,2026-09-25 12:28:43.650725+00:00,2026-09-25 12:28:43.651725+00:00,2026-09-25 12:28:43.652725+00:00,2026-09-25 12:28:43.653725+00:00,2026-09-25 12:28:43.654725+00:00,2026-09-25 12:28:43.656725+00:00,2026-09-25 12:28:43.657725+00:00,1.167871,0.85625895325768,True,True,True,False,False,False,True,False,False,True,False,False,False,False,False,False
271,2026-09-25 10:59:38.878742+00:00,2026-09-25 12:28:44.360765+00:00,93.005,True,False,False,False,True,False,False,False,True,False,False,False,False,False,True,False,False,False,True,False,False,True,False,False,True,True,False,False,True,True,False,False,False,True,False,False,False,False,False,True,False,False,False,True,False,False,False,False,True,False,False,False,False,False,False,True,True,False,True,True,True,True,False,True,False,False,False,False,True,True,True,False,True,True,False,False,False,False,False,0,0,0,0,2026-09-25 12:28:44.267760+00:00,2026-09-25 12:28:44.277760+00:00,2026-09-25 12:28:44.278760+00:00,2026-09-25 12:28:44.279761+00:00,2026-09-25 12:28:44.280761+00:00,2026-09-25 12:28:44.281761+00:00,2026-09-25 12:28:44.282761+00:00,2026-09-25 12:28:44.283761+00:00,2026-09-25 12:28:44.284761+00:00,2026-09-25 12:28:44.285761+00:00,2026-09-25 12:28:44.286761+00:00,2026-09-25 12:28:44.287761+00:00,2026-09-25 12:28:44.288761+00:00,2026-09-25 12:28:44.289761+00:00,2026-09-25 12:28:44.290761+00:00,2026-09-25 12:28:44.291761+00:00,2026-09-25 12:28:44.292761+00:00,2026-09-25 12:28:44.293761+00:00,2026-09-25 12:28:44.294761+00:00,2026-09-25 12:28:44.295761+00:00,2026-09-25 12:28:44.296761+00:00,2026-09-25 12:28:44.297762+00:00,2026-09-25 12:28:44.309762+00:00,2026-09-25 12:28:44.299762+00:00,2026-09-25 12:28:44.300762+00:00,2026-09-25 12:28:44.301762+00:00,2026-09-25 12:28:44.302762+00:00,2026-09-25 12:28:44.303762+00:00,2026-09-25 12:28:44.304762+00:00,2026-09-25 12:28:44.305762+00:00,2026-09-25 12:28:44.306762+00:00,2026-09-25 12:28:44.307762+00:00,2026-09-25 12:28:44.308762+00:00,2026-09-25 12:28:44.310762+00:00,2026-09-25 12:28:44.311762+00:00,2026-09-25 12:28:44.323763+00:00,2026-09-25 12:28:44.313762+00:00,2026-09-25 12:28:44.314763+00:00,2026-09-25 12:28:44.315763+00:00,2026-09-25 12:28:44.316763+00:00,2026-09-25 12:28:44.317763+00:00,2026-09-25 12:28:44.318763+00:00,2026-09-25 12:28:44.319763+00:00,2026-09-25 12:28:44.320763+00:00,2026-09-25 12:28:44.321763+00:00,2026-09-25 12:28:44.322763+00:00,2026-09-25 12:28:44.312762+00:00,2026-09-25 12:28:44.324763+00:00,2026-09-25 12:28:44.325763+00:00,2026-09-25 12:28:44.326763+00:00,2026-09-25 12:28:44.327763+00:00,2026-09-25 12:28:44.328763+00:00,2026-09-25 12:28:44.329763+00:00,2026-09-25 12:28:44.330763+00:00,2026-09-25 12:28:44.331763+00:00,2026-09-25 12:28:44.332764+00:00,2026-09-25 12:28:44.333764+00:00,2026-09-25 12:28:44.334764+00:00,2026-09-25 12:28:44.335764+00:00,2026-09-25 12:28:44.336764+00:00,2026-09-25 12:28:44.337764+00:00,2026-09-25 12:28:44.338764+00:00,2026-09-25 12:28:44.339764+00:00,2026-09-25 12:28:44.340764+00:00,2026-09-25 12:28:44.341764+00:00,2026-09-25 12:28:44.342764+00:00,2026-09-25 12:28:44.343764+00:00,2026-09-25 12:28:44.344764+00:00,2026-09-25 12:28:44.345764+00:00,2026-09-25 12:28:44.346764+00:00,2026-09-25 12:28:44.347764+00:00,2026-09-25 12:28:44.359765+00:00,2026-09-25 12:28:44.349765+00:00,2026-09-25 12:28:44.350765+00:00,2026-09-25 12:28:44.351765+00:00,2026-09-25 12:28:44.352765+00:00,2026-09-25 12:28:44.353765+00:00,2026-09-25 12:28:44.354765+00:00,2026-09-25 12:28:44.355765+00:00,2026-09-25 12:28:44.356765+00:00,2026-09-25 12:28:44.357765+00:00,2026-09-25 12:28:44.358765+00:00,2026-09-25 12:28:44.360765+00:00,2026-09-25 12:28:44.360765+00:00,0.704711,1.4190214144521656,True,True,True,False,False,False,True,False,False,True,False,False,False,False,False,False
274,2026-09-25 10:59:40.029106+00:00,2026-09-25 12:28:45.512831+00:00,98.006,True,False,False,False,True,False,False,False,True,False,False,False,False,False,True,False,False,False,True,False,False,True,False,False,True,True,False,False,True,True,False,False,False,True,False,False,False,False,False,True,False,False,False,True,False,False,False,False,True,False,False,False,False,False,False,True,False,False,True,True,True,True,False,True,False,False,False,False,True,True,True,False,True,True,False,False,False,False,False,0,0,0,0,2026-09-25 12:28:45.414825+00:00,2026-09-25 12:28:45.426826+00:00,2026-09-25 12:28:45.438827+00:00,2026-09-25 12:28:45.428826+00:00,2026-09-25 12:28:45.429826+00:00,2026-09-25 12:28:45.430826+00:00,2026-09-25 12:28:45.477829+00:00,2026-09-25 12:28:45.432826+00:00,2026-09-25 12:28:45.433827+00:00,2026-09-25 12:28:45.434827+00:00,2026-09-25 12:28:45.435827+00:00,2026-09-25 12:28:45.436827+00:00,2026-09-25 12:28:45.437827+00:00,2026-09-25 12:28:45.427826+00:00,2026-09-25 12:28:45.439827+00:00,2026-09-25 12:28:45.440827+00:00,2026-09-25 12:28:45.441827+00:00,2026-09-25 12:28:45.431826+00:00,2026-09-25 12:28:45.443827+00:00,2026-09-25 12:28:45.444827+00:00,2026-09-25 12:28:45.445827+00:00,2026-09-25 12:28:45.446827+00:00,2026-09-25 12:28:45.447827+00:00,2026-09-25 12:28:45.461828+00:00,2026-09-25 12:28:45.450827+00:00,2026-09-25 12:28:45.451828+00:00,2026-09-25 12:28:45.452828+00:00,2026-09-25 12:28:45.453828+00:00,2026-09-25 12:28:45.442827+00:00,2026-09-25 12:28:45.455828+00:00,2026-09-25 12:28:45.456828+00:00,2026-09-25 12:28:45.457828+00:00,2026-09-25 12:28:45.458828+00:00,2026-09-25 12:28:45.459828+00:00,2026-09-25 12:28:45.449827+00:00,2026-09-25 12:28:45.462828+00:00,2026-09-25 12:28:45.474829+00:00,2026-09-25 12:28:45.464828+00:00,2026-09-25 12:28:45.465828+00:00,2026-09-25 12:28:45.454828+00:00,2026-09-25 12:28:45.467828+00:00,2026-09-25 12:28:45.468829+00:00,2026-09-25 12:28:45.469829+00:00,2026-09-25 12:28:45.470829+00:00,2026-09-25 12:28:45.471829+00:00,2026-09-25 12:28:45.472829+00:00,2026-09-25 12:28:45.473829+00:00,2026-09-25 12:28:45.463828+00:00,2026-09-25 12:28:45.475829+00:00,2026-09-25 12:28:45.476829+00:00,2026-09-25 12:28:45.466828+00:00,2026-09-25 12:28:45.478829+00:00,2026-09-25 12:28:45.479829+00:00,2026-09-25 12:28:45.480829+00:00,2026-09-25 12:28:45.481829+00:00,2026-09-25 12:28:45.483829+00:00,2026-09-25 12:28:45.484829+00:00,2026-09-25 12:28:45.485829+00:00,2026-09-25 12:28:45.486830+00:00,2026-09-25 12:28:45.487830+00:00,2026-09-25 12:28:45.488830+00:00,2026-09-25 12:28:45.489830+00:00,2026-09-25 12:28:45.490830+00:00,2026-09-25 12:28:45.491830+00:00,2026-09-25 12:28:45.503831+00:00,2026-09-25 12:28:45.493830+00:00,2026-09-25 12:28:45.494830+00:00,2026-09-25 12:28:45.495830+00:00,2026-09-25 12:28:45.496830+00:00,2026-09-25 12:28:45.497830+00:00,2026-09-25 12:28:45.510831+00:00,2026-09-25 12:28:45.499830+00:00,2026-09-25 12:28:45.500830+00:00,2026-09-25 12:28:45.501830+00:00,2026-09-25 12:28:45.502830+00:00,2026-09-25 12:28:45.492830+00:00,2026-09-25 12:28:45.504831+00:00,2026-09-25 12:28:45.505831+00:00,2026-09-25 12:28:45.506831+00:00,2026-09-25 12:28:45.507831+00:00,2026-09-25 12:28:45.508831+00:00,2026-09-25 12:28:45.511831+00:00,2026-09-25 12:28:45.512831+00:00,2026-09-25 12:28:45.512831+00:00,1.150364,0.869290068187113,True,True,True,False,False,False,True,False,False,True,False,False,False,False,False,False
276,2026-09-25 10:59:40.790366+00:00,2026-09-25 12:28:46.251873+00:00,121.007,True,False,False,False,False,False,True,False,True,False,False,False,False,False,False,True,False,False,False,False,False,False,False,False,True,True,False,False,True,True,False,False,False,True,False,False,False,False,False,True,False,False,False,True,True,False,False,False,False,False,True,False,False,False,False,True,False,True,False,False,True,True,False,True,False,False,False,False,True,True,True,False,True,True,False,False,False,False,False,0,0,0,0,2026-09-25 12:28:46.130866+00:00,2026-09-25 12:28:46.164868+00:00,2026-09-25 12:28:46.166868+00:00,2026-09-25 12:28:46.167869+00:00,2026-09-25 12:28:46.168869+00:00,2026-09-25 12:28:46.180869+00:00,2026-09-25 12:28:46.170869+00:00,2026-09-25 12:28:46.182869+00:00,2026-09-25 12:28:46.172869+00:00,2026-09-25 12:28:46.173869+00:00,2026-09-25 12:28:46.174869+00:00,2026-09-25 12:28:46.175869+00:00,2026-09-25 12:28:46.176869+00:00,2026-09-25 12:28:46.177869+00:00,2026-09-25 12:28:46.178869+00:00,2026-09-25 12:28:46.179869+00:00,2026-09-25 12:28:46.169869+00:00,2026-09-25 12:28:46.181869+00:00,2026-09-25 12:28:46.171869+00:00,2026-09-25 12:28:46.183869+00:00,2026-09-25 12:28:46.184869+00:00,2026-09-25 12:28:46.185870+00:00,2026-09-25 12:28:46.186870+00:00,2026-09-25 12:28:46.187870+00:00,2026-09-25 12:28:46.188870+00:00,2026-09-25 12:28:46.189870+00:00,2026-09-25 12:28:46.190870+00:00,2026-09-25 12:28:46.191870+00:00,2026-09-25 12:28:46.192870+00:00,2026-09-25 12:28:46.193870+00:00,2026-09-25 12:28:46.194870+00:00,2026-09-25 12:28:46.196870+00:00,2026-09-25 12:28:46.210871+00:00,2026-09-25 12:28:46.199870+00:00,2026-09-25 12:28:46.200870+00:00,2026-09-25 12:28:46.201870+00:00,2026-09-25 12:28:46.202871+00:00,2026-09-25 12:28:46.203871+00:00,2026-09-25 12:28:46.204871+00:00,2026-09-25 12:28:46.205871+00:00,2026-09-25 12:28:46.206871+00:00,2026-09-25 12:28:46.207871+00:00,2026-09-25 12:28:46.208871+00:00,2026-09-25 12:28:46.198870+00:00,2026-09-25 12:28:46.222872+00:00,2026-09-25 12:28:46.212871+00:00,2026-09-25 12:28:46.224872+00:00,2026-09-25 12:28:46.214871+00:00,2026-09-25 12:28:46.215871+00:00,2026-09-25 12:28:46.216871+00:00,2026-09-25 12:28:46.217871+00:00,2026-09-25 12:28:46.218871+00:00,2026-09-25 12:28:46.219871+00:00,2026-09-25 12:28:46.220872+00:00,2026-09-25 12:28:46.221872+00:00,2026-09-25 12:28:46.211871+00:00,2026-09-25 12:28:46.223872+00:00,2026-09-25 12:28:46.213871+00:00,2026-09-25 12:28:46.225872+00:00,2026-09-25 12:28:46.226872+00:00,2026-09-25 12:28:46.227872+00:00,2026-09-25 12:28:46.229872+00:00,2026-09-25 12:28:46.242873+00:00,2026-09-25 12:28:46.232872+00:00,2026-09-25 12:28:46.233872+00:00,2026-09-25 12:28:46.234872+00:00,2026-09-25 12:28:46.235872+00:00,2026-09-25 12:28:46.236872+00:00,2026-09-25 12:28:46.237873+00:00,2026-09-25 12:28:46.238873+00:00,2026-09-25 12:28:46.239873+00:00,2026-09-25 12:28:46.240873+00:00,2026-09-25 12:28:46.241873+00:00,2026-09-25 12:28:46.231872+00:00,2026-09-25 12:28:46.243873+00:00,2026-09-25 12:28:46.244873+00:00,2026-09-25 12:28:46.245873+00:00,2026-09-25 12:28:46.246873+00:00,2026-09-25 12:28:46.247873+00:00,2026-09-25 12:28:46.248873+00:00,2026-09-25 12:28:46.249873+00:00,2026-09-25 12:28:46.250873+00:00,2026-09-25 12:28:46.251873+00:00,2026-09-25 12:28:46.251873+00:00,0.76126,1.313611643853611,True,True,True,False,False,False,True,False,False,True,False,False,False,False,False,False
279,2026-09-25 10:59:42.056501+00:00,2026-09-25 12:28:47.539947+00:00,104.006,True,False,False,False,False,False,True,False,False,False,False,False,False,False,False,True,False,False,False,False,False,False,False,False,True,True,False,False,True,True,False,False,False,True,False,False,False,False,False,True,False,False,False,True,True,False,False,False,False,False,True,False,False,False,False,True,False,True,False,False,True,True,False,True,False,False,False,False,True,True,True,False,True,True,False,False,False,False,False,0,0,0,0,2026-09-25 12:28:47.435941+00:00,2026-09-25 12:28:47.445942+00:00,2026-09-25 12:28:47.447942+00:00,2026-09-25 12:28:47.462943+00:00,2026-09-25 12:28:47.450942+00:00,2026-09-25 12:28:47.451942+00:00,2026-09-25 12:28:47.452942+00:00,2026-09-25 12:28:47.453942+00:00,2026-09-25 12:28:47.454942+00:00,2026-09-25 12:28:47.455942+00:00,2026-09-25 12:28:47.456942+00:00,2026-09-25 12:28:47.457942+00:00,2026-09-25 12:28:47.458942+00:00,2026-09-25 12:28:47.461943+00:00,2026-09-25 12:28:47.449942+00:00,2026-09-25 12:28:47.463943+00:00,2026-09-25 12:28:47.464943+00:00,2026-09-25 12:28:47.465943+00:00,2026-09-25 12:28:47.466943+00:00,2026-09-25 12:28:47.467943+00:00,2026-09-25 12:28:47.468943+00:00,2026-09-25 12:28:47.469943+00:00,2026-09-25 12:28:47.470943+00:00,2026-09-25 12:28:47.471943+00:00,2026-09-25 12:28:47.460942+00:00,2026-09-25 12:28:47.473943+00:00,2026-09-25 12:28:47.474943+00:00,2026-09-25 12:28:47.491944+00:00,2026-09-25 12:28:47.478943+00:00,2026-09-25 12:28:47.480944+00:00,2026-09-25 12:28:47.482944+00:00,2026-09-25 12:28:47.483944+00:00,2026-09-25 12:28:47.484944+00:00,2026-09-25 12:28:47.486944+00:00,2026-09-25 12:28:47.487944+00:00,2026-09-25 12:28:47.488944+00:00,2026-09-25 12:28:47.489944+00:00,2026-09-25 12:28:47.490944+00:00,2026-09-25 12:28:47.476943+00:00,2026-09-25 12:28:47.492944+00:00,2026-09-25 12:28:47.493944+00:00,2026-09-25 12:28:47.494944+00:00,2026-09-25 12:28:47.495944+00:00,2026-09-25 12:28:47.509945+00:00,2026-09-25 12:28:47.498945+00:00,2026-09-25 12:28:47.499945+00:00,2026-09-25 12:28:47.500945+00:00,2026-09-25 12:28:47.501945+00:00,2026-09-25 12:28:47.502945+00:00,2026-09-25 12:28:47.503945+00:00,2026-09-25 12:28:47.504945+00:00,2026-09-25 12:28:47.505945+00:00,2026-09-25 12:28:47.507945+00:00,2026-09-25 12:28:47.508945+00:00,2026-09-25 12:28:47.510945+00:00,2026-09-25 12:28:47.511945+00:00,2026-09-25 12:28:47.512945+00:00,2026-09-25 12:28:47.513945+00:00,2026-09-25 12:28:47.514946+00:00,2026-09-25 12:28:47.515946+00:00,2026-09-25 12:28:47.516946+00:00,2026-09-25 12:28:47.517946+00:00,2026-09-25 12:28:47.518946+00:00,2026-09-25 12:28:47.519946+00:00,2026-09-25 12:28:47.520946+00:00,2026-09-25 12:28:47.522946+00:00,2026-09-25 12:28:47.523946+00:00,2026-09-25 12:28:47.524946+00:00,2026-09-25 12:28:47.525946+00:00,2026-09-25 12:28:47.526946+00:00,2026-09-25 12:28:47.527946+00:00,2026-09-25 12:28:47.528946+00:00,2026-09-25 12:28:47.529946+00:00,2026-09-25 12:28:47.530946+00:00,2026-09-25 12:28:47.531947+00:00,2026-09-25 12:28:47.532947+00:00,2026-09-25 12:28:47.533947+00:00,2026-09-25 12:28:47.534947+00:00,2026-09-25 12:28:47.535947+00:00,2026-09-25 12:28:47.536947+00:00,2026-09-25 12:28:47.537947+00:00,2026-09-25 12:28:47.538947+00:00,2026-09-25 12:28:47.539947+00:00,2026-09-25 12:28:47.539947+00:00,1.266135,0.7898051945487645,True,True,True,False,False,True,True,False,False,True,False,False,False,False,False,False
281,2026-09-25 10:59:42.945828+00:00,2026-09-25 12:28:48.428998+00:00,170.01,True,False,False,False,False,False,True,False,False,False,False,False,False,False,False,True,False,False,False,False,False,False,False,False,True,True,False,False,True,True,False,False,False,True,False,False,False,False,False,False,True,False,False,True,True,False,False,False,False,False,True,False,False,False,False,True,False,True,False,True,True,True,False,True,False,False,False,False,True,True,True,False,True,True,False,False,False,False,False,0,0,0,0,2026-09-25 12:28:48.258988+00:00,2026-09-25 12:28:48.278989+00:00,2026-09-25 12:28:48.262988+00:00,2026-09-25 12:28:48.264988+00:00,2026-09-25 12:28:48.266989+00:00,2026-09-25 12:28:48.268989+00:00,2026-09-25 12:28:48.270989+00:00,2026-09-25 12:28:48.272989+00:00,2026-09-25 12:28:48.274989+00:00,2026-09-25 12:28:48.276989+00:00,2026-09-25 12:28:48.260988+00:00,2026-09-25 12:28:48.280989+00:00,2026-09-25 12:28:48.282989+00:00,2026-09-25 12:28:48.284990+00:00,2026-09-25 12:28:48.286990+00:00,2026-09-25 12:28:48.288990+00:00,2026-09-25 12:28:48.290990+00:00,2026-09-25 12:28:48.292990+00:00,2026-09-25 12:28:48.294990+00:00,2026-09-25 12:28:48.296990+00:00,2026-09-25 12:28:48.298990+00:00,2026-09-25 12:28:48.300991+00:00,2026-09-25 12:28:48.326992+00:00,2026-09-25 12:28:48.304991+00:00,2026-09-25 12:28:48.306991+00:00,2026-09-25 12:28:48.308991+00:00,2026-09-25 12:28:48.310991+00:00,2026-09-25 12:28:48.312991+00:00,2026-09-25 12:28:48.314991+00:00,2026-09-25 12:28:48.316991+00:00,2026-09-25 12:28:48.318992+00:00,2026-09-25 12:28:48.322992+00:00,2026-09-25 12:28:48.324992+00:00,2026-09-25 12:28:48.302991+00:00,2026-09-25 12:28:48.328992+00:00,2026-09-25 12:28:48.330992+00:00,2026-09-25 12:28:48.332992+00:00,2026-09-25 12:28:48.334992+00:00,2026-09-25 12:28:48.336993+00:00,2026-09-25 12:28:48.338993+00:00,2026-09-25 12:28:48.340993+00:00,2026-09-25 12:28:48.342993+00:00,2026-09-25 12:28:48.344993+00:00,2026-09-25 12:28:48.346993+00:00,2026-09-25 12:28:48.348993+00:00,2026-09-25 12:28:48.350993+00:00,2026-09-25 12:28:48.352993+00:00,2026-09-25 12:28:48.354994+00:00,2026-09-25 12:28:48.356994+00:00,2026-09-25 12:28:48.358994+00:00,2026-09-25 12:28:48.360994+00:00,2026-09-25 12:28:48.362994+00:00,2026-09-25 12:28:48.364994+00:00,2026-09-25 12:28:48.366994+00:00,2026-09-25 12:28:48.368994+00:00,2026-09-25 12:28:48.372995+00:00,2026-09-25 12:28:48.374995+00:00,2026-09-25 12:28:48.376995+00:00,2026-09-25 12:28:48.378995+00:00,2026-09-25 12:28:48.380995+00:00,2026-09-25 12:28:48.382995+00:00,2026-09-25 12:28:48.384995+00:00,2026-09-25 12:28:48.386995+00:00,2026-09-25 12:28:48.388996+00:00,2026-09-25 12:28:48.390996+00:00,2026-09-25 12:28:48.392996+00:00,2026-09-25 12:28:48.394996+00:00,2026-09-25 12:28:48.418997+00:00,2026-09-25 12:28:48.398996+00:00,2026-09-25 12:28:48.400996+00:00,2026-09-25 12:28:48.402996+00:00,2026-09-25 12:28:48.404996+00:00,2026-09-25 12:28:48.406997+00:00,2026-09-25 12:28:48.408997+00:00,2026-09-25 12:28:48.410997+00:00,2026-09-25 12:28:48.412997+00:00,2026-09-25 12:28:48.414997+00:00,2026-09-25 12:28:48.416997+00:00,2026-09-25 12:28:48.420997+00:00,2026-09-25 12:28:48.422997+00:00,2026-09-25 12:28:48.424998+00:00,2026-09-25 12:28:48.426998+00:00,2026-09-25 12:28:48.428998+00:00,2026-09-25 12:28:48.428998+00:00,0.889327,1.1244457887818542,True,True,True,False,False,True,True,False,False,True,False,False,False,False,False,False
284,2026-09-25 10:59:44.113567+00:00,2026-09-25 12:28:49.491059+00:00,94.006,True,False,False,False,False,False,True,False,False,False,False,False,False,False,False,True,False,False,False,False,False,False,False,False,True,True,False,False,True,True,False,False,False,True,False,False,False,False,False,True,False,False,False,True,True,False,False,False,False,False,True,False,False,False,False,True,False,True,False,False,True,True,False,True,False,False,False,False,True,True,True,False,True,True,False,False,False,False,False,0,0,0,0,2026-09-25 12:28:49.397053+00:00,2026-09-25 12:28:49.409054+00:00,2026-09-25 12:28:49.410054+00:00,2026-09-25 12:28:49.433055+00:00,2026-09-25 12:28:49.412054+00:00,2026-09-25 12:28:49.413054+00:00,2026-09-25 12:28:49.414054+00:00,2026-09-25 12:28:49.415054+00:00,2026-09-25 12:28:49.416054+00:00,2026-09-25 12:28:49.417054+00:00,2026-09-25 12:28:49.418054+00:00,2026-09-25 12:28:49.419054+00:00,2026-09-25 12:28:49.420055+00:00,2026-09-25 12:28:49.421055+00:00,2026-09-25 12:28:49.411054+00:00,2026-09-25 12:28:49.423055+00:00,2026-09-25 12:28:49.424055+00:00,2026-09-25 12:28:49.425055+00:00,2026-09-25 12:28:49.426055+00:00,2026-09-25 12:28:49.427055+00:00,2026-09-25 12:28:49.428055+00:00,2026-09-25 12:28:49.429055+00:00,2026-09-25 12:28:49.430055+00:00,2026-09-25 12:28:49.431055+00:00,2026-09-25 12:28:49.432055+00:00,2026-09-25 12:28:49.422055+00:00,2026-09-25 12:28:49.434055+00:00,2026-09-25 12:28:49.435055+00:00,2026-09-25 12:28:49.447056+00:00,2026-09-25 12:28:49.448056+00:00,2026-09-25 12:28:49.438056+00:00,2026-09-25 12:28:49.439056+00:00,2026-09-25 12:28:49.440056+00:00,2026-09-25 12:28:49.441056+00:00,2026-09-25 12:28:49.442056+00:00,2026-09-25 12:28:49.443056+00:00,2026-09-25 12:28:49.444056+00:00,2026-09-25 12:28:49.445056+00:00,2026-09-25 12:28:49.458057+00:00,2026-09-25 12:28:49.436055+00:00,2026-09-25 12:28:49.437055+00:00,2026-09-25 12:28:49.449056+00:00,2026-09-25 12:28:49.450056+00:00,2026-09-25 12:28:49.451056+00:00,2026-09-25 12:28:49.452056+00:00,2026-09-25 12:28:49.453056+00:00,2026-09-25 12:28:49.454056+00:00,2026-09-25 12:28:49.455057+00:00,2026-09-25 12:28:49.456057+00:00,2026-09-25 12:28:49.457057+00:00,2026-09-25 12:28:49.459057+00:00,2026-09-25 12:28:49.460057+00:00,2026-09-25 12:28:49.461057+00:00,2026-09-25 12:28:49.462057+00:00,2026-09-25 12:28:49.463057+00:00,2026-09-25 12:28:49.464057+00:00,2026-09-25 12:28:49.465057+00:00,2026-09-25 12:28:49.466057+00:00,2026-09-25 12:28:49.467057+00:00,2026-09-25 12:28:49.468057+00:00,2026-09-25 12:28:49.469057+00:00,2026-09-25 12:28:49.470057+00:00,2026-09-25 12:28:49.471057+00:00,2026-09-25 12:28:49.472057+00:00,2026-09-25 12:28:49.484058+00:00,2026-09-25 12:28:49.474058+00:00,2026-09-25 12:28:49.475058+00:00,2026-09-25 12:28:49.476058+00:00,2026-09-25 12:28:49.477058+00:00,2026-09-25 12:28:49.478058+00:00,2026-09-25 12:28:49.479058+00:00,2026-09-25 12:28:49.480058+00:00,2026-09-25 12:28:49.481058+00:00,2026-09-25 12:28:49.482058+00:00,2026-09-25 12:28:49.483058+00:00,2026-09-25 12:28:49.473058+00:00,2026-09-25 12:28:49.485058+00:00,2026-09-25 12:28:49.486058+00:00,2026-09-25 12:28:49.487058+00:00,2026-09-25 12:28:49.488058+00:00,2026-09-25 12:28:49.489058+00:00,2026-09-25 12:28:49.490059+00:00,2026-09-25 12:28:49.491059+00:00,2026-09-25 12:28:49.491059+00:00,1.167739,0.8563557438776986,True,True,True,False,False,True,True,False,False,True,False,False,False,False,False,False
287,2026-09-25 10:59:45.179648+00:00,2026-09-25 12:28:50.663126+00:00,89.005,True,False,False,False,False,False,True,False,False,False,False,False,False,False,False,True,False,False,False,False,False,False,False,False,True,True,False,False,True,True,False,False,False,True,False,False,False,False,False,False,True,False,False,True,True,True,False,False,False,False,False,False,False,False,False,True,False,True,False,True,True,True,False,True,False,False,False,False,True,True,True,False,True,True,False,False,False,False,False,1,0,0,0,2026-09-25 12:28:50.574121+00:00,2026-09-25 12:28:50.580121+00:00,2026-09-25 12:28:50.581121+00:00,2026-09-25 12:28:50.582121+00:00,2026-09-25 12:28:50.583121+00:00,2026-09-25 12:28:50.584121+00:00,2026-09-25 12:28:50.585121+00:00,2026-09-25 12:28:50.586121+00:00,2026-09-25 12:28:50.587121+00:00,2026-09-25 12:28:50.588121+00:00,2026-09-25 12:28:50.589121+00:00,2026-09-25 12:28:50.590121+00:00,2026-09-25 12:28:50.591122+00:00,2026-09-25 12:28:50.592122+00:00,2026-09-25 12:28:50.593122+00:00,2026-09-25 12:28:50.594122+00:00,2026-09-25 12:28:50.595122+00:00,2026-09-25 12:28:50.608122+00:00,2026-09-25 12:28:50.597122+00:00,2026-09-25 12:28:50.598122+00:00,2026-09-25 12:28:50.599122+00:00,2026-09-25 12:28:50.600122+00:00,2026-09-25 12:28:50.601122+00:00,2026-09-25 12:28:50.602122+00:00,2026-09-25 12:28:50.603122+00:00,2026-09-25 12:28:50.604122+00:00,2026-09-25 12:28:50.605122+00:00,2026-09-25 12:28:50.607122+00:00,2026-09-25 12:28:50.596122+00:00,2026-09-25 12:28:50.609123+00:00,2026-09-25 12:28:50.610123+00:00,2026-09-25 12:28:50.622123+00:00,2026-09-25 12:28:50.612123+00:00,2026-09-25 12:28:50.613123+00:00,2026-09-25 12:28:50.614123+00:00,2026-09-25 12:28:50.615123+00:00,2026-09-25 12:28:50.616123+00:00,2026-09-25 12:28:50.617123+00:00,2026-09-25 12:28:50.618123+00:00,2026-09-25 12:28:50.619123+00:00,2026-09-25 12:28:50.620123+00:00,2026-09-25 12:28:50.621123+00:00,2026-09-25 12:28:50.611123+00:00,2026-09-25 12:28:50.623123+00:00,2026-09-25 12:28:50.624123+00:00,2026-09-25 12:28:50.625123+00:00,2026-09-25 12:28:50.626124+00:00,2026-09-25 12:28:50.627124+00:00,2026-09-25 12:28:50.628124+00:00,2026-09-25 12:28:50.629124+00:00,2026-09-25 12:28:50.630124+00:00,2026-09-25 12:28:50.631124+00:00,2026-09-25 12:28:50.632124+00:00,2026-09-25 12:28:50.633124+00:00,2026-09-25 12:28:50.634124+00:00,2026-09-25 12:28:50.635124+00:00,2026-09-25 12:28:50.636124+00:00,2026-09-25 12:28:50.637124+00:00,2026-09-25 12:28:50.638124+00:00,2026-09-25 12:28:50.639124+00:00,2026-09-25 12:28:50.640124+00:00,2026-09-25 12:28:50.641124+00:00,2026-09-25 12:28:50.642124+00:00,2026-09-25 12:28:50.643124+00:00,2026-09-25 12:28:50.655125+00:00,2026-09-25 12:28:50.645125+00:00,2026-09-25 12:28:50.646125+00:00,2026-09-25 12:28:50.659125+00:00,2026-09-25 12:28:50.648125+00:00,2026-09-25 12:28:50.649125+00:00,2026-09-25 12:28:50.650125+00:00,2026-09-25 12:28:50.651125+00:00,2026-09-25 12:28:50.652125+00:00,2026-09-25 12:28:50.653125+00:00,2026-09-25 12:28:50.654125+00:00,2026-09-25 12:28:50.644125+00:00,2026-09-25 12:28:50.657125+00:00,2026-09-25 12:28:50.658125+00:00,2026-09-25 12:28:50.647125+00:00,2026-09-25 12:28:50.660125+00:00,2026-09-25 12:28:50.661126+00:00,2026-09-25 12:28:50.662126+00:00,2026-09-25 12:28:50.663126+00:00,2026-09-25 12:28:50.663126+00:00,1.066081,0.9380150288767927,True,False,True,False,False,True,True,False,False,True,False,False,False,False,False,False
290,2026-09-25 10:59:46.292929+00:00,2026-09-25 12:28:51.776189+00:00,92.005,True,False,False,False,False,False,True,False,False,False,False,False,False,False,False,True,False,False,False,False,False,False,False,False,True,True,False,False,True,True,False,False,False,True,False,False,False,False,False,True,False,False,False,True,True,True,False,False,False,False,False,False,False,False,False,True,False,True,False,True,True,True,False,True,False,False,False,False,True,True,True,False,True,True,False,False,False,False,False,0,0,0,0,2026-09-25 12:28:51.684184+00:00,2026-09-25 12:28:51.693185+00:00,2026-09-25 12:28:51.705185+00:00,2026-09-25 12:28:51.695185+00:00,2026-09-25 12:28:51.696185+00:00,2026-09-25 12:28:51.697185+00:00,2026-09-25 12:28:51.698185+00:00,2026-09-25 12:28:51.699185+00:00,2026-09-25 12:28:51.700185+00:00,2026-09-25 12:28:51.701185+00:00,2026-09-25 12:28:51.702185+00:00,2026-09-25 12:28:51.714186+00:00,2026-09-25 12:28:51.704185+00:00,2026-09-25 12:28:51.706185+00:00,2026-09-25 12:28:51.707185+00:00,2026-09-25 12:28:51.708185+00:00,2026-09-25 12:28:51.709185+00:00,2026-09-25 12:28:51.710186+00:00,2026-09-25 12:28:51.711186+00:00,2026-09-25 12:28:51.723186+00:00,2026-09-25 12:28:51.713186+00:00,2026-09-25 12:28:51.703185+00:00,2026-09-25 12:28:51.715186+00:00,2026-09-25 12:28:51.716186+00:00,2026-09-25 12:28:51.717186+00:00,2026-09-25 12:28:51.718186+00:00,2026-09-25 12:28:51.719186+00:00,2026-09-25 12:28:51.720186+00:00,2026-09-25 12:28:51.721186+00:00,2026-09-25 12:28:51.722186+00:00,2026-09-25 12:28:51.712186+00:00,2026-09-25 12:28:51.724186+00:00,2026-09-25 12:28:51.736187+00:00,2026-09-25 12:28:51.726186+00:00,2026-09-25 12:28:51.727186+00:00,2026-09-25 12:28:51.728187+00:00,2026-09-25 12:28:51.729187+00:00,2026-09-25 12:28:51.730187+00:00,2026-09-25 12:28:51.731187+00:00,2026-09-25 12:28:51.732187+00:00,2026-09-25 12:28:51.733187+00:00,2026-09-25 12:28:51.734187+00:00,2026-09-25 12:28:51.735187+00:00,2026-09-25 12:28:51.725186+00:00,2026-09-25 12:28:51.737187+00:00,2026-09-25 12:28:51.738187+00:00,2026-09-25 12:28:51.739187+00:00,2026-09-25 12:28:51.751188+00:00,2026-09-25 12:28:51.741187+00:00,2026-09-25 12:28:51.742187+00:00,2026-09-25 12:28:51.743187+00:00,2026-09-25 12:28:51.755188+00:00,2026-09-25 12:28:51.745188+00:00,2026-09-25 12:28:51.746188+00:00,2026-09-25 12:28:51.747188+00:00,2026-09-25 12:28:51.748188+00:00,2026-09-25 12:28:51.749188+00:00,2026-09-25 12:28:51.750188+00:00,2026-09-25 12:28:51.740187+00:00,2026-09-25 12:28:51.752188+00:00,2026-09-25 12:28:51.753188+00:00,2026-09-25 12:28:51.754188+00:00,2026-09-25 12:28:51.756188+00:00,2026-09-25 12:28:51.768189+00:00,2026-09-25 12:28:51.769189+00:00,2026-09-25 12:28:51.759188+00:00,2026-09-25 12:28:51.760188+00:00,2026-09-25 12:28:51.761188+00:00,2026-09-25 12:28:51.762188+00:00,2026-09-25 12:28:51.763189+00:00,2026-09-25 12:28:51.764189+00:00,2026-09-25 12:28:51.765189+00:00,2026-09-25 12:28:51.766189+00:00,2026-09-25 12:28:51.767189+00:00,2026-09-25 12:28:51.757188+00:00,2026-09-25 12:28:51.758188+00:00,2026-09-25 12:28:51.770189+00:00,2026-09-25 12:28:51.771189+00:00,2026-09-25 12:28:51.772189+00:00,2026-09-25 12:28:51.773189+00:00,2026-09-25 12:28:51.774189+00:00,2026-09-25 12:28:51.775189+00:00,2026-09-25 12:28:51.776189+00:00,2026-09-25 12:28:51.776189+00:00,1.113281,0.8982458157464288,True,False,True,False,False,True,True,False,False,True,False,False,False,False,False,False
292,2026-09-25 10:59:46.997001+00:00,2026-09-25 12:28:52.479229+00:00,89.005,True,False,False,False,False,False,True,False,False,False,False,False,False,False,False,True,False,False,False,False,False,False,False,False,True,True,False,False,True,True,False,False,False,True,False,False,False,False,False,True,False,False,False,True,True,True,False,False,False,False,False,False,False,False,False,True,False,True,False,True,True,True,False,True,False,False,False,False,True,True,True,False,True,True,False,False,False,False,False,0,0,0,0,2026-09-25 12:28:52.390224+00:00,2026-09-25 12:28:52.397225+00:00,2026-09-25 12:28:52.398225+00:00,2026-09-25 12:28:52.399225+00:00,2026-09-25 12:28:52.400225+00:00,2026-09-25 12:28:52.401225+00:00,2026-09-25 12:28:52.402225+00:00,2026-09-25 12:28:52.403225+00:00,2026-09-25 12:28:52.404225+00:00,2026-09-25 12:28:52.405225+00:00,2026-09-25 12:28:52.406225+00:00,2026-09-25 12:28:52.407225+00:00,2026-09-25 12:28:52.408225+00:00,2026-09-25 12:28:52.409225+00:00,2026-09-25 12:28:52.410226+00:00,2026-09-25 12:28:52.411226+00:00,2026-09-25 12:28:52.412226+00:00,2026-09-25 12:28:52.413226+00:00,2026-09-25 12:28:52.414226+00:00,2026-09-25 12:28:52.415226+00:00,2026-09-25 12:28:52.416226+00:00,2026-09-25 12:28:52.417226+00:00,2026-09-25 12:28:52.418226+00:00,2026-09-25 12:28:52.419226+00:00,2026-09-25 12:28:52.431227+00:00,2026-09-25 12:28:52.421226+00:00,2026-09-25 12:28:52.422226+00:00,2026-09-25 12:28:52.423226+00:00,2026-09-25 12:28:52.424226+00:00,2026-09-25 12:28:52.425226+00:00,2026-09-25 12:28:52.426226+00:00,2026-09-25 12:28:52.427227+00:00,2026-09-25 12:28:52.428227+00:00,2026-09-25 12:28:52.429227+00:00,2026-09-25 12:28:52.430227+00:00,2026-09-25 12:28:52.420226+00:00,2026-09-25 12:28:52.432227+00:00,2026-09-25 12:28:52.433227+00:00,2026-09-25 12:28:52.434227+00:00,2026-09-25 12:28:52.435227+00:00,2026-09-25 12:28:52.436227+00:00,2026-09-25 12:28:52.437227+00:00,2026-09-25 12:28:52.438227+00:00,2026-09-25 12:28:52.439227+00:00,2026-09-25 12:28:52.440227+00:00,2026-09-25 12:28:52.441227+00:00,2026-09-25 12:28:52.442227+00:00,2026-09-25 12:28:52.443227+00:00,2026-09-25 12:28:52.455228+00:00,2026-09-25 12:28:52.445228+00:00,2026-09-25 12:28:52.446228+00:00,2026-09-25 12:28:52.447228+00:00,2026-09-25 12:28:52.448228+00:00,2026-09-25 12:28:52.449228+00:00,2026-09-25 12:28:52.450228+00:00,2026-09-25 12:28:52.451228+00:00,2026-09-25 12:28:52.452228+00:00,2026-09-25 12:28:52.453228+00:00,2026-09-25 12:28:52.454228+00:00,2026-09-25 12:28:52.456228+00:00,2026-09-25 12:28:52.457228+00:00,2026-09-25 12:28:52.458228+00:00,2026-09-25 12:28:52.459228+00:00,2026-09-25 12:28:52.460228+00:00,2026-09-25 12:28:52.461228+00:00,2026-09-25 12:28:52.462229+00:00,2026-09-25 12:28:52.463229+00:00,2026-09-25 12:28:52.464229+00:00,2026-09-25 12:28:52.465229+00:00,2026-09-25 12:28:52.466229+00:00,2026-09-25 12:28:52.478229+00:00,2026-09-25 12:28:52.479229+00:00,2026-09-25 12:28:52.469229+00:00,2026-09-25 12:28:52.470229+00:00,2026-09-25 12:28:52.471229+00:00,2026-09-25 12:28:52.472229+00:00,2026-09-25 12:28:52.473229+00:00,2026-09-25 12:28:52.474229+00:00,2026-09-25 12:28:52.475229+00:00,2026-09-25 12:28:52.476229+00:00,2026-09-25 12:28:52.477229+00:00,2026-09-25 12:28:52.467229+00:00,2026-09-25 12:28:52.468229+00:00,2026-09-25 12:28:52.479229+00:00,0.704072,1.4203092865502391,True,False,True,False,False,True,True,False,False,True,False,False,False,False,False,False
295,2026-09-25 10:59:48.140348+00:00,2026-09-25 12:28:53.623295+00:00,90.005,True,False,False,False,False,False,True,False,False,False,False,False,False,False,False,True,False,False,False,False,False,False,False,False,True,True,False,False,True,True,False,False,False,True,False,False,False,False,False,True,False,False,False,True,True,True,False,False,False,False,False,False,False,False,False,True,False,True,False,True,True,True,False,True,False,False,False,False,True,True,True,False,True,True,False,False,False,False,False,0,0,0,0,2026-09-25 12:28:53.533290+00:00,2026-09-25 12:28:53.540290+00:00,2026-09-25 12:28:53.541290+00:00,2026-09-25 12:28:53.542290+00:00,2026-09-25 12:28:53.543290+00:00,2026-09-25 12:28:53.544290+00:00,2026-09-25 12:28:53.545290+00:00,2026-09-25 12:28:53.546291+00:00,2026-09-25 12:28:53.547291+00:00,2026-09-25 12:28:53.548291+00:00,2026-09-25 12:28:53.549291+00:00,2026-09-25 12:28:53.550291+00:00,2026-09-25 12:28:53.551291+00:00,2026-09-25 12:28:53.552291+00:00,2026-09-25 12:28:53.553291+00:00,2026-09-25 12:28:53.555291+00:00,2026-09-25 12:28:53.556291+00:00,2026-09-25 12:28:53.557291+00:00,2026-09-25 12:28:53.558291+00:00,2026-09-25 12:28:53.559291+00:00,2026-09-25 12:28:53.571292+00:00,2026-09-25 12:28:53.561291+00:00,2026-09-25 12:28:53.562291+00:00,2026-09-25 12:28:53.563292+00:00,2026-09-25 12:28:53.564292+00:00,2026-09-25 12:28:53.565292+00:00,2026-09-25 12:28:53.566292+00:00,2026-09-25 12:28:53.567292+00:00,2026-09-25 12:28:53.568292+00:00,2026-09-25 12:28:53.569292+00:00,2026-09-25 12:28:53.570292+00:00,2026-09-25 12:28:53.560291+00:00,2026-09-25 12:28:53.572292+00:00,2026-09-25 12:28:53.573292+00:00,2026-09-25 12:28:53.574292+00:00,2026-09-25 12:28:53.575292+00:00,2026-09-25 12:28:53.576292+00:00,2026-09-25 12:28:53.577292+00:00,2026-09-25 12:28:53.578292+00:00,2026-09-25 12:28:53.579292+00:00,2026-09-25 12:28:53.580292+00:00,2026-09-25 12:28:53.581293+00:00,2026-09-25 12:28:53.582293+00:00,2026-09-25 12:28:53.583293+00:00,2026-09-25 12:28:53.584293+00:00,2026-09-25 12:28:53.585293+00:00,2026-09-25 12:28:53.586293+00:00,2026-09-25 12:28:53.587293+00:00,2026-09-25 12:28:53.588293+00:00,2026-09-25 12:28:53.589293+00:00,2026-09-25 12:28:53.590293+00:00,2026-09-25 12:28:53.591293+00:00,2026-09-25 12:28:53.592293+00:00,2026-09-25 12:28:53.604294+00:00,2026-09-25 12:28:53.594293+00:00,2026-09-25 12:28:53.595293+00:00,2026-09-25 12:28:53.596293+00:00,2026-09-25 12:28:53.597293+00:00,2026-09-25 12:28:53.598294+00:00,2026-09-25 12:28:53.599294+00:00,2026-09-25 12:28:53.611294+00:00,2026-09-25 12:28:53.601294+00:00,2026-09-25 12:28:53.602294+00:00,2026-09-25 12:28:53.603294+00:00,2026-09-25 12:28:53.605294+00:00,2026-09-25 12:28:53.606294+00:00,2026-09-25 12:28:53.607294+00:00,2026-09-25 12:28:53.608294+00:00,2026-09-25 12:28:53.609294+00:00,2026-09-25 12:28:53.610294+00:00,2026-09-25 12:28:53.600294+00:00,2026-09-25 12:28:53.612294+00:00,2026-09-25 12:28:53.613294+00:00,2026-09-25 12:28:53.614294+00:00,2026-09-25 12:28:53.615294+00:00,2026-09-25 12:28:53.616295+00:00,2026-09-25 12:28:53.617295+00:00,2026-09-25 12:28:53.618295+00:00,2026-09-25 12:28:53.619295+00:00,2026-09-25 12:28:53.620295+00:00,2026-09-25 12:28:53.621295+00:00,2026-09-25 12:28:53.622295+00:00,2026-09-25 12:28:53.623295+00:00,2026-09-25 12:28:53.623295+00:00,1.143347,0.874625113810593,True,False,True,False,False,True,True,False,False,True,False,False,False,False,False,False
297,2026-09-25 10:59:48.884404+00:00,2026-09-25 12:28:54.348336+00:00,100.005,True,False,False,False,False,False,True,True,False,False,False,False,False,False,False,False,False,False,True,False,True,False,False,False,True,True,False,False,False,True,False,False,False,False,False,False,False,True,False,True,False,False,False,True,True,True,False,False,False,False,False,False,False,False,False,True,False,True,False,True,True,True,False,True,False,False,False,False,True,True,True,False,True,True,False,False,False,False,False,0,0,0,0,2026-09-25 12:28:54.248331+00:00,2026-09-25 12:28:54.262331+00:00,2026-09-25 12:28:54.263332+00:00,2026-09-25 12:28:54.264332+00:00,2026-09-25 12:28:54.265332+00:00,2026-09-25 12:28:54.266332+00:00,2026-09-25 12:28:54.267332+00:00,2026-09-25 12:28:54.268332+00:00,2026-09-25 12:28:54.269332+00:00,2026-09-25 12:28:54.270332+00:00,2026-09-25 12:28:54.271332+00:00,2026-09-25 12:28:54.272332+00:00,2026-09-25 12:28:54.273332+00:00,2026-09-25 12:28:54.274332+00:00,2026-09-25 12:28:54.275332+00:00,2026-09-25 12:28:54.276332+00:00,2026-09-25 12:28:54.277332+00:00,2026-09-25 12:28:54.278332+00:00,2026-09-25 12:28:54.279332+00:00,2026-09-25 12:28:54.280333+00:00,2026-09-25 12:28:54.281333+00:00,2026-09-25 12:28:54.282333+00:00,2026-09-25 12:28:54.283333+00:00,2026-09-25 12:28:54.284333+00:00,2026-09-25 12:28:54.296333+00:00,2026-09-25 12:28:54.286333+00:00,2026-09-25 12:28:54.287333+00:00,2026-09-25 12:28:54.288333+00:00,2026-09-25 12:28:54.289333+00:00,2026-09-25 12:28:54.290333+00:00,2026-09-25 12:28:54.291333+00:00,2026-09-25 12:28:54.303334+00:00,2026-09-25 12:28:54.293333+00:00,2026-09-25 12:28:54.294333+00:00,2026-09-25 12:28:54.295333+00:00,2026-09-25 12:28:54.285333+00:00,2026-09-25 12:28:54.297333+00:00,2026-09-25 12:28:54.309334+00:00,2026-09-25 12:28:54.299334+00:00,2026-09-25 12:28:54.300334+00:00,2026-09-25 12:28:54.301334+00:00,2026-09-25 12:28:54.302334+00:00,2026-09-25 12:28:54.304334+00:00,2026-09-25 12:28:54.305334+00:00,2026-09-25 12:28:54.306334+00:00,2026-09-25 12:28:54.307334+00:00,2026-09-25 12:28:54.308334+00:00,2026-09-25 12:28:54.298334+00:00,2026-09-25 12:28:54.322335+00:00,2026-09-25 12:28:54.312334+00:00,2026-09-25 12:28:54.313334+00:00,2026-09-25 12:28:54.314334+00:00,2026-09-25 12:28:54.315335+00:00,2026-09-25 12:28:54.316335+00:00,2026-09-25 12:28:54.317335+00:00,2026-09-25 12:28:54.318335+00:00,2026-09-25 12:28:54.319335+00:00,2026-09-25 12:28:54.320335+00:00,2026-09-25 12:28:54.321335+00:00,2026-09-25 12:28:54.311334+00:00,2026-09-25 12:28:54.323335+00:00,2026-09-25 12:28:54.324335+00:00,2026-09-25 12:28:54.325335+00:00,2026-09-25 12:28:54.337336+00:00,2026-09-25 12:28:54.327335+00:00,2026-09-25 12:28:54.328335+00:00,2026-09-25 12:28:54.329335+00:00,2026-09-25 12:28:54.330335+00:00,2026-09-25 12:28:54.331335+00:00,2026-09-25 12:28:54.332335+00:00,2026-09-25 12:28:54.333336+00:00,2026-09-25 12:28:54.334336+00:00,2026-09-25 12:28:54.335336+00:00,2026-09-25 12:28:54.336336+00:00,2026-09-25 12:28:54.326335+00:00,2026-09-25 12:28:54.338336+00:00,2026-09-25 12:28:54.340336+00:00,2026-09-25 12:28:54.341336+00:00,2026-09-25 12:28:54.348336+00:00,2026-09-25 12:28:54.344336+00:00,2026-09-25 12:28:54.345336+00:00,2026-09-25 12:28:54.346336+00:00,2026-09-25 12:28:54.347336+00:00,2026-09-25 12:28:54.348336+00:00,0.744056,1.3439848613545216,True,False,True,False,False,True,True,False,False,True,False,False,False,False,False,False
300,2026-09-25 10:59:50.035268+00:00,2026-09-25 12:28:55.518403+00:00,92.005,True,False,False,False,False,False,True,False,True,False,False,False,False,False,False,False,True,False,True,True,False,False,False,False,True,True,False,False,False,True,False,False,False,False,False,False,False,True,False,True,False,False,False,True,True,True,False,False,False,False,False,False,False,False,False,True,False,True,False,True,True,True,False,True,False,False,False,False,True,True,True,False,True,True,False,False,False,False,False,0,0,0,0,2026-09-25 12:28:55.426398+00:00,2026-09-25 12:28:55.434399+00:00,2026-09-25 12:28:55.435399+00:00,2026-09-25 12:28:55.436399+00:00,2026-09-25 12:28:55.448399+00:00,2026-09-25 12:28:55.438399+00:00,2026-09-25 12:28:55.439399+00:00,2026-09-25 12:28:55.440399+00:00,2026-09-25 12:28:55.452400+00:00,2026-09-25 12:28:55.442399+00:00,2026-09-25 12:28:55.443399+00:00,2026-09-25 12:28:55.444399+00:00,2026-09-25 12:28:55.445399+00:00,2026-09-25 12:28:55.446399+00:00,2026-09-25 12:28:55.447399+00:00,2026-09-25 12:28:55.437399+00:00,2026-09-25 12:28:55.460400+00:00,2026-09-25 12:28:55.450399+00:00,2026-09-25 12:28:55.451399+00:00,2026-09-25 12:28:55.453400+00:00,2026-09-25 12:28:55.454400+00:00,2026-09-25 12:28:55.455400+00:00,2026-09-25 12:28:55.456400+00:00,2026-09-25 12:28:55.457400+00:00,2026-09-25 12:28:55.458400+00:00,2026-09-25 12:28:55.459400+00:00,2026-09-25 12:28:55.449399+00:00,2026-09-25 12:28:55.461400+00:00,2026-09-25 12:28:55.462400+00:00,2026-09-25 12:28:55.463400+00:00,2026-09-25 12:28:55.464400+00:00,2026-09-25 12:28:55.465400+00:00,2026-09-25 12:28:55.466400+00:00,2026-09-25 12:28:55.467400+00:00,2026-09-25 12:28:55.468400+00:00,2026-09-25 12:28:55.469401+00:00,2026-09-25 12:28:55.470401+00:00,2026-09-25 12:28:55.471401+00:00,2026-09-25 12:28:55.472401+00:00,2026-09-25 12:28:55.473401+00:00,2026-09-25 12:28:55.474401+00:00,2026-09-25 12:28:55.475401+00:00,2026-09-25 12:28:55.476401+00:00,2026-09-25 12:28:55.477401+00:00,2026-09-25 12:28:55.478401+00:00,2026-09-25 12:28:55.479401+00:00,2026-09-25 12:28:55.480401+00:00,2026-09-25 12:28:55.481401+00:00,2026-09-25 12:28:55.482401+00:00,2026-09-25 12:28:55.483401+00:00,2026-09-25 12:28:55.484401+00:00,2026-09-25 12:28:55.485401+00:00,2026-09-25 12:28:55.486401+00:00,2026-09-25 12:28:55.487402+00:00,2026-09-25 12:28:55.488402+00:00,2026-09-25 12:28:55.489402+00:00,2026-09-25 12:28:55.490402+00:00,2026-09-25 12:28:55.502402+00:00,2026-09-25 12:28:55.492402+00:00,2026-09-25 12:28:55.493402+00:00,2026-09-25 12:28:55.494402+00:00,2026-09-25 12:28:55.495402+00:00,2026-09-25 12:28:55.496402+00:00,2026-09-25 12:28:55.497402+00:00,2026-09-25 12:28:55.498402+00:00,2026-09-25 12:28:55.499402+00:00,2026-09-25 12:28:55.500402+00:00,2026-09-25 12:28:55.501402+00:00,2026-09-25 12:28:55.503402+00:00,2026-09-25 12:28:55.504403+00:00,2026-09-25 12:28:55.505403+00:00,2026-09-25 12:28:55.506403+00:00,2026-09-25 12:28:55.507403+00:00,2026-09-25 12:28:55.508403+00:00,2026-09-25 12:28:55.509403+00:00,2026-09-25 12:28:55.510403+00:00,2026-09-25 12:28:55.512403+00:00,2026-09-25 12:28:55.513403+00:00,2026-09-25 12:28:55.514403+00:00,2026-09-25 12:28:55.515403+00:00,2026-09-25 12:28:55.516403+00:00,2026-09-25 12:28:55.517403+00:00,2026-09-25 12:28:55.518403+00:00,2026-09-25 12:28:55.518403+00:00,1.150864,0.868912399727509,True,False,True,False,False,False,True,False,False,True,False,False,False,False,False,False
303,2026-09-25 10:59:51.111452+00:00,2026-09-25 12:28:56.594465+00:00,93.005,True,False,False,False,False,False,True,False,True,False,False,False,False,False,False,False,True,False,True,True,False,False,False,False,True,True,False,False,False,True,False,False,False,False,False,False,False,True,False,True,False,False,False,True,True,True,False,False,False,False,False,False,False,False,False,True,False,True,False,True,True,True,False,True,False,False,False,False,True,True,True,False,True,True,False,False,False,False,False,0,0,0,0,2026-09-25 12:28:56.501460+00:00,2026-09-25 12:28:56.507460+00:00,2026-09-25 12:28:56.508460+00:00,2026-09-25 12:28:56.509460+00:00,2026-09-25 12:28:56.511460+00:00,2026-09-25 12:28:56.512460+00:00,2026-09-25 12:28:56.513460+00:00,2026-09-25 12:28:56.514460+00:00,2026-09-25 12:28:56.515460+00:00,2026-09-25 12:28:56.516460+00:00,2026-09-25 12:28:56.517460+00:00,2026-09-25 12:28:56.518461+00:00,2026-09-25 12:28:56.519461+00:00,2026-09-25 12:28:56.520461+00:00,2026-09-25 12:28:56.521461+00:00,2026-09-25 12:28:56.522461+00:00,2026-09-25 12:28:56.523461+00:00,2026-09-25 12:28:56.524461+00:00,2026-09-25 12:28:56.525461+00:00,2026-09-25 12:28:56.526461+00:00,2026-09-25 12:28:56.527461+00:00,2026-09-25 12:28:56.528461+00:00,2026-09-25 12:28:56.540462+00:00,2026-09-25 12:28:56.530461+00:00,2026-09-25 12:28:56.531461+00:00,2026-09-25 12:28:56.532461+00:00,2026-09-25 12:28:56.533461+00:00,2026-09-25 12:28:56.534461+00:00,2026-09-25 12:28:56.535461+00:00,2026-09-25 12:28:56.536462+00:00,2026-09-25 12:28:56.537462+00:00,2026-09-25 12:28:56.538462+00:00,2026-09-25 12:28:56.539462+00:00,2026-09-25 12:28:56.529461+00:00,2026-09-25 12:28:56.552462+00:00,2026-09-25 12:28:56.542462+00:00,2026-09-25 12:28:56.543462+00:00,2026-09-25 12:28:56.544462+00:00,2026-09-25 12:28:56.545462+00:00,2026-09-25 12:28:56.546462+00:00,2026-09-25 12:28:56.547462+00:00,2026-09-25 12:28:56.548462+00:00,2026-09-25 12:28:56.549462+00:00,2026-09-25 12:28:56.550462+00:00,2026-09-25 12:28:56.551462+00:00,2026-09-25 12:28:56.553463+00:00,2026-09-25 12:28:56.554463+00:00,2026-09-25 12:28:56.556463+00:00,2026-09-25 12:28:56.557463+00:00,2026-09-25 12:28:56.558463+00:00,2026-09-25 12:28:56.559463+00:00,2026-09-25 12:28:56.560463+00:00,2026-09-25 12:28:56.561463+00:00,2026-09-25 12:28:56.562463+00:00,2026-09-25 12:28:56.563463+00:00,2026-09-25 12:28:56.564463+00:00,2026-09-25 12:28:56.565463+00:00,2026-09-25 12:28:56.566463+00:00,2026-09-25 12:28:56.567463+00:00,2026-09-25 12:28:56.568463+00:00,2026-09-25 12:28:56.569463+00:00,2026-09-25 12:28:56.571464+00:00,2026-09-25 12:28:56.572464+00:00,2026-09-25 12:28:56.573464+00:00,2026-09-25 12:28:56.574464+00:00,2026-09-25 12:28:56.575464+00:00,2026-09-25 12:28:56.576464+00:00,2026-09-25 12:28:56.577464+00:00,2026-09-25 12:28:56.578464+00:00,2026-09-25 12:28:56.579464+00:00,2026-09-25 12:28:56.580464+00:00,2026-09-25 12:28:56.581464+00:00,2026-09-25 12:28:56.582464+00:00,2026-09-25 12:28:56.583464+00:00,2026-09-25 12:28:56.584464+00:00,2026-09-25 12:28:56.586464+00:00,2026-09-25 12:28:56.587464+00:00,2026-09-25 12:28:56.588465+00:00,2026-09-25 12:28:56.589465+00:00,2026-09-25 12:28:56.590465+00:00,2026-09-25 12:28:56.594465+00:00,2026-09-25 12:28:56.592465+00:00,2026-09-25 12:28:56.593465+00:00,2026-09-25 12:28:56.594465+00:00,1.076184,0.9292091315239773,True,False,True,False,False,False,True,False,False,True,False,False,False,False,False,False
306,2026-09-25 10:59:52.227572+00:00,2026-09-25 12:28:57.706528+00:00,103.005,True,False,False,False,False,False,True,False,True,False,False,False,False,False,False,False,True,False,True,True,False,False,False,False,True,True,False,False,False,True,False,False,False,False,False,False,False,False,True,True,False,False,True,True,True,True,False,False,False,False,False,False,False,False,False,True,False,True,False,True,True,True,False,True,False,False,False,False,True,True,True,False,True,True,False,False,False,False,False,0,0,0,0,2026-09-25 12:28:57.603523+00:00,2026-09-25 12:28:57.612523+00:00,2026-09-25 12:28:57.630524+00:00,2026-09-25 12:28:57.644525+00:00,2026-09-25 12:28:57.618523+00:00,2026-09-25 12:28:57.620524+00:00,2026-09-25 12:28:57.622524+00:00,2026-09-25 12:28:57.623524+00:00,2026-09-25 12:28:57.638525+00:00,2026-09-25 12:28:57.626524+00:00,2026-09-25 12:28:57.627524+00:00,2026-09-25 12:28:57.628524+00:00,2026-09-25 12:28:57.629524+00:00,2026-09-25 12:28:57.614523+00:00,2026-09-25 12:28:57.616523+00:00,2026-09-25 12:28:57.633524+00:00,2026-09-25 12:28:57.634524+00:00,2026-09-25 12:28:57.635524+00:00,2026-09-25 12:28:57.648525+00:00,2026-09-25 12:28:57.625524+00:00,2026-09-25 12:28:57.639525+00:00,2026-09-25 12:28:57.640525+00:00,2026-09-25 12:28:57.641525+00:00,2026-09-25 12:28:57.642525+00:00,2026-09-25 12:28:57.643525+00:00,2026-09-25 12:28:57.632524+00:00,2026-09-25 12:28:57.645525+00:00,2026-09-25 12:28:57.646525+00:00,2026-09-25 12:28:57.647525+00:00,2026-09-25 12:28:57.637525+00:00,2026-09-25 12:28:57.649525+00:00,2026-09-25 12:28:57.650525+00:00,2026-09-25 12:28:57.652525+00:00,2026-09-25 12:28:57.653525+00:00,2026-09-25 12:28:57.654526+00:00,2026-09-25 12:28:57.655526+00:00,2026-09-25 12:28:57.656526+00:00,2026-09-25 12:28:57.657526+00:00,2026-09-25 12:28:57.658526+00:00,2026-09-25 12:28:57.659526+00:00,2026-09-25 12:28:57.660526+00:00,2026-09-25 12:28:57.661526+00:00,2026-09-25 12:28:57.662526+00:00,2026-09-25 12:28:57.663526+00:00,2026-09-25 12:28:57.664526+00:00,2026-09-25 12:28:57.665526+00:00,2026-09-25 12:28:57.666526+00:00,2026-09-25 12:28:57.667526+00:00,2026-09-25 12:28:57.668526+00:00,2026-09-25 12:28:57.669526+00:00,2026-09-25 12:28:57.670526+00:00,2026-09-25 12:28:57.671526+00:00,2026-09-25 12:28:57.672527+00:00,2026-09-25 12:28:57.673527+00:00,2026-09-25 12:28:57.674527+00:00,2026-09-25 12:28:57.675527+00:00,2026-09-25 12:28:57.676527+00:00,2026-09-25 12:28:57.677527+00:00,2026-09-25 12:28:57.679527+00:00,2026-09-25 12:28:57.680527+00:00,2026-09-25 12:28:57.681527+00:00,2026-09-25 12:28:57.682527+00:00,2026-09-25 12:28:57.683527+00:00,2026-09-25 12:28:57.684527+00:00,2026-09-25 12:28:57.685527+00:00,2026-09-25 12:28:57.686527+00:00,2026-09-25 12:28:57.687527+00:00,2026-09-25 12:28:57.688527+00:00,2026-09-25 12:28:57.689528+00:00,2026-09-25 12:28:57.704528+00:00,2026-09-25 12:28:57.692528+00:00,2026-09-25 12:28:57.706528+00:00,2026-09-25 12:28:57.695528+00:00,2026-09-25 12:28:57.696528+00:00,2026-09-25 12:28:57.697528+00:00,2026-09-25 12:28:57.698528+00:00,2026-09-25 12:28:57.699528+00:00,2026-09-25 12:28:57.700528+00:00,2026-09-25 12:28:57.701528+00:00,2026-09-25 12:28:57.702528+00:00,2026-09-25 12:28:57.691528+00:00,2026-09-25 12:28:57.705528+00:00,2026-09-25 12:28:57.694528+00:00,2026-09-25 12:28:57.706528+00:00,1.11612,0.8959610077769415,True,False,True,False,False,False,True,False,False,True,False,False,False,False,False,False
309,2026-09-25 10:59:53.402031+00:00,2026-09-25 12:28:58.883596+00:00,94.006,True,False,False,False,False,False,True,False,True,False,False,False,False,False,False,False,True,False,True,True,False,False,False,False,True,True,False,False,False,True,False,False,False,False,False,False,False,False,True,True,False,False,True,True,True,True,False,False,False,False,False,False,False,False,False,True,False,True,False,True,True,True,False,True,False,False,False,False,True,True,True,False,True,True,False,False,False,False,False,0,0,0,0,2026-09-25 12:28:58.789590+00:00,2026-09-25 12:28:58.796591+00:00,2026-09-25 12:28:58.797591+00:00,2026-09-25 12:28:58.810592+00:00,2026-09-25 12:28:58.799591+00:00,2026-09-25 12:28:58.800591+00:00,2026-09-25 12:28:58.802591+00:00,2026-09-25 12:28:58.803591+00:00,2026-09-25 12:28:58.804591+00:00,2026-09-25 12:28:58.805591+00:00,2026-09-25 12:28:58.806591+00:00,2026-09-25 12:28:58.807591+00:00,2026-09-25 12:28:58.808592+00:00,2026-09-25 12:28:58.809592+00:00,2026-09-25 12:28:58.798591+00:00,2026-09-25 12:28:58.811592+00:00,2026-09-25 12:28:58.812592+00:00,2026-09-25 12:28:58.813592+00:00,2026-09-25 12:28:58.814592+00:00,2026-09-25 12:28:58.815592+00:00,2026-09-25 12:28:58.817592+00:00,2026-09-25 12:28:58.818592+00:00,2026-09-25 12:28:58.819592+00:00,2026-09-25 12:28:58.820592+00:00,2026-09-25 12:28:58.821592+00:00,2026-09-25 12:28:58.822592+00:00,2026-09-25 12:28:58.823592+00:00,2026-09-25 12:28:58.824592+00:00,2026-09-25 12:28:58.825592+00:00,2026-09-25 12:28:58.826593+00:00,2026-09-25 12:28:58.827593+00:00,2026-09-25 12:28:58.828593+00:00,2026-09-25 12:28:58.829593+00:00,2026-09-25 12:28:58.830593+00:00,2026-09-25 12:28:58.831593+00:00,2026-09-25 12:28:58.832593+00:00,2026-09-25 12:28:58.833593+00:00,2026-09-25 12:28:58.834593+00:00,2026-09-25 12:28:58.836593+00:00,2026-09-25 12:28:58.837593+00:00,2026-09-25 12:28:58.838593+00:00,2026-09-25 12:28:58.851594+00:00,2026-09-25 12:28:58.840593+00:00,2026-09-25 12:28:58.841593+00:00,2026-09-25 12:28:58.854594+00:00,2026-09-25 12:28:58.844594+00:00,2026-09-25 12:28:58.845594+00:00,2026-09-25 12:28:58.846594+00:00,2026-09-25 12:28:58.847594+00:00,2026-09-25 12:28:58.848594+00:00,2026-09-25 12:28:58.860594+00:00,2026-09-25 12:28:58.850594+00:00,2026-09-25 12:28:58.852594+00:00,2026-09-25 12:28:58.853594+00:00,2026-09-25 12:28:58.843594+00:00,2026-09-25 12:28:58.878596+00:00,2026-09-25 12:28:58.856594+00:00,2026-09-25 12:28:58.857594+00:00,2026-09-25 12:28:58.858594+00:00,2026-09-25 12:28:58.859594+00:00,2026-09-25 12:28:58.849594+00:00,2026-09-25 12:28:58.861595+00:00,2026-09-25 12:28:58.862595+00:00,2026-09-25 12:28:58.864595+00:00,2026-09-25 12:28:58.876595+00:00,2026-09-25 12:28:58.866595+00:00,2026-09-25 12:28:58.855594+00:00,2026-09-25 12:28:58.868595+00:00,2026-09-25 12:28:58.869595+00:00,2026-09-25 12:28:58.870595+00:00,2026-09-25 12:28:58.871595+00:00,2026-09-25 12:28:58.872595+00:00,2026-09-25 12:28:58.873595+00:00,2026-09-25 12:28:58.874595+00:00,2026-09-25 12:28:58.875595+00:00,2026-09-25 12:28:58.865595+00:00,2026-09-25 12:28:58.877595+00:00,2026-09-25 12:28:58.867595+00:00,2026-09-25 12:28:58.879596+00:00,2026-09-25 12:28:58.880596+00:00,2026-09-25 12:28:58.881596+00:00,2026-09-25 12:28:58.882596+00:00,2026-09-25 12:28:58.883596+00:00,2026-09-25 12:28:58.883596+00:00,1.174459,0.8514558618053079,True,False,True,False,False,False,True,False,False,True,False,False,False,False,False,False
311,2026-09-25 10:59:54.102662+00:00,2026-09-25 12:28:59.582636+00:00,92.005,True,False,False,False,False,False,True,False,True,False,False,False,False,False,False,False,True,False,True,True,False,False,False,False,True,True,False,False,False,True,False,False,False,False,False,False,False,False,True,True,False,False,True,True,True,True,False,False,False,False,False,False,False,False,False,True,False,True,False,True,True,True,False,True,False,False,False,False,True,True,True,False,True,True,False,False,False,False,False,0,0,0,0,2026-09-25 12:28:59.490631+00:00,2026-09-25 12:28:59.500631+00:00,2026-09-25 12:28:59.501631+00:00,2026-09-25 12:28:59.502631+00:00,2026-09-25 12:28:59.503631+00:00,2026-09-25 12:28:59.504631+00:00,2026-09-25 12:28:59.505631+00:00,2026-09-25 12:28:59.506631+00:00,2026-09-25 12:28:59.507631+00:00,2026-09-25 12:28:59.508632+00:00,2026-09-25 12:28:59.509632+00:00,2026-09-25 12:28:59.510632+00:00,2026-09-25 12:28:59.511632+00:00,2026-09-25 12:28:59.512632+00:00,2026-09-25 12:28:59.513632+00:00,2026-09-25 12:28:59.514632+00:00,2026-09-25 12:28:59.515632+00:00,2026-09-25 12:28:59.516632+00:00,2026-09-25 12:28:59.517632+00:00,2026-09-25 12:28:59.518632+00:00,2026-09-25 12:28:59.519632+00:00,2026-09-25 12:28:59.520632+00:00,2026-09-25 12:28:59.521632+00:00,2026-09-25 12:28:59.522632+00:00,2026-09-25 12:28:59.523632+00:00,2026-09-25 12:28:59.524632+00:00,2026-09-25 12:28:59.525633+00:00,2026-09-25 12:28:59.526633+00:00,2026-09-25 12:28:59.527633+00:00,2026-09-25 12:28:59.528633+00:00,2026-09-25 12:28:59.529633+00:00,2026-09-25 12:28:59.530633+00:00,2026-09-25 12:28:59.531633+00:00,2026-09-25 12:28:59.532633+00:00,2026-09-25 12:28:59.533633+00:00,2026-09-25 12:28:59.534633+00:00,2026-09-25 12:28:59.535633+00:00,2026-09-25 12:28:59.536633+00:00,2026-09-25 12:28:59.537633+00:00,2026-09-25 12:28:59.538633+00:00,2026-09-25 12:28:59.550634+00:00,2026-09-25 12:28:59.540633+00:00,2026-09-25 12:28:59.541633+00:00,2026-09-25 12:28:59.542633+00:00,2026-09-25 12:28:59.543634+00:00,2026-09-25 12:28:59.544634+00:00,2026-09-25 12:28:59.545634+00:00,2026-09-25 12:28:59.546634+00:00,2026-09-25 12:28:59.547634+00:00,2026-09-25 12:28:59.548634+00:00,2026-09-25 12:28:59.549634+00:00,2026-09-25 12:28:59.551634+00:00,2026-09-25 12:28:59.552634+00:00,2026-09-25 12:28:59.553634+00:00,2026-09-25 12:28:59.554634+00:00,2026-09-25 12:28:59.555634+00:00,2026-09-25 12:28:59.556634+00:00,2026-09-25 12:28:59.557634+00:00,2026-09-25 12:28:59.558634+00:00,2026-09-25 12:28:59.559634+00:00,2026-09-25 12:28:59.560635+00:00,2026-09-25 12:28:59.561635+00:00,2026-09-25 12:28:59.562635+00:00,2026-09-25 12:28:59.563635+00:00,2026-09-25 12:28:59.564635+00:00,2026-09-25 12:28:59.565635+00:00,2026-09-25 12:28:59.566635+00:00,2026-09-25 12:28:59.578636+00:00,2026-09-25 12:28:59.579636+00:00,2026-09-25 12:28:59.569635+00:00,2026-09-25 12:28:59.570635+00:00,2026-09-25 12:28:59.571635+00:00,2026-09-25 12:28:59.572635+00:00,2026-09-25 12:28:59.573635+00:00,2026-09-25 12:28:59.574635+00:00,2026-09-25 12:28:59.575635+00:00,2026-09-25 12:28:59.576635+00:00,2026-09-25 12:28:59.577636+00:00,2026-09-25 12:28:59.567635+00:00,2026-09-25 12:28:59.568635+00:00,2026-09-25 12:28:59.580636+00:00,2026-09-25 12:28:59.581636+00:00,2026-09-25 12:28:59.582636+00:00,2026-09-25 12:28:59.582636+00:00,0.700631,1.4272848332431765,True,False,True,False,False,False,True,False,False,True,False,False,False,False,False,False
314,2026-09-25 10:59:55.242449+00:00,2026-09-25 12:29:00.669698+00:00,97.006,True,False,False,False,False,False,True,False,True,False,False,False,False,False,False,False,True,False,True,True,False,False,False,False,True,True,False,False,True,True,False,False,False,False,True,True,False,False,False,True,True,True,False,True,True,True,False,False,False,False,False,False,False,False,False,True,False,True,False,True,True,True,False,True,False,False,False,False,True,True,True,False,True,True,False,False,False,False,False,0,0,0,0,2026-09-25 12:29:00.572692+00:00,2026-09-25 12:29:00.586693+00:00,2026-09-25 12:29:00.587693+00:00,2026-09-25 12:29:00.588693+00:00,2026-09-25 12:29:00.589693+00:00,2026-09-25 12:29:00.590693+00:00,2026-09-25 12:29:00.603694+00:00,2026-09-25 12:29:00.604694+00:00,2026-09-25 12:29:00.593694+00:00,2026-09-25 12:29:00.594694+00:00,2026-09-25 12:29:00.595694+00:00,2026-09-25 12:29:00.596694+00:00,2026-09-25 12:29:00.597694+00:00,2026-09-25 12:29:00.598694+00:00,2026-09-25 12:29:00.600694+00:00,2026-09-25 12:29:00.601694+00:00,2026-09-25 12:29:00.602694+00:00,2026-09-25 12:29:00.591694+00:00,2026-09-25 12:29:00.592694+00:00,2026-09-25 12:29:00.605694+00:00,2026-09-25 12:29:00.606694+00:00,2026-09-25 12:29:00.607694+00:00,2026-09-25 12:29:00.608694+00:00,2026-09-25 12:29:00.609695+00:00,2026-09-25 12:29:00.610695+00:00,2026-09-25 12:29:00.611695+00:00,2026-09-25 12:29:00.612695+00:00,2026-09-25 12:29:00.613695+00:00,2026-09-25 12:29:00.614695+00:00,2026-09-25 12:29:00.615695+00:00,2026-09-25 12:29:00.616695+00:00,2026-09-25 12:29:00.617695+00:00,2026-09-25 12:29:00.618695+00:00,2026-09-25 12:29:00.619695+00:00,2026-09-25 12:29:00.620695+00:00,2026-09-25 12:29:00.621695+00:00,2026-09-25 12:29:00.622695+00:00,2026-09-25 12:29:00.623695+00:00,2026-09-25 12:29:00.624695+00:00,2026-09-25 12:29:00.625695+00:00,2026-09-25 12:29:00.626696+00:00,2026-09-25 12:29:00.649697+00:00,2026-09-25 12:29:00.628696+00:00,2026-09-25 12:29:00.629696+00:00,2026-09-25 12:29:00.630696+00:00,2026-09-25 12:29:00.631696+00:00,2026-09-25 12:29:00.632696+00:00,2026-09-25 12:29:00.633696+00:00,2026-09-25 12:29:00.634696+00:00,2026-09-25 12:29:00.635696+00:00,2026-09-25 12:29:00.636696+00:00,2026-09-25 12:29:00.637696+00:00,2026-09-25 12:29:00.627696+00:00,2026-09-25 12:29:00.639696+00:00,2026-09-25 12:29:00.640696+00:00,2026-09-25 12:29:00.652697+00:00,2026-09-25 12:29:00.642696+00:00,2026-09-25 12:29:00.654697+00:00,2026-09-25 12:29:00.644697+00:00,2026-09-25 12:29:00.645697+00:00,2026-09-25 12:29:00.646697+00:00,2026-09-25 12:29:00.647697+00:00,2026-09-25 12:29:00.648697+00:00,2026-09-25 12:29:00.650697+00:00,2026-09-25 12:29:00.651697+00:00,2026-09-25 12:29:00.641696+00:00,2026-09-25 12:29:00.653697+00:00,2026-09-25 12:29:00.643696+00:00,2026-09-25 12:29:00.655697+00:00,2026-09-25 12:29:00.656697+00:00,2026-09-25 12:29:00.657697+00:00,2026-09-25 12:29:00.669698+00:00,2026-09-25 12:29:00.659697+00:00,2026-09-25 12:29:00.660697+00:00,2026-09-25 12:29:00.661698+00:00,2026-09-25 12:29:00.662698+00:00,2026-09-25 12:29:00.663698+00:00,2026-09-25 12:29:00.664698+00:00,2026-09-25 12:29:00.665698+00:00,2026-09-25 12:29:00.666698+00:00,2026-09-25 12:29:00.667698+00:00,2026-09-25 12:29:00.668698+00:00,2026-09-25 12:29:00.658697+00:00,2026-09-25 12:29:00.669698+00:00,1.139787,0.8773569096682099,True,False,True,False,False,False,True,False,False,True,False,False,False,False,False,False
316,2026-09-25 10:59:55.945977+00:00,2026-09-25 12:29:01.427741+00:00,92.005,True,False,False,False,False,False,True,False,True,False,False,False,False,False,False,False,True,False,True,True,False,False,False,False,True,True,False,False,True,True,False,False,False,False,True,True,False,False,False,True,True,True,True,True,True,True,False,False,False,False,False,False,False,False,False,True,False,True,False,True,True,True,False,True,False,False,False,False,True,True,True,False,True,True,False,False,False,False,False,0,0,0,0,2026-09-25 12:29:01.335736+00:00,2026-09-25 12:29:01.345737+00:00,2026-09-25 12:29:01.346737+00:00,2026-09-25 12:29:01.347737+00:00,2026-09-25 12:29:01.348737+00:00,2026-09-25 12:29:01.349737+00:00,2026-09-25 12:29:01.350737+00:00,2026-09-25 12:29:01.351737+00:00,2026-09-25 12:29:01.352737+00:00,2026-09-25 12:29:01.353737+00:00,2026-09-25 12:29:01.354737+00:00,2026-09-25 12:29:01.355737+00:00,2026-09-25 12:29:01.356737+00:00,2026-09-25 12:29:01.357737+00:00,2026-09-25 12:29:01.358737+00:00,2026-09-25 12:29:01.359737+00:00,2026-09-25 12:29:01.360737+00:00,2026-09-25 12:29:01.361738+00:00,2026-09-25 12:29:01.362738+00:00,2026-09-25 12:29:01.363738+00:00,2026-09-25 12:29:01.364738+00:00,2026-09-25 12:29:01.365738+00:00,2026-09-25 12:29:01.366738+00:00,2026-09-25 12:29:01.367738+00:00,2026-09-25 12:29:01.368738+00:00,2026-09-25 12:29:01.369738+00:00,2026-09-25 12:29:01.370738+00:00,2026-09-25 12:29:01.371738+00:00,2026-09-25 12:29:01.372738+00:00,2026-09-25 12:29:01.373738+00:00,2026-09-25 12:29:01.374738+00:00,2026-09-25 12:29:01.375738+00:00,2026-09-25 12:29:01.376738+00:00,2026-09-25 12:29:01.377738+00:00,2026-09-25 12:29:01.378739+00:00,2026-09-25 12:29:01.379739+00:00,2026-09-25 12:29:01.380739+00:00,2026-09-25 12:29:01.381739+00:00,2026-09-25 12:29:01.382739+00:00,2026-09-25 12:29:01.383739+00:00,2026-09-25 12:29:01.384739+00:00,2026-09-25 12:29:01.385739+00:00,2026-09-25 12:29:01.386739+00:00,2026-09-25 12:29:01.398740+00:00,2026-09-25 12:29:01.388739+00:00,2026-09-25 12:29:01.389739+00:00,2026-09-25 12:29:01.390739+00:00,2026-09-25 12:29:01.391739+00:00,2026-09-25 12:29:01.392739+00:00,2026-09-25 12:29:01.393739+00:00,2026-09-25 12:29:01.394739+00:00,2026-09-25 12:29:01.395739+00:00,2026-09-25 12:29:01.396740+00:00,2026-09-25 12:29:01.397740+00:00,2026-09-25 12:29:01.399740+00:00,2026-09-25 12:29:01.400740+00:00,2026-09-25 12:29:01.412740+00:00,2026-09-25 12:29:01.402740+00:00,2026-09-25 12:29:01.403740+00:00,2026-09-25 12:29:01.404740+00:00,2026-09-25 12:29:01.405740+00:00,2026-09-25 12:29:01.406740+00:00,2026-09-25 12:29:01.407740+00:00,2026-09-25 12:29:01.408740+00:00,2026-09-25 12:29:01.409740+00:00,2026-09-25 12:29:01.410740+00:00,2026-09-25 12:29:01.411740+00:00,2026-09-25 12:29:01.401740+00:00,2026-09-25 12:29:01.413741+00:00,2026-09-25 12:29:01.414741+00:00,2026-09-25 12:29:01.415741+00:00,2026-09-25 12:29:01.416741+00:00,2026-09-25 12:29:01.417741+00:00,2026-09-25 12:29:01.418741+00:00,2026-09-25 12:29:01.419741+00:00,2026-09-25 12:29:01.420741+00:00,2026-09-25 12:29:01.421741+00:00,2026-09-25 12:29:01.422741+00:00,2026-09-25 12:29:01.423741+00:00,2026-09-25 12:29:01.424741+00:00,2026-09-25 12:29:01.425741+00:00,2026-09-25 12:29:01.426741+00:00,2026-09-25 12:29:01.427741+00:00,2026-09-25 12:29:01.427741+00:00,0.703528,1.4214075345970594,True,False,True,False,False,False,True,False,False,True,False,False,False,False,False,False
319,2026-09-25 10:59:56.972949+00:00,2026-09-25 12:29:02.455800+00:00,87.005,True,False,False,False,False,False,True,False,True,False,False,False,False,False,False,False,True,False,True,True,False,False,False,False,True,True,False,False,True,True,False,False,False,False,True,False,False,False,False,False,False,False,False,True,True,True,False,False,False,False,False,False,False,False,False,True,False,True,False,True,True,True,False,True,False,False,False,False,True,True,True,False,True,True,False,False,False,False,False,0,0,0,0,2026-09-25 12:29:02.368795+00:00,2026-09-25 12:29:02.372795+00:00,2026-09-25 12:29:02.373795+00:00,2026-09-25 12:29:02.374795+00:00,2026-09-25 12:29:02.375796+00:00,2026-09-25 12:29:02.376796+00:00,2026-09-25 12:29:02.377796+00:00,2026-09-25 12:29:02.378796+00:00,2026-09-25 12:29:02.379796+00:00,2026-09-25 12:29:02.380796+00:00,2026-09-25 12:29:02.381796+00:00,2026-09-25 12:29:02.382796+00:00,2026-09-25 12:29:02.383796+00:00,2026-09-25 12:29:02.384796+00:00,2026-09-25 12:29:02.385796+00:00,2026-09-25 12:29:02.386796+00:00,2026-09-25 12:29:02.398797+00:00,2026-09-25 12:29:02.388796+00:00,2026-09-25 12:29:02.389796+00:00,2026-09-25 12:29:02.390796+00:00,2026-09-25 12:29:02.391796+00:00,2026-09-25 12:29:02.392797+00:00,2026-09-25 12:29:02.393797+00:00,2026-09-25 12:29:02.394797+00:00,2026-09-25 12:29:02.395797+00:00,2026-09-25 12:29:02.396797+00:00,2026-09-25 12:29:02.397797+00:00,2026-09-25 12:29:02.410798+00:00,2026-09-25 12:29:02.400797+00:00,2026-09-25 12:29:02.401797+00:00,2026-09-25 12:29:02.402797+00:00,2026-09-25 12:29:02.403797+00:00,2026-09-25 12:29:02.404797+00:00,2026-09-25 12:29:02.405797+00:00,2026-09-25 12:29:02.406797+00:00,2026-09-25 12:29:02.407797+00:00,2026-09-25 12:29:02.408797+00:00,2026-09-25 12:29:02.409797+00:00,2026-09-25 12:29:02.399797+00:00,2026-09-25 12:29:02.411798+00:00,2026-09-25 12:29:02.412798+00:00,2026-09-25 12:29:02.413798+00:00,2026-09-25 12:29:02.414798+00:00,2026-09-25 12:29:02.415798+00:00,2026-09-25 12:29:02.416798+00:00,2026-09-25 12:29:02.417798+00:00,2026-09-25 12:29:02.418798+00:00,2026-09-25 12:29:02.419798+00:00,2026-09-25 12:29:02.420798+00:00,2026-09-25 12:29:02.421798+00:00,2026-09-25 12:29:02.422798+00:00,2026-09-25 12:29:02.423798+00:00,2026-09-25 12:29:02.424798+00:00,2026-09-25 12:29:02.425798+00:00,2026-09-25 12:29:02.426798+00:00,2026-09-25 12:29:02.427799+00:00,2026-09-25 12:29:02.428799+00:00,2026-09-25 12:29:02.429799+00:00,2026-09-25 12:29:02.430799+00:00,2026-09-25 12:29:02.431799+00:00,2026-09-25 12:29:02.432799+00:00,2026-09-25 12:29:02.433799+00:00,2026-09-25 12:29:02.434799+00:00,2026-09-25 12:29:02.435799+00:00,2026-09-25 12:29:02.436799+00:00,2026-09-25 12:29:02.449800+00:00,2026-09-25 12:29:02.438799+00:00,2026-09-25 12:29:02.439799+00:00,2026-09-25 12:29:02.440799+00:00,2026-09-25 12:29:02.441799+00:00,2026-09-25 12:29:02.442799+00:00,2026-09-25 12:29:02.443799+00:00,2026-09-25 12:29:02.444799+00:00,2026-09-25 12:29:02.445800+00:00,2026-09-25 12:29:02.446800+00:00,2026-09-25 12:29:02.447800+00:00,2026-09-25 12:29:02.437799+00:00,2026-09-25 12:29:02.450800+00:00,2026-09-25 12:29:02.451800+00:00,2026-09-25 12:29:02.452800+00:00,2026-09-25 12:29:02.453800+00:00,2026-09-25 12:29:02.454800+00:00,2026-09-25 12:29:02.455800+00:00,2026-09-25 12:29:02.455800+00:00,1.026972,0.9737363822966936,True,False,True,False,False,False,True,False,False,True,False,False,False,False,False,False
322,2026-09-25 10:59:58.117491+00:00,2026-09-25 12:29:03.521861+00:00,99.006,True,False,False,False,True,False,True,False,True,False,False,False,False,False,False,False,False,False,True,False,True,False,False,False,True,True,False,False,True,True,False,False,False,False,True,False,False,False,False,True,True,False,False,True,True,True,False,False,False,False,False,False,False,False,False,True,False,True,False,True,True,True,False,True,False,False,False,False,True,True,True,False,True,True,False,False,False,False,False,0,0,0,0,2026-09-25 12:29:03.422855+00:00,2026-09-25 12:29:03.448857+00:00,2026-09-25 12:29:03.438856+00:00,2026-09-25 12:29:03.450857+00:00,2026-09-25 12:29:03.440856+00:00,2026-09-25 12:29:03.441857+00:00,2026-09-25 12:29:03.442857+00:00,2026-09-25 12:29:03.443857+00:00,2026-09-25 12:29:03.444857+00:00,2026-09-25 12:29:03.445857+00:00,2026-09-25 12:29:03.446857+00:00,2026-09-25 12:29:03.437856+00:00,2026-09-25 12:29:03.447857+00:00,2026-09-25 12:29:03.449857+00:00,2026-09-25 12:29:03.439856+00:00,2026-09-25 12:29:03.451857+00:00,2026-09-25 12:29:03.452857+00:00,2026-09-25 12:29:03.453857+00:00,2026-09-25 12:29:03.454857+00:00,2026-09-25 12:29:03.455857+00:00,2026-09-25 12:29:03.456857+00:00,2026-09-25 12:29:03.468858+00:00,2026-09-25 12:29:03.458857+00:00,2026-09-25 12:29:03.459858+00:00,2026-09-25 12:29:03.460858+00:00,2026-09-25 12:29:03.461858+00:00,2026-09-25 12:29:03.462858+00:00,2026-09-25 12:29:03.463858+00:00,2026-09-25 12:29:03.464858+00:00,2026-09-25 12:29:03.465858+00:00,2026-09-25 12:29:03.466858+00:00,2026-09-25 12:29:03.467858+00:00,2026-09-25 12:29:03.457857+00:00,2026-09-25 12:29:03.469858+00:00,2026-09-25 12:29:03.494860+00:00,2026-09-25 12:29:03.471858+00:00,2026-09-25 12:29:03.472858+00:00,2026-09-25 12:29:03.473858+00:00,2026-09-25 12:29:03.474858+00:00,2026-09-25 12:29:03.475858+00:00,2026-09-25 12:29:03.476859+00:00,2026-09-25 12:29:03.477859+00:00,2026-09-25 12:29:03.478859+00:00,2026-09-25 12:29:03.480859+00:00,2026-09-25 12:29:03.493859+00:00,2026-09-25 12:29:03.470858+00:00,2026-09-25 12:29:03.484859+00:00,2026-09-25 12:29:03.485859+00:00,2026-09-25 12:29:03.497860+00:00,2026-09-25 12:29:03.487859+00:00,2026-09-25 12:29:03.499860+00:00,2026-09-25 12:29:03.489859+00:00,2026-09-25 12:29:03.490859+00:00,2026-09-25 12:29:03.491859+00:00,2026-09-25 12:29:03.492859+00:00,2026-09-25 12:29:03.482859+00:00,2026-09-25 12:29:03.483859+00:00,2026-09-25 12:29:03.495860+00:00,2026-09-25 12:29:03.496860+00:00,2026-09-25 12:29:03.498860+00:00,2026-09-25 12:29:03.488859+00:00,2026-09-25 12:29:03.500860+00:00,2026-09-25 12:29:03.501860+00:00,2026-09-25 12:29:03.502860+00:00,2026-09-25 12:29:03.503860+00:00,2026-09-25 12:29:03.504860+00:00,2026-09-25 12:29:03.505860+00:00,2026-09-25 12:29:03.506860+00:00,2026-09-25 12:29:03.507860+00:00,2026-09-25 12:29:03.508860+00:00,2026-09-25 12:29:03.520861+00:00,2026-09-25 12:29:03.510860+00:00,2026-09-25 12:29:03.511861+00:00,2026-09-25 12:29:03.512861+00:00,2026-09-25 12:29:03.513861+00:00,2026-09-25 12:29:03.514861+00:00,2026-09-25 12:29:03.515861+00:00,2026-09-25 12:29:03.516861+00:00,2026-09-25 12:29:03.517861+00:00,2026-09-25 12:29:03.518861+00:00,2026-09-25 12:29:03.519861+00:00,2026-09-25 12:29:03.509860+00:00,2026-09-25 12:29:03.521861+00:00,2026-09-25 12:29:03.521861+00:00,1.144542,0.873711930186922,True,False,True,False,False,False,True,False,False,True,False,False,False,False,False,False
325,2026-09-25 10:59:59.297938+00:00,2026-09-25 12:29:04.716929+00:00,93.005,True,False,False,False,True,False,True,False,True,False,False,False,False,False,False,False,False,False,True,False,True,False,False,False,True,True,False,False,True,True,False,False,False,False,True,False,False,False,False,True,True,False,False,True,True,True,False,False,False,False,False,False,False,False,False,True,False,True,False,True,True,True,False,True,False,False,False,False,True,True,True,False,True,True,False,False,False,False,False,0,0,0,0,2026-09-25 12:29:04.623924+00:00,2026-09-25 12:29:04.633925+00:00,2026-09-25 12:29:04.634925+00:00,2026-09-25 12:29:04.635925+00:00,2026-09-25 12:29:04.636925+00:00,2026-09-25 12:29:04.637925+00:00,2026-09-25 12:29:04.638925+00:00,2026-09-25 12:29:04.639925+00:00,2026-09-25 12:29:04.640925+00:00,2026-09-25 12:29:04.641925+00:00,2026-09-25 12:29:04.642925+00:00,2026-09-25 12:29:04.643925+00:00,2026-09-25 12:29:04.644925+00:00,2026-09-25 12:29:04.645925+00:00,2026-09-25 12:29:04.646925+00:00,2026-09-25 12:29:04.648926+00:00,2026-09-25 12:29:04.649926+00:00,2026-09-25 12:29:04.661926+00:00,2026-09-25 12:29:04.662926+00:00,2026-09-25 12:29:04.652926+00:00,2026-09-25 12:29:04.653926+00:00,2026-09-25 12:29:04.654926+00:00,2026-09-25 12:29:04.655926+00:00,2026-09-25 12:29:04.656926+00:00,2026-09-25 12:29:04.657926+00:00,2026-09-25 12:29:04.658926+00:00,2026-09-25 12:29:04.659926+00:00,2026-09-25 12:29:04.660926+00:00,2026-09-25 12:29:04.650926+00:00,2026-09-25 12:29:04.651926+00:00,2026-09-25 12:29:04.663926+00:00,2026-09-25 12:29:04.664926+00:00,2026-09-25 12:29:04.665927+00:00,2026-09-25 12:29:04.666927+00:00,2026-09-25 12:29:04.678927+00:00,2026-09-25 12:29:04.668927+00:00,2026-09-25 12:29:04.669927+00:00,2026-09-25 12:29:04.670927+00:00,2026-09-25 12:29:04.671927+00:00,2026-09-25 12:29:04.672927+00:00,2026-09-25 12:29:04.673927+00:00,2026-09-25 12:29:04.674927+00:00,2026-09-25 12:29:04.675927+00:00,2026-09-25 12:29:04.676927+00:00,2026-09-25 12:29:04.677927+00:00,2026-09-25 12:29:04.667927+00:00,2026-09-25 12:29:04.679927+00:00,2026-09-25 12:29:04.680927+00:00,2026-09-25 12:29:04.703929+00:00,2026-09-25 12:29:04.682928+00:00,2026-09-25 12:29:04.683928+00:00,2026-09-25 12:29:04.684928+00:00,2026-09-25 12:29:04.696928+00:00,2026-09-25 12:29:04.686928+00:00,2026-09-25 12:29:04.687928+00:00,2026-09-25 12:29:04.688928+00:00,2026-09-25 12:29:04.700929+00:00,2026-09-25 12:29:04.701929+00:00,2026-09-25 12:29:04.702929+00:00,2026-09-25 12:29:04.681927+00:00,2026-09-25 12:29:04.704929+00:00,2026-09-25 12:29:04.694928+00:00,2026-09-25 12:29:04.695928+00:00,2026-09-25 12:29:04.697928+00:00,2026-09-25 12:29:04.698928+00:00,2026-09-25 12:29:04.699928+00:00,2026-09-25 12:29:04.689928+00:00,2026-09-25 12:29:04.690928+00:00,2026-09-25 12:29:04.691928+00:00,2026-09-25 12:29:04.692928+00:00,2026-09-25 12:29:04.693928+00:00,2026-09-25 12:29:04.705929+00:00,2026-09-25 12:29:04.706929+00:00,2026-09-25 12:29:04.707929+00:00,2026-09-25 12:29:04.708929+00:00,2026-09-25 12:29:04.709929+00:00,2026-09-25 12:29:04.710929+00:00,2026-09-25 12:29:04.711929+00:00,2026-09-25 12:29:04.712929+00:00,2026-09-25 12:29:04.713929+00:00,2026-09-25 12:29:04.714929+00:00,2026-09-25 12:29:04.715929+00:00,2026-09-25 12:29:04.716929+00:00,2026-09-25 12:29:04.716929+00:00,1.180447,0.8471367202424166,True,False,True,False,False,False,True,False,False,True,False,False,False,False,False,False
327,2026-09-25 11:00:00.110483+00:00,2026-09-25 12:29:05.504975+00:00,100.006,False,False,False,False,True,False,True,False,True,True,False,False,False,False,False,False,False,False,False,False,False,False,False,False,True,True,False,False,True,True,False,False,False,False,True,False,False,False,False,True,False,False,False,True,True,True,False,False,False,False,False,False,False,False,False,True,False,True,False,True,True,True,False,True,False,False,False,False,True,True,True,False,True,True,False,False,False,False,False,0,0,0,0,2026-09-25 12:29:05.404969+00:00,2026-09-25 12:29:05.421970+00:00,2026-09-25 12:29:05.422970+00:00,2026-09-25 12:29:05.423970+00:00,2026-09-25 12:29:05.424970+00:00,2026-09-25 12:29:05.425970+00:00,2026-09-25 12:29:05.426970+00:00,2026-09-25 12:29:05.427970+00:00,2026-09-25 12:29:05.428970+00:00,2026-09-25 12:29:05.429970+00:00,2026-09-25 12:29:05.430970+00:00,2026-09-25 12:29:05.431970+00:00,2026-09-25 12:29:05.432970+00:00,2026-09-25 12:29:05.433970+00:00,2026-09-25 12:29:05.446971+00:00,2026-09-25 12:29:05.435971+00:00,2026-09-25 12:29:05.436971+00:00,2026-09-25 12:29:05.437971+00:00,2026-09-25 12:29:05.438971+00:00,2026-09-25 12:29:05.439971+00:00,2026-09-25 12:29:05.440971+00:00,2026-09-25 12:29:05.441971+00:00,2026-09-25 12:29:05.442971+00:00,2026-09-25 12:29:05.443971+00:00,2026-09-25 12:29:05.444971+00:00,2026-09-25 12:29:05.445971+00:00,2026-09-25 12:29:05.447971+00:00,2026-09-25 12:29:05.448971+00:00,2026-09-25 12:29:05.449971+00:00,2026-09-25 12:29:05.450971+00:00,2026-09-25 12:29:05.451971+00:00,2026-09-25 12:29:05.452972+00:00,2026-09-25 12:29:05.453972+00:00,2026-09-25 12:29:05.454972+00:00,2026-09-25 12:29:05.455972+00:00,2026-09-25 12:29:05.467972+00:00,2026-09-25 12:29:05.457972+00:00,2026-09-25 12:29:05.458972+00:00,2026-09-25 12:29:05.459972+00:00,2026-09-25 12:29:05.460972+00:00,2026-09-25 12:29:05.461972+00:00,2026-09-25 12:29:05.462972+00:00,2026-09-25 12:29:05.463972+00:00,2026-09-25 12:29:05.475973+00:00,2026-09-25 12:29:05.465972+00:00,2026-09-25 12:29:05.466972+00:00,2026-09-25 12:29:05.456972+00:00,2026-09-25 12:29:05.468972+00:00,2026-09-25 12:29:05.469973+00:00,2026-09-25 12:29:05.470973+00:00,2026-09-25 12:29:05.471973+00:00,2026-09-25 12:29:05.472973+00:00,2026-09-25 12:29:05.473973+00:00,2026-09-25 12:29:05.474973+00:00,2026-09-25 12:29:05.464972+00:00,2026-09-25 12:29:05.476973+00:00,2026-09-25 12:29:05.477973+00:00,2026-09-25 12:29:05.478973+00:00,2026-09-25 12:29:05.479973+00:00,2026-09-25 12:29:05.480973+00:00,2026-09-25 12:29:05.481973+00:00,2026-09-25 12:29:05.482973+00:00,2026-09-25 12:29:05.483973+00:00,2026-09-25 12:29:05.495974+00:00,2026-09-25 12:29:05.485973+00:00,2026-09-25 12:29:05.486973+00:00,2026-09-25 12:29:05.487974+00:00,2026-09-25 12:29:05.488974+00:00,2026-09-25 12:29:05.489974+00:00,2026-09-25 12:29:05.490974+00:00,2026-09-25 12:29:05.491974+00:00,2026-09-25 12:29:05.492974+00:00,2026-09-25 12:29:05.504975+00:00,2026-09-25 12:29:05.494974+00:00,2026-09-25 12:29:05.496974+00:00,2026-09-25 12:29:05.497974+00:00,2026-09-25 12:29:05.498974+00:00,2026-09-25 12:29:05.499974+00:00,2026-09-25 12:29:05.500974+00:00,2026-09-25 12:29:05.501974+00:00,2026-09-25 12:29:05.502974+00:00,2026-09-25 12:29:05.503974+00:00,2026-09-25 12:29:05.493974+00:00,2026-09-25 12:29:05.504975+00:00,0.812545,1.2307010688638784,True,False,True,False,False,False,True,False,False,True,False,False,False,False,False,False
330,2026-09-25 11:00:01.302687+00:00,2026-09-25 12:29:06.785048+00:00,103.006,False,False,False,True,True,False,True,False,True,False,False,False,True,False,False,False,False,False,False,False,False,False,False,False,True,True,False,False,True,True,False,False,False,False,False,False,False,True,False,True,False,False,False,True,True,True,False,False,False,False,False,False,False,False,False,True,False,True,False,True,True,True,False,True,False,False,False,False,True,True,True,False,True,True,False,False,False,False,False,0,0,0,0,2026-09-25 12:29:06.682042+00:00,2026-09-25 12:29:06.696043+00:00,2026-09-25 12:29:06.697043+00:00,2026-09-25 12:29:06.698043+00:00,2026-09-25 12:29:06.700043+00:00,2026-09-25 12:29:06.701043+00:00,2026-09-25 12:29:06.702043+00:00,2026-09-25 12:29:06.703043+00:00,2026-09-25 12:29:06.704043+00:00,2026-09-25 12:29:06.705043+00:00,2026-09-25 12:29:06.706043+00:00,2026-09-25 12:29:06.707043+00:00,2026-09-25 12:29:06.708043+00:00,2026-09-25 12:29:06.709043+00:00,2026-09-25 12:29:06.710043+00:00,2026-09-25 12:29:06.711044+00:00,2026-09-25 12:29:06.724044+00:00,2026-09-25 12:29:06.714044+00:00,2026-09-25 12:29:06.715044+00:00,2026-09-25 12:29:06.716044+00:00,2026-09-25 12:29:06.717044+00:00,2026-09-25 12:29:06.718044+00:00,2026-09-25 12:29:06.719044+00:00,2026-09-25 12:29:06.720044+00:00,2026-09-25 12:29:06.721044+00:00,2026-09-25 12:29:06.722044+00:00,2026-09-25 12:29:06.723044+00:00,2026-09-25 12:29:06.713044+00:00,2026-09-25 12:29:06.725044+00:00,2026-09-25 12:29:06.726044+00:00,2026-09-25 12:29:06.728044+00:00,2026-09-25 12:29:06.729045+00:00,2026-09-25 12:29:06.730045+00:00,2026-09-25 12:29:06.731045+00:00,2026-09-25 12:29:06.732045+00:00,2026-09-25 12:29:06.733045+00:00,2026-09-25 12:29:06.734045+00:00,2026-09-25 12:29:06.746046+00:00,2026-09-25 12:29:06.736045+00:00,2026-09-25 12:29:06.737045+00:00,2026-09-25 12:29:06.738045+00:00,2026-09-25 12:29:06.739045+00:00,2026-09-25 12:29:06.740045+00:00,2026-09-25 12:29:06.741045+00:00,2026-09-25 12:29:06.754046+00:00,2026-09-25 12:29:06.743045+00:00,2026-09-25 12:29:06.744045+00:00,2026-09-25 12:29:06.745045+00:00,2026-09-25 12:29:06.748046+00:00,2026-09-25 12:29:06.749046+00:00,2026-09-25 12:29:06.750046+00:00,2026-09-25 12:29:06.751046+00:00,2026-09-25 12:29:06.752046+00:00,2026-09-25 12:29:06.753046+00:00,2026-09-25 12:29:06.742045+00:00,2026-09-25 12:29:06.755046+00:00,2026-09-25 12:29:06.756046+00:00,2026-09-25 12:29:06.770047+00:00,2026-09-25 12:29:06.759046+00:00,2026-09-25 12:29:06.772047+00:00,2026-09-25 12:29:06.762046+00:00,2026-09-25 12:29:06.763046+00:00,2026-09-25 12:29:06.775047+00:00,2026-09-25 12:29:06.765047+00:00,2026-09-25 12:29:06.766047+00:00,2026-09-25 12:29:06.767047+00:00,2026-09-25 12:29:06.768047+00:00,2026-09-25 12:29:06.769047+00:00,2026-09-25 12:29:06.758046+00:00,2026-09-25 12:29:06.771047+00:00,2026-09-25 12:29:06.761046+00:00,2026-09-25 12:29:06.773047+00:00,2026-09-25 12:29:06.774047+00:00,2026-09-25 12:29:06.764047+00:00,2026-09-25 12:29:06.776047+00:00,2026-09-25 12:29:06.777047+00:00,2026-09-25 12:29:06.778047+00:00,2026-09-25 12:29:06.779047+00:00,2026-09-25 12:29:06.780047+00:00,2026-09-25 12:29:06.781048+00:00,2026-09-25 12:29:06.782048+00:00,2026-09-25 12:29:06.783048+00:00,2026-09-25 12:29:06.785048+00:00,2026-09-25 12:29:06.785048+00:00,1.192204,0.8387826244501779,True,False,True,False,False,False,True,False,False,True,False,False,False,False,False,False
332,2026-09-25 11:00:02.068150+00:00,2026-09-25 12:29:07.525090+00:00,103.006,False,False,False,True,True,False,True,False,True,False,False,False,True,False,False,False,False,False,False,False,False,False,False,False,True,True,False,False,False,True,False,False,False,False,False,False,False,True,False,True,False,False,False,True,True,True,False,False,False,False,False,False,False,False,False,True,False,True,False,True,True,True,False,True,False,False,False,False,True,True,True,False,True,True,False,False,False,False,False,0,0,0,0,2026-09-25 12:29:07.422084+00:00,2026-09-25 12:29:07.438085+00:00,2026-09-25 12:29:07.439085+00:00,2026-09-25 12:29:07.440085+00:00,2026-09-25 12:29:07.441085+00:00,2026-09-25 12:29:07.442085+00:00,2026-09-25 12:29:07.443085+00:00,2026-09-25 12:29:07.444085+00:00,2026-09-25 12:29:07.445085+00:00,2026-09-25 12:29:07.446086+00:00,2026-09-25 12:29:07.447086+00:00,2026-09-25 12:29:07.448086+00:00,2026-09-25 12:29:07.449086+00:00,2026-09-25 12:29:07.450086+00:00,2026-09-25 12:29:07.451086+00:00,2026-09-25 12:29:07.452086+00:00,2026-09-25 12:29:07.453086+00:00,2026-09-25 12:29:07.454086+00:00,2026-09-25 12:29:07.455086+00:00,2026-09-25 12:29:07.456086+00:00,2026-09-25 12:29:07.457086+00:00,2026-09-25 12:29:07.458086+00:00,2026-09-25 12:29:07.471087+00:00,2026-09-25 12:29:07.461086+00:00,2026-09-25 12:29:07.462086+00:00,2026-09-25 12:29:07.463087+00:00,2026-09-25 12:29:07.464087+00:00,2026-09-25 12:29:07.465087+00:00,2026-09-25 12:29:07.466087+00:00,2026-09-25 12:29:07.467087+00:00,2026-09-25 12:29:07.468087+00:00,2026-09-25 12:29:07.469087+00:00,2026-09-25 12:29:07.470087+00:00,2026-09-25 12:29:07.460086+00:00,2026-09-25 12:29:07.472087+00:00,2026-09-25 12:29:07.473087+00:00,2026-09-25 12:29:07.474087+00:00,2026-09-25 12:29:07.475087+00:00,2026-09-25 12:29:07.476087+00:00,2026-09-25 12:29:07.478087+00:00,2026-09-25 12:29:07.479087+00:00,2026-09-25 12:29:07.480087+00:00,2026-09-25 12:29:07.481088+00:00,2026-09-25 12:29:07.482088+00:00,2026-09-25 12:29:07.483088+00:00,2026-09-25 12:29:07.497088+00:00,2026-09-25 12:29:07.485088+00:00,2026-09-25 12:29:07.486088+00:00,2026-09-25 12:29:07.487088+00:00,2026-09-25 12:29:07.488088+00:00,2026-09-25 12:29:07.489088+00:00,2026-09-25 12:29:07.490088+00:00,2026-09-25 12:29:07.491088+00:00,2026-09-25 12:29:07.505089+00:00,2026-09-25 12:29:07.506089+00:00,2026-09-25 12:29:07.496088+00:00,2026-09-25 12:29:07.498089+00:00,2026-09-25 12:29:07.499089+00:00,2026-09-25 12:29:07.500089+00:00,2026-09-25 12:29:07.501089+00:00,2026-09-25 12:29:07.502089+00:00,2026-09-25 12:29:07.503089+00:00,2026-09-25 12:29:07.504089+00:00,2026-09-25 12:29:07.493088+00:00,2026-09-25 12:29:07.495088+00:00,2026-09-25 12:29:07.507089+00:00,2026-09-25 12:29:07.508089+00:00,2026-09-25 12:29:07.509089+00:00,2026-09-25 12:29:07.510089+00:00,2026-09-25 12:29:07.511089+00:00,2026-09-25 12:29:07.512089+00:00,2026-09-25 12:29:07.513089+00:00,2026-09-25 12:29:07.515089+00:00,2026-09-25 12:29:07.516090+00:00,2026-09-25 12:29:07.517090+00:00,2026-09-25 12:29:07.518090+00:00,2026-09-25 12:29:07.519090+00:00,2026-09-25 12:29:07.520090+00:00,2026-09-25 12:29:07.521090+00:00,2026-09-25 12:29:07.522090+00:00,2026-09-25 12:29:07.523090+00:00,2026-09-25 12:29:07.524090+00:00,2026-09-25 12:29:07.525090+00:00,2026-09-25 12:29:07.525090+00:00,0.765463,1.3063988723164934,True,False,True,False,False,False,True,False,False,True,False,False,False,False,False,False
334,2026-09-25 11:00:02.816064+00:00,2026-09-25 12:29:08.293134+00:00,130.007,False,False,False,False,True,False,True,False,True,True,False,False,False,False,False,False,False,False,False,False,False,False,False,False,True,True,False,False,False,True,False,False,False,False,False,False,False,True,False,True,False,False,False,True,True,True,False,False,False,False,False,False,False,False,False,True,False,True,False,True,True,True,False,True,False,False,False,False,True,True,True,False,True,True,False,False,False,False,False,0,0,0,0,2026-09-25 12:29:08.163127+00:00,2026-09-25 12:29:08.187128+00:00,2026-09-25 12:29:08.189128+00:00,2026-09-25 12:29:08.205129+00:00,2026-09-25 12:29:08.220130+00:00,2026-09-25 12:29:08.221130+00:00,2026-09-25 12:29:08.197129+00:00,2026-09-25 12:29:08.198129+00:00,2026-09-25 12:29:08.199129+00:00,2026-09-25 12:29:08.200129+00:00,2026-09-25 12:29:08.201129+00:00,2026-09-25 12:29:08.202129+00:00,2026-09-25 12:29:08.203129+00:00,2026-09-25 12:29:08.204129+00:00,2026-09-25 12:29:08.191128+00:00,2026-09-25 12:29:08.193128+00:00,2026-09-25 12:29:08.195128+00:00,2026-09-25 12:29:08.210129+00:00,2026-09-25 12:29:08.211129+00:00,2026-09-25 12:29:08.212129+00:00,2026-09-25 12:29:08.214129+00:00,2026-09-25 12:29:08.215130+00:00,2026-09-25 12:29:08.216130+00:00,2026-09-25 12:29:08.217130+00:00,2026-09-25 12:29:08.218130+00:00,2026-09-25 12:29:08.219130+00:00,2026-09-25 12:29:08.207129+00:00,2026-09-25 12:29:08.209129+00:00,2026-09-25 12:29:08.222130+00:00,2026-09-25 12:29:08.223130+00:00,2026-09-25 12:29:08.225130+00:00,2026-09-25 12:29:08.226130+00:00,2026-09-25 12:29:08.227130+00:00,2026-09-25 12:29:08.228130+00:00,2026-09-25 12:29:08.229130+00:00,2026-09-25 12:29:08.230130+00:00,2026-09-25 12:29:08.231130+00:00,2026-09-25 12:29:08.232131+00:00,2026-09-25 12:29:08.245131+00:00,2026-09-25 12:29:08.234131+00:00,2026-09-25 12:29:08.235131+00:00,2026-09-25 12:29:08.236131+00:00,2026-09-25 12:29:08.237131+00:00,2026-09-25 12:29:08.238131+00:00,2026-09-25 12:29:08.240131+00:00,2026-09-25 12:29:08.241131+00:00,2026-09-25 12:29:08.242131+00:00,2026-09-25 12:29:08.243131+00:00,2026-09-25 12:29:08.244131+00:00,2026-09-25 12:29:08.246131+00:00,2026-09-25 12:29:08.247131+00:00,2026-09-25 12:29:08.248131+00:00,2026-09-25 12:29:08.249131+00:00,2026-09-25 12:29:08.250132+00:00,2026-09-25 12:29:08.251132+00:00,2026-09-25 12:29:08.252132+00:00,2026-09-25 12:29:08.253132+00:00,2026-09-25 12:29:08.254132+00:00,2026-09-25 12:29:08.257132+00:00,2026-09-25 12:29:08.276133+00:00,2026-09-25 12:29:08.261132+00:00,2026-09-25 12:29:08.262132+00:00,2026-09-25 12:29:08.264132+00:00,2026-09-25 12:29:08.265132+00:00,2026-09-25 12:29:08.266132+00:00,2026-09-25 12:29:08.267133+00:00,2026-09-25 12:29:08.269133+00:00,2026-09-25 12:29:08.270133+00:00,2026-09-25 12:29:08.272133+00:00,2026-09-25 12:29:08.274133+00:00,2026-09-25 12:29:08.259132+00:00,2026-09-25 12:29:08.278133+00:00,2026-09-25 12:29:08.279133+00:00,2026-09-25 12:29:08.281133+00:00,2026-09-25 12:29:08.283133+00:00,2026-09-25 12:29:08.284133+00:00,2026-09-25 12:29:08.285134+00:00,2026-09-25 12:29:08.286134+00:00,2026-09-25 12:29:08.288134+00:00,2026-09-25 12:29:08.289134+00:00,2026-09-25 12:29:08.291134+00:00,2026-09-25 12:29:08.292134+00:00,2026-09-25 12:29:08.293134+00:00,2026-09-25 12:29:08.293134+00:00,0.747914,1.3370521209657795,True,False,True,False,False,False,True,False,False,True,False,False,False,False,False,False
337,2026-09-25 11:00:03.972224+00:00,2026-09-25 12:29:09.454200+00:00,84.00399999999999,False,True,False,False,True,False,True,False,True,False,False,True,False,False,False,False,False,False,True,False,False,False,False,False,True,True,False,False,False,True,False,False,False,False,False,False,False,True,False,True,False,False,False,True,True,True,False,False,False,False,False,False,False,False,False,True,False,True,False,True,True,True,False,True,False,False,False,False,True,True,True,False,True,True,True,False,False,False,False,0,0,0,0,2026-09-25 12:29:09.370196+00:00,2026-09-25 12:29:09.371196+00:00,2026-09-25 12:29:09.372196+00:00,2026-09-25 12:29:09.373196+00:00,2026-09-25 12:29:09.385196+00:00,2026-09-25 12:29:09.375196+00:00,2026-09-25 12:29:09.376196+00:00,2026-09-25 12:29:09.377196+00:00,2026-09-25 12:29:09.378196+00:00,2026-09-25 12:29:09.379196+00:00,2026-09-25 12:29:09.380196+00:00,2026-09-25 12:29:09.381196+00:00,2026-09-25 12:29:09.382196+00:00,2026-09-25 12:29:09.394197+00:00,2026-09-25 12:29:09.384196+00:00,2026-09-25 12:29:09.374196+00:00,2026-09-25 12:29:09.386197+00:00,2026-09-25 12:29:09.387197+00:00,2026-09-25 12:29:09.399197+00:00,2026-09-25 12:29:09.389197+00:00,2026-09-25 12:29:09.390197+00:00,2026-09-25 12:29:09.391197+00:00,2026-09-25 12:29:09.392197+00:00,2026-09-25 12:29:09.393197+00:00,2026-09-25 12:29:09.395197+00:00,2026-09-25 12:29:09.396197+00:00,2026-09-25 12:29:09.397197+00:00,2026-09-25 12:29:09.398197+00:00,2026-09-25 12:29:09.388197+00:00,2026-09-25 12:29:09.400197+00:00,2026-09-25 12:29:09.412198+00:00,2026-09-25 12:29:09.402197+00:00,2026-09-25 12:29:09.403197+00:00,2026-09-25 12:29:09.404198+00:00,2026-09-25 12:29:09.405198+00:00,2026-09-25 12:29:09.406198+00:00,2026-09-25 12:29:09.407198+00:00,2026-09-25 12:29:09.408198+00:00,2026-09-25 12:29:09.409198+00:00,2026-09-25 12:29:09.410198+00:00,2026-09-25 12:29:09.411198+00:00,2026-09-25 12:29:09.401197+00:00,2026-09-25 12:29:09.413198+00:00,2026-09-25 12:29:09.414198+00:00,2026-09-25 12:29:09.415198+00:00,2026-09-25 12:29:09.416198+00:00,2026-09-25 12:29:09.417198+00:00,2026-09-25 12:29:09.418198+00:00,2026-09-25 12:29:09.419198+00:00,2026-09-25 12:29:09.420198+00:00,2026-09-25 12:29:09.421199+00:00,2026-09-25 12:29:09.422199+00:00,2026-09-25 12:29:09.423199+00:00,2026-09-25 12:29:09.424199+00:00,2026-09-25 12:29:09.436199+00:00,2026-09-25 12:29:09.426199+00:00,2026-09-25 12:29:09.427199+00:00,2026-09-25 12:29:09.428199+00:00,2026-09-25 12:29:09.429199+00:00,2026-09-25 12:29:09.430199+00:00,2026-09-25 12:29:09.431199+00:00,2026-09-25 12:29:09.432199+00:00,2026-09-25 12:29:09.444200+00:00,2026-09-25 12:29:09.434199+00:00,2026-09-25 12:29:09.435199+00:00,2026-09-25 12:29:09.425199+00:00,2026-09-25 12:29:09.437199+00:00,2026-09-25 12:29:09.438199+00:00,2026-09-25 12:29:09.439200+00:00,2026-09-25 12:29:09.440200+00:00,2026-09-25 12:29:09.452200+00:00,2026-09-25 12:29:09.442200+00:00,2026-09-25 12:29:09.443200+00:00,2026-09-25 12:29:09.445200+00:00,2026-09-25 12:29:09.446200+00:00,2026-09-25 12:29:09.447200+00:00,2026-09-25 12:29:09.448200+00:00,2026-09-25 12:29:09.449200+00:00,2026-09-25 12:29:09.450200+00:00,2026-09-25 12:29:09.451200+00:00,2026-09-25 12:29:09.441200+00:00,2026-09-25 12:29:09.453200+00:00,2026-09-25 12:29:09.454200+00:00,2026-09-25 12:29:09.454200+00:00,1.15616,0.8649321893163575,True,False,True,False,True,False,True,False,False,True,False,False,False,False,False,False
340,2026-09-25 11:00:05.221874+00:00,2026-09-25 12:29:10.703272+00:00,230.013,False,True,False,False,True,False,True,False,True,False,False,True,False,False,False,False,False,False,True,False,False,False,False,False,True,True,False,False,False,True,False,False,False,False,False,False,False,False,True,True,False,False,False,True,True,True,False,False,False,False,False,False,False,False,False,True,False,True,False,True,True,True,False,True,False,False,False,False,False,True,True,False,True,True,True,False,False,False,False,1,0,0,0,2026-09-25 12:29:10.473259+00:00,2026-09-25 12:29:10.620267+00:00,2026-09-25 12:29:10.628268+00:00,2026-09-25 12:29:10.622267+00:00,2026-09-25 12:29:10.623267+00:00,2026-09-25 12:29:10.624267+00:00,2026-09-25 12:29:10.625267+00:00,2026-09-25 12:29:10.626267+00:00,2026-09-25 12:29:10.627268+00:00,2026-09-25 12:29:10.621267+00:00,2026-09-25 12:29:10.629268+00:00,2026-09-25 12:29:10.630268+00:00,2026-09-25 12:29:10.631268+00:00,2026-09-25 12:29:10.643268+00:00,2026-09-25 12:29:10.633268+00:00,2026-09-25 12:29:10.634268+00:00,2026-09-25 12:29:10.635268+00:00,2026-09-25 12:29:10.636268+00:00,2026-09-25 12:29:10.637268+00:00,2026-09-25 12:29:10.638268+00:00,2026-09-25 12:29:10.639268+00:00,2026-09-25 12:29:10.640268+00:00,2026-09-25 12:29:10.641268+00:00,2026-09-25 12:29:10.642268+00:00,2026-09-25 12:29:10.644268+00:00,2026-09-25 12:29:10.645269+00:00,2026-09-25 12:29:10.646269+00:00,2026-09-25 12:29:10.647269+00:00,2026-09-25 12:29:10.648269+00:00,2026-09-25 12:29:10.649269+00:00,2026-09-25 12:29:10.650269+00:00,2026-09-25 12:29:10.651269+00:00,2026-09-25 12:29:10.652269+00:00,2026-09-25 12:29:10.653269+00:00,2026-09-25 12:29:10.654269+00:00,2026-09-25 12:29:10.655269+00:00,2026-09-25 12:29:10.656269+00:00,2026-09-25 12:29:10.657269+00:00,2026-09-25 12:29:10.658269+00:00,2026-09-25 12:29:10.659269+00:00,2026-09-25 12:29:10.660269+00:00,2026-09-25 12:29:10.661269+00:00,2026-09-25 12:29:10.662270+00:00,2026-09-25 12:29:10.663270+00:00,2026-09-25 12:29:10.664270+00:00,2026-09-25 12:29:10.665270+00:00,2026-09-25 12:29:10.666270+00:00,2026-09-25 12:29:10.667270+00:00,2026-09-25 12:29:10.668270+00:00,2026-09-25 12:29:10.669270+00:00,2026-09-25 12:29:10.670270+00:00,2026-09-25 12:29:10.671270+00:00,2026-09-25 12:29:10.672270+00:00,2026-09-25 12:29:10.673270+00:00,2026-09-25 12:29:10.674270+00:00,2026-09-25 12:29:10.675270+00:00,2026-09-25 12:29:10.676270+00:00,2026-09-25 12:29:10.677270+00:00,2026-09-25 12:29:10.678270+00:00,2026-09-25 12:29:10.679270+00:00,2026-09-25 12:29:10.680271+00:00,2026-09-25 12:29:10.681271+00:00,2026-09-25 12:29:10.693271+00:00,2026-09-25 12:29:10.683271+00:00,2026-09-25 12:29:10.684271+00:00,2026-09-25 12:29:10.685271+00:00,2026-09-25 12:29:10.686271+00:00,2026-09-25 12:29:10.687271+00:00,2026-09-25 12:29:10.688271+00:00,2026-09-25 12:29:10.689271+00:00,2026-09-25 12:29:10.690271+00:00,2026-09-25 12:29:10.691271+00:00,2026-09-25 12:29:10.692271+00:00,2026-09-25 12:29:10.694271+00:00,2026-09-25 12:29:10.695271+00:00,2026-09-25 12:29:10.696271+00:00,2026-09-25 12:29:10.697272+00:00,2026-09-25 12:29:10.698272+00:00,2026-09-25 12:29:10.699272+00:00,2026-09-25 12:29:10.700272+00:00,2026-09-25 12:29:10.701272+00:00,2026-09-25 12:29:10.702272+00:00,2026-09-25 12:29:10.703272+00:00,2026-09-25 12:29:10.703272+00:00,1.24965,0.8002240627375665,True,False,True,False,True,False,True,False,False,True,False,False,False,False,False,False
342,2026-09-25 11:00:05.962972+00:00,2026-09-25 12:29:11.426313+00:00,89.005,False,True,False,False,True,False,True,False,True,False,False,True,False,False,False,False,False,False,True,False,False,False,False,False,True,True,False,False,False,True,False,False,False,False,False,False,False,False,True,True,False,False,False,True,True,True,False,False,False,False,False,False,False,False,False,True,False,True,False,True,True,True,False,True,False,False,False,False,False,False,True,False,True,True,True,False,False,False,False,0,0,0,0,2026-09-25 12:29:11.337308+00:00,2026-09-25 12:29:11.344309+00:00,2026-09-25 12:29:11.350309+00:00,2026-09-25 12:29:11.346309+00:00,2026-09-25 12:29:11.347309+00:00,2026-09-25 12:29:11.348309+00:00,2026-09-25 12:29:11.349309+00:00,2026-09-25 12:29:11.345309+00:00,2026-09-25 12:29:11.351309+00:00,2026-09-25 12:29:11.352309+00:00,2026-09-25 12:29:11.353309+00:00,2026-09-25 12:29:11.354309+00:00,2026-09-25 12:29:11.355309+00:00,2026-09-25 12:29:11.356309+00:00,2026-09-25 12:29:11.357309+00:00,2026-09-25 12:29:11.358309+00:00,2026-09-25 12:29:11.359309+00:00,2026-09-25 12:29:11.360309+00:00,2026-09-25 12:29:11.372310+00:00,2026-09-25 12:29:11.362310+00:00,2026-09-25 12:29:11.363310+00:00,2026-09-25 12:29:11.364310+00:00,2026-09-25 12:29:11.365310+00:00,2026-09-25 12:29:11.366310+00:00,2026-09-25 12:29:11.367310+00:00,2026-09-25 12:29:11.368310+00:00,2026-09-25 12:29:11.369310+00:00,2026-09-25 12:29:11.370310+00:00,2026-09-25 12:29:11.371310+00:00,2026-09-25 12:29:11.361309+00:00,2026-09-25 12:29:11.373310+00:00,2026-09-25 12:29:11.385311+00:00,2026-09-25 12:29:11.375310+00:00,2026-09-25 12:29:11.376310+00:00,2026-09-25 12:29:11.377310+00:00,2026-09-25 12:29:11.378310+00:00,2026-09-25 12:29:11.379311+00:00,2026-09-25 12:29:11.380311+00:00,2026-09-25 12:29:11.392311+00:00,2026-09-25 12:29:11.382311+00:00,2026-09-25 12:29:11.383311+00:00,2026-09-25 12:29:11.384311+00:00,2026-09-25 12:29:11.374310+00:00,2026-09-25 12:29:11.386311+00:00,2026-09-25 12:29:11.387311+00:00,2026-09-25 12:29:11.388311+00:00,2026-09-25 12:29:11.389311+00:00,2026-09-25 12:29:11.390311+00:00,2026-09-25 12:29:11.391311+00:00,2026-09-25 12:29:11.393311+00:00,2026-09-25 12:29:11.394311+00:00,2026-09-25 12:29:11.395311+00:00,2026-09-25 12:29:11.396311+00:00,2026-09-25 12:29:11.397312+00:00,2026-09-25 12:29:11.398312+00:00,2026-09-25 12:29:11.399312+00:00,2026-09-25 12:29:11.400312+00:00,2026-09-25 12:29:11.401312+00:00,2026-09-25 12:29:11.402312+00:00,2026-09-25 12:29:11.403312+00:00,2026-09-25 12:29:11.404312+00:00,2026-09-25 12:29:11.405312+00:00,2026-09-25 12:29:11.406312+00:00,2026-09-25 12:29:11.407312+00:00,2026-09-25 12:29:11.408312+00:00,2026-09-25 12:29:11.409312+00:00,2026-09-25 12:29:11.410312+00:00,2026-09-25 12:29:11.411312+00:00,2026-09-25 12:29:11.412312+00:00,2026-09-25 12:29:11.413312+00:00,2026-09-25 12:29:11.414313+00:00,2026-09-25 12:29:11.415313+00:00,2026-09-25 12:29:11.416313+00:00,2026-09-25 12:29:11.417313+00:00,2026-09-25 12:29:11.418313+00:00,2026-09-25 12:29:11.419313+00:00,2026-09-25 12:29:11.420313+00:00,2026-09-25 12:29:11.421313+00:00,2026-09-25 12:29:11.422313+00:00,2026-09-25 12:29:11.423313+00:00,2026-09-25 12:29:11.424313+00:00,2026-09-25 12:29:11.425313+00:00,2026-09-25 12:29:11.426313+00:00,2026-09-25 12:29:11.426313+00:00,0.741098,1.3493492088765588,True,False,True,False,True,False,True,True,False,True,False,False,False,False,False,False
345,2026-09-25 11:00:07.237171+00:00,2026-09-25 12:29:12.719387+00:00,90.005,False,False,False,False,True,False,True,False,True,False,True,False,False,False,False,False,False,False,False,False,False,False,False,False,True,True,False,False,False,True,False,False,False,False,False,False,False,False,True,True,False,False,False,True,True,True,False,False,False,False,False,False,False,False,False,True,False,True,False,True,True,True,False,True,False,False,False,False,True,True,True,False,True,True,True,False,False,False,False,0,0,0,0,2026-09-25 12:29:12.629382+00:00,2026-09-25 12:29:12.637382+00:00,2026-09-25 12:29:12.638383+00:00,2026-09-25 12:29:12.639383+00:00,2026-09-25 12:29:12.640383+00:00,2026-09-25 12:29:12.641383+00:00,2026-09-25 12:29:12.642383+00:00,2026-09-25 12:29:12.643383+00:00,2026-09-25 12:29:12.644383+00:00,2026-09-25 12:29:12.646383+00:00,2026-09-25 12:29:12.645383+00:00,2026-09-25 12:29:12.647383+00:00,2026-09-25 12:29:12.648383+00:00,2026-09-25 12:29:12.649383+00:00,2026-09-25 12:29:12.650383+00:00,2026-09-25 12:29:12.651383+00:00,2026-09-25 12:29:12.652383+00:00,2026-09-25 12:29:12.653383+00:00,2026-09-25 12:29:12.654383+00:00,2026-09-25 12:29:12.655384+00:00,2026-09-25 12:29:12.656384+00:00,2026-09-25 12:29:12.657384+00:00,2026-09-25 12:29:12.658384+00:00,2026-09-25 12:29:12.659384+00:00,2026-09-25 12:29:12.660384+00:00,2026-09-25 12:29:12.661384+00:00,2026-09-25 12:29:12.662384+00:00,2026-09-25 12:29:12.663384+00:00,2026-09-25 12:29:12.664384+00:00,2026-09-25 12:29:12.665384+00:00,2026-09-25 12:29:12.666384+00:00,2026-09-25 12:29:12.667384+00:00,2026-09-25 12:29:12.668384+00:00,2026-09-25 12:29:12.669384+00:00,2026-09-25 12:29:12.681385+00:00,2026-09-25 12:29:12.671384+00:00,2026-09-25 12:29:12.672384+00:00,2026-09-25 12:29:12.673385+00:00,2026-09-25 12:29:12.674385+00:00,2026-09-25 12:29:12.675385+00:00,2026-09-25 12:29:12.676385+00:00,2026-09-25 12:29:12.677385+00:00,2026-09-25 12:29:12.678385+00:00,2026-09-25 12:29:12.679385+00:00,2026-09-25 12:29:12.680385+00:00,2026-09-25 12:29:12.670384+00:00,2026-09-25 12:29:12.682385+00:00,2026-09-25 12:29:12.683385+00:00,2026-09-25 12:29:12.684385+00:00,2026-09-25 12:29:12.685385+00:00,2026-09-25 12:29:12.686385+00:00,2026-09-25 12:29:12.687385+00:00,2026-09-25 12:29:12.688385+00:00,2026-09-25 12:29:12.689385+00:00,2026-09-25 12:29:12.702386+00:00,2026-09-25 12:29:12.692386+00:00,2026-09-25 12:29:12.693386+00:00,2026-09-25 12:29:12.694386+00:00,2026-09-25 12:29:12.695386+00:00,2026-09-25 12:29:12.696386+00:00,2026-09-25 12:29:12.697386+00:00,2026-09-25 12:29:12.698386+00:00,2026-09-25 12:29:12.699386+00:00,2026-09-25 12:29:12.711387+00:00,2026-09-25 12:29:12.701386+00:00,2026-09-25 12:29:12.690386+00:00,2026-09-25 12:29:12.703386+00:00,2026-09-25 12:29:12.704386+00:00,2026-09-25 12:29:12.705386+00:00,2026-09-25 12:29:12.706386+00:00,2026-09-25 12:29:12.707386+00:00,2026-09-25 12:29:12.708387+00:00,2026-09-25 12:29:12.709387+00:00,2026-09-25 12:29:12.710387+00:00,2026-09-25 12:29:12.700386+00:00,2026-09-25 12:29:12.712387+00:00,2026-09-25 12:29:12.713387+00:00,2026-09-25 12:29:12.714387+00:00,2026-09-25 12:29:12.715387+00:00,2026-09-25 12:29:12.716387+00:00,2026-09-25 12:29:12.717387+00:00,2026-09-25 12:29:12.718387+00:00,2026-09-25 12:29:12.719387+00:00,2026-09-25 12:29:12.719387+00:00,1.274199,0.7848067688014195,True,False,True,False,True,False,True,False,False,True,False,False,False,False,False,False
347,2026-09-25 11:00:07.988616+00:00,2026-09-25 12:29:13.470430+00:00,86.005,True,False,False,False,True,False,True,False,True,False,False,False,False,False,False,False,False,False,False,False,False,False,False,False,True,True,False,False,False,True,False,False,False,False,False,False,False,False,True,True,False,False,False,True,True,True,False,False,False,False,False,False,False,False,False,True,False,True,False,True,True,True,False,True,False,False,False,False,True,True,True,False,True,True,True,False,False,False,False,9,0,0,0,2026-09-25 12:29:13.384425+00:00,2026-09-25 12:29:13.388425+00:00,2026-09-25 12:29:13.389425+00:00,2026-09-25 12:29:13.390426+00:00,2026-09-25 12:29:13.391426+00:00,2026-09-25 12:29:13.392426+00:00,2026-09-25 12:29:13.393426+00:00,2026-09-25 12:29:13.394426+00:00,2026-09-25 12:29:13.395426+00:00,2026-09-25 12:29:13.396426+00:00,2026-09-25 12:29:13.408427+00:00,2026-09-25 12:29:13.398426+00:00,2026-09-25 12:29:13.410427+00:00,2026-09-25 12:29:13.400426+00:00,2026-09-25 12:29:13.401426+00:00,2026-09-25 12:29:13.402426+00:00,2026-09-25 12:29:13.403426+00:00,2026-09-25 12:29:13.404426+00:00,2026-09-25 12:29:13.416427+00:00,2026-09-25 12:29:13.406426+00:00,2026-09-25 12:29:13.407427+00:00,2026-09-25 12:29:13.397426+00:00,2026-09-25 12:29:13.409427+00:00,2026-09-25 12:29:13.399426+00:00,2026-09-25 12:29:13.411427+00:00,2026-09-25 12:29:13.412427+00:00,2026-09-25 12:29:13.413427+00:00,2026-09-25 12:29:13.414427+00:00,2026-09-25 12:29:13.415427+00:00,2026-09-25 12:29:13.405426+00:00,2026-09-25 12:29:13.417427+00:00,2026-09-25 12:29:13.418427+00:00,2026-09-25 12:29:13.419427+00:00,2026-09-25 12:29:13.431428+00:00,2026-09-25 12:29:13.421427+00:00,2026-09-25 12:29:13.422427+00:00,2026-09-25 12:29:13.423427+00:00,2026-09-25 12:29:13.424427+00:00,2026-09-25 12:29:13.425428+00:00,2026-09-25 12:29:13.426428+00:00,2026-09-25 12:29:13.427428+00:00,2026-09-25 12:29:13.428428+00:00,2026-09-25 12:29:13.429428+00:00,2026-09-25 12:29:13.441428+00:00,2026-09-25 12:29:13.420427+00:00,2026-09-25 12:29:13.432428+00:00,2026-09-25 12:29:13.433428+00:00,2026-09-25 12:29:13.434428+00:00,2026-09-25 12:29:13.435428+00:00,2026-09-25 12:29:13.436428+00:00,2026-09-25 12:29:13.437428+00:00,2026-09-25 12:29:13.438428+00:00,2026-09-25 12:29:13.439428+00:00,2026-09-25 12:29:13.440428+00:00,2026-09-25 12:29:13.442429+00:00,2026-09-25 12:29:13.443429+00:00,2026-09-25 12:29:13.455429+00:00,2026-09-25 12:29:13.445429+00:00,2026-09-25 12:29:13.446429+00:00,2026-09-25 12:29:13.447429+00:00,2026-09-25 12:29:13.448429+00:00,2026-09-25 12:29:13.449429+00:00,2026-09-25 12:29:13.450429+00:00,2026-09-25 12:29:13.451429+00:00,2026-09-25 12:29:13.452429+00:00,2026-09-25 12:29:13.453429+00:00,2026-09-25 12:29:13.454429+00:00,2026-09-25 12:29:13.444429+00:00,2026-09-25 12:29:13.456429+00:00,2026-09-25 12:29:13.468430+00:00,2026-09-25 12:29:13.458429+00:00,2026-09-25 12:29:13.459429+00:00,2026-09-25 12:29:13.460430+00:00,2026-09-25 12:29:13.461430+00:00,2026-09-25 12:29:13.462430+00:00,2026-09-25 12:29:13.463430+00:00,2026-09-25 12:29:13.464430+00:00,2026-09-25 12:29:13.465430+00:00,2026-09-25 12:29:13.466430+00:00,2026-09-25 12:29:13.467430+00:00,2026-09-25 12:29:13.457429+00:00,2026-09-25 12:29:13.469430+00:00,2026-09-25 12:29:13.470430+00:00,2026-09-25 12:29:13.470430+00:00,0.751445,1.3307693843195443,True,False,False,False,True,False,True,False,False,True,False,False,False,False,False,False
350,2026-09-25 11:00:09.112946+00:00,2026-09-25 12:29:14.594494+00:00,90.005,True,False,False,False,True,False,True,False,True,False,False,False,False,False,False,False,False,False,False,False,False,False,False,False,True,True,False,False,True,True,False,False,False,False,True,False,False,False,False,False,False,False,False,True,True,True,False,False,False,False,False,False,False,False,False,True,False,True,False,True,True,True,False,True,False,False,False,False,True,True,False,False,True,True,True,False,False,False,False,0,0,0,0,2026-09-25 12:29:14.504489+00:00,2026-09-25 12:29:14.511490+00:00,2026-09-25 12:29:14.512490+00:00,2026-09-25 12:29:14.513490+00:00,2026-09-25 12:29:14.514490+00:00,2026-09-25 12:29:14.515490+00:00,2026-09-25 12:29:14.516490+00:00,2026-09-25 12:29:14.517490+00:00,2026-09-25 12:29:14.518490+00:00,2026-09-25 12:29:14.519490+00:00,2026-09-25 12:29:14.520490+00:00,2026-09-25 12:29:14.521490+00:00,2026-09-25 12:29:14.522490+00:00,2026-09-25 12:29:14.523490+00:00,2026-09-25 12:29:14.524490+00:00,2026-09-25 12:29:14.525490+00:00,2026-09-25 12:29:14.526491+00:00,2026-09-25 12:29:14.527491+00:00,2026-09-25 12:29:14.528491+00:00,2026-09-25 12:29:14.540491+00:00,2026-09-25 12:29:14.530491+00:00,2026-09-25 12:29:14.531491+00:00,2026-09-25 12:29:14.532491+00:00,2026-09-25 12:29:14.533491+00:00,2026-09-25 12:29:14.534491+00:00,2026-09-25 12:29:14.535491+00:00,2026-09-25 12:29:14.536491+00:00,2026-09-25 12:29:14.537491+00:00,2026-09-25 12:29:14.538491+00:00,2026-09-25 12:29:14.539491+00:00,2026-09-25 12:29:14.541491+00:00,2026-09-25 12:29:14.542491+00:00,2026-09-25 12:29:14.554492+00:00,2026-09-25 12:29:14.544492+00:00,2026-09-25 12:29:14.545492+00:00,2026-09-25 12:29:14.546492+00:00,2026-09-25 12:29:14.547492+00:00,2026-09-25 12:29:14.548492+00:00,2026-09-25 12:29:14.549492+00:00,2026-09-25 12:29:14.550492+00:00,2026-09-25 12:29:14.551492+00:00,2026-09-25 12:29:14.552492+00:00,2026-09-25 12:29:14.553492+00:00,2026-09-25 12:29:14.543491+00:00,2026-09-25 12:29:14.555492+00:00,2026-09-25 12:29:14.556492+00:00,2026-09-25 12:29:14.557492+00:00,2026-09-25 12:29:14.558492+00:00,2026-09-25 12:29:14.559492+00:00,2026-09-25 12:29:14.560492+00:00,2026-09-25 12:29:14.561493+00:00,2026-09-25 12:29:14.562493+00:00,2026-09-25 12:29:14.563493+00:00,2026-09-25 12:29:14.564493+00:00,2026-09-25 12:29:14.565493+00:00,2026-09-25 12:29:14.566493+00:00,2026-09-25 12:29:14.567493+00:00,2026-09-25 12:29:14.568493+00:00,2026-09-25 12:29:14.580494+00:00,2026-09-25 12:29:14.570493+00:00,2026-09-25 12:29:14.571493+00:00,2026-09-25 12:29:14.572493+00:00,2026-09-25 12:29:14.584494+00:00,2026-09-25 12:29:14.574493+00:00,2026-09-25 12:29:14.575493+00:00,2026-09-25 12:29:14.576493+00:00,2026-09-25 12:29:14.577493+00:00,2026-09-25 12:29:14.578494+00:00,2026-09-25 12:29:14.591494+00:00,2026-09-25 12:29:14.569493+00:00,2026-09-25 12:29:14.581494+00:00,2026-09-25 12:29:14.582494+00:00,2026-09-25 12:29:14.583494+00:00,2026-09-25 12:29:14.573493+00:00,2026-09-25 12:29:14.585494+00:00,2026-09-25 12:29:14.586494+00:00,2026-09-25 12:29:14.587494+00:00,2026-09-25 12:29:14.588494+00:00,2026-09-25 12:29:14.589494+00:00,2026-09-25 12:29:14.590494+00:00,2026-09-25 12:29:14.592494+00:00,2026-09-25 12:29:14.593494+00:00,2026-09-25 12:29:14.594494+00:00,2026-09-25 12:29:14.594494+00:00,1.12433,0.8894185870696325,True,False,False,False,True,False,True,False,True,True,False,False,False,False,False,False
353,2026-09-25 11:00:10.197680+00:00,2026-09-25 12:29:15.679556+00:00,98.005,True,False,False,False,True,False,True,False,True,False,False,False,False,False,False,False,False,False,False,False,False,False,False,False,True,True,False,False,True,True,False,False,False,False,True,False,False,False,False,False,False,False,False,True,True,True,False,False,False,False,False,False,False,False,False,True,False,True,False,True,True,True,False,True,False,False,False,False,True,True,True,False,True,True,False,False,False,False,False,1,0,0,0,2026-09-25 12:29:15.581551+00:00,2026-09-25 12:29:15.593552+00:00,2026-09-25 12:29:15.594552+00:00,2026-09-25 12:29:15.595552+00:00,2026-09-25 12:29:15.596552+00:00,2026-09-25 12:29:15.597552+00:00,2026-09-25 12:29:15.598552+00:00,2026-09-25 12:29:15.599552+00:00,2026-09-25 12:29:15.600552+00:00,2026-09-25 12:29:15.601552+00:00,2026-09-25 12:29:15.602552+00:00,2026-09-25 12:29:15.603552+00:00,2026-09-25 12:29:15.616553+00:00,2026-09-25 12:29:15.606552+00:00,2026-09-25 12:29:15.607552+00:00,2026-09-25 12:29:15.608552+00:00,2026-09-25 12:29:15.609552+00:00,2026-09-25 12:29:15.610553+00:00,2026-09-25 12:29:15.611553+00:00,2026-09-25 12:29:15.612553+00:00,2026-09-25 12:29:15.613553+00:00,2026-09-25 12:29:15.614553+00:00,2026-09-25 12:29:15.615553+00:00,2026-09-25 12:29:15.605552+00:00,2026-09-25 12:29:15.617553+00:00,2026-09-25 12:29:15.618553+00:00,2026-09-25 12:29:15.619553+00:00,2026-09-25 12:29:15.620553+00:00,2026-09-25 12:29:15.621553+00:00,2026-09-25 12:29:15.622553+00:00,2026-09-25 12:29:15.623553+00:00,2026-09-25 12:29:15.624553+00:00,2026-09-25 12:29:15.625553+00:00,2026-09-25 12:29:15.626553+00:00,2026-09-25 12:29:15.627554+00:00,2026-09-25 12:29:15.640554+00:00,2026-09-25 12:29:15.629554+00:00,2026-09-25 12:29:15.630554+00:00,2026-09-25 12:29:15.631554+00:00,2026-09-25 12:29:15.632554+00:00,2026-09-25 12:29:15.633554+00:00,2026-09-25 12:29:15.634554+00:00,2026-09-25 12:29:15.635554+00:00,2026-09-25 12:29:15.636554+00:00,2026-09-25 12:29:15.637554+00:00,2026-09-25 12:29:15.638554+00:00,2026-09-25 12:29:15.628554+00:00,2026-09-25 12:29:15.654555+00:00,2026-09-25 12:29:15.642554+00:00,2026-09-25 12:29:15.643554+00:00,2026-09-25 12:29:15.644554+00:00,2026-09-25 12:29:15.645555+00:00,2026-09-25 12:29:15.646555+00:00,2026-09-25 12:29:15.647555+00:00,2026-09-25 12:29:15.649555+00:00,2026-09-25 12:29:15.662556+00:00,2026-09-25 12:29:15.652555+00:00,2026-09-25 12:29:15.653555+00:00,2026-09-25 12:29:15.641554+00:00,2026-09-25 12:29:15.655555+00:00,2026-09-25 12:29:15.656555+00:00,2026-09-25 12:29:15.657555+00:00,2026-09-25 12:29:15.658555+00:00,2026-09-25 12:29:15.670556+00:00,2026-09-25 12:29:15.660555+00:00,2026-09-25 12:29:15.661555+00:00,2026-09-25 12:29:15.651555+00:00,2026-09-25 12:29:15.663556+00:00,2026-09-25 12:29:15.664556+00:00,2026-09-25 12:29:15.665556+00:00,2026-09-25 12:29:15.666556+00:00,2026-09-25 12:29:15.667556+00:00,2026-09-25 12:29:15.668556+00:00,2026-09-25 12:29:15.669556+00:00,2026-09-25 12:29:15.659555+00:00,2026-09-25 12:29:15.671556+00:00,2026-09-25 12:29:15.672556+00:00,2026-09-25 12:29:15.673556+00:00,2026-09-25 12:29:15.674556+00:00,2026-09-25 12:29:15.675556+00:00,2026-09-25 12:29:15.676556+00:00,2026-09-25 12:29:15.677556+00:00,2026-09-25 12:29:15.679556+00:00,2026-09-25 12:29:15.679556+00:00,1.084734,0.9218849966904328,True,False,False,False,False,False,True,False,False,True,False,False,False,False,False,False
356,2026-09-25 11:00:11.388163+00:00,2026-09-25 12:29:16.869625+00:00,94.006,True,False,False,False,True,False,True,False,True,False,False,False,False,False,False,False,False,False,True,False,False,True,False,False,True,True,False,False,True,True,False,False,False,False,True,False,False,False,False,True,True,False,False,True,True,True,False,False,False,False,False,False,False,False,False,True,False,True,False,True,True,True,False,True,False,False,False,False,True,True,True,False,True,True,False,False,False,False,False,0,0,0,0,2026-09-25 12:29:16.775619+00:00,2026-09-25 12:29:16.784620+00:00,2026-09-25 12:29:16.785620+00:00,2026-09-25 12:29:16.786620+00:00,2026-09-25 12:29:16.787620+00:00,2026-09-25 12:29:16.788620+00:00,2026-09-25 12:29:16.789620+00:00,2026-09-25 12:29:16.790620+00:00,2026-09-25 12:29:16.791620+00:00,2026-09-25 12:29:16.792620+00:00,2026-09-25 12:29:16.793620+00:00,2026-09-25 12:29:16.794620+00:00,2026-09-25 12:29:16.795620+00:00,2026-09-25 12:29:16.796620+00:00,2026-09-25 12:29:16.797620+00:00,2026-09-25 12:29:16.798620+00:00,2026-09-25 12:29:16.799621+00:00,2026-09-25 12:29:16.800621+00:00,2026-09-25 12:29:16.801621+00:00,2026-09-25 12:29:16.802621+00:00,2026-09-25 12:29:16.803621+00:00,2026-09-25 12:29:16.804621+00:00,2026-09-25 12:29:16.805621+00:00,2026-09-25 12:29:16.806621+00:00,2026-09-25 12:29:16.807621+00:00,2026-09-25 12:29:16.831622+00:00,2026-09-25 12:29:16.821622+00:00,2026-09-25 12:29:16.810621+00:00,2026-09-25 12:29:16.811621+00:00,2026-09-25 12:29:16.812621+00:00,2026-09-25 12:29:16.813621+00:00,2026-09-25 12:29:16.814621+00:00,2026-09-25 12:29:16.815621+00:00,2026-09-25 12:29:16.816622+00:00,2026-09-25 12:29:16.817622+00:00,2026-09-25 12:29:16.818622+00:00,2026-09-25 12:29:16.808621+00:00,2026-09-25 12:29:16.809621+00:00,2026-09-25 12:29:16.822622+00:00,2026-09-25 12:29:16.823622+00:00,2026-09-25 12:29:16.824622+00:00,2026-09-25 12:29:16.825622+00:00,2026-09-25 12:29:16.826622+00:00,2026-09-25 12:29:16.839623+00:00,2026-09-25 12:29:16.828622+00:00,2026-09-25 12:29:16.829622+00:00,2026-09-25 12:29:16.830622+00:00,2026-09-25 12:29:16.820622+00:00,2026-09-25 12:29:16.832622+00:00,2026-09-25 12:29:16.833622+00:00,2026-09-25 12:29:16.834623+00:00,2026-09-25 12:29:16.836623+00:00,2026-09-25 12:29:16.837623+00:00,2026-09-25 12:29:16.838623+00:00,2026-09-25 12:29:16.840623+00:00,2026-09-25 12:29:16.841623+00:00,2026-09-25 12:29:16.842623+00:00,2026-09-25 12:29:16.843623+00:00,2026-09-25 12:29:16.844623+00:00,2026-09-25 12:29:16.845623+00:00,2026-09-25 12:29:16.846623+00:00,2026-09-25 12:29:16.847623+00:00,2026-09-25 12:29:16.848623+00:00,2026-09-25 12:29:16.849623+00:00,2026-09-25 12:29:16.862624+00:00,2026-09-25 12:29:16.852624+00:00,2026-09-25 12:29:16.853624+00:00,2026-09-25 12:29:16.854624+00:00,2026-09-25 12:29:16.855624+00:00,2026-09-25 12:29:16.856624+00:00,2026-09-25 12:29:16.857624+00:00,2026-09-25 12:29:16.858624+00:00,2026-09-25 12:29:16.859624+00:00,2026-09-25 12:29:16.860624+00:00,2026-09-25 12:29:16.861624+00:00,2026-09-25 12:29:16.851624+00:00,2026-09-25 12:29:16.863624+00:00,2026-09-25 12:29:16.864624+00:00,2026-09-25 12:29:16.865624+00:00,2026-09-25 12:29:16.866624+00:00,2026-09-25 12:29:16.867624+00:00,2026-09-25 12:29:16.868624+00:00,2026-09-25 12:29:16.869625+00:00,2026-09-25 12:29:16.869625+00:00,1.190483,0.8399951952274833,True,False,True,False,False,False,True,False,False,True,False,False,False,False,False,False
358,2026-09-25 11:00:12.158004+00:00,2026-09-25 12:29:17.571665+00:00,87.005,True,False,False,False,True,False,True,False,True,False,False,False,False,False,False,False,False,False,True,False,False,True,False,True,True,True,False,False,False,True,False,False,False,False,False,False,False,True,False,False,True,False,False,True,False,False,False,False,False,True,False,True,False,False,False,True,False,False,True,False,True,True,False,True,False,False,False,False,True,True,True,False,True,True,False,False,False,False,False,0,65,0,63,2026-09-25 12:29:17.484660+00:00,2026-09-25 12:29:17.488660+00:00,2026-09-25 12:29:17.489660+00:00,2026-09-25 12:29:17.490660+00:00,2026-09-25 12:29:17.491660+00:00,2026-09-25 12:29:17.492660+00:00,2026-09-25 12:29:17.493660+00:00,2026-09-25 12:29:17.494660+00:00,2026-09-25 12:29:17.495660+00:00,2026-09-25 12:29:17.496660+00:00,2026-09-25 12:29:17.497660+00:00,2026-09-25 12:29:17.509661+00:00,2026-09-25 12:29:17.499661+00:00,2026-09-25 12:29:17.500661+00:00,2026-09-25 12:29:17.501661+00:00,2026-09-25 12:29:17.502661+00:00,2026-09-25 12:29:17.503661+00:00,2026-09-25 12:29:17.504661+00:00,2026-09-25 12:29:17.505661+00:00,2026-09-25 12:29:17.506661+00:00,2026-09-25 12:29:17.507661+00:00,2026-09-25 12:29:17.508661+00:00,2026-09-25 12:29:17.498661+00:00,2026-09-25 12:29:17.510661+00:00,2026-09-25 12:29:17.522662+00:00,2026-09-25 12:29:17.512661+00:00,2026-09-25 12:29:17.513661+00:00,2026-09-25 12:29:17.514661+00:00,2026-09-25 12:29:17.515661+00:00,2026-09-25 12:29:17.516662+00:00,2026-09-25 12:29:17.517662+00:00,2026-09-25 12:29:17.518662+00:00,2026-09-25 12:29:17.519662+00:00,2026-09-25 12:29:17.520662+00:00,2026-09-25 12:29:17.521662+00:00,2026-09-25 12:29:17.511661+00:00,2026-09-25 12:29:17.524662+00:00,2026-09-25 12:29:17.525662+00:00,2026-09-25 12:29:17.526662+00:00,2026-09-25 12:29:17.538663+00:00,2026-09-25 12:29:17.528662+00:00,2026-09-25 12:29:17.529662+00:00,2026-09-25 12:29:17.530662+00:00,2026-09-25 12:29:17.531662+00:00,2026-09-25 12:29:17.532662+00:00,2026-09-25 12:29:17.533663+00:00,2026-09-25 12:29:17.534663+00:00,2026-09-25 12:29:17.535663+00:00,2026-09-25 12:29:17.547663+00:00,2026-09-25 12:29:17.537663+00:00,2026-09-25 12:29:17.539663+00:00,2026-09-25 12:29:17.540663+00:00,2026-09-25 12:29:17.541663+00:00,2026-09-25 12:29:17.542663+00:00,2026-09-25 12:29:17.543663+00:00,2026-09-25 12:29:17.544663+00:00,2026-09-25 12:29:17.545663+00:00,2026-09-25 12:29:17.546663+00:00,2026-09-25 12:29:17.536663+00:00,2026-09-25 12:29:17.548663+00:00,2026-09-25 12:29:17.549663+00:00,2026-09-25 12:29:17.550663+00:00,2026-09-25 12:29:17.551664+00:00,2026-09-25 12:29:17.563664+00:00,2026-09-25 12:29:17.553664+00:00,2026-09-25 12:29:17.554664+00:00,2026-09-25 12:29:17.555664+00:00,2026-09-25 12:29:17.556664+00:00,2026-09-25 12:29:17.557664+00:00,2026-09-25 12:29:17.558664+00:00,2026-09-25 12:29:17.559664+00:00,2026-09-25 12:29:17.560664+00:00,2026-09-25 12:29:17.561664+00:00,2026-09-25 12:29:17.562664+00:00,2026-09-25 12:29:17.552664+00:00,2026-09-25 12:29:17.564664+00:00,2026-09-25 12:29:17.565664+00:00,2026-09-25 12:29:17.566664+00:00,2026-09-25 12:29:17.567664+00:00,2026-09-25 12:29:17.568665+00:00,2026-09-25 12:29:17.569665+00:00,2026-09-25 12:29:17.570665+00:00,2026-09-25 12:29:17.571665+00:00,2026-09-25 12:29:17.571665+00:00,0.769841,1.298969527473855,True,True,True,False,False,False,True,False,False,True,False,False,False,False,False,False
360,2026-09-25 11:00:12.922705+00:00,2026-09-25 12:29:18.402712+00:00,121.007,True,False,False,False,True,False,False,False,True,False,False,False,False,True,False,False,False,False,True,False,False,True,False,True,True,True,False,False,False,True,False,False,False,False,False,False,False,True,False,False,True,False,False,True,False,False,False,False,False,False,False,True,False,False,False,True,False,False,True,True,True,True,False,True,False,False,False,False,True,True,True,False,True,True,False,False,False,False,False,0,175,0,228,2026-09-25 12:29:18.281705+00:00,2026-09-25 12:29:18.311707+00:00,2026-09-25 12:29:18.312707+00:00,2026-09-25 12:29:18.313707+00:00,2026-09-25 12:29:18.314707+00:00,2026-09-25 12:29:18.315707+00:00,2026-09-25 12:29:18.329708+00:00,2026-09-25 12:29:18.318707+00:00,2026-09-25 12:29:18.319707+00:00,2026-09-25 12:29:18.320708+00:00,2026-09-25 12:29:18.321708+00:00,2026-09-25 12:29:18.322708+00:00,2026-09-25 12:29:18.324708+00:00,2026-09-25 12:29:18.325708+00:00,2026-09-25 12:29:18.338709+00:00,2026-09-25 12:29:18.327708+00:00,2026-09-25 12:29:18.328708+00:00,2026-09-25 12:29:18.317707+00:00,2026-09-25 12:29:18.330708+00:00,2026-09-25 12:29:18.331708+00:00,2026-09-25 12:29:18.332708+00:00,2026-09-25 12:29:18.333708+00:00,2026-09-25 12:29:18.360710+00:00,2026-09-25 12:29:18.336708+00:00,2026-09-25 12:29:18.337709+00:00,2026-09-25 12:29:18.339709+00:00,2026-09-25 12:29:18.340709+00:00,2026-09-25 12:29:18.341709+00:00,2026-09-25 12:29:18.342709+00:00,2026-09-25 12:29:18.344709+00:00,2026-09-25 12:29:18.345709+00:00,2026-09-25 12:29:18.346709+00:00,2026-09-25 12:29:18.335708+00:00,2026-09-25 12:29:18.361710+00:00,2026-09-25 12:29:18.351709+00:00,2026-09-25 12:29:18.352709+00:00,2026-09-25 12:29:18.353709+00:00,2026-09-25 12:29:18.354709+00:00,2026-09-25 12:29:18.355710+00:00,2026-09-25 12:29:18.356710+00:00,2026-09-25 12:29:18.357710+00:00,2026-09-25 12:29:18.358710+00:00,2026-09-25 12:29:18.359710+00:00,2026-09-25 12:29:18.348709+00:00,2026-09-25 12:29:18.350709+00:00,2026-09-25 12:29:18.362710+00:00,2026-09-25 12:29:18.363710+00:00,2026-09-25 12:29:18.364710+00:00,2026-09-25 12:29:18.365710+00:00,2026-09-25 12:29:18.366710+00:00,2026-09-25 12:29:18.367710+00:00,2026-09-25 12:29:18.368710+00:00,2026-09-25 12:29:18.369710+00:00,2026-09-25 12:29:18.370710+00:00,2026-09-25 12:29:18.371710+00:00,2026-09-25 12:29:18.384711+00:00,2026-09-25 12:29:18.374711+00:00,2026-09-25 12:29:18.375711+00:00,2026-09-25 12:29:18.387711+00:00,2026-09-25 12:29:18.377711+00:00,2026-09-25 12:29:18.378711+00:00,2026-09-25 12:29:18.379711+00:00,2026-09-25 12:29:18.380711+00:00,2026-09-25 12:29:18.381711+00:00,2026-09-25 12:29:18.382711+00:00,2026-09-25 12:29:18.383711+00:00,2026-09-25 12:29:18.373711+00:00,2026-09-25 12:29:18.385711+00:00,2026-09-25 12:29:18.386711+00:00,2026-09-25 12:29:18.388711+00:00,2026-09-25 12:29:18.389711+00:00,2026-09-25 12:29:18.390712+00:00,2026-09-25 12:29:18.391712+00:00,2026-09-25 12:29:18.392712+00:00,2026-09-25 12:29:18.393712+00:00,2026-09-25 12:29:18.394712+00:00,2026-09-25 12:29:18.395712+00:00,2026-09-25 12:29:18.397712+00:00,2026-09-25 12:29:18.398712+00:00,2026-09-25 12:29:18.399712+00:00,2026-09-25 12:29:18.400712+00:00,2026-09-25 12:29:18.401712+00:00,2026-09-25 12:29:18.402712+00:00,2026-09-25 12:29:18.402712+00:00,0.764701,1.30770065685804,True,True,True,False,False,False,True,False,False,True,False,False,False,False,False,False
362,2026-09-25 11:00:13.824188+00:00,2026-09-25 12:29:19.302764+00:00,176.01,True,False,False,False,True,False,False,False,False,False,False,False,False,True,False,False,False,False,True,False,False,True,False,True,True,True,False,False,False,True,False,False,False,False,False,False,False,True,False,False,True,False,False,True,False,False,False,False,False,False,False,True,False,False,False,True,False,False,False,False,True,True,False,True,False,False,False,False,True,True,True,False,True,True,False,False,False,False,False,0,175,0,407,2026-09-25 12:29:19.126754+00:00,2026-09-25 12:29:19.134754+00:00,2026-09-25 12:29:19.136754+00:00,2026-09-25 12:29:19.138754+00:00,2026-09-25 12:29:19.140754+00:00,2026-09-25 12:29:19.142755+00:00,2026-09-25 12:29:19.144755+00:00,2026-09-25 12:29:19.146755+00:00,2026-09-25 12:29:19.148755+00:00,2026-09-25 12:29:19.150755+00:00,2026-09-25 12:29:19.152755+00:00,2026-09-25 12:29:19.154755+00:00,2026-09-25 12:29:19.156755+00:00,2026-09-25 12:29:19.158755+00:00,2026-09-25 12:29:19.182757+00:00,2026-09-25 12:29:19.162756+00:00,2026-09-25 12:29:19.164756+00:00,2026-09-25 12:29:19.166756+00:00,2026-09-25 12:29:19.168756+00:00,2026-09-25 12:29:19.170756+00:00,2026-09-25 12:29:19.172756+00:00,2026-09-25 12:29:19.174756+00:00,2026-09-25 12:29:19.176757+00:00,2026-09-25 12:29:19.178757+00:00,2026-09-25 12:29:19.180757+00:00,2026-09-25 12:29:19.160756+00:00,2026-09-25 12:29:19.184757+00:00,2026-09-25 12:29:19.186757+00:00,2026-09-25 12:29:19.188757+00:00,2026-09-25 12:29:19.190757+00:00,2026-09-25 12:29:19.216759+00:00,2026-09-25 12:29:19.218759+00:00,2026-09-25 12:29:19.196758+00:00,2026-09-25 12:29:19.198758+00:00,2026-09-25 12:29:19.202758+00:00,2026-09-25 12:29:19.204758+00:00,2026-09-25 12:29:19.206758+00:00,2026-09-25 12:29:19.208758+00:00,2026-09-25 12:29:19.232760+00:00,2026-09-25 12:29:19.212759+00:00,2026-09-25 12:29:19.214759+00:00,2026-09-25 12:29:19.192757+00:00,2026-09-25 12:29:19.194758+00:00,2026-09-25 12:29:19.220759+00:00,2026-09-25 12:29:19.222759+00:00,2026-09-25 12:29:19.224759+00:00,2026-09-25 12:29:19.226759+00:00,2026-09-25 12:29:19.228759+00:00,2026-09-25 12:29:19.230760+00:00,2026-09-25 12:29:19.210758+00:00,2026-09-25 12:29:19.234760+00:00,2026-09-25 12:29:19.236760+00:00,2026-09-25 12:29:19.238760+00:00,2026-09-25 12:29:19.240760+00:00,2026-09-25 12:29:19.242760+00:00,2026-09-25 12:29:19.244760+00:00,2026-09-25 12:29:19.246761+00:00,2026-09-25 12:29:19.248761+00:00,2026-09-25 12:29:19.252761+00:00,2026-09-25 12:29:19.254761+00:00,2026-09-25 12:29:19.256761+00:00,2026-09-25 12:29:19.280762+00:00,2026-09-25 12:29:19.282763+00:00,2026-09-25 12:29:19.284763+00:00,2026-09-25 12:29:19.286763+00:00,2026-09-25 12:29:19.288763+00:00,2026-09-25 12:29:19.268762+00:00,2026-09-25 12:29:19.270762+00:00,2026-09-25 12:29:19.272762+00:00,2026-09-25 12:29:19.274762+00:00,2026-09-25 12:29:19.276762+00:00,2026-09-25 12:29:19.278762+00:00,2026-09-25 12:29:19.258761+00:00,2026-09-25 12:29:19.260761+00:00,2026-09-25 12:29:19.262761+00:00,2026-09-25 12:29:19.264762+00:00,2026-09-25 12:29:19.266762+00:00,2026-09-25 12:29:19.290763+00:00,2026-09-25 12:29:19.292763+00:00,2026-09-25 12:29:19.294763+00:00,2026-09-25 12:29:19.296763+00:00,2026-09-25 12:29:19.298763+00:00,2026-09-25 12:29:19.302764+00:00,2026-09-25 12:29:19.302764+00:00,0.901483,1.1092832588079864,True,True,True,False,False,True,True,False,False,True,False,False,False,False,False,False
365,2026-09-25 11:00:14.882264+00:00,2026-09-25 12:29:20.363824+00:00,87.005,True,False,False,False,True,True,False,False,False,False,False,False,False,False,False,False,False,False,False,False,False,False,False,True,True,True,False,False,False,True,False,False,False,False,False,False,False,True,False,False,True,False,False,True,False,False,False,False,False,False,False,True,False,False,False,True,False,False,False,True,True,True,False,True,False,False,False,False,True,True,True,False,True,True,False,False,False,False,False,0,175,0,618,2026-09-25 12:29:20.276819+00:00,2026-09-25 12:29:20.281820+00:00,2026-09-25 12:29:20.301821+00:00,2026-09-25 12:29:20.283820+00:00,2026-09-25 12:29:20.284820+00:00,2026-09-25 12:29:20.285820+00:00,2026-09-25 12:29:20.286820+00:00,2026-09-25 12:29:20.287820+00:00,2026-09-25 12:29:20.282820+00:00,2026-09-25 12:29:20.288820+00:00,2026-09-25 12:29:20.289820+00:00,2026-09-25 12:29:20.291820+00:00,2026-09-25 12:29:20.292820+00:00,2026-09-25 12:29:20.293820+00:00,2026-09-25 12:29:20.294820+00:00,2026-09-25 12:29:20.295821+00:00,2026-09-25 12:29:20.296821+00:00,2026-09-25 12:29:20.297821+00:00,2026-09-25 12:29:20.298821+00:00,2026-09-25 12:29:20.299821+00:00,2026-09-25 12:29:20.300821+00:00,2026-09-25 12:29:20.290820+00:00,2026-09-25 12:29:20.302821+00:00,2026-09-25 12:29:20.303821+00:00,2026-09-25 12:29:20.304821+00:00,2026-09-25 12:29:20.305821+00:00,2026-09-25 12:29:20.317822+00:00,2026-09-25 12:29:20.307821+00:00,2026-09-25 12:29:20.308821+00:00,2026-09-25 12:29:20.309821+00:00,2026-09-25 12:29:20.310821+00:00,2026-09-25 12:29:20.311821+00:00,2026-09-25 12:29:20.312821+00:00,2026-09-25 12:29:20.313822+00:00,2026-09-25 12:29:20.314822+00:00,2026-09-25 12:29:20.315822+00:00,2026-09-25 12:29:20.316822+00:00,2026-09-25 12:29:20.306821+00:00,2026-09-25 12:29:20.318822+00:00,2026-09-25 12:29:20.319822+00:00,2026-09-25 12:29:20.320822+00:00,2026-09-25 12:29:20.321822+00:00,2026-09-25 12:29:20.322822+00:00,2026-09-25 12:29:20.323822+00:00,2026-09-25 12:29:20.324822+00:00,2026-09-25 12:29:20.336823+00:00,2026-09-25 12:29:20.326822+00:00,2026-09-25 12:29:20.327822+00:00,2026-09-25 12:29:20.328822+00:00,2026-09-25 12:29:20.329822+00:00,2026-09-25 12:29:20.330823+00:00,2026-09-25 12:29:20.342823+00:00,2026-09-25 12:29:20.332823+00:00,2026-09-25 12:29:20.333823+00:00,2026-09-25 12:29:20.334823+00:00,2026-09-25 12:29:20.335823+00:00,2026-09-25 12:29:20.337823+00:00,2026-09-25 12:29:20.338823+00:00,2026-09-25 12:29:20.339823+00:00,2026-09-25 12:29:20.340823+00:00,2026-09-25 12:29:20.341823+00:00,2026-09-25 12:29:20.331823+00:00,2026-09-25 12:29:20.343823+00:00,2026-09-25 12:29:20.355824+00:00,2026-09-25 12:29:20.345823+00:00,2026-09-25 12:29:20.346823+00:00,2026-09-25 12:29:20.347823+00:00,2026-09-25 12:29:20.348824+00:00,2026-09-25 12:29:20.349824+00:00,2026-09-25 12:29:20.350824+00:00,2026-09-25 12:29:20.351824+00:00,2026-09-25 12:29:20.352824+00:00,2026-09-25 12:29:20.353824+00:00,2026-09-25 12:29:20.354824+00:00,2026-09-25 12:29:20.344823+00:00,2026-09-25 12:29:20.356824+00:00,2026-09-25 12:29:20.357824+00:00,2026-09-25 12:29:20.358824+00:00,2026-09-25 12:29:20.359824+00:00,2026-09-25 12:29:20.360824+00:00,2026-09-25 12:29:20.361824+00:00,2026-09-25 12:29:20.362824+00:00,2026-09-25 12:29:20.363824+00:00,2026-09-25 12:29:20.363824+00:00,1.058076,0.9451116932999142,True,True,False,False,False,True,True,False,False,True,False,False,False,False,False,False
369,2026-09-25 11:00:16.349441+00:00,2026-09-25 12:29:21.830908+00:00,92.005,True,False,False,False,True,True,False,False,True,False,False,False,False,False,False,False,False,True,False,False,False,False,False,True,False,True,False,True,False,True,False,False,False,False,False,True,False,False,False,False,True,True,False,True,False,False,False,False,False,False,False,True,False,False,False,True,False,False,False,True,True,True,False,True,False,False,False,False,True,True,True,False,True,True,False,False,False,False,False,0,175,0,910,2026-09-25 12:29:21.738903+00:00,2026-09-25 12:29:21.748904+00:00,2026-09-25 12:29:21.749904+00:00,2026-09-25 12:29:21.750904+00:00,2026-09-25 12:29:21.751904+00:00,2026-09-25 12:29:21.752904+00:00,2026-09-25 12:29:21.753904+00:00,2026-09-25 12:29:21.754904+00:00,2026-09-25 12:29:21.755904+00:00,2026-09-25 12:29:21.767905+00:00,2026-09-25 12:29:21.768905+00:00,2026-09-25 12:29:21.758904+00:00,2026-09-25 12:29:21.759904+00:00,2026-09-25 12:29:21.760904+00:00,2026-09-25 12:29:21.761904+00:00,2026-09-25 12:29:21.762904+00:00,2026-09-25 12:29:21.763904+00:00,2026-09-25 12:29:21.764905+00:00,2026-09-25 12:29:21.765905+00:00,2026-09-25 12:29:21.777905+00:00,2026-09-25 12:29:21.756904+00:00,2026-09-25 12:29:21.757904+00:00,2026-09-25 12:29:21.769905+00:00,2026-09-25 12:29:21.770905+00:00,2026-09-25 12:29:21.771905+00:00,2026-09-25 12:29:21.772905+00:00,2026-09-25 12:29:21.784906+00:00,2026-09-25 12:29:21.785906+00:00,2026-09-25 12:29:21.775905+00:00,2026-09-25 12:29:21.776905+00:00,2026-09-25 12:29:21.766905+00:00,2026-09-25 12:29:21.789906+00:00,2026-09-25 12:29:21.779905+00:00,2026-09-25 12:29:21.780905+00:00,2026-09-25 12:29:21.792906+00:00,2026-09-25 12:29:21.782906+00:00,2026-09-25 12:29:21.783906+00:00,2026-09-25 12:29:21.773905+00:00,2026-09-25 12:29:21.786906+00:00,2026-09-25 12:29:21.787906+00:00,2026-09-25 12:29:21.788906+00:00,2026-09-25 12:29:21.778905+00:00,2026-09-25 12:29:21.790906+00:00,2026-09-25 12:29:21.791906+00:00,2026-09-25 12:29:21.781906+00:00,2026-09-25 12:29:21.793906+00:00,2026-09-25 12:29:21.794906+00:00,2026-09-25 12:29:21.806907+00:00,2026-09-25 12:29:21.796906+00:00,2026-09-25 12:29:21.797906+00:00,2026-09-25 12:29:21.798906+00:00,2026-09-25 12:29:21.799907+00:00,2026-09-25 12:29:21.800907+00:00,2026-09-25 12:29:21.801907+00:00,2026-09-25 12:29:21.802907+00:00,2026-09-25 12:29:21.803907+00:00,2026-09-25 12:29:21.804907+00:00,2026-09-25 12:29:21.805907+00:00,2026-09-25 12:29:21.795906+00:00,2026-09-25 12:29:21.807907+00:00,2026-09-25 12:29:21.808907+00:00,2026-09-25 12:29:21.809907+00:00,2026-09-25 12:29:21.810907+00:00,2026-09-25 12:29:21.811907+00:00,2026-09-25 12:29:21.812907+00:00,2026-09-25 12:29:21.813907+00:00,2026-09-25 12:29:21.814907+00:00,2026-09-25 12:29:21.815907+00:00,2026-09-25 12:29:21.816908+00:00,2026-09-25 12:29:21.817908+00:00,2026-09-25 12:29:21.818908+00:00,2026-09-25 12:29:21.819908+00:00,2026-09-25 12:29:21.820908+00:00,2026-09-25 12:29:21.821908+00:00,2026-09-25 12:29:21.822908+00:00,2026-09-25 12:29:21.823908+00:00,2026-09-25 12:29:21.824908+00:00,2026-09-25 12:29:21.825908+00:00,2026-09-25 12:29:21.826908+00:00,2026-09-25 12:29:21.827908+00:00,2026-09-25 12:29:21.828908+00:00,2026-09-25 12:29:21.829908+00:00,2026-09-25 12:29:21.830908+00:00,2026-09-25 12:29:21.830908+00:00,1.467177,0.6815810226032715,True,True,True,False,False,False,True,False,False,True,False,False,False,False,True,False
