snapshot_id,timestamp,source_timestamp_reference,sync_spread_ms,ms.turntable.transfer,ms.turntable.conveyor,ms.sensor.conveyor,ms.turntable.saw,ms.transfer.turntable,ms.oven.slider_inside,ms.oven.slider_outside,ms.transfer.oven,ms.sensor.oven,ms.motor.turntable_cw,ms.motor.turntable_ccw,ms.motor.conveyor,ms.motor.saw,ms.motor.slider_in,ms.motor.slider_out,ms.motor.transfer_oven,ms.motor.transfer_turntable,ms.process.burn,ms.air.compressor,ms.valve.vacuum,ms.valve.transfer,ms.valve.oven_door,ms.valve.ejector,hbw.ref.horizontal,hbw.sensor.inside,hbw.sensor.outside,hbw.ref.vertical,hbw.ref.cantilever_front,hbw.ref.cantilever_back,hbw.sensor.trail_bottom,hbw.sensor.trail_top,hbw.motor.conveyor_forward,hbw.motor.conveyor_backward,hbw.motor.crane_rack,hbw.motor.crane_conveyor,hbw.motor.crane_down,hbw.motor.crane_up,hbw.motor.cantilever_forward,hbw.motor.cantilever_backward,hbw.encoder.horizontal1,hbw.encoder.horizontal2,hbw.encoder.vertical1,hbw.encoder.vertical2,c.ref.vertical,c.ref.horizontal,c.ref.rotate,c.motor.up,c.motor.down,c.motor.backward,c.motor.forward,c.motor.cw,c.motor.ccw,c.air.compressor,c.valve.vacuum,c.encoder.vertical1,c.encoder.vertical2,c.encoder.horizontal1,c.encoder.horizontal2,c.encoder.rotate1,c.encoder.rotate2,pm.sensor.entry,pm.sensor.tool,pm.ref.top,pm.ref.bottom,pm.motor.conveyor_forward,pm.motor.conveyor_backward,pm.motor.tool_up,pm.motor.tool_down,sl.sensor.pulse,sl.sensor.before_color,sl.sensor.after_color,sl.sensor.white,sl.sensor.red,sl.sensor.blue,sl.motor.conveyor,sl.air.compressor,sl.valve.white,sl.valve.red,sl.valve.blue,sl.sensor.color_value,local.crane_coord_h,local.crane_coord_v,local.crane_coord_r
239,2026-09-25T11:22:56.136762+00:00,2026-09-25T12:52:01.508677+00:00,169.009,True,False,False,False,True,False,False,False,True,False,False,False,False,False,False,False,False,False,False,False,False,False,False,False,True,True,False,False,True,True,False,False,False,False,False,False,False,False,False,True,False,False,True,False,False,False,False,False,False,False,False,False,False,False,True,False,True,False,False,True,True,True,False,True,False,False,False,False,True,True,True,False,False,True,False,False,False,False,False,0,0,0,0
240,2026-09-25T11:22:56.507746+00:00,2026-09-25T12:52:01.887699+00:00,85.005,True,False,False,False,True,False,False,False,True,False,False,False,False,False,False,False,False,False,False,False,False,False,False,False,True,True,False,False,True,True,False,False,False,False,False,False,False,False,False,True,False,False,True,False,False,False,False,False,False,False,False,False,False,False,True,False,True,False,False,True,True,True,False,True,False,False,False,False,True,True,True,False,False,True,False,False,False,False,False,0,0,0,0
241,2026-09-25T11:22:56.953822+00:00,2026-09-25T12:52:02.335725+00:00,168.01,True,False,False,False,True,False,False,False,True,False,False,False,False,False,False,False,False,False,False,False,False,False,False,False,True,True,False,False,True,True,False,False,False,False,False,False,False,False,False,True,False,False,True,False,False,False,False,False,False,False,False,False,False,False,True,False,True,False,False,True,True,True,False,True,False,False,False,False,True,True,True,False,False,True,False,False,False,False,False,0,0,0,0
242,2026-09-25T11:22:57.315054+00:00,2026-09-25T12:52:02.717747+00:00,98.006,True,False,False,False,True,False,False,False,True,False,False,False,False,False,False,False,False,False,False,False,False,False,False,False,True,True,False,False,True,True,False,False,False,False,False,False,False,False,False,True,False,False,True,False,False,False,False,False,False,False,False,False,False,False,True,False,True,False,False,True,True,True,False,True,False,False,False,False,True,True,True,False,False,True,False,False,False,False,False,0,0,0,0
243,2026-09-25T11:22:57.745313+00:00,2026-09-25T12:52:03.151771+00:00,174.01,True,False,False,False,True,False,False,False,True,False,False,False,False,False,False,False,False,False,False,False,False,False,False,False,True,True,False,False,True,True,False,False,False,False,False,False,False,False,False,True,False,False,True,False,False,False,False,False,False,False,False,False,False,False,True,False,True,False,False,True,True,True,False,True,False,False,False,False,True,True,True,False,False,True,False,False,False,False,False,0,0,0,0
244,2026-09-25T11:22:58.173983+00:00,2026-09-25T12:52:03.575796+00:00,170.01,True,False,False,False,True,False,False,False,True,False,False,False,False,False,False,False,False,False,False,False,False,False,False,False,True,True,False,False,True,True,False,False,False,False,False,False,False,False,False,True,False,False,True,False,False,False,False,False,False,False,False,False,False,False,True,False,True,False,False,True,True,True,False,True,False,False,False,False,True,True,True,False,False,True,False,False,False,False,False,0,0,0,0
245,2026-09-25T11:22:58.587866+00:00,2026-09-25T12:52:03.946817+00:00,95.006,True,False,False,False,True,False,False,False,True,False,False,False,False,False,False,False,False,False,False,False,False,False,False,False,True,True,False,False,True,True,False,False,False,False,False,False,False,False,False,True,False,False,True,False,False,False,False,False,False,False,False,False,False,False,True,False,True,False,False,True,True,True,False,True,False,False,False,False,True,True,True,False,False,True,False,False,False,False,False,0,0,0,0
246,2026-09-25T11:22:59.074453+00:00,2026-09-25T12:52:04.355840+00:00,102.006,True,False,False,False,True,False,False,False,True,False,False,False,False,False,False,False,False,False,False,False,False,False,False,False,True,True,False,False,True,True,False,False,False,False,False,False,False,False,False,True,False,False,True,False,False,False,False,False,False,False,False,False,False,False,True,False,True,False,False,True,True,True,False,True,False,False,False,False,True,True,True,False,False,True,False,False,False,False,False,0,0,0,0
247,2026-09-25T11:22:59.469051+00:00,2026-09-25T12:52:04.859869+00:00,118.007,True,False,False,False,True,False,False,False,True,False,False,False,False,False,False,False,False,False,False,False,False,False,False,False,True,True,False,False,True,True,False,False,False,False,False,False,False,False,False,True,False,False,True,False,False,False,False,False,False,False,False,False,False,False,True,False,True,False,False,True,True,True,False,True,False,False,False,False,True,True,True,False,False,True,False,False,False,False,False,0,0,0,0
248,2026-09-25T11:22:59.815470+00:00,2026-09-25T12:52:05.221890+00:00,91.005,True,False,False,False,True,False,False,False,True,False,False,False,False,False,False,False,False,False,False,False,False,False,False,False,True,True,False,False,True,True,False,False,False,False,False,False,False,False,False,True,False,False,True,False,False,False,False,False,False,False,False,False,False,False,True,False,True,False,False,True,True,True,False,True,False,False,False,False,True,True,True,False,False,True,False,False,False,False,False,0,0,0,0
249,2026-09-25T11:23:00.181002+00:00,2026-09-25T12:52:05.573910+00:00,90.005,True,False,False,False,True,False,False,False,True,False,False,False,False,False,False,False,False,False,False,False,False,False,False,False,True,True,False,False,True,True,False,False,False,False,False,False,False,False,False,True,False,False,True,False,False,False,False,False,False,False,False,False,False,False,True,False,True,False,False,True,True,True,False,True,False,False,False,False,True,True,True,False,False,True,False,False,False,False,False,0,0,0,0
250,2026-09-25T11:23:00.553100+00:00,2026-09-25T12:52:05.958932+00:00,113.006,True,False,False,False,True,False,False,False,True,False,False,False,False,False,False,False,False,False,False,False,False,False,False,False,True,True,False,False,True,True,False,False,False,False,False,False,False,False,False,True,False,False,True,False,False,False,False,False,False,False,False,False,False,False,True,False,True,False,False,True,True,True,False,True,False,False,False,False,True,True,True,False,False,True,False,False,False,False,False,0,0,0,0
251,2026-09-25T11:23:01.017575+00:00,2026-09-25T12:52:06.422959+00:00,96.006,True,False,False,False,True,False,False,False,True,False,False,False,False,False,False,False,False,False,False,False,False,False,False,False,True,True,False,False,True,True,False,False,False,False,False,False,False,False,False,True,False,False,True,False,False,False,False,False,False,False,False,False,False,False,True,False,True,False,False,True,True,True,False,True,False,False,False,False,True,True,True,False,False,True,False,False,False,False,False,0,0,0,0
252,2026-09-25T11:23:01.393562+00:00,2026-09-25T12:52:06.779979+00:00,91.005,True,False,False,False,True,False,False,False,True,False,False,False,False,False,False,False,False,False,False,False,False,False,False,False,True,True,False,False,True,True,False,False,False,False,False,False,False,False,False,True,False,False,True,False,False,False,False,False,False,False,False,False,False,False,True,False,True,False,False,True,True,True,False,True,False,False,False,False,True,True,True,True,False,True,False,False,False,False,False,0,0,0,0
253,2026-09-25T11:23:01.767626+00:00,2026-09-25T12:52:07.174001+00:00,92.00500000000001,True,False,False,False,True,False,False,False,True,False,False,False,False,False,False,False,False,False,False,False,False,False,False,False,True,True,False,False,True,True,False,False,False,False,False,False,False,False,False,True,False,False,True,False,False,False,False,False,False,False,False,False,False,False,True,False,True,False,False,True,True,True,False,True,False,False,False,False,True,True,True,True,False,True,False,False,False,False,False,1,0,0,0
254,2026-09-25T11:23:02.146843+00:00,2026-09-25T12:52:07.534022+00:00,103.006,True,False,False,False,True,False,False,False,True,False,False,False,False,False,False,False,False,False,False,False,False,False,False,False,True,True,False,False,True,True,False,False,False,False,False,False,False,False,False,True,False,False,True,False,False,False,False,False,False,False,False,False,False,False,True,False,True,False,False,True,True,True,False,True,False,False,False,False,True,True,True,True,False,True,False,False,False,False,False,1,0,0,0
255,2026-09-25T11:23:02.589289+00:00,2026-09-25T12:52:07.942045+00:00,124.007,True,False,False,False,True,False,False,False,True,False,False,False,False,False,False,False,False,False,False,False,False,False,False,False,True,True,False,False,True,True,False,False,False,False,False,False,False,False,False,True,False,False,True,False,False,False,False,False,False,False,False,False,False,False,True,False,True,False,False,True,True,True,False,True,False,False,False,False,True,True,True,True,True,True,False,False,False,False,False,0,0,0,0
256,2026-09-25T11:23:03.092834+00:00,2026-09-25T12:52:08.367070+00:00,98.006,True,False,False,False,True,False,False,False,True,False,False,False,False,False,False,False,False,False,False,False,False,False,False,False,True,True,False,False,True,True,False,False,False,False,False,False,False,False,False,True,False,False,True,False,False,False,False,False,False,False,False,False,False,False,True,False,True,False,False,True,True,True,False,True,False,False,False,False,True,True,True,True,True,True,False,False,False,False,False,0,0,0,0
257,2026-09-25T11:23:03.479082+00:00,2026-09-25T12:52:08.861098+00:00,108.006,True,False,False,False,True,False,False,False,True,False,False,False,False,False,False,False,False,False,False,False,False,False,False,False,True,True,False,False,True,True,False,False,False,False,False,False,False,False,False,True,False,False,True,False,False,False,False,False,False,False,False,False,False,False,True,False,True,False,False,True,True,True,False,True,False,False,False,False,True,True,True,True,True,True,False,False,False,False,False,0,0,0,0
258,2026-09-25T11:23:03.835261+00:00,2026-09-25T12:52:09.237119+00:00,97.005,True,False,False,False,True,False,False,False,True,False,False,False,False,False,False,False,False,False,False,False,False,False,False,False,True,True,False,False,True,True,False,False,False,False,False,False,False,False,False,True,False,False,True,False,False,False,False,False,False,False,False,False,False,False,True,False,True,False,False,True,True,True,False,True,False,False,False,False,True,True,True,True,True,True,False,False,False,False,False,0,0,0,0
259,2026-09-25T11:23:04.244794+00:00,2026-09-25T12:52:09.607141+00:00,110.00699999999999,True,False,False,False,True,False,False,False,True,False,False,False,False,False,False,False,False,False,False,False,False,False,False,False,True,True,False,False,True,True,False,False,False,False,False,False,False,False,False,True,False,False,True,False,False,False,False,False,False,False,False,False,False,False,True,False,True,False,False,True,True,True,False,True,False,False,False,False,True,True,True,True,True,True,False,False,False,False,False,1,0,0,0
260,2026-09-25T11:23:04.617088+00:00,2026-09-25T12:52:10.015164+00:00,110.006,True,False,False,False,True,False,False,False,True,False,False,False,False,False,False,False,False,False,False,False,False,False,False,False,True,True,False,False,True,True,False,False,False,False,False,False,False,False,False,True,False,False,True,False,False,False,False,False,False,False,False,False,False,False,True,False,True,False,False,True,True,True,False,True,False,False,False,False,True,True,True,True,True,True,False,False,False,False,False,0,0,0,0
261,2026-09-25T11:23:05.341253+00:00,2026-09-25T12:52:10.731205+00:00,359.02099999999996,True,False,False,False,True,False,False,False,True,False,False,False,False,False,False,False,False,False,False,False,False,False,False,False,True,True,False,False,True,True,False,False,False,False,False,False,False,False,False,True,False,False,True,False,False,False,False,False,False,False,False,False,False,False,True,False,True,False,False,True,True,True,False,True,False,False,False,False,True,True,True,True,True,True,False,False,False,False,False,0,0,0,0
262,2026-09-25T11:23:05.779785+00:00,2026-09-25T12:52:11.174230+00:00,172.01,True,False,False,False,True,False,False,False,True,False,False,False,False,False,False,False,False,False,False,False,False,False,False,False,True,True,False,False,True,True,False,False,False,False,False,False,False,False,False,True,False,False,True,False,False,False,False,False,False,False,False,False,False,False,True,False,True,False,False,True,True,True,False,True,False,False,False,False,True,True,True,True,True,True,False,False,False,False,False,0,0,0,0
263,2026-09-25T11:23:06.146785+00:00,2026-09-25T12:52:11.529251+00:00,91.006,True,False,False,False,True,False,False,False,True,False,False,False,False,False,False,False,False,False,False,False,False,False,False,False,True,True,False,False,True,True,False,False,False,False,False,False,False,False,False,True,False,False,True,False,False,False,False,False,False,False,False,False,False,False,True,False,True,False,False,True,True,True,False,True,False,False,False,False,True,True,True,True,True,True,False,False,False,False,False,0,0,0,0
264,2026-09-25T11:23:06.517150+00:00,2026-09-25T12:52:11.909272+00:00,101.005,True,False,False,False,True,False,False,False,True,False,False,False,False,False,False,False,False,False,False,False,False,False,False,False,True,True,False,False,True,True,False,False,False,False,False,False,False,False,False,True,False,False,True,False,False,False,False,False,False,False,False,False,False,False,True,False,True,False,False,True,True,True,False,True,False,False,False,False,True,True,True,True,True,True,False,False,False,False,False,0,0,0,0
265,2026-09-25T11:23:06.860745+00:00,2026-09-25T12:52:12.266293+00:00,90.005,True,False,False,False,True,False,False,False,True,False,False,False,False,False,False,False,False,False,False,False,False,False,False,False,True,True,False,False,True,True,False,False,False,False,False,False,False,False,False,True,False,False,True,False,False,False,False,False,False,False,False,False,False,False,True,False,True,False,False,True,True,True,False,True,False,False,False,False,True,True,True,True,True,True,False,False,False,False,False,0,0,0,0
266,2026-09-25T11:23:07.212075+00:00,2026-09-25T12:52:12.615313+00:00,95.006,True,False,False,False,True,False,False,False,True,False,False,False,False,False,False,False,False,False,False,False,False,False,False,False,True,True,False,False,True,True,False,False,False,False,False,False,False,False,False,True,False,False,True,False,False,False,False,False,False,False,False,False,False,False,True,False,True,False,False,True,True,True,False,True,False,False,False,False,True,True,True,True,True,True,False,False,False,False,False,1,0,0,0
267,2026-09-25T11:23:07.592165+00:00,2026-09-25T12:52:12.992334+00:00,120.007,True,False,False,False,True,False,False,False,True,False,False,False,False,False,False,False,False,False,False,False,False,False,False,False,True,True,False,False,True,True,False,False,False,False,False,False,False,False,False,True,False,False,True,False,False,False,False,False,False,False,False,False,False,False,True,False,True,False,False,True,True,True,False,True,False,False,False,False,True,True,True,True,True,True,False,False,False,False,False,0,0,0,0
268,2026-09-25T11:23:08.068510+00:00,2026-09-25T12:52:13.353355+00:00,92.00500000000001,True,False,False,False,True,False,False,False,True,False,False,False,False,False,False,False,False,False,False,False,False,False,False,False,True,True,False,False,True,True,False,False,False,False,False,False,False,False,False,True,False,False,True,False,False,False,False,False,False,False,False,False,False,False,True,False,True,False,False,True,True,True,False,True,False,False,False,False,True,True,True,True,True,True,False,False,False,False,False,0,0,0,0
269,2026-09-25T11:23:08.428280+00:00,2026-09-25T12:52:13.826382+00:00,96.006,True,False,False,False,True,False,False,False,True,False,False,False,False,False,False,False,False,False,False,False,False,False,False,False,True,True,False,False,True,True,False,False,False,False,False,False,False,False,False,True,False,False,True,False,False,False,False,False,False,False,False,False,False,False,True,False,True,False,False,True,True,True,False,True,False,False,False,False,True,True,True,True,True,True,False,False,False,False,False,0,0,0,0
270,2026-09-25T11:23:08.770280+00:00,2026-09-25T12:52:14.175402+00:00,87.005,True,False,False,False,True,False,False,False,True,False,False,False,False,False,False,False,False,False,False,False,False,False,False,False,True,True,False,False,True,True,False,False,False,False,False,False,False,False,False,True,False,False,True,False,False,False,False,False,False,False,False,False,False,False,True,False,True,False,False,True,True,True,False,True,False,False,False,False,True,True,True,True,True,True,False,False,False,False,False,0,0,0,0
271,2026-09-25T11:23:09.180905+00:00,2026-09-25T12:52:14.567424+00:00,88.005,True,False,False,False,True,False,False,False,True,False,False,False,False,False,False,False,False,False,False,False,False,False,False,False,True,True,False,False,True,True,False,False,False,False,False,False,False,False,False,True,False,False,True,False,False,False,False,False,False,False,False,False,False,False,True,False,True,False,False,True,True,True,False,True,False,False,False,False,True,True,True,True,True,True,False,False,False,False,False,0,0,0,0
272,2026-09-25T11:23:09.561439+00:00,2026-09-25T12:52:14.958447+00:00,85.005,True,False,False,False,True,False,False,False,True,False,False,False,False,False,False,False,False,False,False,False,False,False,False,False,True,True,False,False,True,True,False,False,False,False,False,False,False,False,False,True,False,False,True,False,False,False,False,False,False,False,False,False,False,False,True,False,True,False,False,True,True,True,False,True,False,False,False,False,True,True,True,True,True,True,False,False,False,False,False,0,0,0,0
273,2026-09-25T11:23:10.034969+00:00,2026-09-25T12:52:15.339469+00:00,84.005,True,False,False,False,True,False,False,False,True,False,False,False,False,False,False,False,False,False,False,False,False,False,False,False,True,True,False,False,True,True,False,False,False,False,False,False,False,False,False,True,False,False,True,False,False,False,False,False,False,False,False,False,False,False,True,False,True,False,False,True,True,True,False,True,False,False,False,False,True,True,True,True,True,True,False,False,False,False,False,0,0,0,0
274,2026-09-25T11:23:10.409298+00:00,2026-09-25T12:52:15.809495+00:00,112.006,True,False,False,False,True,False,False,False,True,False,False,False,False,False,False,False,False,False,False,False,False,False,False,False,True,True,False,False,True,True,False,False,False,False,False,False,False,False,False,True,False,False,True,False,False,False,False,False,False,False,False,False,False,False,True,False,True,False,False,True,True,True,False,True,False,False,False,False,True,True,True,True,True,True,False,False,False,False,False,0,0,0,0
275,2026-09-25T11:23:10.835123+00:00,2026-09-25T12:52:16.162516+00:00,90.006,True,False,False,False,True,False,False,False,True,False,False,False,False,False,False,False,False,False,False,False,False,False,False,False,True,True,False,False,True,True,False,False,False,False,False,False,False,False,False,True,False,False,True,False,False,False,False,False,False,False,False,False,False,False,True,False,True,False,False,True,True,True,False,True,False,False,False,False,True,True,True,True,True,True,False,False,False,False,False,0,0,0,0
276,2026-09-25T11:23:11.191791+00:00,2026-09-25T12:52:16.585540+00:00,88.005,True,False,False,False,True,False,False,False,True,False,False,False,False,False,False,False,False,False,False,False,False,False,False,False,True,True,False,False,True,True,False,False,False,False,False,False,False,False,False,True,False,False,True,False,False,False,False,False,False,False,False,False,False,False,True,False,True,False,False,True,True,True,False,True,False,False,False,False,True,True,True,True,True,True,False,False,False,False,False,0,0,0,0
277,2026-09-25T11:23:11.638142+00:00,2026-09-25T12:52:16.943560+00:00,92.00500000000001,True,False,False,False,True,False,False,False,True,False,False,False,False,False,False,False,False,False,False,False,False,False,False,False,True,True,False,False,True,True,False,False,False,False,False,False,False,False,False,True,False,False,True,False,False,False,False,False,False,False,False,False,False,False,True,False,True,False,False,True,True,True,False,True,False,False,False,False,True,True,True,True,True,True,False,False,False,False,False,0,0,0,0
278,2026-09-25T11:23:11.996144+00:00,2026-09-25T12:52:17.390586+00:00,92.00500000000001,True,False,False,False,True,False,False,False,True,False,False,False,False,False,False,False,False,False,False,False,False,False,False,False,True,True,False,False,True,True,False,False,False,False,False,False,False,False,False,True,False,False,True,False,False,False,False,False,False,False,False,False,False,False,True,False,True,False,False,True,True,True,False,True,False,False,False,False,True,True,True,True,True,True,False,False,False,False,False,0,0,0,0
279,2026-09-25T11:23:12.395281+00:00,2026-09-25T12:52:17.762607+00:00,105.006,True,False,False,False,True,False,False,False,True,False,False,False,False,False,False,False,False,False,False,False,False,False,False,False,True,True,False,False,True,True,False,False,False,False,False,False,False,False,False,True,False,False,True,False,False,False,False,False,False,False,False,False,False,False,True,False,True,False,False,True,True,True,False,True,False,False,False,False,True,True,True,True,True,True,False,False,False,False,False,0,0,0,0
280,2026-09-25T11:23:12.757934+00:00,2026-09-25T12:52:18.155630+00:00,94.006,True,False,False,False,True,False,False,False,True,False,False,False,False,False,False,False,False,False,False,False,False,False,False,False,True,True,False,False,True,True,False,False,False,False,False,False,False,False,False,True,False,False,True,False,False,False,False,False,False,False,False,False,False,False,True,False,True,False,False,True,True,True,False,True,False,False,False,False,True,True,True,True,True,True,False,False,False,False,False,0,0,0,0
281,2026-09-25T11:23:13.125875+00:00,2026-09-25T12:52:18.531651+00:00,105.006,True,False,False,False,True,False,False,False,True,False,False,False,False,False,False,False,False,False,False,False,False,False,False,False,True,True,False,False,True,True,False,False,False,False,False,False,False,False,False,True,False,False,True,False,False,False,False,False,False,False,False,False,False,False,True,False,True,False,False,True,True,True,False,True,False,False,False,False,True,True,True,True,True,True,False,False,False,False,False,0,0,0,0
282,2026-09-25T11:23:13.486169+00:00,2026-09-25T12:52:18.891672+00:00,104.006,True,False,False,False,True,False,False,False,True,False,False,False,False,False,False,False,False,False,False,False,False,False,False,False,True,True,False,False,True,True,False,False,False,False,False,False,False,False,False,True,False,False,True,False,False,False,False,False,False,False,False,False,False,False,True,False,True,False,False,True,True,True,False,True,False,False,False,False,True,True,True,True,True,True,False,False,False,False,False,0,0,0,0
283,2026-09-25T11:23:13.923255+00:00,2026-09-25T12:52:19.273694+00:00,127.00800000000001,True,False,False,False,True,False,False,False,True,False,False,False,False,False,False,False,False,False,False,False,False,False,False,False,True,True,False,False,True,True,False,False,False,False,False,False,False,False,False,True,False,False,True,False,False,False,False,False,False,False,False,False,False,False,True,False,True,False,False,True,True,True,False,True,False,False,False,False,True,True,True,True,True,True,False,False,False,False,False,0,0,0,0
284,2026-09-25T11:23:14.325857+00:00,2026-09-25T12:52:19.686717+00:00,95.00500000000001,True,False,False,False,True,False,False,False,True,False,False,False,False,False,False,False,False,False,False,False,False,False,False,False,True,True,False,False,True,True,False,False,False,False,False,False,False,False,False,True,False,False,True,False,False,False,False,False,False,False,False,False,False,False,True,False,True,False,False,True,True,True,False,True,False,False,False,False,True,True,True,True,True,True,False,False,False,False,False,0,0,0,0
285,2026-09-25T11:23:14.747072+00:00,2026-09-25T12:52:20.134743+00:00,116.007,True,False,False,False,True,False,False,False,True,False,False,False,False,False,False,False,False,False,False,False,False,False,False,False,True,True,False,False,True,True,False,False,False,False,False,False,False,False,False,True,False,False,True,False,False,False,False,False,False,False,False,False,False,False,True,False,True,False,False,True,True,True,False,True,False,False,False,False,True,True,True,True,True,True,False,False,False,False,False,0,0,0,0
286,2026-09-25T11:23:15.135309+00:00,2026-09-25T12:52:20.536766+00:00,129.008,True,False,False,False,True,False,False,False,True,False,False,False,False,False,False,False,False,False,False,False,False,False,False,False,True,True,False,False,True,True,False,False,False,False,False,False,False,False,False,True,False,False,True,False,False,False,False,False,False,False,False,False,False,False,True,False,True,False,False,True,True,True,False,True,False,False,False,False,True,True,True,True,True,True,False,False,False,False,False,0,0,0,0
287,2026-09-25T11:23:15.587629+00:00,2026-09-25T12:52:20.992792+00:00,197.011,True,False,False,False,True,False,False,False,True,False,False,False,False,False,False,False,False,False,False,False,False,False,False,False,True,True,False,False,True,True,False,False,False,False,False,False,False,False,False,True,False,False,True,False,False,False,False,False,False,False,False,False,False,False,True,False,True,False,False,True,True,True,False,True,False,False,False,False,True,True,True,True,True,True,False,False,False,False,False,0,0,0,0
288,2026-09-25T11:23:15.945606+00:00,2026-09-25T12:52:21.345812+00:00,96.005,True,False,False,False,True,False,False,False,True,False,False,False,False,False,False,False,False,False,False,False,False,False,False,False,True,True,False,False,True,True,False,False,False,False,False,False,False,False,False,True,False,False,True,False,False,False,False,False,False,False,False,False,False,False,True,False,True,False,False,True,True,True,False,True,False,False,False,False,True,True,True,True,True,True,False,False,False,False,False,0,0,0,0
289,2026-09-25T11:23:16.298183+00:00,2026-09-25T12:52:21.700832+00:00,91.005,True,False,False,False,True,False,False,False,True,False,False,False,False,False,False,False,False,False,False,False,False,False,False,False,True,True,False,False,True,True,False,False,False,False,False,False,False,False,False,True,False,False,True,False,False,False,False,False,False,False,False,False,False,False,True,False,True,False,False,True,True,True,False,True,False,False,False,False,True,True,True,True,True,True,False,False,False,False,False,0,0,0,0
290,2026-09-25T11:23:16.664609+00:00,2026-09-25T12:52:22.066853+00:00,109.006,True,False,False,False,True,False,False,False,True,False,False,False,False,False,False,False,False,False,False,False,False,False,False,False,True,True,False,False,True,True,False,False,False,False,False,False,False,False,False,True,False,False,True,False,False,False,False,False,False,False,False,False,False,False,True,False,True,False,False,True,True,True,False,True,False,False,False,False,True,True,True,True,True,True,False,False,False,False,False,0,0,0,0
291,2026-09-25T11:23:17.006918+00:00,2026-09-25T12:52:22.409873+00:00,87.005,True,False,False,False,True,False,False,False,True,False,False,False,False,False,False,False,False,False,False,False,False,False,False,False,True,True,False,False,True,True,False,False,False,False,False,False,False,False,False,True,False,False,True,False,False,False,False,False,False,False,False,False,False,False,True,False,True,False,False,True,True,True,False,True,False,False,False,False,True,True,True,True,True,True,False,False,False,False,False,0,0,0,0
292,2026-09-25T11:23:17.386255+00:00,2026-09-25T12:52:22.791895+00:00,92.00500000000001,True,False,False,False,True,False,False,False,True,False,False,False,False,False,False,False,False,False,False,False,False,False,False,False,True,True,False,False,True,True,False,False,False,False,False,False,False,False,False,True,False,False,True,False,False,False,False,False,False,False,False,False,False,False,True,False,True,False,False,True,True,True,False,True,False,False,False,False,True,True,True,True,True,True,False,False,False,False,False,0,0,0,0
293,2026-09-25T11:23:17.736424+00:00,2026-09-25T12:52:23.131914+00:00,85.005,True,False,False,False,True,False,False,False,True,False,False,False,False,False,False,False,False,False,False,False,False,False,False,False,True,True,False,False,True,True,False,False,False,False,False,False,False,False,False,True,False,False,True,False,False,False,False,False,False,False,False,False,False,False,True,False,True,False,False,True,True,True,False,True,False,False,False,False,True,True,True,True,True,True,False,False,False,False,False,0,0,0,0
294,2026-09-25T11:23:18.112522+00:00,2026-09-25T12:52:23.517936+00:00,85.005,True,False,False,False,True,False,False,False,True,False,False,False,False,False,False,False,False,False,False,False,False,False,False,False,True,True,False,False,True,True,False,False,False,False,False,False,False,False,False,True,False,False,True,False,False,False,False,False,False,False,False,False,False,False,True,False,True,False,False,True,True,True,False,True,False,False,False,False,True,True,True,True,True,True,False,False,False,False,False,0,0,0,0
295,2026-09-25T11:23:18.488096+00:00,2026-09-25T12:52:23.892958+00:00,89.005,True,False,False,False,True,False,False,False,True,False,False,False,False,False,False,False,False,False,False,False,False,False,False,False,True,True,False,False,True,True,False,False,False,False,False,False,False,False,False,True,False,False,True,False,False,False,False,False,False,False,False,False,False,False,True,False,True,False,False,True,True,True,False,True,False,False,False,False,True,True,True,True,True,True,False,False,False,False,False,0,0,0,0
296,2026-09-25T11:23:18.904583+00:00,2026-09-25T12:52:24.274980+00:00,87.005,True,False,False,False,True,False,False,False,True,False,False,False,False,False,False,False,False,False,False,False,False,False,False,False,True,True,False,False,True,True,False,False,False,False,False,False,False,False,False,True,False,False,True,False,False,False,False,False,False,False,False,False,False,False,True,False,True,False,False,True,True,True,False,True,False,False,False,False,True,True,True,True,True,True,False,False,False,False,False,0,0,0,0
297,2026-09-25T11:23:19.267189+00:00,2026-09-25T12:52:24.672002+00:00,94.00500000000001,True,False,False,False,True,False,False,False,True,False,False,False,False,False,False,False,False,False,False,False,False,False,False,False,True,True,False,False,True,True,False,False,False,False,False,False,False,False,False,True,False,False,True,False,False,False,False,False,False,False,False,False,False,False,True,False,True,False,False,True,True,True,False,True,False,False,False,False,True,True,True,True,True,True,False,False,False,False,False,0,0,0,0
298,2026-09-25T11:23:19.661035+00:00,2026-09-25T12:52:25.054024+00:00,85.005,True,False,False,False,True,False,False,False,True,False,False,False,False,False,False,False,False,False,False,False,False,False,False,False,True,True,False,False,True,True,False,False,False,False,False,False,False,False,False,True,False,False,True,False,False,False,False,False,False,False,False,False,False,False,True,False,True,False,False,True,True,True,False,True,False,False,False,False,True,True,True,True,True,True,False,False,False,False,False,0,0,0,0
299,2026-09-25T11:23:20.015884+00:00,2026-09-25T12:52:25.411045+00:00,85.005,True,False,False,False,True,False,False,False,True,False,False,False,False,False,False,False,False,False,False,False,False,False,False,False,True,True,False,False,True,True,False,False,False,False,False,False,False,False,False,True,False,False,True,False,False,False,False,False,False,False,False,False,False,False,True,False,True,False,False,True,True,True,False,True,False,False,False,False,True,True,True,True,True,True,False,False,False,False,False,0,0,0,0
300,2026-09-25T11:23:20.439141+00:00,2026-09-25T12:52:25.844069+00:00,169.009,True,False,False,False,True,False,False,False,True,False,False,False,False,False,False,False,False,False,False,False,False,False,False,False,True,True,False,False,True,True,False,False,False,False,False,False,False,False,False,True,False,False,True,False,False,False,False,False,False,False,False,False,False,False,True,False,True,False,False,True,True,True,False,True,False,False,False,False,True,True,True,True,True,True,False,False,False,False,False,1,0,0,0
301,2026-09-25T11:23:20.811126+00:00,2026-09-25T12:52:26.216091+00:00,94.006,True,False,False,False,True,False,False,False,True,False,False,False,False,False,False,False,False,False,False,False,False,False,False,False,True,True,False,False,True,True,False,False,False,False,False,False,False,False,False,True,False,False,True,False,False,False,False,False,False,False,False,False,False,False,True,False,True,False,False,True,True,True,False,True,False,False,False,False,True,True,True,True,True,True,False,False,False,False,False,0,0,0,0
302,2026-09-25T11:23:21.232342+00:00,2026-09-25T12:52:26.621114+00:00,85.005,True,False,False,False,True,False,False,False,True,False,False,False,False,False,False,False,False,False,False,False,False,False,False,False,True,True,False,False,True,True,False,False,False,False,False,False,False,False,False,True,False,False,True,False,False,False,False,False,False,False,False,False,False,False,True,False,True,False,False,True,True,True,False,True,False,False,False,False,True,True,True,True,True,True,False,False,False,False,False,0,0,0,0
303,2026-09-25T11:23:21.614033+00:00,2026-09-25T12:52:27.019137+00:00,112.00699999999999,True,False,False,False,True,False,False,False,True,False,False,False,False,False,False,False,False,False,False,False,False,False,False,False,True,True,False,False,True,True,False,False,False,False,False,False,False,False,False,True,False,False,True,False,False,False,False,False,False,False,False,False,False,False,True,False,True,False,False,True,True,True,False,True,False,False,False,False,True,True,True,True,True,True,False,False,False,False,False,1,0,0,0
304,2026-09-25T11:23:21.976923+00:00,2026-09-25T12:52:27.364156+00:00,91.005,True,False,False,False,True,False,False,False,True,False,False,False,False,False,False,False,False,False,False,False,False,False,False,False,True,True,False,False,True,True,False,False,False,False,False,False,False,False,False,True,False,False,True,False,False,False,False,False,False,False,False,False,False,False,True,False,True,False,False,True,True,True,False,True,False,False,False,False,True,True,True,True,True,True,False,False,False,False,False,0,0,0,0
305,2026-09-25T11:23:22.330403+00:00,2026-09-25T12:52:27.735178+00:00,95.006,True,False,False,False,True,False,False,False,True,False,False,False,False,False,False,False,False,False,False,False,False,False,False,False,True,True,False,False,True,True,False,False,False,False,False,False,False,False,False,True,False,False,True,False,False,False,False,False,False,False,False,False,False,False,True,False,True,False,False,True,True,True,False,True,False,False,False,False,True,True,True,True,True,True,False,False,False,False,False,0,0,0,0
306,2026-09-25T11:23:22.690002+00:00,2026-09-25T12:52:28.095198+00:00,98.006,True,False,False,False,True,False,False,False,True,False,False,False,False,False,False,False,False,False,False,False,False,False,False,False,True,True,False,False,True,True,False,False,False,False,False,False,False,False,False,True,False,False,True,False,False,False,False,False,False,False,False,False,False,False,True,False,True,False,False,True,True,True,False,True,False,False,False,False,True,True,True,True,True,True,False,False,False,False,False,0,0,0,0
307,2026-09-25T11:23:23.064125+00:00,2026-09-25T12:52:28.450218+00:00,93.00500000000001,True,False,False,False,True,False,False,False,True,False,False,False,False,False,False,False,False,False,False,False,False,False,False,False,True,True,False,False,True,True,False,False,False,False,False,False,False,False,False,True,False,False,True,False,False,False,False,False,False,False,False,False,False,False,True,False,True,False,False,True,True,True,False,True,False,False,False,False,True,True,True,True,True,True,False,False,False,False,False,0,0,0,0
308,2026-09-25T11:23:23.517226+00:00,2026-09-25T12:52:28.822240+00:00,89.005,True,False,False,False,True,False,False,False,True,False,False,False,False,False,False,False,False,False,False,False,False,False,False,False,True,True,False,False,True,True,False,False,False,False,False,False,False,False,False,True,False,False,True,False,False,False,False,False,False,False,False,False,False,False,True,False,True,False,False,True,True,True,False,True,False,False,False,False,True,True,True,True,True,True,False,False,False,False,False,0,0,0,0
309,2026-09-25T11:23:23.867770+00:00,2026-09-25T12:52:29.272265+00:00,94.00500000000001,True,False,False,False,True,False,False,False,True,False,False,False,False,False,False,False,False,False,False,False,False,False,False,False,True,True,False,False,True,True,False,False,False,False,False,False,False,False,False,True,False,False,True,False,False,False,False,False,False,False,False,False,False,False,True,False,True,False,False,True,True,True,False,True,False,False,False,False,True,True,True,True,True,True,False,False,False,False,False,0,0,0,0
310,2026-09-25T11:23:24.234334+00:00,2026-09-25T12:52:29.638286+00:00,110.006,True,False,False,False,True,False,False,False,True,False,False,False,False,False,False,False,False,False,False,False,False,False,False,False,True,True,False,False,True,True,False,False,False,False,False,False,False,False,False,True,False,False,True,False,False,False,False,False,False,False,False,False,False,False,True,False,True,False,False,True,True,True,False,True,False,False,False,False,True,True,True,True,True,True,False,False,False,False,False,0,0,0,0
311,2026-09-25T11:23:24.637293+00:00,2026-09-25T12:52:30.033309+00:00,94.00500000000001,True,False,False,False,True,False,False,False,True,False,False,False,False,False,False,False,False,False,False,False,False,False,False,False,True,True,False,False,True,True,False,False,False,False,False,False,False,False,False,True,False,False,True,False,False,False,False,False,False,False,False,False,False,False,True,False,True,False,False,True,True,True,False,True,False,False,False,False,True,True,True,True,True,True,False,False,False,False,False,0,0,0,0
312,2026-09-25T11:23:25.049275+00:00,2026-09-25T12:52:30.435332+00:00,88.005,True,False,False,False,True,False,False,False,True,False,False,False,False,False,False,False,False,False,False,False,False,False,False,False,True,True,False,False,True,True,False,False,False,False,False,False,False,False,False,True,False,False,True,False,False,False,False,False,False,False,False,False,False,False,True,False,True,False,False,True,True,True,False,True,False,False,False,False,True,True,True,True,True,True,False,False,False,False,False,0,0,0,0
313,2026-09-25T11:23:25.647081+00:00,2026-09-25T12:52:30.998364+00:00,289.016,True,False,False,False,True,False,False,False,True,False,False,False,False,False,False,False,False,False,False,False,False,False,False,False,True,True,False,False,True,True,False,False,False,False,False,False,False,False,False,True,False,False,True,False,False,False,False,False,False,False,False,False,False,False,True,False,True,False,False,True,True,True,False,True,False,False,False,False,True,True,True,True,True,True,False,False,False,False,False,0,0,0,0
314,2026-09-25T11:23:26.135559+00:00,2026-09-25T12:52:31.534395+00:00,179.01,True,False,False,False,True,False,False,False,True,False,False,False,False,False,False,False,False,False,False,False,False,False,False,False,True,True,False,False,True,True,False,False,False,False,False,False,False,False,False,True,False,False,True,False,False,False,False,False,False,False,False,False,False,False,True,False,True,False,False,True,True,True,False,True,False,False,False,False,True,True,True,True,True,True,False,False,False,False,False,0,0,0,0
315,2026-09-25T11:23:26.549311+00:00,2026-09-25T12:52:31.954419+00:00,93.00500000000001,True,False,False,False,True,False,False,False,True,False,False,False,False,False,False,False,False,False,False,False,False,False,False,False,True,True,False,False,True,True,False,False,False,False,False,False,False,False,False,True,False,False,True,False,False,False,False,False,False,False,False,False,False,False,True,False,True,False,False,True,True,True,False,True,False,False,False,False,True,True,True,True,True,True,False,False,False,False,False,0,0,0,0
316,2026-09-25T11:23:26.905273+00:00,2026-09-25T12:52:32.300439+00:00,92.006,True,False,False,False,True,False,False,False,True,False,False,False,False,False,False,False,False,False,False,False,False,False,False,False,True,True,False,False,True,True,False,False,False,False,False,False,False,False,False,True,False,False,True,False,False,False,False,False,False,False,False,False,False,False,True,False,True,False,False,True,True,True,False,True,False,False,False,False,True,True,True,True,True,True,False,False,False,False,False,0,0,0,0
317,2026-09-25T11:23:27.308765+00:00,2026-09-25T12:52:32.697461+00:00,130.007,True,False,False,False,True,False,False,False,True,False,False,False,False,False,False,False,False,False,False,False,False,False,False,False,True,True,False,False,True,True,False,False,False,False,False,False,False,False,False,True,False,False,True,False,False,False,False,False,False,False,False,False,False,False,True,False,True,False,False,True,True,True,False,True,False,False,False,False,True,True,True,True,True,True,False,False,False,False,False,0,0,0,0
318,2026-09-25T11:23:27.684573+00:00,2026-09-25T12:52:33.062482+00:00,93.00500000000001,True,False,False,False,True,False,False,False,True,False,False,False,False,False,False,False,False,False,False,False,False,False,False,False,True,True,False,False,True,True,False,False,False,False,False,False,False,False,False,True,False,False,True,False,False,False,False,False,False,False,False,False,False,False,True,False,True,False,False,True,True,True,False,True,False,False,False,False,True,True,True,True,True,True,False,False,False,False,False,0,0,0,0
319,2026-09-25T11:23:28.115401+00:00,2026-09-25T12:52:33.495507+00:00,91.005,True,False,False,False,True,False,False,False,True,False,False,False,False,False,False,False,False,False,False,False,False,False,False,False,True,True,False,False,True,True,False,False,False,False,False,False,False,False,False,True,False,False,True,False,False,False,False,False,False,False,False,False,False,False,True,False,True,False,False,True,True,True,False,True,False,False,False,False,True,True,True,True,True,True,False,False,False,False,False,0,0,0,0
320,2026-09-25T11:23:28.587573+00:00,2026-09-25T12:52:33.987535+00:00,188.01100000000002,True,False,False,False,True,False,False,False,True,False,False,False,False,False,False,False,False,False,False,False,False,False,False,False,True,True,False,False,True,True,False,False,False,False,False,False,False,False,False,True,False,False,True,False,False,False,False,False,False,False,False,False,False,False,True,False,True,False,False,True,True,True,False,True,False,False,False,False,True,True,True,True,True,True,False,False,False,False,False,0,0,0,0
321,2026-09-25T11:23:28.977058+00:00,2026-09-25T12:52:34.381558+00:00,134.00799999999998,True,False,False,False,True,False,False,False,True,False,False,False,False,False,False,False,False,False,False,False,False,False,False,False,True,True,False,False,True,True,False,False,False,False,False,False,False,False,False,True,False,False,True,False,False,False,False,False,False,False,False,False,False,False,True,False,True,False,False,True,True,True,False,True,False,False,False,False,True,True,True,True,True,True,False,False,False,False,False,0,0,0,0
322,2026-09-25T11:23:29.362822+00:00,2026-09-25T12:52:34.738578+00:00,100.006,True,False,False,False,True,False,False,False,True,False,False,False,False,False,False,False,False,False,False,False,False,False,False,False,True,True,False,False,True,True,False,False,False,False,False,False,False,False,False,True,False,False,True,False,False,False,False,False,False,False,False,False,False,False,True,False,True,False,False,True,True,True,False,True,False,False,False,False,True,True,True,True,True,True,False,False,False,False,False,0,0,0,0
323,2026-09-25T11:23:29.708225+00:00,2026-09-25T12:52:35.112599+00:00,89.005,True,False,False,False,True,False,False,False,True,False,False,False,False,False,False,False,False,False,False,False,False,False,False,False,True,True,False,False,True,True,False,False,False,False,False,False,False,False,False,True,False,False,True,False,False,False,False,False,False,False,False,False,False,False,True,False,True,False,False,True,True,True,False,True,False,False,False,False,True,True,True,True,True,True,False,False,False,False,False,0,0,0,0
324,2026-09-25T11:23:30.078273+00:00,2026-09-25T12:52:35.482621+00:00,88.005,True,False,False,False,True,False,False,False,True,False,False,False,False,False,False,False,False,False,False,False,False,False,False,False,True,True,False,False,True,True,False,False,False,False,False,False,False,False,False,True,False,False,True,False,False,False,False,False,False,False,False,False,False,False,True,False,True,False,False,True,True,True,False,True,False,False,False,False,True,True,True,True,True,True,False,False,False,False,False,0,0,0,0
325,2026-09-25T11:23:30.437884+00:00,2026-09-25T12:52:35.839641+00:00,99.006,True,False,False,False,True,False,False,False,True,False,False,False,False,False,False,False,False,False,False,False,False,False,False,False,True,True,False,False,True,True,False,False,False,False,False,False,False,False,False,True,False,False,True,False,False,False,False,False,False,False,False,False,False,False,True,False,True,False,False,True,True,True,False,True,False,False,False,False,True,True,True,True,True,True,False,False,False,False,False,0,0,0,0
326,2026-09-25T11:23:30.791256+00:00,2026-09-25T12:52:36.189661+00:00,94.00500000000001,True,False,False,False,True,False,False,False,True,False,False,False,False,False,False,False,False,False,False,False,False,False,False,False,True,True,False,False,True,True,False,False,False,False,False,False,False,False,False,True,False,False,True,False,False,False,False,False,False,False,False,False,False,False,True,False,True,False,False,True,True,True,False,True,False,False,False,False,True,True,True,True,True,True,False,False,False,False,False,0,0,0,0
327,2026-09-25T11:23:31.166920+00:00,2026-09-25T12:52:36.554682+00:00,96.006,True,False,False,False,True,False,False,False,True,False,False,False,False,False,False,False,False,False,False,False,False,False,False,False,True,True,False,False,True,True,False,False,False,False,False,False,False,False,False,True,False,False,True,False,False,False,False,False,False,False,False,False,False,False,True,False,True,False,False,True,True,True,False,True,False,False,False,False,True,True,True,True,True,True,False,False,False,False,False,0,0,0,0
328,2026-09-25T11:23:31.518302+00:00,2026-09-25T12:52:36.922703+00:00,93.00500000000001,True,False,False,False,True,False,False,False,True,False,False,False,False,False,False,False,False,False,False,False,False,False,False,False,True,True,False,False,True,True,False,False,False,False,False,False,False,False,False,True,False,False,True,False,False,False,False,False,False,False,False,False,False,False,True,False,True,False,False,True,True,True,False,True,False,False,False,False,True,True,True,True,True,True,False,False,False,False,False,0,0,0,0
329,2026-09-25T11:23:31.891221+00:00,2026-09-25T12:52:37.295724+00:00,91.005,True,False,False,False,True,False,False,False,True,False,False,False,False,False,False,False,False,False,False,False,False,False,False,False,True,True,False,False,True,True,False,False,False,False,False,False,False,False,False,True,False,False,True,False,False,False,False,False,False,False,False,False,False,False,True,False,True,False,False,True,True,True,False,True,False,False,False,False,True,True,True,True,True,True,False,False,False,False,False,0,0,0,0
330,2026-09-25T11:23:32.248875+00:00,2026-09-25T12:52:37.651745+00:00,91.006,True,False,False,False,True,False,False,False,True,False,False,False,False,False,False,False,False,False,False,False,False,False,False,False,True,True,False,False,True,True,False,False,False,False,False,False,False,False,False,True,False,False,True,False,False,False,False,False,False,False,False,False,False,False,True,False,True,False,False,True,True,True,False,True,False,False,False,False,True,True,True,True,True,True,False,False,False,False,False,0,0,0,0
331,2026-09-25T11:23:32.680420+00:00,2026-09-25T12:52:38.052768+00:00,87.005,True,False,False,False,True,False,False,False,True,False,False,False,False,False,False,False,False,False,False,False,False,False,False,False,True,True,False,False,True,True,False,False,False,False,False,False,False,False,False,True,False,False,True,False,False,False,False,False,False,False,False,False,False,False,True,False,True,False,False,True,True,True,False,True,False,False,False,False,True,True,True,True,True,True,False,False,False,False,False,0,0,0,0
332,2026-09-25T11:23:33.075713+00:00,2026-09-25T12:52:38.461791+00:00,113.006,True,False,False,False,True,False,False,False,True,False,False,False,False,False,False,False,False,False,False,False,False,False,False,False,True,True,False,False,True,True,False,False,False,False,False,False,False,False,False,True,False,False,True,False,False,False,False,False,False,False,False,False,False,False,True,False,True,False,False,True,True,True,False,True,False,False,False,False,True,True,True,True,True,True,False,False,False,False,False,0,0,0,0
333,2026-09-25T11:23:33.584355+00:00,2026-09-25T12:52:38.853813+00:00,95.00500000000001,True,False,False,False,True,False,False,False,True,False,False,False,False,False,False,False,False,False,False,False,False,False,False,False,True,True,False,False,True,True,False,False,False,False,False,False,False,False,False,True,False,False,True,False,False,False,False,False,False,False,False,False,False,False,True,False,True,False,False,True,True,True,False,True,False,False,False,False,True,True,True,True,True,True,False,False,False,False,False,0,0,0,0
334,2026-09-25T11:23:33.982575+00:00,2026-09-25T12:52:39.366843+00:00,119.007,True,False,False,False,True,False,False,False,True,False,False,False,False,False,False,False,False,False,False,False,False,False,False,False,True,True,False,False,True,True,False,False,False,False,False,False,False,False,False,True,False,False,True,False,False,False,False,False,False,False,False,False,False,False,True,False,True,False,False,True,True,True,False,True,False,False,False,False,True,True,True,True,True,True,False,False,False,False,False,0,0,0,0
335,2026-09-25T11:23:34.365466+00:00,2026-09-25T12:52:39.745864+00:00,103.005,True,False,False,False,True,False,False,False,True,False,False,False,False,False,False,False,False,False,False,False,False,False,False,False,True,True,False,False,True,True,False,False,False,False,False,False,False,False,False,True,False,False,True,False,False,False,False,False,False,False,False,False,False,False,True,False,True,False,False,True,True,True,False,True,False,False,False,False,True,True,True,True,True,True,False,False,False,False,False,0,0,0,0
336,2026-09-25T11:23:34.732429+00:00,2026-09-25T12:52:40.120886+00:00,94.00500000000001,True,False,False,False,True,False,False,False,True,False,False,False,False,False,False,False,False,False,False,False,False,False,False,False,True,True,False,False,True,True,False,False,False,False,False,False,False,False,False,True,False,False,True,False,False,False,False,False,False,False,False,False,False,False,True,False,True,False,False,True,True,True,False,True,False,False,False,False,True,True,True,True,True,True,False,False,False,False,False,0,0,0,0
337,2026-09-25T11:23:35.102614+00:00,2026-09-25T12:52:40.493907+00:00,101.006,True,False,False,False,True,False,False,False,True,False,False,False,False,False,False,False,False,False,False,False,False,False,False,False,True,True,False,False,True,True,False,False,False,False,False,False,False,False,False,True,False,False,True,False,False,False,False,False,False,False,False,False,False,False,True,False,True,False,False,True,True,True,False,True,False,False,False,False,True,True,True,True,True,True,False,False,False,False,False,0,0,0,0
338,2026-09-25T11:23:35.472148+00:00,2026-09-25T12:52:40.872929+00:00,108.006,True,False,False,False,True,False,False,False,True,False,False,False,False,False,False,False,False,False,False,False,False,False,False,False,True,True,False,False,True,True,False,False,False,False,False,False,False,False,False,True,False,False,True,False,False,False,False,False,False,False,False,False,False,False,True,False,True,False,False,True,True,True,False,True,False,False,False,False,True,True,True,True,True,True,False,False,False,False,False,0,0,0,0
339,2026-09-25T11:23:36.077948+00:00,2026-09-25T12:52:41.457962+00:00,260.014,True,False,False,False,True,False,False,False,True,False,False,False,False,False,False,False,False,False,False,False,False,False,False,False,True,True,False,False,True,True,False,False,False,False,False,False,False,False,False,True,False,False,True,False,False,False,False,False,False,False,False,False,False,False,True,False,True,False,False,True,True,True,False,True,False,False,False,False,True,True,True,True,True,True,False,False,False,False,False,0,0,0,0
340,2026-09-25T11:23:36.492997+00:00,2026-09-25T12:52:41.892987+00:00,129.007,True,False,False,False,True,False,False,False,True,False,False,False,False,False,False,False,False,False,False,False,False,False,False,False,True,True,False,False,True,True,False,False,False,False,False,False,False,False,False,True,False,False,True,False,False,False,False,False,False,False,False,False,False,False,True,False,True,False,False,True,True,True,False,True,False,False,False,False,True,True,True,True,True,True,False,False,False,False,False,0,0,0,0
341,2026-09-25T11:23:36.973949+00:00,2026-09-25T12:52:42.355014+00:00,181.011,True,False,False,False,True,False,False,False,True,False,False,False,False,False,False,False,False,False,False,False,False,False,False,False,True,True,False,False,True,True,False,False,False,False,False,False,False,False,False,True,False,False,True,False,False,False,False,False,False,False,False,False,False,False,True,False,True,False,False,True,True,True,False,True,False,False,False,False,True,True,True,True,True,True,False,False,False,False,False,0,0,0,0
342,2026-09-25T11:23:37.351307+00:00,2026-09-25T12:52:42.746036+00:00,93.00500000000001,True,False,False,False,True,False,False,False,True,False,False,False,False,False,False,False,False,False,False,False,False,False,False,False,True,True,False,False,True,True,False,False,False,False,False,False,False,False,False,True,False,False,True,False,False,False,False,False,False,False,False,False,False,False,True,False,True,False,False,True,True,True,False,True,False,False,False,False,True,True,True,True,True,True,False,False,False,False,False,0,0,0,0
343,2026-09-25T11:23:37.829623+00:00,2026-09-25T12:52:43.207062+00:00,178.01,True,False,False,False,True,False,False,False,True,False,False,False,False,False,False,False,False,False,False,False,False,False,False,False,True,True,False,False,True,True,False,False,False,False,False,False,False,False,False,True,False,False,True,False,False,False,False,False,False,False,False,False,False,False,True,False,True,False,False,True,True,True,False,True,False,False,False,False,True,True,True,True,True,True,False,False,False,False,False,0,0,0,0
344,2026-09-25T11:23:38.250440+00:00,2026-09-25T12:52:43.634087+00:00,91.005,True,False,False,False,True,False,False,False,True,False,False,False,False,False,False,False,False,False,False,False,False,False,False,False,True,True,False,False,True,True,False,False,False,False,False,False,False,False,False,True,False,False,True,False,False,False,False,False,False,False,False,False,False,False,True,False,True,False,False,True,True,True,False,True,False,False,False,False,True,True,True,True,True,True,False,False,False,False,False,0,0,0,0
345,2026-09-25T11:23:38.659117+00:00,2026-09-25T12:52:44.063111+00:00,91.005,True,False,False,False,True,False,False,False,True,False,False,False,False,False,False,False,False,False,False,False,False,False,False,False,True,True,False,False,True,True,False,False,False,False,False,False,False,False,False,True,False,False,True,False,False,False,False,False,False,False,False,False,False,False,True,False,True,False,False,True,True,True,False,True,False,False,False,False,True,True,True,True,True,True,False,False,False,False,False,0,0,0,0
346,2026-09-25T11:23:39.047826+00:00,2026-09-25T12:52:44.434133+00:00,90.006,True,False,False,False,True,False,False,False,True,False,False,False,False,False,False,False,False,False,False,False,False,False,False,False,True,True,False,False,True,True,False,False,False,False,False,False,False,False,False,True,False,False,True,False,False,False,False,False,False,False,False,False,False,False,True,False,True,False,False,True,True,True,False,True,False,False,False,False,True,True,True,True,True,True,False,False,False,False,False,0,0,0,0
347,2026-09-25T11:23:39.454210+00:00,2026-09-25T12:52:44.855157+00:00,93.006,True,False,False,False,True,False,False,False,True,False,False,False,False,False,False,False,False,False,False,False,False,False,False,False,True,True,False,False,True,True,False,False,False,False,False,False,False,False,False,True,False,False,True,False,False,False,False,False,False,False,False,False,False,False,True,False,True,False,False,True,True,True,False,True,False,False,False,False,True,True,True,True,True,True,False,False,False,False,False,1,0,0,0
348,2026-09-25T11:23:39.850526+00:00,2026-09-25T12:52:45.243179+00:00,96.006,True,False,False,False,True,False,False,False,True,False,False,False,False,False,False,False,False,False,False,False,False,False,False,False,True,True,False,False,True,True,False,False,False,False,False,False,False,False,False,True,False,False,True,False,False,False,False,False,False,False,False,False,False,False,True,False,True,False,False,True,True,True,False,True,False,False,False,False,True,True,True,True,True,True,False,False,False,False,False,0,0,0,0
349,2026-09-25T11:23:40.298123+00:00,2026-09-25T12:52:45.611200+00:00,95.00500000000001,True,False,False,False,True,False,False,False,True,False,False,False,False,False,False,False,False,False,False,False,False,False,False,False,True,True,False,False,True,True,False,False,False,False,False,False,False,False,False,True,False,False,True,False,False,False,False,False,False,False,False,False,False,False,True,False,True,False,False,True,True,True,False,True,False,False,False,False,True,True,True,True,True,True,False,False,False,False,False,0,0,0,0
350,2026-09-25T11:23:40.685192+00:00,2026-09-25T12:52:46.073226+00:00,112.006,True,False,False,False,True,False,False,False,True,False,False,False,False,False,False,False,False,False,False,False,False,False,False,False,True,True,False,False,True,True,False,False,False,False,False,False,False,False,False,True,False,False,True,False,False,False,False,False,False,False,False,False,False,False,True,False,True,False,False,True,True,True,False,True,False,False,False,False,True,True,True,True,True,True,False,False,False,False,False,0,0,0,0
351,2026-09-25T11:23:41.059481+00:00,2026-09-25T12:52:46.446248+00:00,99.006,True,False,False,False,True,False,False,False,True,False,False,False,False,False,False,False,False,False,False,False,False,False,False,False,True,True,False,False,True,True,False,False,False,False,False,False,False,False,False,True,False,False,True,False,False,False,False,False,False,False,False,False,False,False,True,False,True,False,False,True,True,True,False,True,False,False,False,False,True,True,True,True,True,True,False,False,False,False,False,0,0,0,0
352,2026-09-25T11:23:41.545654+00:00,2026-09-25T12:52:46.827270+00:00,104.006,True,False,False,False,True,False,False,False,True,False,False,False,False,False,False,False,False,False,False,False,False,False,False,False,True,True,False,False,True,True,False,False,False,False,False,False,False,False,False,True,False,False,True,False,False,False,False,False,False,False,False,False,False,False,True,False,True,False,False,True,True,True,False,True,False,False,False,False,True,True,True,True,True,True,False,False,False,False,False,0,0,0,0
353,2026-09-25T11:23:41.947598+00:00,2026-09-25T12:52:47.330298+00:00,122.007,True,False,False,False,True,False,False,False,True,False,False,False,False,False,False,False,False,False,False,False,False,False,False,False,True,True,False,False,True,True,False,False,False,False,False,False,False,False,False,True,False,False,True,False,False,False,False,False,False,False,False,False,False,False,True,False,True,False,False,True,True,True,False,True,False,False,False,False,True,True,True,True,True,True,False,False,False,False,False,0,0,0,0
354,2026-09-25T11:23:42.339808+00:00,2026-09-25T12:52:47.715320+00:00,101.005,True,False,False,False,True,False,False,False,True,False,False,False,False,False,False,False,False,False,False,False,False,False,False,False,True,True,False,False,True,True,False,False,False,False,False,False,False,False,False,True,False,False,True,False,False,False,False,False,False,False,False,False,False,False,True,False,True,False,False,True,True,True,False,True,False,False,False,False,True,True,True,True,True,True,False,False,False,False,False,0,0,0,0
355,2026-09-25T11:23:42.729613+00:00,2026-09-25T12:52:48.118343+00:00,109.006,True,False,False,False,True,False,False,False,True,False,False,False,False,False,False,False,False,False,False,False,False,False,False,False,True,True,False,False,True,True,False,False,False,False,False,False,False,False,False,True,False,False,True,False,False,False,False,False,False,False,False,False,False,False,True,False,True,False,False,True,True,True,False,True,False,False,False,False,True,True,True,True,True,True,False,False,False,False,False,0,0,0,0
356,2026-09-25T11:23:43.094961+00:00,2026-09-25T12:52:48.493365+00:00,102.006,True,False,False,False,True,False,False,False,True,False,False,False,False,False,False,False,False,False,False,False,False,False,False,False,True,True,False,False,True,True,False,False,False,False,False,False,False,False,False,True,False,False,True,False,False,False,False,False,False,False,False,False,False,False,True,False,True,False,False,True,True,True,False,True,False,False,False,False,True,True,True,True,True,True,False,False,False,False,False,0,0,0,0
357,2026-09-25T11:23:43.517451+00:00,2026-09-25T12:52:48.921389+00:00,91.005,True,False,False,False,True,False,False,False,True,False,False,False,False,False,False,False,False,False,False,False,False,False,False,False,True,True,False,False,True,True,False,False,False,False,False,False,False,False,False,True,False,False,True,False,False,False,False,False,False,False,False,False,False,False,True,False,True,False,False,True,True,True,False,True,False,False,False,False,True,True,True,True,True,True,False,False,False,False,False,0,0,0,0
358,2026-09-25T11:23:43.886800+00:00,2026-09-25T12:52:49.275410+00:00,95.006,True,False,False,False,True,False,False,False,True,False,False,False,False,False,False,False,False,False,False,False,False,False,False,False,True,True,False,False,True,True,False,False,False,False,False,False,False,False,False,True,False,False,True,False,False,False,False,False,False,False,False,False,False,False,True,False,True,False,False,True,True,True,False,True,False,False,False,False,True,True,True,True,True,True,False,False,False,False,False,0,0,0,0
359,2026-09-25T11:23:44.275263+00:00,2026-09-25T12:52:49.678433+00:00,127.00800000000001,True,False,False,False,True,False,False,False,True,False,False,False,False,False,False,False,False,False,False,False,False,False,False,False,True,True,False,False,True,True,False,False,False,False,False,False,False,False,False,True,False,False,True,False,False,False,False,False,False,False,False,False,False,False,True,False,True,False,False,True,True,True,False,True,False,False,False,False,True,True,True,True,True,True,False,False,False,False,False,0,0,0,0
360,2026-09-25T11:23:44.639339+00:00,2026-09-25T12:52:50.043453+00:00,97.005,True,False,False,False,True,False,False,False,True,False,False,False,False,False,False,False,False,False,False,False,False,False,False,False,True,True,False,False,True,True,False,False,False,False,False,False,False,False,False,True,False,False,True,False,False,False,False,False,False,False,False,False,False,False,True,False,True,False,False,True,True,True,False,True,False,False,False,False,True,True,True,True,True,True,False,False,False,False,False,0,0,0,0
361,2026-09-25T11:23:45.044887+00:00,2026-09-25T12:52:50.447477+00:00,146.009,True,False,False,False,True,False,False,False,True,False,False,False,False,False,False,False,False,False,False,False,False,False,False,False,True,True,False,False,True,True,False,False,False,False,False,False,False,False,False,True,False,False,True,False,False,False,False,False,False,False,False,False,False,False,True,False,True,False,False,True,True,True,False,True,False,False,False,False,True,True,True,True,True,True,False,False,False,False,False,0,0,0,0
362,2026-09-25T11:23:45.453536+00:00,2026-09-25T12:52:50.857500+00:00,100.006,True,False,False,False,True,False,False,False,True,False,False,False,False,False,False,False,False,False,False,False,False,False,False,False,True,True,False,False,True,True,False,False,False,False,False,False,False,False,False,True,False,False,True,False,False,False,False,False,False,False,False,False,False,False,True,False,True,False,False,True,True,True,False,True,False,False,False,False,True,True,True,True,True,True,False,False,False,False,False,0,0,0,0
363,2026-09-25T11:23:45.807041+00:00,2026-09-25T12:52:51.210520+00:00,99.005,True,False,False,False,True,False,False,False,True,False,False,False,False,False,False,False,False,False,False,False,False,False,False,False,True,True,False,False,True,True,False,False,False,False,False,False,False,False,False,True,False,False,True,False,False,False,False,False,False,False,False,False,False,False,True,False,True,False,False,True,True,True,False,True,False,False,False,False,True,True,True,True,True,True,False,False,False,False,False,0,0,0,0
364,2026-09-25T11:23:46.306683+00:00,2026-09-25T12:52:51.710549+00:00,208.012,True,False,False,False,True,False,False,False,True,False,False,False,False,False,False,False,False,False,False,False,False,False,False,False,True,True,False,False,True,True,False,False,False,False,False,False,False,False,False,True,False,False,True,False,False,False,False,False,False,False,False,False,False,False,True,False,True,False,False,True,True,True,False,True,False,False,False,False,True,True,True,True,True,True,False,False,False,False,False,0,0,0,0
365,2026-09-25T11:23:46.747085+00:00,2026-09-25T12:52:52.138573+00:00,153.008,True,False,False,False,True,False,False,False,True,False,False,False,False,False,False,False,False,False,False,False,False,False,False,False,True,True,False,False,True,True,False,False,False,False,False,False,False,False,False,True,False,False,True,False,False,False,False,False,False,False,False,False,False,False,True,False,True,False,False,True,True,True,False,True,False,False,False,False,True,True,True,True,True,True,False,False,False,False,False,0,0,0,0
366,2026-09-25T11:23:47.148806+00:00,2026-09-25T12:52:52.552597+00:00,87.005,True,False,False,False,True,False,False,False,True,False,False,False,False,False,False,False,False,False,False,False,False,False,False,False,True,True,False,False,True,True,False,False,False,False,False,False,False,False,False,True,False,False,True,False,False,False,False,False,False,False,False,False,False,False,True,False,True,False,False,True,True,True,False,True,False,False,False,False,True,True,True,True,True,True,False,False,False,False,False,0,0,0,0
367,2026-09-25T11:23:47.501506+00:00,2026-09-25T12:52:52.898617+00:00,91.005,True,False,False,False,True,False,False,False,True,False,False,False,False,False,False,False,False,False,False,False,False,False,False,False,True,True,False,False,True,True,False,False,False,False,False,False,False,False,False,True,False,False,True,False,False,False,False,False,False,False,False,False,False,False,True,False,True,False,False,True,True,True,False,True,False,False,False,False,True,True,True,True,True,True,False,False,False,False,False,0,0,0,0
368,2026-09-25T11:23:47.868588+00:00,2026-09-25T12:52:53.262638+00:00,99.006,True,False,False,False,True,False,False,False,True,False,False,False,False,False,False,False,False,False,False,False,False,False,False,False,True,True,False,False,True,True,False,False,False,False,False,False,False,False,False,True,False,False,True,False,False,False,False,False,False,False,False,False,False,False,True,False,True,False,False,True,True,True,False,True,False,False,False,False,True,True,True,True,True,True,False,False,False,False,False,0,0,0,0
369,2026-09-25T11:23:48.237078+00:00,2026-09-25T12:52:53.639659+00:00,108.006,True,False,False,False,True,False,False,False,True,False,False,False,False,False,False,False,False,False,False,False,False,False,False,False,True,True,False,False,True,True,False,False,False,False,False,False,False,False,False,True,False,False,True,False,False,False,False,False,False,False,False,False,False,False,True,False,True,False,False,True,True,True,False,True,False,False,False,False,True,True,True,True,True,True,False,False,False,False,False,0,0,0,0
370,2026-09-25T11:23:48.632843+00:00,2026-09-25T12:52:54.036682+00:00,92.00500000000001,True,False,False,False,True,False,False,False,True,False,False,False,False,False,False,False,False,False,False,False,False,False,False,False,True,True,False,False,True,True,False,False,False,False,False,False,False,False,False,True,False,False,True,False,False,False,False,False,False,False,False,False,False,False,True,False,True,False,False,True,True,True,False,True,False,False,False,False,True,True,True,True,True,True,False,False,False,False,False,1,0,0,0
371,2026-09-25T11:23:48.990853+00:00,2026-09-25T12:52:54.390702+00:00,89.005,True,False,False,False,True,False,False,False,True,False,False,False,False,False,False,False,False,False,False,False,False,False,False,False,True,True,False,False,True,True,False,False,False,False,False,False,False,False,False,True,False,False,True,False,False,False,False,False,False,False,False,False,False,False,True,False,True,False,False,True,True,True,False,True,False,False,False,False,True,True,True,True,True,True,False,False,False,False,False,0,0,0,0
372,2026-09-25T11:23:49.400400+00:00,2026-09-25T12:52:54.739722+00:00,92.00500000000001,True,False,False,False,True,False,False,False,True,False,False,False,False,False,False,False,False,False,False,False,False,False,False,False,True,True,False,False,True,True,False,False,False,False,False,False,False,False,False,True,False,False,True,False,False,False,False,False,False,False,False,False,False,False,True,False,True,False,False,True,True,True,False,True,False,False,False,False,True,True,True,True,True,True,False,False,False,False,False,0,0,0,0
373,2026-09-25T11:23:49.805810+00:00,2026-09-25T12:52:55.179747+00:00,92.00500000000001,True,False,False,False,True,False,False,False,True,False,False,False,False,False,False,False,False,False,False,False,False,False,False,False,True,True,False,False,True,True,False,False,False,False,False,False,False,False,False,True,False,False,True,False,False,False,False,False,False,False,False,False,False,False,True,False,True,False,False,True,True,True,False,True,False,False,False,False,True,True,True,True,True,True,False,False,False,False,False,0,0,0,0
374,2026-09-25T11:23:50.149310+00:00,2026-09-25T12:52:55.549768+00:00,86.005,True,False,False,False,True,False,False,False,True,False,False,False,False,False,False,False,False,False,False,False,False,False,False,False,True,True,False,False,True,True,False,False,False,False,False,False,False,False,False,True,False,False,True,False,False,False,False,False,False,False,False,False,False,False,True,False,True,False,False,True,True,True,False,True,False,False,False,False,True,True,True,True,True,True,False,False,False,False,False,0,0,0,0
375,2026-09-25T11:23:50.570842+00:00,2026-09-25T12:52:55.895788+00:00,89.005,True,False,False,False,True,False,False,False,True,False,False,False,False,False,False,False,False,False,False,False,False,False,False,False,True,True,False,False,True,True,False,False,False,False,False,False,False,False,False,True,False,False,True,False,False,False,False,False,False,False,False,False,False,False,True,False,True,False,False,True,True,True,False,True,False,False,False,False,True,True,True,True,True,True,False,False,False,False,False,0,0,0,0
376,2026-09-25T11:23:50.924235+00:00,2026-09-25T12:52:56.318812+00:00,91.005,True,False,False,False,True,False,False,False,True,False,False,False,False,False,False,False,False,False,False,False,False,False,False,False,True,True,False,False,True,True,False,False,False,False,False,False,False,False,False,True,False,False,True,False,False,False,False,False,False,False,False,False,False,False,True,False,True,False,False,True,True,True,False,True,False,False,False,False,True,True,True,True,True,True,False,False,False,False,False,0,0,0,0
377,2026-09-25T11:23:51.264178+00:00,2026-09-25T12:52:56.667832+00:00,87.005,True,False,False,False,True,False,False,False,True,False,False,False,False,False,False,False,False,False,False,False,False,False,False,False,True,True,False,False,True,True,False,False,False,False,False,False,False,False,False,True,False,False,True,False,False,False,False,False,False,False,False,False,False,False,True,False,True,False,False,True,True,True,False,True,False,False,False,False,True,True,True,True,True,True,False,False,False,False,False,0,0,0,0
378,2026-09-25T11:23:51.655368+00:00,2026-09-25T12:52:57.050854+00:00,116.006,True,False,False,False,True,False,False,False,True,False,False,False,False,False,False,False,False,False,False,False,False,False,False,False,True,True,False,False,True,True,False,False,False,False,False,False,False,False,False,True,False,False,True,False,False,False,False,False,False,False,False,False,False,False,True,False,True,False,False,True,True,True,False,True,False,False,False,False,True,True,True,True,True,True,False,False,False,False,False,0,0,0,0
379,2026-09-25T11:23:52.026298+00:00,2026-09-25T12:52:57.419875+00:00,99.005,True,False,False,False,True,False,False,False,True,False,False,False,False,False,False,False,False,False,False,False,False,False,False,False,True,True,False,False,True,True,False,False,False,False,False,False,False,False,False,True,False,False,True,False,False,False,False,False,False,False,False,False,False,False,True,False,True,False,False,True,True,True,False,True,False,False,False,False,True,True,True,True,True,True,False,False,False,False,False,0,0,0,0
380,2026-09-25T11:23:52.423505+00:00,2026-09-25T12:52:57.823898+00:00,115.006,True,False,False,False,True,False,False,False,True,False,False,False,False,False,False,False,False,False,False,False,False,False,False,False,True,True,False,False,True,True,False,False,False,False,False,False,False,False,False,True,False,False,True,False,False,False,False,False,False,False,False,False,False,False,True,False,True,False,False,True,True,True,False,True,False,False,False,False,True,True,True,True,True,True,False,False,False,False,False,0,0,0,0
381,2026-09-25T11:23:52.794914+00:00,2026-09-25T12:52:58.183919+00:00,88.005,True,False,False,False,True,False,False,False,True,False,False,False,False,False,False,False,False,False,False,False,False,False,False,False,True,True,False,False,True,True,False,False,False,False,False,False,False,False,False,True,False,False,True,False,False,False,False,False,False,False,False,False,False,False,True,False,True,False,False,True,True,True,False,True,False,False,False,False,True,True,True,True,True,True,False,False,False,False,False,0,0,0,0
382,2026-09-25T11:23:53.164236+00:00,2026-09-25T12:52:58.555940+00:00,94.00500000000001,True,False,False,False,True,False,False,False,True,False,False,False,False,False,False,False,False,False,False,False,False,False,False,False,True,True,False,False,True,True,False,False,False,False,False,False,False,False,False,True,False,False,True,False,False,False,False,False,False,False,False,False,False,False,True,False,True,False,False,True,True,True,False,True,False,False,False,False,True,True,True,True,True,True,False,False,False,False,False,0,0,0,0
382,2026-09-25T11:23:53.164236+00:00,2026-09-25T12:52:58.555940+00:00,94.00500000000001,True,False,False,False,True,False,False,False,True,False,False,False,False,False,False,False,False,False,False,False,False,False,False,False,True,True,False,False,True,True,False,False,False,False,False,False,False,False,False,True,False,False,True,False,False,False,False,False,False,False,False,False,False,False,True,False,True,False,False,True,True,True,False,True,False,False,False,False,True,True,True,True,True,True,False,False,False,False,False,0,0,0,0
383,2026-09-25T11:23:53.590277+00:00,2026-09-25T12:52:58.929962+00:00,85.005,True,False,False,False,True,False,False,False,True,False,False,False,False,False,False,False,False,False,False,False,False,False,False,False,True,True,False,False,True,True,False,False,False,False,False,False,False,False,False,True,False,False,True,False,False,False,False,False,False,False,False,False,False,False,True,False,True,False,False,True,True,True,False,True,False,False,False,False,True,True,True,True,True,True,False,False,False,False,False,0,0,0,0
384,2026-09-25T11:23:53.936690+00:00,2026-09-25T12:52:59.339985+00:00,92.00500000000001,True,False,False,False,True,False,False,False,True,False,False,False,False,False,False,False,False,False,False,False,False,False,False,False,True,True,False,False,True,True,False,False,False,False,False,False,False,False,False,True,False,False,True,False,False,False,False,False,False,False,False,False,False,False,True,False,True,False,False,True,True,True,False,True,False,False,False,False,True,True,True,True,True,True,False,False,False,False,False,0,0,0,0
385,2026-09-25T11:23:54.290717+00:00,2026-09-25T12:52:59.694005+00:00,98.005,True,False,False,False,True,False,False,False,True,False,False,False,False,False,False,False,False,False,False,False,False,False,False,False,True,True,False,False,True,True,False,False,False,False,False,False,False,False,False,True,False,False,True,False,False,False,False,False,False,False,False,False,False,False,True,False,True,False,False,True,True,True,False,True,False,False,False,False,True,True,True,True,True,True,False,False,False,False,False,0,0,0,0
386,2026-09-25T11:23:54.638634+00:00,2026-09-25T12:53:00.042025+00:00,93.00500000000001,True,False,False,False,True,False,False,False,True,False,False,False,False,False,False,False,False,False,False,False,False,False,False,False,True,True,False,False,True,True,False,False,False,False,False,False,False,False,False,True,False,False,True,False,False,False,False,False,False,False,False,False,False,False,True,False,True,False,False,True,True,True,False,True,False,False,False,False,True,True,True,True,True,True,False,False,False,False,False,0,0,0,0
387,2026-09-25T11:23:55.086024+00:00,2026-09-25T12:53:00.427047+00:00,93.00500000000001,True,False,False,False,True,False,False,False,True,False,False,False,False,False,False,False,False,False,False,False,False,False,False,False,True,True,False,False,True,True,False,False,False,False,False,False,False,False,False,True,False,False,True,False,False,False,False,False,False,False,False,False,False,False,True,False,True,False,False,True,True,True,False,True,False,False,False,False,True,True,True,True,True,True,False,False,False,False,False,0,0,0,0
388,2026-09-25T11:23:55.450042+00:00,2026-09-25T12:53:00.847071+00:00,96.005,True,False,False,False,True,False,False,False,True,False,False,False,False,False,False,False,False,False,False,False,False,False,False,False,True,True,False,False,True,True,False,False,False,False,False,False,False,False,False,True,False,False,True,False,False,False,False,False,False,False,False,False,False,False,True,False,True,False,False,True,True,True,False,True,False,False,False,False,True,True,True,True,True,True,False,False,False,False,False,0,0,0,0
389,2026-09-25T11:23:55.844923+00:00,2026-09-25T12:53:01.248094+00:00,107.006,True,False,False,False,True,False,False,False,True,False,False,False,False,False,False,False,False,False,False,False,False,False,False,False,True,True,False,False,True,True,False,False,False,False,False,False,False,False,False,True,False,False,True,False,False,False,False,False,False,False,False,False,False,False,True,False,True,False,False,True,True,True,False,True,False,False,False,False,True,True,True,True,True,True,False,False,False,False,False,0,0,0,0
390,2026-09-25T11:23:56.259686+00:00,2026-09-25T12:53:01.658118+00:00,125.007,True,False,False,False,True,False,False,False,True,False,False,False,False,False,False,False,False,False,False,False,False,False,False,False,True,True,False,False,True,True,False,False,False,False,False,False,False,False,False,True,False,False,True,False,False,False,False,False,False,False,False,False,False,False,True,False,True,False,False,True,True,True,False,True,False,False,False,False,True,True,True,True,True,True,False,False,False,False,False,0,0,0,0
391,2026-09-25T11:23:56.775028+00:00,2026-09-25T12:53:02.170147+00:00,192.011,True,False,False,False,True,False,False,False,True,False,False,False,False,False,False,False,False,False,False,False,False,False,False,False,True,True,False,False,True,True,False,False,False,False,False,False,False,False,False,True,False,False,True,False,False,False,False,False,False,False,False,False,False,False,True,False,True,False,False,True,True,True,False,True,False,False,False,False,True,True,True,True,True,True,False,False,False,False,False,0,0,0,0
392,2026-09-25T11:23:57.238292+00:00,2026-09-25T12:53:02.607172+00:00,131.007,True,False,False,False,True,False,False,False,True,False,False,False,False,False,False,False,False,False,False,False,False,False,False,False,True,True,False,False,True,True,False,False,False,False,False,False,False,False,False,True,False,False,True,False,False,False,False,False,False,False,False,False,False,False,True,False,True,False,False,True,True,True,False,True,False,False,False,False,True,True,True,True,True,True,False,False,False,False,False,0,0,0,0
393,2026-09-25T11:23:57.605045+00:00,2026-09-25T12:53:02.994194+00:00,98.005,True,False,False,False,True,False,False,False,True,False,False,False,False,False,False,False,False,False,False,False,False,False,False,False,True,True,False,False,True,True,False,False,False,False,False,False,False,False,False,True,False,False,True,False,False,False,False,False,False,False,False,False,False,False,True,False,True,False,False,True,True,True,False,True,False,False,False,False,True,True,True,True,True,True,False,False,False,False,False,0,0,0,0
394,2026-09-25T11:23:57.984639+00:00,2026-09-25T12:53:03.385217+00:00,93.006,True,False,False,False,True,False,False,False,True,False,False,False,False,False,False,False,False,False,False,False,False,False,False,False,True,True,False,False,True,True,False,False,False,False,False,False,False,False,False,True,False,False,True,False,False,False,False,False,False,False,False,False,False,False,True,False,True,False,False,True,True,True,False,True,False,False,False,False,True,True,True,True,True,True,False,False,False,False,False,0,0,0,0
395,2026-09-25T11:23:58.408321+00:00,2026-09-25T12:53:03.753238+00:00,109.007,True,False,False,False,True,False,False,False,True,False,False,False,False,False,False,False,False,False,False,False,False,False,False,False,True,True,False,False,True,True,False,False,False,False,False,False,False,False,False,True,False,False,True,False,False,False,False,False,False,False,False,False,False,False,True,False,True,False,False,True,True,True,False,True,False,False,False,False,True,True,True,True,True,True,False,False,False,False,False,0,0,0,0
396,2026-09-25T11:23:58.792611+00:00,2026-09-25T12:53:04.168261+00:00,99.005,True,False,False,False,True,False,False,False,True,False,False,False,False,False,False,False,False,False,False,False,False,False,False,False,True,True,False,False,True,True,False,False,False,False,False,False,False,False,False,True,False,False,True,False,False,False,False,False,False,False,False,False,False,False,True,False,True,False,False,True,True,True,False,True,False,False,False,False,True,True,True,True,True,True,False,False,False,False,False,0,0,0,0
397,2026-09-25T11:23:59.159794+00:00,2026-09-25T12:53:04.545283+00:00,96.006,True,False,False,False,True,False,False,False,True,False,False,False,False,False,False,False,False,False,False,False,False,False,False,False,True,True,False,False,True,True,False,False,False,False,False,False,False,False,False,True,False,False,True,False,False,False,False,False,False,False,False,False,False,False,True,False,True,False,False,True,True,True,False,True,False,False,False,False,True,True,True,True,True,True,False,False,False,False,False,0,0,0,0
398,2026-09-25T11:23:59.537648+00:00,2026-09-25T12:53:04.920304+00:00,98.005,True,False,False,False,True,False,False,False,True,False,False,False,False,False,False,False,False,False,False,False,False,False,False,False,True,True,False,False,True,True,False,False,False,False,False,False,False,False,False,True,False,False,True,False,False,False,False,False,False,False,False,False,False,False,True,False,True,False,False,True,True,True,False,True,False,False,False,False,True,True,True,True,True,True,False,False,False,False,False,0,0,0,0
399,2026-09-25T11:23:59.958745+00:00,2026-09-25T12:53:05.361330+00:00,93.006,True,False,False,False,True,False,False,False,True,False,False,False,False,False,False,False,False,False,False,False,False,False,False,False,True,True,False,False,True,True,False,False,False,False,False,False,False,False,False,True,False,False,True,False,False,False,False,False,False,False,False,False,False,False,True,False,True,False,False,True,True,True,False,True,False,False,False,False,True,True,True,True,True,True,False,False,False,False,False,0,0,0,0
400,2026-09-25T11:24:00.339310+00:00,2026-09-25T12:53:05.740351+00:00,122.007,True,False,False,False,True,False,False,False,True,False,False,False,False,False,False,False,False,False,False,False,False,False,False,False,True,True,False,False,True,True,False,False,False,False,False,False,False,False,False,True,False,False,True,False,False,False,False,False,False,False,False,False,False,False,True,False,True,False,False,True,True,True,False,True,False,False,False,False,True,True,True,True,True,True,False,False,False,False,False,0,0,0,0
401,2026-09-25T11:24:00.855255+00:00,2026-09-25T12:53:06.136374+00:00,139.00799999999998,True,False,False,False,True,False,False,False,True,False,False,False,False,False,False,False,False,False,False,False,False,False,False,False,True,True,False,False,True,True,False,False,False,False,False,False,False,False,False,True,False,False,True,False,False,False,False,False,False,False,False,False,False,False,True,False,True,False,False,True,True,True,False,True,False,False,False,False,True,True,True,True,True,True,False,False,False,False,False,0,0,0,0
402,2026-09-25T11:24:01.270732+00:00,2026-09-25T12:53:06.644403+00:00,121.007,True,False,False,False,True,False,False,False,True,False,False,False,False,False,False,False,False,False,False,False,False,False,False,False,True,True,False,False,True,True,False,False,False,False,False,False,False,False,False,True,False,False,True,False,False,False,False,False,False,False,False,False,False,False,True,False,True,False,False,True,True,True,False,True,False,False,False,False,True,True,True,True,True,True,False,False,False,False,False,0,0,0,0
403,2026-09-25T11:24:01.673665+00:00,2026-09-25T12:53:07.069427+00:00,142.00799999999998,True,False,False,False,True,False,False,False,True,False,False,False,False,False,False,False,False,False,False,False,False,False,False,False,True,True,False,False,True,True,False,False,False,False,False,False,False,False,False,True,False,False,True,False,False,False,False,False,False,False,False,False,False,False,True,False,True,False,False,True,True,True,False,True,False,False,False,False,True,True,True,True,True,True,False,False,False,False,False,0,0,0,0
404,2026-09-25T11:24:02.066297+00:00,2026-09-25T12:53:07.438448+00:00,105.006,True,False,False,False,True,False,False,False,True,False,False,False,False,False,False,False,False,False,False,False,False,False,False,False,True,True,False,False,True,True,False,False,False,False,False,False,False,False,False,True,False,False,True,False,False,False,False,False,False,False,False,False,False,False,True,False,True,False,False,True,True,True,False,True,False,False,False,False,True,True,True,True,True,True,False,False,False,False,False,0,0,0,0
405,2026-09-25T11:24:02.450161+00:00,2026-09-25T12:53:07.823470+00:00,97.005,True,False,False,False,True,False,False,False,True,False,False,False,False,False,False,False,False,False,False,False,False,False,False,False,True,True,False,False,True,True,False,False,False,False,False,False,False,False,False,True,False,False,True,False,False,False,False,False,False,False,False,False,False,False,True,False,True,False,False,True,True,True,False,True,False,False,False,False,True,True,True,True,True,True,False,False,False,False,False,0,0,0,0
406,2026-09-25T11:24:02.841442+00:00,2026-09-25T12:53:08.244495+00:00,100.006,True,False,False,False,True,False,False,False,True,False,False,False,False,False,False,False,False,False,False,False,False,False,False,False,True,True,False,False,True,True,False,False,False,False,False,False,False,False,False,True,False,False,True,False,False,False,False,False,False,False,False,False,False,False,True,False,True,False,False,True,True,True,False,True,False,False,False,False,True,True,True,True,True,True,False,False,False,False,False,0,0,0,0
407,2026-09-25T11:24:03.188454+00:00,2026-09-25T12:53:08.590514+00:00,90.005,True,False,False,False,True,False,False,False,True,False,False,False,False,False,False,False,False,False,False,False,False,False,False,False,True,True,False,False,True,True,False,False,False,False,False,False,False,False,False,True,False,False,True,False,False,False,False,False,False,False,False,False,False,False,True,False,True,False,False,True,True,True,False,True,False,False,False,False,True,True,True,True,True,True,False,False,False,False,False,0,0,0,0
408,2026-09-25T11:24:03.653720+00:00,2026-09-25T12:53:08.945535+00:00,96.006,True,False,False,False,True,False,False,False,True,False,False,False,False,False,False,False,False,False,False,False,False,False,False,False,True,True,False,False,True,True,False,False,False,False,False,False,False,False,False,True,False,False,True,False,False,False,False,False,False,False,False,False,False,False,True,False,True,False,False,True,True,True,False,True,False,False,False,False,True,True,True,True,True,True,False,False,False,False,False,0,0,0,0
409,2026-09-25T11:24:04.078602+00:00,2026-09-25T12:53:09.419562+00:00,105.006,True,False,False,False,True,False,False,False,True,False,False,False,False,False,False,False,False,False,False,False,False,False,False,False,True,True,False,False,True,True,False,False,False,False,False,False,False,False,False,True,False,False,True,False,False,False,False,False,False,False,False,False,False,False,True,False,True,False,False,True,True,True,False,True,False,False,False,False,True,True,True,True,True,True,False,False,False,False,False,0,0,0,0
410,2026-09-25T11:24:04.468420+00:00,2026-09-25T12:53:09.842586+00:00,99.006,True,False,False,False,True,False,False,False,True,False,False,False,False,False,False,False,False,False,False,False,False,False,False,False,True,True,False,False,True,True,False,False,False,False,False,False,False,False,False,True,False,False,True,False,False,False,False,False,False,False,False,False,False,False,True,False,True,False,False,True,True,True,False,True,False,False,False,False,True,True,True,True,True,True,False,False,False,False,False,0,0,0,0
411,2026-09-25T11:24:04.914578+00:00,2026-09-25T12:53:10.302612+00:00,107.006,True,False,False,False,True,False,False,False,True,False,False,False,False,False,False,False,False,False,False,False,False,False,False,False,True,True,False,False,True,True,False,False,False,False,False,False,False,False,False,True,False,False,True,False,False,False,False,False,False,False,False,False,False,False,True,False,True,False,False,True,True,True,False,True,False,False,False,False,True,True,True,True,True,True,False,False,False,False,False,0,0,0,0
412,2026-09-25T11:24:05.299819+00:00,2026-09-25T12:53:10.700635+00:00,87.005,True,False,False,False,True,False,False,False,True,False,False,False,False,False,False,False,False,False,False,False,False,False,False,False,True,True,False,False,True,True,False,False,False,False,False,False,False,False,False,True,False,False,True,False,False,False,False,False,False,False,False,False,False,False,True,False,True,False,False,True,True,True,False,True,False,False,False,False,True,True,True,True,True,True,False,False,False,False,False,0,0,0,0
413,2026-09-25T11:24:05.734873+00:00,2026-09-25T12:53:11.137660+00:00,102.006,True,False,False,False,True,False,False,False,True,False,False,False,False,False,False,False,False,False,False,False,False,False,False,False,True,True,False,False,True,True,False,False,False,False,False,False,False,False,False,True,False,False,True,False,False,False,False,False,False,False,False,False,False,False,True,False,True,False,False,True,True,True,False,True,False,False,False,False,True,True,True,True,True,True,False,False,False,False,False,0,0,0,0
414,2026-09-25T11:24:06.110662+00:00,2026-09-25T12:53:11.506681+00:00,110.006,True,False,False,False,True,False,False,False,True,False,False,False,False,False,False,False,False,False,False,False,False,False,False,False,True,True,False,False,True,True,False,False,False,False,False,False,False,False,False,True,False,False,True,False,False,False,False,False,False,False,False,False,False,False,True,False,True,False,False,True,True,True,False,True,False,False,False,False,True,True,True,True,True,True,False,False,False,False,False,0,0,0,0
415,2026-09-25T11:24:06.483848+00:00,2026-09-25T12:53:11.886703+00:00,102.006,True,False,False,False,True,False,False,False,True,False,False,False,False,False,False,False,False,False,False,False,False,False,False,False,True,True,False,False,True,True,False,False,False,False,False,False,False,False,False,True,False,False,True,False,False,False,False,False,False,False,False,False,False,False,True,False,True,False,False,True,True,True,False,True,False,False,False,False,True,True,True,True,True,True,False,False,False,False,False,0,0,0,0
416,2026-09-25T11:24:06.941115+00:00,2026-09-25T12:53:12.320728+00:00,180.011,True,False,False,False,True,False,False,False,True,False,False,False,False,False,False,False,False,False,False,False,False,False,False,False,True,True,False,False,True,True,False,False,False,False,False,False,False,False,False,True,False,False,True,False,False,False,False,False,False,False,False,False,False,False,True,False,True,False,False,True,True,True,False,True,False,False,False,False,True,True,True,True,True,True,False,False,False,False,False,0,0,0,0
417,2026-09-25T11:24:07.329035+00:00,2026-09-25T12:53:12.724751+00:00,125.007,True,False,False,False,True,False,False,False,True,False,False,False,False,False,False,False,False,False,False,False,False,False,False,False,True,True,False,False,True,True,False,False,False,False,False,False,False,False,False,True,False,False,True,False,False,False,False,False,False,False,False,False,False,False,True,False,True,False,False,True,True,True,False,True,False,False,False,False,True,True,True,True,True,True,False,False,False,False,False,0,0,0,0
418,2026-09-25T11:24:07.691647+00:00,2026-09-25T12:53:13.078771+00:00,93.00500000000001,True,False,False,False,True,False,False,False,True,False,False,False,False,False,False,False,False,False,False,False,False,False,False,False,True,True,False,False,True,True,False,False,False,False,False,False,False,False,False,True,False,False,True,False,False,False,False,False,False,False,False,False,False,False,True,False,True,False,False,True,True,True,False,True,False,False,False,False,True,True,True,True,True,True,False,False,False,False,False,0,0,0,0
419,2026-09-25T11:24:08.046706+00:00,2026-09-25T12:53:13.448792+00:00,96.005,True,False,False,False,True,False,False,False,True,False,False,False,False,False,False,False,False,False,False,False,False,False,False,False,True,True,False,False,True,True,False,False,False,False,False,False,False,False,False,True,False,False,True,False,False,False,False,False,False,False,False,False,False,False,True,False,True,False,False,True,True,True,False,True,False,False,False,False,True,True,True,True,True,True,False,False,False,False,False,0,0,0,0
420,2026-09-25T11:24:08.524103+00:00,2026-09-25T12:53:13.840815+00:00,95.006,True,False,False,False,True,False,False,False,True,False,False,False,False,False,False,False,False,False,False,False,False,False,False,False,True,True,False,False,True,True,False,False,False,False,False,False,False,False,False,True,False,False,True,False,False,False,False,False,False,False,False,False,False,False,True,False,True,False,False,True,True,True,False,True,False,False,False,False,True,True,True,True,True,True,False,False,False,False,False,0,0,0,0
421,2026-09-25T11:24:08.878440+00:00,2026-09-25T12:53:14.278840+00:00,96.006,True,False,False,False,True,False,False,False,True,False,False,False,False,False,False,False,False,False,False,False,False,False,False,False,True,True,False,False,True,True,False,False,False,False,False,False,False,False,False,True,False,False,True,False,False,False,False,False,False,False,False,False,False,False,True,False,True,False,False,True,True,True,False,True,False,False,False,False,True,True,True,True,True,True,False,False,False,False,False,0,0,0,0
422,2026-09-25T11:24:09.268880+00:00,2026-09-25T12:53:14.666862+00:00,84.005,True,False,False,False,True,False,False,False,True,False,False,False,False,False,False,False,False,False,False,False,False,False,False,False,True,True,False,False,True,True,False,False,False,False,False,False,False,False,False,True,False,False,True,False,False,False,False,False,False,False,False,False,False,False,True,False,True,False,False,True,True,True,False,True,False,False,False,False,True,True,True,True,True,True,False,False,False,False,False,0,0,0,0
423,2026-09-25T11:24:09.690751+00:00,2026-09-25T12:53:15.092886+00:00,156.00900000000001,True,False,False,False,True,False,False,False,True,False,False,False,False,False,False,False,False,False,False,False,False,False,False,False,True,True,False,False,True,True,False,False,False,False,False,False,False,False,False,True,False,False,True,False,False,False,False,False,False,False,False,False,False,False,True,False,True,False,False,True,True,True,False,True,False,False,False,False,True,True,True,True,True,True,False,False,False,False,False,0,0,0,0
424,2026-09-25T11:24:10.079231+00:00,2026-09-25T12:53:15.470908+00:00,109.006,True,False,False,False,True,False,False,False,True,False,False,False,False,False,False,False,False,False,False,False,False,False,False,False,True,True,False,False,True,True,False,False,False,False,False,False,False,False,False,True,False,False,True,False,False,False,False,False,False,False,False,False,False,False,True,False,True,False,False,True,True,True,False,True,False,False,False,False,True,True,True,True,True,True,False,False,False,False,False,0,0,0,0
425,2026-09-25T11:24:10.449311+00:00,2026-09-25T12:53:15.829928+00:00,87.005,True,False,False,False,True,False,False,False,True,False,False,False,False,False,False,False,False,False,False,False,False,False,False,False,True,True,False,False,True,True,False,False,False,False,False,False,False,False,False,True,False,False,True,False,False,False,False,False,False,False,False,False,False,False,True,False,True,False,False,True,True,True,False,True,False,False,False,False,True,True,True,True,True,True,False,False,False,False,False,0,0,0,0
426,2026-09-25T11:24:10.880213+00:00,2026-09-25T12:53:16.276954+00:00,162.009,True,False,False,False,True,False,False,False,True,False,False,False,False,False,False,False,False,False,False,False,False,False,False,False,True,True,False,False,True,True,False,False,False,False,False,False,False,False,False,True,False,False,True,False,False,False,False,False,False,False,False,False,False,False,True,False,True,False,False,True,True,True,False,True,False,False,False,False,True,True,True,True,True,True,False,False,False,False,False,0,0,0,0
427,2026-09-25T11:24:11.244368+00:00,2026-09-25T12:53:16.632974+00:00,95.00500000000001,True,False,False,False,True,False,False,False,True,False,False,False,False,False,False,False,False,False,False,False,False,False,False,False,True,True,False,False,True,True,False,False,False,False,False,False,False,False,False,True,False,False,True,False,False,False,False,False,False,False,False,False,False,False,True,False,True,False,False,True,True,True,False,True,False,False,False,False,True,True,True,True,True,True,False,False,False,False,False,1,0,0,0
428,2026-09-25T11:24:11.639933+00:00,2026-09-25T12:53:16.994995+00:00,93.00500000000001,True,False,False,False,True,False,False,False,True,False,False,False,False,False,False,False,False,False,False,False,False,False,False,False,True,True,False,False,True,True,False,False,False,False,False,False,False,False,False,True,False,False,True,False,False,False,False,False,False,False,False,False,False,False,True,False,True,False,False,True,True,True,False,True,False,False,False,False,True,True,True,True,True,True,False,False,False,False,False,0,0,0,0
429,2026-09-25T11:24:12.028107+00:00,2026-09-25T12:53:17.418019+00:00,99.005,True,False,False,False,True,False,False,False,True,False,False,False,False,False,False,False,False,False,False,False,False,False,False,False,True,True,False,False,True,True,False,False,False,False,False,False,False,False,False,True,False,False,True,False,False,False,False,False,False,False,False,False,False,False,True,False,True,False,False,True,True,True,False,True,False,False,False,False,True,True,True,True,True,True,False,False,False,False,False,0,0,0,0
430,2026-09-25T11:24:12.416491+00:00,2026-09-25T12:53:17.819042+00:00,88.005,True,False,False,False,True,False,False,False,True,False,False,False,False,False,False,False,False,False,False,False,False,False,False,False,True,True,False,False,True,True,False,False,False,False,False,False,False,False,False,True,False,False,True,False,False,False,False,False,False,False,False,False,False,False,True,False,True,False,False,True,True,True,False,True,False,False,False,False,True,True,True,True,True,True,False,False,False,False,False,0,0,0,0
431,2026-09-25T11:24:12.788217+00:00,2026-09-25T12:53:18.180063+00:00,106.006,True,False,False,False,True,False,False,False,True,False,False,False,False,False,False,False,False,False,False,False,False,False,False,False,True,True,False,False,True,True,False,False,False,False,False,False,False,False,False,True,False,False,True,False,False,False,False,False,False,False,False,False,False,False,True,False,True,False,False,True,True,True,False,True,False,False,False,False,True,True,True,True,True,True,False,False,False,False,False,0,0,0,0
432,2026-09-25T11:24:13.206812+00:00,2026-09-25T12:53:18.566085+00:00,110.006,True,False,False,False,True,False,False,False,True,False,False,False,False,False,False,False,False,False,False,False,False,False,False,False,True,True,False,False,True,True,False,False,False,False,False,False,False,False,False,True,False,False,True,False,False,False,False,False,False,False,False,False,False,False,True,False,True,False,False,True,True,True,False,True,False,False,False,False,True,True,True,True,True,True,False,False,False,False,False,0,0,0,0
433,2026-09-25T11:24:13.630648+00:00,2026-09-25T12:53:18.963108+00:00,99.006,True,False,False,False,True,False,False,False,True,False,False,False,False,False,False,False,False,False,False,False,False,False,False,False,True,True,False,False,True,True,False,False,False,False,False,False,False,False,False,True,False,False,True,False,False,False,False,False,False,False,False,False,False,False,True,False,True,False,False,True,True,True,False,True,False,False,False,False,True,True,True,True,True,True,False,False,False,False,False,0,0,0,0
434,2026-09-25T11:24:14.188433+00:00,2026-09-25T12:53:19.561142+00:00,195.011,True,False,False,False,True,False,False,False,True,False,False,False,False,False,False,False,False,False,False,False,False,False,False,False,True,True,False,False,True,True,False,False,False,False,False,False,False,False,False,True,False,False,True,False,False,False,False,False,False,False,False,False,False,False,True,False,True,False,False,True,True,True,False,True,False,False,False,False,True,True,True,True,True,True,False,False,False,False,False,0,0,0,0
435,2026-09-25T11:24:14.603812+00:00,2026-09-25T12:53:20.005167+00:00,98.005,True,False,False,False,True,False,False,False,True,False,False,False,False,False,False,False,False,False,False,False,False,False,False,False,True,True,False,False,True,True,False,False,False,False,False,False,False,False,False,True,False,False,True,False,False,False,False,False,False,False,False,False,False,False,True,False,True,False,False,True,True,True,False,True,False,False,False,False,True,True,True,True,True,True,False,False,False,False,False,0,0,0,0
436,2026-09-25T11:24:15.018019+00:00,2026-09-25T12:53:20.393189+00:00,97.005,True,False,False,False,True,False,False,False,True,False,False,False,False,False,False,False,False,False,False,False,False,False,False,False,True,True,False,False,True,True,False,False,False,False,False,False,False,False,False,True,False,False,True,False,False,False,False,False,False,False,False,False,False,False,True,False,True,False,False,True,True,True,False,True,False,False,False,False,True,True,True,True,True,True,False,False,False,False,False,0,0,0,0
437,2026-09-25T11:24:15.515501+00:00,2026-09-25T12:53:20.900218+00:00,224.012,True,False,False,False,True,False,False,False,True,False,False,False,False,False,False,False,False,False,False,False,False,False,False,False,True,True,False,False,True,True,False,False,False,False,False,False,False,False,False,True,False,False,True,False,False,False,False,False,False,False,False,False,False,False,True,False,True,False,False,True,True,True,False,True,False,False,False,False,True,True,True,True,True,True,False,False,False,False,False,0,0,0,0
438,2026-09-25T11:24:16.015116+00:00,2026-09-25T12:53:21.417248+00:00,108.006,True,False,False,False,True,False,False,False,True,False,False,False,False,False,False,False,False,False,False,False,False,False,False,False,True,True,False,False,True,True,False,False,False,False,False,False,False,False,False,True,False,False,True,False,False,False,False,False,False,False,False,False,False,False,True,False,True,False,False,True,True,True,False,True,False,False,False,False,True,True,True,True,True,True,False,False,False,False,False,0,0,0,0
439,2026-09-25T11:24:16.411235+00:00,2026-09-25T12:53:21.804270+00:00,102.006,True,False,False,False,True,False,False,False,True,False,False,False,False,False,False,False,False,False,False,False,False,False,False,False,True,True,False,False,True,True,False,False,False,False,False,False,False,False,False,True,False,False,True,False,False,False,False,False,False,False,False,False,False,False,True,False,True,False,False,True,True,True,False,True,False,False,False,False,True,True,True,True,True,True,False,False,False,False,False,0,0,0,0
440,2026-09-25T11:24:16.820996+00:00,2026-09-25T12:53:22.223294+00:00,114.006,True,False,False,False,True,False,False,False,True,False,False,False,False,False,False,False,False,False,False,False,False,False,False,False,True,True,False,False,True,True,False,False,False,False,False,False,False,False,False,True,False,False,True,False,False,False,False,False,False,False,False,False,False,False,True,False,True,False,False,True,True,True,False,True,False,False,False,False,True,True,True,True,True,True,False,False,False,False,False,0,0,0,0
441,2026-09-25T11:24:17.418401+00:00,2026-09-25T12:53:22.820328+00:00,318.01800000000003,True,False,False,False,True,False,False,False,True,False,False,False,False,False,False,False,False,False,False,False,False,False,False,False,True,True,False,False,True,True,False,False,False,False,False,False,False,False,False,True,False,False,True,False,False,False,False,False,False,False,False,False,False,False,True,False,True,False,False,True,True,True,False,True,False,False,False,False,True,True,True,True,True,True,False,False,False,False,False,0,0,0,0
442,2026-09-25T11:24:17.804949+00:00,2026-09-25T12:53:23.206350+00:00,84.005,True,False,False,False,True,False,False,False,True,False,False,False,False,False,False,False,False,False,False,False,False,False,False,False,True,True,False,False,True,True,False,False,False,False,False,False,False,False,False,True,False,False,True,False,False,False,False,False,False,False,False,False,False,False,True,False,True,False,False,True,True,True,False,True,False,False,False,False,True,True,True,True,True,True,False,False,False,False,False,0,0,0,0
443,2026-09-25T11:24:18.217665+00:00,2026-09-25T12:53:23.612373+00:00,84.00399999999999,True,False,False,False,True,False,False,False,True,False,False,False,False,False,False,False,False,False,False,False,False,False,False,False,True,True,False,False,True,True,False,False,False,False,False,False,False,False,False,True,False,False,True,False,False,False,False,False,False,False,False,False,False,False,True,False,True,False,False,True,True,True,False,True,False,False,False,False,True,True,True,True,True,True,False,False,False,False,False,0,0,0,0
444,2026-09-25T11:24:18.644948+00:00,2026-09-25T12:53:24.046398+00:00,170.009,True,False,False,False,True,False,False,False,True,False,False,False,False,False,False,False,False,False,False,False,False,False,False,False,True,True,False,False,True,True,False,False,False,False,False,False,False,False,False,True,False,False,True,False,False,False,False,False,False,False,False,False,False,False,True,False,True,False,False,True,True,True,False,True,False,False,False,False,True,True,True,True,True,True,False,False,False,False,False,0,0,0,0
445,2026-09-25T11:24:19.144922+00:00,2026-09-25T12:53:24.522426+00:00,191.011,True,False,False,False,True,False,False,False,True,False,False,False,False,False,False,False,False,False,False,False,False,False,False,False,True,True,False,False,True,True,False,False,False,False,False,False,False,False,False,True,False,False,True,False,False,False,False,False,False,False,False,False,False,False,True,False,True,False,False,True,True,True,False,True,False,False,False,False,True,True,True,True,True,True,False,False,False,False,False,0,0,0,0
446,2026-09-25T11:24:19.526024+00:00,2026-09-25T12:53:24.926449+00:00,118.007,True,False,False,False,True,False,False,False,True,False,False,False,False,False,False,False,False,False,False,False,False,False,False,False,True,True,False,False,True,True,False,False,False,False,False,False,False,False,False,True,False,False,True,False,False,False,False,False,False,False,False,False,False,False,True,False,True,False,False,True,True,True,False,True,False,False,False,False,True,True,True,True,True,True,False,False,False,False,False,0,0,0,0
447,2026-09-25T11:24:19.949699+00:00,2026-09-25T12:53:25.278469+00:00,93.006,True,False,False,False,True,False,False,False,True,False,False,False,False,False,False,False,False,False,False,False,False,False,False,False,True,True,False,False,True,True,False,False,False,False,False,False,False,False,False,True,False,False,True,False,False,False,False,False,False,False,False,False,False,False,True,False,True,False,False,True,True,True,False,True,False,False,False,False,True,True,True,True,True,True,False,False,False,False,False,0,0,0,0
448,2026-09-25T11:24:20.319598+00:00,2026-09-25T12:53:25.696493+00:00,89.005,True,False,False,False,True,False,False,False,True,False,False,False,False,False,False,False,False,False,False,False,False,False,False,False,True,True,False,False,True,True,False,False,False,False,False,False,False,False,False,True,False,False,True,False,False,False,False,False,False,False,False,False,False,False,True,False,True,False,False,True,True,True,False,True,False,False,False,False,True,True,True,True,True,True,False,False,False,False,False,0,0,0,0
449,2026-09-25T11:24:20.681888+00:00,2026-09-25T12:53:26.076514+00:00,95.00500000000001,True,False,False,False,True,False,False,False,True,False,False,False,False,False,False,False,False,False,False,False,False,False,False,False,True,True,False,False,True,True,False,False,False,False,False,False,False,False,False,True,False,False,True,False,False,False,False,False,False,False,False,False,False,False,True,False,True,False,False,True,True,True,False,True,False,False,False,False,True,True,True,True,True,True,False,False,False,False,False,0,0,0,0
450,2026-09-25T11:24:21.030508+00:00,2026-09-25T12:53:26.426534+00:00,89.005,True,False,False,False,True,False,False,False,True,False,False,False,False,False,False,False,False,False,False,False,False,False,False,False,True,True,False,False,True,True,False,False,False,False,False,False,False,False,False,True,False,False,True,False,False,False,False,False,False,False,False,False,False,False,True,False,True,False,False,True,True,True,False,True,False,False,False,False,True,True,True,True,True,True,False,False,False,False,False,1,0,0,0
451,2026-09-25T11:24:21.405701+00:00,2026-09-25T12:53:26.772554+00:00,87.005,True,False,False,False,True,False,False,False,True,False,False,False,False,False,False,False,False,False,False,False,False,False,False,False,True,True,False,False,True,True,False,False,False,False,False,False,False,False,False,True,False,False,True,False,False,False,False,False,False,False,False,False,False,False,True,False,True,False,False,True,True,True,False,True,False,False,False,False,True,True,True,True,True,True,False,False,False,False,False,0,0,0,0
452,2026-09-25T11:24:21.782509+00:00,2026-09-25T12:53:27.167577+00:00,89.005,True,False,False,False,True,False,False,False,True,False,False,False,False,False,False,False,False,False,False,False,False,False,False,False,True,True,False,False,True,True,False,False,False,False,False,False,False,False,False,True,False,False,True,False,False,False,False,False,False,False,False,False,False,False,True,False,True,False,False,True,True,True,False,True,False,False,False,False,True,True,True,True,True,True,False,False,False,False,False,0,0,0,0
453,2026-09-25T11:24:22.137454+00:00,2026-09-25T12:53:27.536598+00:00,98.006,True,False,False,False,True,False,False,False,True,False,False,False,False,False,False,False,False,False,False,False,False,False,False,False,True,True,False,False,True,True,False,False,False,False,False,False,False,False,False,True,False,False,True,False,False,False,False,False,False,False,False,False,False,False,True,False,True,False,False,True,True,True,False,True,False,False,False,False,True,True,True,True,True,True,False,False,False,False,False,0,0,0,0
454,2026-09-25T11:24:22.487660+00:00,2026-09-25T12:53:27.889618+00:00,97.005,True,False,False,False,True,False,False,False,True,False,False,False,False,False,False,False,False,False,False,False,False,False,False,False,True,True,False,False,True,True,False,False,False,False,False,False,False,False,False,True,False,False,True,False,False,False,False,False,False,False,False,False,False,False,True,False,True,False,False,True,True,True,False,True,False,False,False,False,True,True,True,True,True,True,False,False,False,False,False,0,0,0,0
455,2026-09-25T11:24:22.856339+00:00,2026-09-25T12:53:28.249639+00:00,106.006,True,False,False,False,True,False,False,False,True,False,False,False,False,False,False,False,False,False,False,False,False,False,False,False,True,True,False,False,True,True,False,False,False,False,False,False,False,False,False,True,False,False,True,False,False,False,False,False,False,False,False,False,False,False,True,False,True,False,False,True,True,True,False,True,False,False,False,False,True,True,True,True,True,True,False,False,False,False,False,0,0,0,0
456,2026-09-25T11:24:23.256624+00:00,2026-09-25T12:53:28.652662+00:00,135.00799999999998,True,False,False,False,True,False,False,False,True,False,False,False,False,False,False,False,False,False,False,False,False,False,False,False,True,True,False,False,True,True,False,False,False,False,False,False,False,False,False,True,False,False,True,False,False,False,False,False,False,False,False,False,False,False,True,False,True,False,False,True,True,True,False,True,False,False,False,False,True,True,True,True,True,True,False,False,False,False,False,0,0,0,0
457,2026-09-25T11:24:23.616314+00:00,2026-09-25T12:53:29.017683+00:00,104.006,True,False,False,False,True,False,False,False,True,False,False,False,False,False,False,False,False,False,False,False,False,False,False,False,True,True,False,False,True,True,False,False,False,False,False,False,False,False,False,True,False,False,True,False,False,False,False,False,False,False,False,False,False,False,True,False,True,False,False,True,True,True,False,True,False,False,False,False,True,True,True,True,True,True,False,False,False,False,False,0,0,0,0
