snapshot_id,timestamp,source_timestamp_reference,sync_spread_ms,ms.turntable.transfer.source_ts,ms.turntable.transfer.server_ts,ms.turntable.conveyor.source_ts,ms.turntable.conveyor.server_ts,ms.sensor.conveyor.source_ts,ms.sensor.conveyor.server_ts,ms.turntable.saw.source_ts,ms.turntable.saw.server_ts,ms.transfer.turntable.source_ts,ms.transfer.turntable.server_ts,ms.oven.slider_inside.source_ts,ms.oven.slider_inside.server_ts,ms.oven.slider_outside.source_ts,ms.oven.slider_outside.server_ts,ms.transfer.oven.source_ts,ms.transfer.oven.server_ts,ms.sensor.oven.source_ts,ms.sensor.oven.server_ts,ms.motor.turntable_cw.source_ts,ms.motor.turntable_cw.server_ts,ms.motor.turntable_ccw.source_ts,ms.motor.turntable_ccw.server_ts,ms.motor.conveyor.source_ts,ms.motor.conveyor.server_ts,ms.motor.saw.source_ts,ms.motor.saw.server_ts,ms.motor.slider_in.source_ts,ms.motor.slider_in.server_ts,ms.motor.slider_out.source_ts,ms.motor.slider_out.server_ts,ms.motor.transfer_oven.source_ts,ms.motor.transfer_oven.server_ts,ms.motor.transfer_turntable.source_ts,ms.motor.transfer_turntable.server_ts,ms.process.burn.source_ts,ms.process.burn.server_ts,ms.air.compressor.source_ts,ms.air.compressor.server_ts,ms.valve.vacuum.source_ts,ms.valve.vacuum.server_ts,ms.valve.transfer.source_ts,ms.valve.transfer.server_ts,ms.valve.oven_door.source_ts,ms.valve.oven_door.server_ts,ms.valve.ejector.source_ts,ms.valve.ejector.server_ts,hbw.ref.horizontal.source_ts,hbw.ref.horizontal.server_ts,hbw.sensor.inside.source_ts,hbw.sensor.inside.server_ts,hbw.sensor.outside.source_ts,hbw.sensor.outside.server_ts,hbw.ref.vertical.source_ts,hbw.ref.vertical.server_ts,hbw.ref.cantilever_front.source_ts,hbw.ref.cantilever_front.server_ts,hbw.ref.cantilever_back.source_ts,hbw.ref.cantilever_back.server_ts,hbw.sensor.trail_bottom.source_ts,hbw.sensor.trail_bottom.server_ts,hbw.sensor.trail_top.source_ts,hbw.sensor.trail_top.server_ts,hbw.motor.conveyor_forward.source_ts,hbw.motor.conveyor_forward.server_ts,hbw.motor.conveyor_backward.source_ts,hbw.motor.conveyor_backward.server_ts,hbw.motor.crane_rack.source_ts,hbw.motor.crane_rack.server_ts,hbw.motor.crane_conveyor.source_ts,hbw.motor.crane_conveyor.server_ts,hbw.motor.crane_down.source_ts,hbw.motor.crane_down.server_ts,hbw.motor.crane_up.source_ts,hbw.motor.crane_up.server_ts,hbw.motor.cantilever_forward.source_ts,hbw.motor.cantilever_forward.server_ts,hbw.motor.cantilever_backward.source_ts,hbw.motor.cantilever_backward.server_ts,hbw.encoder.horizontal1.source_ts,hbw.encoder.horizontal1.server_ts,hbw.encoder.horizontal2.source_ts,hbw.encoder.horizontal2.server_ts,hbw.encoder.vertical1.source_ts,hbw.encoder.vertical1.server_ts,hbw.encoder.vertical2.source_ts,hbw.encoder.vertical2.server_ts,c.ref.vertical.source_ts,c.ref.vertical.server_ts,c.ref.horizontal.source_ts,c.ref.horizontal.server_ts,c.ref.rotate.source_ts,c.ref.rotate.server_ts,c.motor.up.source_ts,c.motor.up.server_ts,c.motor.down.source_ts,c.motor.down.server_ts,c.motor.backward.source_ts,c.motor.backward.server_ts,c.motor.forward.source_ts,c.motor.forward.server_ts,c.motor.cw.source_ts,c.motor.cw.server_ts,c.motor.ccw.source_ts,c.motor.ccw.server_ts,c.air.compressor.source_ts,c.air.compressor.server_ts,c.valve.vacuum.source_ts,c.valve.vacuum.server_ts,c.encoder.vertical1.source_ts,c.encoder.vertical1.server_ts,c.encoder.vertical2.source_ts,c.encoder.vertical2.server_ts,c.encoder.horizontal1.source_ts,c.encoder.horizontal1.server_ts,c.encoder.horizontal2.source_ts,c.encoder.horizontal2.server_ts,c.encoder.rotate1.source_ts,c.encoder.rotate1.server_ts,c.encoder.rotate2.source_ts,c.encoder.rotate2.server_ts,pm.sensor.entry.source_ts,pm.sensor.entry.server_ts,pm.sensor.tool.source_ts,pm.sensor.tool.server_ts,pm.ref.top.source_ts,pm.ref.top.server_ts,pm.ref.bottom.source_ts,pm.ref.bottom.server_ts,pm.motor.conveyor_forward.source_ts,pm.motor.conveyor_forward.server_ts,pm.motor.conveyor_backward.source_ts,pm.motor.conveyor_backward.server_ts,pm.motor.tool_up.source_ts,pm.motor.tool_up.server_ts,pm.motor.tool_down.source_ts,pm.motor.tool_down.server_ts,sl.sensor.pulse.source_ts,sl.sensor.pulse.server_ts,sl.sensor.before_color.source_ts,sl.sensor.before_color.server_ts,sl.sensor.after_color.source_ts,sl.sensor.after_color.server_ts,sl.sensor.white.source_ts,sl.sensor.white.server_ts,sl.sensor.red.source_ts,sl.sensor.red.server_ts,sl.sensor.blue.source_ts,sl.sensor.blue.server_ts,sl.motor.conveyor.source_ts,sl.motor.conveyor.server_ts,sl.air.compressor.source_ts,sl.air.compressor.server_ts,sl.valve.white.source_ts,sl.valve.white.server_ts,sl.valve.red.source_ts,sl.valve.red.server_ts,sl.valve.blue.source_ts,sl.valve.blue.server_ts,sl.sensor.color_value.source_ts,sl.sensor.color_value.server_ts,local.crane_coord_h.source_ts,local.crane_coord_h.server_ts,local.crane_coord_v.source_ts,local.crane_coord_v.server_ts,local.crane_coord_r.source_ts,local.crane_coord_r.server_ts
1,2026-09-25T13:29:21.692693+00:00,2026-09-25T14:58:26.690525+00:00,90.005,2026-09-25T14:58:26.600520+00:00,,2026-09-25T14:58:26.608520+00:00,,2026-09-25T14:58:26.609520+00:00,,2026-09-25T14:58:26.610520+00:00,,2026-09-25T14:58:26.611521+00:00,,2026-09-25T14:58:26.612521+00:00,,2026-09-25T14:58:26.613521+00:00,,2026-09-25T14:58:26.614521+00:00,,2026-09-25T14:58:26.615521+00:00,,2026-09-25T14:58:26.616521+00:00,,2026-09-25T14:58:26.617521+00:00,,2026-09-25T14:58:26.618521+00:00,,2026-09-25T14:58:26.619521+00:00,,2026-09-25T14:58:26.620521+00:00,,2026-09-25T14:58:26.621521+00:00,,2026-09-25T14:58:26.622521+00:00,,2026-09-25T14:58:26.623521+00:00,,2026-09-25T14:58:26.624521+00:00,,2026-09-25T14:58:26.625521+00:00,,2026-09-25T14:58:26.626521+00:00,,2026-09-25T14:58:26.627521+00:00,,2026-09-25T14:58:26.628521+00:00,,2026-09-25T14:58:26.629522+00:00,,2026-09-25T14:58:26.630522+00:00,,2026-09-25T14:58:26.631522+00:00,,2026-09-25T14:58:26.632522+00:00,,2026-09-25T14:58:26.633522+00:00,,2026-09-25T14:58:26.634522+00:00,,2026-09-25T14:58:26.635522+00:00,,2026-09-25T14:58:26.636522+00:00,,2026-09-25T14:58:26.648523+00:00,,2026-09-25T14:58:26.638522+00:00,,2026-09-25T14:58:26.639522+00:00,,2026-09-25T14:58:26.640522+00:00,,2026-09-25T14:58:26.641522+00:00,,2026-09-25T14:58:26.642522+00:00,,2026-09-25T14:58:26.643522+00:00,,2026-09-25T14:58:26.644522+00:00,,2026-09-25T14:58:26.645522+00:00,,2026-09-25T14:58:26.646523+00:00,,2026-09-25T14:58:26.647523+00:00,,2026-09-25T14:58:26.637522+00:00,,2026-09-25T14:58:26.649523+00:00,,2026-09-25T14:58:26.650523+00:00,,2026-09-25T14:58:26.651523+00:00,,2026-09-25T14:58:26.663523+00:00,,2026-09-25T14:58:26.653523+00:00,,2026-09-25T14:58:26.654523+00:00,,2026-09-25T14:58:26.655523+00:00,,2026-09-25T14:58:26.656523+00:00,,2026-09-25T14:58:26.657523+00:00,,2026-09-25T14:58:26.658523+00:00,,2026-09-25T14:58:26.659523+00:00,,2026-09-25T14:58:26.660523+00:00,,2026-09-25T14:58:26.661523+00:00,,2026-09-25T14:58:26.662523+00:00,,2026-09-25T14:58:26.664524+00:00,,2026-09-25T14:58:26.665524+00:00,,2026-09-25T14:58:26.666524+00:00,,2026-09-25T14:58:26.667524+00:00,,2026-09-25T14:58:26.668524+00:00,,2026-09-25T14:58:26.669524+00:00,,2026-09-25T14:58:26.670524+00:00,,2026-09-25T14:58:26.671524+00:00,,2026-09-25T14:58:26.672524+00:00,,2026-09-25T14:58:26.673524+00:00,,2026-09-25T14:58:26.674524+00:00,,2026-09-25T14:58:26.675524+00:00,,2026-09-25T14:58:26.676524+00:00,,2026-09-25T14:58:26.677524+00:00,,2026-09-25T14:58:26.678524+00:00,,2026-09-25T14:58:26.679524+00:00,,2026-09-25T14:58:26.680524+00:00,,2026-09-25T14:58:26.681525+00:00,,2026-09-25T14:58:26.682525+00:00,,2026-09-25T14:58:26.683525+00:00,,2026-09-25T14:58:26.684525+00:00,,2026-09-25T14:58:26.685525+00:00,,2026-09-25T14:58:26.686525+00:00,,2026-09-25T14:58:26.687525+00:00,,2026-09-25T14:58:26.688525+00:00,,2026-09-25T14:58:26.689525+00:00,,2026-09-25T14:58:26.690525+00:00,
2,2026-09-25T13:29:22.041447+00:00,2026-09-25T14:58:27.039545+00:00,94.00500000000001,2026-09-25T14:58:26.945540+00:00,,2026-09-25T14:58:26.957540+00:00,,2026-09-25T14:58:26.958540+00:00,,2026-09-25T14:58:26.959540+00:00,,2026-09-25T14:58:26.960540+00:00,,2026-09-25T14:58:26.961541+00:00,,2026-09-25T14:58:26.962541+00:00,,2026-09-25T14:58:26.963541+00:00,,2026-09-25T14:58:26.964541+00:00,,2026-09-25T14:58:26.965541+00:00,,2026-09-25T14:58:26.966541+00:00,,2026-09-25T14:58:26.967541+00:00,,2026-09-25T14:58:26.968541+00:00,,2026-09-25T14:58:26.969541+00:00,,2026-09-25T14:58:26.970541+00:00,,2026-09-25T14:58:26.971541+00:00,,2026-09-25T14:58:26.972541+00:00,,2026-09-25T14:58:26.973541+00:00,,2026-09-25T14:58:26.974541+00:00,,2026-09-25T14:58:26.975541+00:00,,2026-09-25T14:58:26.976541+00:00,,2026-09-25T14:58:26.977541+00:00,,2026-09-25T14:58:26.978541+00:00,,2026-09-25T14:58:26.979542+00:00,,2026-09-25T14:58:26.980542+00:00,,2026-09-25T14:58:26.981542+00:00,,2026-09-25T14:58:26.982542+00:00,,2026-09-25T14:58:26.983542+00:00,,2026-09-25T14:58:26.984542+00:00,,2026-09-25T14:58:26.985542+00:00,,2026-09-25T14:58:26.986542+00:00,,2026-09-25T14:58:26.987542+00:00,,2026-09-25T14:58:26.988542+00:00,,2026-09-25T14:58:26.989542+00:00,,2026-09-25T14:58:26.990542+00:00,,2026-09-25T14:58:26.991542+00:00,,2026-09-25T14:58:26.992542+00:00,,2026-09-25T14:58:26.993542+00:00,,2026-09-25T14:58:26.994542+00:00,,2026-09-25T14:58:26.995542+00:00,,2026-09-25T14:58:26.996543+00:00,,2026-09-25T14:58:26.997543+00:00,,2026-09-25T14:58:27.009543+00:00,,2026-09-25T14:58:26.999543+00:00,,2026-09-25T14:58:27.000543+00:00,,2026-09-25T14:58:27.001543+00:00,,2026-09-25T14:58:27.013543+00:00,,2026-09-25T14:58:27.003543+00:00,,2026-09-25T14:58:27.004543+00:00,,2026-09-25T14:58:27.005543+00:00,,2026-09-25T14:58:27.006543+00:00,,2026-09-25T14:58:27.007543+00:00,,2026-09-25T14:58:27.008543+00:00,,2026-09-25T14:58:26.998543+00:00,,2026-09-25T14:58:27.010543+00:00,,2026-09-25T14:58:27.011543+00:00,,2026-09-25T14:58:27.012543+00:00,,2026-09-25T14:58:27.014544+00:00,,2026-09-25T14:58:27.015544+00:00,,2026-09-25T14:58:27.016544+00:00,,2026-09-25T14:58:27.017544+00:00,,2026-09-25T14:58:27.018544+00:00,,2026-09-25T14:58:27.019544+00:00,,2026-09-25T14:58:27.020544+00:00,,2026-09-25T14:58:27.021544+00:00,,2026-09-25T14:58:27.022544+00:00,,2026-09-25T14:58:27.023544+00:00,,2026-09-25T14:58:27.024544+00:00,,2026-09-25T14:58:27.025544+00:00,,2026-09-25T14:58:27.026544+00:00,,2026-09-25T14:58:27.027544+00:00,,2026-09-25T14:58:27.028544+00:00,,2026-09-25T14:58:27.029544+00:00,,2026-09-25T14:58:27.030544+00:00,,2026-09-25T14:58:27.031545+00:00,,2026-09-25T14:58:27.032545+00:00,,2026-09-25T14:58:27.033545+00:00,,2026-09-25T14:58:27.034545+00:00,,2026-09-25T14:58:27.035545+00:00,,2026-09-25T14:58:27.036545+00:00,,2026-09-25T14:58:27.037545+00:00,,2026-09-25T14:58:27.038545+00:00,,2026-09-25T14:58:27.039545+00:00,
3,2026-09-25T13:29:22.387711+00:00,2026-09-25T14:58:27.384565+00:00,90.005,2026-09-25T14:58:27.294560+00:00,,2026-09-25T14:58:27.302560+00:00,,2026-09-25T14:58:27.303560+00:00,,2026-09-25T14:58:27.304560+00:00,,2026-09-25T14:58:27.305560+00:00,,2026-09-25T14:58:27.306560+00:00,,2026-09-25T14:58:27.318561+00:00,,2026-09-25T14:58:27.308560+00:00,,2026-09-25T14:58:27.309560+00:00,,2026-09-25T14:58:27.310560+00:00,,2026-09-25T14:58:27.311561+00:00,,2026-09-25T14:58:27.312561+00:00,,2026-09-25T14:58:27.313561+00:00,,2026-09-25T14:58:27.325561+00:00,,2026-09-25T14:58:27.315561+00:00,,2026-09-25T14:58:27.316561+00:00,,2026-09-25T14:58:27.317561+00:00,,2026-09-25T14:58:27.307560+00:00,,2026-09-25T14:58:27.319561+00:00,,2026-09-25T14:58:27.320561+00:00,,2026-09-25T14:58:27.321561+00:00,,2026-09-25T14:58:27.322561+00:00,,2026-09-25T14:58:27.323561+00:00,,2026-09-25T14:58:27.324561+00:00,,2026-09-25T14:58:27.314561+00:00,,2026-09-25T14:58:27.326561+00:00,,2026-09-25T14:58:27.327561+00:00,,2026-09-25T14:58:27.328562+00:00,,2026-09-25T14:58:27.340562+00:00,,2026-09-25T14:58:27.330562+00:00,,2026-09-25T14:58:27.331562+00:00,,2026-09-25T14:58:27.332562+00:00,,2026-09-25T14:58:27.333562+00:00,,2026-09-25T14:58:27.334562+00:00,,2026-09-25T14:58:27.335562+00:00,,2026-09-25T14:58:27.336562+00:00,,2026-09-25T14:58:27.337562+00:00,,2026-09-25T14:58:27.338562+00:00,,2026-09-25T14:58:27.339562+00:00,,2026-09-25T14:58:27.329562+00:00,,2026-09-25T14:58:27.341562+00:00,,2026-09-25T14:58:27.342562+00:00,,2026-09-25T14:58:27.343562+00:00,,2026-09-25T14:58:27.344562+00:00,,2026-09-25T14:58:27.345562+00:00,,2026-09-25T14:58:27.346563+00:00,,2026-09-25T14:58:27.347563+00:00,,2026-09-25T14:58:27.348563+00:00,,2026-09-25T14:58:27.349563+00:00,,2026-09-25T14:58:27.350563+00:00,,2026-09-25T14:58:27.373564+00:00,,2026-09-25T14:58:27.352563+00:00,,2026-09-25T14:58:27.353563+00:00,,2026-09-25T14:58:27.354563+00:00,,2026-09-25T14:58:27.355563+00:00,,2026-09-25T14:58:27.356563+00:00,,2026-09-25T14:58:27.357563+00:00,,2026-09-25T14:58:27.358563+00:00,,2026-09-25T14:58:27.359563+00:00,,2026-09-25T14:58:27.360563+00:00,,2026-09-25T14:58:27.361563+00:00,,2026-09-25T14:58:27.363564+00:00,,2026-09-25T14:58:27.364564+00:00,,2026-09-25T14:58:27.365564+00:00,,2026-09-25T14:58:27.366564+00:00,,2026-09-25T14:58:27.367564+00:00,,2026-09-25T14:58:27.368564+00:00,,2026-09-25T14:58:27.369564+00:00,,2026-09-25T14:58:27.370564+00:00,,2026-09-25T14:58:27.371564+00:00,,2026-09-25T14:58:27.372564+00:00,,2026-09-25T14:58:27.362563+00:00,,2026-09-25T14:58:27.374564+00:00,,2026-09-25T14:58:27.375564+00:00,,2026-09-25T14:58:27.376564+00:00,,2026-09-25T14:58:27.377564+00:00,,2026-09-25T14:58:27.378564+00:00,,2026-09-25T14:58:27.379564+00:00,,2026-09-25T14:58:27.380564+00:00,,2026-09-25T14:58:27.381565+00:00,,2026-09-25T14:58:27.382565+00:00,,2026-09-25T14:58:27.383565+00:00,,2026-09-25T14:58:27.384565+00:00,
4,2026-09-25T13:29:22.752469+00:00,2026-09-25T14:58:27.750586+00:00,104.006,2026-09-25T14:58:27.646580+00:00,,2026-09-25T14:58:27.668581+00:00,,2026-09-25T14:58:27.669581+00:00,,2026-09-25T14:58:27.670581+00:00,,2026-09-25T14:58:27.671581+00:00,,2026-09-25T14:58:27.672581+00:00,,2026-09-25T14:58:27.673581+00:00,,2026-09-25T14:58:27.674581+00:00,,2026-09-25T14:58:27.675581+00:00,,2026-09-25T14:58:27.676581+00:00,,2026-09-25T14:58:27.677581+00:00,,2026-09-25T14:58:27.678582+00:00,,2026-09-25T14:58:27.679582+00:00,,2026-09-25T14:58:27.680582+00:00,,2026-09-25T14:58:27.681582+00:00,,2026-09-25T14:58:27.682582+00:00,,2026-09-25T14:58:27.683582+00:00,,2026-09-25T14:58:27.684582+00:00,,2026-09-25T14:58:27.685582+00:00,,2026-09-25T14:58:27.686582+00:00,,2026-09-25T14:58:27.687582+00:00,,2026-09-25T14:58:27.688582+00:00,,2026-09-25T14:58:27.689582+00:00,,2026-09-25T14:58:27.690582+00:00,,2026-09-25T14:58:27.691582+00:00,,2026-09-25T14:58:27.692582+00:00,,2026-09-25T14:58:27.693582+00:00,,2026-09-25T14:58:27.694582+00:00,,2026-09-25T14:58:27.695583+00:00,,2026-09-25T14:58:27.696583+00:00,,2026-09-25T14:58:27.697583+00:00,,2026-09-25T14:58:27.698583+00:00,,2026-09-25T14:58:27.699583+00:00,,2026-09-25T14:58:27.700583+00:00,,2026-09-25T14:58:27.712583+00:00,,2026-09-25T14:58:27.702583+00:00,,2026-09-25T14:58:27.703583+00:00,,2026-09-25T14:58:27.704583+00:00,,2026-09-25T14:58:27.705583+00:00,,2026-09-25T14:58:27.706583+00:00,,2026-09-25T14:58:27.707583+00:00,,2026-09-25T14:58:27.708583+00:00,,2026-09-25T14:58:27.709583+00:00,,2026-09-25T14:58:27.710583+00:00,,2026-09-25T14:58:27.711583+00:00,,2026-09-25T14:58:27.713584+00:00,,2026-09-25T14:58:27.714584+00:00,,2026-09-25T14:58:27.715584+00:00,,2026-09-25T14:58:27.716584+00:00,,2026-09-25T14:58:27.717584+00:00,,2026-09-25T14:58:27.718584+00:00,,2026-09-25T14:58:27.719584+00:00,,2026-09-25T14:58:27.720584+00:00,,2026-09-25T14:58:27.721584+00:00,,2026-09-25T14:58:27.722584+00:00,,2026-09-25T14:58:27.723584+00:00,,2026-09-25T14:58:27.724584+00:00,,2026-09-25T14:58:27.725584+00:00,,2026-09-25T14:58:27.726584+00:00,,2026-09-25T14:58:27.727584+00:00,,2026-09-25T14:58:27.728584+00:00,,2026-09-25T14:58:27.729584+00:00,,2026-09-25T14:58:27.741585+00:00,,2026-09-25T14:58:27.731585+00:00,,2026-09-25T14:58:27.732585+00:00,,2026-09-25T14:58:27.733585+00:00,,2026-09-25T14:58:27.734585+00:00,,2026-09-25T14:58:27.735585+00:00,,2026-09-25T14:58:27.736585+00:00,,2026-09-25T14:58:27.737585+00:00,,2026-09-25T14:58:27.738585+00:00,,2026-09-25T14:58:27.739585+00:00,,2026-09-25T14:58:27.740585+00:00,,2026-09-25T14:58:27.730585+00:00,,2026-09-25T14:58:27.742585+00:00,,2026-09-25T14:58:27.743585+00:00,,2026-09-25T14:58:27.744585+00:00,,2026-09-25T14:58:27.745585+00:00,,2026-09-25T14:58:27.746585+00:00,,2026-09-25T14:58:27.747585+00:00,,2026-09-25T14:58:27.748586+00:00,,2026-09-25T14:58:27.749586+00:00,,2026-09-25T14:58:27.750586+00:00,
5,2026-09-25T13:29:23.101898+00:00,2026-09-25T14:58:28.099606+00:00,93.006,2026-09-25T14:58:28.006600+00:00,,2026-09-25T14:58:28.015601+00:00,,2026-09-25T14:58:28.016601+00:00,,2026-09-25T14:58:28.017601+00:00,,2026-09-25T14:58:28.018601+00:00,,2026-09-25T14:58:28.019601+00:00,,2026-09-25T14:58:28.020601+00:00,,2026-09-25T14:58:28.021601+00:00,,2026-09-25T14:58:28.022601+00:00,,2026-09-25T14:58:28.023601+00:00,,2026-09-25T14:58:28.024601+00:00,,2026-09-25T14:58:28.025601+00:00,,2026-09-25T14:58:28.026601+00:00,,2026-09-25T14:58:28.027601+00:00,,2026-09-25T14:58:28.028602+00:00,,2026-09-25T14:58:28.029602+00:00,,2026-09-25T14:58:28.030602+00:00,,2026-09-25T14:58:28.031602+00:00,,2026-09-25T14:58:28.032602+00:00,,2026-09-25T14:58:28.033602+00:00,,2026-09-25T14:58:28.034602+00:00,,2026-09-25T14:58:28.035602+00:00,,2026-09-25T14:58:28.036602+00:00,,2026-09-25T14:58:28.037602+00:00,,2026-09-25T14:58:28.038602+00:00,,2026-09-25T14:58:28.039602+00:00,,2026-09-25T14:58:28.040602+00:00,,2026-09-25T14:58:28.041602+00:00,,2026-09-25T14:58:28.042602+00:00,,2026-09-25T14:58:28.043602+00:00,,2026-09-25T14:58:28.044602+00:00,,2026-09-25T14:58:28.045603+00:00,,2026-09-25T14:58:28.046603+00:00,,2026-09-25T14:58:28.058603+00:00,,2026-09-25T14:58:28.059603+00:00,,2026-09-25T14:58:28.049603+00:00,,2026-09-25T14:58:28.050603+00:00,,2026-09-25T14:58:28.062603+00:00,,2026-09-25T14:58:28.052603+00:00,,2026-09-25T14:58:28.053603+00:00,,2026-09-25T14:58:28.054603+00:00,,2026-09-25T14:58:28.055603+00:00,,2026-09-25T14:58:28.056603+00:00,,2026-09-25T14:58:28.057603+00:00,,2026-09-25T14:58:28.047603+00:00,,2026-09-25T14:58:28.048603+00:00,,2026-09-25T14:58:28.060603+00:00,,2026-09-25T14:58:28.061603+00:00,,2026-09-25T14:58:28.063604+00:00,,2026-09-25T14:58:28.064604+00:00,,2026-09-25T14:58:28.065604+00:00,,2026-09-25T14:58:28.066604+00:00,,2026-09-25T14:58:28.067604+00:00,,2026-09-25T14:58:28.068604+00:00,,2026-09-25T14:58:28.069604+00:00,,2026-09-25T14:58:28.070604+00:00,,2026-09-25T14:58:28.071604+00:00,,2026-09-25T14:58:28.072604+00:00,,2026-09-25T14:58:28.073604+00:00,,2026-09-25T14:58:28.074604+00:00,,2026-09-25T14:58:28.075604+00:00,,2026-09-25T14:58:28.076604+00:00,,2026-09-25T14:58:28.077604+00:00,,2026-09-25T14:58:28.078604+00:00,,2026-09-25T14:58:28.079604+00:00,,2026-09-25T14:58:28.080605+00:00,,2026-09-25T14:58:28.081605+00:00,,2026-09-25T14:58:28.082605+00:00,,2026-09-25T14:58:28.083605+00:00,,2026-09-25T14:58:28.084605+00:00,,2026-09-25T14:58:28.085605+00:00,,2026-09-25T14:58:28.086605+00:00,,2026-09-25T14:58:28.087605+00:00,,2026-09-25T14:58:28.088605+00:00,,2026-09-25T14:58:28.089605+00:00,,2026-09-25T14:58:28.090605+00:00,,2026-09-25T14:58:28.091605+00:00,,2026-09-25T14:58:28.092605+00:00,,2026-09-25T14:58:28.094605+00:00,,2026-09-25T14:58:28.096605+00:00,,2026-09-25T14:58:28.097606+00:00,,2026-09-25T14:58:28.098606+00:00,,2026-09-25T14:58:28.099606+00:00,
6,2026-09-25T13:29:23.447720+00:00,2026-09-25T14:58:28.445625+00:00,91.005,2026-09-25T14:58:28.354620+00:00,,2026-09-25T14:58:28.362621+00:00,,2026-09-25T14:58:28.363621+00:00,,2026-09-25T14:58:28.364621+00:00,,2026-09-25T14:58:28.365621+00:00,,2026-09-25T14:58:28.366621+00:00,,2026-09-25T14:58:28.367621+00:00,,2026-09-25T14:58:28.368621+00:00,,2026-09-25T14:58:28.369621+00:00,,2026-09-25T14:58:28.371621+00:00,,2026-09-25T14:58:28.372621+00:00,,2026-09-25T14:58:28.373621+00:00,,2026-09-25T14:58:28.374621+00:00,,2026-09-25T14:58:28.375621+00:00,,2026-09-25T14:58:28.376621+00:00,,2026-09-25T14:58:28.377622+00:00,,2026-09-25T14:58:28.378622+00:00,,2026-09-25T14:58:28.379622+00:00,,2026-09-25T14:58:28.380622+00:00,,2026-09-25T14:58:28.381622+00:00,,2026-09-25T14:58:28.382622+00:00,,2026-09-25T14:58:28.383622+00:00,,2026-09-25T14:58:28.384622+00:00,,2026-09-25T14:58:28.385622+00:00,,2026-09-25T14:58:28.386622+00:00,,2026-09-25T14:58:28.387622+00:00,,2026-09-25T14:58:28.388622+00:00,,2026-09-25T14:58:28.389622+00:00,,2026-09-25T14:58:28.390622+00:00,,2026-09-25T14:58:28.391622+00:00,,2026-09-25T14:58:28.392622+00:00,,2026-09-25T14:58:28.393622+00:00,,2026-09-25T14:58:28.394622+00:00,,2026-09-25T14:58:28.395623+00:00,,2026-09-25T14:58:28.396623+00:00,,2026-09-25T14:58:28.397623+00:00,,2026-09-25T14:58:28.398623+00:00,,2026-09-25T14:58:28.399623+00:00,,2026-09-25T14:58:28.400623+00:00,,2026-09-25T14:58:28.412624+00:00,,2026-09-25T14:58:28.402623+00:00,,2026-09-25T14:58:28.403623+00:00,,2026-09-25T14:58:28.404623+00:00,,2026-09-25T14:58:28.405623+00:00,,2026-09-25T14:58:28.406623+00:00,,2026-09-25T14:58:28.407623+00:00,,2026-09-25T14:58:28.408623+00:00,,2026-09-25T14:58:28.409623+00:00,,2026-09-25T14:58:28.410623+00:00,,2026-09-25T14:58:28.411623+00:00,,2026-09-25T14:58:28.413624+00:00,,2026-09-25T14:58:28.414624+00:00,,2026-09-25T14:58:28.415624+00:00,,2026-09-25T14:58:28.427624+00:00,,2026-09-25T14:58:28.417624+00:00,,2026-09-25T14:58:28.418624+00:00,,2026-09-25T14:58:28.419624+00:00,,2026-09-25T14:58:28.420624+00:00,,2026-09-25T14:58:28.432625+00:00,,2026-09-25T14:58:28.422624+00:00,,2026-09-25T14:58:28.423624+00:00,,2026-09-25T14:58:28.424624+00:00,,2026-09-25T14:58:28.425624+00:00,,2026-09-25T14:58:28.426624+00:00,,2026-09-25T14:58:28.416624+00:00,,2026-09-25T14:58:28.428624+00:00,,2026-09-25T14:58:28.429624+00:00,,2026-09-25T14:58:28.430625+00:00,,2026-09-25T14:58:28.431625+00:00,,2026-09-25T14:58:28.421624+00:00,,2026-09-25T14:58:28.433625+00:00,,2026-09-25T14:58:28.434625+00:00,,2026-09-25T14:58:28.435625+00:00,,2026-09-25T14:58:28.436625+00:00,,2026-09-25T14:58:28.437625+00:00,,2026-09-25T14:58:28.438625+00:00,,2026-09-25T14:58:28.439625+00:00,,2026-09-25T14:58:28.440625+00:00,,2026-09-25T14:58:28.441625+00:00,,2026-09-25T14:58:28.442625+00:00,,2026-09-25T14:58:28.443625+00:00,,2026-09-25T14:58:28.444625+00:00,,2026-09-25T14:58:28.445625+00:00,
7,2026-09-25T13:29:23.791491+00:00,2026-09-25T14:58:28.789645+00:00,90.005,2026-09-25T14:58:28.699640+00:00,,2026-09-25T14:58:28.705640+00:00,,2026-09-25T14:58:28.706640+00:00,,2026-09-25T14:58:28.707640+00:00,,2026-09-25T14:58:28.708640+00:00,,2026-09-25T14:58:28.709641+00:00,,2026-09-25T14:58:28.710641+00:00,,2026-09-25T14:58:28.711641+00:00,,2026-09-25T14:58:28.712641+00:00,,2026-09-25T14:58:28.713641+00:00,,2026-09-25T14:58:28.714641+00:00,,2026-09-25T14:58:28.715641+00:00,,2026-09-25T14:58:28.716641+00:00,,2026-09-25T14:58:28.717641+00:00,,2026-09-25T14:58:28.718641+00:00,,2026-09-25T14:58:28.719641+00:00,,2026-09-25T14:58:28.720641+00:00,,2026-09-25T14:58:28.721641+00:00,,2026-09-25T14:58:28.722641+00:00,,2026-09-25T14:58:28.723641+00:00,,2026-09-25T14:58:28.724641+00:00,,2026-09-25T14:58:28.725641+00:00,,2026-09-25T14:58:28.726641+00:00,,2026-09-25T14:58:28.727642+00:00,,2026-09-25T14:58:28.728642+00:00,,2026-09-25T14:58:28.729642+00:00,,2026-09-25T14:58:28.730642+00:00,,2026-09-25T14:58:28.731642+00:00,,2026-09-25T14:58:28.732642+00:00,,2026-09-25T14:58:28.733642+00:00,,2026-09-25T14:58:28.734642+00:00,,2026-09-25T14:58:28.735642+00:00,,2026-09-25T14:58:28.736642+00:00,,2026-09-25T14:58:28.737642+00:00,,2026-09-25T14:58:28.738642+00:00,,2026-09-25T14:58:28.739642+00:00,,2026-09-25T14:58:28.740642+00:00,,2026-09-25T14:58:28.741642+00:00,,2026-09-25T14:58:28.742642+00:00,,2026-09-25T14:58:28.743642+00:00,,2026-09-25T14:58:28.744643+00:00,,2026-09-25T14:58:28.770644+00:00,,2026-09-25T14:58:28.747643+00:00,,2026-09-25T14:58:28.748643+00:00,,2026-09-25T14:58:28.749643+00:00,,2026-09-25T14:58:28.750643+00:00,,2026-09-25T14:58:28.751643+00:00,,2026-09-25T14:58:28.752643+00:00,,2026-09-25T14:58:28.753643+00:00,,2026-09-25T14:58:28.754643+00:00,,2026-09-25T14:58:28.755643+00:00,,2026-09-25T14:58:28.769644+00:00,,2026-09-25T14:58:28.746643+00:00,,2026-09-25T14:58:28.758643+00:00,,2026-09-25T14:58:28.759643+00:00,,2026-09-25T14:58:28.773644+00:00,,2026-09-25T14:58:28.762644+00:00,,2026-09-25T14:58:28.763644+00:00,,2026-09-25T14:58:28.776644+00:00,,2026-09-25T14:58:28.766644+00:00,,2026-09-25T14:58:28.767644+00:00,,2026-09-25T14:58:28.768644+00:00,,2026-09-25T14:58:28.756643+00:00,,2026-09-25T14:58:28.757643+00:00,,2026-09-25T14:58:28.771644+00:00,,2026-09-25T14:58:28.772644+00:00,,2026-09-25T14:58:28.760643+00:00,,2026-09-25T14:58:28.774644+00:00,,2026-09-25T14:58:28.775644+00:00,,2026-09-25T14:58:28.765644+00:00,,2026-09-25T14:58:28.777644+00:00,,2026-09-25T14:58:28.778644+00:00,,2026-09-25T14:58:28.779645+00:00,,2026-09-25T14:58:28.780645+00:00,,2026-09-25T14:58:28.781645+00:00,,2026-09-25T14:58:28.782645+00:00,,2026-09-25T14:58:28.783645+00:00,,2026-09-25T14:58:28.784645+00:00,,2026-09-25T14:58:28.785645+00:00,,2026-09-25T14:58:28.786645+00:00,,2026-09-25T14:58:28.787645+00:00,,2026-09-25T14:58:28.788645+00:00,,2026-09-25T14:58:28.789645+00:00,
8,2026-09-25T13:29:24.141167+00:00,2026-09-25T14:58:29.138665+00:00,94.00500000000001,2026-09-25T14:58:29.044660+00:00,,2026-09-25T14:58:29.052660+00:00,,2026-09-25T14:58:29.053660+00:00,,2026-09-25T14:58:29.054660+00:00,,2026-09-25T14:58:29.055660+00:00,,2026-09-25T14:58:29.056660+00:00,,2026-09-25T14:58:29.057660+00:00,,2026-09-25T14:58:29.058660+00:00,,2026-09-25T14:58:29.059661+00:00,,2026-09-25T14:58:29.060661+00:00,,2026-09-25T14:58:29.061661+00:00,,2026-09-25T14:58:29.062661+00:00,,2026-09-25T14:58:29.063661+00:00,,2026-09-25T14:58:29.064661+00:00,,2026-09-25T14:58:29.065661+00:00,,2026-09-25T14:58:29.066661+00:00,,2026-09-25T14:58:29.067661+00:00,,2026-09-25T14:58:29.068661+00:00,,2026-09-25T14:58:29.069661+00:00,,2026-09-25T14:58:29.070661+00:00,,2026-09-25T14:58:29.083662+00:00,,2026-09-25T14:58:29.084662+00:00,,2026-09-25T14:58:29.073661+00:00,,2026-09-25T14:58:29.074661+00:00,,2026-09-25T14:58:29.075661+00:00,,2026-09-25T14:58:29.076662+00:00,,2026-09-25T14:58:29.078662+00:00,,2026-09-25T14:58:29.079662+00:00,,2026-09-25T14:58:29.080662+00:00,,2026-09-25T14:58:29.081662+00:00,,2026-09-25T14:58:29.082662+00:00,,2026-09-25T14:58:29.071661+00:00,,2026-09-25T14:58:29.072661+00:00,,2026-09-25T14:58:29.085662+00:00,,2026-09-25T14:58:29.086662+00:00,,2026-09-25T14:58:29.087662+00:00,,2026-09-25T14:58:29.088662+00:00,,2026-09-25T14:58:29.089662+00:00,,2026-09-25T14:58:29.090662+00:00,,2026-09-25T14:58:29.091662+00:00,,2026-09-25T14:58:29.092662+00:00,,2026-09-25T14:58:29.093662+00:00,,2026-09-25T14:58:29.094663+00:00,,2026-09-25T14:58:29.095663+00:00,,2026-09-25T14:58:29.096663+00:00,,2026-09-25T14:58:29.097663+00:00,,2026-09-25T14:58:29.098663+00:00,,2026-09-25T14:58:29.099663+00:00,,2026-09-25T14:58:29.114664+00:00,,2026-09-25T14:58:29.101663+00:00,,2026-09-25T14:58:29.102663+00:00,,2026-09-25T14:58:29.103663+00:00,,2026-09-25T14:58:29.104663+00:00,,2026-09-25T14:58:29.105663+00:00,,2026-09-25T14:58:29.106663+00:00,,2026-09-25T14:58:29.107663+00:00,,2026-09-25T14:58:29.122664+00:00,,2026-09-25T14:58:29.112664+00:00,,2026-09-25T14:58:29.113664+00:00,,2026-09-25T14:58:29.115664+00:00,,2026-09-25T14:58:29.116664+00:00,,2026-09-25T14:58:29.117664+00:00,,2026-09-25T14:58:29.118664+00:00,,2026-09-25T14:58:29.119664+00:00,,2026-09-25T14:58:29.120664+00:00,,2026-09-25T14:58:29.121664+00:00,,2026-09-25T14:58:29.111664+00:00,,2026-09-25T14:58:29.123664+00:00,,2026-09-25T14:58:29.135665+00:00,,2026-09-25T14:58:29.125664+00:00,,2026-09-25T14:58:29.126664+00:00,,2026-09-25T14:58:29.127664+00:00,,2026-09-25T14:58:29.128664+00:00,,2026-09-25T14:58:29.129665+00:00,,2026-09-25T14:58:29.130665+00:00,,2026-09-25T14:58:29.131665+00:00,,2026-09-25T14:58:29.132665+00:00,,2026-09-25T14:58:29.133665+00:00,,2026-09-25T14:58:29.134665+00:00,,2026-09-25T14:58:29.124664+00:00,,2026-09-25T14:58:29.136665+00:00,,2026-09-25T14:58:29.137665+00:00,,2026-09-25T14:58:29.138665+00:00,
9,2026-09-25T13:29:24.538483+00:00,2026-09-25T14:58:29.529687+00:00,114.006,2026-09-25T14:58:29.415681+00:00,,2026-09-25T14:58:29.443682+00:00,,2026-09-25T14:58:29.444683+00:00,,2026-09-25T14:58:29.445683+00:00,,2026-09-25T14:58:29.446683+00:00,,2026-09-25T14:58:29.447683+00:00,,2026-09-25T14:58:29.448683+00:00,,2026-09-25T14:58:29.449683+00:00,,2026-09-25T14:58:29.450683+00:00,,2026-09-25T14:58:29.451683+00:00,,2026-09-25T14:58:29.452683+00:00,,2026-09-25T14:58:29.454683+00:00,,2026-09-25T14:58:29.455683+00:00,,2026-09-25T14:58:29.456683+00:00,,2026-09-25T14:58:29.457683+00:00,,2026-09-25T14:58:29.458683+00:00,,2026-09-25T14:58:29.459683+00:00,,2026-09-25T14:58:29.460683+00:00,,2026-09-25T14:58:29.461684+00:00,,2026-09-25T14:58:29.463684+00:00,,2026-09-25T14:58:29.464684+00:00,,2026-09-25T14:58:29.465684+00:00,,2026-09-25T14:58:29.466684+00:00,,2026-09-25T14:58:29.467684+00:00,,2026-09-25T14:58:29.468684+00:00,,2026-09-25T14:58:29.469684+00:00,,2026-09-25T14:58:29.470684+00:00,,2026-09-25T14:58:29.471684+00:00,,2026-09-25T14:58:29.472684+00:00,,2026-09-25T14:58:29.473684+00:00,,2026-09-25T14:58:29.474684+00:00,,2026-09-25T14:58:29.475684+00:00,,2026-09-25T14:58:29.476684+00:00,,2026-09-25T14:58:29.488685+00:00,,2026-09-25T14:58:29.478684+00:00,,2026-09-25T14:58:29.479685+00:00,,2026-09-25T14:58:29.480685+00:00,,2026-09-25T14:58:29.481685+00:00,,2026-09-25T14:58:29.482685+00:00,,2026-09-25T14:58:29.483685+00:00,,2026-09-25T14:58:29.484685+00:00,,2026-09-25T14:58:29.485685+00:00,,2026-09-25T14:58:29.486685+00:00,,2026-09-25T14:58:29.487685+00:00,,2026-09-25T14:58:29.477684+00:00,,2026-09-25T14:58:29.489685+00:00,,2026-09-25T14:58:29.490685+00:00,,2026-09-25T14:58:29.491685+00:00,,2026-09-25T14:58:29.492685+00:00,,2026-09-25T14:58:29.493685+00:00,,2026-09-25T14:58:29.494685+00:00,,2026-09-25T14:58:29.495685+00:00,,2026-09-25T14:58:29.496686+00:00,,2026-09-25T14:58:29.497686+00:00,,2026-09-25T14:58:29.510686+00:00,,2026-09-25T14:58:29.511686+00:00,,2026-09-25T14:58:29.501686+00:00,,2026-09-25T14:58:29.502686+00:00,,2026-09-25T14:58:29.503686+00:00,,2026-09-25T14:58:29.504686+00:00,,2026-09-25T14:58:29.505686+00:00,,2026-09-25T14:58:29.506686+00:00,,2026-09-25T14:58:29.507686+00:00,,2026-09-25T14:58:29.508686+00:00,,2026-09-25T14:58:29.509686+00:00,,2026-09-25T14:58:29.499686+00:00,,2026-09-25T14:58:29.524687+00:00,,2026-09-25T14:58:29.513686+00:00,,2026-09-25T14:58:29.515687+00:00,,2026-09-25T14:58:29.516687+00:00,,2026-09-25T14:58:29.517687+00:00,,2026-09-25T14:58:29.518687+00:00,,2026-09-25T14:58:29.519687+00:00,,2026-09-25T14:58:29.520687+00:00,,2026-09-25T14:58:29.521687+00:00,,2026-09-25T14:58:29.522687+00:00,,2026-09-25T14:58:29.523687+00:00,,2026-09-25T14:58:29.512686+00:00,,2026-09-25T14:58:29.525687+00:00,,2026-09-25T14:58:29.526687+00:00,,2026-09-25T14:58:29.527687+00:00,,2026-09-25T14:58:29.528687+00:00,,2026-09-25T14:58:29.529687+00:00,
10,2026-09-25T13:29:24.894884+00:00,2026-09-25T14:58:29.886708+00:00,94.006,2026-09-25T14:58:29.792702+00:00,,2026-09-25T14:58:29.810703+00:00,,2026-09-25T14:58:29.803703+00:00,,2026-09-25T14:58:29.804703+00:00,,2026-09-25T14:58:29.805703+00:00,,2026-09-25T14:58:29.806703+00:00,,2026-09-25T14:58:29.807703+00:00,,2026-09-25T14:58:29.808703+00:00,,2026-09-25T14:58:29.802703+00:00,,2026-09-25T14:58:29.809703+00:00,,2026-09-25T14:58:29.812704+00:00,,2026-09-25T14:58:29.813704+00:00,,2026-09-25T14:58:29.814704+00:00,,2026-09-25T14:58:29.815704+00:00,,2026-09-25T14:58:29.816704+00:00,,2026-09-25T14:58:29.817704+00:00,,2026-09-25T14:58:29.818704+00:00,,2026-09-25T14:58:29.819704+00:00,,2026-09-25T14:58:29.820704+00:00,,2026-09-25T14:58:29.821704+00:00,,2026-09-25T14:58:29.822704+00:00,,2026-09-25T14:58:29.823704+00:00,,2026-09-25T14:58:29.824704+00:00,,2026-09-25T14:58:29.837705+00:00,,2026-09-25T14:58:29.827704+00:00,,2026-09-25T14:58:29.828705+00:00,,2026-09-25T14:58:29.829705+00:00,,2026-09-25T14:58:29.830705+00:00,,2026-09-25T14:58:29.831705+00:00,,2026-09-25T14:58:29.832705+00:00,,2026-09-25T14:58:29.833705+00:00,,2026-09-25T14:58:29.834705+00:00,,2026-09-25T14:58:29.835705+00:00,,2026-09-25T14:58:29.836705+00:00,,2026-09-25T14:58:29.826704+00:00,,2026-09-25T14:58:29.838705+00:00,,2026-09-25T14:58:29.839705+00:00,,2026-09-25T14:58:29.840705+00:00,,2026-09-25T14:58:29.841705+00:00,,2026-09-25T14:58:29.842705+00:00,,2026-09-25T14:58:29.843705+00:00,,2026-09-25T14:58:29.844705+00:00,,2026-09-25T14:58:29.845705+00:00,,2026-09-25T14:58:29.846706+00:00,,2026-09-25T14:58:29.847706+00:00,,2026-09-25T14:58:29.848706+00:00,,2026-09-25T14:58:29.849706+00:00,,2026-09-25T14:58:29.861706+00:00,,2026-09-25T14:58:29.851706+00:00,,2026-09-25T14:58:29.852706+00:00,,2026-09-25T14:58:29.853706+00:00,,2026-09-25T14:58:29.854706+00:00,,2026-09-25T14:58:29.855706+00:00,,2026-09-25T14:58:29.856706+00:00,,2026-09-25T14:58:29.857706+00:00,,2026-09-25T14:58:29.858706+00:00,,2026-09-25T14:58:29.859706+00:00,,2026-09-25T14:58:29.860706+00:00,,2026-09-25T14:58:29.862706+00:00,,2026-09-25T14:58:29.863707+00:00,,2026-09-25T14:58:29.864707+00:00,,2026-09-25T14:58:29.865707+00:00,,2026-09-25T14:58:29.866707+00:00,,2026-09-25T14:58:29.867707+00:00,,2026-09-25T14:58:29.868707+00:00,,2026-09-25T14:58:29.869707+00:00,,2026-09-25T14:58:29.870707+00:00,,2026-09-25T14:58:29.871707+00:00,,2026-09-25T14:58:29.872707+00:00,,2026-09-25T14:58:29.873707+00:00,,2026-09-25T14:58:29.874707+00:00,,2026-09-25T14:58:29.875707+00:00,,2026-09-25T14:58:29.876707+00:00,,2026-09-25T14:58:29.877707+00:00,,2026-09-25T14:58:29.878707+00:00,,2026-09-25T14:58:29.879707+00:00,,2026-09-25T14:58:29.880707+00:00,,2026-09-25T14:58:29.881708+00:00,,2026-09-25T14:58:29.882708+00:00,,2026-09-25T14:58:29.883708+00:00,,2026-09-25T14:58:29.884708+00:00,,2026-09-25T14:58:29.885708+00:00,,2026-09-25T14:58:29.886708+00:00,
11,2026-09-25T13:29:25.270441+00:00,2026-09-25T14:58:30.246728+00:00,93.00500000000001,2026-09-25T14:58:30.153723+00:00,,2026-09-25T14:58:30.158723+00:00,,2026-09-25T14:58:30.159723+00:00,,2026-09-25T14:58:30.160724+00:00,,2026-09-25T14:58:30.161724+00:00,,2026-09-25T14:58:30.162724+00:00,,2026-09-25T14:58:30.175724+00:00,,2026-09-25T14:58:30.165724+00:00,,2026-09-25T14:58:30.166724+00:00,,2026-09-25T14:58:30.167724+00:00,,2026-09-25T14:58:30.168724+00:00,,2026-09-25T14:58:30.169724+00:00,,2026-09-25T14:58:30.170724+00:00,,2026-09-25T14:58:30.171724+00:00,,2026-09-25T14:58:30.172724+00:00,,2026-09-25T14:58:30.173724+00:00,,2026-09-25T14:58:30.174724+00:00,,2026-09-25T14:58:30.164724+00:00,,2026-09-25T14:58:30.176724+00:00,,2026-09-25T14:58:30.177724+00:00,,2026-09-25T14:58:30.178725+00:00,,2026-09-25T14:58:30.179725+00:00,,2026-09-25T14:58:30.180725+00:00,,2026-09-25T14:58:30.181725+00:00,,2026-09-25T14:58:30.182725+00:00,,2026-09-25T14:58:30.183725+00:00,,2026-09-25T14:58:30.196726+00:00,,2026-09-25T14:58:30.186725+00:00,,2026-09-25T14:58:30.187725+00:00,,2026-09-25T14:58:30.188725+00:00,,2026-09-25T14:58:30.189725+00:00,,2026-09-25T14:58:30.190725+00:00,,2026-09-25T14:58:30.191725+00:00,,2026-09-25T14:58:30.192725+00:00,,2026-09-25T14:58:30.193725+00:00,,2026-09-25T14:58:30.194725+00:00,,2026-09-25T14:58:30.195726+00:00,,2026-09-25T14:58:30.185725+00:00,,2026-09-25T14:58:30.197726+00:00,,2026-09-25T14:58:30.198726+00:00,,2026-09-25T14:58:30.200726+00:00,,2026-09-25T14:58:30.202726+00:00,,2026-09-25T14:58:30.203726+00:00,,2026-09-25T14:58:30.204726+00:00,,2026-09-25T14:58:30.205726+00:00,,2026-09-25T14:58:30.206726+00:00,,2026-09-25T14:58:30.207726+00:00,,2026-09-25T14:58:30.208726+00:00,,2026-09-25T14:58:30.209726+00:00,,2026-09-25T14:58:30.210726+00:00,,2026-09-25T14:58:30.211726+00:00,,2026-09-25T14:58:30.213727+00:00,,2026-09-25T14:58:30.214727+00:00,,2026-09-25T14:58:30.216727+00:00,,2026-09-25T14:58:30.217727+00:00,,2026-09-25T14:58:30.218727+00:00,,2026-09-25T14:58:30.219727+00:00,,2026-09-25T14:58:30.220727+00:00,,2026-09-25T14:58:30.221727+00:00,,2026-09-25T14:58:30.222727+00:00,,2026-09-25T14:58:30.223727+00:00,,2026-09-25T14:58:30.224727+00:00,,2026-09-25T14:58:30.225727+00:00,,2026-09-25T14:58:30.226727+00:00,,2026-09-25T14:58:30.227727+00:00,,2026-09-25T14:58:30.228727+00:00,,2026-09-25T14:58:30.229727+00:00,,2026-09-25T14:58:30.230728+00:00,,2026-09-25T14:58:30.231728+00:00,,2026-09-25T14:58:30.232728+00:00,,2026-09-25T14:58:30.245728+00:00,,2026-09-25T14:58:30.235728+00:00,,2026-09-25T14:58:30.236728+00:00,,2026-09-25T14:58:30.237728+00:00,,2026-09-25T14:58:30.238728+00:00,,2026-09-25T14:58:30.239728+00:00,,2026-09-25T14:58:30.240728+00:00,,2026-09-25T14:58:30.241728+00:00,,2026-09-25T14:58:30.242728+00:00,,2026-09-25T14:58:30.243728+00:00,,2026-09-25T14:58:30.244728+00:00,,2026-09-25T14:58:30.234728+00:00,,2026-09-25T14:58:30.246728+00:00,
12,2026-09-25T13:29:25.719844+00:00,2026-09-25T14:58:30.717755+00:00,99.005,2026-09-25T14:58:30.618750+00:00,,2026-09-25T14:58:30.624750+00:00,,2026-09-25T14:58:30.626750+00:00,,2026-09-25T14:58:30.627750+00:00,,2026-09-25T14:58:30.628750+00:00,,2026-09-25T14:58:30.629750+00:00,,2026-09-25T14:58:30.630750+00:00,,2026-09-25T14:58:30.646751+00:00,,2026-09-25T14:58:30.634751+00:00,,2026-09-25T14:58:30.635751+00:00,,2026-09-25T14:58:30.636751+00:00,,2026-09-25T14:58:30.650752+00:00,,2026-09-25T14:58:30.639751+00:00,,2026-09-25T14:58:30.640751+00:00,,2026-09-25T14:58:30.641751+00:00,,2026-09-25T14:58:30.642751+00:00,,2026-09-25T14:58:30.643751+00:00,,2026-09-25T14:58:30.656752+00:00,,2026-09-25T14:58:30.632751+00:00,,2026-09-25T14:58:30.647751+00:00,,2026-09-25T14:58:30.648751+00:00,,2026-09-25T14:58:30.660752+00:00,,2026-09-25T14:58:30.638751+00:00,,2026-09-25T14:58:30.651752+00:00,,2026-09-25T14:58:30.652752+00:00,,2026-09-25T14:58:30.653752+00:00,,2026-09-25T14:58:30.654752+00:00,,2026-09-25T14:58:30.655752+00:00,,2026-09-25T14:58:30.645751+00:00,,2026-09-25T14:58:30.657752+00:00,,2026-09-25T14:58:30.658752+00:00,,2026-09-25T14:58:30.659752+00:00,,2026-09-25T14:58:30.661752+00:00,,2026-09-25T14:58:30.662752+00:00,,2026-09-25T14:58:30.663752+00:00,,2026-09-25T14:58:30.664752+00:00,,2026-09-25T14:58:30.665752+00:00,,2026-09-25T14:58:30.666752+00:00,,2026-09-25T14:58:30.667753+00:00,,2026-09-25T14:58:30.668753+00:00,,2026-09-25T14:58:30.669753+00:00,,2026-09-25T14:58:30.670753+00:00,,2026-09-25T14:58:30.671753+00:00,,2026-09-25T14:58:30.672753+00:00,,2026-09-25T14:58:30.673753+00:00,,2026-09-25T14:58:30.674753+00:00,,2026-09-25T14:58:30.675753+00:00,,2026-09-25T14:58:30.676753+00:00,,2026-09-25T14:58:30.677753+00:00,,2026-09-25T14:58:30.678753+00:00,,2026-09-25T14:58:30.679753+00:00,,2026-09-25T14:58:30.680753+00:00,,2026-09-25T14:58:30.681753+00:00,,2026-09-25T14:58:30.682753+00:00,,2026-09-25T14:58:30.683753+00:00,,2026-09-25T14:58:30.684753+00:00,,2026-09-25T14:58:30.685754+00:00,,2026-09-25T14:58:30.686754+00:00,,2026-09-25T14:58:30.687754+00:00,,2026-09-25T14:58:30.688754+00:00,,2026-09-25T14:58:30.689754+00:00,,2026-09-25T14:58:30.691754+00:00,,2026-09-25T14:58:30.692754+00:00,,2026-09-25T14:58:30.707755+00:00,,2026-09-25T14:58:30.695754+00:00,,2026-09-25T14:58:30.696754+00:00,,2026-09-25T14:58:30.697754+00:00,,2026-09-25T14:58:30.698754+00:00,,2026-09-25T14:58:30.700754+00:00,,2026-09-25T14:58:30.715755+00:00,,2026-09-25T14:58:30.703755+00:00,,2026-09-25T14:58:30.704755+00:00,,2026-09-25T14:58:30.705755+00:00,,2026-09-25T14:58:30.706755+00:00,,2026-09-25T14:58:30.694754+00:00,,2026-09-25T14:58:30.708755+00:00,,2026-09-25T14:58:30.709755+00:00,,2026-09-25T14:58:30.710755+00:00,,2026-09-25T14:58:30.711755+00:00,,2026-09-25T14:58:30.714755+00:00,,2026-09-25T14:58:30.702755+00:00,,2026-09-25T14:58:30.716755+00:00,,2026-09-25T14:58:30.717755+00:00,
13,2026-09-25T13:29:26.131711+00:00,2026-09-25T14:58:31.129779+00:00,98.006,2026-09-25T14:58:31.031773+00:00,,2026-09-25T14:58:31.035774+00:00,,2026-09-25T14:58:31.037774+00:00,,2026-09-25T14:58:31.038774+00:00,,2026-09-25T14:58:31.040774+00:00,,2026-09-25T14:58:31.041774+00:00,,2026-09-25T14:58:31.055775+00:00,,2026-09-25T14:58:31.044774+00:00,,2026-09-25T14:58:31.045774+00:00,,2026-09-25T14:58:31.046774+00:00,,2026-09-25T14:58:31.047774+00:00,,2026-09-25T14:58:31.048774+00:00,,2026-09-25T14:58:31.061775+00:00,,2026-09-25T14:58:31.051774+00:00,,2026-09-25T14:58:31.052775+00:00,,2026-09-25T14:58:31.053775+00:00,,2026-09-25T14:58:31.054775+00:00,,2026-09-25T14:58:31.043774+00:00,,2026-09-25T14:58:31.056775+00:00,,2026-09-25T14:58:31.057775+00:00,,2026-09-25T14:58:31.058775+00:00,,2026-09-25T14:58:31.059775+00:00,,2026-09-25T14:58:31.060775+00:00,,2026-09-25T14:58:31.062775+00:00,,2026-09-25T14:58:31.063775+00:00,,2026-09-25T14:58:31.064775+00:00,,2026-09-25T14:58:31.065775+00:00,,2026-09-25T14:58:31.066775+00:00,,2026-09-25T14:58:31.067775+00:00,,2026-09-25T14:58:31.068775+00:00,,2026-09-25T14:58:31.069775+00:00,,2026-09-25T14:58:31.070776+00:00,,2026-09-25T14:58:31.071776+00:00,,2026-09-25T14:58:31.072776+00:00,,2026-09-25T14:58:31.073776+00:00,,2026-09-25T14:58:31.075776+00:00,,2026-09-25T14:58:31.076776+00:00,,2026-09-25T14:58:31.077776+00:00,,2026-09-25T14:58:31.078776+00:00,,2026-09-25T14:58:31.079776+00:00,,2026-09-25T14:58:31.080776+00:00,,2026-09-25T14:58:31.081776+00:00,,2026-09-25T14:58:31.082776+00:00,,2026-09-25T14:58:31.083776+00:00,,2026-09-25T14:58:31.084776+00:00,,2026-09-25T14:58:31.085776+00:00,,2026-09-25T14:58:31.086776+00:00,,2026-09-25T14:58:31.087777+00:00,,2026-09-25T14:58:31.088777+00:00,,2026-09-25T14:58:31.089777+00:00,,2026-09-25T14:58:31.090777+00:00,,2026-09-25T14:58:31.091777+00:00,,2026-09-25T14:58:31.092777+00:00,,2026-09-25T14:58:31.093777+00:00,,2026-09-25T14:58:31.094777+00:00,,2026-09-25T14:58:31.095777+00:00,,2026-09-25T14:58:31.096777+00:00,,2026-09-25T14:58:31.097777+00:00,,2026-09-25T14:58:31.098777+00:00,,2026-09-25T14:58:31.113778+00:00,,2026-09-25T14:58:31.102777+00:00,,2026-09-25T14:58:31.103777+00:00,,2026-09-25T14:58:31.104778+00:00,,2026-09-25T14:58:31.105778+00:00,,2026-09-25T14:58:31.106778+00:00,,2026-09-25T14:58:31.107778+00:00,,2026-09-25T14:58:31.108778+00:00,,2026-09-25T14:58:31.109778+00:00,,2026-09-25T14:58:31.110778+00:00,,2026-09-25T14:58:31.111778+00:00,,2026-09-25T14:58:31.114778+00:00,,2026-09-25T14:58:31.115778+00:00,,2026-09-25T14:58:31.116778+00:00,,2026-09-25T14:58:31.118778+00:00,,2026-09-25T14:58:31.119778+00:00,,2026-09-25T14:58:31.121778+00:00,,2026-09-25T14:58:31.123779+00:00,,2026-09-25T14:58:31.124779+00:00,,2026-09-25T14:58:31.125779+00:00,,2026-09-25T14:58:31.126779+00:00,,2026-09-25T14:58:31.127779+00:00,,2026-09-25T14:58:31.128779+00:00,,2026-09-25T14:58:31.129779+00:00,
14,2026-09-25T13:29:26.565402+00:00,2026-09-25T14:58:31.561804+00:00,177.01,2026-09-25T14:58:31.384794+00:00,,2026-09-25T14:58:31.393794+00:00,,2026-09-25T14:58:31.395794+00:00,,2026-09-25T14:58:31.397794+00:00,,2026-09-25T14:58:31.399794+00:00,,2026-09-25T14:58:31.401794+00:00,,2026-09-25T14:58:31.403795+00:00,,2026-09-25T14:58:31.405795+00:00,,2026-09-25T14:58:31.407795+00:00,,2026-09-25T14:58:31.409795+00:00,,2026-09-25T14:58:31.411795+00:00,,2026-09-25T14:58:31.413795+00:00,,2026-09-25T14:58:31.415795+00:00,,2026-09-25T14:58:31.417795+00:00,,2026-09-25T14:58:31.419796+00:00,,2026-09-25T14:58:31.423796+00:00,,2026-09-25T14:58:31.425796+00:00,,2026-09-25T14:58:31.427796+00:00,,2026-09-25T14:58:31.429796+00:00,,2026-09-25T14:58:31.431796+00:00,,2026-09-25T14:58:31.433796+00:00,,2026-09-25T14:58:31.435796+00:00,,2026-09-25T14:58:31.437797+00:00,,2026-09-25T14:58:31.439797+00:00,,2026-09-25T14:58:31.441797+00:00,,2026-09-25T14:58:31.443797+00:00,,2026-09-25T14:58:31.445797+00:00,,2026-09-25T14:58:31.447797+00:00,,2026-09-25T14:58:31.473799+00:00,,2026-09-25T14:58:31.451797+00:00,,2026-09-25T14:58:31.453797+00:00,,2026-09-25T14:58:31.455798+00:00,,2026-09-25T14:58:31.457798+00:00,,2026-09-25T14:58:31.459798+00:00,,2026-09-25T14:58:31.461798+00:00,,2026-09-25T14:58:31.463798+00:00,,2026-09-25T14:58:31.465798+00:00,,2026-09-25T14:58:31.467798+00:00,,2026-09-25T14:58:31.469798+00:00,,2026-09-25T14:58:31.449797+00:00,,2026-09-25T14:58:31.475799+00:00,,2026-09-25T14:58:31.477799+00:00,,2026-09-25T14:58:31.479799+00:00,,2026-09-25T14:58:31.481799+00:00,,2026-09-25T14:58:31.483799+00:00,,2026-09-25T14:58:31.485799+00:00,,2026-09-25T14:58:31.487799+00:00,,2026-09-25T14:58:31.489800+00:00,,2026-09-25T14:58:31.491800+00:00,,2026-09-25T14:58:31.493800+00:00,,2026-09-25T14:58:31.495800+00:00,,2026-09-25T14:58:31.497800+00:00,,2026-09-25T14:58:31.499800+00:00,,2026-09-25T14:58:31.501800+00:00,,2026-09-25T14:58:31.503800+00:00,,2026-09-25T14:58:31.505800+00:00,,2026-09-25T14:58:31.507801+00:00,,2026-09-25T14:58:31.509801+00:00,,2026-09-25T14:58:31.511801+00:00,,2026-09-25T14:58:31.513801+00:00,,2026-09-25T14:58:31.515801+00:00,,2026-09-25T14:58:31.517801+00:00,,2026-09-25T14:58:31.519801+00:00,,2026-09-25T14:58:31.523801+00:00,,2026-09-25T14:58:31.525802+00:00,,2026-09-25T14:58:31.527802+00:00,,2026-09-25T14:58:31.529802+00:00,,2026-09-25T14:58:31.531802+00:00,,2026-09-25T14:58:31.555803+00:00,,2026-09-25T14:58:31.535802+00:00,,2026-09-25T14:58:31.537802+00:00,,2026-09-25T14:58:31.539802+00:00,,2026-09-25T14:58:31.541802+00:00,,2026-09-25T14:58:31.543803+00:00,,2026-09-25T14:58:31.545803+00:00,,2026-09-25T14:58:31.547803+00:00,,2026-09-25T14:58:31.549803+00:00,,2026-09-25T14:58:31.551803+00:00,,2026-09-25T14:58:31.553803+00:00,,2026-09-25T14:58:31.533802+00:00,,2026-09-25T14:58:31.557803+00:00,,2026-09-25T14:58:31.559804+00:00,,2026-09-25T14:58:31.561804+00:00,
15,2026-09-25T13:29:27.020252+00:00,2026-09-25T14:58:32.012829+00:00,181.01,2026-09-25T14:58:31.831819+00:00,,2026-09-25T14:58:31.867821+00:00,,2026-09-25T14:58:31.869821+00:00,,2026-09-25T14:58:31.871821+00:00,,2026-09-25T14:58:31.873821+00:00,,2026-09-25T14:58:31.875822+00:00,,2026-09-25T14:58:31.877822+00:00,,2026-09-25T14:58:31.879822+00:00,,2026-09-25T14:58:31.881822+00:00,,2026-09-25T14:58:31.883822+00:00,,2026-09-25T14:58:31.885822+00:00,,2026-09-25T14:58:31.887822+00:00,,2026-09-25T14:58:31.889822+00:00,,2026-09-25T14:58:31.891823+00:00,,2026-09-25T14:58:31.893823+00:00,,2026-09-25T14:58:31.895823+00:00,,2026-09-25T14:58:31.897823+00:00,,2026-09-25T14:58:31.921824+00:00,,2026-09-25T14:58:31.901823+00:00,,2026-09-25T14:58:31.903823+00:00,,2026-09-25T14:58:31.905823+00:00,,2026-09-25T14:58:31.907823+00:00,,2026-09-25T14:58:31.909824+00:00,,2026-09-25T14:58:31.911824+00:00,,2026-09-25T14:58:31.913824+00:00,,2026-09-25T14:58:31.915824+00:00,,2026-09-25T14:58:31.917824+00:00,,2026-09-25T14:58:31.919824+00:00,,2026-09-25T14:58:31.923824+00:00,,2026-09-25T14:58:31.925824+00:00,,2026-09-25T14:58:31.927825+00:00,,2026-09-25T14:58:31.929825+00:00,,2026-09-25T14:58:31.931825+00:00,,2026-09-25T14:58:31.933825+00:00,,2026-09-25T14:58:31.935825+00:00,,2026-09-25T14:58:31.937825+00:00,,2026-09-25T14:58:31.939825+00:00,,2026-09-25T14:58:31.940825+00:00,,2026-09-25T14:58:31.942825+00:00,,2026-09-25T14:58:31.944826+00:00,,2026-09-25T14:58:31.946826+00:00,,2026-09-25T14:58:31.948826+00:00,,2026-09-25T14:58:31.950826+00:00,,2026-09-25T14:58:31.952826+00:00,,2026-09-25T14:58:31.954826+00:00,,2026-09-25T14:58:31.956826+00:00,,2026-09-25T14:58:31.958826+00:00,,2026-09-25T14:58:31.960826+00:00,,2026-09-25T14:58:31.961827+00:00,,2026-09-25T14:58:31.963827+00:00,,2026-09-25T14:58:31.965827+00:00,,2026-09-25T14:58:31.966827+00:00,,2026-09-25T14:58:31.968827+00:00,,2026-09-25T14:58:31.970827+00:00,,2026-09-25T14:58:31.972827+00:00,,2026-09-25T14:58:31.974827+00:00,,2026-09-25T14:58:31.975827+00:00,,2026-09-25T14:58:31.976827+00:00,,2026-09-25T14:58:31.977827+00:00,,2026-09-25T14:58:31.978827+00:00,,2026-09-25T14:58:31.980828+00:00,,2026-09-25T14:58:31.981828+00:00,,2026-09-25T14:58:31.982828+00:00,,2026-09-25T14:58:31.984828+00:00,,2026-09-25T14:58:31.985828+00:00,,2026-09-25T14:58:31.986828+00:00,,2026-09-25T14:58:31.987828+00:00,,2026-09-25T14:58:31.988828+00:00,,2026-09-25T14:58:31.990828+00:00,,2026-09-25T14:58:31.992828+00:00,,2026-09-25T14:58:31.994828+00:00,,2026-09-25T14:58:31.996829+00:00,,2026-09-25T14:58:31.998829+00:00,,2026-09-25T14:58:32.000829+00:00,,2026-09-25T14:58:32.001829+00:00,,2026-09-25T14:58:32.002829+00:00,,2026-09-25T14:58:32.003829+00:00,,2026-09-25T14:58:32.004829+00:00,,2026-09-25T14:58:32.006829+00:00,,2026-09-25T14:58:32.007829+00:00,,2026-09-25T14:58:32.008829+00:00,,2026-09-25T14:58:32.010829+00:00,,2026-09-25T14:58:32.012829+00:00,
16,2026-09-25T13:29:27.482219+00:00,2026-09-25T14:58:32.479856+00:00,95.00500000000001,2026-09-25T14:58:32.384851+00:00,,2026-09-25T14:58:32.395851+00:00,,2026-09-25T14:58:32.396851+00:00,,2026-09-25T14:58:32.397851+00:00,,2026-09-25T14:58:32.398852+00:00,,2026-09-25T14:58:32.399852+00:00,,2026-09-25T14:58:32.400852+00:00,,2026-09-25T14:58:32.401852+00:00,,2026-09-25T14:58:32.402852+00:00,,2026-09-25T14:58:32.403852+00:00,,2026-09-25T14:58:32.404852+00:00,,2026-09-25T14:58:32.405852+00:00,,2026-09-25T14:58:32.406852+00:00,,2026-09-25T14:58:32.407852+00:00,,2026-09-25T14:58:32.408852+00:00,,2026-09-25T14:58:32.410852+00:00,,2026-09-25T14:58:32.411852+00:00,,2026-09-25T14:58:32.412852+00:00,,2026-09-25T14:58:32.413852+00:00,,2026-09-25T14:58:32.414852+00:00,,2026-09-25T14:58:32.415852+00:00,,2026-09-25T14:58:32.416853+00:00,,2026-09-25T14:58:32.417853+00:00,,2026-09-25T14:58:32.418853+00:00,,2026-09-25T14:58:32.419853+00:00,,2026-09-25T14:58:32.420853+00:00,,2026-09-25T14:58:32.421853+00:00,,2026-09-25T14:58:32.422853+00:00,,2026-09-25T14:58:32.423853+00:00,,2026-09-25T14:58:32.424853+00:00,,2026-09-25T14:58:32.425853+00:00,,2026-09-25T14:58:32.437854+00:00,,2026-09-25T14:58:32.427853+00:00,,2026-09-25T14:58:32.428853+00:00,,2026-09-25T14:58:32.429853+00:00,,2026-09-25T14:58:32.430853+00:00,,2026-09-25T14:58:32.431853+00:00,,2026-09-25T14:58:32.432853+00:00,,2026-09-25T14:58:32.433854+00:00,,2026-09-25T14:58:32.434854+00:00,,2026-09-25T14:58:32.435854+00:00,,2026-09-25T14:58:32.436854+00:00,,2026-09-25T14:58:32.426853+00:00,,2026-09-25T14:58:32.438854+00:00,,2026-09-25T14:58:32.439854+00:00,,2026-09-25T14:58:32.440854+00:00,,2026-09-25T14:58:32.441854+00:00,,2026-09-25T14:58:32.442854+00:00,,2026-09-25T14:58:32.443854+00:00,,2026-09-25T14:58:32.444854+00:00,,2026-09-25T14:58:32.445854+00:00,,2026-09-25T14:58:32.446854+00:00,,2026-09-25T14:58:32.459855+00:00,,2026-09-25T14:58:32.461855+00:00,,2026-09-25T14:58:32.450854+00:00,,2026-09-25T14:58:32.451855+00:00,,2026-09-25T14:58:32.452855+00:00,,2026-09-25T14:58:32.453855+00:00,,2026-09-25T14:58:32.454855+00:00,,2026-09-25T14:58:32.455855+00:00,,2026-09-25T14:58:32.456855+00:00,,2026-09-25T14:58:32.457855+00:00,,2026-09-25T14:58:32.458855+00:00,,2026-09-25T14:58:32.447854+00:00,,2026-09-25T14:58:32.449854+00:00,,2026-09-25T14:58:32.462855+00:00,,2026-09-25T14:58:32.463855+00:00,,2026-09-25T14:58:32.464855+00:00,,2026-09-25T14:58:32.465855+00:00,,2026-09-25T14:58:32.466855+00:00,,2026-09-25T14:58:32.467855+00:00,,2026-09-25T14:58:32.468856+00:00,,2026-09-25T14:58:32.469856+00:00,,2026-09-25T14:58:32.470856+00:00,,2026-09-25T14:58:32.471856+00:00,,2026-09-25T14:58:32.472856+00:00,,2026-09-25T14:58:32.473856+00:00,,2026-09-25T14:58:32.474856+00:00,,2026-09-25T14:58:32.475856+00:00,,2026-09-25T14:58:32.476856+00:00,,2026-09-25T14:58:32.477856+00:00,,2026-09-25T14:58:32.478856+00:00,,2026-09-25T14:58:32.479856+00:00,
17,2026-09-25T13:29:27.838146+00:00,2026-09-25T14:58:32.833876+00:00,99.005,2026-09-25T14:58:32.734871+00:00,,2026-09-25T14:58:32.751872+00:00,,2026-09-25T14:58:32.768873+00:00,,2026-09-25T14:58:32.753872+00:00,,2026-09-25T14:58:32.754872+00:00,,2026-09-25T14:58:32.755872+00:00,,2026-09-25T14:58:32.767873+00:00,,2026-09-25T14:58:32.752872+00:00,,2026-09-25T14:58:32.758872+00:00,,2026-09-25T14:58:32.759872+00:00,,2026-09-25T14:58:32.760872+00:00,,2026-09-25T14:58:32.763872+00:00,,2026-09-25T14:58:32.761872+00:00,,2026-09-25T14:58:32.762872+00:00,,2026-09-25T14:58:32.764872+00:00,,2026-09-25T14:58:32.765873+00:00,,2026-09-25T14:58:32.766873+00:00,,2026-09-25T14:58:32.756872+00:00,,2026-09-25T14:58:32.757872+00:00,,2026-09-25T14:58:32.769873+00:00,,2026-09-25T14:58:32.770873+00:00,,2026-09-25T14:58:32.771873+00:00,,2026-09-25T14:58:32.772873+00:00,,2026-09-25T14:58:32.773873+00:00,,2026-09-25T14:58:32.774873+00:00,,2026-09-25T14:58:32.775873+00:00,,2026-09-25T14:58:32.776873+00:00,,2026-09-25T14:58:32.777873+00:00,,2026-09-25T14:58:32.778873+00:00,,2026-09-25T14:58:32.779873+00:00,,2026-09-25T14:58:32.780873+00:00,,2026-09-25T14:58:32.781873+00:00,,2026-09-25T14:58:32.782873+00:00,,2026-09-25T14:58:32.783874+00:00,,2026-09-25T14:58:32.784874+00:00,,2026-09-25T14:58:32.785874+00:00,,2026-09-25T14:58:32.786874+00:00,,2026-09-25T14:58:32.787874+00:00,,2026-09-25T14:58:32.788874+00:00,,2026-09-25T14:58:32.800875+00:00,,2026-09-25T14:58:32.790874+00:00,,2026-09-25T14:58:32.791874+00:00,,2026-09-25T14:58:32.792874+00:00,,2026-09-25T14:58:32.793874+00:00,,2026-09-25T14:58:32.794874+00:00,,2026-09-25T14:58:32.795874+00:00,,2026-09-25T14:58:32.796874+00:00,,2026-09-25T14:58:32.808875+00:00,,2026-09-25T14:58:32.798874+00:00,,2026-09-25T14:58:32.799874+00:00,,2026-09-25T14:58:32.789874+00:00,,2026-09-25T14:58:32.801875+00:00,,2026-09-25T14:58:32.802875+00:00,,2026-09-25T14:58:32.803875+00:00,,2026-09-25T14:58:32.804875+00:00,,2026-09-25T14:58:32.816875+00:00,,2026-09-25T14:58:32.806875+00:00,,2026-09-25T14:58:32.807875+00:00,,2026-09-25T14:58:32.809875+00:00,,2026-09-25T14:58:32.810875+00:00,,2026-09-25T14:58:32.811875+00:00,,2026-09-25T14:58:32.812875+00:00,,2026-09-25T14:58:32.813875+00:00,,2026-09-25T14:58:32.814875+00:00,,2026-09-25T14:58:32.815875+00:00,,2026-09-25T14:58:32.805875+00:00,,2026-09-25T14:58:32.817875+00:00,,2026-09-25T14:58:32.829876+00:00,,2026-09-25T14:58:32.819876+00:00,,2026-09-25T14:58:32.820876+00:00,,2026-09-25T14:58:32.821876+00:00,,2026-09-25T14:58:32.822876+00:00,,2026-09-25T14:58:32.823876+00:00,,2026-09-25T14:58:32.824876+00:00,,2026-09-25T14:58:32.825876+00:00,,2026-09-25T14:58:32.826876+00:00,,2026-09-25T14:58:32.827876+00:00,,2026-09-25T14:58:32.828876+00:00,,2026-09-25T14:58:32.818876+00:00,,2026-09-25T14:58:32.830876+00:00,,2026-09-25T14:58:32.831876+00:00,,2026-09-25T14:58:32.832876+00:00,,2026-09-25T14:58:32.833876+00:00,
18,2026-09-25T13:29:28.194672+00:00,2026-09-25T14:58:33.184896+00:00,95.00500000000001,2026-09-25T14:58:33.089891+00:00,,2026-09-25T14:58:33.102892+00:00,,2026-09-25T14:58:33.103892+00:00,,2026-09-25T14:58:33.104892+00:00,,2026-09-25T14:58:33.105892+00:00,,2026-09-25T14:58:33.106892+00:00,,2026-09-25T14:58:33.107892+00:00,,2026-09-25T14:58:33.108892+00:00,,2026-09-25T14:58:33.109892+00:00,,2026-09-25T14:58:33.110892+00:00,,2026-09-25T14:58:33.111892+00:00,,2026-09-25T14:58:33.112892+00:00,,2026-09-25T14:58:33.113892+00:00,,2026-09-25T14:58:33.114892+00:00,,2026-09-25T14:58:33.115893+00:00,,2026-09-25T14:58:33.116893+00:00,,2026-09-25T14:58:33.117893+00:00,,2026-09-25T14:58:33.118893+00:00,,2026-09-25T14:58:33.119893+00:00,,2026-09-25T14:58:33.120893+00:00,,2026-09-25T14:58:33.121893+00:00,,2026-09-25T14:58:33.122893+00:00,,2026-09-25T14:58:33.123893+00:00,,2026-09-25T14:58:33.124893+00:00,,2026-09-25T14:58:33.125893+00:00,,2026-09-25T14:58:33.126893+00:00,,2026-09-25T14:58:33.138894+00:00,,2026-09-25T14:58:33.139894+00:00,,2026-09-25T14:58:33.129893+00:00,,2026-09-25T14:58:33.130893+00:00,,2026-09-25T14:58:33.131893+00:00,,2026-09-25T14:58:33.132894+00:00,,2026-09-25T14:58:33.133894+00:00,,2026-09-25T14:58:33.134894+00:00,,2026-09-25T14:58:33.135894+00:00,,2026-09-25T14:58:33.136894+00:00,,2026-09-25T14:58:33.137894+00:00,,2026-09-25T14:58:33.127893+00:00,,2026-09-25T14:58:33.128893+00:00,,2026-09-25T14:58:33.140894+00:00,,2026-09-25T14:58:33.141894+00:00,,2026-09-25T14:58:33.142894+00:00,,2026-09-25T14:58:33.143894+00:00,,2026-09-25T14:58:33.144894+00:00,,2026-09-25T14:58:33.145894+00:00,,2026-09-25T14:58:33.146894+00:00,,2026-09-25T14:58:33.158895+00:00,,2026-09-25T14:58:33.148894+00:00,,2026-09-25T14:58:33.149894+00:00,,2026-09-25T14:58:33.150895+00:00,,2026-09-25T14:58:33.151895+00:00,,2026-09-25T14:58:33.152895+00:00,,2026-09-25T14:58:33.153895+00:00,,2026-09-25T14:58:33.154895+00:00,,2026-09-25T14:58:33.155895+00:00,,2026-09-25T14:58:33.156895+00:00,,2026-09-25T14:58:33.157895+00:00,,2026-09-25T14:58:33.159895+00:00,,2026-09-25T14:58:33.160895+00:00,,2026-09-25T14:58:33.161895+00:00,,2026-09-25T14:58:33.162895+00:00,,2026-09-25T14:58:33.174896+00:00,,2026-09-25T14:58:33.175896+00:00,,2026-09-25T14:58:33.176896+00:00,,2026-09-25T14:58:33.177896+00:00,,2026-09-25T14:58:33.167896+00:00,,2026-09-25T14:58:33.168896+00:00,,2026-09-25T14:58:33.169896+00:00,,2026-09-25T14:58:33.170896+00:00,,2026-09-25T14:58:33.171896+00:00,,2026-09-25T14:58:33.172896+00:00,,2026-09-25T14:58:33.173896+00:00,,2026-09-25T14:58:33.163895+00:00,,2026-09-25T14:58:33.164895+00:00,,2026-09-25T14:58:33.165895+00:00,,2026-09-25T14:58:33.166895+00:00,,2026-09-25T14:58:33.178896+00:00,,2026-09-25T14:58:33.179896+00:00,,2026-09-25T14:58:33.180896+00:00,,2026-09-25T14:58:33.181896+00:00,,2026-09-25T14:58:33.182896+00:00,,2026-09-25T14:58:33.183896+00:00,,2026-09-25T14:58:33.184896+00:00,
19,2026-09-25T13:29:28.613149+00:00,2026-09-25T14:58:33.610921+00:00,87.005,2026-09-25T14:58:33.523916+00:00,,2026-09-25T14:58:33.526916+00:00,,2026-09-25T14:58:33.539917+00:00,,2026-09-25T14:58:33.529916+00:00,,2026-09-25T14:58:33.530916+00:00,,2026-09-25T14:58:33.531916+00:00,,2026-09-25T14:58:33.532916+00:00,,2026-09-25T14:58:33.544917+00:00,,2026-09-25T14:58:33.534916+00:00,,2026-09-25T14:58:33.535917+00:00,,2026-09-25T14:58:33.536917+00:00,,2026-09-25T14:58:33.537917+00:00,,2026-09-25T14:58:33.538917+00:00,,2026-09-25T14:58:33.528916+00:00,,2026-09-25T14:58:33.540917+00:00,,2026-09-25T14:58:33.541917+00:00,,2026-09-25T14:58:33.542917+00:00,,2026-09-25T14:58:33.543917+00:00,,2026-09-25T14:58:33.533916+00:00,,2026-09-25T14:58:33.556918+00:00,,2026-09-25T14:58:33.546917+00:00,,2026-09-25T14:58:33.558918+00:00,,2026-09-25T14:58:33.548917+00:00,,2026-09-25T14:58:33.549917+00:00,,2026-09-25T14:58:33.550917+00:00,,2026-09-25T14:58:33.551917+00:00,,2026-09-25T14:58:33.552918+00:00,,2026-09-25T14:58:33.564918+00:00,,2026-09-25T14:58:33.554918+00:00,,2026-09-25T14:58:33.555918+00:00,,2026-09-25T14:58:33.545917+00:00,,2026-09-25T14:58:33.557918+00:00,,2026-09-25T14:58:33.559918+00:00,,2026-09-25T14:58:33.560918+00:00,,2026-09-25T14:58:33.561918+00:00,,2026-09-25T14:58:33.562918+00:00,,2026-09-25T14:58:33.563918+00:00,,2026-09-25T14:58:33.553918+00:00,,2026-09-25T14:58:33.565918+00:00,,2026-09-25T14:58:33.566918+00:00,,2026-09-25T14:58:33.567918+00:00,,2026-09-25T14:58:33.568918+00:00,,2026-09-25T14:58:33.569918+00:00,,2026-09-25T14:58:33.570919+00:00,,2026-09-25T14:58:33.571919+00:00,,2026-09-25T14:58:33.572919+00:00,,2026-09-25T14:58:33.573919+00:00,,2026-09-25T14:58:33.574919+00:00,,2026-09-25T14:58:33.575919+00:00,,2026-09-25T14:58:33.576919+00:00,,2026-09-25T14:58:33.577919+00:00,,2026-09-25T14:58:33.578919+00:00,,2026-09-25T14:58:33.579919+00:00,,2026-09-25T14:58:33.580919+00:00,,2026-09-25T14:58:33.581919+00:00,,2026-09-25T14:58:33.582919+00:00,,2026-09-25T14:58:33.583919+00:00,,2026-09-25T14:58:33.584919+00:00,,2026-09-25T14:58:33.596920+00:00,,2026-09-25T14:58:33.586919+00:00,,2026-09-25T14:58:33.587920+00:00,,2026-09-25T14:58:33.588920+00:00,,2026-09-25T14:58:33.589920+00:00,,2026-09-25T14:58:33.590920+00:00,,2026-09-25T14:58:33.591920+00:00,,2026-09-25T14:58:33.592920+00:00,,2026-09-25T14:58:33.593920+00:00,,2026-09-25T14:58:33.594920+00:00,,2026-09-25T14:58:33.595920+00:00,,2026-09-25T14:58:33.585919+00:00,,2026-09-25T14:58:33.608921+00:00,,2026-09-25T14:58:33.598920+00:00,,2026-09-25T14:58:33.599920+00:00,,2026-09-25T14:58:33.600920+00:00,,2026-09-25T14:58:33.601920+00:00,,2026-09-25T14:58:33.602920+00:00,,2026-09-25T14:58:33.603920+00:00,,2026-09-25T14:58:33.604921+00:00,,2026-09-25T14:58:33.605921+00:00,,2026-09-25T14:58:33.606921+00:00,,2026-09-25T14:58:33.607921+00:00,,2026-09-25T14:58:33.609921+00:00,,2026-09-25T14:58:33.610921+00:00,
20,2026-09-25T13:29:28.994762+00:00,2026-09-25T14:58:33.984942+00:00,117.006,2026-09-25T14:58:33.867936+00:00,,2026-09-25T14:58:33.902938+00:00,,2026-09-25T14:58:33.903938+00:00,,2026-09-25T14:58:33.904938+00:00,,2026-09-25T14:58:33.905938+00:00,,2026-09-25T14:58:33.906938+00:00,,2026-09-25T14:58:33.907938+00:00,,2026-09-25T14:58:33.908938+00:00,,2026-09-25T14:58:33.909938+00:00,,2026-09-25T14:58:33.910938+00:00,,2026-09-25T14:58:33.911938+00:00,,2026-09-25T14:58:33.923939+00:00,,2026-09-25T14:58:33.913938+00:00,,2026-09-25T14:58:33.914938+00:00,,2026-09-25T14:58:33.915938+00:00,,2026-09-25T14:58:33.916938+00:00,,2026-09-25T14:58:33.917938+00:00,,2026-09-25T14:58:33.918938+00:00,,2026-09-25T14:58:33.919939+00:00,,2026-09-25T14:58:33.920939+00:00,,2026-09-25T14:58:33.921939+00:00,,2026-09-25T14:58:33.922939+00:00,,2026-09-25T14:58:33.912938+00:00,,2026-09-25T14:58:33.924939+00:00,,2026-09-25T14:58:33.925939+00:00,,2026-09-25T14:58:33.926939+00:00,,2026-09-25T14:58:33.927939+00:00,,2026-09-25T14:58:33.928939+00:00,,2026-09-25T14:58:33.929939+00:00,,2026-09-25T14:58:33.930939+00:00,,2026-09-25T14:58:33.931939+00:00,,2026-09-25T14:58:33.932939+00:00,,2026-09-25T14:58:33.933939+00:00,,2026-09-25T14:58:33.934939+00:00,,2026-09-25T14:58:33.935939+00:00,,2026-09-25T14:58:33.936939+00:00,,2026-09-25T14:58:33.937940+00:00,,2026-09-25T14:58:33.938940+00:00,,2026-09-25T14:58:33.939940+00:00,,2026-09-25T14:58:33.940940+00:00,,2026-09-25T14:58:33.941940+00:00,,2026-09-25T14:58:33.942940+00:00,,2026-09-25T14:58:33.943940+00:00,,2026-09-25T14:58:33.944940+00:00,,2026-09-25T14:58:33.945940+00:00,,2026-09-25T14:58:33.946940+00:00,,2026-09-25T14:58:33.958941+00:00,,2026-09-25T14:58:33.948940+00:00,,2026-09-25T14:58:33.949940+00:00,,2026-09-25T14:58:33.950940+00:00,,2026-09-25T14:58:33.951940+00:00,,2026-09-25T14:58:33.952940+00:00,,2026-09-25T14:58:33.953940+00:00,,2026-09-25T14:58:33.954941+00:00,,2026-09-25T14:58:33.955941+00:00,,2026-09-25T14:58:33.956941+00:00,,2026-09-25T14:58:33.957941+00:00,,2026-09-25T14:58:33.959941+00:00,,2026-09-25T14:58:33.960941+00:00,,2026-09-25T14:58:33.961941+00:00,,2026-09-25T14:58:33.962941+00:00,,2026-09-25T14:58:33.963941+00:00,,2026-09-25T14:58:33.964941+00:00,,2026-09-25T14:58:33.965941+00:00,,2026-09-25T14:58:33.966941+00:00,,2026-09-25T14:58:33.967941+00:00,,2026-09-25T14:58:33.968941+00:00,,2026-09-25T14:58:33.969941+00:00,,2026-09-25T14:58:33.970941+00:00,,2026-09-25T14:58:33.971941+00:00,,2026-09-25T14:58:33.972942+00:00,,2026-09-25T14:58:33.973942+00:00,,2026-09-25T14:58:33.974942+00:00,,2026-09-25T14:58:33.975942+00:00,,2026-09-25T14:58:33.976942+00:00,,2026-09-25T14:58:33.977942+00:00,,2026-09-25T14:58:33.978942+00:00,,2026-09-25T14:58:33.979942+00:00,,2026-09-25T14:58:33.980942+00:00,,2026-09-25T14:58:33.981942+00:00,,2026-09-25T14:58:33.982942+00:00,,2026-09-25T14:58:33.983942+00:00,,2026-09-25T14:58:33.984942+00:00,
21,2026-09-25T13:29:29.342287+00:00,2026-09-25T14:58:34.339963+00:00,94.006,2026-09-25T14:58:34.245957+00:00,,2026-09-25T14:58:34.254958+00:00,,2026-09-25T14:58:34.256958+00:00,,2026-09-25T14:58:34.258958+00:00,,2026-09-25T14:58:34.259958+00:00,,2026-09-25T14:58:34.271959+00:00,,2026-09-25T14:58:34.261958+00:00,,2026-09-25T14:58:34.262958+00:00,,2026-09-25T14:58:34.263958+00:00,,2026-09-25T14:58:34.264958+00:00,,2026-09-25T14:58:34.265958+00:00,,2026-09-25T14:58:34.266958+00:00,,2026-09-25T14:58:34.267958+00:00,,2026-09-25T14:58:34.268958+00:00,,2026-09-25T14:58:34.269959+00:00,,2026-09-25T14:58:34.270959+00:00,,2026-09-25T14:58:34.260958+00:00,,2026-09-25T14:58:34.272959+00:00,,2026-09-25T14:58:34.273959+00:00,,2026-09-25T14:58:34.274959+00:00,,2026-09-25T14:58:34.275959+00:00,,2026-09-25T14:58:34.276959+00:00,,2026-09-25T14:58:34.277959+00:00,,2026-09-25T14:58:34.278959+00:00,,2026-09-25T14:58:34.279959+00:00,,2026-09-25T14:58:34.280959+00:00,,2026-09-25T14:58:34.281959+00:00,,2026-09-25T14:58:34.282959+00:00,,2026-09-25T14:58:34.283959+00:00,,2026-09-25T14:58:34.284959+00:00,,2026-09-25T14:58:34.285959+00:00,,2026-09-25T14:58:34.286960+00:00,,2026-09-25T14:58:34.287960+00:00,,2026-09-25T14:58:34.288960+00:00,,2026-09-25T14:58:34.289960+00:00,,2026-09-25T14:58:34.290960+00:00,,2026-09-25T14:58:34.291960+00:00,,2026-09-25T14:58:34.292960+00:00,,2026-09-25T14:58:34.293960+00:00,,2026-09-25T14:58:34.294960+00:00,,2026-09-25T14:58:34.295960+00:00,,2026-09-25T14:58:34.307961+00:00,,2026-09-25T14:58:34.297960+00:00,,2026-09-25T14:58:34.298960+00:00,,2026-09-25T14:58:34.299960+00:00,,2026-09-25T14:58:34.300960+00:00,,2026-09-25T14:58:34.301960+00:00,,2026-09-25T14:58:34.302960+00:00,,2026-09-25T14:58:34.303960+00:00,,2026-09-25T14:58:34.304961+00:00,,2026-09-25T14:58:34.305961+00:00,,2026-09-25T14:58:34.306961+00:00,,2026-09-25T14:58:34.308961+00:00,,2026-09-25T14:58:34.309961+00:00,,2026-09-25T14:58:34.310961+00:00,,2026-09-25T14:58:34.311961+00:00,,2026-09-25T14:58:34.312961+00:00,,2026-09-25T14:58:34.313961+00:00,,2026-09-25T14:58:34.314961+00:00,,2026-09-25T14:58:34.315961+00:00,,2026-09-25T14:58:34.316961+00:00,,2026-09-25T14:58:34.317961+00:00,,2026-09-25T14:58:34.318961+00:00,,2026-09-25T14:58:34.319961+00:00,,2026-09-25T14:58:34.320961+00:00,,2026-09-25T14:58:34.321962+00:00,,2026-09-25T14:58:34.322962+00:00,,2026-09-25T14:58:34.323962+00:00,,2026-09-25T14:58:34.324962+00:00,,2026-09-25T14:58:34.325962+00:00,,2026-09-25T14:58:34.326962+00:00,,2026-09-25T14:58:34.327962+00:00,,2026-09-25T14:58:34.328962+00:00,,2026-09-25T14:58:34.329962+00:00,,2026-09-25T14:58:34.330962+00:00,,2026-09-25T14:58:34.332962+00:00,,2026-09-25T14:58:34.333962+00:00,,2026-09-25T14:58:34.334962+00:00,,2026-09-25T14:58:34.335962+00:00,,2026-09-25T14:58:34.336962+00:00,,2026-09-25T14:58:34.337962+00:00,,2026-09-25T14:58:34.338962+00:00,,2026-09-25T14:58:34.339963+00:00,
22,2026-09-25T13:29:29.700304+00:00,2026-09-25T14:58:34.697983+00:00,99.006,2026-09-25T14:58:34.598977+00:00,,2026-09-25T14:58:34.613978+00:00,,2026-09-25T14:58:34.614978+00:00,,2026-09-25T14:58:34.615978+00:00,,2026-09-25T14:58:34.616978+00:00,,2026-09-25T14:58:34.617978+00:00,,2026-09-25T14:58:34.618979+00:00,,2026-09-25T14:58:34.619979+00:00,,2026-09-25T14:58:34.620979+00:00,,2026-09-25T14:58:34.632979+00:00,,2026-09-25T14:58:34.622979+00:00,,2026-09-25T14:58:34.623979+00:00,,2026-09-25T14:58:34.624979+00:00,,2026-09-25T14:58:34.625979+00:00,,2026-09-25T14:58:34.626979+00:00,,2026-09-25T14:58:34.627979+00:00,,2026-09-25T14:58:34.628979+00:00,,2026-09-25T14:58:34.629979+00:00,,2026-09-25T14:58:34.630979+00:00,,2026-09-25T14:58:34.631979+00:00,,2026-09-25T14:58:34.621979+00:00,,2026-09-25T14:58:34.633979+00:00,,2026-09-25T14:58:34.634979+00:00,,2026-09-25T14:58:34.635979+00:00,,2026-09-25T14:58:34.636980+00:00,,2026-09-25T14:58:34.637980+00:00,,2026-09-25T14:58:34.638980+00:00,,2026-09-25T14:58:34.639980+00:00,,2026-09-25T14:58:34.640980+00:00,,2026-09-25T14:58:34.641980+00:00,,2026-09-25T14:58:34.642980+00:00,,2026-09-25T14:58:34.643980+00:00,,2026-09-25T14:58:34.644980+00:00,,2026-09-25T14:58:34.656981+00:00,,2026-09-25T14:58:34.658981+00:00,,2026-09-25T14:58:34.647980+00:00,,2026-09-25T14:58:34.648980+00:00,,2026-09-25T14:58:34.649980+00:00,,2026-09-25T14:58:34.650980+00:00,,2026-09-25T14:58:34.651980+00:00,,2026-09-25T14:58:34.652980+00:00,,2026-09-25T14:58:34.653981+00:00,,2026-09-25T14:58:34.654981+00:00,,2026-09-25T14:58:34.655981+00:00,,2026-09-25T14:58:34.645980+00:00,,2026-09-25T14:58:34.646980+00:00,,2026-09-25T14:58:34.659981+00:00,,2026-09-25T14:58:34.660981+00:00,,2026-09-25T14:58:34.661981+00:00,,2026-09-25T14:58:34.662981+00:00,,2026-09-25T14:58:34.663981+00:00,,2026-09-25T14:58:34.664981+00:00,,2026-09-25T14:58:34.665981+00:00,,2026-09-25T14:58:34.666981+00:00,,2026-09-25T14:58:34.667981+00:00,,2026-09-25T14:58:34.668981+00:00,,2026-09-25T14:58:34.669981+00:00,,2026-09-25T14:58:34.670981+00:00,,2026-09-25T14:58:34.671982+00:00,,2026-09-25T14:58:34.672982+00:00,,2026-09-25T14:58:34.673982+00:00,,2026-09-25T14:58:34.674982+00:00,,2026-09-25T14:58:34.675982+00:00,,2026-09-25T14:58:34.676982+00:00,,2026-09-25T14:58:34.677982+00:00,,2026-09-25T14:58:34.678982+00:00,,2026-09-25T14:58:34.691983+00:00,,2026-09-25T14:58:34.692983+00:00,,2026-09-25T14:58:34.682982+00:00,,2026-09-25T14:58:34.683982+00:00,,2026-09-25T14:58:34.684982+00:00,,2026-09-25T14:58:34.685982+00:00,,2026-09-25T14:58:34.686982+00:00,,2026-09-25T14:58:34.687982+00:00,,2026-09-25T14:58:34.688983+00:00,,2026-09-25T14:58:34.689983+00:00,,2026-09-25T14:58:34.690983+00:00,,2026-09-25T14:58:34.680982+00:00,,2026-09-25T14:58:34.681982+00:00,,2026-09-25T14:58:34.693983+00:00,,2026-09-25T14:58:34.694983+00:00,,2026-09-25T14:58:34.695983+00:00,,2026-09-25T14:58:34.697983+00:00,
23,2026-09-25T13:29:30.128785+00:00,2026-09-25T14:58:35.075005+00:00,117.007,2026-09-25T14:58:34.957998+00:00,,2026-09-25T14:58:34.992000+00:00,,2026-09-25T14:58:35.003000+00:00,,2026-09-25T14:58:34.994000+00:00,,2026-09-25T14:58:34.995000+00:00,,2026-09-25T14:58:34.996000+00:00,,2026-09-25T14:58:35.008001+00:00,,2026-09-25T14:58:34.998000+00:00,,2026-09-25T14:58:34.999000+00:00,,2026-09-25T14:58:35+00:00,,2026-09-25T14:58:35.001000+00:00,,2026-09-25T14:58:34.993000+00:00,,2026-09-25T14:58:35.002000+00:00,,2026-09-25T14:58:35.004001+00:00,,2026-09-25T14:58:35.005001+00:00,,2026-09-25T14:58:35.006001+00:00,,2026-09-25T14:58:35.007001+00:00,,2026-09-25T14:58:35.009001+00:00,,2026-09-25T14:58:35.010001+00:00,,2026-09-25T14:58:35.011001+00:00,,2026-09-25T14:58:35.012001+00:00,,2026-09-25T14:58:35.013001+00:00,,2026-09-25T14:58:35.014001+00:00,,2026-09-25T14:58:35.015001+00:00,,2026-09-25T14:58:35.016001+00:00,,2026-09-25T14:58:35.017001+00:00,,2026-09-25T14:58:35.018001+00:00,,2026-09-25T14:58:35.019001+00:00,,2026-09-25T14:58:35.020001+00:00,,2026-09-25T14:58:35.021001+00:00,,2026-09-25T14:58:35.022002+00:00,,2026-09-25T14:58:35.023002+00:00,,2026-09-25T14:58:35.024002+00:00,,2026-09-25T14:58:35.025002+00:00,,2026-09-25T14:58:35.026002+00:00,,2026-09-25T14:58:35.027002+00:00,,2026-09-25T14:58:35.028002+00:00,,2026-09-25T14:58:35.029002+00:00,,2026-09-25T14:58:35.030002+00:00,,2026-09-25T14:58:35.031002+00:00,,2026-09-25T14:58:35.032002+00:00,,2026-09-25T14:58:35.033002+00:00,,2026-09-25T14:58:35.034002+00:00,,2026-09-25T14:58:35.035002+00:00,,2026-09-25T14:58:35.036002+00:00,,2026-09-25T14:58:35.037002+00:00,,2026-09-25T14:58:35.038002+00:00,,2026-09-25T14:58:35.039003+00:00,,2026-09-25T14:58:35.040003+00:00,,2026-09-25T14:58:35.041003+00:00,,2026-09-25T14:58:35.042003+00:00,,2026-09-25T14:58:35.043003+00:00,,2026-09-25T14:58:35.044003+00:00,,2026-09-25T14:58:35.045003+00:00,,2026-09-25T14:58:35.046003+00:00,,2026-09-25T14:58:35.058004+00:00,,2026-09-25T14:58:35.048003+00:00,,2026-09-25T14:58:35.049003+00:00,,2026-09-25T14:58:35.050003+00:00,,2026-09-25T14:58:35.051003+00:00,,2026-09-25T14:58:35.052003+00:00,,2026-09-25T14:58:35.053003+00:00,,2026-09-25T14:58:35.054003+00:00,,2026-09-25T14:58:35.066004+00:00,,2026-09-25T14:58:35.067004+00:00,,2026-09-25T14:58:35.068004+00:00,,2026-09-25T14:58:35.059004+00:00,,2026-09-25T14:58:35.060004+00:00,,2026-09-25T14:58:35.061004+00:00,,2026-09-25T14:58:35.062004+00:00,,2026-09-25T14:58:35.063004+00:00,,2026-09-25T14:58:35.064004+00:00,,2026-09-25T14:58:35.065004+00:00,,2026-09-25T14:58:35.055003+00:00,,2026-09-25T14:58:35.056003+00:00,,2026-09-25T14:58:35.057004+00:00,,2026-09-25T14:58:35.069004+00:00,,2026-09-25T14:58:35.070004+00:00,,2026-09-25T14:58:35.071004+00:00,,2026-09-25T14:58:35.072004+00:00,,2026-09-25T14:58:35.073004+00:00,,2026-09-25T14:58:35.074005+00:00,,2026-09-25T14:58:35.075005+00:00,
24,2026-09-25T13:29:30.481609+00:00,2026-09-25T14:58:35.479028+00:00,96.006,2026-09-25T14:58:35.383022+00:00,,2026-09-25T14:58:35.396023+00:00,,2026-09-25T14:58:35.407024+00:00,,2026-09-25T14:58:35.398023+00:00,,2026-09-25T14:58:35.399023+00:00,,2026-09-25T14:58:35.400023+00:00,,2026-09-25T14:58:35.401023+00:00,,2026-09-25T14:58:35.402023+00:00,,2026-09-25T14:58:35.403023+00:00,,2026-09-25T14:58:35.405023+00:00,,2026-09-25T14:58:35.406024+00:00,,2026-09-25T14:58:35.397023+00:00,,2026-09-25T14:58:35.408024+00:00,,2026-09-25T14:58:35.409024+00:00,,2026-09-25T14:58:35.410024+00:00,,2026-09-25T14:58:35.422024+00:00,,2026-09-25T14:58:35.412024+00:00,,2026-09-25T14:58:35.413024+00:00,,2026-09-25T14:58:35.414024+00:00,,2026-09-25T14:58:35.415024+00:00,,2026-09-25T14:58:35.416024+00:00,,2026-09-25T14:58:35.417024+00:00,,2026-09-25T14:58:35.418024+00:00,,2026-09-25T14:58:35.419024+00:00,,2026-09-25T14:58:35.420024+00:00,,2026-09-25T14:58:35.421024+00:00,,2026-09-25T14:58:35.411024+00:00,,2026-09-25T14:58:35.423024+00:00,,2026-09-25T14:58:35.424025+00:00,,2026-09-25T14:58:35.425025+00:00,,2026-09-25T14:58:35.426025+00:00,,2026-09-25T14:58:35.427025+00:00,,2026-09-25T14:58:35.428025+00:00,,2026-09-25T14:58:35.429025+00:00,,2026-09-25T14:58:35.430025+00:00,,2026-09-25T14:58:35.431025+00:00,,2026-09-25T14:58:35.432025+00:00,,2026-09-25T14:58:35.433025+00:00,,2026-09-25T14:58:35.434025+00:00,,2026-09-25T14:58:35.435025+00:00,,2026-09-25T14:58:35.436025+00:00,,2026-09-25T14:58:35.437025+00:00,,2026-09-25T14:58:35.438025+00:00,,2026-09-25T14:58:35.439025+00:00,,2026-09-25T14:58:35.440025+00:00,,2026-09-25T14:58:35.441026+00:00,,2026-09-25T14:58:35.442026+00:00,,2026-09-25T14:58:35.443026+00:00,,2026-09-25T14:58:35.444026+00:00,,2026-09-25T14:58:35.445026+00:00,,2026-09-25T14:58:35.446026+00:00,,2026-09-25T14:58:35.458026+00:00,,2026-09-25T14:58:35.448026+00:00,,2026-09-25T14:58:35.449026+00:00,,2026-09-25T14:58:35.450026+00:00,,2026-09-25T14:58:35.451026+00:00,,2026-09-25T14:58:35.452026+00:00,,2026-09-25T14:58:35.464027+00:00,,2026-09-25T14:58:35.454026+00:00,,2026-09-25T14:58:35.455026+00:00,,2026-09-25T14:58:35.456026+00:00,,2026-09-25T14:58:35.457026+00:00,,2026-09-25T14:58:35.459027+00:00,,2026-09-25T14:58:35.460027+00:00,,2026-09-25T14:58:35.461027+00:00,,2026-09-25T14:58:35.462027+00:00,,2026-09-25T14:58:35.463027+00:00,,2026-09-25T14:58:35.453026+00:00,,2026-09-25T14:58:35.465027+00:00,,2026-09-25T14:58:35.477028+00:00,,2026-09-25T14:58:35.467027+00:00,,2026-09-25T14:58:35.468027+00:00,,2026-09-25T14:58:35.469027+00:00,,2026-09-25T14:58:35.470027+00:00,,2026-09-25T14:58:35.471027+00:00,,2026-09-25T14:58:35.472027+00:00,,2026-09-25T14:58:35.473027+00:00,,2026-09-25T14:58:35.474027+00:00,,2026-09-25T14:58:35.475027+00:00,,2026-09-25T14:58:35.476028+00:00,,2026-09-25T14:58:35.466027+00:00,,2026-09-25T14:58:35.478028+00:00,,2026-09-25T14:58:35.479028+00:00,
25,2026-09-25T13:29:30.843703+00:00,2026-09-25T14:58:35.829048+00:00,93.006,2026-09-25T14:58:35.736042+00:00,,2026-09-25T14:58:35.755043+00:00,,2026-09-25T14:58:35.748043+00:00,,2026-09-25T14:58:35.749043+00:00,,2026-09-25T14:58:35.750043+00:00,,2026-09-25T14:58:35.751043+00:00,,2026-09-25T14:58:35.752043+00:00,,2026-09-25T14:58:35.747043+00:00,,2026-09-25T14:58:35.753043+00:00,,2026-09-25T14:58:35.754043+00:00,,2026-09-25T14:58:35.756044+00:00,,2026-09-25T14:58:35.768044+00:00,,2026-09-25T14:58:35.769044+00:00,,2026-09-25T14:58:35.759044+00:00,,2026-09-25T14:58:35.760044+00:00,,2026-09-25T14:58:35.761044+00:00,,2026-09-25T14:58:35.762044+00:00,,2026-09-25T14:58:35.763044+00:00,,2026-09-25T14:58:35.764044+00:00,,2026-09-25T14:58:35.765044+00:00,,2026-09-25T14:58:35.766044+00:00,,2026-09-25T14:58:35.767044+00:00,,2026-09-25T14:58:35.757044+00:00,,2026-09-25T14:58:35.758044+00:00,,2026-09-25T14:58:35.770044+00:00,,2026-09-25T14:58:35.771044+00:00,,2026-09-25T14:58:35.772044+00:00,,2026-09-25T14:58:35.773045+00:00,,2026-09-25T14:58:35.774045+00:00,,2026-09-25T14:58:35.775045+00:00,,2026-09-25T14:58:35.776045+00:00,,2026-09-25T14:58:35.777045+00:00,,2026-09-25T14:58:35.778045+00:00,,2026-09-25T14:58:35.779045+00:00,,2026-09-25T14:58:35.780045+00:00,,2026-09-25T14:58:35.781045+00:00,,2026-09-25T14:58:35.782045+00:00,,2026-09-25T14:58:35.783045+00:00,,2026-09-25T14:58:35.784045+00:00,,2026-09-25T14:58:35.785045+00:00,,2026-09-25T14:58:35.797046+00:00,,2026-09-25T14:58:35.787045+00:00,,2026-09-25T14:58:35.788045+00:00,,2026-09-25T14:58:35.789045+00:00,,2026-09-25T14:58:35.790045+00:00,,2026-09-25T14:58:35.791046+00:00,,2026-09-25T14:58:35.792046+00:00,,2026-09-25T14:58:35.793046+00:00,,2026-09-25T14:58:35.794046+00:00,,2026-09-25T14:58:35.795046+00:00,,2026-09-25T14:58:35.796046+00:00,,2026-09-25T14:58:35.786045+00:00,,2026-09-25T14:58:35.798046+00:00,,2026-09-25T14:58:35.799046+00:00,,2026-09-25T14:58:35.800046+00:00,,2026-09-25T14:58:35.801046+00:00,,2026-09-25T14:58:35.814047+00:00,,2026-09-25T14:58:35.803046+00:00,,2026-09-25T14:58:35.804046+00:00,,2026-09-25T14:58:35.805046+00:00,,2026-09-25T14:58:35.806046+00:00,,2026-09-25T14:58:35.808047+00:00,,2026-09-25T14:58:35.809047+00:00,,2026-09-25T14:58:35.810047+00:00,,2026-09-25T14:58:35.811047+00:00,,2026-09-25T14:58:35.812047+00:00,,2026-09-25T14:58:35.813047+00:00,,2026-09-25T14:58:35.802046+00:00,,2026-09-25T14:58:35.815047+00:00,,2026-09-25T14:58:35.816047+00:00,,2026-09-25T14:58:35.817047+00:00,,2026-09-25T14:58:35.818047+00:00,,2026-09-25T14:58:35.819047+00:00,,2026-09-25T14:58:35.820047+00:00,,2026-09-25T14:58:35.821047+00:00,,2026-09-25T14:58:35.822047+00:00,,2026-09-25T14:58:35.823047+00:00,,2026-09-25T14:58:35.824047+00:00,,2026-09-25T14:58:35.825047+00:00,,2026-09-25T14:58:35.826048+00:00,,2026-09-25T14:58:35.827048+00:00,,2026-09-25T14:58:35.828048+00:00,,2026-09-25T14:58:35.829048+00:00,
26,2026-09-25T13:29:31.213214+00:00,2026-09-25T14:58:36.198069+00:00,101.006,2026-09-25T14:58:36.097063+00:00,,2026-09-25T14:58:36.116064+00:00,,2026-09-25T14:58:36.117064+00:00,,2026-09-25T14:58:36.118064+00:00,,2026-09-25T14:58:36.119064+00:00,,2026-09-25T14:58:36.120064+00:00,,2026-09-25T14:58:36.121064+00:00,,2026-09-25T14:58:36.122064+00:00,,2026-09-25T14:58:36.134065+00:00,,2026-09-25T14:58:36.124065+00:00,,2026-09-25T14:58:36.125065+00:00,,2026-09-25T14:58:36.126065+00:00,,2026-09-25T14:58:36.127065+00:00,,2026-09-25T14:58:36.128065+00:00,,2026-09-25T14:58:36.129065+00:00,,2026-09-25T14:58:36.130065+00:00,,2026-09-25T14:58:36.131065+00:00,,2026-09-25T14:58:36.132065+00:00,,2026-09-25T14:58:36.133065+00:00,,2026-09-25T14:58:36.123065+00:00,,2026-09-25T14:58:36.135065+00:00,,2026-09-25T14:58:36.136065+00:00,,2026-09-25T14:58:36.137065+00:00,,2026-09-25T14:58:36.138065+00:00,,2026-09-25T14:58:36.139065+00:00,,2026-09-25T14:58:36.140066+00:00,,2026-09-25T14:58:36.141066+00:00,,2026-09-25T14:58:36.142066+00:00,,2026-09-25T14:58:36.143066+00:00,,2026-09-25T14:58:36.144066+00:00,,2026-09-25T14:58:36.145066+00:00,,2026-09-25T14:58:36.157066+00:00,,2026-09-25T14:58:36.147066+00:00,,2026-09-25T14:58:36.148066+00:00,,2026-09-25T14:58:36.149066+00:00,,2026-09-25T14:58:36.150066+00:00,,2026-09-25T14:58:36.151066+00:00,,2026-09-25T14:58:36.152066+00:00,,2026-09-25T14:58:36.153066+00:00,,2026-09-25T14:58:36.154066+00:00,,2026-09-25T14:58:36.155066+00:00,,2026-09-25T14:58:36.156066+00:00,,2026-09-25T14:58:36.158067+00:00,,2026-09-25T14:58:36.159067+00:00,,2026-09-25T14:58:36.160067+00:00,,2026-09-25T14:58:36.161067+00:00,,2026-09-25T14:58:36.162067+00:00,,2026-09-25T14:58:36.163067+00:00,,2026-09-25T14:58:36.164067+00:00,,2026-09-25T14:58:36.165067+00:00,,2026-09-25T14:58:36.166067+00:00,,2026-09-25T14:58:36.167067+00:00,,2026-09-25T14:58:36.179068+00:00,,2026-09-25T14:58:36.180068+00:00,,2026-09-25T14:58:36.170067+00:00,,2026-09-25T14:58:36.171067+00:00,,2026-09-25T14:58:36.172067+00:00,,2026-09-25T14:58:36.173067+00:00,,2026-09-25T14:58:36.174067+00:00,,2026-09-25T14:58:36.175068+00:00,,2026-09-25T14:58:36.176068+00:00,,2026-09-25T14:58:36.177068+00:00,,2026-09-25T14:58:36.178068+00:00,,2026-09-25T14:58:36.168067+00:00,,2026-09-25T14:58:36.169067+00:00,,2026-09-25T14:58:36.181068+00:00,,2026-09-25T14:58:36.182068+00:00,,2026-09-25T14:58:36.194069+00:00,,2026-09-25T14:58:36.184068+00:00,,2026-09-25T14:58:36.185068+00:00,,2026-09-25T14:58:36.186068+00:00,,2026-09-25T14:58:36.187068+00:00,,2026-09-25T14:58:36.188068+00:00,,2026-09-25T14:58:36.189068+00:00,,2026-09-25T14:58:36.190068+00:00,,2026-09-25T14:58:36.191068+00:00,,2026-09-25T14:58:36.192068+00:00,,2026-09-25T14:58:36.193069+00:00,,2026-09-25T14:58:36.183068+00:00,,2026-09-25T14:58:36.195069+00:00,,2026-09-25T14:58:36.196069+00:00,,2026-09-25T14:58:36.197069+00:00,,2026-09-25T14:58:36.198069+00:00,
27,2026-09-25T13:29:31.565816+00:00,2026-09-25T14:58:36.563090+00:00,98.006,2026-09-25T14:58:36.465084+00:00,,2026-09-25T14:58:36.480085+00:00,,2026-09-25T14:58:36.481085+00:00,,2026-09-25T14:58:36.482085+00:00,,2026-09-25T14:58:36.483085+00:00,,2026-09-25T14:58:36.484085+00:00,,2026-09-25T14:58:36.485085+00:00,,2026-09-25T14:58:36.486085+00:00,,2026-09-25T14:58:36.487085+00:00,,2026-09-25T14:58:36.488085+00:00,,2026-09-25T14:58:36.489085+00:00,,2026-09-25T14:58:36.490086+00:00,,2026-09-25T14:58:36.491086+00:00,,2026-09-25T14:58:36.492086+00:00,,2026-09-25T14:58:36.493086+00:00,,2026-09-25T14:58:36.494086+00:00,,2026-09-25T14:58:36.495086+00:00,,2026-09-25T14:58:36.507086+00:00,,2026-09-25T14:58:36.497086+00:00,,2026-09-25T14:58:36.498086+00:00,,2026-09-25T14:58:36.499086+00:00,,2026-09-25T14:58:36.500086+00:00,,2026-09-25T14:58:36.501086+00:00,,2026-09-25T14:58:36.502086+00:00,,2026-09-25T14:58:36.503086+00:00,,2026-09-25T14:58:36.504086+00:00,,2026-09-25T14:58:36.505086+00:00,,2026-09-25T14:58:36.506086+00:00,,2026-09-25T14:58:36.508087+00:00,,2026-09-25T14:58:36.509087+00:00,,2026-09-25T14:58:36.510087+00:00,,2026-09-25T14:58:36.511087+00:00,,2026-09-25T14:58:36.512087+00:00,,2026-09-25T14:58:36.513087+00:00,,2026-09-25T14:58:36.514087+00:00,,2026-09-25T14:58:36.515087+00:00,,2026-09-25T14:58:36.516087+00:00,,2026-09-25T14:58:36.517087+00:00,,2026-09-25T14:58:36.529088+00:00,,2026-09-25T14:58:36.519087+00:00,,2026-09-25T14:58:36.520087+00:00,,2026-09-25T14:58:36.521087+00:00,,2026-09-25T14:58:36.522087+00:00,,2026-09-25T14:58:36.523087+00:00,,2026-09-25T14:58:36.524087+00:00,,2026-09-25T14:58:36.525088+00:00,,2026-09-25T14:58:36.526088+00:00,,2026-09-25T14:58:36.527088+00:00,,2026-09-25T14:58:36.528088+00:00,,2026-09-25T14:58:36.518087+00:00,,2026-09-25T14:58:36.530088+00:00,,2026-09-25T14:58:36.531088+00:00,,2026-09-25T14:58:36.532088+00:00,,2026-09-25T14:58:36.533088+00:00,,2026-09-25T14:58:36.534088+00:00,,2026-09-25T14:58:36.535088+00:00,,2026-09-25T14:58:36.536088+00:00,,2026-09-25T14:58:36.537088+00:00,,2026-09-25T14:58:36.538088+00:00,,2026-09-25T14:58:36.539088+00:00,,2026-09-25T14:58:36.540088+00:00,,2026-09-25T14:58:36.541088+00:00,,2026-09-25T14:58:36.542088+00:00,,2026-09-25T14:58:36.543089+00:00,,2026-09-25T14:58:36.544089+00:00,,2026-09-25T14:58:36.545089+00:00,,2026-09-25T14:58:36.557089+00:00,,2026-09-25T14:58:36.547089+00:00,,2026-09-25T14:58:36.548089+00:00,,2026-09-25T14:58:36.549089+00:00,,2026-09-25T14:58:36.550089+00:00,,2026-09-25T14:58:36.551089+00:00,,2026-09-25T14:58:36.552089+00:00,,2026-09-25T14:58:36.553089+00:00,,2026-09-25T14:58:36.554089+00:00,,2026-09-25T14:58:36.555089+00:00,,2026-09-25T14:58:36.556089+00:00,,2026-09-25T14:58:36.558089+00:00,,2026-09-25T14:58:36.559089+00:00,,2026-09-25T14:58:36.560090+00:00,,2026-09-25T14:58:36.561090+00:00,,2026-09-25T14:58:36.562090+00:00,,2026-09-25T14:58:36.563090+00:00,
28,2026-09-25T13:29:31.948697+00:00,2026-09-25T14:58:36.915110+00:00,97.006,2026-09-25T14:58:36.818104+00:00,,2026-09-25T14:58:36.832105+00:00,,2026-09-25T14:58:36.833105+00:00,,2026-09-25T14:58:36.834105+00:00,,2026-09-25T14:58:36.835105+00:00,,2026-09-25T14:58:36.836105+00:00,,2026-09-25T14:58:36.837105+00:00,,2026-09-25T14:58:36.838105+00:00,,2026-09-25T14:58:36.839105+00:00,,2026-09-25T14:58:36.840106+00:00,,2026-09-25T14:58:36.841106+00:00,,2026-09-25T14:58:36.842106+00:00,,2026-09-25T14:58:36.843106+00:00,,2026-09-25T14:58:36.844106+00:00,,2026-09-25T14:58:36.856106+00:00,,2026-09-25T14:58:36.858107+00:00,,2026-09-25T14:58:36.847106+00:00,,2026-09-25T14:58:36.848106+00:00,,2026-09-25T14:58:36.849106+00:00,,2026-09-25T14:58:36.850106+00:00,,2026-09-25T14:58:36.851106+00:00,,2026-09-25T14:58:36.852106+00:00,,2026-09-25T14:58:36.853106+00:00,,2026-09-25T14:58:36.854106+00:00,,2026-09-25T14:58:36.855106+00:00,,2026-09-25T14:58:36.845106+00:00,,2026-09-25T14:58:36.846106+00:00,,2026-09-25T14:58:36.859107+00:00,,2026-09-25T14:58:36.860107+00:00,,2026-09-25T14:58:36.861107+00:00,,2026-09-25T14:58:36.862107+00:00,,2026-09-25T14:58:36.863107+00:00,,2026-09-25T14:58:36.864107+00:00,,2026-09-25T14:58:36.865107+00:00,,2026-09-25T14:58:36.866107+00:00,,2026-09-25T14:58:36.867107+00:00,,2026-09-25T14:58:36.868107+00:00,,2026-09-25T14:58:36.869107+00:00,,2026-09-25T14:58:36.870107+00:00,,2026-09-25T14:58:36.871107+00:00,,2026-09-25T14:58:36.872107+00:00,,2026-09-25T14:58:36.873107+00:00,,2026-09-25T14:58:36.874107+00:00,,2026-09-25T14:58:36.875108+00:00,,2026-09-25T14:58:36.876108+00:00,,2026-09-25T14:58:36.877108+00:00,,2026-09-25T14:58:36.878108+00:00,,2026-09-25T14:58:36.879108+00:00,,2026-09-25T14:58:36.880108+00:00,,2026-09-25T14:58:36.881108+00:00,,2026-09-25T14:58:36.882108+00:00,,2026-09-25T14:58:36.883108+00:00,,2026-09-25T14:58:36.884108+00:00,,2026-09-25T14:58:36.885108+00:00,,2026-09-25T14:58:36.886108+00:00,,2026-09-25T14:58:36.887108+00:00,,2026-09-25T14:58:36.888108+00:00,,2026-09-25T14:58:36.889108+00:00,,2026-09-25T14:58:36.901109+00:00,,2026-09-25T14:58:36.891108+00:00,,2026-09-25T14:58:36.892109+00:00,,2026-09-25T14:58:36.893109+00:00,,2026-09-25T14:58:36.894109+00:00,,2026-09-25T14:58:36.895109+00:00,,2026-09-25T14:58:36.896109+00:00,,2026-09-25T14:58:36.897109+00:00,,2026-09-25T14:58:36.898109+00:00,,2026-09-25T14:58:36.899109+00:00,,2026-09-25T14:58:36.900109+00:00,,2026-09-25T14:58:36.890108+00:00,,2026-09-25T14:58:36.902109+00:00,,2026-09-25T14:58:36.903109+00:00,,2026-09-25T14:58:36.904109+00:00,,2026-09-25T14:58:36.905109+00:00,,2026-09-25T14:58:36.906109+00:00,,2026-09-25T14:58:36.908109+00:00,,2026-09-25T14:58:36.909109+00:00,,2026-09-25T14:58:36.910110+00:00,,2026-09-25T14:58:36.911110+00:00,,2026-09-25T14:58:36.912110+00:00,,2026-09-25T14:58:36.913110+00:00,,2026-09-25T14:58:36.914110+00:00,,2026-09-25T14:58:36.915110+00:00,
29,2026-09-25T13:29:32.311683+00:00,2026-09-25T14:58:37.309132+00:00,93.00500000000001,2026-09-25T14:58:37.216127+00:00,,2026-09-25T14:58:37.226128+00:00,,2026-09-25T14:58:37.227128+00:00,,2026-09-25T14:58:37.228128+00:00,,2026-09-25T14:58:37.229128+00:00,,2026-09-25T14:58:37.230128+00:00,,2026-09-25T14:58:37.231128+00:00,,2026-09-25T14:58:37.232128+00:00,,2026-09-25T14:58:37.233128+00:00,,2026-09-25T14:58:37.234128+00:00,,2026-09-25T14:58:37.235128+00:00,,2026-09-25T14:58:37.247129+00:00,,2026-09-25T14:58:37.237128+00:00,,2026-09-25T14:58:37.238128+00:00,,2026-09-25T14:58:37.239128+00:00,,2026-09-25T14:58:37.240128+00:00,,2026-09-25T14:58:37.241128+00:00,,2026-09-25T14:58:37.242129+00:00,,2026-09-25T14:58:37.243129+00:00,,2026-09-25T14:58:37.244129+00:00,,2026-09-25T14:58:37.256129+00:00,,2026-09-25T14:58:37.246129+00:00,,2026-09-25T14:58:37.236128+00:00,,2026-09-25T14:58:37.248129+00:00,,2026-09-25T14:58:37.249129+00:00,,2026-09-25T14:58:37.250129+00:00,,2026-09-25T14:58:37.262130+00:00,,2026-09-25T14:58:37.252129+00:00,,2026-09-25T14:58:37.253129+00:00,,2026-09-25T14:58:37.254129+00:00,,2026-09-25T14:58:37.255129+00:00,,2026-09-25T14:58:37.268130+00:00,,2026-09-25T14:58:37.258129+00:00,,2026-09-25T14:58:37.259130+00:00,,2026-09-25T14:58:37.260130+00:00,,2026-09-25T14:58:37.261130+00:00,,2026-09-25T14:58:37.251129+00:00,,2026-09-25T14:58:37.263130+00:00,,2026-09-25T14:58:37.264130+00:00,,2026-09-25T14:58:37.265130+00:00,,2026-09-25T14:58:37.266130+00:00,,2026-09-25T14:58:37.267130+00:00,,2026-09-25T14:58:37.257129+00:00,,2026-09-25T14:58:37.269130+00:00,,2026-09-25T14:58:37.270130+00:00,,2026-09-25T14:58:37.271130+00:00,,2026-09-25T14:58:37.272130+00:00,,2026-09-25T14:58:37.273130+00:00,,2026-09-25T14:58:37.274130+00:00,,2026-09-25T14:58:37.275130+00:00,,2026-09-25T14:58:37.276130+00:00,,2026-09-25T14:58:37.277131+00:00,,2026-09-25T14:58:37.278131+00:00,,2026-09-25T14:58:37.279131+00:00,,2026-09-25T14:58:37.280131+00:00,,2026-09-25T14:58:37.281131+00:00,,2026-09-25T14:58:37.282131+00:00,,2026-09-25T14:58:37.283131+00:00,,2026-09-25T14:58:37.284131+00:00,,2026-09-25T14:58:37.285131+00:00,,2026-09-25T14:58:37.286131+00:00,,2026-09-25T14:58:37.287131+00:00,,2026-09-25T14:58:37.299132+00:00,,2026-09-25T14:58:37.289131+00:00,,2026-09-25T14:58:37.290131+00:00,,2026-09-25T14:58:37.291131+00:00,,2026-09-25T14:58:37.292131+00:00,,2026-09-25T14:58:37.293131+00:00,,2026-09-25T14:58:37.294132+00:00,,2026-09-25T14:58:37.306132+00:00,,2026-09-25T14:58:37.296132+00:00,,2026-09-25T14:58:37.297132+00:00,,2026-09-25T14:58:37.298132+00:00,,2026-09-25T14:58:37.288131+00:00,,2026-09-25T14:58:37.300132+00:00,,2026-09-25T14:58:37.301132+00:00,,2026-09-25T14:58:37.302132+00:00,,2026-09-25T14:58:37.303132+00:00,,2026-09-25T14:58:37.304132+00:00,,2026-09-25T14:58:37.305132+00:00,,2026-09-25T14:58:37.307132+00:00,,2026-09-25T14:58:37.308132+00:00,,2026-09-25T14:58:37.309132+00:00,
30,2026-09-25T13:29:32.777112+00:00,2026-09-25T14:58:37.663153+00:00,98.006,2026-09-25T14:58:37.565147+00:00,,2026-09-25T14:58:37.580148+00:00,,2026-09-25T14:58:37.581148+00:00,,2026-09-25T14:58:37.582148+00:00,,2026-09-25T14:58:37.583148+00:00,,2026-09-25T14:58:37.584148+00:00,,2026-09-25T14:58:37.585148+00:00,,2026-09-25T14:58:37.586148+00:00,,2026-09-25T14:58:37.587148+00:00,,2026-09-25T14:58:37.588148+00:00,,2026-09-25T14:58:37.600149+00:00,,2026-09-25T14:58:37.590148+00:00,,2026-09-25T14:58:37.591149+00:00,,2026-09-25T14:58:37.592149+00:00,,2026-09-25T14:58:37.593149+00:00,,2026-09-25T14:58:37.594149+00:00,,2026-09-25T14:58:37.606149+00:00,,2026-09-25T14:58:37.596149+00:00,,2026-09-25T14:58:37.597149+00:00,,2026-09-25T14:58:37.598149+00:00,,2026-09-25T14:58:37.599149+00:00,,2026-09-25T14:58:37.589148+00:00,,2026-09-25T14:58:37.601149+00:00,,2026-09-25T14:58:37.602149+00:00,,2026-09-25T14:58:37.603149+00:00,,2026-09-25T14:58:37.604149+00:00,,2026-09-25T14:58:37.605149+00:00,,2026-09-25T14:58:37.607149+00:00,,2026-09-25T14:58:37.608149+00:00,,2026-09-25T14:58:37.609150+00:00,,2026-09-25T14:58:37.621150+00:00,,2026-09-25T14:58:37.611150+00:00,,2026-09-25T14:58:37.612150+00:00,,2026-09-25T14:58:37.613150+00:00,,2026-09-25T14:58:37.614150+00:00,,2026-09-25T14:58:37.615150+00:00,,2026-09-25T14:58:37.616150+00:00,,2026-09-25T14:58:37.617150+00:00,,2026-09-25T14:58:37.618150+00:00,,2026-09-25T14:58:37.619150+00:00,,2026-09-25T14:58:37.620150+00:00,,2026-09-25T14:58:37.610150+00:00,,2026-09-25T14:58:37.622150+00:00,,2026-09-25T14:58:37.623150+00:00,,2026-09-25T14:58:37.624150+00:00,,2026-09-25T14:58:37.625150+00:00,,2026-09-25T14:58:37.626151+00:00,,2026-09-25T14:58:37.627151+00:00,,2026-09-25T14:58:37.628151+00:00,,2026-09-25T14:58:37.629151+00:00,,2026-09-25T14:58:37.630151+00:00,,2026-09-25T14:58:37.631151+00:00,,2026-09-25T14:58:37.632151+00:00,,2026-09-25T14:58:37.633151+00:00,,2026-09-25T14:58:37.634151+00:00,,2026-09-25T14:58:37.635151+00:00,,2026-09-25T14:58:37.636151+00:00,,2026-09-25T14:58:37.637151+00:00,,2026-09-25T14:58:37.638151+00:00,,2026-09-25T14:58:37.639151+00:00,,2026-09-25T14:58:37.640151+00:00,,2026-09-25T14:58:37.641151+00:00,,2026-09-25T14:58:37.642151+00:00,,2026-09-25T14:58:37.643151+00:00,,2026-09-25T14:58:37.644152+00:00,,2026-09-25T14:58:37.656152+00:00,,2026-09-25T14:58:37.646152+00:00,,2026-09-25T14:58:37.647152+00:00,,2026-09-25T14:58:37.648152+00:00,,2026-09-25T14:58:37.649152+00:00,,2026-09-25T14:58:37.650152+00:00,,2026-09-25T14:58:37.651152+00:00,,2026-09-25T14:58:37.652152+00:00,,2026-09-25T14:58:37.653152+00:00,,2026-09-25T14:58:37.654152+00:00,,2026-09-25T14:58:37.655152+00:00,,2026-09-25T14:58:37.657152+00:00,,2026-09-25T14:58:37.658152+00:00,,2026-09-25T14:58:37.659152+00:00,,2026-09-25T14:58:37.660152+00:00,,2026-09-25T14:58:37.661153+00:00,,2026-09-25T14:58:37.662153+00:00,,2026-09-25T14:58:37.663153+00:00,
31,2026-09-25T13:29:33.131860+00:00,2026-09-25T14:58:38.128179+00:00,94.00500000000001,2026-09-25T14:58:38.034174+00:00,,2026-09-25T14:58:38.044174+00:00,,2026-09-25T14:58:38.045174+00:00,,2026-09-25T14:58:38.046175+00:00,,2026-09-25T14:58:38.047175+00:00,,2026-09-25T14:58:38.048175+00:00,,2026-09-25T14:58:38.049175+00:00,,2026-09-25T14:58:38.050175+00:00,,2026-09-25T14:58:38.051175+00:00,,2026-09-25T14:58:38.052175+00:00,,2026-09-25T14:58:38.053175+00:00,,2026-09-25T14:58:38.054175+00:00,,2026-09-25T14:58:38.055175+00:00,,2026-09-25T14:58:38.057175+00:00,,2026-09-25T14:58:38.058175+00:00,,2026-09-25T14:58:38.059175+00:00,,2026-09-25T14:58:38.060175+00:00,,2026-09-25T14:58:38.061175+00:00,,2026-09-25T14:58:38.062175+00:00,,2026-09-25T14:58:38.086177+00:00,,2026-09-25T14:58:38.065176+00:00,,2026-09-25T14:58:38.066176+00:00,,2026-09-25T14:58:38.067176+00:00,,2026-09-25T14:58:38.068176+00:00,,2026-09-25T14:58:38.069176+00:00,,2026-09-25T14:58:38.070176+00:00,,2026-09-25T14:58:38.071176+00:00,,2026-09-25T14:58:38.072176+00:00,,2026-09-25T14:58:38.084177+00:00,,2026-09-25T14:58:38.085177+00:00,,2026-09-25T14:58:38.064176+00:00,,2026-09-25T14:58:38.087177+00:00,,2026-09-25T14:58:38.077176+00:00,,2026-09-25T14:58:38.078176+00:00,,2026-09-25T14:58:38.079176+00:00,,2026-09-25T14:58:38.080176+00:00,,2026-09-25T14:58:38.081177+00:00,,2026-09-25T14:58:38.082177+00:00,,2026-09-25T14:58:38.083177+00:00,,2026-09-25T14:58:38.073176+00:00,,2026-09-25T14:58:38.074176+00:00,,2026-09-25T14:58:38.075176+00:00,,2026-09-25T14:58:38.076176+00:00,,2026-09-25T14:58:38.088177+00:00,,2026-09-25T14:58:38.089177+00:00,,2026-09-25T14:58:38.090177+00:00,,2026-09-25T14:58:38.091177+00:00,,2026-09-25T14:58:38.092177+00:00,,2026-09-25T14:58:38.093177+00:00,,2026-09-25T14:58:38.094177+00:00,,2026-09-25T14:58:38.106178+00:00,,2026-09-25T14:58:38.096177+00:00,,2026-09-25T14:58:38.097177+00:00,,2026-09-25T14:58:38.098178+00:00,,2026-09-25T14:58:38.099178+00:00,,2026-09-25T14:58:38.100178+00:00,,2026-09-25T14:58:38.101178+00:00,,2026-09-25T14:58:38.102178+00:00,,2026-09-25T14:58:38.103178+00:00,,2026-09-25T14:58:38.115178+00:00,,2026-09-25T14:58:38.105178+00:00,,2026-09-25T14:58:38.107178+00:00,,2026-09-25T14:58:38.108178+00:00,,2026-09-25T14:58:38.109178+00:00,,2026-09-25T14:58:38.110178+00:00,,2026-09-25T14:58:38.111178+00:00,,2026-09-25T14:58:38.112178+00:00,,2026-09-25T14:58:38.113178+00:00,,2026-09-25T14:58:38.114178+00:00,,2026-09-25T14:58:38.104178+00:00,,2026-09-25T14:58:38.116179+00:00,,2026-09-25T14:58:38.117179+00:00,,2026-09-25T14:58:38.118179+00:00,,2026-09-25T14:58:38.119179+00:00,,2026-09-25T14:58:38.120179+00:00,,2026-09-25T14:58:38.121179+00:00,,2026-09-25T14:58:38.122179+00:00,,2026-09-25T14:58:38.123179+00:00,,2026-09-25T14:58:38.124179+00:00,,2026-09-25T14:58:38.125179+00:00,,2026-09-25T14:58:38.126179+00:00,,2026-09-25T14:58:38.127179+00:00,,2026-09-25T14:58:38.128179+00:00,
32,2026-09-25T13:29:33.488176+00:00,2026-09-25T14:58:38.484200+00:00,99.006,2026-09-25T14:58:38.385194+00:00,,2026-09-25T14:58:38.398195+00:00,,2026-09-25T14:58:38.399195+00:00,,2026-09-25T14:58:38.400195+00:00,,2026-09-25T14:58:38.401195+00:00,,2026-09-25T14:58:38.402195+00:00,,2026-09-25T14:58:38.403195+00:00,,2026-09-25T14:58:38.404195+00:00,,2026-09-25T14:58:38.405195+00:00,,2026-09-25T14:58:38.417196+00:00,,2026-09-25T14:58:38.407195+00:00,,2026-09-25T14:58:38.408195+00:00,,2026-09-25T14:58:38.409195+00:00,,2026-09-25T14:58:38.410195+00:00,,2026-09-25T14:58:38.411195+00:00,,2026-09-25T14:58:38.412195+00:00,,2026-09-25T14:58:38.413196+00:00,,2026-09-25T14:58:38.414196+00:00,,2026-09-25T14:58:38.415196+00:00,,2026-09-25T14:58:38.416196+00:00,,2026-09-25T14:58:38.406195+00:00,,2026-09-25T14:58:38.418196+00:00,,2026-09-25T14:58:38.419196+00:00,,2026-09-25T14:58:38.420196+00:00,,2026-09-25T14:58:38.421196+00:00,,2026-09-25T14:58:38.422196+00:00,,2026-09-25T14:58:38.423196+00:00,,2026-09-25T14:58:38.424196+00:00,,2026-09-25T14:58:38.425196+00:00,,2026-09-25T14:58:38.426196+00:00,,2026-09-25T14:58:38.427196+00:00,,2026-09-25T14:58:38.428196+00:00,,2026-09-25T14:58:38.429196+00:00,,2026-09-25T14:58:38.430196+00:00,,2026-09-25T14:58:38.431197+00:00,,2026-09-25T14:58:38.432197+00:00,,2026-09-25T14:58:38.433197+00:00,,2026-09-25T14:58:38.434197+00:00,,2026-09-25T14:58:38.435197+00:00,,2026-09-25T14:58:38.436197+00:00,,2026-09-25T14:58:38.437197+00:00,,2026-09-25T14:58:38.438197+00:00,,2026-09-25T14:58:38.439197+00:00,,2026-09-25T14:58:38.440197+00:00,,2026-09-25T14:58:38.441197+00:00,,2026-09-25T14:58:38.442197+00:00,,2026-09-25T14:58:38.443197+00:00,,2026-09-25T14:58:38.455198+00:00,,2026-09-25T14:58:38.445197+00:00,,2026-09-25T14:58:38.446197+00:00,,2026-09-25T14:58:38.447197+00:00,,2026-09-25T14:58:38.448198+00:00,,2026-09-25T14:58:38.449198+00:00,,2026-09-25T14:58:38.450198+00:00,,2026-09-25T14:58:38.451198+00:00,,2026-09-25T14:58:38.452198+00:00,,2026-09-25T14:58:38.453198+00:00,,2026-09-25T14:58:38.454198+00:00,,2026-09-25T14:58:38.456198+00:00,,2026-09-25T14:58:38.457198+00:00,,2026-09-25T14:58:38.458198+00:00,,2026-09-25T14:58:38.459198+00:00,,2026-09-25T14:58:38.474199+00:00,,2026-09-25T14:58:38.461198+00:00,,2026-09-25T14:58:38.462198+00:00,,2026-09-25T14:58:38.463198+00:00,,2026-09-25T14:58:38.464198+00:00,,2026-09-25T14:58:38.465198+00:00,,2026-09-25T14:58:38.466199+00:00,,2026-09-25T14:58:38.468199+00:00,,2026-09-25T14:58:38.469199+00:00,,2026-09-25T14:58:38.484200+00:00,,2026-09-25T14:58:38.472199+00:00,,2026-09-25T14:58:38.460198+00:00,,2026-09-25T14:58:38.475199+00:00,,2026-09-25T14:58:38.477199+00:00,,2026-09-25T14:58:38.478199+00:00,,2026-09-25T14:58:38.479199+00:00,,2026-09-25T14:58:38.480199+00:00,,2026-09-25T14:58:38.481199+00:00,,2026-09-25T14:58:38.482199+00:00,,2026-09-25T14:58:38.483200+00:00,,2026-09-25T14:58:38.470199+00:00,
33,2026-09-25T13:29:33.831916+00:00,2026-09-25T14:58:38.829219+00:00,89.005,2026-09-25T14:58:38.740214+00:00,,2026-09-25T14:58:38.745215+00:00,,2026-09-25T14:58:38.746215+00:00,,2026-09-25T14:58:38.747215+00:00,,2026-09-25T14:58:38.748215+00:00,,2026-09-25T14:58:38.750215+00:00,,2026-09-25T14:58:38.751215+00:00,,2026-09-25T14:58:38.752215+00:00,,2026-09-25T14:58:38.753215+00:00,,2026-09-25T14:58:38.754215+00:00,,2026-09-25T14:58:38.755215+00:00,,2026-09-25T14:58:38.756215+00:00,,2026-09-25T14:58:38.769216+00:00,,2026-09-25T14:58:38.770216+00:00,,2026-09-25T14:58:38.759215+00:00,,2026-09-25T14:58:38.760215+00:00,,2026-09-25T14:58:38.761215+00:00,,2026-09-25T14:58:38.762215+00:00,,2026-09-25T14:58:38.763216+00:00,,2026-09-25T14:58:38.765216+00:00,,2026-09-25T14:58:38.766216+00:00,,2026-09-25T14:58:38.767216+00:00,,2026-09-25T14:58:38.768216+00:00,,2026-09-25T14:58:38.757215+00:00,,2026-09-25T14:58:38.758215+00:00,,2026-09-25T14:58:38.771216+00:00,,2026-09-25T14:58:38.772216+00:00,,2026-09-25T14:58:38.773216+00:00,,2026-09-25T14:58:38.774216+00:00,,2026-09-25T14:58:38.775216+00:00,,2026-09-25T14:58:38.776216+00:00,,2026-09-25T14:58:38.777216+00:00,,2026-09-25T14:58:38.778216+00:00,,2026-09-25T14:58:38.779216+00:00,,2026-09-25T14:58:38.780217+00:00,,2026-09-25T14:58:38.781217+00:00,,2026-09-25T14:58:38.782217+00:00,,2026-09-25T14:58:38.783217+00:00,,2026-09-25T14:58:38.784217+00:00,,2026-09-25T14:58:38.785217+00:00,,2026-09-25T14:58:38.786217+00:00,,2026-09-25T14:58:38.787217+00:00,,2026-09-25T14:58:38.788217+00:00,,2026-09-25T14:58:38.789217+00:00,,2026-09-25T14:58:38.790217+00:00,,2026-09-25T14:58:38.791217+00:00,,2026-09-25T14:58:38.792217+00:00,,2026-09-25T14:58:38.793217+00:00,,2026-09-25T14:58:38.805218+00:00,,2026-09-25T14:58:38.795217+00:00,,2026-09-25T14:58:38.807218+00:00,,2026-09-25T14:58:38.797217+00:00,,2026-09-25T14:58:38.798218+00:00,,2026-09-25T14:58:38.799218+00:00,,2026-09-25T14:58:38.800218+00:00,,2026-09-25T14:58:38.801218+00:00,,2026-09-25T14:58:38.802218+00:00,,2026-09-25T14:58:38.803218+00:00,,2026-09-25T14:58:38.804218+00:00,,2026-09-25T14:58:38.806218+00:00,,2026-09-25T14:58:38.796217+00:00,,2026-09-25T14:58:38.808218+00:00,,2026-09-25T14:58:38.809218+00:00,,2026-09-25T14:58:38.810218+00:00,,2026-09-25T14:58:38.811218+00:00,,2026-09-25T14:58:38.812218+00:00,,2026-09-25T14:58:38.813218+00:00,,2026-09-25T14:58:38.825219+00:00,,2026-09-25T14:58:38.815219+00:00,,2026-09-25T14:58:38.816219+00:00,,2026-09-25T14:58:38.817219+00:00,,2026-09-25T14:58:38.818219+00:00,,2026-09-25T14:58:38.819219+00:00,,2026-09-25T14:58:38.820219+00:00,,2026-09-25T14:58:38.821219+00:00,,2026-09-25T14:58:38.822219+00:00,,2026-09-25T14:58:38.823219+00:00,,2026-09-25T14:58:38.824219+00:00,,2026-09-25T14:58:38.814218+00:00,,2026-09-25T14:58:38.826219+00:00,,2026-09-25T14:58:38.827219+00:00,,2026-09-25T14:58:38.828219+00:00,,2026-09-25T14:58:38.829219+00:00,
34,2026-09-25T13:29:34.181177+00:00,2026-09-25T14:58:39.178239+00:00,94.00500000000001,2026-09-25T14:58:39.084234+00:00,,2026-09-25T14:58:39.094234+00:00,,2026-09-25T14:58:39.095235+00:00,,2026-09-25T14:58:39.096235+00:00,,2026-09-25T14:58:39.097235+00:00,,2026-09-25T14:58:39.098235+00:00,,2026-09-25T14:58:39.099235+00:00,,2026-09-25T14:58:39.100235+00:00,,2026-09-25T14:58:39.101235+00:00,,2026-09-25T14:58:39.102235+00:00,,2026-09-25T14:58:39.103235+00:00,,2026-09-25T14:58:39.104235+00:00,,2026-09-25T14:58:39.106235+00:00,,2026-09-25T14:58:39.107235+00:00,,2026-09-25T14:58:39.108235+00:00,,2026-09-25T14:58:39.109235+00:00,,2026-09-25T14:58:39.110235+00:00,,2026-09-25T14:58:39.111235+00:00,,2026-09-25T14:58:39.112236+00:00,,2026-09-25T14:58:39.113236+00:00,,2026-09-25T14:58:39.114236+00:00,,2026-09-25T14:58:39.115236+00:00,,2026-09-25T14:58:39.116236+00:00,,2026-09-25T14:58:39.129236+00:00,,2026-09-25T14:58:39.118236+00:00,,2026-09-25T14:58:39.119236+00:00,,2026-09-25T14:58:39.120236+00:00,,2026-09-25T14:58:39.121236+00:00,,2026-09-25T14:58:39.122236+00:00,,2026-09-25T14:58:39.124236+00:00,,2026-09-25T14:58:39.125236+00:00,,2026-09-25T14:58:39.126236+00:00,,2026-09-25T14:58:39.127236+00:00,,2026-09-25T14:58:39.128236+00:00,,2026-09-25T14:58:39.117236+00:00,,2026-09-25T14:58:39.130237+00:00,,2026-09-25T14:58:39.131237+00:00,,2026-09-25T14:58:39.132237+00:00,,2026-09-25T14:58:39.133237+00:00,,2026-09-25T14:58:39.134237+00:00,,2026-09-25T14:58:39.135237+00:00,,2026-09-25T14:58:39.136237+00:00,,2026-09-25T14:58:39.137237+00:00,,2026-09-25T14:58:39.138237+00:00,,2026-09-25T14:58:39.150238+00:00,,2026-09-25T14:58:39.140237+00:00,,2026-09-25T14:58:39.141237+00:00,,2026-09-25T14:58:39.142237+00:00,,2026-09-25T14:58:39.143237+00:00,,2026-09-25T14:58:39.155238+00:00,,2026-09-25T14:58:39.145237+00:00,,2026-09-25T14:58:39.146237+00:00,,2026-09-25T14:58:39.147238+00:00,,2026-09-25T14:58:39.148238+00:00,,2026-09-25T14:58:39.149238+00:00,,2026-09-25T14:58:39.139237+00:00,,2026-09-25T14:58:39.151238+00:00,,2026-09-25T14:58:39.152238+00:00,,2026-09-25T14:58:39.153238+00:00,,2026-09-25T14:58:39.154238+00:00,,2026-09-25T14:58:39.156238+00:00,,2026-09-25T14:58:39.157238+00:00,,2026-09-25T14:58:39.158238+00:00,,2026-09-25T14:58:39.159238+00:00,,2026-09-25T14:58:39.160238+00:00,,2026-09-25T14:58:39.161238+00:00,,2026-09-25T14:58:39.162238+00:00,,2026-09-25T14:58:39.163238+00:00,,2026-09-25T14:58:39.164238+00:00,,2026-09-25T14:58:39.176239+00:00,,2026-09-25T14:58:39.166239+00:00,,2026-09-25T14:58:39.167239+00:00,,2026-09-25T14:58:39.168239+00:00,,2026-09-25T14:58:39.169239+00:00,,2026-09-25T14:58:39.170239+00:00,,2026-09-25T14:58:39.171239+00:00,,2026-09-25T14:58:39.172239+00:00,,2026-09-25T14:58:39.173239+00:00,,2026-09-25T14:58:39.174239+00:00,,2026-09-25T14:58:39.175239+00:00,,2026-09-25T14:58:39.165239+00:00,,2026-09-25T14:58:39.177239+00:00,,2026-09-25T14:58:39.178239+00:00,
35,2026-09-25T13:29:34.534106+00:00,2026-09-25T14:58:39.531259+00:00,97.005,2026-09-25T14:58:39.434254+00:00,,2026-09-25T14:58:39.446255+00:00,,2026-09-25T14:58:39.447255+00:00,,2026-09-25T14:58:39.448255+00:00,,2026-09-25T14:58:39.449255+00:00,,2026-09-25T14:58:39.450255+00:00,,2026-09-25T14:58:39.451255+00:00,,2026-09-25T14:58:39.452255+00:00,,2026-09-25T14:58:39.453255+00:00,,2026-09-25T14:58:39.454255+00:00,,2026-09-25T14:58:39.455255+00:00,,2026-09-25T14:58:39.456255+00:00,,2026-09-25T14:58:39.457255+00:00,,2026-09-25T14:58:39.458255+00:00,,2026-09-25T14:58:39.459255+00:00,,2026-09-25T14:58:39.460255+00:00,,2026-09-25T14:58:39.461255+00:00,,2026-09-25T14:58:39.462256+00:00,,2026-09-25T14:58:39.463256+00:00,,2026-09-25T14:58:39.464256+00:00,,2026-09-25T14:58:39.465256+00:00,,2026-09-25T14:58:39.466256+00:00,,2026-09-25T14:58:39.467256+00:00,,2026-09-25T14:58:39.468256+00:00,,2026-09-25T14:58:39.469256+00:00,,2026-09-25T14:58:39.470256+00:00,,2026-09-25T14:58:39.471256+00:00,,2026-09-25T14:58:39.472256+00:00,,2026-09-25T14:58:39.473256+00:00,,2026-09-25T14:58:39.474256+00:00,,2026-09-25T14:58:39.475256+00:00,,2026-09-25T14:58:39.476256+00:00,,2026-09-25T14:58:39.477256+00:00,,2026-09-25T14:58:39.478256+00:00,,2026-09-25T14:58:39.479256+00:00,,2026-09-25T14:58:39.480257+00:00,,2026-09-25T14:58:39.481257+00:00,,2026-09-25T14:58:39.506258+00:00,,2026-09-25T14:58:39.484257+00:00,,2026-09-25T14:58:39.485257+00:00,,2026-09-25T14:58:39.486257+00:00,,2026-09-25T14:58:39.487257+00:00,,2026-09-25T14:58:39.488257+00:00,,2026-09-25T14:58:39.489257+00:00,,2026-09-25T14:58:39.490257+00:00,,2026-09-25T14:58:39.491257+00:00,,2026-09-25T14:58:39.492257+00:00,,2026-09-25T14:58:39.493257+00:00,,2026-09-25T14:58:39.483257+00:00,,2026-09-25T14:58:39.495257+00:00,,2026-09-25T14:58:39.496257+00:00,,2026-09-25T14:58:39.497258+00:00,,2026-09-25T14:58:39.499258+00:00,,2026-09-25T14:58:39.500258+00:00,,2026-09-25T14:58:39.501258+00:00,,2026-09-25T14:58:39.502258+00:00,,2026-09-25T14:58:39.503258+00:00,,2026-09-25T14:58:39.504258+00:00,,2026-09-25T14:58:39.505258+00:00,,2026-09-25T14:58:39.507258+00:00,,2026-09-25T14:58:39.508258+00:00,,2026-09-25T14:58:39.509258+00:00,,2026-09-25T14:58:39.510258+00:00,,2026-09-25T14:58:39.511258+00:00,,2026-09-25T14:58:39.512258+00:00,,2026-09-25T14:58:39.513258+00:00,,2026-09-25T14:58:39.515259+00:00,,2026-09-25T14:58:39.516259+00:00,,2026-09-25T14:58:39.517259+00:00,,2026-09-25T14:58:39.518259+00:00,,2026-09-25T14:58:39.519259+00:00,,2026-09-25T14:58:39.520259+00:00,,2026-09-25T14:58:39.521259+00:00,,2026-09-25T14:58:39.522259+00:00,,2026-09-25T14:58:39.523259+00:00,,2026-09-25T14:58:39.524259+00:00,,2026-09-25T14:58:39.525259+00:00,,2026-09-25T14:58:39.526259+00:00,,2026-09-25T14:58:39.527259+00:00,,2026-09-25T14:58:39.528259+00:00,,2026-09-25T14:58:39.529259+00:00,,2026-09-25T14:58:39.530259+00:00,,2026-09-25T14:58:39.531259+00:00,
36,2026-09-25T13:29:34.925491+00:00,2026-09-25T14:58:39.880279+00:00,95.00500000000001,2026-09-25T14:58:39.785274+00:00,,2026-09-25T14:58:39.793274+00:00,,2026-09-25T14:58:39.794275+00:00,,2026-09-25T14:58:39.795275+00:00,,2026-09-25T14:58:39.796275+00:00,,2026-09-25T14:58:39.797275+00:00,,2026-09-25T14:58:39.798275+00:00,,2026-09-25T14:58:39.799275+00:00,,2026-09-25T14:58:39.800275+00:00,,2026-09-25T14:58:39.801275+00:00,,2026-09-25T14:58:39.802275+00:00,,2026-09-25T14:58:39.803275+00:00,,2026-09-25T14:58:39.804275+00:00,,2026-09-25T14:58:39.805275+00:00,,2026-09-25T14:58:39.807275+00:00,,2026-09-25T14:58:39.808275+00:00,,2026-09-25T14:58:39.809275+00:00,,2026-09-25T14:58:39.811275+00:00,,2026-09-25T14:58:39.812276+00:00,,2026-09-25T14:58:39.813276+00:00,,2026-09-25T14:58:39.814276+00:00,,2026-09-25T14:58:39.815276+00:00,,2026-09-25T14:58:39.816276+00:00,,2026-09-25T14:58:39.817276+00:00,,2026-09-25T14:58:39.818276+00:00,,2026-09-25T14:58:39.819276+00:00,,2026-09-25T14:58:39.820276+00:00,,2026-09-25T14:58:39.821276+00:00,,2026-09-25T14:58:39.822276+00:00,,2026-09-25T14:58:39.823276+00:00,,2026-09-25T14:58:39.824276+00:00,,2026-09-25T14:58:39.825276+00:00,,2026-09-25T14:58:39.838277+00:00,,2026-09-25T14:58:39.828276+00:00,,2026-09-25T14:58:39.829277+00:00,,2026-09-25T14:58:39.830277+00:00,,2026-09-25T14:58:39.831277+00:00,,2026-09-25T14:58:39.832277+00:00,,2026-09-25T14:58:39.833277+00:00,,2026-09-25T14:58:39.834277+00:00,,2026-09-25T14:58:39.835277+00:00,,2026-09-25T14:58:39.836277+00:00,,2026-09-25T14:58:39.837277+00:00,,2026-09-25T14:58:39.826276+00:00,,2026-09-25T14:58:39.839277+00:00,,2026-09-25T14:58:39.840277+00:00,,2026-09-25T14:58:39.841277+00:00,,2026-09-25T14:58:39.842277+00:00,,2026-09-25T14:58:39.854278+00:00,,2026-09-25T14:58:39.844277+00:00,,2026-09-25T14:58:39.845277+00:00,,2026-09-25T14:58:39.846277+00:00,,2026-09-25T14:58:39.847278+00:00,,2026-09-25T14:58:39.848278+00:00,,2026-09-25T14:58:39.849278+00:00,,2026-09-25T14:58:39.850278+00:00,,2026-09-25T14:58:39.851278+00:00,,2026-09-25T14:58:39.852278+00:00,,2026-09-25T14:58:39.853278+00:00,,2026-09-25T14:58:39.855278+00:00,,2026-09-25T14:58:39.857278+00:00,,2026-09-25T14:58:39.858278+00:00,,2026-09-25T14:58:39.859278+00:00,,2026-09-25T14:58:39.860278+00:00,,2026-09-25T14:58:39.861278+00:00,,2026-09-25T14:58:39.862278+00:00,,2026-09-25T14:58:39.875279+00:00,,2026-09-25T14:58:39.864279+00:00,,2026-09-25T14:58:39.865279+00:00,,2026-09-25T14:58:39.866279+00:00,,2026-09-25T14:58:39.867279+00:00,,2026-09-25T14:58:39.868279+00:00,,2026-09-25T14:58:39.869279+00:00,,2026-09-25T14:58:39.870279+00:00,,2026-09-25T14:58:39.871279+00:00,,2026-09-25T14:58:39.872279+00:00,,2026-09-25T14:58:39.873279+00:00,,2026-09-25T14:58:39.863278+00:00,,2026-09-25T14:58:39.876279+00:00,,2026-09-25T14:58:39.877279+00:00,,2026-09-25T14:58:39.878279+00:00,,2026-09-25T14:58:39.879279+00:00,,2026-09-25T14:58:39.880279+00:00,
37,2026-09-25T13:29:35.285150+00:00,2026-09-25T14:58:40.275302+00:00,98.006,2026-09-25T14:58:40.177296+00:00,,2026-09-25T14:58:40.186297+00:00,,2026-09-25T14:58:40.188297+00:00,,2026-09-25T14:58:40.189297+00:00,,2026-09-25T14:58:40.190297+00:00,,2026-09-25T14:58:40.191297+00:00,,2026-09-25T14:58:40.192297+00:00,,2026-09-25T14:58:40.204298+00:00,,2026-09-25T14:58:40.194297+00:00,,2026-09-25T14:58:40.195297+00:00,,2026-09-25T14:58:40.196298+00:00,,2026-09-25T14:58:40.197298+00:00,,2026-09-25T14:58:40.198298+00:00,,2026-09-25T14:58:40.199298+00:00,,2026-09-25T14:58:40.200298+00:00,,2026-09-25T14:58:40.201298+00:00,,2026-09-25T14:58:40.202298+00:00,,2026-09-25T14:58:40.203298+00:00,,2026-09-25T14:58:40.205298+00:00,,2026-09-25T14:58:40.206298+00:00,,2026-09-25T14:58:40.207298+00:00,,2026-09-25T14:58:40.208298+00:00,,2026-09-25T14:58:40.209298+00:00,,2026-09-25T14:58:40.210298+00:00,,2026-09-25T14:58:40.211298+00:00,,2026-09-25T14:58:40.212298+00:00,,2026-09-25T14:58:40.213298+00:00,,2026-09-25T14:58:40.214299+00:00,,2026-09-25T14:58:40.215299+00:00,,2026-09-25T14:58:40.216299+00:00,,2026-09-25T14:58:40.217299+00:00,,2026-09-25T14:58:40.230299+00:00,,2026-09-25T14:58:40.220299+00:00,,2026-09-25T14:58:40.221299+00:00,,2026-09-25T14:58:40.222299+00:00,,2026-09-25T14:58:40.223299+00:00,,2026-09-25T14:58:40.224299+00:00,,2026-09-25T14:58:40.225299+00:00,,2026-09-25T14:58:40.226299+00:00,,2026-09-25T14:58:40.227299+00:00,,2026-09-25T14:58:40.228299+00:00,,2026-09-25T14:58:40.229299+00:00,,2026-09-25T14:58:40.219299+00:00,,2026-09-25T14:58:40.231300+00:00,,2026-09-25T14:58:40.232300+00:00,,2026-09-25T14:58:40.233300+00:00,,2026-09-25T14:58:40.234300+00:00,,2026-09-25T14:58:40.235300+00:00,,2026-09-25T14:58:40.236300+00:00,,2026-09-25T14:58:40.237300+00:00,,2026-09-25T14:58:40.238300+00:00,,2026-09-25T14:58:40.239300+00:00,,2026-09-25T14:58:40.240300+00:00,,2026-09-25T14:58:40.241300+00:00,,2026-09-25T14:58:40.242300+00:00,,2026-09-25T14:58:40.255301+00:00,,2026-09-25T14:58:40.244300+00:00,,2026-09-25T14:58:40.245300+00:00,,2026-09-25T14:58:40.246300+00:00,,2026-09-25T14:58:40.247300+00:00,,2026-09-25T14:58:40.249301+00:00,,2026-09-25T14:58:40.250301+00:00,,2026-09-25T14:58:40.251301+00:00,,2026-09-25T14:58:40.252301+00:00,,2026-09-25T14:58:40.253301+00:00,,2026-09-25T14:58:40.254301+00:00,,2026-09-25T14:58:40.270302+00:00,,2026-09-25T14:58:40.271302+00:00,,2026-09-25T14:58:40.258301+00:00,,2026-09-25T14:58:40.259301+00:00,,2026-09-25T14:58:40.260301+00:00,,2026-09-25T14:58:40.262301+00:00,,2026-09-25T14:58:40.265301+00:00,,2026-09-25T14:58:40.266302+00:00,,2026-09-25T14:58:40.267302+00:00,,2026-09-25T14:58:40.268302+00:00,,2026-09-25T14:58:40.269302+00:00,,2026-09-25T14:58:40.256301+00:00,,2026-09-25T14:58:40.257301+00:00,,2026-09-25T14:58:40.272302+00:00,,2026-09-25T14:58:40.273302+00:00,,2026-09-25T14:58:40.274302+00:00,,2026-09-25T14:58:40.275302+00:00,
38,2026-09-25T13:29:35.693075+00:00,2026-09-25T14:58:40.681325+00:00,94.00500000000001,2026-09-25T14:58:40.587320+00:00,,2026-09-25T14:58:40.594320+00:00,,2026-09-25T14:58:40.595320+00:00,,2026-09-25T14:58:40.596320+00:00,,2026-09-25T14:58:40.597320+00:00,,2026-09-25T14:58:40.598321+00:00,,2026-09-25T14:58:40.599321+00:00,,2026-09-25T14:58:40.600321+00:00,,2026-09-25T14:58:40.601321+00:00,,2026-09-25T14:58:40.602321+00:00,,2026-09-25T14:58:40.603321+00:00,,2026-09-25T14:58:40.604321+00:00,,2026-09-25T14:58:40.605321+00:00,,2026-09-25T14:58:40.607321+00:00,,2026-09-25T14:58:40.608321+00:00,,2026-09-25T14:58:40.609321+00:00,,2026-09-25T14:58:40.610321+00:00,,2026-09-25T14:58:40.611321+00:00,,2026-09-25T14:58:40.612321+00:00,,2026-09-25T14:58:40.613321+00:00,,2026-09-25T14:58:40.614321+00:00,,2026-09-25T14:58:40.615321+00:00,,2026-09-25T14:58:40.616322+00:00,,2026-09-25T14:58:40.617322+00:00,,2026-09-25T14:58:40.618322+00:00,,2026-09-25T14:58:40.619322+00:00,,2026-09-25T14:58:40.620322+00:00,,2026-09-25T14:58:40.622322+00:00,,2026-09-25T14:58:40.623322+00:00,,2026-09-25T14:58:40.624322+00:00,,2026-09-25T14:58:40.625322+00:00,,2026-09-25T14:58:40.626322+00:00,,2026-09-25T14:58:40.627322+00:00,,2026-09-25T14:58:40.628322+00:00,,2026-09-25T14:58:40.629322+00:00,,2026-09-25T14:58:40.630322+00:00,,2026-09-25T14:58:40.631322+00:00,,2026-09-25T14:58:40.632322+00:00,,2026-09-25T14:58:40.633323+00:00,,2026-09-25T14:58:40.634323+00:00,,2026-09-25T14:58:40.635323+00:00,,2026-09-25T14:58:40.648323+00:00,,2026-09-25T14:58:40.638323+00:00,,2026-09-25T14:58:40.639323+00:00,,2026-09-25T14:58:40.640323+00:00,,2026-09-25T14:58:40.641323+00:00,,2026-09-25T14:58:40.642323+00:00,,2026-09-25T14:58:40.655324+00:00,,2026-09-25T14:58:40.644323+00:00,,2026-09-25T14:58:40.645323+00:00,,2026-09-25T14:58:40.646323+00:00,,2026-09-25T14:58:40.647323+00:00,,2026-09-25T14:58:40.637323+00:00,,2026-09-25T14:58:40.649323+00:00,,2026-09-25T14:58:40.650323+00:00,,2026-09-25T14:58:40.651324+00:00,,2026-09-25T14:58:40.664324+00:00,,2026-09-25T14:58:40.654324+00:00,,2026-09-25T14:58:40.656324+00:00,,2026-09-25T14:58:40.657324+00:00,,2026-09-25T14:58:40.658324+00:00,,2026-09-25T14:58:40.659324+00:00,,2026-09-25T14:58:40.660324+00:00,,2026-09-25T14:58:40.661324+00:00,,2026-09-25T14:58:40.662324+00:00,,2026-09-25T14:58:40.663324+00:00,,2026-09-25T14:58:40.653324+00:00,,2026-09-25T14:58:40.665324+00:00,,2026-09-25T14:58:40.666324+00:00,,2026-09-25T14:58:40.667324+00:00,,2026-09-25T14:58:40.668325+00:00,,2026-09-25T14:58:40.669325+00:00,,2026-09-25T14:58:40.670325+00:00,,2026-09-25T14:58:40.671325+00:00,,2026-09-25T14:58:40.672325+00:00,,2026-09-25T14:58:40.673325+00:00,,2026-09-25T14:58:40.674325+00:00,,2026-09-25T14:58:40.675325+00:00,,2026-09-25T14:58:40.676325+00:00,,2026-09-25T14:58:40.677325+00:00,,2026-09-25T14:58:40.679325+00:00,,2026-09-25T14:58:40.680325+00:00,,2026-09-25T14:58:40.681325+00:00,
39,2026-09-25T13:29:36.058716+00:00,2026-09-25T14:58:41.052346+00:00,105.006,2026-09-25T14:58:40.947340+00:00,,2026-09-25T14:58:40.963341+00:00,,2026-09-25T14:58:40.965341+00:00,,2026-09-25T14:58:40.966342+00:00,,2026-09-25T14:58:40.967342+00:00,,2026-09-25T14:58:40.968342+00:00,,2026-09-25T14:58:40.969342+00:00,,2026-09-25T14:58:40.970342+00:00,,2026-09-25T14:58:40.971342+00:00,,2026-09-25T14:58:40.972342+00:00,,2026-09-25T14:58:40.985343+00:00,,2026-09-25T14:58:40.975342+00:00,,2026-09-25T14:58:40.976342+00:00,,2026-09-25T14:58:40.977342+00:00,,2026-09-25T14:58:40.978342+00:00,,2026-09-25T14:58:40.979342+00:00,,2026-09-25T14:58:40.980342+00:00,,2026-09-25T14:58:40.981342+00:00,,2026-09-25T14:58:40.982342+00:00,,2026-09-25T14:58:40.983343+00:00,,2026-09-25T14:58:40.984343+00:00,,2026-09-25T14:58:40.974342+00:00,,2026-09-25T14:58:40.986343+00:00,,2026-09-25T14:58:40.987343+00:00,,2026-09-25T14:58:40.988343+00:00,,2026-09-25T14:58:41.002344+00:00,,2026-09-25T14:58:40.991343+00:00,,2026-09-25T14:58:40.992343+00:00,,2026-09-25T14:58:41.005344+00:00,,2026-09-25T14:58:40.994343+00:00,,2026-09-25T14:58:40.996343+00:00,,2026-09-25T14:58:40.997343+00:00,,2026-09-25T14:58:40.998343+00:00,,2026-09-25T14:58:40.999343+00:00,,2026-09-25T14:58:41.000343+00:00,,2026-09-25T14:58:41.001344+00:00,,2026-09-25T14:58:40.990343+00:00,,2026-09-25T14:58:41.003344+00:00,,2026-09-25T14:58:41.004344+00:00,,2026-09-25T14:58:41.006344+00:00,,2026-09-25T14:58:41.007344+00:00,,2026-09-25T14:58:41.008344+00:00,,2026-09-25T14:58:41.009344+00:00,,2026-09-25T14:58:41.010344+00:00,,2026-09-25T14:58:41.012344+00:00,,2026-09-25T14:58:41.013344+00:00,,2026-09-25T14:58:41.014344+00:00,,2026-09-25T14:58:41.015344+00:00,,2026-09-25T14:58:41.016344+00:00,,2026-09-25T14:58:41.017344+00:00,,2026-09-25T14:58:41.018345+00:00,,2026-09-25T14:58:41.019345+00:00,,2026-09-25T14:58:41.020345+00:00,,2026-09-25T14:58:41.021345+00:00,,2026-09-25T14:58:41.022345+00:00,,2026-09-25T14:58:41.023345+00:00,,2026-09-25T14:58:41.024345+00:00,,2026-09-25T14:58:41.025345+00:00,,2026-09-25T14:58:41.026345+00:00,,2026-09-25T14:58:41.027345+00:00,,2026-09-25T14:58:41.028345+00:00,,2026-09-25T14:58:41.029345+00:00,,2026-09-25T14:58:41.030345+00:00,,2026-09-25T14:58:41.031345+00:00,,2026-09-25T14:58:41.032345+00:00,,2026-09-25T14:58:41.033345+00:00,,2026-09-25T14:58:41.034345+00:00,,2026-09-25T14:58:41.035345+00:00,,2026-09-25T14:58:41.036346+00:00,,2026-09-25T14:58:41.050346+00:00,,2026-09-25T14:58:41.039346+00:00,,2026-09-25T14:58:41.040346+00:00,,2026-09-25T14:58:41.041346+00:00,,2026-09-25T14:58:41.043346+00:00,,2026-09-25T14:58:41.044346+00:00,,2026-09-25T14:58:41.045346+00:00,,2026-09-25T14:58:41.046346+00:00,,2026-09-25T14:58:41.047346+00:00,,2026-09-25T14:58:41.048346+00:00,,2026-09-25T14:58:41.049346+00:00,,2026-09-25T14:58:41.038346+00:00,,2026-09-25T14:58:41.051346+00:00,,2026-09-25T14:58:41.052346+00:00,
40,2026-09-25T13:29:36.412804+00:00,2026-09-25T14:58:41.409367+00:00,98.006,2026-09-25T14:58:41.311361+00:00,,2026-09-25T14:58:41.315362+00:00,,2026-09-25T14:58:41.317362+00:00,,2026-09-25T14:58:41.318362+00:00,,2026-09-25T14:58:41.320362+00:00,,2026-09-25T14:58:41.321362+00:00,,2026-09-25T14:58:41.322362+00:00,,2026-09-25T14:58:41.323362+00:00,,2026-09-25T14:58:41.325362+00:00,,2026-09-25T14:58:41.326362+00:00,,2026-09-25T14:58:41.327362+00:00,,2026-09-25T14:58:41.328362+00:00,,2026-09-25T14:58:41.330362+00:00,,2026-09-25T14:58:41.331362+00:00,,2026-09-25T14:58:41.332362+00:00,,2026-09-25T14:58:41.333363+00:00,,2026-09-25T14:58:41.334363+00:00,,2026-09-25T14:58:41.335363+00:00,,2026-09-25T14:58:41.336363+00:00,,2026-09-25T14:58:41.337363+00:00,,2026-09-25T14:58:41.338363+00:00,,2026-09-25T14:58:41.339363+00:00,,2026-09-25T14:58:41.340363+00:00,,2026-09-25T14:58:41.341363+00:00,,2026-09-25T14:58:41.368365+00:00,,2026-09-25T14:58:41.343363+00:00,,2026-09-25T14:58:41.344363+00:00,,2026-09-25T14:58:41.345363+00:00,,2026-09-25T14:58:41.346363+00:00,,2026-09-25T14:58:41.347363+00:00,,2026-09-25T14:58:41.348363+00:00,,2026-09-25T14:58:41.377365+00:00,,2026-09-25T14:58:41.351364+00:00,,2026-09-25T14:58:41.352364+00:00,,2026-09-25T14:58:41.353364+00:00,,2026-09-25T14:58:41.369365+00:00,,2026-09-25T14:58:41.358364+00:00,,2026-09-25T14:58:41.359364+00:00,,2026-09-25T14:58:41.360364+00:00,,2026-09-25T14:58:41.361364+00:00,,2026-09-25T14:58:41.362364+00:00,,2026-09-25T14:58:41.350364+00:00,,2026-09-25T14:58:41.365364+00:00,,2026-09-25T14:58:41.366364+00:00,,2026-09-25T14:58:41.367364+00:00,,2026-09-25T14:58:41.355364+00:00,,2026-09-25T14:58:41.357364+00:00,,2026-09-25T14:58:41.371365+00:00,,2026-09-25T14:58:41.384365+00:00,,2026-09-25T14:58:41.374365+00:00,,2026-09-25T14:58:41.375365+00:00,,2026-09-25T14:58:41.376365+00:00,,2026-09-25T14:58:41.364364+00:00,,2026-09-25T14:58:41.378365+00:00,,2026-09-25T14:58:41.379365+00:00,,2026-09-25T14:58:41.380365+00:00,,2026-09-25T14:58:41.381365+00:00,,2026-09-25T14:58:41.382365+00:00,,2026-09-25T14:58:41.383365+00:00,,2026-09-25T14:58:41.373365+00:00,,2026-09-25T14:58:41.385366+00:00,,2026-09-25T14:58:41.386366+00:00,,2026-09-25T14:58:41.387366+00:00,,2026-09-25T14:58:41.388366+00:00,,2026-09-25T14:58:41.389366+00:00,,2026-09-25T14:58:41.390366+00:00,,2026-09-25T14:58:41.391366+00:00,,2026-09-25T14:58:41.404367+00:00,,2026-09-25T14:58:41.393366+00:00,,2026-09-25T14:58:41.394366+00:00,,2026-09-25T14:58:41.395366+00:00,,2026-09-25T14:58:41.408367+00:00,,2026-09-25T14:58:41.398366+00:00,,2026-09-25T14:58:41.399366+00:00,,2026-09-25T14:58:41.400366+00:00,,2026-09-25T14:58:41.401366+00:00,,2026-09-25T14:58:41.402366+00:00,,2026-09-25T14:58:41.403367+00:00,,2026-09-25T14:58:41.405367+00:00,,2026-09-25T14:58:41.406367+00:00,,2026-09-25T14:58:41.407367+00:00,,2026-09-25T14:58:41.397366+00:00,,2026-09-25T14:58:41.409367+00:00,
41,2026-09-25T13:29:36.851059+00:00,2026-09-25T14:58:41.845392+00:00,178.01,2026-09-25T14:58:41.667382+00:00,,2026-09-25T14:58:41.674382+00:00,,2026-09-25T14:58:41.676382+00:00,,2026-09-25T14:58:41.678382+00:00,,2026-09-25T14:58:41.680382+00:00,,2026-09-25T14:58:41.682383+00:00,,2026-09-25T14:58:41.684383+00:00,,2026-09-25T14:58:41.686383+00:00,,2026-09-25T14:58:41.688383+00:00,,2026-09-25T14:58:41.690383+00:00,,2026-09-25T14:58:41.692383+00:00,,2026-09-25T14:58:41.694383+00:00,,2026-09-25T14:58:41.696383+00:00,,2026-09-25T14:58:41.698383+00:00,,2026-09-25T14:58:41.700384+00:00,,2026-09-25T14:58:41.702384+00:00,,2026-09-25T14:58:41.704384+00:00,,2026-09-25T14:58:41.706384+00:00,,2026-09-25T14:58:41.708384+00:00,,2026-09-25T14:58:41.710384+00:00,,2026-09-25T14:58:41.712384+00:00,,2026-09-25T14:58:41.714384+00:00,,2026-09-25T14:58:41.718385+00:00,,2026-09-25T14:58:41.742386+00:00,,2026-09-25T14:58:41.722385+00:00,,2026-09-25T14:58:41.724385+00:00,,2026-09-25T14:58:41.726385+00:00,,2026-09-25T14:58:41.728385+00:00,,2026-09-25T14:58:41.730385+00:00,,2026-09-25T14:58:41.732385+00:00,,2026-09-25T14:58:41.734385+00:00,,2026-09-25T14:58:41.736386+00:00,,2026-09-25T14:58:41.738386+00:00,,2026-09-25T14:58:41.740386+00:00,,2026-09-25T14:58:41.720385+00:00,,2026-09-25T14:58:41.744386+00:00,,2026-09-25T14:58:41.770388+00:00,,2026-09-25T14:58:41.748386+00:00,,2026-09-25T14:58:41.750386+00:00,,2026-09-25T14:58:41.752387+00:00,,2026-09-25T14:58:41.754387+00:00,,2026-09-25T14:58:41.756387+00:00,,2026-09-25T14:58:41.783388+00:00,,2026-09-25T14:58:41.760387+00:00,,2026-09-25T14:58:41.762387+00:00,,2026-09-25T14:58:41.764387+00:00,,2026-09-25T14:58:41.768387+00:00,,2026-09-25T14:58:41.746386+00:00,,2026-09-25T14:58:41.772388+00:00,,2026-09-25T14:58:41.774388+00:00,,2026-09-25T14:58:41.776388+00:00,,2026-09-25T14:58:41.823391+00:00,,2026-09-25T14:58:41.781388+00:00,,2026-09-25T14:58:41.758387+00:00,,2026-09-25T14:58:41.785388+00:00,,2026-09-25T14:58:41.787389+00:00,,2026-09-25T14:58:41.811390+00:00,,2026-09-25T14:58:41.791389+00:00,,2026-09-25T14:58:41.815390+00:00,,2026-09-25T14:58:41.795389+00:00,,2026-09-25T14:58:41.797389+00:00,,2026-09-25T14:58:41.799389+00:00,,2026-09-25T14:58:41.779388+00:00,,2026-09-25T14:58:41.803389+00:00,,2026-09-25T14:58:41.805390+00:00,,2026-09-25T14:58:41.807390+00:00,,2026-09-25T14:58:41.809390+00:00,,2026-09-25T14:58:41.789389+00:00,,2026-09-25T14:58:41.813390+00:00,,2026-09-25T14:58:41.817390+00:00,,2026-09-25T14:58:41.819390+00:00,,2026-09-25T14:58:41.821390+00:00,,2026-09-25T14:58:41.801389+00:00,,2026-09-25T14:58:41.825391+00:00,,2026-09-25T14:58:41.827391+00:00,,2026-09-25T14:58:41.829391+00:00,,2026-09-25T14:58:41.831391+00:00,,2026-09-25T14:58:41.833391+00:00,,2026-09-25T14:58:41.835391+00:00,,2026-09-25T14:58:41.837391+00:00,,2026-09-25T14:58:41.839391+00:00,,2026-09-25T14:58:41.841392+00:00,,2026-09-25T14:58:41.845392+00:00,
42,2026-09-25T13:29:37.303202+00:00,2026-09-25T14:58:42.300418+00:00,146.008,2026-09-25T14:58:42.154410+00:00,,2026-09-25T14:58:42.162410+00:00,,2026-09-25T14:58:42.164410+00:00,,2026-09-25T14:58:42.166410+00:00,,2026-09-25T14:58:42.168410+00:00,,2026-09-25T14:58:42.169410+00:00,,2026-09-25T14:58:42.171410+00:00,,2026-09-25T14:58:42.173411+00:00,,2026-09-25T14:58:42.175411+00:00,,2026-09-25T14:58:42.177411+00:00,,2026-09-25T14:58:42.179411+00:00,,2026-09-25T14:58:42.181411+00:00,,2026-09-25T14:58:42.183411+00:00,,2026-09-25T14:58:42.185411+00:00,,2026-09-25T14:58:42.187411+00:00,,2026-09-25T14:58:42.189412+00:00,,2026-09-25T14:58:42.191412+00:00,,2026-09-25T14:58:42.215413+00:00,,2026-09-25T14:58:42.195412+00:00,,2026-09-25T14:58:42.197412+00:00,,2026-09-25T14:58:42.199412+00:00,,2026-09-25T14:58:42.201412+00:00,,2026-09-25T14:58:42.203412+00:00,,2026-09-25T14:58:42.205412+00:00,,2026-09-25T14:58:42.207413+00:00,,2026-09-25T14:58:42.209413+00:00,,2026-09-25T14:58:42.211413+00:00,,2026-09-25T14:58:42.213413+00:00,,2026-09-25T14:58:42.217413+00:00,,2026-09-25T14:58:42.219413+00:00,,2026-09-25T14:58:42.221413+00:00,,2026-09-25T14:58:42.222413+00:00,,2026-09-25T14:58:42.224414+00:00,,2026-09-25T14:58:42.226414+00:00,,2026-09-25T14:58:42.228414+00:00,,2026-09-25T14:58:42.230414+00:00,,2026-09-25T14:58:42.232414+00:00,,2026-09-25T14:58:42.234414+00:00,,2026-09-25T14:58:42.236414+00:00,,2026-09-25T14:58:42.238414+00:00,,2026-09-25T14:58:42.240414+00:00,,2026-09-25T14:58:42.241414+00:00,,2026-09-25T14:58:42.262416+00:00,,2026-09-25T14:58:42.245415+00:00,,2026-09-25T14:58:42.264416+00:00,,2026-09-25T14:58:42.249415+00:00,,2026-09-25T14:58:42.250415+00:00,,2026-09-25T14:58:42.252415+00:00,,2026-09-25T14:58:42.254415+00:00,,2026-09-25T14:58:42.255415+00:00,,2026-09-25T14:58:42.271416+00:00,,2026-09-25T14:58:42.259416+00:00,,2026-09-25T14:58:42.260416+00:00,,2026-09-25T14:58:42.263416+00:00,,2026-09-25T14:58:42.247415+00:00,,2026-09-25T14:58:42.265416+00:00,,2026-09-25T14:58:42.266416+00:00,,2026-09-25T14:58:42.268416+00:00,,2026-09-25T14:58:42.269416+00:00,,2026-09-25T14:58:42.270416+00:00,,2026-09-25T14:58:42.257415+00:00,,2026-09-25T14:58:42.272416+00:00,,2026-09-25T14:58:42.273416+00:00,,2026-09-25T14:58:42.275416+00:00,,2026-09-25T14:58:42.276416+00:00,,2026-09-25T14:58:42.277417+00:00,,2026-09-25T14:58:42.278417+00:00,,2026-09-25T14:58:42.279417+00:00,,2026-09-25T14:58:42.280417+00:00,,2026-09-25T14:58:42.281417+00:00,,2026-09-25T14:58:42.282417+00:00,,2026-09-25T14:58:42.283417+00:00,,2026-09-25T14:58:42.284417+00:00,,2026-09-25T14:58:42.286417+00:00,,2026-09-25T14:58:42.287417+00:00,,2026-09-25T14:58:42.288417+00:00,,2026-09-25T14:58:42.291417+00:00,,2026-09-25T14:58:42.293417+00:00,,2026-09-25T14:58:42.295418+00:00,,2026-09-25T14:58:42.296418+00:00,,2026-09-25T14:58:42.297418+00:00,,2026-09-25T14:58:42.298418+00:00,,2026-09-25T14:58:42.300418+00:00,
43,2026-09-25T13:29:37.651689+00:00,2026-09-25T14:58:42.647438+00:00,92.006,2026-09-25T14:58:42.555432+00:00,,2026-09-25T14:58:42.564433+00:00,,2026-09-25T14:58:42.565433+00:00,,2026-09-25T14:58:42.566433+00:00,,2026-09-25T14:58:42.567433+00:00,,2026-09-25T14:58:42.568433+00:00,,2026-09-25T14:58:42.569433+00:00,,2026-09-25T14:58:42.570433+00:00,,2026-09-25T14:58:42.571433+00:00,,2026-09-25T14:58:42.572433+00:00,,2026-09-25T14:58:42.573433+00:00,,2026-09-25T14:58:42.574434+00:00,,2026-09-25T14:58:42.575434+00:00,,2026-09-25T14:58:42.576434+00:00,,2026-09-25T14:58:42.577434+00:00,,2026-09-25T14:58:42.578434+00:00,,2026-09-25T14:58:42.579434+00:00,,2026-09-25T14:58:42.580434+00:00,,2026-09-25T14:58:42.581434+00:00,,2026-09-25T14:58:42.582434+00:00,,2026-09-25T14:58:42.583434+00:00,,2026-09-25T14:58:42.584434+00:00,,2026-09-25T14:58:42.585434+00:00,,2026-09-25T14:58:42.586434+00:00,,2026-09-25T14:58:42.587434+00:00,,2026-09-25T14:58:42.588434+00:00,,2026-09-25T14:58:42.589434+00:00,,2026-09-25T14:58:42.590434+00:00,,2026-09-25T14:58:42.591435+00:00,,2026-09-25T14:58:42.603435+00:00,,2026-09-25T14:58:42.593435+00:00,,2026-09-25T14:58:42.594435+00:00,,2026-09-25T14:58:42.595435+00:00,,2026-09-25T14:58:42.596435+00:00,,2026-09-25T14:58:42.597435+00:00,,2026-09-25T14:58:42.598435+00:00,,2026-09-25T14:58:42.599435+00:00,,2026-09-25T14:58:42.600435+00:00,,2026-09-25T14:58:42.612436+00:00,,2026-09-25T14:58:42.602435+00:00,,2026-09-25T14:58:42.604435+00:00,,2026-09-25T14:58:42.605435+00:00,,2026-09-25T14:58:42.606435+00:00,,2026-09-25T14:58:42.607435+00:00,,2026-09-25T14:58:42.608435+00:00,,2026-09-25T14:58:42.609436+00:00,,2026-09-25T14:58:42.610436+00:00,,2026-09-25T14:58:42.611436+00:00,,2026-09-25T14:58:42.601435+00:00,,2026-09-25T14:58:42.613436+00:00,,2026-09-25T14:58:42.625436+00:00,,2026-09-25T14:58:42.615436+00:00,,2026-09-25T14:58:42.616436+00:00,,2026-09-25T14:58:42.617436+00:00,,2026-09-25T14:58:42.618436+00:00,,2026-09-25T14:58:42.619436+00:00,,2026-09-25T14:58:42.620436+00:00,,2026-09-25T14:58:42.621436+00:00,,2026-09-25T14:58:42.622436+00:00,,2026-09-25T14:58:42.623436+00:00,,2026-09-25T14:58:42.624436+00:00,,2026-09-25T14:58:42.614436+00:00,,2026-09-25T14:58:42.626437+00:00,,2026-09-25T14:58:42.627437+00:00,,2026-09-25T14:58:42.628437+00:00,,2026-09-25T14:58:42.629437+00:00,,2026-09-25T14:58:42.630437+00:00,,2026-09-25T14:58:42.631437+00:00,,2026-09-25T14:58:42.632437+00:00,,2026-09-25T14:58:42.633437+00:00,,2026-09-25T14:58:42.634437+00:00,,2026-09-25T14:58:42.635437+00:00,,2026-09-25T14:58:42.636437+00:00,,2026-09-25T14:58:42.637437+00:00,,2026-09-25T14:58:42.638437+00:00,,2026-09-25T14:58:42.639437+00:00,,2026-09-25T14:58:42.640437+00:00,,2026-09-25T14:58:42.641437+00:00,,2026-09-25T14:58:42.647438+00:00,,2026-09-25T14:58:42.643437+00:00,,2026-09-25T14:58:42.644438+00:00,,2026-09-25T14:58:42.645438+00:00,,2026-09-25T14:58:42.646438+00:00,
44,2026-09-25T13:29:38.004916+00:00,2026-09-25T14:58:42.992457+00:00,84.00399999999999,2026-09-25T14:58:42.908453+00:00,,2026-09-25T14:58:42.909453+00:00,,2026-09-25T14:58:42.910453+00:00,,2026-09-25T14:58:42.911453+00:00,,2026-09-25T14:58:42.912453+00:00,,2026-09-25T14:58:42.913453+00:00,,2026-09-25T14:58:42.914453+00:00,,2026-09-25T14:58:42.915453+00:00,,2026-09-25T14:58:42.916453+00:00,,2026-09-25T14:58:42.917453+00:00,,2026-09-25T14:58:42.918453+00:00,,2026-09-25T14:58:42.919453+00:00,,2026-09-25T14:58:42.920453+00:00,,2026-09-25T14:58:42.921453+00:00,,2026-09-25T14:58:42.922453+00:00,,2026-09-25T14:58:42.923453+00:00,,2026-09-25T14:58:42.924454+00:00,,2026-09-25T14:58:42.925454+00:00,,2026-09-25T14:58:42.926454+00:00,,2026-09-25T14:58:42.927454+00:00,,2026-09-25T14:58:42.928454+00:00,,2026-09-25T14:58:42.940454+00:00,,2026-09-25T14:58:42.930454+00:00,,2026-09-25T14:58:42.931454+00:00,,2026-09-25T14:58:42.932454+00:00,,2026-09-25T14:58:42.933454+00:00,,2026-09-25T14:58:42.934454+00:00,,2026-09-25T14:58:42.935454+00:00,,2026-09-25T14:58:42.936454+00:00,,2026-09-25T14:58:42.937454+00:00,,2026-09-25T14:58:42.938454+00:00,,2026-09-25T14:58:42.939454+00:00,,2026-09-25T14:58:42.929454+00:00,,2026-09-25T14:58:42.952455+00:00,,2026-09-25T14:58:42.942455+00:00,,2026-09-25T14:58:42.943455+00:00,,2026-09-25T14:58:42.944455+00:00,,2026-09-25T14:58:42.956455+00:00,,2026-09-25T14:58:42.946455+00:00,,2026-09-25T14:58:42.947455+00:00,,2026-09-25T14:58:42.948455+00:00,,2026-09-25T14:58:42.949455+00:00,,2026-09-25T14:58:42.950455+00:00,,2026-09-25T14:58:42.951455+00:00,,2026-09-25T14:58:42.953455+00:00,,2026-09-25T14:58:42.954455+00:00,,2026-09-25T14:58:42.955455+00:00,,2026-09-25T14:58:42.945455+00:00,,2026-09-25T14:58:42.957455+00:00,,2026-09-25T14:58:42.958455+00:00,,2026-09-25T14:58:42.959456+00:00,,2026-09-25T14:58:42.960456+00:00,,2026-09-25T14:58:42.972456+00:00,,2026-09-25T14:58:42.962456+00:00,,2026-09-25T14:58:42.963456+00:00,,2026-09-25T14:58:42.964456+00:00,,2026-09-25T14:58:42.965456+00:00,,2026-09-25T14:58:42.966456+00:00,,2026-09-25T14:58:42.967456+00:00,,2026-09-25T14:58:42.968456+00:00,,2026-09-25T14:58:42.969456+00:00,,2026-09-25T14:58:42.970456+00:00,,2026-09-25T14:58:42.971456+00:00,,2026-09-25T14:58:42.961456+00:00,,2026-09-25T14:58:42.973456+00:00,,2026-09-25T14:58:42.974456+00:00,,2026-09-25T14:58:42.975456+00:00,,2026-09-25T14:58:42.987457+00:00,,2026-09-25T14:58:42.977457+00:00,,2026-09-25T14:58:42.978457+00:00,,2026-09-25T14:58:42.979457+00:00,,2026-09-25T14:58:42.980457+00:00,,2026-09-25T14:58:42.981457+00:00,,2026-09-25T14:58:42.982457+00:00,,2026-09-25T14:58:42.983457+00:00,,2026-09-25T14:58:42.984457+00:00,,2026-09-25T14:58:42.985457+00:00,,2026-09-25T14:58:42.986457+00:00,,2026-09-25T14:58:42.976457+00:00,,2026-09-25T14:58:42.988457+00:00,,2026-09-25T14:58:42.989457+00:00,,2026-09-25T14:58:42.990457+00:00,,2026-09-25T14:58:42.992457+00:00,
45,2026-09-25T13:29:38.351995+00:00,2026-09-25T14:58:43.349478+00:00,94.006,2026-09-25T14:58:43.255472+00:00,,2026-09-25T14:58:43.264473+00:00,,2026-09-25T14:58:43.275474+00:00,,2026-09-25T14:58:43.267473+00:00,,2026-09-25T14:58:43.269473+00:00,,2026-09-25T14:58:43.270473+00:00,,2026-09-25T14:58:43.271473+00:00,,2026-09-25T14:58:43.272473+00:00,,2026-09-25T14:58:43.273474+00:00,,2026-09-25T14:58:43.274474+00:00,,2026-09-25T14:58:43.277474+00:00,,2026-09-25T14:58:43.265473+00:00,,2026-09-25T14:58:43.276474+00:00,,2026-09-25T14:58:43.278474+00:00,,2026-09-25T14:58:43.279474+00:00,,2026-09-25T14:58:43.280474+00:00,,2026-09-25T14:58:43.281474+00:00,,2026-09-25T14:58:43.282474+00:00,,2026-09-25T14:58:43.283474+00:00,,2026-09-25T14:58:43.284474+00:00,,2026-09-25T14:58:43.285474+00:00,,2026-09-25T14:58:43.286474+00:00,,2026-09-25T14:58:43.287474+00:00,,2026-09-25T14:58:43.288474+00:00,,2026-09-25T14:58:43.289474+00:00,,2026-09-25T14:58:43.301475+00:00,,2026-09-25T14:58:43.302475+00:00,,2026-09-25T14:58:43.292475+00:00,,2026-09-25T14:58:43.293475+00:00,,2026-09-25T14:58:43.294475+00:00,,2026-09-25T14:58:43.295475+00:00,,2026-09-25T14:58:43.296475+00:00,,2026-09-25T14:58:43.297475+00:00,,2026-09-25T14:58:43.298475+00:00,,2026-09-25T14:58:43.299475+00:00,,2026-09-25T14:58:43.300475+00:00,,2026-09-25T14:58:43.290474+00:00,,2026-09-25T14:58:43.303475+00:00,,2026-09-25T14:58:43.304475+00:00,,2026-09-25T14:58:43.305475+00:00,,2026-09-25T14:58:43.317476+00:00,,2026-09-25T14:58:43.318476+00:00,,2026-09-25T14:58:43.308476+00:00,,2026-09-25T14:58:43.309476+00:00,,2026-09-25T14:58:43.310476+00:00,,2026-09-25T14:58:43.311476+00:00,,2026-09-25T14:58:43.312476+00:00,,2026-09-25T14:58:43.313476+00:00,,2026-09-25T14:58:43.314476+00:00,,2026-09-25T14:58:43.315476+00:00,,2026-09-25T14:58:43.316476+00:00,,2026-09-25T14:58:43.306475+00:00,,2026-09-25T14:58:43.307475+00:00,,2026-09-25T14:58:43.319476+00:00,,2026-09-25T14:58:43.320476+00:00,,2026-09-25T14:58:43.321476+00:00,,2026-09-25T14:58:43.322476+00:00,,2026-09-25T14:58:43.323476+00:00,,2026-09-25T14:58:43.324476+00:00,,2026-09-25T14:58:43.325476+00:00,,2026-09-25T14:58:43.326477+00:00,,2026-09-25T14:58:43.327477+00:00,,2026-09-25T14:58:43.328477+00:00,,2026-09-25T14:58:43.329477+00:00,,2026-09-25T14:58:43.330477+00:00,,2026-09-25T14:58:43.331477+00:00,,2026-09-25T14:58:43.332477+00:00,,2026-09-25T14:58:43.333477+00:00,,2026-09-25T14:58:43.334477+00:00,,2026-09-25T14:58:43.335477+00:00,,2026-09-25T14:58:43.336477+00:00,,2026-09-25T14:58:43.337477+00:00,,2026-09-25T14:58:43.338477+00:00,,2026-09-25T14:58:43.339477+00:00,,2026-09-25T14:58:43.340477+00:00,,2026-09-25T14:58:43.349478+00:00,,2026-09-25T14:58:43.342477+00:00,,2026-09-25T14:58:43.343478+00:00,,2026-09-25T14:58:43.344478+00:00,,2026-09-25T14:58:43.345478+00:00,,2026-09-25T14:58:43.346478+00:00,,2026-09-25T14:58:43.347478+00:00,,2026-09-25T14:58:43.348478+00:00,
46,2026-09-25T13:29:38.719938+00:00,2026-09-25T14:58:43.694498+00:00,92.006,2026-09-25T14:58:43.602492+00:00,,2026-09-25T14:58:43.611493+00:00,,2026-09-25T14:58:43.612493+00:00,,2026-09-25T14:58:43.613493+00:00,,2026-09-25T14:58:43.614493+00:00,,2026-09-25T14:58:43.615493+00:00,,2026-09-25T14:58:43.616493+00:00,,2026-09-25T14:58:43.617493+00:00,,2026-09-25T14:58:43.629494+00:00,,2026-09-25T14:58:43.619493+00:00,,2026-09-25T14:58:43.620493+00:00,,2026-09-25T14:58:43.621493+00:00,,2026-09-25T14:58:43.622493+00:00,,2026-09-25T14:58:43.623494+00:00,,2026-09-25T14:58:43.624494+00:00,,2026-09-25T14:58:43.625494+00:00,,2026-09-25T14:58:43.626494+00:00,,2026-09-25T14:58:43.627494+00:00,,2026-09-25T14:58:43.628494+00:00,,2026-09-25T14:58:43.618493+00:00,,2026-09-25T14:58:43.630494+00:00,,2026-09-25T14:58:43.631494+00:00,,2026-09-25T14:58:43.632494+00:00,,2026-09-25T14:58:43.633494+00:00,,2026-09-25T14:58:43.634494+00:00,,2026-09-25T14:58:43.635494+00:00,,2026-09-25T14:58:43.636494+00:00,,2026-09-25T14:58:43.637494+00:00,,2026-09-25T14:58:43.638494+00:00,,2026-09-25T14:58:43.639494+00:00,,2026-09-25T14:58:43.640495+00:00,,2026-09-25T14:58:43.652495+00:00,,2026-09-25T14:58:43.642495+00:00,,2026-09-25T14:58:43.643495+00:00,,2026-09-25T14:58:43.644495+00:00,,2026-09-25T14:58:43.645495+00:00,,2026-09-25T14:58:43.646495+00:00,,2026-09-25T14:58:43.647495+00:00,,2026-09-25T14:58:43.648495+00:00,,2026-09-25T14:58:43.649495+00:00,,2026-09-25T14:58:43.650495+00:00,,2026-09-25T14:58:43.651495+00:00,,2026-09-25T14:58:43.653495+00:00,,2026-09-25T14:58:43.665496+00:00,,2026-09-25T14:58:43.655495+00:00,,2026-09-25T14:58:43.656495+00:00,,2026-09-25T14:58:43.657495+00:00,,2026-09-25T14:58:43.658496+00:00,,2026-09-25T14:58:43.659496+00:00,,2026-09-25T14:58:43.660496+00:00,,2026-09-25T14:58:43.661496+00:00,,2026-09-25T14:58:43.662496+00:00,,2026-09-25T14:58:43.663496+00:00,,2026-09-25T14:58:43.664496+00:00,,2026-09-25T14:58:43.654495+00:00,,2026-09-25T14:58:43.666496+00:00,,2026-09-25T14:58:43.667496+00:00,,2026-09-25T14:58:43.668496+00:00,,2026-09-25T14:58:43.669496+00:00,,2026-09-25T14:58:43.670496+00:00,,2026-09-25T14:58:43.671496+00:00,,2026-09-25T14:58:43.672496+00:00,,2026-09-25T14:58:43.673496+00:00,,2026-09-25T14:58:43.685497+00:00,,2026-09-25T14:58:43.686497+00:00,,2026-09-25T14:58:43.676497+00:00,,2026-09-25T14:58:43.677497+00:00,,2026-09-25T14:58:43.678497+00:00,,2026-09-25T14:58:43.679497+00:00,,2026-09-25T14:58:43.680497+00:00,,2026-09-25T14:58:43.681497+00:00,,2026-09-25T14:58:43.682497+00:00,,2026-09-25T14:58:43.683497+00:00,,2026-09-25T14:58:43.684497+00:00,,2026-09-25T14:58:43.674496+00:00,,2026-09-25T14:58:43.675497+00:00,,2026-09-25T14:58:43.687497+00:00,,2026-09-25T14:58:43.688497+00:00,,2026-09-25T14:58:43.689497+00:00,,2026-09-25T14:58:43.690497+00:00,,2026-09-25T14:58:43.694498+00:00,,2026-09-25T14:58:43.692497+00:00,,2026-09-25T14:58:43.693498+00:00,
47,2026-09-25T13:29:39.109339+00:00,2026-09-25T14:58:44.105521+00:00,94.00500000000001,2026-09-25T14:58:44.011516+00:00,,2026-09-25T14:58:44.022516+00:00,,2026-09-25T14:58:44.033517+00:00,,2026-09-25T14:58:44.024516+00:00,,2026-09-25T14:58:44.025517+00:00,,2026-09-25T14:58:44.026517+00:00,,2026-09-25T14:58:44.027517+00:00,,2026-09-25T14:58:44.028517+00:00,,2026-09-25T14:58:44.029517+00:00,,2026-09-25T14:58:44.030517+00:00,,2026-09-25T14:58:44.031517+00:00,,2026-09-25T14:58:44.032517+00:00,,2026-09-25T14:58:44.023516+00:00,,2026-09-25T14:58:44.034517+00:00,,2026-09-25T14:58:44.035517+00:00,,2026-09-25T14:58:44.036517+00:00,,2026-09-25T14:58:44.037517+00:00,,2026-09-25T14:58:44.038517+00:00,,2026-09-25T14:58:44.039517+00:00,,2026-09-25T14:58:44.040517+00:00,,2026-09-25T14:58:44.052518+00:00,,2026-09-25T14:58:44.042517+00:00,,2026-09-25T14:58:44.043518+00:00,,2026-09-25T14:58:44.044518+00:00,,2026-09-25T14:58:44.045518+00:00,,2026-09-25T14:58:44.046518+00:00,,2026-09-25T14:58:44.047518+00:00,,2026-09-25T14:58:44.048518+00:00,,2026-09-25T14:58:44.049518+00:00,,2026-09-25T14:58:44.050518+00:00,,2026-09-25T14:58:44.051518+00:00,,2026-09-25T14:58:44.053518+00:00,,2026-09-25T14:58:44.065519+00:00,,2026-09-25T14:58:44.055518+00:00,,2026-09-25T14:58:44.056518+00:00,,2026-09-25T14:58:44.057518+00:00,,2026-09-25T14:58:44.058518+00:00,,2026-09-25T14:58:44.059518+00:00,,2026-09-25T14:58:44.060519+00:00,,2026-09-25T14:58:44.061519+00:00,,2026-09-25T14:58:44.062519+00:00,,2026-09-25T14:58:44.063519+00:00,,2026-09-25T14:58:44.064519+00:00,,2026-09-25T14:58:44.054518+00:00,,2026-09-25T14:58:44.066519+00:00,,2026-09-25T14:58:44.067519+00:00,,2026-09-25T14:58:44.068519+00:00,,2026-09-25T14:58:44.069519+00:00,,2026-09-25T14:58:44.070519+00:00,,2026-09-25T14:58:44.071519+00:00,,2026-09-25T14:58:44.072519+00:00,,2026-09-25T14:58:44.073519+00:00,,2026-09-25T14:58:44.074519+00:00,,2026-09-25T14:58:44.075519+00:00,,2026-09-25T14:58:44.076519+00:00,,2026-09-25T14:58:44.077520+00:00,,2026-09-25T14:58:44.078520+00:00,,2026-09-25T14:58:44.090520+00:00,,2026-09-25T14:58:44.080520+00:00,,2026-09-25T14:58:44.081520+00:00,,2026-09-25T14:58:44.082520+00:00,,2026-09-25T14:58:44.083520+00:00,,2026-09-25T14:58:44.084520+00:00,,2026-09-25T14:58:44.085520+00:00,,2026-09-25T14:58:44.086520+00:00,,2026-09-25T14:58:44.087520+00:00,,2026-09-25T14:58:44.088520+00:00,,2026-09-25T14:58:44.089520+00:00,,2026-09-25T14:58:44.079520+00:00,,2026-09-25T14:58:44.091520+00:00,,2026-09-25T14:58:44.092520+00:00,,2026-09-25T14:58:44.093520+00:00,,2026-09-25T14:58:44.094520+00:00,,2026-09-25T14:58:44.095521+00:00,,2026-09-25T14:58:44.096521+00:00,,2026-09-25T14:58:44.097521+00:00,,2026-09-25T14:58:44.098521+00:00,,2026-09-25T14:58:44.099521+00:00,,2026-09-25T14:58:44.100521+00:00,,2026-09-25T14:58:44.102521+00:00,,2026-09-25T14:58:44.103521+00:00,,2026-09-25T14:58:44.104521+00:00,,2026-09-25T14:58:44.105521+00:00,
48,2026-09-25T13:29:39.496366+00:00,2026-09-25T14:58:44.480543+00:00,119.007,2026-09-25T14:58:44.361536+00:00,,2026-09-25T14:58:44.397538+00:00,,2026-09-25T14:58:44.399538+00:00,,2026-09-25T14:58:44.400538+00:00,,2026-09-25T14:58:44.401538+00:00,,2026-09-25T14:58:44.402538+00:00,,2026-09-25T14:58:44.403538+00:00,,2026-09-25T14:58:44.405538+00:00,,2026-09-25T14:58:44.404538+00:00,,2026-09-25T14:58:44.406538+00:00,,2026-09-25T14:58:44.407538+00:00,,2026-09-25T14:58:44.408538+00:00,,2026-09-25T14:58:44.409538+00:00,,2026-09-25T14:58:44.410539+00:00,,2026-09-25T14:58:44.411539+00:00,,2026-09-25T14:58:44.412539+00:00,,2026-09-25T14:58:44.413539+00:00,,2026-09-25T14:58:44.414539+00:00,,2026-09-25T14:58:44.415539+00:00,,2026-09-25T14:58:44.416539+00:00,,2026-09-25T14:58:44.417539+00:00,,2026-09-25T14:58:44.418539+00:00,,2026-09-25T14:58:44.419539+00:00,,2026-09-25T14:58:44.420539+00:00,,2026-09-25T14:58:44.421539+00:00,,2026-09-25T14:58:44.422539+00:00,,2026-09-25T14:58:44.423539+00:00,,2026-09-25T14:58:44.424539+00:00,,2026-09-25T14:58:44.425539+00:00,,2026-09-25T14:58:44.426539+00:00,,2026-09-25T14:58:44.438540+00:00,,2026-09-25T14:58:44.428540+00:00,,2026-09-25T14:58:44.429540+00:00,,2026-09-25T14:58:44.430540+00:00,,2026-09-25T14:58:44.431540+00:00,,2026-09-25T14:58:44.432540+00:00,,2026-09-25T14:58:44.433540+00:00,,2026-09-25T14:58:44.434540+00:00,,2026-09-25T14:58:44.435540+00:00,,2026-09-25T14:58:44.436540+00:00,,2026-09-25T14:58:44.437540+00:00,,2026-09-25T14:58:44.427540+00:00,,2026-09-25T14:58:44.439540+00:00,,2026-09-25T14:58:44.451541+00:00,,2026-09-25T14:58:44.441540+00:00,,2026-09-25T14:58:44.442540+00:00,,2026-09-25T14:58:44.443540+00:00,,2026-09-25T14:58:44.444540+00:00,,2026-09-25T14:58:44.445541+00:00,,2026-09-25T14:58:44.446541+00:00,,2026-09-25T14:58:44.447541+00:00,,2026-09-25T14:58:44.448541+00:00,,2026-09-25T14:58:44.449541+00:00,,2026-09-25T14:58:44.450541+00:00,,2026-09-25T14:58:44.452541+00:00,,2026-09-25T14:58:44.453541+00:00,,2026-09-25T14:58:44.454541+00:00,,2026-09-25T14:58:44.455541+00:00,,2026-09-25T14:58:44.456541+00:00,,2026-09-25T14:58:44.457541+00:00,,2026-09-25T14:58:44.458541+00:00,,2026-09-25T14:58:44.459541+00:00,,2026-09-25T14:58:44.460541+00:00,,2026-09-25T14:58:44.461541+00:00,,2026-09-25T14:58:44.462542+00:00,,2026-09-25T14:58:44.463542+00:00,,2026-09-25T14:58:44.464542+00:00,,2026-09-25T14:58:44.465542+00:00,,2026-09-25T14:58:44.466542+00:00,,2026-09-25T14:58:44.467542+00:00,,2026-09-25T14:58:44.468542+00:00,,2026-09-25T14:58:44.469542+00:00,,2026-09-25T14:58:44.470542+00:00,,2026-09-25T14:58:44.471542+00:00,,2026-09-25T14:58:44.472542+00:00,,2026-09-25T14:58:44.473542+00:00,,2026-09-25T14:58:44.474542+00:00,,2026-09-25T14:58:44.475542+00:00,,2026-09-25T14:58:44.476542+00:00,,2026-09-25T14:58:44.477542+00:00,,2026-09-25T14:58:44.478542+00:00,,2026-09-25T14:58:44.479542+00:00,,2026-09-25T14:58:44.480543+00:00,
49,2026-09-25T13:29:39.862882+00:00,2026-09-25T14:58:44.838563+00:00,92.00500000000001,2026-09-25T14:58:44.746558+00:00,,2026-09-25T14:58:44.753558+00:00,,2026-09-25T14:58:44.754558+00:00,,2026-09-25T14:58:44.756558+00:00,,2026-09-25T14:58:44.768559+00:00,,2026-09-25T14:58:44.769559+00:00,,2026-09-25T14:58:44.759559+00:00,,2026-09-25T14:58:44.760559+00:00,,2026-09-25T14:58:44.761559+00:00,,2026-09-25T14:58:44.762559+00:00,,2026-09-25T14:58:44.763559+00:00,,2026-09-25T14:58:44.764559+00:00,,2026-09-25T14:58:44.765559+00:00,,2026-09-25T14:58:44.766559+00:00,,2026-09-25T14:58:44.767559+00:00,,2026-09-25T14:58:44.757558+00:00,,2026-09-25T14:58:44.758558+00:00,,2026-09-25T14:58:44.781560+00:00,,2026-09-25T14:58:44.771559+00:00,,2026-09-25T14:58:44.772559+00:00,,2026-09-25T14:58:44.773559+00:00,,2026-09-25T14:58:44.774559+00:00,,2026-09-25T14:58:44.775559+00:00,,2026-09-25T14:58:44.776559+00:00,,2026-09-25T14:58:44.777560+00:00,,2026-09-25T14:58:44.778560+00:00,,2026-09-25T14:58:44.779560+00:00,,2026-09-25T14:58:44.780560+00:00,,2026-09-25T14:58:44.770559+00:00,,2026-09-25T14:58:44.782560+00:00,,2026-09-25T14:58:44.783560+00:00,,2026-09-25T14:58:44.784560+00:00,,2026-09-25T14:58:44.785560+00:00,,2026-09-25T14:58:44.797561+00:00,,2026-09-25T14:58:44.798561+00:00,,2026-09-25T14:58:44.788560+00:00,,2026-09-25T14:58:44.789560+00:00,,2026-09-25T14:58:44.801561+00:00,,2026-09-25T14:58:44.791560+00:00,,2026-09-25T14:58:44.792560+00:00,,2026-09-25T14:58:44.793560+00:00,,2026-09-25T14:58:44.794561+00:00,,2026-09-25T14:58:44.795561+00:00,,2026-09-25T14:58:44.796561+00:00,,2026-09-25T14:58:44.786560+00:00,,2026-09-25T14:58:44.787560+00:00,,2026-09-25T14:58:44.799561+00:00,,2026-09-25T14:58:44.800561+00:00,,2026-09-25T14:58:44.802561+00:00,,2026-09-25T14:58:44.803561+00:00,,2026-09-25T14:58:44.804561+00:00,,2026-09-25T14:58:44.805561+00:00,,2026-09-25T14:58:44.806561+00:00,,2026-09-25T14:58:44.807561+00:00,,2026-09-25T14:58:44.808561+00:00,,2026-09-25T14:58:44.809561+00:00,,2026-09-25T14:58:44.810561+00:00,,2026-09-25T14:58:44.811561+00:00,,2026-09-25T14:58:44.812562+00:00,,2026-09-25T14:58:44.813562+00:00,,2026-09-25T14:58:44.814562+00:00,,2026-09-25T14:58:44.815562+00:00,,2026-09-25T14:58:44.816562+00:00,,2026-09-25T14:58:44.817562+00:00,,2026-09-25T14:58:44.820562+00:00,,2026-09-25T14:58:44.832563+00:00,,2026-09-25T14:58:44.822562+00:00,,2026-09-25T14:58:44.823562+00:00,,2026-09-25T14:58:44.824562+00:00,,2026-09-25T14:58:44.825562+00:00,,2026-09-25T14:58:44.826562+00:00,,2026-09-25T14:58:44.827562+00:00,,2026-09-25T14:58:44.828562+00:00,,2026-09-25T14:58:44.829563+00:00,,2026-09-25T14:58:44.830563+00:00,,2026-09-25T14:58:44.831563+00:00,,2026-09-25T14:58:44.821562+00:00,,2026-09-25T14:58:44.833563+00:00,,2026-09-25T14:58:44.834563+00:00,,2026-09-25T14:58:44.835563+00:00,,2026-09-25T14:58:44.836563+00:00,,2026-09-25T14:58:44.837563+00:00,,2026-09-25T14:58:44.838563+00:00,
50,2026-09-25T13:29:40.228872+00:00,2026-09-25T14:58:45.215585+00:00,100.006,2026-09-25T14:58:45.115579+00:00,,2026-09-25T14:58:45.132580+00:00,,2026-09-25T14:58:45.133580+00:00,,2026-09-25T14:58:45.134580+00:00,,2026-09-25T14:58:45.135580+00:00,,2026-09-25T14:58:45.136580+00:00,,2026-09-25T14:58:45.137580+00:00,,2026-09-25T14:58:45.138580+00:00,,2026-09-25T14:58:45.139580+00:00,,2026-09-25T14:58:45.151581+00:00,,2026-09-25T14:58:45.141580+00:00,,2026-09-25T14:58:45.142580+00:00,,2026-09-25T14:58:45.143580+00:00,,2026-09-25T14:58:45.144581+00:00,,2026-09-25T14:58:45.145581+00:00,,2026-09-25T14:58:45.146581+00:00,,2026-09-25T14:58:45.147581+00:00,,2026-09-25T14:58:45.148581+00:00,,2026-09-25T14:58:45.149581+00:00,,2026-09-25T14:58:45.150581+00:00,,2026-09-25T14:58:45.152581+00:00,,2026-09-25T14:58:45.153581+00:00,,2026-09-25T14:58:45.154581+00:00,,2026-09-25T14:58:45.155581+00:00,,2026-09-25T14:58:45.156581+00:00,,2026-09-25T14:58:45.157581+00:00,,2026-09-25T14:58:45.158581+00:00,,2026-09-25T14:58:45.159581+00:00,,2026-09-25T14:58:45.160581+00:00,,2026-09-25T14:58:45.161582+00:00,,2026-09-25T14:58:45.162582+00:00,,2026-09-25T14:58:45.163582+00:00,,2026-09-25T14:58:45.164582+00:00,,2026-09-25T14:58:45.165582+00:00,,2026-09-25T14:58:45.166582+00:00,,2026-09-25T14:58:45.167582+00:00,,2026-09-25T14:58:45.168582+00:00,,2026-09-25T14:58:45.169582+00:00,,2026-09-25T14:58:45.170582+00:00,,2026-09-25T14:58:45.171582+00:00,,2026-09-25T14:58:45.172582+00:00,,2026-09-25T14:58:45.173582+00:00,,2026-09-25T14:58:45.174582+00:00,,2026-09-25T14:58:45.175582+00:00,,2026-09-25T14:58:45.187583+00:00,,2026-09-25T14:58:45.177582+00:00,,2026-09-25T14:58:45.178582+00:00,,2026-09-25T14:58:45.179583+00:00,,2026-09-25T14:58:45.180583+00:00,,2026-09-25T14:58:45.181583+00:00,,2026-09-25T14:58:45.182583+00:00,,2026-09-25T14:58:45.183583+00:00,,2026-09-25T14:58:45.184583+00:00,,2026-09-25T14:58:45.185583+00:00,,2026-09-25T14:58:45.186583+00:00,,2026-09-25T14:58:45.176582+00:00,,2026-09-25T14:58:45.188583+00:00,,2026-09-25T14:58:45.189583+00:00,,2026-09-25T14:58:45.201584+00:00,,2026-09-25T14:58:45.191583+00:00,,2026-09-25T14:58:45.192583+00:00,,2026-09-25T14:58:45.193583+00:00,,2026-09-25T14:58:45.194583+00:00,,2026-09-25T14:58:45.195583+00:00,,2026-09-25T14:58:45.196584+00:00,,2026-09-25T14:58:45.197584+00:00,,2026-09-25T14:58:45.198584+00:00,,2026-09-25T14:58:45.199584+00:00,,2026-09-25T14:58:45.200584+00:00,,2026-09-25T14:58:45.202584+00:00,,2026-09-25T14:58:45.203584+00:00,,2026-09-25T14:58:45.204584+00:00,,2026-09-25T14:58:45.205584+00:00,,2026-09-25T14:58:45.206584+00:00,,2026-09-25T14:58:45.207584+00:00,,2026-09-25T14:58:45.208584+00:00,,2026-09-25T14:58:45.209584+00:00,,2026-09-25T14:58:45.210584+00:00,,2026-09-25T14:58:45.211584+00:00,,2026-09-25T14:58:45.212584+00:00,,2026-09-25T14:58:45.213584+00:00,,2026-09-25T14:58:45.214585+00:00,,2026-09-25T14:58:45.215585+00:00,
51,2026-09-25T13:29:40.571539+00:00,2026-09-25T14:58:45.567605+00:00,88.005,2026-09-25T14:58:45.479600+00:00,,2026-09-25T14:58:45.484600+00:00,,2026-09-25T14:58:45.495601+00:00,,2026-09-25T14:58:45.486600+00:00,,2026-09-25T14:58:45.487600+00:00,,2026-09-25T14:58:45.488600+00:00,,2026-09-25T14:58:45.500601+00:00,,2026-09-25T14:58:45.490600+00:00,,2026-09-25T14:58:45.491600+00:00,,2026-09-25T14:58:45.492600+00:00,,2026-09-25T14:58:45.493600+00:00,,2026-09-25T14:58:45.485600+00:00,,2026-09-25T14:58:45.494601+00:00,,2026-09-25T14:58:45.496601+00:00,,2026-09-25T14:58:45.497601+00:00,,2026-09-25T14:58:45.498601+00:00,,2026-09-25T14:58:45.499601+00:00,,2026-09-25T14:58:45.501601+00:00,,2026-09-25T14:58:45.502601+00:00,,2026-09-25T14:58:45.503601+00:00,,2026-09-25T14:58:45.504601+00:00,,2026-09-25T14:58:45.505601+00:00,,2026-09-25T14:58:45.506601+00:00,,2026-09-25T14:58:45.507601+00:00,,2026-09-25T14:58:45.508601+00:00,,2026-09-25T14:58:45.509601+00:00,,2026-09-25T14:58:45.510601+00:00,,2026-09-25T14:58:45.511602+00:00,,2026-09-25T14:58:45.512602+00:00,,2026-09-25T14:58:45.513602+00:00,,2026-09-25T14:58:45.514602+00:00,,2026-09-25T14:58:45.515602+00:00,,2026-09-25T14:58:45.516602+00:00,,2026-09-25T14:58:45.517602+00:00,,2026-09-25T14:58:45.518602+00:00,,2026-09-25T14:58:45.519602+00:00,,2026-09-25T14:58:45.520602+00:00,,2026-09-25T14:58:45.521602+00:00,,2026-09-25T14:58:45.522602+00:00,,2026-09-25T14:58:45.523602+00:00,,2026-09-25T14:58:45.524602+00:00,,2026-09-25T14:58:45.525602+00:00,,2026-09-25T14:58:45.526602+00:00,,2026-09-25T14:58:45.527602+00:00,,2026-09-25T14:58:45.528602+00:00,,2026-09-25T14:58:45.529603+00:00,,2026-09-25T14:58:45.530603+00:00,,2026-09-25T14:58:45.531603+00:00,,2026-09-25T14:58:45.532603+00:00,,2026-09-25T14:58:45.533603+00:00,,2026-09-25T14:58:45.534603+00:00,,2026-09-25T14:58:45.535603+00:00,,2026-09-25T14:58:45.536603+00:00,,2026-09-25T14:58:45.537603+00:00,,2026-09-25T14:58:45.538603+00:00,,2026-09-25T14:58:45.550604+00:00,,2026-09-25T14:58:45.540603+00:00,,2026-09-25T14:58:45.541603+00:00,,2026-09-25T14:58:45.542603+00:00,,2026-09-25T14:58:45.543603+00:00,,2026-09-25T14:58:45.544603+00:00,,2026-09-25T14:58:45.545603+00:00,,2026-09-25T14:58:45.546604+00:00,,2026-09-25T14:58:45.547604+00:00,,2026-09-25T14:58:45.548604+00:00,,2026-09-25T14:58:45.549604+00:00,,2026-09-25T14:58:45.551604+00:00,,2026-09-25T14:58:45.552604+00:00,,2026-09-25T14:58:45.553604+00:00,,2026-09-25T14:58:45.554604+00:00,,2026-09-25T14:58:45.555604+00:00,,2026-09-25T14:58:45.556604+00:00,,2026-09-25T14:58:45.557604+00:00,,2026-09-25T14:58:45.558604+00:00,,2026-09-25T14:58:45.559604+00:00,,2026-09-25T14:58:45.560604+00:00,,2026-09-25T14:58:45.561604+00:00,,2026-09-25T14:58:45.562604+00:00,,2026-09-25T14:58:45.563604+00:00,,2026-09-25T14:58:45.564605+00:00,,2026-09-25T14:58:45.565605+00:00,,2026-09-25T14:58:45.566605+00:00,,2026-09-25T14:58:45.567605+00:00,
52,2026-09-25T13:29:40.927489+00:00,2026-09-25T14:58:45.920625+00:00,94.00500000000001,2026-09-25T14:58:45.826620+00:00,,2026-09-25T14:58:45.837620+00:00,,2026-09-25T14:58:45.838620+00:00,,2026-09-25T14:58:45.839620+00:00,,2026-09-25T14:58:45.840620+00:00,,2026-09-25T14:58:45.841620+00:00,,2026-09-25T14:58:45.842620+00:00,,2026-09-25T14:58:45.843621+00:00,,2026-09-25T14:58:45.844621+00:00,,2026-09-25T14:58:45.845621+00:00,,2026-09-25T14:58:45.846621+00:00,,2026-09-25T14:58:45.847621+00:00,,2026-09-25T14:58:45.848621+00:00,,2026-09-25T14:58:45.849621+00:00,,2026-09-25T14:58:45.851621+00:00,,2026-09-25T14:58:45.852621+00:00,,2026-09-25T14:58:45.853621+00:00,,2026-09-25T14:58:45.854621+00:00,,2026-09-25T14:58:45.866622+00:00,,2026-09-25T14:58:45.856621+00:00,,2026-09-25T14:58:45.857621+00:00,,2026-09-25T14:58:45.858621+00:00,,2026-09-25T14:58:45.859621+00:00,,2026-09-25T14:58:45.860621+00:00,,2026-09-25T14:58:45.861622+00:00,,2026-09-25T14:58:45.862622+00:00,,2026-09-25T14:58:45.863622+00:00,,2026-09-25T14:58:45.864622+00:00,,2026-09-25T14:58:45.865622+00:00,,2026-09-25T14:58:45.855621+00:00,,2026-09-25T14:58:45.867622+00:00,,2026-09-25T14:58:45.868622+00:00,,2026-09-25T14:58:45.869622+00:00,,2026-09-25T14:58:45.870622+00:00,,2026-09-25T14:58:45.871622+00:00,,2026-09-25T14:58:45.872622+00:00,,2026-09-25T14:58:45.873622+00:00,,2026-09-25T14:58:45.874622+00:00,,2026-09-25T14:58:45.875622+00:00,,2026-09-25T14:58:45.876622+00:00,,2026-09-25T14:58:45.877622+00:00,,2026-09-25T14:58:45.878623+00:00,,2026-09-25T14:58:45.879623+00:00,,2026-09-25T14:58:45.880623+00:00,,2026-09-25T14:58:45.881623+00:00,,2026-09-25T14:58:45.882623+00:00,,2026-09-25T14:58:45.883623+00:00,,2026-09-25T14:58:45.884623+00:00,,2026-09-25T14:58:45.885623+00:00,,2026-09-25T14:58:45.886623+00:00,,2026-09-25T14:58:45.887623+00:00,,2026-09-25T14:58:45.888623+00:00,,2026-09-25T14:58:45.900624+00:00,,2026-09-25T14:58:45.890623+00:00,,2026-09-25T14:58:45.891623+00:00,,2026-09-25T14:58:45.892623+00:00,,2026-09-25T14:58:45.893623+00:00,,2026-09-25T14:58:45.894623+00:00,,2026-09-25T14:58:45.895623+00:00,,2026-09-25T14:58:45.896624+00:00,,2026-09-25T14:58:45.897624+00:00,,2026-09-25T14:58:45.898624+00:00,,2026-09-25T14:58:45.899624+00:00,,2026-09-25T14:58:45.912624+00:00,,2026-09-25T14:58:45.902624+00:00,,2026-09-25T14:58:45.903624+00:00,,2026-09-25T14:58:45.904624+00:00,,2026-09-25T14:58:45.916625+00:00,,2026-09-25T14:58:45.906624+00:00,,2026-09-25T14:58:45.907624+00:00,,2026-09-25T14:58:45.908624+00:00,,2026-09-25T14:58:45.909624+00:00,,2026-09-25T14:58:45.910624+00:00,,2026-09-25T14:58:45.911624+00:00,,2026-09-25T14:58:45.901624+00:00,,2026-09-25T14:58:45.913625+00:00,,2026-09-25T14:58:45.914625+00:00,,2026-09-25T14:58:45.915625+00:00,,2026-09-25T14:58:45.905624+00:00,,2026-09-25T14:58:45.917625+00:00,,2026-09-25T14:58:45.918625+00:00,,2026-09-25T14:58:45.919625+00:00,,2026-09-25T14:58:45.920625+00:00,
53,2026-09-25T13:29:41.361480+00:00,2026-09-25T14:58:46.358650+00:00,96.006,2026-09-25T14:58:46.262644+00:00,,2026-09-25T14:58:46.273645+00:00,,2026-09-25T14:58:46.274645+00:00,,2026-09-25T14:58:46.275645+00:00,,2026-09-25T14:58:46.276645+00:00,,2026-09-25T14:58:46.277645+00:00,,2026-09-25T14:58:46.278645+00:00,,2026-09-25T14:58:46.279645+00:00,,2026-09-25T14:58:46.280646+00:00,,2026-09-25T14:58:46.281646+00:00,,2026-09-25T14:58:46.282646+00:00,,2026-09-25T14:58:46.283646+00:00,,2026-09-25T14:58:46.284646+00:00,,2026-09-25T14:58:46.285646+00:00,,2026-09-25T14:58:46.286646+00:00,,2026-09-25T14:58:46.287646+00:00,,2026-09-25T14:58:46.288646+00:00,,2026-09-25T14:58:46.311647+00:00,,2026-09-25T14:58:46.290646+00:00,,2026-09-25T14:58:46.291646+00:00,,2026-09-25T14:58:46.292646+00:00,,2026-09-25T14:58:46.293646+00:00,,2026-09-25T14:58:46.294646+00:00,,2026-09-25T14:58:46.295646+00:00,,2026-09-25T14:58:46.296646+00:00,,2026-09-25T14:58:46.297646+00:00,,2026-09-25T14:58:46.298647+00:00,,2026-09-25T14:58:46.310647+00:00,,2026-09-25T14:58:46.301647+00:00,,2026-09-25T14:58:46.302647+00:00,,2026-09-25T14:58:46.303647+00:00,,2026-09-25T14:58:46.304647+00:00,,2026-09-25T14:58:46.305647+00:00,,2026-09-25T14:58:46.306647+00:00,,2026-09-25T14:58:46.307647+00:00,,2026-09-25T14:58:46.308647+00:00,,2026-09-25T14:58:46.309647+00:00,,2026-09-25T14:58:46.299647+00:00,,2026-09-25T14:58:46.300647+00:00,,2026-09-25T14:58:46.312647+00:00,,2026-09-25T14:58:46.313647+00:00,,2026-09-25T14:58:46.314647+00:00,,2026-09-25T14:58:46.315648+00:00,,2026-09-25T14:58:46.316648+00:00,,2026-09-25T14:58:46.317648+00:00,,2026-09-25T14:58:46.318648+00:00,,2026-09-25T14:58:46.319648+00:00,,2026-09-25T14:58:46.320648+00:00,,2026-09-25T14:58:46.321648+00:00,,2026-09-25T14:58:46.322648+00:00,,2026-09-25T14:58:46.323648+00:00,,2026-09-25T14:58:46.324648+00:00,,2026-09-25T14:58:46.325648+00:00,,2026-09-25T14:58:46.326648+00:00,,2026-09-25T14:58:46.327648+00:00,,2026-09-25T14:58:46.328648+00:00,,2026-09-25T14:58:46.329648+00:00,,2026-09-25T14:58:46.330648+00:00,,2026-09-25T14:58:46.331648+00:00,,2026-09-25T14:58:46.332648+00:00,,2026-09-25T14:58:46.333649+00:00,,2026-09-25T14:58:46.334649+00:00,,2026-09-25T14:58:46.335649+00:00,,2026-09-25T14:58:46.336649+00:00,,2026-09-25T14:58:46.337649+00:00,,2026-09-25T14:58:46.338649+00:00,,2026-09-25T14:58:46.352650+00:00,,2026-09-25T14:58:46.340649+00:00,,2026-09-25T14:58:46.341649+00:00,,2026-09-25T14:58:46.342649+00:00,,2026-09-25T14:58:46.343649+00:00,,2026-09-25T14:58:46.344649+00:00,,2026-09-25T14:58:46.346649+00:00,,2026-09-25T14:58:46.348649+00:00,,2026-09-25T14:58:46.349649+00:00,,2026-09-25T14:58:46.350650+00:00,,2026-09-25T14:58:46.351650+00:00,,2026-09-25T14:58:46.353650+00:00,,2026-09-25T14:58:46.354650+00:00,,2026-09-25T14:58:46.355650+00:00,,2026-09-25T14:58:46.356650+00:00,,2026-09-25T14:58:46.357650+00:00,,2026-09-25T14:58:46.358650+00:00,
54,2026-09-25T13:29:41.714079+00:00,2026-09-25T14:58:46.706670+00:00,94.00500000000001,2026-09-25T14:58:46.612665+00:00,,2026-09-25T14:58:46.623665+00:00,,2026-09-25T14:58:46.624665+00:00,,2026-09-25T14:58:46.625665+00:00,,2026-09-25T14:58:46.626665+00:00,,2026-09-25T14:58:46.627665+00:00,,2026-09-25T14:58:46.628665+00:00,,2026-09-25T14:58:46.629665+00:00,,2026-09-25T14:58:46.630666+00:00,,2026-09-25T14:58:46.631666+00:00,,2026-09-25T14:58:46.632666+00:00,,2026-09-25T14:58:46.633666+00:00,,2026-09-25T14:58:46.634666+00:00,,2026-09-25T14:58:46.635666+00:00,,2026-09-25T14:58:46.636666+00:00,,2026-09-25T14:58:46.637666+00:00,,2026-09-25T14:58:46.638666+00:00,,2026-09-25T14:58:46.650667+00:00,,2026-09-25T14:58:46.640666+00:00,,2026-09-25T14:58:46.641666+00:00,,2026-09-25T14:58:46.642666+00:00,,2026-09-25T14:58:46.643666+00:00,,2026-09-25T14:58:46.644666+00:00,,2026-09-25T14:58:46.645666+00:00,,2026-09-25T14:58:46.646666+00:00,,2026-09-25T14:58:46.647667+00:00,,2026-09-25T14:58:46.648667+00:00,,2026-09-25T14:58:46.649667+00:00,,2026-09-25T14:58:46.651667+00:00,,2026-09-25T14:58:46.652667+00:00,,2026-09-25T14:58:46.653667+00:00,,2026-09-25T14:58:46.654667+00:00,,2026-09-25T14:58:46.655667+00:00,,2026-09-25T14:58:46.656667+00:00,,2026-09-25T14:58:46.657667+00:00,,2026-09-25T14:58:46.658667+00:00,,2026-09-25T14:58:46.659667+00:00,,2026-09-25T14:58:46.660667+00:00,,2026-09-25T14:58:46.661667+00:00,,2026-09-25T14:58:46.662667+00:00,,2026-09-25T14:58:46.663667+00:00,,2026-09-25T14:58:46.664667+00:00,,2026-09-25T14:58:46.665668+00:00,,2026-09-25T14:58:46.666668+00:00,,2026-09-25T14:58:46.667668+00:00,,2026-09-25T14:58:46.679668+00:00,,2026-09-25T14:58:46.669668+00:00,,2026-09-25T14:58:46.670668+00:00,,2026-09-25T14:58:46.671668+00:00,,2026-09-25T14:58:46.672668+00:00,,2026-09-25T14:58:46.673668+00:00,,2026-09-25T14:58:46.674668+00:00,,2026-09-25T14:58:46.675668+00:00,,2026-09-25T14:58:46.676668+00:00,,2026-09-25T14:58:46.677668+00:00,,2026-09-25T14:58:46.678668+00:00,,2026-09-25T14:58:46.668668+00:00,,2026-09-25T14:58:46.680668+00:00,,2026-09-25T14:58:46.681668+00:00,,2026-09-25T14:58:46.682669+00:00,,2026-09-25T14:58:46.683669+00:00,,2026-09-25T14:58:46.684669+00:00,,2026-09-25T14:58:46.685669+00:00,,2026-09-25T14:58:46.686669+00:00,,2026-09-25T14:58:46.687669+00:00,,2026-09-25T14:58:46.688669+00:00,,2026-09-25T14:58:46.700670+00:00,,2026-09-25T14:58:46.690669+00:00,,2026-09-25T14:58:46.691669+00:00,,2026-09-25T14:58:46.692669+00:00,,2026-09-25T14:58:46.693669+00:00,,2026-09-25T14:58:46.694669+00:00,,2026-09-25T14:58:46.695669+00:00,,2026-09-25T14:58:46.696669+00:00,,2026-09-25T14:58:46.697669+00:00,,2026-09-25T14:58:46.698669+00:00,,2026-09-25T14:58:46.699669+00:00,,2026-09-25T14:58:46.701670+00:00,,2026-09-25T14:58:46.702670+00:00,,2026-09-25T14:58:46.703670+00:00,,2026-09-25T14:58:46.704670+00:00,,2026-09-25T14:58:46.705670+00:00,,2026-09-25T14:58:46.706670+00:00,
55,2026-09-25T13:29:42.131659+00:00,2026-09-25T14:58:47.079691+00:00,111.006,2026-09-25T14:58:46.968685+00:00,,2026-09-25T14:58:46.997687+00:00,,2026-09-25T14:58:46.998687+00:00,,2026-09-25T14:58:46.999687+00:00,,2026-09-25T14:58:47.000687+00:00,,2026-09-25T14:58:47.001687+00:00,,2026-09-25T14:58:47.002687+00:00,,2026-09-25T14:58:47.003687+00:00,,2026-09-25T14:58:47.004687+00:00,,2026-09-25T14:58:47.005687+00:00,,2026-09-25T14:58:47.006687+00:00,,2026-09-25T14:58:47.007687+00:00,,2026-09-25T14:58:47.008687+00:00,,2026-09-25T14:58:47.009687+00:00,,2026-09-25T14:58:47.010687+00:00,,2026-09-25T14:58:47.011687+00:00,,2026-09-25T14:58:47.012687+00:00,,2026-09-25T14:58:47.013687+00:00,,2026-09-25T14:58:47.014687+00:00,,2026-09-25T14:58:47.015688+00:00,,2026-09-25T14:58:47.016688+00:00,,2026-09-25T14:58:47.017688+00:00,,2026-09-25T14:58:47.018688+00:00,,2026-09-25T14:58:47.019688+00:00,,2026-09-25T14:58:47.020688+00:00,,2026-09-25T14:58:47.021688+00:00,,2026-09-25T14:58:47.022688+00:00,,2026-09-25T14:58:47.023688+00:00,,2026-09-25T14:58:47.024688+00:00,,2026-09-25T14:58:47.025688+00:00,,2026-09-25T14:58:47.026688+00:00,,2026-09-25T14:58:47.027688+00:00,,2026-09-25T14:58:47.028688+00:00,,2026-09-25T14:58:47.029688+00:00,,2026-09-25T14:58:47.030688+00:00,,2026-09-25T14:58:47.031688+00:00,,2026-09-25T14:58:47.032689+00:00,,2026-09-25T14:58:47.033689+00:00,,2026-09-25T14:58:47.034689+00:00,,2026-09-25T14:58:47.035689+00:00,,2026-09-25T14:58:47.036689+00:00,,2026-09-25T14:58:47.037689+00:00,,2026-09-25T14:58:47.049689+00:00,,2026-09-25T14:58:47.039689+00:00,,2026-09-25T14:58:47.040689+00:00,,2026-09-25T14:58:47.041689+00:00,,2026-09-25T14:58:47.042689+00:00,,2026-09-25T14:58:47.043689+00:00,,2026-09-25T14:58:47.044689+00:00,,2026-09-25T14:58:47.045689+00:00,,2026-09-25T14:58:47.046689+00:00,,2026-09-25T14:58:47.047689+00:00,,2026-09-25T14:58:47.048689+00:00,,2026-09-25T14:58:47.050690+00:00,,2026-09-25T14:58:47.051690+00:00,,2026-09-25T14:58:47.052690+00:00,,2026-09-25T14:58:47.053690+00:00,,2026-09-25T14:58:47.054690+00:00,,2026-09-25T14:58:47.055690+00:00,,2026-09-25T14:58:47.056690+00:00,,2026-09-25T14:58:47.057690+00:00,,2026-09-25T14:58:47.058690+00:00,,2026-09-25T14:58:47.059690+00:00,,2026-09-25T14:58:47.060690+00:00,,2026-09-25T14:58:47.061690+00:00,,2026-09-25T14:58:47.062690+00:00,,2026-09-25T14:58:47.074691+00:00,,2026-09-25T14:58:47.064690+00:00,,2026-09-25T14:58:47.065690+00:00,,2026-09-25T14:58:47.066690+00:00,,2026-09-25T14:58:47.067691+00:00,,2026-09-25T14:58:47.068691+00:00,,2026-09-25T14:58:47.069691+00:00,,2026-09-25T14:58:47.070691+00:00,,2026-09-25T14:58:47.071691+00:00,,2026-09-25T14:58:47.072691+00:00,,2026-09-25T14:58:47.073691+00:00,,2026-09-25T14:58:47.063690+00:00,,2026-09-25T14:58:47.075691+00:00,,2026-09-25T14:58:47.076691+00:00,,2026-09-25T14:58:47.077691+00:00,,2026-09-25T14:58:47.078691+00:00,,2026-09-25T14:58:47.079691+00:00,
56,2026-09-25T13:29:42.530276+00:00,2026-09-25T14:58:47.495715+00:00,108.006,2026-09-25T14:58:47.387709+00:00,,2026-09-25T14:58:47.407710+00:00,,2026-09-25T14:58:47.423711+00:00,,2026-09-25T14:58:47.425711+00:00,,2026-09-25T14:58:47.415710+00:00,,2026-09-25T14:58:47.416710+00:00,,2026-09-25T14:58:47.417711+00:00,,2026-09-25T14:58:47.418711+00:00,,2026-09-25T14:58:47.419711+00:00,,2026-09-25T14:58:47.420711+00:00,,2026-09-25T14:58:47.421711+00:00,,2026-09-25T14:58:47.422711+00:00,,2026-09-25T14:58:47.412710+00:00,,2026-09-25T14:58:47.424711+00:00,,2026-09-25T14:58:47.414710+00:00,,2026-09-25T14:58:47.426711+00:00,,2026-09-25T14:58:47.427711+00:00,,2026-09-25T14:58:47.428711+00:00,,2026-09-25T14:58:47.429711+00:00,,2026-09-25T14:58:47.430711+00:00,,2026-09-25T14:58:47.431711+00:00,,2026-09-25T14:58:47.432711+00:00,,2026-09-25T14:58:47.433711+00:00,,2026-09-25T14:58:47.434712+00:00,,2026-09-25T14:58:47.435712+00:00,,2026-09-25T14:58:47.436712+00:00,,2026-09-25T14:58:47.437712+00:00,,2026-09-25T14:58:47.450712+00:00,,2026-09-25T14:58:47.439712+00:00,,2026-09-25T14:58:47.451712+00:00,,2026-09-25T14:58:47.441712+00:00,,2026-09-25T14:58:47.442712+00:00,,2026-09-25T14:58:47.443712+00:00,,2026-09-25T14:58:47.444712+00:00,,2026-09-25T14:58:47.445712+00:00,,2026-09-25T14:58:47.446712+00:00,,2026-09-25T14:58:47.447712+00:00,,2026-09-25T14:58:47.448712+00:00,,2026-09-25T14:58:47.449712+00:00,,2026-09-25T14:58:47.440712+00:00,,2026-09-25T14:58:47.452713+00:00,,2026-09-25T14:58:47.453713+00:00,,2026-09-25T14:58:47.454713+00:00,,2026-09-25T14:58:47.455713+00:00,,2026-09-25T14:58:47.456713+00:00,,2026-09-25T14:58:47.457713+00:00,,2026-09-25T14:58:47.458713+00:00,,2026-09-25T14:58:47.459713+00:00,,2026-09-25T14:58:47.460713+00:00,,2026-09-25T14:58:47.461713+00:00,,2026-09-25T14:58:47.462713+00:00,,2026-09-25T14:58:47.463713+00:00,,2026-09-25T14:58:47.464713+00:00,,2026-09-25T14:58:47.465713+00:00,,2026-09-25T14:58:47.466713+00:00,,2026-09-25T14:58:47.467713+00:00,,2026-09-25T14:58:47.468713+00:00,,2026-09-25T14:58:47.469714+00:00,,2026-09-25T14:58:47.470714+00:00,,2026-09-25T14:58:47.482714+00:00,,2026-09-25T14:58:47.483714+00:00,,2026-09-25T14:58:47.473714+00:00,,2026-09-25T14:58:47.474714+00:00,,2026-09-25T14:58:47.475714+00:00,,2026-09-25T14:58:47.476714+00:00,,2026-09-25T14:58:47.477714+00:00,,2026-09-25T14:58:47.478714+00:00,,2026-09-25T14:58:47.479714+00:00,,2026-09-25T14:58:47.480714+00:00,,2026-09-25T14:58:47.481714+00:00,,2026-09-25T14:58:47.471714+00:00,,2026-09-25T14:58:47.472714+00:00,,2026-09-25T14:58:47.484714+00:00,,2026-09-25T14:58:47.485714+00:00,,2026-09-25T14:58:47.486714+00:00,,2026-09-25T14:58:47.487715+00:00,,2026-09-25T14:58:47.495715+00:00,,2026-09-25T14:58:47.489715+00:00,,2026-09-25T14:58:47.490715+00:00,,2026-09-25T14:58:47.491715+00:00,,2026-09-25T14:58:47.492715+00:00,,2026-09-25T14:58:47.493715+00:00,,2026-09-25T14:58:47.494715+00:00,
57,2026-09-25T13:29:42.936797+00:00,2026-09-25T14:58:47.931740+00:00,98.006,2026-09-25T14:58:47.833734+00:00,,2026-09-25T14:58:47.847735+00:00,,2026-09-25T14:58:47.848735+00:00,,2026-09-25T14:58:47.849735+00:00,,2026-09-25T14:58:47.850735+00:00,,2026-09-25T14:58:47.851735+00:00,,2026-09-25T14:58:47.852735+00:00,,2026-09-25T14:58:47.853735+00:00,,2026-09-25T14:58:47.854736+00:00,,2026-09-25T14:58:47.855736+00:00,,2026-09-25T14:58:47.856736+00:00,,2026-09-25T14:58:47.857736+00:00,,2026-09-25T14:58:47.858736+00:00,,2026-09-25T14:58:47.872737+00:00,,2026-09-25T14:58:47.862736+00:00,,2026-09-25T14:58:47.863736+00:00,,2026-09-25T14:58:47.864736+00:00,,2026-09-25T14:58:47.865736+00:00,,2026-09-25T14:58:47.866736+00:00,,2026-09-25T14:58:47.867736+00:00,,2026-09-25T14:58:47.868736+00:00,,2026-09-25T14:58:47.869736+00:00,,2026-09-25T14:58:47.870736+00:00,,2026-09-25T14:58:47.871737+00:00,,2026-09-25T14:58:47.860736+00:00,,2026-09-25T14:58:47.873737+00:00,,2026-09-25T14:58:47.874737+00:00,,2026-09-25T14:58:47.875737+00:00,,2026-09-25T14:58:47.876737+00:00,,2026-09-25T14:58:47.877737+00:00,,2026-09-25T14:58:47.878737+00:00,,2026-09-25T14:58:47.879737+00:00,,2026-09-25T14:58:47.880737+00:00,,2026-09-25T14:58:47.881737+00:00,,2026-09-25T14:58:47.882737+00:00,,2026-09-25T14:58:47.894738+00:00,,2026-09-25T14:58:47.884737+00:00,,2026-09-25T14:58:47.885737+00:00,,2026-09-25T14:58:47.886737+00:00,,2026-09-25T14:58:47.887737+00:00,,2026-09-25T14:58:47.899738+00:00,,2026-09-25T14:58:47.889738+00:00,,2026-09-25T14:58:47.890738+00:00,,2026-09-25T14:58:47.891738+00:00,,2026-09-25T14:58:47.892738+00:00,,2026-09-25T14:58:47.893738+00:00,,2026-09-25T14:58:47.883737+00:00,,2026-09-25T14:58:47.895738+00:00,,2026-09-25T14:58:47.896738+00:00,,2026-09-25T14:58:47.897738+00:00,,2026-09-25T14:58:47.898738+00:00,,2026-09-25T14:58:47.900738+00:00,,2026-09-25T14:58:47.901738+00:00,,2026-09-25T14:58:47.902738+00:00,,2026-09-25T14:58:47.903738+00:00,,2026-09-25T14:58:47.904738+00:00,,2026-09-25T14:58:47.905738+00:00,,2026-09-25T14:58:47.906739+00:00,,2026-09-25T14:58:47.907739+00:00,,2026-09-25T14:58:47.908739+00:00,,2026-09-25T14:58:47.909739+00:00,,2026-09-25T14:58:47.910739+00:00,,2026-09-25T14:58:47.911739+00:00,,2026-09-25T14:58:47.912739+00:00,,2026-09-25T14:58:47.913739+00:00,,2026-09-25T14:58:47.914739+00:00,,2026-09-25T14:58:47.926740+00:00,,2026-09-25T14:58:47.916739+00:00,,2026-09-25T14:58:47.917739+00:00,,2026-09-25T14:58:47.918739+00:00,,2026-09-25T14:58:47.919739+00:00,,2026-09-25T14:58:47.920739+00:00,,2026-09-25T14:58:47.921739+00:00,,2026-09-25T14:58:47.922739+00:00,,2026-09-25T14:58:47.923739+00:00,,2026-09-25T14:58:47.924740+00:00,,2026-09-25T14:58:47.925740+00:00,,2026-09-25T14:58:47.915739+00:00,,2026-09-25T14:58:47.927740+00:00,,2026-09-25T14:58:47.928740+00:00,,2026-09-25T14:58:47.929740+00:00,,2026-09-25T14:58:47.930740+00:00,,2026-09-25T14:58:47.931740+00:00,
58,2026-09-25T13:29:43.317210+00:00,2026-09-25T14:58:48.276760+00:00,89.005,2026-09-25T14:58:48.187755+00:00,,2026-09-25T14:58:48.194755+00:00,,2026-09-25T14:58:48.195755+00:00,,2026-09-25T14:58:48.196755+00:00,,2026-09-25T14:58:48.197755+00:00,,2026-09-25T14:58:48.198755+00:00,,2026-09-25T14:58:48.199755+00:00,,2026-09-25T14:58:48.200755+00:00,,2026-09-25T14:58:48.201755+00:00,,2026-09-25T14:58:48.202755+00:00,,2026-09-25T14:58:48.203756+00:00,,2026-09-25T14:58:48.204756+00:00,,2026-09-25T14:58:48.205756+00:00,,2026-09-25T14:58:48.206756+00:00,,2026-09-25T14:58:48.207756+00:00,,2026-09-25T14:58:48.208756+00:00,,2026-09-25T14:58:48.209756+00:00,,2026-09-25T14:58:48.210756+00:00,,2026-09-25T14:58:48.211756+00:00,,2026-09-25T14:58:48.212756+00:00,,2026-09-25T14:58:48.213756+00:00,,2026-09-25T14:58:48.225757+00:00,,2026-09-25T14:58:48.215756+00:00,,2026-09-25T14:58:48.216756+00:00,,2026-09-25T14:58:48.217756+00:00,,2026-09-25T14:58:48.218756+00:00,,2026-09-25T14:58:48.219756+00:00,,2026-09-25T14:58:48.220756+00:00,,2026-09-25T14:58:48.221757+00:00,,2026-09-25T14:58:48.222757+00:00,,2026-09-25T14:58:48.223757+00:00,,2026-09-25T14:58:48.224757+00:00,,2026-09-25T14:58:48.214756+00:00,,2026-09-25T14:58:48.226757+00:00,,2026-09-25T14:58:48.227757+00:00,,2026-09-25T14:58:48.228757+00:00,,2026-09-25T14:58:48.229757+00:00,,2026-09-25T14:58:48.230757+00:00,,2026-09-25T14:58:48.231757+00:00,,2026-09-25T14:58:48.232757+00:00,,2026-09-25T14:58:48.233757+00:00,,2026-09-25T14:58:48.234757+00:00,,2026-09-25T14:58:48.235757+00:00,,2026-09-25T14:58:48.236757+00:00,,2026-09-25T14:58:48.237757+00:00,,2026-09-25T14:58:48.249758+00:00,,2026-09-25T14:58:48.239758+00:00,,2026-09-25T14:58:48.240758+00:00,,2026-09-25T14:58:48.241758+00:00,,2026-09-25T14:58:48.242758+00:00,,2026-09-25T14:58:48.243758+00:00,,2026-09-25T14:58:48.244758+00:00,,2026-09-25T14:58:48.245758+00:00,,2026-09-25T14:58:48.246758+00:00,,2026-09-25T14:58:48.247758+00:00,,2026-09-25T14:58:48.248758+00:00,,2026-09-25T14:58:48.250758+00:00,,2026-09-25T14:58:48.262759+00:00,,2026-09-25T14:58:48.252758+00:00,,2026-09-25T14:58:48.253758+00:00,,2026-09-25T14:58:48.254758+00:00,,2026-09-25T14:58:48.255758+00:00,,2026-09-25T14:58:48.267759+00:00,,2026-09-25T14:58:48.268759+00:00,,2026-09-25T14:58:48.258759+00:00,,2026-09-25T14:58:48.259759+00:00,,2026-09-25T14:58:48.260759+00:00,,2026-09-25T14:58:48.261759+00:00,,2026-09-25T14:58:48.251758+00:00,,2026-09-25T14:58:48.263759+00:00,,2026-09-25T14:58:48.264759+00:00,,2026-09-25T14:58:48.265759+00:00,,2026-09-25T14:58:48.266759+00:00,,2026-09-25T14:58:48.256759+00:00,,2026-09-25T14:58:48.257759+00:00,,2026-09-25T14:58:48.269759+00:00,,2026-09-25T14:58:48.270759+00:00,,2026-09-25T14:58:48.271759+00:00,,2026-09-25T14:58:48.272759+00:00,,2026-09-25T14:58:48.273760+00:00,,2026-09-25T14:58:48.274760+00:00,,2026-09-25T14:58:48.275760+00:00,,2026-09-25T14:58:48.276760+00:00,
59,2026-09-25T13:29:43.691542+00:00,2026-09-25T14:58:48.668782+00:00,100.006,2026-09-25T14:58:48.568776+00:00,,2026-09-25T14:58:48.584777+00:00,,2026-09-25T14:58:48.585777+00:00,,2026-09-25T14:58:48.586777+00:00,,2026-09-25T14:58:48.587777+00:00,,2026-09-25T14:58:48.588778+00:00,,2026-09-25T14:58:48.589778+00:00,,2026-09-25T14:58:48.590778+00:00,,2026-09-25T14:58:48.591778+00:00,,2026-09-25T14:58:48.592778+00:00,,2026-09-25T14:58:48.593778+00:00,,2026-09-25T14:58:48.594778+00:00,,2026-09-25T14:58:48.595778+00:00,,2026-09-25T14:58:48.596778+00:00,,2026-09-25T14:58:48.597778+00:00,,2026-09-25T14:58:48.599778+00:00,,2026-09-25T14:58:48.600778+00:00,,2026-09-25T14:58:48.601778+00:00,,2026-09-25T14:58:48.602778+00:00,,2026-09-25T14:58:48.603778+00:00,,2026-09-25T14:58:48.604778+00:00,,2026-09-25T14:58:48.605779+00:00,,2026-09-25T14:58:48.606779+00:00,,2026-09-25T14:58:48.607779+00:00,,2026-09-25T14:58:48.620779+00:00,,2026-09-25T14:58:48.610779+00:00,,2026-09-25T14:58:48.611779+00:00,,2026-09-25T14:58:48.612779+00:00,,2026-09-25T14:58:48.613779+00:00,,2026-09-25T14:58:48.614779+00:00,,2026-09-25T14:58:48.615779+00:00,,2026-09-25T14:58:48.616779+00:00,,2026-09-25T14:58:48.617779+00:00,,2026-09-25T14:58:48.618779+00:00,,2026-09-25T14:58:48.619779+00:00,,2026-09-25T14:58:48.609779+00:00,,2026-09-25T14:58:48.621779+00:00,,2026-09-25T14:58:48.622779+00:00,,2026-09-25T14:58:48.623780+00:00,,2026-09-25T14:58:48.624780+00:00,,2026-09-25T14:58:48.625780+00:00,,2026-09-25T14:58:48.626780+00:00,,2026-09-25T14:58:48.627780+00:00,,2026-09-25T14:58:48.628780+00:00,,2026-09-25T14:58:48.629780+00:00,,2026-09-25T14:58:48.630780+00:00,,2026-09-25T14:58:48.631780+00:00,,2026-09-25T14:58:48.632780+00:00,,2026-09-25T14:58:48.633780+00:00,,2026-09-25T14:58:48.634780+00:00,,2026-09-25T14:58:48.635780+00:00,,2026-09-25T14:58:48.636780+00:00,,2026-09-25T14:58:48.649781+00:00,,2026-09-25T14:58:48.638780+00:00,,2026-09-25T14:58:48.639780+00:00,,2026-09-25T14:58:48.640781+00:00,,2026-09-25T14:58:48.641781+00:00,,2026-09-25T14:58:48.642781+00:00,,2026-09-25T14:58:48.643781+00:00,,2026-09-25T14:58:48.644781+00:00,,2026-09-25T14:58:48.645781+00:00,,2026-09-25T14:58:48.646781+00:00,,2026-09-25T14:58:48.647781+00:00,,2026-09-25T14:58:48.637780+00:00,,2026-09-25T14:58:48.650781+00:00,,2026-09-25T14:58:48.651781+00:00,,2026-09-25T14:58:48.652781+00:00,,2026-09-25T14:58:48.653781+00:00,,2026-09-25T14:58:48.654781+00:00,,2026-09-25T14:58:48.655781+00:00,,2026-09-25T14:58:48.656781+00:00,,2026-09-25T14:58:48.657781+00:00,,2026-09-25T14:58:48.658782+00:00,,2026-09-25T14:58:48.659782+00:00,,2026-09-25T14:58:48.660782+00:00,,2026-09-25T14:58:48.661782+00:00,,2026-09-25T14:58:48.662782+00:00,,2026-09-25T14:58:48.663782+00:00,,2026-09-25T14:58:48.664782+00:00,,2026-09-25T14:58:48.665782+00:00,,2026-09-25T14:58:48.666782+00:00,,2026-09-25T14:58:48.667782+00:00,,2026-09-25T14:58:48.668782+00:00,
60,2026-09-25T13:29:44.035973+00:00,2026-09-25T14:58:49.032803+00:00,90.005,2026-09-25T14:58:48.942798+00:00,,2026-09-25T14:58:48.949798+00:00,,2026-09-25T14:58:48.950798+00:00,,2026-09-25T14:58:48.951798+00:00,,2026-09-25T14:58:48.952798+00:00,,2026-09-25T14:58:48.954798+00:00,,2026-09-25T14:58:48.955799+00:00,,2026-09-25T14:58:48.956799+00:00,,2026-09-25T14:58:48.957799+00:00,,2026-09-25T14:58:48.958799+00:00,,2026-09-25T14:58:48.959799+00:00,,2026-09-25T14:58:48.960799+00:00,,2026-09-25T14:58:48.961799+00:00,,2026-09-25T14:58:48.962799+00:00,,2026-09-25T14:58:48.963799+00:00,,2026-09-25T14:58:48.964799+00:00,,2026-09-25T14:58:48.965799+00:00,,2026-09-25T14:58:48.966799+00:00,,2026-09-25T14:58:48.967799+00:00,,2026-09-25T14:58:48.968799+00:00,,2026-09-25T14:58:48.969799+00:00,,2026-09-25T14:58:48.970799+00:00,,2026-09-25T14:58:48.971799+00:00,,2026-09-25T14:58:48.972799+00:00,,2026-09-25T14:58:48.973800+00:00,,2026-09-25T14:58:48.974800+00:00,,2026-09-25T14:58:48.975800+00:00,,2026-09-25T14:58:48.976800+00:00,,2026-09-25T14:58:48.977800+00:00,,2026-09-25T14:58:48.978800+00:00,,2026-09-25T14:58:48.979800+00:00,,2026-09-25T14:58:48.980800+00:00,,2026-09-25T14:58:48.981800+00:00,,2026-09-25T14:58:48.982800+00:00,,2026-09-25T14:58:48.983800+00:00,,2026-09-25T14:58:48.984800+00:00,,2026-09-25T14:58:48.985800+00:00,,2026-09-25T14:58:48.986800+00:00,,2026-09-25T14:58:48.998801+00:00,,2026-09-25T14:58:48.988800+00:00,,2026-09-25T14:58:48.989800+00:00,,2026-09-25T14:58:48.990801+00:00,,2026-09-25T14:58:48.991801+00:00,,2026-09-25T14:58:48.992801+00:00,,2026-09-25T14:58:48.993801+00:00,,2026-09-25T14:58:48.994801+00:00,,2026-09-25T14:58:48.995801+00:00,,2026-09-25T14:58:48.996801+00:00,,2026-09-25T14:58:48.997801+00:00,,2026-09-25T14:58:48.999801+00:00,,2026-09-25T14:58:49.000801+00:00,,2026-09-25T14:58:49.001801+00:00,,2026-09-25T14:58:49.002801+00:00,,2026-09-25T14:58:49.003801+00:00,,2026-09-25T14:58:49.004801+00:00,,2026-09-25T14:58:49.005801+00:00,,2026-09-25T14:58:49.006801+00:00,,2026-09-25T14:58:49.007801+00:00,,2026-09-25T14:58:49.008802+00:00,,2026-09-25T14:58:49.009802+00:00,,2026-09-25T14:58:49.010802+00:00,,2026-09-25T14:58:49.011802+00:00,,2026-09-25T14:58:49.012802+00:00,,2026-09-25T14:58:49.013802+00:00,,2026-09-25T14:58:49.014802+00:00,,2026-09-25T14:58:49.015802+00:00,,2026-09-25T14:58:49.016802+00:00,,2026-09-25T14:58:49.017802+00:00,,2026-09-25T14:58:49.018802+00:00,,2026-09-25T14:58:49.019802+00:00,,2026-09-25T14:58:49.020802+00:00,,2026-09-25T14:58:49.021802+00:00,,2026-09-25T14:58:49.022802+00:00,,2026-09-25T14:58:49.023802+00:00,,2026-09-25T14:58:49.024802+00:00,,2026-09-25T14:58:49.025803+00:00,,2026-09-25T14:58:49.026803+00:00,,2026-09-25T14:58:49.027803+00:00,,2026-09-25T14:58:49.028803+00:00,,2026-09-25T14:58:49.029803+00:00,,2026-09-25T14:58:49.030803+00:00,,2026-09-25T14:58:49.031803+00:00,,2026-09-25T14:58:49.032803+00:00,
61,2026-09-25T13:29:44.419787+00:00,2026-09-25T14:58:49.412825+00:00,115.007,2026-09-25T14:58:49.297818+00:00,,2026-09-25T14:58:49.327820+00:00,,2026-09-25T14:58:49.328820+00:00,,2026-09-25T14:58:49.329820+00:00,,2026-09-25T14:58:49.330820+00:00,,2026-09-25T14:58:49.331820+00:00,,2026-09-25T14:58:49.332820+00:00,,2026-09-25T14:58:49.333820+00:00,,2026-09-25T14:58:49.334820+00:00,,2026-09-25T14:58:49.335820+00:00,,2026-09-25T14:58:49.336820+00:00,,2026-09-25T14:58:49.348821+00:00,,2026-09-25T14:58:49.338820+00:00,,2026-09-25T14:58:49.339820+00:00,,2026-09-25T14:58:49.340821+00:00,,2026-09-25T14:58:49.341821+00:00,,2026-09-25T14:58:49.342821+00:00,,2026-09-25T14:58:49.343821+00:00,,2026-09-25T14:58:49.344821+00:00,,2026-09-25T14:58:49.345821+00:00,,2026-09-25T14:58:49.346821+00:00,,2026-09-25T14:58:49.347821+00:00,,2026-09-25T14:58:49.349821+00:00,,2026-09-25T14:58:49.350821+00:00,,2026-09-25T14:58:49.362822+00:00,,2026-09-25T14:58:49.363822+00:00,,2026-09-25T14:58:49.353821+00:00,,2026-09-25T14:58:49.354821+00:00,,2026-09-25T14:58:49.355821+00:00,,2026-09-25T14:58:49.356821+00:00,,2026-09-25T14:58:49.357822+00:00,,2026-09-25T14:58:49.358822+00:00,,2026-09-25T14:58:49.359822+00:00,,2026-09-25T14:58:49.360822+00:00,,2026-09-25T14:58:49.361822+00:00,,2026-09-25T14:58:49.351821+00:00,,2026-09-25T14:58:49.352821+00:00,,2026-09-25T14:58:49.364822+00:00,,2026-09-25T14:58:49.365822+00:00,,2026-09-25T14:58:49.366822+00:00,,2026-09-25T14:58:49.367822+00:00,,2026-09-25T14:58:49.368822+00:00,,2026-09-25T14:58:49.369822+00:00,,2026-09-25T14:58:49.370822+00:00,,2026-09-25T14:58:49.371822+00:00,,2026-09-25T14:58:49.372822+00:00,,2026-09-25T14:58:49.373822+00:00,,2026-09-25T14:58:49.374822+00:00,,2026-09-25T14:58:49.375823+00:00,,2026-09-25T14:58:49.376823+00:00,,2026-09-25T14:58:49.377823+00:00,,2026-09-25T14:58:49.378823+00:00,,2026-09-25T14:58:49.379823+00:00,,2026-09-25T14:58:49.380823+00:00,,2026-09-25T14:58:49.381823+00:00,,2026-09-25T14:58:49.382823+00:00,,2026-09-25T14:58:49.383823+00:00,,2026-09-25T14:58:49.384823+00:00,,2026-09-25T14:58:49.385823+00:00,,2026-09-25T14:58:49.386823+00:00,,2026-09-25T14:58:49.400824+00:00,,2026-09-25T14:58:49.390823+00:00,,2026-09-25T14:58:49.391823+00:00,,2026-09-25T14:58:49.392824+00:00,,2026-09-25T14:58:49.393824+00:00,,2026-09-25T14:58:49.394824+00:00,,2026-09-25T14:58:49.395824+00:00,,2026-09-25T14:58:49.396824+00:00,,2026-09-25T14:58:49.397824+00:00,,2026-09-25T14:58:49.398824+00:00,,2026-09-25T14:58:49.399824+00:00,,2026-09-25T14:58:49.401824+00:00,,2026-09-25T14:58:49.402824+00:00,,2026-09-25T14:58:49.403824+00:00,,2026-09-25T14:58:49.404824+00:00,,2026-09-25T14:58:49.405824+00:00,,2026-09-25T14:58:49.406824+00:00,,2026-09-25T14:58:49.407824+00:00,,2026-09-25T14:58:49.408824+00:00,,2026-09-25T14:58:49.409824+00:00,,2026-09-25T14:58:49.410825+00:00,,2026-09-25T14:58:49.411825+00:00,,2026-09-25T14:58:49.412825+00:00,
62,2026-09-25T13:29:44.820202+00:00,2026-09-25T14:58:49.787846+00:00,105.006,2026-09-25T14:58:49.682840+00:00,,2026-09-25T14:58:49.702841+00:00,,2026-09-25T14:58:49.703841+00:00,,2026-09-25T14:58:49.704841+00:00,,2026-09-25T14:58:49.705841+00:00,,2026-09-25T14:58:49.706841+00:00,,2026-09-25T14:58:49.707842+00:00,,2026-09-25T14:58:49.708842+00:00,,2026-09-25T14:58:49.709842+00:00,,2026-09-25T14:58:49.710842+00:00,,2026-09-25T14:58:49.711842+00:00,,2026-09-25T14:58:49.712842+00:00,,2026-09-25T14:58:49.713842+00:00,,2026-09-25T14:58:49.714842+00:00,,2026-09-25T14:58:49.715842+00:00,,2026-09-25T14:58:49.716842+00:00,,2026-09-25T14:58:49.717842+00:00,,2026-09-25T14:58:49.718842+00:00,,2026-09-25T14:58:49.719842+00:00,,2026-09-25T14:58:49.720842+00:00,,2026-09-25T14:58:49.721842+00:00,,2026-09-25T14:58:49.722842+00:00,,2026-09-25T14:58:49.723842+00:00,,2026-09-25T14:58:49.724843+00:00,,2026-09-25T14:58:49.725843+00:00,,2026-09-25T14:58:49.726843+00:00,,2026-09-25T14:58:49.727843+00:00,,2026-09-25T14:58:49.728843+00:00,,2026-09-25T14:58:49.729843+00:00,,2026-09-25T14:58:49.730843+00:00,,2026-09-25T14:58:49.731843+00:00,,2026-09-25T14:58:49.733843+00:00,,2026-09-25T14:58:49.734843+00:00,,2026-09-25T14:58:49.735843+00:00,,2026-09-25T14:58:49.736843+00:00,,2026-09-25T14:58:49.737843+00:00,,2026-09-25T14:58:49.738843+00:00,,2026-09-25T14:58:49.739843+00:00,,2026-09-25T14:58:49.740843+00:00,,2026-09-25T14:58:49.741843+00:00,,2026-09-25T14:58:49.742844+00:00,,2026-09-25T14:58:49.743844+00:00,,2026-09-25T14:58:49.744844+00:00,,2026-09-25T14:58:49.745844+00:00,,2026-09-25T14:58:49.746844+00:00,,2026-09-25T14:58:49.747844+00:00,,2026-09-25T14:58:49.749844+00:00,,2026-09-25T14:58:49.750844+00:00,,2026-09-25T14:58:49.751844+00:00,,2026-09-25T14:58:49.752844+00:00,,2026-09-25T14:58:49.753844+00:00,,2026-09-25T14:58:49.754844+00:00,,2026-09-25T14:58:49.755844+00:00,,2026-09-25T14:58:49.768845+00:00,,2026-09-25T14:58:49.758844+00:00,,2026-09-25T14:58:49.759845+00:00,,2026-09-25T14:58:49.760845+00:00,,2026-09-25T14:58:49.761845+00:00,,2026-09-25T14:58:49.762845+00:00,,2026-09-25T14:58:49.763845+00:00,,2026-09-25T14:58:49.764845+00:00,,2026-09-25T14:58:49.765845+00:00,,2026-09-25T14:58:49.766845+00:00,,2026-09-25T14:58:49.767845+00:00,,2026-09-25T14:58:49.757844+00:00,,2026-09-25T14:58:49.769845+00:00,,2026-09-25T14:58:49.770845+00:00,,2026-09-25T14:58:49.771845+00:00,,2026-09-25T14:58:49.772845+00:00,,2026-09-25T14:58:49.773845+00:00,,2026-09-25T14:58:49.774845+00:00,,2026-09-25T14:58:49.775845+00:00,,2026-09-25T14:58:49.776845+00:00,,2026-09-25T14:58:49.777846+00:00,,2026-09-25T14:58:49.778846+00:00,,2026-09-25T14:58:49.779846+00:00,,2026-09-25T14:58:49.780846+00:00,,2026-09-25T14:58:49.781846+00:00,,2026-09-25T14:58:49.782846+00:00,,2026-09-25T14:58:49.783846+00:00,,2026-09-25T14:58:49.784846+00:00,,2026-09-25T14:58:49.785846+00:00,,2026-09-25T14:58:49.787846+00:00,
63,2026-09-25T13:29:45.227784+00:00,2026-09-25T14:58:50.218871+00:00,97.006,2026-09-25T14:58:50.121865+00:00,,2026-09-25T14:58:50.132866+00:00,,2026-09-25T14:58:50.133866+00:00,,2026-09-25T14:58:50.134866+00:00,,2026-09-25T14:58:50.135866+00:00,,2026-09-25T14:58:50.136866+00:00,,2026-09-25T14:58:50.137866+00:00,,2026-09-25T14:58:50.138866+00:00,,2026-09-25T14:58:50.139866+00:00,,2026-09-25T14:58:50.140866+00:00,,2026-09-25T14:58:50.141866+00:00,,2026-09-25T14:58:50.142866+00:00,,2026-09-25T14:58:50.143866+00:00,,2026-09-25T14:58:50.144867+00:00,,2026-09-25T14:58:50.145867+00:00,,2026-09-25T14:58:50.158867+00:00,,2026-09-25T14:58:50.160867+00:00,,2026-09-25T14:58:50.161868+00:00,,2026-09-25T14:58:50.150867+00:00,,2026-09-25T14:58:50.151867+00:00,,2026-09-25T14:58:50.152867+00:00,,2026-09-25T14:58:50.153867+00:00,,2026-09-25T14:58:50.154867+00:00,,2026-09-25T14:58:50.155867+00:00,,2026-09-25T14:58:50.156867+00:00,,2026-09-25T14:58:50.157867+00:00,,2026-09-25T14:58:50.146867+00:00,,2026-09-25T14:58:50.147867+00:00,,2026-09-25T14:58:50.148867+00:00,,2026-09-25T14:58:50.149867+00:00,,2026-09-25T14:58:50.174868+00:00,,2026-09-25T14:58:50.163868+00:00,,2026-09-25T14:58:50.164868+00:00,,2026-09-25T14:58:50.165868+00:00,,2026-09-25T14:58:50.166868+00:00,,2026-09-25T14:58:50.168868+00:00,,2026-09-25T14:58:50.169868+00:00,,2026-09-25T14:58:50.170868+00:00,,2026-09-25T14:58:50.171868+00:00,,2026-09-25T14:58:50.172868+00:00,,2026-09-25T14:58:50.173868+00:00,,2026-09-25T14:58:50.162868+00:00,,2026-09-25T14:58:50.175868+00:00,,2026-09-25T14:58:50.176868+00:00,,2026-09-25T14:58:50.177868+00:00,,2026-09-25T14:58:50.178868+00:00,,2026-09-25T14:58:50.179869+00:00,,2026-09-25T14:58:50.180869+00:00,,2026-09-25T14:58:50.181869+00:00,,2026-09-25T14:58:50.182869+00:00,,2026-09-25T14:58:50.184869+00:00,,2026-09-25T14:58:50.185869+00:00,,2026-09-25T14:58:50.197870+00:00,,2026-09-25T14:58:50.187869+00:00,,2026-09-25T14:58:50.188869+00:00,,2026-09-25T14:58:50.189869+00:00,,2026-09-25T14:58:50.190869+00:00,,2026-09-25T14:58:50.191869+00:00,,2026-09-25T14:58:50.192869+00:00,,2026-09-25T14:58:50.193869+00:00,,2026-09-25T14:58:50.194869+00:00,,2026-09-25T14:58:50.195869+00:00,,2026-09-25T14:58:50.196870+00:00,,2026-09-25T14:58:50.198870+00:00,,2026-09-25T14:58:50.200870+00:00,,2026-09-25T14:58:50.201870+00:00,,2026-09-25T14:58:50.202870+00:00,,2026-09-25T14:58:50.203870+00:00,,2026-09-25T14:58:50.204870+00:00,,2026-09-25T14:58:50.205870+00:00,,2026-09-25T14:58:50.206870+00:00,,2026-09-25T14:58:50.207870+00:00,,2026-09-25T14:58:50.208870+00:00,,2026-09-25T14:58:50.209870+00:00,,2026-09-25T14:58:50.210870+00:00,,2026-09-25T14:58:50.211870+00:00,,2026-09-25T14:58:50.212870+00:00,,2026-09-25T14:58:50.213870+00:00,,2026-09-25T14:58:50.214871+00:00,,2026-09-25T14:58:50.215871+00:00,,2026-09-25T14:58:50.216871+00:00,,2026-09-25T14:58:50.217871+00:00,,2026-09-25T14:58:50.218871+00:00,
64,2026-09-25T13:29:45.662576+00:00,2026-09-25T14:58:50.580891+00:00,100.005,2026-09-25T14:58:50.480886+00:00,,2026-09-25T14:58:50.496887+00:00,,2026-09-25T14:58:50.497887+00:00,,2026-09-25T14:58:50.498887+00:00,,2026-09-25T14:58:50.499887+00:00,,2026-09-25T14:58:50.500887+00:00,,2026-09-25T14:58:50.501887+00:00,,2026-09-25T14:58:50.502887+00:00,,2026-09-25T14:58:50.503887+00:00,,2026-09-25T14:58:50.504887+00:00,,2026-09-25T14:58:50.505887+00:00,,2026-09-25T14:58:50.506887+00:00,,2026-09-25T14:58:50.507887+00:00,,2026-09-25T14:58:50.508887+00:00,,2026-09-25T14:58:50.521888+00:00,,2026-09-25T14:58:50.510887+00:00,,2026-09-25T14:58:50.512888+00:00,,2026-09-25T14:58:50.513888+00:00,,2026-09-25T14:58:50.514888+00:00,,2026-09-25T14:58:50.515888+00:00,,2026-09-25T14:58:50.516888+00:00,,2026-09-25T14:58:50.517888+00:00,,2026-09-25T14:58:50.518888+00:00,,2026-09-25T14:58:50.519888+00:00,,2026-09-25T14:58:50.520888+00:00,,2026-09-25T14:58:50.509887+00:00,,2026-09-25T14:58:50.522888+00:00,,2026-09-25T14:58:50.523888+00:00,,2026-09-25T14:58:50.524888+00:00,,2026-09-25T14:58:50.525888+00:00,,2026-09-25T14:58:50.526888+00:00,,2026-09-25T14:58:50.527888+00:00,,2026-09-25T14:58:50.528888+00:00,,2026-09-25T14:58:50.529889+00:00,,2026-09-25T14:58:50.530889+00:00,,2026-09-25T14:58:50.531889+00:00,,2026-09-25T14:58:50.532889+00:00,,2026-09-25T14:58:50.533889+00:00,,2026-09-25T14:58:50.534889+00:00,,2026-09-25T14:58:50.535889+00:00,,2026-09-25T14:58:50.548890+00:00,,2026-09-25T14:58:50.537889+00:00,,2026-09-25T14:58:50.538889+00:00,,2026-09-25T14:58:50.539889+00:00,,2026-09-25T14:58:50.540889+00:00,,2026-09-25T14:58:50.541889+00:00,,2026-09-25T14:58:50.543889+00:00,,2026-09-25T14:58:50.544889+00:00,,2026-09-25T14:58:50.545889+00:00,,2026-09-25T14:58:50.546890+00:00,,2026-09-25T14:58:50.547890+00:00,,2026-09-25T14:58:50.549890+00:00,,2026-09-25T14:58:50.550890+00:00,,2026-09-25T14:58:50.551890+00:00,,2026-09-25T14:58:50.552890+00:00,,2026-09-25T14:58:50.553890+00:00,,2026-09-25T14:58:50.554890+00:00,,2026-09-25T14:58:50.555890+00:00,,2026-09-25T14:58:50.556890+00:00,,2026-09-25T14:58:50.557890+00:00,,2026-09-25T14:58:50.558890+00:00,,2026-09-25T14:58:50.559890+00:00,,2026-09-25T14:58:50.560890+00:00,,2026-09-25T14:58:50.561890+00:00,,2026-09-25T14:58:50.562890+00:00,,2026-09-25T14:58:50.563890+00:00,,2026-09-25T14:58:50.564891+00:00,,2026-09-25T14:58:50.565891+00:00,,2026-09-25T14:58:50.566891+00:00,,2026-09-25T14:58:50.567891+00:00,,2026-09-25T14:58:50.579891+00:00,,2026-09-25T14:58:50.569891+00:00,,2026-09-25T14:58:50.570891+00:00,,2026-09-25T14:58:50.571891+00:00,,2026-09-25T14:58:50.572891+00:00,,2026-09-25T14:58:50.573891+00:00,,2026-09-25T14:58:50.574891+00:00,,2026-09-25T14:58:50.575891+00:00,,2026-09-25T14:58:50.576891+00:00,,2026-09-25T14:58:50.577891+00:00,,2026-09-25T14:58:50.578891+00:00,,2026-09-25T14:58:50.568891+00:00,,2026-09-25T14:58:50.580891+00:00,
65,2026-09-25T13:29:46.033561+00:00,2026-09-25T14:58:51.024917+00:00,105.006,2026-09-25T14:58:50.919911+00:00,,2026-09-25T14:58:50.947912+00:00,,2026-09-25T14:58:50.939912+00:00,,2026-09-25T14:58:50.940912+00:00,,2026-09-25T14:58:50.941912+00:00,,2026-09-25T14:58:50.942912+00:00,,2026-09-25T14:58:50.943912+00:00,,2026-09-25T14:58:50.944912+00:00,,2026-09-25T14:58:50.938912+00:00,,2026-09-25T14:58:50.945912+00:00,,2026-09-25T14:58:50.946912+00:00,,2026-09-25T14:58:50.948913+00:00,,2026-09-25T14:58:50.949913+00:00,,2026-09-25T14:58:50.950913+00:00,,2026-09-25T14:58:50.951913+00:00,,2026-09-25T14:58:50.952913+00:00,,2026-09-25T14:58:50.953913+00:00,,2026-09-25T14:58:50.954913+00:00,,2026-09-25T14:58:50.955913+00:00,,2026-09-25T14:58:50.956913+00:00,,2026-09-25T14:58:50.957913+00:00,,2026-09-25T14:58:50.958913+00:00,,2026-09-25T14:58:50.959913+00:00,,2026-09-25T14:58:50.960913+00:00,,2026-09-25T14:58:50.961913+00:00,,2026-09-25T14:58:50.962913+00:00,,2026-09-25T14:58:50.963913+00:00,,2026-09-25T14:58:50.964913+00:00,,2026-09-25T14:58:50.965913+00:00,,2026-09-25T14:58:50.966914+00:00,,2026-09-25T14:58:50.967914+00:00,,2026-09-25T14:58:50.968914+00:00,,2026-09-25T14:58:50.969914+00:00,,2026-09-25T14:58:50.970914+00:00,,2026-09-25T14:58:50.984915+00:00,,2026-09-25T14:58:50.973914+00:00,,2026-09-25T14:58:50.974914+00:00,,2026-09-25T14:58:50.975914+00:00,,2026-09-25T14:58:50.976914+00:00,,2026-09-25T14:58:50.977914+00:00,,2026-09-25T14:58:50.978914+00:00,,2026-09-25T14:58:50.980914+00:00,,2026-09-25T14:58:50.981914+00:00,,2026-09-25T14:58:50.982914+00:00,,2026-09-25T14:58:50.983915+00:00,,2026-09-25T14:58:50.972914+00:00,,2026-09-25T14:58:50.985915+00:00,,2026-09-25T14:58:50.998915+00:00,,2026-09-25T14:58:50.987915+00:00,,2026-09-25T14:58:50.988915+00:00,,2026-09-25T14:58:50.989915+00:00,,2026-09-25T14:58:50.990915+00:00,,2026-09-25T14:58:50.991915+00:00,,2026-09-25T14:58:50.992915+00:00,,2026-09-25T14:58:50.993915+00:00,,2026-09-25T14:58:51.006916+00:00,,2026-09-25T14:58:50.996915+00:00,,2026-09-25T14:58:50.997915+00:00,,2026-09-25T14:58:50.999915+00:00,,2026-09-25T14:58:51.000915+00:00,,2026-09-25T14:58:51.001916+00:00,,2026-09-25T14:58:51.002916+00:00,,2026-09-25T14:58:51.003916+00:00,,2026-09-25T14:58:51.004916+00:00,,2026-09-25T14:58:51.005916+00:00,,2026-09-25T14:58:50.994915+00:00,,2026-09-25T14:58:51.007916+00:00,,2026-09-25T14:58:51.008916+00:00,,2026-09-25T14:58:51.009916+00:00,,2026-09-25T14:58:51.011916+00:00,,2026-09-25T14:58:51.012916+00:00,,2026-09-25T14:58:51.013916+00:00,,2026-09-25T14:58:51.014916+00:00,,2026-09-25T14:58:51.015916+00:00,,2026-09-25T14:58:51.016916+00:00,,2026-09-25T14:58:51.017916+00:00,,2026-09-25T14:58:51.018917+00:00,,2026-09-25T14:58:51.019917+00:00,,2026-09-25T14:58:51.020917+00:00,,2026-09-25T14:58:51.021917+00:00,,2026-09-25T14:58:51.022917+00:00,,2026-09-25T14:58:51.023917+00:00,,2026-09-25T14:58:51.024917+00:00,
66,2026-09-25T13:29:46.445175+00:00,2026-09-25T14:58:51.383937+00:00,100.005,2026-09-25T14:58:51.283932+00:00,,2026-09-25T14:58:51.295932+00:00,,2026-09-25T14:58:51.296932+00:00,,2026-09-25T14:58:51.298933+00:00,,2026-09-25T14:58:51.299933+00:00,,2026-09-25T14:58:51.300933+00:00,,2026-09-25T14:58:51.301933+00:00,,2026-09-25T14:58:51.302933+00:00,,2026-09-25T14:58:51.303933+00:00,,2026-09-25T14:58:51.304933+00:00,,2026-09-25T14:58:51.305933+00:00,,2026-09-25T14:58:51.318934+00:00,,2026-09-25T14:58:51.308933+00:00,,2026-09-25T14:58:51.309933+00:00,,2026-09-25T14:58:51.310933+00:00,,2026-09-25T14:58:51.311933+00:00,,2026-09-25T14:58:51.312933+00:00,,2026-09-25T14:58:51.313933+00:00,,2026-09-25T14:58:51.314933+00:00,,2026-09-25T14:58:51.315934+00:00,,2026-09-25T14:58:51.316934+00:00,,2026-09-25T14:58:51.317934+00:00,,2026-09-25T14:58:51.307933+00:00,,2026-09-25T14:58:51.319934+00:00,,2026-09-25T14:58:51.320934+00:00,,2026-09-25T14:58:51.321934+00:00,,2026-09-25T14:58:51.322934+00:00,,2026-09-25T14:58:51.323934+00:00,,2026-09-25T14:58:51.324934+00:00,,2026-09-25T14:58:51.325934+00:00,,2026-09-25T14:58:51.326934+00:00,,2026-09-25T14:58:51.327934+00:00,,2026-09-25T14:58:51.328934+00:00,,2026-09-25T14:58:51.329934+00:00,,2026-09-25T14:58:51.330934+00:00,,2026-09-25T14:58:51.331934+00:00,,2026-09-25T14:58:51.344935+00:00,,2026-09-25T14:58:51.334935+00:00,,2026-09-25T14:58:51.346935+00:00,,2026-09-25T14:58:51.336935+00:00,,2026-09-25T14:58:51.337935+00:00,,2026-09-25T14:58:51.338935+00:00,,2026-09-25T14:58:51.339935+00:00,,2026-09-25T14:58:51.340935+00:00,,2026-09-25T14:58:51.341935+00:00,,2026-09-25T14:58:51.342935+00:00,,2026-09-25T14:58:51.343935+00:00,,2026-09-25T14:58:51.333935+00:00,,2026-09-25T14:58:51.345935+00:00,,2026-09-25T14:58:51.347935+00:00,,2026-09-25T14:58:51.348935+00:00,,2026-09-25T14:58:51.349935+00:00,,2026-09-25T14:58:51.350936+00:00,,2026-09-25T14:58:51.351936+00:00,,2026-09-25T14:58:51.352936+00:00,,2026-09-25T14:58:51.353936+00:00,,2026-09-25T14:58:51.355936+00:00,,2026-09-25T14:58:51.356936+00:00,,2026-09-25T14:58:51.357936+00:00,,2026-09-25T14:58:51.358936+00:00,,2026-09-25T14:58:51.359936+00:00,,2026-09-25T14:58:51.360936+00:00,,2026-09-25T14:58:51.361936+00:00,,2026-09-25T14:58:51.362936+00:00,,2026-09-25T14:58:51.376937+00:00,,2026-09-25T14:58:51.365936+00:00,,2026-09-25T14:58:51.366936+00:00,,2026-09-25T14:58:51.367936+00:00,,2026-09-25T14:58:51.368937+00:00,,2026-09-25T14:58:51.381937+00:00,,2026-09-25T14:58:51.371937+00:00,,2026-09-25T14:58:51.372937+00:00,,2026-09-25T14:58:51.373937+00:00,,2026-09-25T14:58:51.374937+00:00,,2026-09-25T14:58:51.375937+00:00,,2026-09-25T14:58:51.364936+00:00,,2026-09-25T14:58:51.377937+00:00,,2026-09-25T14:58:51.378937+00:00,,2026-09-25T14:58:51.379937+00:00,,2026-09-25T14:58:51.380937+00:00,,2026-09-25T14:58:51.370937+00:00,,2026-09-25T14:58:51.382937+00:00,,2026-09-25T14:58:51.383937+00:00,
67,2026-09-25T13:29:46.833392+00:00,2026-09-25T14:58:51.807962+00:00,110.00699999999999,2026-09-25T14:58:51.697955+00:00,,2026-09-25T14:58:51.705956+00:00,,2026-09-25T14:58:51.706956+00:00,,2026-09-25T14:58:51.707956+00:00,,2026-09-25T14:58:51.721957+00:00,,2026-09-25T14:58:51.710956+00:00,,2026-09-25T14:58:51.711956+00:00,,2026-09-25T14:58:51.712956+00:00,,2026-09-25T14:58:51.714956+00:00,,2026-09-25T14:58:51.715956+00:00,,2026-09-25T14:58:51.716956+00:00,,2026-09-25T14:58:51.717957+00:00,,2026-09-25T14:58:51.718957+00:00,,2026-09-25T14:58:51.719957+00:00,,2026-09-25T14:58:51.720957+00:00,,2026-09-25T14:58:51.709956+00:00,,2026-09-25T14:58:51.722957+00:00,,2026-09-25T14:58:51.723957+00:00,,2026-09-25T14:58:51.724957+00:00,,2026-09-25T14:58:51.725957+00:00,,2026-09-25T14:58:51.726957+00:00,,2026-09-25T14:58:51.728957+00:00,,2026-09-25T14:58:51.730957+00:00,,2026-09-25T14:58:51.732957+00:00,,2026-09-25T14:58:51.734957+00:00,,2026-09-25T14:58:51.747958+00:00,,2026-09-25T14:58:51.737958+00:00,,2026-09-25T14:58:51.738958+00:00,,2026-09-25T14:58:51.739958+00:00,,2026-09-25T14:58:51.740958+00:00,,2026-09-25T14:58:51.741958+00:00,,2026-09-25T14:58:51.742958+00:00,,2026-09-25T14:58:51.743958+00:00,,2026-09-25T14:58:51.744958+00:00,,2026-09-25T14:58:51.745958+00:00,,2026-09-25T14:58:51.746958+00:00,,2026-09-25T14:58:51.748958+00:00,,2026-09-25T14:58:51.749958+00:00,,2026-09-25T14:58:51.750958+00:00,,2026-09-25T14:58:51.751958+00:00,,2026-09-25T14:58:51.752959+00:00,,2026-09-25T14:58:51.753959+00:00,,2026-09-25T14:58:51.755959+00:00,,2026-09-25T14:58:51.769959+00:00,,2026-09-25T14:58:51.758959+00:00,,2026-09-25T14:58:51.760959+00:00,,2026-09-25T14:58:51.761959+00:00,,2026-09-25T14:58:51.762959+00:00,,2026-09-25T14:58:51.763959+00:00,,2026-09-25T14:58:51.764959+00:00,,2026-09-25T14:58:51.765959+00:00,,2026-09-25T14:58:51.766959+00:00,,2026-09-25T14:58:51.767959+00:00,,2026-09-25T14:58:51.768959+00:00,,2026-09-25T14:58:51.757959+00:00,,2026-09-25T14:58:51.770960+00:00,,2026-09-25T14:58:51.771960+00:00,,2026-09-25T14:58:51.772960+00:00,,2026-09-25T14:58:51.774960+00:00,,2026-09-25T14:58:51.776960+00:00,,2026-09-25T14:58:51.778960+00:00,,2026-09-25T14:58:51.780960+00:00,,2026-09-25T14:58:51.781960+00:00,,2026-09-25T14:58:51.782960+00:00,,2026-09-25T14:58:51.783960+00:00,,2026-09-25T14:58:51.784960+00:00,,2026-09-25T14:58:51.798961+00:00,,2026-09-25T14:58:51.787961+00:00,,2026-09-25T14:58:51.788961+00:00,,2026-09-25T14:58:51.789961+00:00,,2026-09-25T14:58:51.791961+00:00,,2026-09-25T14:58:51.792961+00:00,,2026-09-25T14:58:51.793961+00:00,,2026-09-25T14:58:51.794961+00:00,,2026-09-25T14:58:51.795961+00:00,,2026-09-25T14:58:51.796961+00:00,,2026-09-25T14:58:51.797961+00:00,,2026-09-25T14:58:51.786960+00:00,,2026-09-25T14:58:51.802961+00:00,,2026-09-25T14:58:51.803961+00:00,,2026-09-25T14:58:51.804961+00:00,,2026-09-25T14:58:51.805962+00:00,,2026-09-25T14:58:51.807962+00:00,
68,2026-09-25T13:29:47.264475+00:00,2026-09-25T14:58:52.260988+00:00,175.01,2026-09-25T14:58:52.085978+00:00,,2026-09-25T14:58:52.092978+00:00,,2026-09-25T14:58:52.094978+00:00,,2026-09-25T14:58:52.096978+00:00,,2026-09-25T14:58:52.098978+00:00,,2026-09-25T14:58:52.100978+00:00,,2026-09-25T14:58:52.102979+00:00,,2026-09-25T14:58:52.104979+00:00,,2026-09-25T14:58:52.106979+00:00,,2026-09-25T14:58:52.108979+00:00,,2026-09-25T14:58:52.110979+00:00,,2026-09-25T14:58:52.112979+00:00,,2026-09-25T14:58:52.114979+00:00,,2026-09-25T14:58:52.116979+00:00,,2026-09-25T14:58:52.118979+00:00,,2026-09-25T14:58:52.120980+00:00,,2026-09-25T14:58:52.122980+00:00,,2026-09-25T14:58:52.124980+00:00,,2026-09-25T14:58:52.126980+00:00,,2026-09-25T14:58:52.128980+00:00,,2026-09-25T14:58:52.130980+00:00,,2026-09-25T14:58:52.132980+00:00,,2026-09-25T14:58:52.134980+00:00,,2026-09-25T14:58:52.136980+00:00,,2026-09-25T14:58:52.138981+00:00,,2026-09-25T14:58:52.140981+00:00,,2026-09-25T14:58:52.142981+00:00,,2026-09-25T14:58:52.144981+00:00,,2026-09-25T14:58:52.146981+00:00,,2026-09-25T14:58:52.148981+00:00,,2026-09-25T14:58:52.150981+00:00,,2026-09-25T14:58:52.152981+00:00,,2026-09-25T14:58:52.154982+00:00,,2026-09-25T14:58:52.156982+00:00,,2026-09-25T14:58:52.160982+00:00,,2026-09-25T14:58:52.184983+00:00,,2026-09-25T14:58:52.164982+00:00,,2026-09-25T14:58:52.166982+00:00,,2026-09-25T14:58:52.168982+00:00,,2026-09-25T14:58:52.170982+00:00,,2026-09-25T14:58:52.172983+00:00,,2026-09-25T14:58:52.174983+00:00,,2026-09-25T14:58:52.176983+00:00,,2026-09-25T14:58:52.178983+00:00,,2026-09-25T14:58:52.180983+00:00,,2026-09-25T14:58:52.182983+00:00,,2026-09-25T14:58:52.162982+00:00,,2026-09-25T14:58:52.186983+00:00,,2026-09-25T14:58:52.188983+00:00,,2026-09-25T14:58:52.190984+00:00,,2026-09-25T14:58:52.192984+00:00,,2026-09-25T14:58:52.194984+00:00,,2026-09-25T14:58:52.196984+00:00,,2026-09-25T14:58:52.198984+00:00,,2026-09-25T14:58:52.200984+00:00,,2026-09-25T14:58:52.202984+00:00,,2026-09-25T14:58:52.204984+00:00,,2026-09-25T14:58:52.206984+00:00,,2026-09-25T14:58:52.210985+00:00,,2026-09-25T14:58:52.212985+00:00,,2026-09-25T14:58:52.214985+00:00,,2026-09-25T14:58:52.216985+00:00,,2026-09-25T14:58:52.218985+00:00,,2026-09-25T14:58:52.220985+00:00,,2026-09-25T14:58:52.222985+00:00,,2026-09-25T14:58:52.224986+00:00,,2026-09-25T14:58:52.226986+00:00,,2026-09-25T14:58:52.228986+00:00,,2026-09-25T14:58:52.230986+00:00,,2026-09-25T14:58:52.232986+00:00,,2026-09-25T14:58:52.234986+00:00,,2026-09-25T14:58:52.236986+00:00,,2026-09-25T14:58:52.238986+00:00,,2026-09-25T14:58:52.240986+00:00,,2026-09-25T14:58:52.242987+00:00,,2026-09-25T14:58:52.244987+00:00,,2026-09-25T14:58:52.246987+00:00,,2026-09-25T14:58:52.248987+00:00,,2026-09-25T14:58:52.250987+00:00,,2026-09-25T14:58:52.252987+00:00,,2026-09-25T14:58:52.254987+00:00,,2026-09-25T14:58:52.256987+00:00,,2026-09-25T14:58:52.260988+00:00,
69,2026-09-25T13:29:47.629838+00:00,2026-09-25T14:58:52.626008+00:00,110.006,2026-09-25T14:58:52.516002+00:00,,2026-09-25T14:58:52.524003+00:00,,2026-09-25T14:58:52.526003+00:00,,2026-09-25T14:58:52.528003+00:00,,2026-09-25T14:58:52.529003+00:00,,2026-09-25T14:58:52.531003+00:00,,2026-09-25T14:58:52.533003+00:00,,2026-09-25T14:58:52.535003+00:00,,2026-09-25T14:58:52.552004+00:00,,2026-09-25T14:58:52.539003+00:00,,2026-09-25T14:58:52.554004+00:00,,2026-09-25T14:58:52.542004+00:00,,2026-09-25T14:58:52.544004+00:00,,2026-09-25T14:58:52.545004+00:00,,2026-09-25T14:58:52.547004+00:00,,2026-09-25T14:58:52.548004+00:00,,2026-09-25T14:58:52.549004+00:00,,2026-09-25T14:58:52.550004+00:00,,2026-09-25T14:58:52.551004+00:00,,2026-09-25T14:58:52.553004+00:00,,2026-09-25T14:58:52.541004+00:00,,2026-09-25T14:58:52.556004+00:00,,2026-09-25T14:58:52.557004+00:00,,2026-09-25T14:58:52.558005+00:00,,2026-09-25T14:58:52.559005+00:00,,2026-09-25T14:58:52.560005+00:00,,2026-09-25T14:58:52.561005+00:00,,2026-09-25T14:58:52.562005+00:00,,2026-09-25T14:58:52.563005+00:00,,2026-09-25T14:58:52.564005+00:00,,2026-09-25T14:58:52.565005+00:00,,2026-09-25T14:58:52.567005+00:00,,2026-09-25T14:58:52.568005+00:00,,2026-09-25T14:58:52.569005+00:00,,2026-09-25T14:58:52.570005+00:00,,2026-09-25T14:58:52.587006+00:00,,2026-09-25T14:58:52.573005+00:00,,2026-09-25T14:58:52.575006+00:00,,2026-09-25T14:58:52.576006+00:00,,2026-09-25T14:58:52.577006+00:00,,2026-09-25T14:58:52.579006+00:00,,2026-09-25T14:58:52.580006+00:00,,2026-09-25T14:58:52.581006+00:00,,2026-09-25T14:58:52.583006+00:00,,2026-09-25T14:58:52.584006+00:00,,2026-09-25T14:58:52.599007+00:00,,2026-09-25T14:58:52.572005+00:00,,2026-09-25T14:58:52.588006+00:00,,2026-09-25T14:58:52.589006+00:00,,2026-09-25T14:58:52.591006+00:00,,2026-09-25T14:58:52.592007+00:00,,2026-09-25T14:58:52.593007+00:00,,2026-09-25T14:58:52.595007+00:00,,2026-09-25T14:58:52.596007+00:00,,2026-09-25T14:58:52.597007+00:00,,2026-09-25T14:58:52.598007+00:00,,2026-09-25T14:58:52.600007+00:00,,2026-09-25T14:58:52.601007+00:00,,2026-09-25T14:58:52.602007+00:00,,2026-09-25T14:58:52.603007+00:00,,2026-09-25T14:58:52.604007+00:00,,2026-09-25T14:58:52.605007+00:00,,2026-09-25T14:58:52.606007+00:00,,2026-09-25T14:58:52.607007+00:00,,2026-09-25T14:58:52.608007+00:00,,2026-09-25T14:58:52.609007+00:00,,2026-09-25T14:58:52.610008+00:00,,2026-09-25T14:58:52.622008+00:00,,2026-09-25T14:58:52.623008+00:00,,2026-09-25T14:58:52.613008+00:00,,2026-09-25T14:58:52.614008+00:00,,2026-09-25T14:58:52.615008+00:00,,2026-09-25T14:58:52.616008+00:00,,2026-09-25T14:58:52.617008+00:00,,2026-09-25T14:58:52.618008+00:00,,2026-09-25T14:58:52.619008+00:00,,2026-09-25T14:58:52.620008+00:00,,2026-09-25T14:58:52.621008+00:00,,2026-09-25T14:58:52.611008+00:00,,2026-09-25T14:58:52.612008+00:00,,2026-09-25T14:58:52.624008+00:00,,2026-09-25T14:58:52.625008+00:00,,2026-09-25T14:58:52.626008+00:00,
70,2026-09-25T13:29:47.975578+00:00,2026-09-25T14:58:52.971028+00:00,89.005,2026-09-25T14:58:52.882023+00:00,,2026-09-25T14:58:52.887023+00:00,,2026-09-25T14:58:52.888023+00:00,,2026-09-25T14:58:52.889023+00:00,,2026-09-25T14:58:52.890024+00:00,,2026-09-25T14:58:52.891024+00:00,,2026-09-25T14:58:52.892024+00:00,,2026-09-25T14:58:52.893024+00:00,,2026-09-25T14:58:52.894024+00:00,,2026-09-25T14:58:52.895024+00:00,,2026-09-25T14:58:52.896024+00:00,,2026-09-25T14:58:52.897024+00:00,,2026-09-25T14:58:52.898024+00:00,,2026-09-25T14:58:52.899024+00:00,,2026-09-25T14:58:52.900024+00:00,,2026-09-25T14:58:52.901024+00:00,,2026-09-25T14:58:52.902024+00:00,,2026-09-25T14:58:52.903024+00:00,,2026-09-25T14:58:52.904024+00:00,,2026-09-25T14:58:52.905024+00:00,,2026-09-25T14:58:52.906024+00:00,,2026-09-25T14:58:52.907025+00:00,,2026-09-25T14:58:52.908025+00:00,,2026-09-25T14:58:52.909025+00:00,,2026-09-25T14:58:52.921025+00:00,,2026-09-25T14:58:52.922025+00:00,,2026-09-25T14:58:52.912025+00:00,,2026-09-25T14:58:52.913025+00:00,,2026-09-25T14:58:52.914025+00:00,,2026-09-25T14:58:52.915025+00:00,,2026-09-25T14:58:52.916025+00:00,,2026-09-25T14:58:52.917025+00:00,,2026-09-25T14:58:52.918025+00:00,,2026-09-25T14:58:52.919025+00:00,,2026-09-25T14:58:52.920025+00:00,,2026-09-25T14:58:52.910025+00:00,,2026-09-25T14:58:52.911025+00:00,,2026-09-25T14:58:52.923025+00:00,,2026-09-25T14:58:52.924025+00:00,,2026-09-25T14:58:52.925026+00:00,,2026-09-25T14:58:52.926026+00:00,,2026-09-25T14:58:52.927026+00:00,,2026-09-25T14:58:52.928026+00:00,,2026-09-25T14:58:52.929026+00:00,,2026-09-25T14:58:52.930026+00:00,,2026-09-25T14:58:52.931026+00:00,,2026-09-25T14:58:52.932026+00:00,,2026-09-25T14:58:52.933026+00:00,,2026-09-25T14:58:52.934026+00:00,,2026-09-25T14:58:52.948027+00:00,,2026-09-25T14:58:52.936026+00:00,,2026-09-25T14:58:52.937026+00:00,,2026-09-25T14:58:52.938026+00:00,,2026-09-25T14:58:52.939026+00:00,,2026-09-25T14:58:52.940026+00:00,,2026-09-25T14:58:52.941026+00:00,,2026-09-25T14:58:52.942027+00:00,,2026-09-25T14:58:52.943027+00:00,,2026-09-25T14:58:52.946027+00:00,,2026-09-25T14:58:52.947027+00:00,,2026-09-25T14:58:52.949027+00:00,,2026-09-25T14:58:52.950027+00:00,,2026-09-25T14:58:52.951027+00:00,,2026-09-25T14:58:52.952027+00:00,,2026-09-25T14:58:52.953027+00:00,,2026-09-25T14:58:52.954027+00:00,,2026-09-25T14:58:52.955027+00:00,,2026-09-25T14:58:52.956027+00:00,,2026-09-25T14:58:52.957027+00:00,,2026-09-25T14:58:52.958027+00:00,,2026-09-25T14:58:52.959027+00:00,,2026-09-25T14:58:52.960028+00:00,,2026-09-25T14:58:52.961028+00:00,,2026-09-25T14:58:52.962028+00:00,,2026-09-25T14:58:52.963028+00:00,,2026-09-25T14:58:52.964028+00:00,,2026-09-25T14:58:52.965028+00:00,,2026-09-25T14:58:52.966028+00:00,,2026-09-25T14:58:52.967028+00:00,,2026-09-25T14:58:52.968028+00:00,,2026-09-25T14:58:52.969028+00:00,,2026-09-25T14:58:52.970028+00:00,,2026-09-25T14:58:52.971028+00:00,
71,2026-09-25T13:29:48.321970+00:00,2026-09-25T14:58:53.317048+00:00,92.00500000000001,2026-09-25T14:58:53.225043+00:00,,2026-09-25T14:58:53.234043+00:00,,2026-09-25T14:58:53.235043+00:00,,2026-09-25T14:58:53.236043+00:00,,2026-09-25T14:58:53.237043+00:00,,2026-09-25T14:58:53.238043+00:00,,2026-09-25T14:58:53.239044+00:00,,2026-09-25T14:58:53.240044+00:00,,2026-09-25T14:58:53.241044+00:00,,2026-09-25T14:58:53.242044+00:00,,2026-09-25T14:58:53.243044+00:00,,2026-09-25T14:58:53.244044+00:00,,2026-09-25T14:58:53.245044+00:00,,2026-09-25T14:58:53.247044+00:00,,2026-09-25T14:58:53.248044+00:00,,2026-09-25T14:58:53.249044+00:00,,2026-09-25T14:58:53.250044+00:00,,2026-09-25T14:58:53.251044+00:00,,2026-09-25T14:58:53.252044+00:00,,2026-09-25T14:58:53.253044+00:00,,2026-09-25T14:58:53.254044+00:00,,2026-09-25T14:58:53.255044+00:00,,2026-09-25T14:58:53.256044+00:00,,2026-09-25T14:58:53.268045+00:00,,2026-09-25T14:58:53.269045+00:00,,2026-09-25T14:58:53.259045+00:00,,2026-09-25T14:58:53.260045+00:00,,2026-09-25T14:58:53.261045+00:00,,2026-09-25T14:58:53.262045+00:00,,2026-09-25T14:58:53.263045+00:00,,2026-09-25T14:58:53.264045+00:00,,2026-09-25T14:58:53.265045+00:00,,2026-09-25T14:58:53.266045+00:00,,2026-09-25T14:58:53.267045+00:00,,2026-09-25T14:58:53.257045+00:00,,2026-09-25T14:58:53.258045+00:00,,2026-09-25T14:58:53.270045+00:00,,2026-09-25T14:58:53.271045+00:00,,2026-09-25T14:58:53.272045+00:00,,2026-09-25T14:58:53.273045+00:00,,2026-09-25T14:58:53.274046+00:00,,2026-09-25T14:58:53.275046+00:00,,2026-09-25T14:58:53.276046+00:00,,2026-09-25T14:58:53.277046+00:00,,2026-09-25T14:58:53.278046+00:00,,2026-09-25T14:58:53.279046+00:00,,2026-09-25T14:58:53.291046+00:00,,2026-09-25T14:58:53.281046+00:00,,2026-09-25T14:58:53.282046+00:00,,2026-09-25T14:58:53.283046+00:00,,2026-09-25T14:58:53.284046+00:00,,2026-09-25T14:58:53.296047+00:00,,2026-09-25T14:58:53.286046+00:00,,2026-09-25T14:58:53.287046+00:00,,2026-09-25T14:58:53.288046+00:00,,2026-09-25T14:58:53.289046+00:00,,2026-09-25T14:58:53.290046+00:00,,2026-09-25T14:58:53.280046+00:00,,2026-09-25T14:58:53.292047+00:00,,2026-09-25T14:58:53.293047+00:00,,2026-09-25T14:58:53.294047+00:00,,2026-09-25T14:58:53.295047+00:00,,2026-09-25T14:58:53.297047+00:00,,2026-09-25T14:58:53.298047+00:00,,2026-09-25T14:58:53.299047+00:00,,2026-09-25T14:58:53.300047+00:00,,2026-09-25T14:58:53.301047+00:00,,2026-09-25T14:58:53.302047+00:00,,2026-09-25T14:58:53.303047+00:00,,2026-09-25T14:58:53.304047+00:00,,2026-09-25T14:58:53.305047+00:00,,2026-09-25T14:58:53.306047+00:00,,2026-09-25T14:58:53.307047+00:00,,2026-09-25T14:58:53.308047+00:00,,2026-09-25T14:58:53.309048+00:00,,2026-09-25T14:58:53.310048+00:00,,2026-09-25T14:58:53.311048+00:00,,2026-09-25T14:58:53.312048+00:00,,2026-09-25T14:58:53.313048+00:00,,2026-09-25T14:58:53.314048+00:00,,2026-09-25T14:58:53.315048+00:00,,2026-09-25T14:58:53.316048+00:00,,2026-09-25T14:58:53.317048+00:00,
72,2026-09-25T13:29:48.673120+00:00,2026-09-25T14:58:53.667068+00:00,92.00500000000001,2026-09-25T14:58:53.575063+00:00,,2026-09-25T14:58:53.584063+00:00,,2026-09-25T14:58:53.585063+00:00,,2026-09-25T14:58:53.586063+00:00,,2026-09-25T14:58:53.587063+00:00,,2026-09-25T14:58:53.588063+00:00,,2026-09-25T14:58:53.589064+00:00,,2026-09-25T14:58:53.590064+00:00,,2026-09-25T14:58:53.591064+00:00,,2026-09-25T14:58:53.593064+00:00,,2026-09-25T14:58:53.594064+00:00,,2026-09-25T14:58:53.595064+00:00,,2026-09-25T14:58:53.596064+00:00,,2026-09-25T14:58:53.597064+00:00,,2026-09-25T14:58:53.598064+00:00,,2026-09-25T14:58:53.599064+00:00,,2026-09-25T14:58:53.600064+00:00,,2026-09-25T14:58:53.601064+00:00,,2026-09-25T14:58:53.602064+00:00,,2026-09-25T14:58:53.603064+00:00,,2026-09-25T14:58:53.604064+00:00,,2026-09-25T14:58:53.605064+00:00,,2026-09-25T14:58:53.606065+00:00,,2026-09-25T14:58:53.607065+00:00,,2026-09-25T14:58:53.608065+00:00,,2026-09-25T14:58:53.609065+00:00,,2026-09-25T14:58:53.610065+00:00,,2026-09-25T14:58:53.611065+00:00,,2026-09-25T14:58:53.612065+00:00,,2026-09-25T14:58:53.613065+00:00,,2026-09-25T14:58:53.614065+00:00,,2026-09-25T14:58:53.615065+00:00,,2026-09-25T14:58:53.616065+00:00,,2026-09-25T14:58:53.617065+00:00,,2026-09-25T14:58:53.618065+00:00,,2026-09-25T14:58:53.619065+00:00,,2026-09-25T14:58:53.620065+00:00,,2026-09-25T14:58:53.621065+00:00,,2026-09-25T14:58:53.622065+00:00,,2026-09-25T14:58:53.623065+00:00,,2026-09-25T14:58:53.624066+00:00,,2026-09-25T14:58:53.625066+00:00,,2026-09-25T14:58:53.626066+00:00,,2026-09-25T14:58:53.627066+00:00,,2026-09-25T14:58:53.628066+00:00,,2026-09-25T14:58:53.629066+00:00,,2026-09-25T14:58:53.630066+00:00,,2026-09-25T14:58:53.642067+00:00,,2026-09-25T14:58:53.632066+00:00,,2026-09-25T14:58:53.633066+00:00,,2026-09-25T14:58:53.634066+00:00,,2026-09-25T14:58:53.646067+00:00,,2026-09-25T14:58:53.636066+00:00,,2026-09-25T14:58:53.637066+00:00,,2026-09-25T14:58:53.638066+00:00,,2026-09-25T14:58:53.639066+00:00,,2026-09-25T14:58:53.640066+00:00,,2026-09-25T14:58:53.641067+00:00,,2026-09-25T14:58:53.631066+00:00,,2026-09-25T14:58:53.643067+00:00,,2026-09-25T14:58:53.644067+00:00,,2026-09-25T14:58:53.645067+00:00,,2026-09-25T14:58:53.647067+00:00,,2026-09-25T14:58:53.648067+00:00,,2026-09-25T14:58:53.649067+00:00,,2026-09-25T14:58:53.650067+00:00,,2026-09-25T14:58:53.651067+00:00,,2026-09-25T14:58:53.652067+00:00,,2026-09-25T14:58:53.653067+00:00,,2026-09-25T14:58:53.654067+00:00,,2026-09-25T14:58:53.655067+00:00,,2026-09-25T14:58:53.656067+00:00,,2026-09-25T14:58:53.657067+00:00,,2026-09-25T14:58:53.658067+00:00,,2026-09-25T14:58:53.659068+00:00,,2026-09-25T14:58:53.660068+00:00,,2026-09-25T14:58:53.661068+00:00,,2026-09-25T14:58:53.662068+00:00,,2026-09-25T14:58:53.663068+00:00,,2026-09-25T14:58:53.664068+00:00,,2026-09-25T14:58:53.665068+00:00,,2026-09-25T14:58:53.666068+00:00,,2026-09-25T14:58:53.667068+00:00,
73,2026-09-25T13:29:49.033364+00:00,2026-09-25T14:58:54.030089+00:00,90.005,2026-09-25T14:58:53.940084+00:00,,2026-09-25T14:58:53.947084+00:00,,2026-09-25T14:58:53.948084+00:00,,2026-09-25T14:58:53.949084+00:00,,2026-09-25T14:58:53.950084+00:00,,2026-09-25T14:58:53.951084+00:00,,2026-09-25T14:58:53.952084+00:00,,2026-09-25T14:58:53.965085+00:00,,2026-09-25T14:58:53.954084+00:00,,2026-09-25T14:58:53.955084+00:00,,2026-09-25T14:58:53.956085+00:00,,2026-09-25T14:58:53.957085+00:00,,2026-09-25T14:58:53.958085+00:00,,2026-09-25T14:58:53.971085+00:00,,2026-09-25T14:58:53.961085+00:00,,2026-09-25T14:58:53.962085+00:00,,2026-09-25T14:58:53.963085+00:00,,2026-09-25T14:58:53.964085+00:00,,2026-09-25T14:58:53.953084+00:00,,2026-09-25T14:58:53.966085+00:00,,2026-09-25T14:58:53.967085+00:00,,2026-09-25T14:58:53.968085+00:00,,2026-09-25T14:58:53.969085+00:00,,2026-09-25T14:58:53.970085+00:00,,2026-09-25T14:58:53.960085+00:00,,2026-09-25T14:58:53.972085+00:00,,2026-09-25T14:58:53.973085+00:00,,2026-09-25T14:58:53.974086+00:00,,2026-09-25T14:58:53.975086+00:00,,2026-09-25T14:58:53.976086+00:00,,2026-09-25T14:58:53.977086+00:00,,2026-09-25T14:58:53.978086+00:00,,2026-09-25T14:58:53.979086+00:00,,2026-09-25T14:58:53.980086+00:00,,2026-09-25T14:58:53.981086+00:00,,2026-09-25T14:58:53.982086+00:00,,2026-09-25T14:58:53.983086+00:00,,2026-09-25T14:58:53.984086+00:00,,2026-09-25T14:58:53.996087+00:00,,2026-09-25T14:58:53.986086+00:00,,2026-09-25T14:58:53.987086+00:00,,2026-09-25T14:58:53.988086+00:00,,2026-09-25T14:58:53.989086+00:00,,2026-09-25T14:58:53.990086+00:00,,2026-09-25T14:58:53.991087+00:00,,2026-09-25T14:58:53.992087+00:00,,2026-09-25T14:58:53.993087+00:00,,2026-09-25T14:58:53.994087+00:00,,2026-09-25T14:58:53.995087+00:00,,2026-09-25T14:58:53.997087+00:00,,2026-09-25T14:58:53.998087+00:00,,2026-09-25T14:58:53.999087+00:00,,2026-09-25T14:58:54.000087+00:00,,2026-09-25T14:58:54.001087+00:00,,2026-09-25T14:58:54.002087+00:00,,2026-09-25T14:58:54.003087+00:00,,2026-09-25T14:58:54.004087+00:00,,2026-09-25T14:58:54.005087+00:00,,2026-09-25T14:58:54.006087+00:00,,2026-09-25T14:58:54.007087+00:00,,2026-09-25T14:58:54.008087+00:00,,2026-09-25T14:58:54.009088+00:00,,2026-09-25T14:58:54.010088+00:00,,2026-09-25T14:58:54.011088+00:00,,2026-09-25T14:58:54.012088+00:00,,2026-09-25T14:58:54.013088+00:00,,2026-09-25T14:58:54.014088+00:00,,2026-09-25T14:58:54.015088+00:00,,2026-09-25T14:58:54.027089+00:00,,2026-09-25T14:58:54.017088+00:00,,2026-09-25T14:58:54.018088+00:00,,2026-09-25T14:58:54.019088+00:00,,2026-09-25T14:58:54.020088+00:00,,2026-09-25T14:58:54.021088+00:00,,2026-09-25T14:58:54.022088+00:00,,2026-09-25T14:58:54.023088+00:00,,2026-09-25T14:58:54.024088+00:00,,2026-09-25T14:58:54.025088+00:00,,2026-09-25T14:58:54.026089+00:00,,2026-09-25T14:58:54.016088+00:00,,2026-09-25T14:58:54.028089+00:00,,2026-09-25T14:58:54.029089+00:00,,2026-09-25T14:58:54.030089+00:00,
74,2026-09-25T13:29:49.374334+00:00,2026-09-25T14:58:54.370108+00:00,86.005,2026-09-25T14:58:54.284103+00:00,,2026-09-25T14:58:54.287103+00:00,,2026-09-25T14:58:54.288104+00:00,,2026-09-25T14:58:54.290104+00:00,,2026-09-25T14:58:54.291104+00:00,,2026-09-25T14:58:54.292104+00:00,,2026-09-25T14:58:54.293104+00:00,,2026-09-25T14:58:54.294104+00:00,,2026-09-25T14:58:54.297104+00:00,,2026-09-25T14:58:54.295104+00:00,,2026-09-25T14:58:54.296104+00:00,,2026-09-25T14:58:54.298104+00:00,,2026-09-25T14:58:54.299104+00:00,,2026-09-25T14:58:54.300104+00:00,,2026-09-25T14:58:54.301104+00:00,,2026-09-25T14:58:54.302104+00:00,,2026-09-25T14:58:54.303104+00:00,,2026-09-25T14:58:54.304104+00:00,,2026-09-25T14:58:54.305104+00:00,,2026-09-25T14:58:54.306105+00:00,,2026-09-25T14:58:54.307105+00:00,,2026-09-25T14:58:54.308105+00:00,,2026-09-25T14:58:54.309105+00:00,,2026-09-25T14:58:54.310105+00:00,,2026-09-25T14:58:54.311105+00:00,,2026-09-25T14:58:54.312105+00:00,,2026-09-25T14:58:54.313105+00:00,,2026-09-25T14:58:54.314105+00:00,,2026-09-25T14:58:54.315105+00:00,,2026-09-25T14:58:54.316105+00:00,,2026-09-25T14:58:54.317105+00:00,,2026-09-25T14:58:54.329106+00:00,,2026-09-25T14:58:54.319105+00:00,,2026-09-25T14:58:54.320105+00:00,,2026-09-25T14:58:54.321105+00:00,,2026-09-25T14:58:54.322105+00:00,,2026-09-25T14:58:54.323106+00:00,,2026-09-25T14:58:54.324106+00:00,,2026-09-25T14:58:54.325106+00:00,,2026-09-25T14:58:54.326106+00:00,,2026-09-25T14:58:54.327106+00:00,,2026-09-25T14:58:54.328106+00:00,,2026-09-25T14:58:54.318105+00:00,,2026-09-25T14:58:54.330106+00:00,,2026-09-25T14:58:54.331106+00:00,,2026-09-25T14:58:54.332106+00:00,,2026-09-25T14:58:54.333106+00:00,,2026-09-25T14:58:54.334106+00:00,,2026-09-25T14:58:54.335106+00:00,,2026-09-25T14:58:54.336106+00:00,,2026-09-25T14:58:54.337106+00:00,,2026-09-25T14:58:54.338106+00:00,,2026-09-25T14:58:54.339106+00:00,,2026-09-25T14:58:54.340106+00:00,,2026-09-25T14:58:54.341107+00:00,,2026-09-25T14:58:54.342107+00:00,,2026-09-25T14:58:54.343107+00:00,,2026-09-25T14:58:54.344107+00:00,,2026-09-25T14:58:54.346107+00:00,,2026-09-25T14:58:54.347107+00:00,,2026-09-25T14:58:54.348107+00:00,,2026-09-25T14:58:54.349107+00:00,,2026-09-25T14:58:54.350107+00:00,,2026-09-25T14:58:54.351107+00:00,,2026-09-25T14:58:54.352107+00:00,,2026-09-25T14:58:54.353107+00:00,,2026-09-25T14:58:54.354107+00:00,,2026-09-25T14:58:54.355107+00:00,,2026-09-25T14:58:54.356107+00:00,,2026-09-25T14:58:54.357107+00:00,,2026-09-25T14:58:54.358108+00:00,,2026-09-25T14:58:54.359108+00:00,,2026-09-25T14:58:54.360108+00:00,,2026-09-25T14:58:54.361108+00:00,,2026-09-25T14:58:54.362108+00:00,,2026-09-25T14:58:54.363108+00:00,,2026-09-25T14:58:54.364108+00:00,,2026-09-25T14:58:54.365108+00:00,,2026-09-25T14:58:54.366108+00:00,,2026-09-25T14:58:54.367108+00:00,,2026-09-25T14:58:54.368108+00:00,,2026-09-25T14:58:54.369108+00:00,,2026-09-25T14:58:54.370108+00:00,
75,2026-09-25T13:29:49.744853+00:00,2026-09-25T14:58:54.732129+00:00,107.006,2026-09-25T14:58:54.625123+00:00,,2026-09-25T14:58:54.650124+00:00,,2026-09-25T14:58:54.651124+00:00,,2026-09-25T14:58:54.652124+00:00,,2026-09-25T14:58:54.653124+00:00,,2026-09-25T14:58:54.654124+00:00,,2026-09-25T14:58:54.655125+00:00,,2026-09-25T14:58:54.656125+00:00,,2026-09-25T14:58:54.657125+00:00,,2026-09-25T14:58:54.658125+00:00,,2026-09-25T14:58:54.659125+00:00,,2026-09-25T14:58:54.660125+00:00,,2026-09-25T14:58:54.661125+00:00,,2026-09-25T14:58:54.662125+00:00,,2026-09-25T14:58:54.663125+00:00,,2026-09-25T14:58:54.664125+00:00,,2026-09-25T14:58:54.665125+00:00,,2026-09-25T14:58:54.666125+00:00,,2026-09-25T14:58:54.667125+00:00,,2026-09-25T14:58:54.668125+00:00,,2026-09-25T14:58:54.669125+00:00,,2026-09-25T14:58:54.670125+00:00,,2026-09-25T14:58:54.671125+00:00,,2026-09-25T14:58:54.672125+00:00,,2026-09-25T14:58:54.673126+00:00,,2026-09-25T14:58:54.674126+00:00,,2026-09-25T14:58:54.675126+00:00,,2026-09-25T14:58:54.687126+00:00,,2026-09-25T14:58:54.677126+00:00,,2026-09-25T14:58:54.678126+00:00,,2026-09-25T14:58:54.679126+00:00,,2026-09-25T14:58:54.680126+00:00,,2026-09-25T14:58:54.681126+00:00,,2026-09-25T14:58:54.682126+00:00,,2026-09-25T14:58:54.683126+00:00,,2026-09-25T14:58:54.695127+00:00,,2026-09-25T14:58:54.685126+00:00,,2026-09-25T14:58:54.686126+00:00,,2026-09-25T14:58:54.676126+00:00,,2026-09-25T14:58:54.688126+00:00,,2026-09-25T14:58:54.689126+00:00,,2026-09-25T14:58:54.690127+00:00,,2026-09-25T14:58:54.691127+00:00,,2026-09-25T14:58:54.692127+00:00,,2026-09-25T14:58:54.693127+00:00,,2026-09-25T14:58:54.694127+00:00,,2026-09-25T14:58:54.696127+00:00,,2026-09-25T14:58:54.697127+00:00,,2026-09-25T14:58:54.698127+00:00,,2026-09-25T14:58:54.699127+00:00,,2026-09-25T14:58:54.700127+00:00,,2026-09-25T14:58:54.701127+00:00,,2026-09-25T14:58:54.702127+00:00,,2026-09-25T14:58:54.703127+00:00,,2026-09-25T14:58:54.704127+00:00,,2026-09-25T14:58:54.705127+00:00,,2026-09-25T14:58:54.706127+00:00,,2026-09-25T14:58:54.707127+00:00,,2026-09-25T14:58:54.708128+00:00,,2026-09-25T14:58:54.709128+00:00,,2026-09-25T14:58:54.710128+00:00,,2026-09-25T14:58:54.711128+00:00,,2026-09-25T14:58:54.712128+00:00,,2026-09-25T14:58:54.713128+00:00,,2026-09-25T14:58:54.714128+00:00,,2026-09-25T14:58:54.715128+00:00,,2026-09-25T14:58:54.716128+00:00,,2026-09-25T14:58:54.717128+00:00,,2026-09-25T14:58:54.718128+00:00,,2026-09-25T14:58:54.719128+00:00,,2026-09-25T14:58:54.720128+00:00,,2026-09-25T14:58:54.721128+00:00,,2026-09-25T14:58:54.722128+00:00,,2026-09-25T14:58:54.723128+00:00,,2026-09-25T14:58:54.724128+00:00,,2026-09-25T14:58:54.725129+00:00,,2026-09-25T14:58:54.726129+00:00,,2026-09-25T14:58:54.727129+00:00,,2026-09-25T14:58:54.728129+00:00,,2026-09-25T14:58:54.729129+00:00,,2026-09-25T14:58:54.730129+00:00,,2026-09-25T14:58:54.731129+00:00,,2026-09-25T14:58:54.732129+00:00,
76,2026-09-25T13:29:50.090540+00:00,2026-09-25T14:58:55.087149+00:00,91.005,2026-09-25T14:58:54.996144+00:00,,2026-09-25T14:58:55.004144+00:00,,2026-09-25T14:58:55.005145+00:00,,2026-09-25T14:58:55.006145+00:00,,2026-09-25T14:58:55.007145+00:00,,2026-09-25T14:58:55.008145+00:00,,2026-09-25T14:58:55.009145+00:00,,2026-09-25T14:58:55.010145+00:00,,2026-09-25T14:58:55.011145+00:00,,2026-09-25T14:58:55.012145+00:00,,2026-09-25T14:58:55.013145+00:00,,2026-09-25T14:58:55.014145+00:00,,2026-09-25T14:58:55.015145+00:00,,2026-09-25T14:58:55.016145+00:00,,2026-09-25T14:58:55.017145+00:00,,2026-09-25T14:58:55.018145+00:00,,2026-09-25T14:58:55.019145+00:00,,2026-09-25T14:58:55.020145+00:00,,2026-09-25T14:58:55.021145+00:00,,2026-09-25T14:58:55.022145+00:00,,2026-09-25T14:58:55.023146+00:00,,2026-09-25T14:58:55.035146+00:00,,2026-09-25T14:58:55.025146+00:00,,2026-09-25T14:58:55.026146+00:00,,2026-09-25T14:58:55.027146+00:00,,2026-09-25T14:58:55.028146+00:00,,2026-09-25T14:58:55.029146+00:00,,2026-09-25T14:58:55.030146+00:00,,2026-09-25T14:58:55.031146+00:00,,2026-09-25T14:58:55.032146+00:00,,2026-09-25T14:58:55.033146+00:00,,2026-09-25T14:58:55.045147+00:00,,2026-09-25T14:58:55.024146+00:00,,2026-09-25T14:58:55.036146+00:00,,2026-09-25T14:58:55.037146+00:00,,2026-09-25T14:58:55.038146+00:00,,2026-09-25T14:58:55.039146+00:00,,2026-09-25T14:58:55.040147+00:00,,2026-09-25T14:58:55.041147+00:00,,2026-09-25T14:58:55.042147+00:00,,2026-09-25T14:58:55.043147+00:00,,2026-09-25T14:58:55.044147+00:00,,2026-09-25T14:58:55.046147+00:00,,2026-09-25T14:58:55.047147+00:00,,2026-09-25T14:58:55.048147+00:00,,2026-09-25T14:58:55.049147+00:00,,2026-09-25T14:58:55.050147+00:00,,2026-09-25T14:58:55.051147+00:00,,2026-09-25T14:58:55.052147+00:00,,2026-09-25T14:58:55.064148+00:00,,2026-09-25T14:58:55.054147+00:00,,2026-09-25T14:58:55.055147+00:00,,2026-09-25T14:58:55.056147+00:00,,2026-09-25T14:58:55.057147+00:00,,2026-09-25T14:58:55.058148+00:00,,2026-09-25T14:58:55.059148+00:00,,2026-09-25T14:58:55.060148+00:00,,2026-09-25T14:58:55.061148+00:00,,2026-09-25T14:58:55.062148+00:00,,2026-09-25T14:58:55.063148+00:00,,2026-09-25T14:58:55.053147+00:00,,2026-09-25T14:58:55.065148+00:00,,2026-09-25T14:58:55.066148+00:00,,2026-09-25T14:58:55.067148+00:00,,2026-09-25T14:58:55.068148+00:00,,2026-09-25T14:58:55.069148+00:00,,2026-09-25T14:58:55.070148+00:00,,2026-09-25T14:58:55.071148+00:00,,2026-09-25T14:58:55.072148+00:00,,2026-09-25T14:58:55.073148+00:00,,2026-09-25T14:58:55.074148+00:00,,2026-09-25T14:58:55.075149+00:00,,2026-09-25T14:58:55.076149+00:00,,2026-09-25T14:58:55.077149+00:00,,2026-09-25T14:58:55.078149+00:00,,2026-09-25T14:58:55.079149+00:00,,2026-09-25T14:58:55.080149+00:00,,2026-09-25T14:58:55.081149+00:00,,2026-09-25T14:58:55.082149+00:00,,2026-09-25T14:58:55.083149+00:00,,2026-09-25T14:58:55.087149+00:00,,2026-09-25T14:58:55.085149+00:00,,2026-09-25T14:58:55.086149+00:00,
77,2026-09-25T13:29:50.460666+00:00,2026-09-25T14:58:55.429169+00:00,87.005,2026-09-25T14:58:55.342164+00:00,,2026-09-25T14:58:55.347164+00:00,,2026-09-25T14:58:55.348164+00:00,,2026-09-25T14:58:55.349164+00:00,,2026-09-25T14:58:55.350164+00:00,,2026-09-25T14:58:55.351164+00:00,,2026-09-25T14:58:55.352164+00:00,,2026-09-25T14:58:55.353164+00:00,,2026-09-25T14:58:55.354164+00:00,,2026-09-25T14:58:55.355165+00:00,,2026-09-25T14:58:55.356165+00:00,,2026-09-25T14:58:55.357165+00:00,,2026-09-25T14:58:55.358165+00:00,,2026-09-25T14:58:55.359165+00:00,,2026-09-25T14:58:55.360165+00:00,,2026-09-25T14:58:55.361165+00:00,,2026-09-25T14:58:55.362165+00:00,,2026-09-25T14:58:55.374166+00:00,,2026-09-25T14:58:55.364165+00:00,,2026-09-25T14:58:55.365165+00:00,,2026-09-25T14:58:55.366165+00:00,,2026-09-25T14:58:55.367165+00:00,,2026-09-25T14:58:55.368165+00:00,,2026-09-25T14:58:55.369165+00:00,,2026-09-25T14:58:55.370165+00:00,,2026-09-25T14:58:55.371165+00:00,,2026-09-25T14:58:55.372166+00:00,,2026-09-25T14:58:55.373166+00:00,,2026-09-25T14:58:55.363165+00:00,,2026-09-25T14:58:55.375166+00:00,,2026-09-25T14:58:55.376166+00:00,,2026-09-25T14:58:55.377166+00:00,,2026-09-25T14:58:55.378166+00:00,,2026-09-25T14:58:55.379166+00:00,,2026-09-25T14:58:55.380166+00:00,,2026-09-25T14:58:55.381166+00:00,,2026-09-25T14:58:55.382166+00:00,,2026-09-25T14:58:55.383166+00:00,,2026-09-25T14:58:55.395167+00:00,,2026-09-25T14:58:55.385166+00:00,,2026-09-25T14:58:55.386166+00:00,,2026-09-25T14:58:55.387166+00:00,,2026-09-25T14:58:55.388166+00:00,,2026-09-25T14:58:55.400167+00:00,,2026-09-25T14:58:55.390167+00:00,,2026-09-25T14:58:55.391167+00:00,,2026-09-25T14:58:55.392167+00:00,,2026-09-25T14:58:55.393167+00:00,,2026-09-25T14:58:55.394167+00:00,,2026-09-25T14:58:55.396167+00:00,,2026-09-25T14:58:55.397167+00:00,,2026-09-25T14:58:55.409168+00:00,,2026-09-25T14:58:55.399167+00:00,,2026-09-25T14:58:55.389166+00:00,,2026-09-25T14:58:55.401167+00:00,,2026-09-25T14:58:55.402167+00:00,,2026-09-25T14:58:55.403167+00:00,,2026-09-25T14:58:55.404167+00:00,,2026-09-25T14:58:55.405167+00:00,,2026-09-25T14:58:55.406167+00:00,,2026-09-25T14:58:55.407168+00:00,,2026-09-25T14:58:55.408168+00:00,,2026-09-25T14:58:55.398167+00:00,,2026-09-25T14:58:55.410168+00:00,,2026-09-25T14:58:55.411168+00:00,,2026-09-25T14:58:55.412168+00:00,,2026-09-25T14:58:55.413168+00:00,,2026-09-25T14:58:55.414168+00:00,,2026-09-25T14:58:55.415168+00:00,,2026-09-25T14:58:55.416168+00:00,,2026-09-25T14:58:55.417168+00:00,,2026-09-25T14:58:55.418168+00:00,,2026-09-25T14:58:55.419168+00:00,,2026-09-25T14:58:55.420168+00:00,,2026-09-25T14:58:55.421168+00:00,,2026-09-25T14:58:55.422168+00:00,,2026-09-25T14:58:55.423168+00:00,,2026-09-25T14:58:55.424168+00:00,,2026-09-25T14:58:55.425169+00:00,,2026-09-25T14:58:55.426169+00:00,,2026-09-25T14:58:55.427169+00:00,,2026-09-25T14:58:55.428169+00:00,,2026-09-25T14:58:55.429169+00:00,
78,2026-09-25T13:29:50.809841+00:00,2026-09-25T14:58:55.804190+00:00,89.005,2026-09-25T14:58:55.715185+00:00,,2026-09-25T14:58:55.721185+00:00,,2026-09-25T14:58:55.722186+00:00,,2026-09-25T14:58:55.723186+00:00,,2026-09-25T14:58:55.724186+00:00,,2026-09-25T14:58:55.725186+00:00,,2026-09-25T14:58:55.726186+00:00,,2026-09-25T14:58:55.727186+00:00,,2026-09-25T14:58:55.728186+00:00,,2026-09-25T14:58:55.729186+00:00,,2026-09-25T14:58:55.730186+00:00,,2026-09-25T14:58:55.731186+00:00,,2026-09-25T14:58:55.732186+00:00,,2026-09-25T14:58:55.733186+00:00,,2026-09-25T14:58:55.734186+00:00,,2026-09-25T14:58:55.735186+00:00,,2026-09-25T14:58:55.736186+00:00,,2026-09-25T14:58:55.737186+00:00,,2026-09-25T14:58:55.738186+00:00,,2026-09-25T14:58:55.739187+00:00,,2026-09-25T14:58:55.740187+00:00,,2026-09-25T14:58:55.741187+00:00,,2026-09-25T14:58:55.742187+00:00,,2026-09-25T14:58:55.743187+00:00,,2026-09-25T14:58:55.745187+00:00,,2026-09-25T14:58:55.746187+00:00,,2026-09-25T14:58:55.747187+00:00,,2026-09-25T14:58:55.759188+00:00,,2026-09-25T14:58:55.749187+00:00,,2026-09-25T14:58:55.750187+00:00,,2026-09-25T14:58:55.751187+00:00,,2026-09-25T14:58:55.752187+00:00,,2026-09-25T14:58:55.753187+00:00,,2026-09-25T14:58:55.754187+00:00,,2026-09-25T14:58:55.755187+00:00,,2026-09-25T14:58:55.756187+00:00,,2026-09-25T14:58:55.768188+00:00,,2026-09-25T14:58:55.769188+00:00,,2026-09-25T14:58:55.748187+00:00,,2026-09-25T14:58:55.760188+00:00,,2026-09-25T14:58:55.761188+00:00,,2026-09-25T14:58:55.762188+00:00,,2026-09-25T14:58:55.763188+00:00,,2026-09-25T14:58:55.764188+00:00,,2026-09-25T14:58:55.765188+00:00,,2026-09-25T14:58:55.766188+00:00,,2026-09-25T14:58:55.767188+00:00,,2026-09-25T14:58:55.757188+00:00,,2026-09-25T14:58:55.758188+00:00,,2026-09-25T14:58:55.770188+00:00,,2026-09-25T14:58:55.771188+00:00,,2026-09-25T14:58:55.772188+00:00,,2026-09-25T14:58:55.773188+00:00,,2026-09-25T14:58:55.774189+00:00,,2026-09-25T14:58:55.775189+00:00,,2026-09-25T14:58:55.776189+00:00,,2026-09-25T14:58:55.777189+00:00,,2026-09-25T14:58:55.778189+00:00,,2026-09-25T14:58:55.779189+00:00,,2026-09-25T14:58:55.780189+00:00,,2026-09-25T14:58:55.781189+00:00,,2026-09-25T14:58:55.782189+00:00,,2026-09-25T14:58:55.794190+00:00,,2026-09-25T14:58:55.784189+00:00,,2026-09-25T14:58:55.785189+00:00,,2026-09-25T14:58:55.786189+00:00,,2026-09-25T14:58:55.787189+00:00,,2026-09-25T14:58:55.788189+00:00,,2026-09-25T14:58:55.789189+00:00,,2026-09-25T14:58:55.790189+00:00,,2026-09-25T14:58:55.791189+00:00,,2026-09-25T14:58:55.792190+00:00,,2026-09-25T14:58:55.793190+00:00,,2026-09-25T14:58:55.795190+00:00,,2026-09-25T14:58:55.796190+00:00,,2026-09-25T14:58:55.797190+00:00,,2026-09-25T14:58:55.798190+00:00,,2026-09-25T14:58:55.799190+00:00,,2026-09-25T14:58:55.800190+00:00,,2026-09-25T14:58:55.801190+00:00,,2026-09-25T14:58:55.802190+00:00,,2026-09-25T14:58:55.803190+00:00,,2026-09-25T14:58:55.804190+00:00,
79,2026-09-25T13:29:51.153646+00:00,2026-09-25T14:58:56.150210+00:00,90.005,2026-09-25T14:58:56.060205+00:00,,2026-09-25T14:58:56.066205+00:00,,2026-09-25T14:58:56.068205+00:00,,2026-09-25T14:58:56.069205+00:00,,2026-09-25T14:58:56.070205+00:00,,2026-09-25T14:58:56.071205+00:00,,2026-09-25T14:58:56.072206+00:00,,2026-09-25T14:58:56.073206+00:00,,2026-09-25T14:58:56.074206+00:00,,2026-09-25T14:58:56.075206+00:00,,2026-09-25T14:58:56.076206+00:00,,2026-09-25T14:58:56.077206+00:00,,2026-09-25T14:58:56.078206+00:00,,2026-09-25T14:58:56.079206+00:00,,2026-09-25T14:58:56.080206+00:00,,2026-09-25T14:58:56.081206+00:00,,2026-09-25T14:58:56.082206+00:00,,2026-09-25T14:58:56.094207+00:00,,2026-09-25T14:58:56.084206+00:00,,2026-09-25T14:58:56.085206+00:00,,2026-09-25T14:58:56.086206+00:00,,2026-09-25T14:58:56.087206+00:00,,2026-09-25T14:58:56.088206+00:00,,2026-09-25T14:58:56.089207+00:00,,2026-09-25T14:58:56.090207+00:00,,2026-09-25T14:58:56.091207+00:00,,2026-09-25T14:58:56.092207+00:00,,2026-09-25T14:58:56.093207+00:00,,2026-09-25T14:58:56.095207+00:00,,2026-09-25T14:58:56.096207+00:00,,2026-09-25T14:58:56.097207+00:00,,2026-09-25T14:58:56.098207+00:00,,2026-09-25T14:58:56.099207+00:00,,2026-09-25T14:58:56.100207+00:00,,2026-09-25T14:58:56.101207+00:00,,2026-09-25T14:58:56.102207+00:00,,2026-09-25T14:58:56.103207+00:00,,2026-09-25T14:58:56.104207+00:00,,2026-09-25T14:58:56.105207+00:00,,2026-09-25T14:58:56.106208+00:00,,2026-09-25T14:58:56.107208+00:00,,2026-09-25T14:58:56.108208+00:00,,2026-09-25T14:58:56.109208+00:00,,2026-09-25T14:58:56.110208+00:00,,2026-09-25T14:58:56.111208+00:00,,2026-09-25T14:58:56.112208+00:00,,2026-09-25T14:58:56.113208+00:00,,2026-09-25T14:58:56.114208+00:00,,2026-09-25T14:58:56.115208+00:00,,2026-09-25T14:58:56.116208+00:00,,2026-09-25T14:58:56.117208+00:00,,2026-09-25T14:58:56.118208+00:00,,2026-09-25T14:58:56.119208+00:00,,2026-09-25T14:58:56.131209+00:00,,2026-09-25T14:58:56.121208+00:00,,2026-09-25T14:58:56.122208+00:00,,2026-09-25T14:58:56.123208+00:00,,2026-09-25T14:58:56.124209+00:00,,2026-09-25T14:58:56.125209+00:00,,2026-09-25T14:58:56.126209+00:00,,2026-09-25T14:58:56.127209+00:00,,2026-09-25T14:58:56.128209+00:00,,2026-09-25T14:58:56.129209+00:00,,2026-09-25T14:58:56.130209+00:00,,2026-09-25T14:58:56.120208+00:00,,2026-09-25T14:58:56.132209+00:00,,2026-09-25T14:58:56.144210+00:00,,2026-09-25T14:58:56.134209+00:00,,2026-09-25T14:58:56.135209+00:00,,2026-09-25T14:58:56.136209+00:00,,2026-09-25T14:58:56.137209+00:00,,2026-09-25T14:58:56.138209+00:00,,2026-09-25T14:58:56.139209+00:00,,2026-09-25T14:58:56.140209+00:00,,2026-09-25T14:58:56.141210+00:00,,2026-09-25T14:58:56.142210+00:00,,2026-09-25T14:58:56.143210+00:00,,2026-09-25T14:58:56.145210+00:00,,2026-09-25T14:58:56.146210+00:00,,2026-09-25T14:58:56.147210+00:00,,2026-09-25T14:58:56.148210+00:00,,2026-09-25T14:58:56.149210+00:00,,2026-09-25T14:58:56.150210+00:00,
80,2026-09-25T13:29:51.503255+00:00,2026-09-25T14:58:56.499230+00:00,92.00500000000001,2026-09-25T14:58:56.407225+00:00,,2026-09-25T14:58:56.414225+00:00,,2026-09-25T14:58:56.415225+00:00,,2026-09-25T14:58:56.416225+00:00,,2026-09-25T14:58:56.417225+00:00,,2026-09-25T14:58:56.418225+00:00,,2026-09-25T14:58:56.419225+00:00,,2026-09-25T14:58:56.420225+00:00,,2026-09-25T14:58:56.421226+00:00,,2026-09-25T14:58:56.422226+00:00,,2026-09-25T14:58:56.423226+00:00,,2026-09-25T14:58:56.424226+00:00,,2026-09-25T14:58:56.425226+00:00,,2026-09-25T14:58:56.426226+00:00,,2026-09-25T14:58:56.427226+00:00,,2026-09-25T14:58:56.428226+00:00,,2026-09-25T14:58:56.429226+00:00,,2026-09-25T14:58:56.430226+00:00,,2026-09-25T14:58:56.431226+00:00,,2026-09-25T14:58:56.432226+00:00,,2026-09-25T14:58:56.444227+00:00,,2026-09-25T14:58:56.434226+00:00,,2026-09-25T14:58:56.435226+00:00,,2026-09-25T14:58:56.436226+00:00,,2026-09-25T14:58:56.437226+00:00,,2026-09-25T14:58:56.438226+00:00,,2026-09-25T14:58:56.439227+00:00,,2026-09-25T14:58:56.440227+00:00,,2026-09-25T14:58:56.441227+00:00,,2026-09-25T14:58:56.442227+00:00,,2026-09-25T14:58:56.443227+00:00,,2026-09-25T14:58:56.445227+00:00,,2026-09-25T14:58:56.446227+00:00,,2026-09-25T14:58:56.447227+00:00,,2026-09-25T14:58:56.448227+00:00,,2026-09-25T14:58:56.449227+00:00,,2026-09-25T14:58:56.450227+00:00,,2026-09-25T14:58:56.451227+00:00,,2026-09-25T14:58:56.452227+00:00,,2026-09-25T14:58:56.453227+00:00,,2026-09-25T14:58:56.454227+00:00,,2026-09-25T14:58:56.466228+00:00,,2026-09-25T14:58:56.467228+00:00,,2026-09-25T14:58:56.457228+00:00,,2026-09-25T14:58:56.458228+00:00,,2026-09-25T14:58:56.459228+00:00,,2026-09-25T14:58:56.460228+00:00,,2026-09-25T14:58:56.461228+00:00,,2026-09-25T14:58:56.462228+00:00,,2026-09-25T14:58:56.463228+00:00,,2026-09-25T14:58:56.464228+00:00,,2026-09-25T14:58:56.465228+00:00,,2026-09-25T14:58:56.455227+00:00,,2026-09-25T14:58:56.456228+00:00,,2026-09-25T14:58:56.480229+00:00,,2026-09-25T14:58:56.481229+00:00,,2026-09-25T14:58:56.482229+00:00,,2026-09-25T14:58:56.472228+00:00,,2026-09-25T14:58:56.484229+00:00,,2026-09-25T14:58:56.474229+00:00,,2026-09-25T14:58:56.475229+00:00,,2026-09-25T14:58:56.476229+00:00,,2026-09-25T14:58:56.477229+00:00,,2026-09-25T14:58:56.478229+00:00,,2026-09-25T14:58:56.479229+00:00,,2026-09-25T14:58:56.468228+00:00,,2026-09-25T14:58:56.469228+00:00,,2026-09-25T14:58:56.471228+00:00,,2026-09-25T14:58:56.495230+00:00,,2026-09-25T14:58:56.473228+00:00,,2026-09-25T14:58:56.485229+00:00,,2026-09-25T14:58:56.486229+00:00,,2026-09-25T14:58:56.499230+00:00,,2026-09-25T14:58:56.489229+00:00,,2026-09-25T14:58:56.490229+00:00,,2026-09-25T14:58:56.491230+00:00,,2026-09-25T14:58:56.492230+00:00,,2026-09-25T14:58:56.493230+00:00,,2026-09-25T14:58:56.494230+00:00,,2026-09-25T14:58:56.496230+00:00,,2026-09-25T14:58:56.497230+00:00,,2026-09-25T14:58:56.498230+00:00,,2026-09-25T14:58:56.488229+00:00,
81,2026-09-25T13:29:51.881922+00:00,2026-09-25T14:58:56.852250+00:00,94.00500000000001,2026-09-25T14:58:56.758245+00:00,,2026-09-25T14:58:56.769245+00:00,,2026-09-25T14:58:56.770245+00:00,,2026-09-25T14:58:56.771246+00:00,,2026-09-25T14:58:56.772246+00:00,,2026-09-25T14:58:56.773246+00:00,,2026-09-25T14:58:56.774246+00:00,,2026-09-25T14:58:56.775246+00:00,,2026-09-25T14:58:56.776246+00:00,,2026-09-25T14:58:56.777246+00:00,,2026-09-25T14:58:56.778246+00:00,,2026-09-25T14:58:56.779246+00:00,,2026-09-25T14:58:56.780246+00:00,,2026-09-25T14:58:56.781246+00:00,,2026-09-25T14:58:56.782246+00:00,,2026-09-25T14:58:56.794247+00:00,,2026-09-25T14:58:56.784246+00:00,,2026-09-25T14:58:56.785246+00:00,,2026-09-25T14:58:56.786246+00:00,,2026-09-25T14:58:56.787246+00:00,,2026-09-25T14:58:56.788247+00:00,,2026-09-25T14:58:56.789247+00:00,,2026-09-25T14:58:56.790247+00:00,,2026-09-25T14:58:56.791247+00:00,,2026-09-25T14:58:56.792247+00:00,,2026-09-25T14:58:56.793247+00:00,,2026-09-25T14:58:56.795247+00:00,,2026-09-25T14:58:56.796247+00:00,,2026-09-25T14:58:56.797247+00:00,,2026-09-25T14:58:56.798247+00:00,,2026-09-25T14:58:56.810248+00:00,,2026-09-25T14:58:56.800247+00:00,,2026-09-25T14:58:56.801247+00:00,,2026-09-25T14:58:56.802247+00:00,,2026-09-25T14:58:56.803247+00:00,,2026-09-25T14:58:56.804247+00:00,,2026-09-25T14:58:56.805247+00:00,,2026-09-25T14:58:56.806248+00:00,,2026-09-25T14:58:56.807248+00:00,,2026-09-25T14:58:56.808248+00:00,,2026-09-25T14:58:56.820248+00:00,,2026-09-25T14:58:56.799247+00:00,,2026-09-25T14:58:56.811248+00:00,,2026-09-25T14:58:56.812248+00:00,,2026-09-25T14:58:56.813248+00:00,,2026-09-25T14:58:56.814248+00:00,,2026-09-25T14:58:56.815248+00:00,,2026-09-25T14:58:56.816248+00:00,,2026-09-25T14:58:56.817248+00:00,,2026-09-25T14:58:56.818248+00:00,,2026-09-25T14:58:56.819248+00:00,,2026-09-25T14:58:56.809248+00:00,,2026-09-25T14:58:56.821248+00:00,,2026-09-25T14:58:56.822248+00:00,,2026-09-25T14:58:56.823249+00:00,,2026-09-25T14:58:56.824249+00:00,,2026-09-25T14:58:56.825249+00:00,,2026-09-25T14:58:56.826249+00:00,,2026-09-25T14:58:56.827249+00:00,,2026-09-25T14:58:56.828249+00:00,,2026-09-25T14:58:56.829249+00:00,,2026-09-25T14:58:56.830249+00:00,,2026-09-25T14:58:56.831249+00:00,,2026-09-25T14:58:56.843250+00:00,,2026-09-25T14:58:56.833249+00:00,,2026-09-25T14:58:56.834249+00:00,,2026-09-25T14:58:56.835249+00:00,,2026-09-25T14:58:56.836249+00:00,,2026-09-25T14:58:56.837249+00:00,,2026-09-25T14:58:56.838249+00:00,,2026-09-25T14:58:56.839249+00:00,,2026-09-25T14:58:56.840249+00:00,,2026-09-25T14:58:56.841250+00:00,,2026-09-25T14:58:56.842250+00:00,,2026-09-25T14:58:56.844250+00:00,,2026-09-25T14:58:56.845250+00:00,,2026-09-25T14:58:56.846250+00:00,,2026-09-25T14:58:56.847250+00:00,,2026-09-25T14:58:56.848250+00:00,,2026-09-25T14:58:56.849250+00:00,,2026-09-25T14:58:56.850250+00:00,,2026-09-25T14:58:56.851250+00:00,,2026-09-25T14:58:56.852250+00:00,
82,2026-09-25T13:29:52.270590+00:00,2026-09-25T14:58:57.241272+00:00,107.006,2026-09-25T14:58:57.134266+00:00,,2026-09-25T14:58:57.158268+00:00,,2026-09-25T14:58:57.159268+00:00,,2026-09-25T14:58:57.160268+00:00,,2026-09-25T14:58:57.161268+00:00,,2026-09-25T14:58:57.162268+00:00,,2026-09-25T14:58:57.163268+00:00,,2026-09-25T14:58:57.164268+00:00,,2026-09-25T14:58:57.165268+00:00,,2026-09-25T14:58:57.166268+00:00,,2026-09-25T14:58:57.167268+00:00,,2026-09-25T14:58:57.168268+00:00,,2026-09-25T14:58:57.169268+00:00,,2026-09-25T14:58:57.170268+00:00,,2026-09-25T14:58:57.171268+00:00,,2026-09-25T14:58:57.172268+00:00,,2026-09-25T14:58:57.173269+00:00,,2026-09-25T14:58:57.174269+00:00,,2026-09-25T14:58:57.175269+00:00,,2026-09-25T14:58:57.176269+00:00,,2026-09-25T14:58:57.177269+00:00,,2026-09-25T14:58:57.178269+00:00,,2026-09-25T14:58:57.179269+00:00,,2026-09-25T14:58:57.180269+00:00,,2026-09-25T14:58:57.181269+00:00,,2026-09-25T14:58:57.204270+00:00,,2026-09-25T14:58:57.183269+00:00,,2026-09-25T14:58:57.184269+00:00,,2026-09-25T14:58:57.185269+00:00,,2026-09-25T14:58:57.186269+00:00,,2026-09-25T14:58:57.187269+00:00,,2026-09-25T14:58:57.188269+00:00,,2026-09-25T14:58:57.189269+00:00,,2026-09-25T14:58:57.190270+00:00,,2026-09-25T14:58:57.202270+00:00,,2026-09-25T14:58:57.203270+00:00,,2026-09-25T14:58:57.205270+00:00,,2026-09-25T14:58:57.195270+00:00,,2026-09-25T14:58:57.196270+00:00,,2026-09-25T14:58:57.197270+00:00,,2026-09-25T14:58:57.198270+00:00,,2026-09-25T14:58:57.199270+00:00,,2026-09-25T14:58:57.200270+00:00,,2026-09-25T14:58:57.201270+00:00,,2026-09-25T14:58:57.191270+00:00,,2026-09-25T14:58:57.192270+00:00,,2026-09-25T14:58:57.193270+00:00,,2026-09-25T14:58:57.194270+00:00,,2026-09-25T14:58:57.206270+00:00,,2026-09-25T14:58:57.207270+00:00,,2026-09-25T14:58:57.208271+00:00,,2026-09-25T14:58:57.209271+00:00,,2026-09-25T14:58:57.210271+00:00,,2026-09-25T14:58:57.211271+00:00,,2026-09-25T14:58:57.212271+00:00,,2026-09-25T14:58:57.224271+00:00,,2026-09-25T14:58:57.214271+00:00,,2026-09-25T14:58:57.215271+00:00,,2026-09-25T14:58:57.216271+00:00,,2026-09-25T14:58:57.217271+00:00,,2026-09-25T14:58:57.218271+00:00,,2026-09-25T14:58:57.219271+00:00,,2026-09-25T14:58:57.220271+00:00,,2026-09-25T14:58:57.221271+00:00,,2026-09-25T14:58:57.222271+00:00,,2026-09-25T14:58:57.223271+00:00,,2026-09-25T14:58:57.213271+00:00,,2026-09-25T14:58:57.225272+00:00,,2026-09-25T14:58:57.226272+00:00,,2026-09-25T14:58:57.227272+00:00,,2026-09-25T14:58:57.228272+00:00,,2026-09-25T14:58:57.229272+00:00,,2026-09-25T14:58:57.230272+00:00,,2026-09-25T14:58:57.231272+00:00,,2026-09-25T14:58:57.241272+00:00,,2026-09-25T14:58:57.233272+00:00,,2026-09-25T14:58:57.234272+00:00,,2026-09-25T14:58:57.235272+00:00,,2026-09-25T14:58:57.236272+00:00,,2026-09-25T14:58:57.237272+00:00,,2026-09-25T14:58:57.238272+00:00,,2026-09-25T14:58:57.239272+00:00,,2026-09-25T14:58:57.240272+00:00,
83,2026-09-25T13:29:52.664196+00:00,2026-09-25T14:58:57.647296+00:00,90.006,2026-09-25T14:58:57.557290+00:00,,2026-09-25T14:58:57.564291+00:00,,2026-09-25T14:58:57.565291+00:00,,2026-09-25T14:58:57.566291+00:00,,2026-09-25T14:58:57.567291+00:00,,2026-09-25T14:58:57.568291+00:00,,2026-09-25T14:58:57.569291+00:00,,2026-09-25T14:58:57.570291+00:00,,2026-09-25T14:58:57.571291+00:00,,2026-09-25T14:58:57.583292+00:00,,2026-09-25T14:58:57.573291+00:00,,2026-09-25T14:58:57.574291+00:00,,2026-09-25T14:58:57.575292+00:00,,2026-09-25T14:58:57.576292+00:00,,2026-09-25T14:58:57.577292+00:00,,2026-09-25T14:58:57.578292+00:00,,2026-09-25T14:58:57.579292+00:00,,2026-09-25T14:58:57.580292+00:00,,2026-09-25T14:58:57.581292+00:00,,2026-09-25T14:58:57.593293+00:00,,2026-09-25T14:58:57.572291+00:00,,2026-09-25T14:58:57.584292+00:00,,2026-09-25T14:58:57.585292+00:00,,2026-09-25T14:58:57.586292+00:00,,2026-09-25T14:58:57.587292+00:00,,2026-09-25T14:58:57.588292+00:00,,2026-09-25T14:58:57.589292+00:00,,2026-09-25T14:58:57.590292+00:00,,2026-09-25T14:58:57.591292+00:00,,2026-09-25T14:58:57.592293+00:00,,2026-09-25T14:58:57.594293+00:00,,2026-09-25T14:58:57.595293+00:00,,2026-09-25T14:58:57.596293+00:00,,2026-09-25T14:58:57.597293+00:00,,2026-09-25T14:58:57.598293+00:00,,2026-09-25T14:58:57.599293+00:00,,2026-09-25T14:58:57.600293+00:00,,2026-09-25T14:58:57.601293+00:00,,2026-09-25T14:58:57.602293+00:00,,2026-09-25T14:58:57.603293+00:00,,2026-09-25T14:58:57.604293+00:00,,2026-09-25T14:58:57.605293+00:00,,2026-09-25T14:58:57.606293+00:00,,2026-09-25T14:58:57.607293+00:00,,2026-09-25T14:58:57.608293+00:00,,2026-09-25T14:58:57.609293+00:00,,2026-09-25T14:58:57.610294+00:00,,2026-09-25T14:58:57.611294+00:00,,2026-09-25T14:58:57.612294+00:00,,2026-09-25T14:58:57.613294+00:00,,2026-09-25T14:58:57.614294+00:00,,2026-09-25T14:58:57.615294+00:00,,2026-09-25T14:58:57.616294+00:00,,2026-09-25T14:58:57.617294+00:00,,2026-09-25T14:58:57.618294+00:00,,2026-09-25T14:58:57.619294+00:00,,2026-09-25T14:58:57.631295+00:00,,2026-09-25T14:58:57.621294+00:00,,2026-09-25T14:58:57.622294+00:00,,2026-09-25T14:58:57.623294+00:00,,2026-09-25T14:58:57.624294+00:00,,2026-09-25T14:58:57.625294+00:00,,2026-09-25T14:58:57.626294+00:00,,2026-09-25T14:58:57.627295+00:00,,2026-09-25T14:58:57.628295+00:00,,2026-09-25T14:58:57.629295+00:00,,2026-09-25T14:58:57.630295+00:00,,2026-09-25T14:58:57.620294+00:00,,2026-09-25T14:58:57.643295+00:00,,2026-09-25T14:58:57.633295+00:00,,2026-09-25T14:58:57.634295+00:00,,2026-09-25T14:58:57.635295+00:00,,2026-09-25T14:58:57.636295+00:00,,2026-09-25T14:58:57.637295+00:00,,2026-09-25T14:58:57.638295+00:00,,2026-09-25T14:58:57.639295+00:00,,2026-09-25T14:58:57.640295+00:00,,2026-09-25T14:58:57.641295+00:00,,2026-09-25T14:58:57.642295+00:00,,2026-09-25T14:58:57.644295+00:00,,2026-09-25T14:58:57.645296+00:00,,2026-09-25T14:58:57.646296+00:00,,2026-09-25T14:58:57.647296+00:00,
84,2026-09-25T13:29:53.017282+00:00,2026-09-25T14:58:58.013317+00:00,94.006,2026-09-25T14:58:57.919311+00:00,,2026-09-25T14:58:57.929312+00:00,,2026-09-25T14:58:57.930312+00:00,,2026-09-25T14:58:57.931312+00:00,,2026-09-25T14:58:57.932312+00:00,,2026-09-25T14:58:57.933312+00:00,,2026-09-25T14:58:57.934312+00:00,,2026-09-25T14:58:57.935312+00:00,,2026-09-25T14:58:57.936312+00:00,,2026-09-25T14:58:57.937312+00:00,,2026-09-25T14:58:57.938312+00:00,,2026-09-25T14:58:57.939312+00:00,,2026-09-25T14:58:57.940312+00:00,,2026-09-25T14:58:57.941312+00:00,,2026-09-25T14:58:57.942313+00:00,,2026-09-25T14:58:57.944313+00:00,,2026-09-25T14:58:57.945313+00:00,,2026-09-25T14:58:57.946313+00:00,,2026-09-25T14:58:57.947313+00:00,,2026-09-25T14:58:57.948313+00:00,,2026-09-25T14:58:57.960314+00:00,,2026-09-25T14:58:57.950313+00:00,,2026-09-25T14:58:57.951313+00:00,,2026-09-25T14:58:57.952313+00:00,,2026-09-25T14:58:57.953313+00:00,,2026-09-25T14:58:57.954313+00:00,,2026-09-25T14:58:57.955313+00:00,,2026-09-25T14:58:57.956313+00:00,,2026-09-25T14:58:57.957313+00:00,,2026-09-25T14:58:57.958313+00:00,,2026-09-25T14:58:57.959313+00:00,,2026-09-25T14:58:57.949313+00:00,,2026-09-25T14:58:57.961314+00:00,,2026-09-25T14:58:57.962314+00:00,,2026-09-25T14:58:57.963314+00:00,,2026-09-25T14:58:57.964314+00:00,,2026-09-25T14:58:57.965314+00:00,,2026-09-25T14:58:57.966314+00:00,,2026-09-25T14:58:57.967314+00:00,,2026-09-25T14:58:57.980315+00:00,,2026-09-25T14:58:57.970314+00:00,,2026-09-25T14:58:57.971314+00:00,,2026-09-25T14:58:57.972314+00:00,,2026-09-25T14:58:57.973314+00:00,,2026-09-25T14:58:57.974314+00:00,,2026-09-25T14:58:57.975314+00:00,,2026-09-25T14:58:57.976314+00:00,,2026-09-25T14:58:57.988315+00:00,,2026-09-25T14:58:57.978315+00:00,,2026-09-25T14:58:57.979315+00:00,,2026-09-25T14:58:57.969314+00:00,,2026-09-25T14:58:57.981315+00:00,,2026-09-25T14:58:57.993315+00:00,,2026-09-25T14:58:57.983315+00:00,,2026-09-25T14:58:57.984315+00:00,,2026-09-25T14:58:57.985315+00:00,,2026-09-25T14:58:57.986315+00:00,,2026-09-25T14:58:57.987315+00:00,,2026-09-25T14:58:57.977315+00:00,,2026-09-25T14:58:57.989315+00:00,,2026-09-25T14:58:57.990315+00:00,,2026-09-25T14:58:57.991315+00:00,,2026-09-25T14:58:57.992315+00:00,,2026-09-25T14:58:57.994315+00:00,,2026-09-25T14:58:57.995316+00:00,,2026-09-25T14:58:57.996316+00:00,,2026-09-25T14:58:57.997316+00:00,,2026-09-25T14:58:57.998316+00:00,,2026-09-25T14:58:57.999316+00:00,,2026-09-25T14:58:58.000316+00:00,,2026-09-25T14:58:58.001316+00:00,,2026-09-25T14:58:58.002316+00:00,,2026-09-25T14:58:58.003316+00:00,,2026-09-25T14:58:58.004316+00:00,,2026-09-25T14:58:58.005316+00:00,,2026-09-25T14:58:58.006316+00:00,,2026-09-25T14:58:58.007316+00:00,,2026-09-25T14:58:58.008316+00:00,,2026-09-25T14:58:58.009316+00:00,,2026-09-25T14:58:58.010316+00:00,,2026-09-25T14:58:58.011316+00:00,,2026-09-25T14:58:58.012317+00:00,,2026-09-25T14:58:58.013317+00:00,
85,2026-09-25T13:29:53.469066+00:00,2026-09-25T14:58:58.465342+00:00,84.00399999999999,2026-09-25T14:58:58.381338+00:00,,2026-09-25T14:58:58.382338+00:00,,2026-09-25T14:58:58.383338+00:00,,2026-09-25T14:58:58.385338+00:00,,2026-09-25T14:58:58.386338+00:00,,2026-09-25T14:58:58.387338+00:00,,2026-09-25T14:58:58.388338+00:00,,2026-09-25T14:58:58.389338+00:00,,2026-09-25T14:58:58.390338+00:00,,2026-09-25T14:58:58.391338+00:00,,2026-09-25T14:58:58.392338+00:00,,2026-09-25T14:58:58.393338+00:00,,2026-09-25T14:58:58.394338+00:00,,2026-09-25T14:58:58.395338+00:00,,2026-09-25T14:58:58.396338+00:00,,2026-09-25T14:58:58.397339+00:00,,2026-09-25T14:58:58.398339+00:00,,2026-09-25T14:58:58.399339+00:00,,2026-09-25T14:58:58.400339+00:00,,2026-09-25T14:58:58.401339+00:00,,2026-09-25T14:58:58.402339+00:00,,2026-09-25T14:58:58.403339+00:00,,2026-09-25T14:58:58.404339+00:00,,2026-09-25T14:58:58.405339+00:00,,2026-09-25T14:58:58.406339+00:00,,2026-09-25T14:58:58.407339+00:00,,2026-09-25T14:58:58.408339+00:00,,2026-09-25T14:58:58.409339+00:00,,2026-09-25T14:58:58.410339+00:00,,2026-09-25T14:58:58.411339+00:00,,2026-09-25T14:58:58.412339+00:00,,2026-09-25T14:58:58.413339+00:00,,2026-09-25T14:58:58.414340+00:00,,2026-09-25T14:58:58.415340+00:00,,2026-09-25T14:58:58.416340+00:00,,2026-09-25T14:58:58.417340+00:00,,2026-09-25T14:58:58.418340+00:00,,2026-09-25T14:58:58.419340+00:00,,2026-09-25T14:58:58.431340+00:00,,2026-09-25T14:58:58.421340+00:00,,2026-09-25T14:58:58.422340+00:00,,2026-09-25T14:58:58.423340+00:00,,2026-09-25T14:58:58.424340+00:00,,2026-09-25T14:58:58.425340+00:00,,2026-09-25T14:58:58.426340+00:00,,2026-09-25T14:58:58.427340+00:00,,2026-09-25T14:58:58.428340+00:00,,2026-09-25T14:58:58.429340+00:00,,2026-09-25T14:58:58.430340+00:00,,2026-09-25T14:58:58.420340+00:00,,2026-09-25T14:58:58.432341+00:00,,2026-09-25T14:58:58.433341+00:00,,2026-09-25T14:58:58.434341+00:00,,2026-09-25T14:58:58.435341+00:00,,2026-09-25T14:58:58.436341+00:00,,2026-09-25T14:58:58.437341+00:00,,2026-09-25T14:58:58.438341+00:00,,2026-09-25T14:58:58.439341+00:00,,2026-09-25T14:58:58.440341+00:00,,2026-09-25T14:58:58.441341+00:00,,2026-09-25T14:58:58.443341+00:00,,2026-09-25T14:58:58.444341+00:00,,2026-09-25T14:58:58.445341+00:00,,2026-09-25T14:58:58.446341+00:00,,2026-09-25T14:58:58.447341+00:00,,2026-09-25T14:58:58.448341+00:00,,2026-09-25T14:58:58.449342+00:00,,2026-09-25T14:58:58.450342+00:00,,2026-09-25T14:58:58.451342+00:00,,2026-09-25T14:58:58.452342+00:00,,2026-09-25T14:58:58.453342+00:00,,2026-09-25T14:58:58.454342+00:00,,2026-09-25T14:58:58.455342+00:00,,2026-09-25T14:58:58.456342+00:00,,2026-09-25T14:58:58.457342+00:00,,2026-09-25T14:58:58.458342+00:00,,2026-09-25T14:58:58.459342+00:00,,2026-09-25T14:58:58.460342+00:00,,2026-09-25T14:58:58.461342+00:00,,2026-09-25T14:58:58.462342+00:00,,2026-09-25T14:58:58.463342+00:00,,2026-09-25T14:58:58.464342+00:00,,2026-09-25T14:58:58.465342+00:00,
86,2026-09-25T13:29:53.816915+00:00,2026-09-25T14:58:58.810362+00:00,90.005,2026-09-25T14:58:58.720357+00:00,,2026-09-25T14:58:58.726357+00:00,,2026-09-25T14:58:58.727357+00:00,,2026-09-25T14:58:58.728357+00:00,,2026-09-25T14:58:58.729358+00:00,,2026-09-25T14:58:58.730358+00:00,,2026-09-25T14:58:58.742358+00:00,,2026-09-25T14:58:58.732358+00:00,,2026-09-25T14:58:58.733358+00:00,,2026-09-25T14:58:58.734358+00:00,,2026-09-25T14:58:58.735358+00:00,,2026-09-25T14:58:58.736358+00:00,,2026-09-25T14:58:58.737358+00:00,,2026-09-25T14:58:58.738358+00:00,,2026-09-25T14:58:58.739358+00:00,,2026-09-25T14:58:58.740358+00:00,,2026-09-25T14:58:58.741358+00:00,,2026-09-25T14:58:58.743358+00:00,,2026-09-25T14:58:58.744358+00:00,,2026-09-25T14:58:58.745358+00:00,,2026-09-25T14:58:58.746359+00:00,,2026-09-25T14:58:58.747359+00:00,,2026-09-25T14:58:58.748359+00:00,,2026-09-25T14:58:58.749359+00:00,,2026-09-25T14:58:58.750359+00:00,,2026-09-25T14:58:58.751359+00:00,,2026-09-25T14:58:58.752359+00:00,,2026-09-25T14:58:58.753359+00:00,,2026-09-25T14:58:58.754359+00:00,,2026-09-25T14:58:58.755359+00:00,,2026-09-25T14:58:58.767360+00:00,,2026-09-25T14:58:58.768360+00:00,,2026-09-25T14:58:58.758359+00:00,,2026-09-25T14:58:58.759359+00:00,,2026-09-25T14:58:58.760359+00:00,,2026-09-25T14:58:58.761359+00:00,,2026-09-25T14:58:58.762359+00:00,,2026-09-25T14:58:58.763359+00:00,,2026-09-25T14:58:58.764360+00:00,,2026-09-25T14:58:58.765360+00:00,,2026-09-25T14:58:58.766360+00:00,,2026-09-25T14:58:58.756359+00:00,,2026-09-25T14:58:58.757359+00:00,,2026-09-25T14:58:58.769360+00:00,,2026-09-25T14:58:58.770360+00:00,,2026-09-25T14:58:58.771360+00:00,,2026-09-25T14:58:58.772360+00:00,,2026-09-25T14:58:58.773360+00:00,,2026-09-25T14:58:58.774360+00:00,,2026-09-25T14:58:58.775360+00:00,,2026-09-25T14:58:58.776360+00:00,,2026-09-25T14:58:58.777360+00:00,,2026-09-25T14:58:58.778360+00:00,,2026-09-25T14:58:58.791361+00:00,,2026-09-25T14:58:58.792361+00:00,,2026-09-25T14:58:58.782361+00:00,,2026-09-25T14:58:58.783361+00:00,,2026-09-25T14:58:58.784361+00:00,,2026-09-25T14:58:58.785361+00:00,,2026-09-25T14:58:58.786361+00:00,,2026-09-25T14:58:58.787361+00:00,,2026-09-25T14:58:58.788361+00:00,,2026-09-25T14:58:58.789361+00:00,,2026-09-25T14:58:58.790361+00:00,,2026-09-25T14:58:58.780360+00:00,,2026-09-25T14:58:58.793361+00:00,,2026-09-25T14:58:58.794361+00:00,,2026-09-25T14:58:58.795361+00:00,,2026-09-25T14:58:58.796361+00:00,,2026-09-25T14:58:58.797361+00:00,,2026-09-25T14:58:58.798361+00:00,,2026-09-25T14:58:58.799362+00:00,,2026-09-25T14:58:58.800362+00:00,,2026-09-25T14:58:58.801362+00:00,,2026-09-25T14:58:58.802362+00:00,,2026-09-25T14:58:58.803362+00:00,,2026-09-25T14:58:58.804362+00:00,,2026-09-25T14:58:58.805362+00:00,,2026-09-25T14:58:58.806362+00:00,,2026-09-25T14:58:58.807362+00:00,,2026-09-25T14:58:58.808362+00:00,,2026-09-25T14:58:58.809362+00:00,,2026-09-25T14:58:58.810362+00:00,
87,2026-09-25T13:29:54.180942+00:00,2026-09-25T14:58:59.166383+00:00,94.006,2026-09-25T14:58:59.072377+00:00,,2026-09-25T14:58:59.083378+00:00,,2026-09-25T14:58:59.084378+00:00,,2026-09-25T14:58:59.085378+00:00,,2026-09-25T14:58:59.086378+00:00,,2026-09-25T14:58:59.087378+00:00,,2026-09-25T14:58:59.088378+00:00,,2026-09-25T14:58:59.089378+00:00,,2026-09-25T14:58:59.090378+00:00,,2026-09-25T14:58:59.091378+00:00,,2026-09-25T14:58:59.092378+00:00,,2026-09-25T14:58:59.093378+00:00,,2026-09-25T14:58:59.094378+00:00,,2026-09-25T14:58:59.095378+00:00,,2026-09-25T14:58:59.096379+00:00,,2026-09-25T14:58:59.097379+00:00,,2026-09-25T14:58:59.098379+00:00,,2026-09-25T14:58:59.099379+00:00,,2026-09-25T14:58:59.100379+00:00,,2026-09-25T14:58:59.101379+00:00,,2026-09-25T14:58:59.102379+00:00,,2026-09-25T14:58:59.103379+00:00,,2026-09-25T14:58:59.104379+00:00,,2026-09-25T14:58:59.105379+00:00,,2026-09-25T14:58:59.106379+00:00,,2026-09-25T14:58:59.107379+00:00,,2026-09-25T14:58:59.108379+00:00,,2026-09-25T14:58:59.120380+00:00,,2026-09-25T14:58:59.110379+00:00,,2026-09-25T14:58:59.111379+00:00,,2026-09-25T14:58:59.112379+00:00,,2026-09-25T14:58:59.113380+00:00,,2026-09-25T14:58:59.114380+00:00,,2026-09-25T14:58:59.115380+00:00,,2026-09-25T14:58:59.116380+00:00,,2026-09-25T14:58:59.117380+00:00,,2026-09-25T14:58:59.118380+00:00,,2026-09-25T14:58:59.119380+00:00,,2026-09-25T14:58:59.109379+00:00,,2026-09-25T14:58:59.121380+00:00,,2026-09-25T14:58:59.122380+00:00,,2026-09-25T14:58:59.123380+00:00,,2026-09-25T14:58:59.124380+00:00,,2026-09-25T14:58:59.125380+00:00,,2026-09-25T14:58:59.126380+00:00,,2026-09-25T14:58:59.127380+00:00,,2026-09-25T14:58:59.128380+00:00,,2026-09-25T14:58:59.129380+00:00,,2026-09-25T14:58:59.130380+00:00,,2026-09-25T14:58:59.131381+00:00,,2026-09-25T14:58:59.132381+00:00,,2026-09-25T14:58:59.133381+00:00,,2026-09-25T14:58:59.134381+00:00,,2026-09-25T14:58:59.135381+00:00,,2026-09-25T14:58:59.136381+00:00,,2026-09-25T14:58:59.137381+00:00,,2026-09-25T14:58:59.138381+00:00,,2026-09-25T14:58:59.139381+00:00,,2026-09-25T14:58:59.140381+00:00,,2026-09-25T14:58:59.141381+00:00,,2026-09-25T14:58:59.143381+00:00,,2026-09-25T14:58:59.144381+00:00,,2026-09-25T14:58:59.145381+00:00,,2026-09-25T14:58:59.146381+00:00,,2026-09-25T14:58:59.147381+00:00,,2026-09-25T14:58:59.148382+00:00,,2026-09-25T14:58:59.149382+00:00,,2026-09-25T14:58:59.150382+00:00,,2026-09-25T14:58:59.151382+00:00,,2026-09-25T14:58:59.152382+00:00,,2026-09-25T14:58:59.153382+00:00,,2026-09-25T14:58:59.155382+00:00,,2026-09-25T14:58:59.156382+00:00,,2026-09-25T14:58:59.157382+00:00,,2026-09-25T14:58:59.158382+00:00,,2026-09-25T14:58:59.159382+00:00,,2026-09-25T14:58:59.160382+00:00,,2026-09-25T14:58:59.161382+00:00,,2026-09-25T14:58:59.162382+00:00,,2026-09-25T14:58:59.163382+00:00,,2026-09-25T14:58:59.164382+00:00,,2026-09-25T14:58:59.165382+00:00,,2026-09-25T14:58:59.166383+00:00,
88,2026-09-25T13:29:54.544272+00:00,2026-09-25T14:58:59.540404+00:00,92.00500000000001,2026-09-25T14:58:59.448399+00:00,,2026-09-25T14:58:59.454399+00:00,,2026-09-25T14:58:59.455399+00:00,,2026-09-25T14:58:59.456399+00:00,,2026-09-25T14:58:59.457399+00:00,,2026-09-25T14:58:59.458399+00:00,,2026-09-25T14:58:59.459399+00:00,,2026-09-25T14:58:59.460399+00:00,,2026-09-25T14:58:59.461399+00:00,,2026-09-25T14:58:59.462399+00:00,,2026-09-25T14:58:59.463400+00:00,,2026-09-25T14:58:59.464400+00:00,,2026-09-25T14:58:59.465400+00:00,,2026-09-25T14:58:59.466400+00:00,,2026-09-25T14:58:59.467400+00:00,,2026-09-25T14:58:59.468400+00:00,,2026-09-25T14:58:59.469400+00:00,,2026-09-25T14:58:59.470400+00:00,,2026-09-25T14:58:59.471400+00:00,,2026-09-25T14:58:59.472400+00:00,,2026-09-25T14:58:59.473400+00:00,,2026-09-25T14:58:59.474400+00:00,,2026-09-25T14:58:59.475400+00:00,,2026-09-25T14:58:59.476400+00:00,,2026-09-25T14:58:59.477400+00:00,,2026-09-25T14:58:59.478400+00:00,,2026-09-25T14:58:59.479400+00:00,,2026-09-25T14:58:59.480400+00:00,,2026-09-25T14:58:59.504402+00:00,,2026-09-25T14:58:59.482401+00:00,,2026-09-25T14:58:59.483401+00:00,,2026-09-25T14:58:59.484401+00:00,,2026-09-25T14:58:59.485401+00:00,,2026-09-25T14:58:59.509402+00:00,,2026-09-25T14:58:59.499402+00:00,,2026-09-25T14:58:59.500402+00:00,,2026-09-25T14:58:59.501402+00:00,,2026-09-25T14:58:59.502402+00:00,,2026-09-25T14:58:59.503402+00:00,,2026-09-25T14:58:59.505402+00:00,,2026-09-25T14:58:59.517403+00:00,,2026-09-25T14:58:59.496401+00:00,,2026-09-25T14:58:59.508402+00:00,,2026-09-25T14:58:59.486401+00:00,,2026-09-25T14:58:59.487401+00:00,,2026-09-25T14:58:59.489401+00:00,,2026-09-25T14:58:59.490401+00:00,,2026-09-25T14:58:59.491401+00:00,,2026-09-25T14:58:59.492401+00:00,,2026-09-25T14:58:59.493401+00:00,,2026-09-25T14:58:59.494401+00:00,,2026-09-25T14:58:59.495401+00:00,,2026-09-25T14:58:59.507402+00:00,,2026-09-25T14:58:59.497401+00:00,,2026-09-25T14:58:59.498402+00:00,,2026-09-25T14:58:59.510402+00:00,,2026-09-25T14:58:59.511402+00:00,,2026-09-25T14:58:59.512402+00:00,,2026-09-25T14:58:59.513402+00:00,,2026-09-25T14:58:59.514402+00:00,,2026-09-25T14:58:59.515402+00:00,,2026-09-25T14:58:59.516403+00:00,,2026-09-25T14:58:59.506402+00:00,,2026-09-25T14:58:59.518403+00:00,,2026-09-25T14:58:59.519403+00:00,,2026-09-25T14:58:59.520403+00:00,,2026-09-25T14:58:59.521403+00:00,,2026-09-25T14:58:59.522403+00:00,,2026-09-25T14:58:59.523403+00:00,,2026-09-25T14:58:59.524403+00:00,,2026-09-25T14:58:59.525403+00:00,,2026-09-25T14:58:59.526403+00:00,,2026-09-25T14:58:59.527403+00:00,,2026-09-25T14:58:59.529403+00:00,,2026-09-25T14:58:59.531403+00:00,,2026-09-25T14:58:59.533404+00:00,,2026-09-25T14:58:59.534404+00:00,,2026-09-25T14:58:59.535404+00:00,,2026-09-25T14:58:59.536404+00:00,,2026-09-25T14:58:59.537404+00:00,,2026-09-25T14:58:59.538404+00:00,,2026-09-25T14:58:59.539404+00:00,,2026-09-25T14:58:59.540404+00:00,
89,2026-09-25T13:29:54.919644+00:00,2026-09-25T14:58:59.912425+00:00,112.006,2026-09-25T14:58:59.800419+00:00,,2026-09-25T14:58:59.828420+00:00,,2026-09-25T14:58:59.829420+00:00,,2026-09-25T14:58:59.854422+00:00,,2026-09-25T14:58:59.831421+00:00,,2026-09-25T14:58:59.832421+00:00,,2026-09-25T14:58:59.833421+00:00,,2026-09-25T14:58:59.834421+00:00,,2026-09-25T14:58:59.835421+00:00,,2026-09-25T14:58:59.836421+00:00,,2026-09-25T14:58:59.837421+00:00,,2026-09-25T14:58:59.838421+00:00,,2026-09-25T14:58:59.839421+00:00,,2026-09-25T14:58:59.840421+00:00,,2026-09-25T14:58:59.841421+00:00,,2026-09-25T14:58:59.844421+00:00,,2026-09-25T14:58:59.845421+00:00,,2026-09-25T14:58:59.846421+00:00,,2026-09-25T14:58:59.847421+00:00,,2026-09-25T14:58:59.848422+00:00,,2026-09-25T14:58:59.849422+00:00,,2026-09-25T14:58:59.850422+00:00,,2026-09-25T14:58:59.851422+00:00,,2026-09-25T14:58:59.852422+00:00,,2026-09-25T14:58:59.853422+00:00,,2026-09-25T14:58:59.843421+00:00,,2026-09-25T14:58:59.855422+00:00,,2026-09-25T14:58:59.856422+00:00,,2026-09-25T14:58:59.857422+00:00,,2026-09-25T14:58:59.858422+00:00,,2026-09-25T14:58:59.859422+00:00,,2026-09-25T14:58:59.860422+00:00,,2026-09-25T14:58:59.861422+00:00,,2026-09-25T14:58:59.862422+00:00,,2026-09-25T14:58:59.863422+00:00,,2026-09-25T14:58:59.864422+00:00,,2026-09-25T14:58:59.865423+00:00,,2026-09-25T14:58:59.866423+00:00,,2026-09-25T14:58:59.867423+00:00,,2026-09-25T14:58:59.868423+00:00,,2026-09-25T14:58:59.869423+00:00,,2026-09-25T14:58:59.870423+00:00,,2026-09-25T14:58:59.882423+00:00,,2026-09-25T14:58:59.872423+00:00,,2026-09-25T14:58:59.873423+00:00,,2026-09-25T14:58:59.874423+00:00,,2026-09-25T14:58:59.875423+00:00,,2026-09-25T14:58:59.876423+00:00,,2026-09-25T14:58:59.877423+00:00,,2026-09-25T14:58:59.878423+00:00,,2026-09-25T14:58:59.879423+00:00,,2026-09-25T14:58:59.891424+00:00,,2026-09-25T14:58:59.881423+00:00,,2026-09-25T14:58:59.871423+00:00,,2026-09-25T14:58:59.883424+00:00,,2026-09-25T14:58:59.884424+00:00,,2026-09-25T14:58:59.885424+00:00,,2026-09-25T14:58:59.886424+00:00,,2026-09-25T14:58:59.887424+00:00,,2026-09-25T14:58:59.888424+00:00,,2026-09-25T14:58:59.889424+00:00,,2026-09-25T14:58:59.890424+00:00,,2026-09-25T14:58:59.892424+00:00,,2026-09-25T14:58:59.893424+00:00,,2026-09-25T14:58:59.894424+00:00,,2026-09-25T14:58:59.895424+00:00,,2026-09-25T14:58:59.896424+00:00,,2026-09-25T14:58:59.897424+00:00,,2026-09-25T14:58:59.898424+00:00,,2026-09-25T14:58:59.899424+00:00,,2026-09-25T14:58:59.900425+00:00,,2026-09-25T14:58:59.901425+00:00,,2026-09-25T14:58:59.902425+00:00,,2026-09-25T14:58:59.903425+00:00,,2026-09-25T14:58:59.904425+00:00,,2026-09-25T14:58:59.905425+00:00,,2026-09-25T14:58:59.906425+00:00,,2026-09-25T14:58:59.907425+00:00,,2026-09-25T14:58:59.908425+00:00,,2026-09-25T14:58:59.909425+00:00,,2026-09-25T14:58:59.910425+00:00,,2026-09-25T14:58:59.911425+00:00,,2026-09-25T14:58:59.912425+00:00,
90,2026-09-25T13:29:55.326378+00:00,2026-09-25T14:59:00.322449+00:00,96.006,2026-09-25T14:59:00.226443+00:00,,2026-09-25T14:59:00.236444+00:00,,2026-09-25T14:59:00.237444+00:00,,2026-09-25T14:59:00.238444+00:00,,2026-09-25T14:59:00.239444+00:00,,2026-09-25T14:59:00.240444+00:00,,2026-09-25T14:59:00.241444+00:00,,2026-09-25T14:59:00.242444+00:00,,2026-09-25T14:59:00.243444+00:00,,2026-09-25T14:59:00.244444+00:00,,2026-09-25T14:59:00.245444+00:00,,2026-09-25T14:59:00.246444+00:00,,2026-09-25T14:59:00.247444+00:00,,2026-09-25T14:59:00.248444+00:00,,2026-09-25T14:59:00.249444+00:00,,2026-09-25T14:59:00.250445+00:00,,2026-09-25T14:59:00.251445+00:00,,2026-09-25T14:59:00.252445+00:00,,2026-09-25T14:59:00.253445+00:00,,2026-09-25T14:59:00.254445+00:00,,2026-09-25T14:59:00.255445+00:00,,2026-09-25T14:59:00.268446+00:00,,2026-09-25T14:59:00.269446+00:00,,2026-09-25T14:59:00.259445+00:00,,2026-09-25T14:59:00.260445+00:00,,2026-09-25T14:59:00.261445+00:00,,2026-09-25T14:59:00.262445+00:00,,2026-09-25T14:59:00.263445+00:00,,2026-09-25T14:59:00.264445+00:00,,2026-09-25T14:59:00.265445+00:00,,2026-09-25T14:59:00.266445+00:00,,2026-09-25T14:59:00.267446+00:00,,2026-09-25T14:59:00.256445+00:00,,2026-09-25T14:59:00.258445+00:00,,2026-09-25T14:59:00.270446+00:00,,2026-09-25T14:59:00.271446+00:00,,2026-09-25T14:59:00.272446+00:00,,2026-09-25T14:59:00.273446+00:00,,2026-09-25T14:59:00.274446+00:00,,2026-09-25T14:59:00.275446+00:00,,2026-09-25T14:59:00.276446+00:00,,2026-09-25T14:59:00.278446+00:00,,2026-09-25T14:59:00.279446+00:00,,2026-09-25T14:59:00.291447+00:00,,2026-09-25T14:59:00.281446+00:00,,2026-09-25T14:59:00.282446+00:00,,2026-09-25T14:59:00.283446+00:00,,2026-09-25T14:59:00.284446+00:00,,2026-09-25T14:59:00.285447+00:00,,2026-09-25T14:59:00.286447+00:00,,2026-09-25T14:59:00.287447+00:00,,2026-09-25T14:59:00.288447+00:00,,2026-09-25T14:59:00.289447+00:00,,2026-09-25T14:59:00.290447+00:00,,2026-09-25T14:59:00.292447+00:00,,2026-09-25T14:59:00.293447+00:00,,2026-09-25T14:59:00.294447+00:00,,2026-09-25T14:59:00.295447+00:00,,2026-09-25T14:59:00.296447+00:00,,2026-09-25T14:59:00.298447+00:00,,2026-09-25T14:59:00.299447+00:00,,2026-09-25T14:59:00.300447+00:00,,2026-09-25T14:59:00.301447+00:00,,2026-09-25T14:59:00.302448+00:00,,2026-09-25T14:59:00.303448+00:00,,2026-09-25T14:59:00.304448+00:00,,2026-09-25T14:59:00.305448+00:00,,2026-09-25T14:59:00.306448+00:00,,2026-09-25T14:59:00.307448+00:00,,2026-09-25T14:59:00.308448+00:00,,2026-09-25T14:59:00.309448+00:00,,2026-09-25T14:59:00.310448+00:00,,2026-09-25T14:59:00.311448+00:00,,2026-09-25T14:59:00.312448+00:00,,2026-09-25T14:59:00.314448+00:00,,2026-09-25T14:59:00.315448+00:00,,2026-09-25T14:59:00.316448+00:00,,2026-09-25T14:59:00.317448+00:00,,2026-09-25T14:59:00.318448+00:00,,2026-09-25T14:59:00.319448+00:00,,2026-09-25T14:59:00.320449+00:00,,2026-09-25T14:59:00.321449+00:00,,2026-09-25T14:59:00.322449+00:00,
91,2026-09-25T13:29:55.693180+00:00,2026-09-25T14:59:00.685469+00:00,99.005,2026-09-25T14:59:00.586464+00:00,,2026-09-25T14:59:00.599465+00:00,,2026-09-25T14:59:00.600465+00:00,,2026-09-25T14:59:00.601465+00:00,,2026-09-25T14:59:00.602465+00:00,,2026-09-25T14:59:00.603465+00:00,,2026-09-25T14:59:00.616465+00:00,,2026-09-25T14:59:00.606465+00:00,,2026-09-25T14:59:00.607465+00:00,,2026-09-25T14:59:00.608465+00:00,,2026-09-25T14:59:00.609465+00:00,,2026-09-25T14:59:00.610465+00:00,,2026-09-25T14:59:00.611465+00:00,,2026-09-25T14:59:00.612465+00:00,,2026-09-25T14:59:00.613465+00:00,,2026-09-25T14:59:00.614465+00:00,,2026-09-25T14:59:00.615465+00:00,,2026-09-25T14:59:00.605465+00:00,,2026-09-25T14:59:00.617466+00:00,,2026-09-25T14:59:00.618466+00:00,,2026-09-25T14:59:00.619466+00:00,,2026-09-25T14:59:00.632466+00:00,,2026-09-25T14:59:00.621466+00:00,,2026-09-25T14:59:00.623466+00:00,,2026-09-25T14:59:00.624466+00:00,,2026-09-25T14:59:00.625466+00:00,,2026-09-25T14:59:00.626466+00:00,,2026-09-25T14:59:00.627466+00:00,,2026-09-25T14:59:00.628466+00:00,,2026-09-25T14:59:00.629466+00:00,,2026-09-25T14:59:00.641467+00:00,,2026-09-25T14:59:00.631466+00:00,,2026-09-25T14:59:00.620466+00:00,,2026-09-25T14:59:00.633466+00:00,,2026-09-25T14:59:00.634467+00:00,,2026-09-25T14:59:00.635467+00:00,,2026-09-25T14:59:00.636467+00:00,,2026-09-25T14:59:00.637467+00:00,,2026-09-25T14:59:00.638467+00:00,,2026-09-25T14:59:00.639467+00:00,,2026-09-25T14:59:00.640467+00:00,,2026-09-25T14:59:00.642467+00:00,,2026-09-25T14:59:00.643467+00:00,,2026-09-25T14:59:00.644467+00:00,,2026-09-25T14:59:00.645467+00:00,,2026-09-25T14:59:00.646467+00:00,,2026-09-25T14:59:00.647467+00:00,,2026-09-25T14:59:00.648467+00:00,,2026-09-25T14:59:00.649467+00:00,,2026-09-25T14:59:00.650467+00:00,,2026-09-25T14:59:00.663468+00:00,,2026-09-25T14:59:00.653468+00:00,,2026-09-25T14:59:00.654468+00:00,,2026-09-25T14:59:00.655468+00:00,,2026-09-25T14:59:00.656468+00:00,,2026-09-25T14:59:00.657468+00:00,,2026-09-25T14:59:00.658468+00:00,,2026-09-25T14:59:00.659468+00:00,,2026-09-25T14:59:00.660468+00:00,,2026-09-25T14:59:00.661468+00:00,,2026-09-25T14:59:00.662468+00:00,,2026-09-25T14:59:00.652468+00:00,,2026-09-25T14:59:00.664468+00:00,,2026-09-25T14:59:00.665468+00:00,,2026-09-25T14:59:00.666468+00:00,,2026-09-25T14:59:00.667468+00:00,,2026-09-25T14:59:00.668468+00:00,,2026-09-25T14:59:00.669469+00:00,,2026-09-25T14:59:00.670469+00:00,,2026-09-25T14:59:00.671469+00:00,,2026-09-25T14:59:00.672469+00:00,,2026-09-25T14:59:00.673469+00:00,,2026-09-25T14:59:00.674469+00:00,,2026-09-25T14:59:00.675469+00:00,,2026-09-25T14:59:00.676469+00:00,,2026-09-25T14:59:00.677469+00:00,,2026-09-25T14:59:00.678469+00:00,,2026-09-25T14:59:00.679469+00:00,,2026-09-25T14:59:00.685469+00:00,,2026-09-25T14:59:00.681469+00:00,,2026-09-25T14:59:00.682469+00:00,,2026-09-25T14:59:00.683469+00:00,,2026-09-25T14:59:00.684469+00:00,
92,2026-09-25T13:29:56.145935+00:00,2026-09-25T14:59:01.042490+00:00,98.006,2026-09-25T14:59:00.944484+00:00,,2026-09-25T14:59:00.956485+00:00,,2026-09-25T14:59:00.957485+00:00,,2026-09-25T14:59:00.958485+00:00,,2026-09-25T14:59:00.959485+00:00,,2026-09-25T14:59:00.960485+00:00,,2026-09-25T14:59:00.961485+00:00,,2026-09-25T14:59:00.962485+00:00,,2026-09-25T14:59:00.963485+00:00,,2026-09-25T14:59:00.964485+00:00,,2026-09-25T14:59:00.966485+00:00,,2026-09-25T14:59:00.967486+00:00,,2026-09-25T14:59:00.968486+00:00,,2026-09-25T14:59:00.969486+00:00,,2026-09-25T14:59:00.970486+00:00,,2026-09-25T14:59:00.971486+00:00,,2026-09-25T14:59:00.972486+00:00,,2026-09-25T14:59:00.973486+00:00,,2026-09-25T14:59:00.974486+00:00,,2026-09-25T14:59:00.975486+00:00,,2026-09-25T14:59:00.976486+00:00,,2026-09-25T14:59:00.977486+00:00,,2026-09-25T14:59:00.978486+00:00,,2026-09-25T14:59:00.979486+00:00,,2026-09-25T14:59:01.002488+00:00,,2026-09-25T14:59:00.981486+00:00,,2026-09-25T14:59:00.982486+00:00,,2026-09-25T14:59:00.983486+00:00,,2026-09-25T14:59:00.984487+00:00,,2026-09-25T14:59:00.985487+00:00,,2026-09-25T14:59:00.986487+00:00,,2026-09-25T14:59:00.987487+00:00,,2026-09-25T14:59:00.988487+00:00,,2026-09-25T14:59:00.989487+00:00,,2026-09-25T14:59:00.990487+00:00,,2026-09-25T14:59:00.992487+00:00,,2026-09-25T14:59:00.993487+00:00,,2026-09-25T14:59:00.994487+00:00,,2026-09-25T14:59:01.006488+00:00,,2026-09-25T14:59:00.996487+00:00,,2026-09-25T14:59:00.997487+00:00,,2026-09-25T14:59:00.998487+00:00,,2026-09-25T14:59:00.999487+00:00,,2026-09-25T14:59:01.000487+00:00,,2026-09-25T14:59:01.001487+00:00,,2026-09-25T14:59:00.991487+00:00,,2026-09-25T14:59:01.003488+00:00,,2026-09-25T14:59:01.004488+00:00,,2026-09-25T14:59:01.005488+00:00,,2026-09-25T14:59:00.995487+00:00,,2026-09-25T14:59:01.007488+00:00,,2026-09-25T14:59:01.008488+00:00,,2026-09-25T14:59:01.009488+00:00,,2026-09-25T14:59:01.010488+00:00,,2026-09-25T14:59:01.011488+00:00,,2026-09-25T14:59:01.012488+00:00,,2026-09-25T14:59:01.013488+00:00,,2026-09-25T14:59:01.014488+00:00,,2026-09-25T14:59:01.015488+00:00,,2026-09-25T14:59:01.016488+00:00,,2026-09-25T14:59:01.017488+00:00,,2026-09-25T14:59:01.018488+00:00,,2026-09-25T14:59:01.019489+00:00,,2026-09-25T14:59:01.033489+00:00,,2026-09-25T14:59:01.022489+00:00,,2026-09-25T14:59:01.023489+00:00,,2026-09-25T14:59:01.024489+00:00,,2026-09-25T14:59:01.025489+00:00,,2026-09-25T14:59:01.027489+00:00,,2026-09-25T14:59:01.028489+00:00,,2026-09-25T14:59:01.029489+00:00,,2026-09-25T14:59:01.041490+00:00,,2026-09-25T14:59:01.031489+00:00,,2026-09-25T14:59:01.032489+00:00,,2026-09-25T14:59:01.021489+00:00,,2026-09-25T14:59:01.034489+00:00,,2026-09-25T14:59:01.035489+00:00,,2026-09-25T14:59:01.036489+00:00,,2026-09-25T14:59:01.037490+00:00,,2026-09-25T14:59:01.038490+00:00,,2026-09-25T14:59:01.039490+00:00,,2026-09-25T14:59:01.040490+00:00,,2026-09-25T14:59:01.042490+00:00,
93,2026-09-25T13:29:56.495203+00:00,2026-09-25T14:59:01.491516+00:00,95.006,2026-09-25T14:59:01.396510+00:00,,2026-09-25T14:59:01.402510+00:00,,2026-09-25T14:59:01.404511+00:00,,2026-09-25T14:59:01.406511+00:00,,2026-09-25T14:59:01.407511+00:00,,2026-09-25T14:59:01.408511+00:00,,2026-09-25T14:59:01.409511+00:00,,2026-09-25T14:59:01.410511+00:00,,2026-09-25T14:59:01.411511+00:00,,2026-09-25T14:59:01.412511+00:00,,2026-09-25T14:59:01.413511+00:00,,2026-09-25T14:59:01.414511+00:00,,2026-09-25T14:59:01.415511+00:00,,2026-09-25T14:59:01.416511+00:00,,2026-09-25T14:59:01.417511+00:00,,2026-09-25T14:59:01.418511+00:00,,2026-09-25T14:59:01.419511+00:00,,2026-09-25T14:59:01.420511+00:00,,2026-09-25T14:59:01.421512+00:00,,2026-09-25T14:59:01.422512+00:00,,2026-09-25T14:59:01.423512+00:00,,2026-09-25T14:59:01.424512+00:00,,2026-09-25T14:59:01.425512+00:00,,2026-09-25T14:59:01.439513+00:00,,2026-09-25T14:59:01.428512+00:00,,2026-09-25T14:59:01.441513+00:00,,2026-09-25T14:59:01.430512+00:00,,2026-09-25T14:59:01.432512+00:00,,2026-09-25T14:59:01.433512+00:00,,2026-09-25T14:59:01.434512+00:00,,2026-09-25T14:59:01.435512+00:00,,2026-09-25T14:59:01.436512+00:00,,2026-09-25T14:59:01.437512+00:00,,2026-09-25T14:59:01.438512+00:00,,2026-09-25T14:59:01.427512+00:00,,2026-09-25T14:59:01.440513+00:00,,2026-09-25T14:59:01.442513+00:00,,2026-09-25T14:59:01.443513+00:00,,2026-09-25T14:59:01.444513+00:00,,2026-09-25T14:59:01.445513+00:00,,2026-09-25T14:59:01.446513+00:00,,2026-09-25T14:59:01.448513+00:00,,2026-09-25T14:59:01.449513+00:00,,2026-09-25T14:59:01.450513+00:00,,2026-09-25T14:59:01.451513+00:00,,2026-09-25T14:59:01.452513+00:00,,2026-09-25T14:59:01.453513+00:00,,2026-09-25T14:59:01.454513+00:00,,2026-09-25T14:59:01.455513+00:00,,2026-09-25T14:59:01.456514+00:00,,2026-09-25T14:59:01.457514+00:00,,2026-09-25T14:59:01.458514+00:00,,2026-09-25T14:59:01.459514+00:00,,2026-09-25T14:59:01.460514+00:00,,2026-09-25T14:59:01.461514+00:00,,2026-09-25T14:59:01.462514+00:00,,2026-09-25T14:59:01.475515+00:00,,2026-09-25T14:59:01.465514+00:00,,2026-09-25T14:59:01.466514+00:00,,2026-09-25T14:59:01.467514+00:00,,2026-09-25T14:59:01.468514+00:00,,2026-09-25T14:59:01.469514+00:00,,2026-09-25T14:59:01.470514+00:00,,2026-09-25T14:59:01.471514+00:00,,2026-09-25T14:59:01.472514+00:00,,2026-09-25T14:59:01.473514+00:00,,2026-09-25T14:59:01.474515+00:00,,2026-09-25T14:59:01.464514+00:00,,2026-09-25T14:59:01.476515+00:00,,2026-09-25T14:59:01.477515+00:00,,2026-09-25T14:59:01.478515+00:00,,2026-09-25T14:59:01.490515+00:00,,2026-09-25T14:59:01.480515+00:00,,2026-09-25T14:59:01.481515+00:00,,2026-09-25T14:59:01.482515+00:00,,2026-09-25T14:59:01.483515+00:00,,2026-09-25T14:59:01.484515+00:00,,2026-09-25T14:59:01.485515+00:00,,2026-09-25T14:59:01.486515+00:00,,2026-09-25T14:59:01.487515+00:00,,2026-09-25T14:59:01.488515+00:00,,2026-09-25T14:59:01.489515+00:00,,2026-09-25T14:59:01.491516+00:00,
94,2026-09-25T13:29:56.848442+00:00,2026-09-25T14:59:01.844536+00:00,98.006,2026-09-25T14:59:01.746530+00:00,,2026-09-25T14:59:01.752530+00:00,,2026-09-25T14:59:01.754531+00:00,,2026-09-25T14:59:01.755531+00:00,,2026-09-25T14:59:01.768531+00:00,,2026-09-25T14:59:01.758531+00:00,,2026-09-25T14:59:01.759531+00:00,,2026-09-25T14:59:01.760531+00:00,,2026-09-25T14:59:01.761531+00:00,,2026-09-25T14:59:01.762531+00:00,,2026-09-25T14:59:01.763531+00:00,,2026-09-25T14:59:01.764531+00:00,,2026-09-25T14:59:01.765531+00:00,,2026-09-25T14:59:01.766531+00:00,,2026-09-25T14:59:01.767531+00:00,,2026-09-25T14:59:01.757531+00:00,,2026-09-25T14:59:01.769531+00:00,,2026-09-25T14:59:01.770531+00:00,,2026-09-25T14:59:01.772532+00:00,,2026-09-25T14:59:01.773532+00:00,,2026-09-25T14:59:01.774532+00:00,,2026-09-25T14:59:01.776532+00:00,,2026-09-25T14:59:01.777532+00:00,,2026-09-25T14:59:01.778532+00:00,,2026-09-25T14:59:01.792533+00:00,,2026-09-25T14:59:01.780532+00:00,,2026-09-25T14:59:01.782532+00:00,,2026-09-25T14:59:01.783532+00:00,,2026-09-25T14:59:01.784532+00:00,,2026-09-25T14:59:01.785532+00:00,,2026-09-25T14:59:01.786532+00:00,,2026-09-25T14:59:01.787532+00:00,,2026-09-25T14:59:01.788533+00:00,,2026-09-25T14:59:01.789533+00:00,,2026-09-25T14:59:01.790533+00:00,,2026-09-25T14:59:01.793533+00:00,,2026-09-25T14:59:01.794533+00:00,,2026-09-25T14:59:01.795533+00:00,,2026-09-25T14:59:01.796533+00:00,,2026-09-25T14:59:01.797533+00:00,,2026-09-25T14:59:01.798533+00:00,,2026-09-25T14:59:01.799533+00:00,,2026-09-25T14:59:01.800533+00:00,,2026-09-25T14:59:01.801533+00:00,,2026-09-25T14:59:01.802533+00:00,,2026-09-25T14:59:01.803533+00:00,,2026-09-25T14:59:01.804533+00:00,,2026-09-25T14:59:01.805533+00:00,,2026-09-25T14:59:01.806534+00:00,,2026-09-25T14:59:01.807534+00:00,,2026-09-25T14:59:01.808534+00:00,,2026-09-25T14:59:01.809534+00:00,,2026-09-25T14:59:01.810534+00:00,,2026-09-25T14:59:01.811534+00:00,,2026-09-25T14:59:01.812534+00:00,,2026-09-25T14:59:01.813534+00:00,,2026-09-25T14:59:01.814534+00:00,,2026-09-25T14:59:01.815534+00:00,,2026-09-25T14:59:01.816534+00:00,,2026-09-25T14:59:01.817534+00:00,,2026-09-25T14:59:01.818534+00:00,,2026-09-25T14:59:01.819534+00:00,,2026-09-25T14:59:01.820534+00:00,,2026-09-25T14:59:01.834535+00:00,,2026-09-25T14:59:01.823535+00:00,,2026-09-25T14:59:01.824535+00:00,,2026-09-25T14:59:01.825535+00:00,,2026-09-25T14:59:01.826535+00:00,,2026-09-25T14:59:01.827535+00:00,,2026-09-25T14:59:01.828535+00:00,,2026-09-25T14:59:01.842536+00:00,,2026-09-25T14:59:01.830535+00:00,,2026-09-25T14:59:01.831535+00:00,,2026-09-25T14:59:01.833535+00:00,,2026-09-25T14:59:01.822534+00:00,,2026-09-25T14:59:01.835535+00:00,,2026-09-25T14:59:01.836535+00:00,,2026-09-25T14:59:01.838535+00:00,,2026-09-25T14:59:01.839535+00:00,,2026-09-25T14:59:01.840535+00:00,,2026-09-25T14:59:01.841536+00:00,,2026-09-25T14:59:01.843536+00:00,,2026-09-25T14:59:01.844536+00:00,
95,2026-09-25T13:29:57.254294+00:00,2026-09-25T14:59:02.250559+00:00,150.00900000000001,2026-09-25T14:59:02.100550+00:00,,2026-09-25T14:59:02.105551+00:00,,2026-09-25T14:59:02.107551+00:00,,2026-09-25T14:59:02.109551+00:00,,2026-09-25T14:59:02.111551+00:00,,2026-09-25T14:59:02.113551+00:00,,2026-09-25T14:59:02.114551+00:00,,2026-09-25T14:59:02.115551+00:00,,2026-09-25T14:59:02.116551+00:00,,2026-09-25T14:59:02.117551+00:00,,2026-09-25T14:59:02.119551+00:00,,2026-09-25T14:59:02.120552+00:00,,2026-09-25T14:59:02.122552+00:00,,2026-09-25T14:59:02.124552+00:00,,2026-09-25T14:59:02.143553+00:00,,2026-09-25T14:59:02.127552+00:00,,2026-09-25T14:59:02.129552+00:00,,2026-09-25T14:59:02.131552+00:00,,2026-09-25T14:59:02.133552+00:00,,2026-09-25T14:59:02.134552+00:00,,2026-09-25T14:59:02.136552+00:00,,2026-09-25T14:59:02.137552+00:00,,2026-09-25T14:59:02.138553+00:00,,2026-09-25T14:59:02.140553+00:00,,2026-09-25T14:59:02.142553+00:00,,2026-09-25T14:59:02.126552+00:00,,2026-09-25T14:59:02.144553+00:00,,2026-09-25T14:59:02.146553+00:00,,2026-09-25T14:59:02.150553+00:00,,2026-09-25T14:59:02.170554+00:00,,2026-09-25T14:59:02.154553+00:00,,2026-09-25T14:59:02.156554+00:00,,2026-09-25T14:59:02.157554+00:00,,2026-09-25T14:59:02.158554+00:00,,2026-09-25T14:59:02.160554+00:00,,2026-09-25T14:59:02.161554+00:00,,2026-09-25T14:59:02.162554+00:00,,2026-09-25T14:59:02.164554+00:00,,2026-09-25T14:59:02.166554+00:00,,2026-09-25T14:59:02.168554+00:00,,2026-09-25T14:59:02.152553+00:00,,2026-09-25T14:59:02.171554+00:00,,2026-09-25T14:59:02.172554+00:00,,2026-09-25T14:59:02.174555+00:00,,2026-09-25T14:59:02.175555+00:00,,2026-09-25T14:59:02.176555+00:00,,2026-09-25T14:59:02.178555+00:00,,2026-09-25T14:59:02.180555+00:00,,2026-09-25T14:59:02.182555+00:00,,2026-09-25T14:59:02.184555+00:00,,2026-09-25T14:59:02.186555+00:00,,2026-09-25T14:59:02.188555+00:00,,2026-09-25T14:59:02.190556+00:00,,2026-09-25T14:59:02.192556+00:00,,2026-09-25T14:59:02.194556+00:00,,2026-09-25T14:59:02.196556+00:00,,2026-09-25T14:59:02.198556+00:00,,2026-09-25T14:59:02.200556+00:00,,2026-09-25T14:59:02.204556+00:00,,2026-09-25T14:59:02.206556+00:00,,2026-09-25T14:59:02.208557+00:00,,2026-09-25T14:59:02.210557+00:00,,2026-09-25T14:59:02.212557+00:00,,2026-09-25T14:59:02.214557+00:00,,2026-09-25T14:59:02.216557+00:00,,2026-09-25T14:59:02.218557+00:00,,2026-09-25T14:59:02.219557+00:00,,2026-09-25T14:59:02.221557+00:00,,2026-09-25T14:59:02.245559+00:00,,2026-09-25T14:59:02.247559+00:00,,2026-09-25T14:59:02.227558+00:00,,2026-09-25T14:59:02.229558+00:00,,2026-09-25T14:59:02.231558+00:00,,2026-09-25T14:59:02.233558+00:00,,2026-09-25T14:59:02.235558+00:00,,2026-09-25T14:59:02.237558+00:00,,2026-09-25T14:59:02.239558+00:00,,2026-09-25T14:59:02.241558+00:00,,2026-09-25T14:59:02.243559+00:00,,2026-09-25T14:59:02.223557+00:00,,2026-09-25T14:59:02.225558+00:00,,2026-09-25T14:59:02.248559+00:00,,2026-09-25T14:59:02.250559+00:00,
96,2026-09-25T13:29:57.686550+00:00,2026-09-25T14:59:02.681584+00:00,176.01,2026-09-25T14:59:02.505574+00:00,,2026-09-25T14:59:02.512574+00:00,,2026-09-25T14:59:02.514574+00:00,,2026-09-25T14:59:02.516574+00:00,,2026-09-25T14:59:02.518574+00:00,,2026-09-25T14:59:02.520574+00:00,,2026-09-25T14:59:02.522574+00:00,,2026-09-25T14:59:02.546576+00:00,,2026-09-25T14:59:02.526575+00:00,,2026-09-25T14:59:02.528575+00:00,,2026-09-25T14:59:02.530575+00:00,,2026-09-25T14:59:02.532575+00:00,,2026-09-25T14:59:02.534575+00:00,,2026-09-25T14:59:02.536575+00:00,,2026-09-25T14:59:02.538575+00:00,,2026-09-25T14:59:02.564577+00:00,,2026-09-25T14:59:02.542576+00:00,,2026-09-25T14:59:02.544576+00:00,,2026-09-25T14:59:02.524575+00:00,,2026-09-25T14:59:02.548576+00:00,,2026-09-25T14:59:02.550576+00:00,,2026-09-25T14:59:02.554576+00:00,,2026-09-25T14:59:02.556576+00:00,,2026-09-25T14:59:02.558577+00:00,,2026-09-25T14:59:02.560577+00:00,,2026-09-25T14:59:02.562577+00:00,,2026-09-25T14:59:02.540576+00:00,,2026-09-25T14:59:02.566577+00:00,,2026-09-25T14:59:02.568577+00:00,,2026-09-25T14:59:02.570577+00:00,,2026-09-25T14:59:02.572577+00:00,,2026-09-25T14:59:02.574577+00:00,,2026-09-25T14:59:02.576578+00:00,,2026-09-25T14:59:02.578578+00:00,,2026-09-25T14:59:02.580578+00:00,,2026-09-25T14:59:02.605579+00:00,,2026-09-25T14:59:02.607579+00:00,,2026-09-25T14:59:02.586578+00:00,,2026-09-25T14:59:02.588578+00:00,,2026-09-25T14:59:02.590578+00:00,,2026-09-25T14:59:02.592579+00:00,,2026-09-25T14:59:02.594579+00:00,,2026-09-25T14:59:02.595579+00:00,,2026-09-25T14:59:02.597579+00:00,,2026-09-25T14:59:02.599579+00:00,,2026-09-25T14:59:02.603579+00:00,,2026-09-25T14:59:02.582578+00:00,,2026-09-25T14:59:02.584578+00:00,,2026-09-25T14:59:02.609579+00:00,,2026-09-25T14:59:02.611580+00:00,,2026-09-25T14:59:02.613580+00:00,,2026-09-25T14:59:02.615580+00:00,,2026-09-25T14:59:02.617580+00:00,,2026-09-25T14:59:02.619580+00:00,,2026-09-25T14:59:02.621580+00:00,,2026-09-25T14:59:02.623580+00:00,,2026-09-25T14:59:02.625580+00:00,,2026-09-25T14:59:02.627581+00:00,,2026-09-25T14:59:02.651582+00:00,,2026-09-25T14:59:02.631581+00:00,,2026-09-25T14:59:02.633581+00:00,,2026-09-25T14:59:02.635581+00:00,,2026-09-25T14:59:02.637581+00:00,,2026-09-25T14:59:02.639581+00:00,,2026-09-25T14:59:02.641581+00:00,,2026-09-25T14:59:02.643581+00:00,,2026-09-25T14:59:02.645582+00:00,,2026-09-25T14:59:02.647582+00:00,,2026-09-25T14:59:02.649582+00:00,,2026-09-25T14:59:02.653582+00:00,,2026-09-25T14:59:02.655582+00:00,,2026-09-25T14:59:02.657582+00:00,,2026-09-25T14:59:02.659582+00:00,,2026-09-25T14:59:02.661582+00:00,,2026-09-25T14:59:02.663583+00:00,,2026-09-25T14:59:02.665583+00:00,,2026-09-25T14:59:02.667583+00:00,,2026-09-25T14:59:02.669583+00:00,,2026-09-25T14:59:02.671583+00:00,,2026-09-25T14:59:02.673583+00:00,,2026-09-25T14:59:02.675583+00:00,,2026-09-25T14:59:02.677583+00:00,,2026-09-25T14:59:02.681584+00:00,
97,2026-09-25T13:29:58.073448+00:00,2026-09-25T14:59:03.069606+00:00,90.005,2026-09-25T14:59:02.979601+00:00,,2026-09-25T14:59:02.987601+00:00,,2026-09-25T14:59:02.988601+00:00,,2026-09-25T14:59:02.989601+00:00,,2026-09-25T14:59:02.990601+00:00,,2026-09-25T14:59:02.991601+00:00,,2026-09-25T14:59:02.992601+00:00,,2026-09-25T14:59:02.993601+00:00,,2026-09-25T14:59:02.994601+00:00,,2026-09-25T14:59:02.995602+00:00,,2026-09-25T14:59:02.996602+00:00,,2026-09-25T14:59:02.997602+00:00,,2026-09-25T14:59:02.998602+00:00,,2026-09-25T14:59:02.999602+00:00,,2026-09-25T14:59:03.000602+00:00,,2026-09-25T14:59:03.001602+00:00,,2026-09-25T14:59:03.002602+00:00,,2026-09-25T14:59:03.003602+00:00,,2026-09-25T14:59:03.004602+00:00,,2026-09-25T14:59:03.005602+00:00,,2026-09-25T14:59:03.006602+00:00,,2026-09-25T14:59:03.007602+00:00,,2026-09-25T14:59:03.019603+00:00,,2026-09-25T14:59:03.009602+00:00,,2026-09-25T14:59:03.010602+00:00,,2026-09-25T14:59:03.011602+00:00,,2026-09-25T14:59:03.012603+00:00,,2026-09-25T14:59:03.013603+00:00,,2026-09-25T14:59:03.014603+00:00,,2026-09-25T14:59:03.015603+00:00,,2026-09-25T14:59:03.016603+00:00,,2026-09-25T14:59:03.050605+00:00,,2026-09-25T14:59:03.029603+00:00,,2026-09-25T14:59:03.008602+00:00,,2026-09-25T14:59:03.020603+00:00,,2026-09-25T14:59:03.021603+00:00,,2026-09-25T14:59:03.022603+00:00,,2026-09-25T14:59:03.023603+00:00,,2026-09-25T14:59:03.024603+00:00,,2026-09-25T14:59:03.025603+00:00,,2026-09-25T14:59:03.026603+00:00,,2026-09-25T14:59:03.027603+00:00,,2026-09-25T14:59:03.017603+00:00,,2026-09-25T14:59:03.018603+00:00,,2026-09-25T14:59:03.030604+00:00,,2026-09-25T14:59:03.031604+00:00,,2026-09-25T14:59:03.032604+00:00,,2026-09-25T14:59:03.033604+00:00,,2026-09-25T14:59:03.034604+00:00,,2026-09-25T14:59:03.035604+00:00,,2026-09-25T14:59:03.036604+00:00,,2026-09-25T14:59:03.037604+00:00,,2026-09-25T14:59:03.049605+00:00,,2026-09-25T14:59:03.040604+00:00,,2026-09-25T14:59:03.041604+00:00,,2026-09-25T14:59:03.042604+00:00,,2026-09-25T14:59:03.043604+00:00,,2026-09-25T14:59:03.044604+00:00,,2026-09-25T14:59:03.045604+00:00,,2026-09-25T14:59:03.046604+00:00,,2026-09-25T14:59:03.047605+00:00,,2026-09-25T14:59:03.048605+00:00,,2026-09-25T14:59:03.038604+00:00,,2026-09-25T14:59:03.039604+00:00,,2026-09-25T14:59:03.051605+00:00,,2026-09-25T14:59:03.052605+00:00,,2026-09-25T14:59:03.053605+00:00,,2026-09-25T14:59:03.054605+00:00,,2026-09-25T14:59:03.055605+00:00,,2026-09-25T14:59:03.056605+00:00,,2026-09-25T14:59:03.057605+00:00,,2026-09-25T14:59:03.058605+00:00,,2026-09-25T14:59:03.059605+00:00,,2026-09-25T14:59:03.060605+00:00,,2026-09-25T14:59:03.061605+00:00,,2026-09-25T14:59:03.062605+00:00,,2026-09-25T14:59:03.063605+00:00,,2026-09-25T14:59:03.064605+00:00,,2026-09-25T14:59:03.065606+00:00,,2026-09-25T14:59:03.066606+00:00,,2026-09-25T14:59:03.067606+00:00,,2026-09-25T14:59:03.068606+00:00,,2026-09-25T14:59:03.069606+00:00,
98,2026-09-25T13:29:58.416597+00:00,2026-09-25T14:59:03.410625+00:00,87.005,2026-09-25T14:59:03.323620+00:00,,2026-09-25T14:59:03.327621+00:00,,2026-09-25T14:59:03.328621+00:00,,2026-09-25T14:59:03.329621+00:00,,2026-09-25T14:59:03.330621+00:00,,2026-09-25T14:59:03.331621+00:00,,2026-09-25T14:59:03.332621+00:00,,2026-09-25T14:59:03.333621+00:00,,2026-09-25T14:59:03.334621+00:00,,2026-09-25T14:59:03.335621+00:00,,2026-09-25T14:59:03.336621+00:00,,2026-09-25T14:59:03.337621+00:00,,2026-09-25T14:59:03.338621+00:00,,2026-09-25T14:59:03.340621+00:00,,2026-09-25T14:59:03.341621+00:00,,2026-09-25T14:59:03.342621+00:00,,2026-09-25T14:59:03.343621+00:00,,2026-09-25T14:59:03.344622+00:00,,2026-09-25T14:59:03.345622+00:00,,2026-09-25T14:59:03.346622+00:00,,2026-09-25T14:59:03.347622+00:00,,2026-09-25T14:59:03.348622+00:00,,2026-09-25T14:59:03.349622+00:00,,2026-09-25T14:59:03.350622+00:00,,2026-09-25T14:59:03.351622+00:00,,2026-09-25T14:59:03.352622+00:00,,2026-09-25T14:59:03.353622+00:00,,2026-09-25T14:59:03.354622+00:00,,2026-09-25T14:59:03.355622+00:00,,2026-09-25T14:59:03.356622+00:00,,2026-09-25T14:59:03.357622+00:00,,2026-09-25T14:59:03.358622+00:00,,2026-09-25T14:59:03.359622+00:00,,2026-09-25T14:59:03.360622+00:00,,2026-09-25T14:59:03.361622+00:00,,2026-09-25T14:59:03.362623+00:00,,2026-09-25T14:59:03.363623+00:00,,2026-09-25T14:59:03.364623+00:00,,2026-09-25T14:59:03.365623+00:00,,2026-09-25T14:59:03.366623+00:00,,2026-09-25T14:59:03.367623+00:00,,2026-09-25T14:59:03.368623+00:00,,2026-09-25T14:59:03.369623+00:00,,2026-09-25T14:59:03.370623+00:00,,2026-09-25T14:59:03.371623+00:00,,2026-09-25T14:59:03.372623+00:00,,2026-09-25T14:59:03.373623+00:00,,2026-09-25T14:59:03.374623+00:00,,2026-09-25T14:59:03.375623+00:00,,2026-09-25T14:59:03.376623+00:00,,2026-09-25T14:59:03.377623+00:00,,2026-09-25T14:59:03.389624+00:00,,2026-09-25T14:59:03.379624+00:00,,2026-09-25T14:59:03.380624+00:00,,2026-09-25T14:59:03.381624+00:00,,2026-09-25T14:59:03.382624+00:00,,2026-09-25T14:59:03.383624+00:00,,2026-09-25T14:59:03.384624+00:00,,2026-09-25T14:59:03.385624+00:00,,2026-09-25T14:59:03.386624+00:00,,2026-09-25T14:59:03.387624+00:00,,2026-09-25T14:59:03.388624+00:00,,2026-09-25T14:59:03.390624+00:00,,2026-09-25T14:59:03.391624+00:00,,2026-09-25T14:59:03.392624+00:00,,2026-09-25T14:59:03.393624+00:00,,2026-09-25T14:59:03.394624+00:00,,2026-09-25T14:59:03.395624+00:00,,2026-09-25T14:59:03.396624+00:00,,2026-09-25T14:59:03.397625+00:00,,2026-09-25T14:59:03.398625+00:00,,2026-09-25T14:59:03.399625+00:00,,2026-09-25T14:59:03.400625+00:00,,2026-09-25T14:59:03.401625+00:00,,2026-09-25T14:59:03.402625+00:00,,2026-09-25T14:59:03.403625+00:00,,2026-09-25T14:59:03.404625+00:00,,2026-09-25T14:59:03.405625+00:00,,2026-09-25T14:59:03.406625+00:00,,2026-09-25T14:59:03.407625+00:00,,2026-09-25T14:59:03.408625+00:00,,2026-09-25T14:59:03.409625+00:00,,2026-09-25T14:59:03.410625+00:00,
99,2026-09-25T13:29:58.768911+00:00,2026-09-25T14:59:03.762645+00:00,94.00500000000001,2026-09-25T14:59:03.668640+00:00,,2026-09-25T14:59:03.680641+00:00,,2026-09-25T14:59:03.689641+00:00,,2026-09-25T14:59:03.682641+00:00,,2026-09-25T14:59:03.683641+00:00,,2026-09-25T14:59:03.684641+00:00,,2026-09-25T14:59:03.685641+00:00,,2026-09-25T14:59:03.686641+00:00,,2026-09-25T14:59:03.687641+00:00,,2026-09-25T14:59:03.688641+00:00,,2026-09-25T14:59:03.681641+00:00,,2026-09-25T14:59:03.690641+00:00,,2026-09-25T14:59:03.691641+00:00,,2026-09-25T14:59:03.692641+00:00,,2026-09-25T14:59:03.704642+00:00,,2026-09-25T14:59:03.694642+00:00,,2026-09-25T14:59:03.695642+00:00,,2026-09-25T14:59:03.696642+00:00,,2026-09-25T14:59:03.697642+00:00,,2026-09-25T14:59:03.698642+00:00,,2026-09-25T14:59:03.699642+00:00,,2026-09-25T14:59:03.700642+00:00,,2026-09-25T14:59:03.701642+00:00,,2026-09-25T14:59:03.702642+00:00,,2026-09-25T14:59:03.703642+00:00,,2026-09-25T14:59:03.693641+00:00,,2026-09-25T14:59:03.705642+00:00,,2026-09-25T14:59:03.706642+00:00,,2026-09-25T14:59:03.707642+00:00,,2026-09-25T14:59:03.708642+00:00,,2026-09-25T14:59:03.709642+00:00,,2026-09-25T14:59:03.710642+00:00,,2026-09-25T14:59:03.711643+00:00,,2026-09-25T14:59:03.712643+00:00,,2026-09-25T14:59:03.713643+00:00,,2026-09-25T14:59:03.714643+00:00,,2026-09-25T14:59:03.715643+00:00,,2026-09-25T14:59:03.716643+00:00,,2026-09-25T14:59:03.717643+00:00,,2026-09-25T14:59:03.718643+00:00,,2026-09-25T14:59:03.719643+00:00,,2026-09-25T14:59:03.720643+00:00,,2026-09-25T14:59:03.721643+00:00,,2026-09-25T14:59:03.722643+00:00,,2026-09-25T14:59:03.723643+00:00,,2026-09-25T14:59:03.724643+00:00,,2026-09-25T14:59:03.725643+00:00,,2026-09-25T14:59:03.726643+00:00,,2026-09-25T14:59:03.727643+00:00,,2026-09-25T14:59:03.739644+00:00,,2026-09-25T14:59:03.729644+00:00,,2026-09-25T14:59:03.730644+00:00,,2026-09-25T14:59:03.742644+00:00,,2026-09-25T14:59:03.732644+00:00,,2026-09-25T14:59:03.733644+00:00,,2026-09-25T14:59:03.734644+00:00,,2026-09-25T14:59:03.735644+00:00,,2026-09-25T14:59:03.736644+00:00,,2026-09-25T14:59:03.737644+00:00,,2026-09-25T14:59:03.738644+00:00,,2026-09-25T14:59:03.740644+00:00,,2026-09-25T14:59:03.741644+00:00,,2026-09-25T14:59:03.731644+00:00,,2026-09-25T14:59:03.743644+00:00,,2026-09-25T14:59:03.744644+00:00,,2026-09-25T14:59:03.745644+00:00,,2026-09-25T14:59:03.746645+00:00,,2026-09-25T14:59:03.747645+00:00,,2026-09-25T14:59:03.748645+00:00,,2026-09-25T14:59:03.749645+00:00,,2026-09-25T14:59:03.761645+00:00,,2026-09-25T14:59:03.751645+00:00,,2026-09-25T14:59:03.752645+00:00,,2026-09-25T14:59:03.753645+00:00,,2026-09-25T14:59:03.754645+00:00,,2026-09-25T14:59:03.755645+00:00,,2026-09-25T14:59:03.756645+00:00,,2026-09-25T14:59:03.757645+00:00,,2026-09-25T14:59:03.758645+00:00,,2026-09-25T14:59:03.759645+00:00,,2026-09-25T14:59:03.760645+00:00,,2026-09-25T14:59:03.750645+00:00,,2026-09-25T14:59:03.762645+00:00,
100,2026-09-25T13:29:59.111502+00:00,2026-09-25T14:59:04.107665+00:00,90.005,2026-09-25T14:59:04.017660+00:00,,2026-09-25T14:59:04.022660+00:00,,2026-09-25T14:59:04.023660+00:00,,2026-09-25T14:59:04.024660+00:00,,2026-09-25T14:59:04.025660+00:00,,2026-09-25T14:59:04.026661+00:00,,2026-09-25T14:59:04.027661+00:00,,2026-09-25T14:59:04.028661+00:00,,2026-09-25T14:59:04.029661+00:00,,2026-09-25T14:59:04.030661+00:00,,2026-09-25T14:59:04.031661+00:00,,2026-09-25T14:59:04.032661+00:00,,2026-09-25T14:59:04.033661+00:00,,2026-09-25T14:59:04.034661+00:00,,2026-09-25T14:59:04.035661+00:00,,2026-09-25T14:59:04.036661+00:00,,2026-09-25T14:59:04.037661+00:00,,2026-09-25T14:59:04.039661+00:00,,2026-09-25T14:59:04.040661+00:00,,2026-09-25T14:59:04.041661+00:00,,2026-09-25T14:59:04.042661+00:00,,2026-09-25T14:59:04.043661+00:00,,2026-09-25T14:59:04.044662+00:00,,2026-09-25T14:59:04.045662+00:00,,2026-09-25T14:59:04.046662+00:00,,2026-09-25T14:59:04.047662+00:00,,2026-09-25T14:59:04.048662+00:00,,2026-09-25T14:59:04.049662+00:00,,2026-09-25T14:59:04.050662+00:00,,2026-09-25T14:59:04.051662+00:00,,2026-09-25T14:59:04.052662+00:00,,2026-09-25T14:59:04.053662+00:00,,2026-09-25T14:59:04.054662+00:00,,2026-09-25T14:59:04.055662+00:00,,2026-09-25T14:59:04.056662+00:00,,2026-09-25T14:59:04.057662+00:00,,2026-09-25T14:59:04.058662+00:00,,2026-09-25T14:59:04.059662+00:00,,2026-09-25T14:59:04.060662+00:00,,2026-09-25T14:59:04.061663+00:00,,2026-09-25T14:59:04.073663+00:00,,2026-09-25T14:59:04.074663+00:00,,2026-09-25T14:59:04.064663+00:00,,2026-09-25T14:59:04.065663+00:00,,2026-09-25T14:59:04.066663+00:00,,2026-09-25T14:59:04.067663+00:00,,2026-09-25T14:59:04.068663+00:00,,2026-09-25T14:59:04.069663+00:00,,2026-09-25T14:59:04.070663+00:00,,2026-09-25T14:59:04.071663+00:00,,2026-09-25T14:59:04.072663+00:00,,2026-09-25T14:59:04.062663+00:00,,2026-09-25T14:59:04.063663+00:00,,2026-09-25T14:59:04.075663+00:00,,2026-09-25T14:59:04.076663+00:00,,2026-09-25T14:59:04.088664+00:00,,2026-09-25T14:59:04.078664+00:00,,2026-09-25T14:59:04.079664+00:00,,2026-09-25T14:59:04.080664+00:00,,2026-09-25T14:59:04.081664+00:00,,2026-09-25T14:59:04.082664+00:00,,2026-09-25T14:59:04.083664+00:00,,2026-09-25T14:59:04.084664+00:00,,2026-09-25T14:59:04.085664+00:00,,2026-09-25T14:59:04.086664+00:00,,2026-09-25T14:59:04.087664+00:00,,2026-09-25T14:59:04.089664+00:00,,2026-09-25T14:59:04.090664+00:00,,2026-09-25T14:59:04.091664+00:00,,2026-09-25T14:59:04.092664+00:00,,2026-09-25T14:59:04.093664+00:00,,2026-09-25T14:59:04.094664+00:00,,2026-09-25T14:59:04.095664+00:00,,2026-09-25T14:59:04.096665+00:00,,2026-09-25T14:59:04.097665+00:00,,2026-09-25T14:59:04.099665+00:00,,2026-09-25T14:59:04.101665+00:00,,2026-09-25T14:59:04.102665+00:00,,2026-09-25T14:59:04.103665+00:00,,2026-09-25T14:59:04.104665+00:00,,2026-09-25T14:59:04.105665+00:00,,2026-09-25T14:59:04.106665+00:00,,2026-09-25T14:59:04.107665+00:00,
101,2026-09-25T13:29:59.457974+00:00,2026-09-25T14:59:04.453685+00:00,92.00500000000001,2026-09-25T14:59:04.361680+00:00,,2026-09-25T14:59:04.370680+00:00,,2026-09-25T14:59:04.371680+00:00,,2026-09-25T14:59:04.372680+00:00,,2026-09-25T14:59:04.373680+00:00,,2026-09-25T14:59:04.374680+00:00,,2026-09-25T14:59:04.375680+00:00,,2026-09-25T14:59:04.376681+00:00,,2026-09-25T14:59:04.388681+00:00,,2026-09-25T14:59:04.378681+00:00,,2026-09-25T14:59:04.379681+00:00,,2026-09-25T14:59:04.380681+00:00,,2026-09-25T14:59:04.381681+00:00,,2026-09-25T14:59:04.382681+00:00,,2026-09-25T14:59:04.383681+00:00,,2026-09-25T14:59:04.384681+00:00,,2026-09-25T14:59:04.385681+00:00,,2026-09-25T14:59:04.386681+00:00,,2026-09-25T14:59:04.387681+00:00,,2026-09-25T14:59:04.389681+00:00,,2026-09-25T14:59:04.390681+00:00,,2026-09-25T14:59:04.391681+00:00,,2026-09-25T14:59:04.392681+00:00,,2026-09-25T14:59:04.393682+00:00,,2026-09-25T14:59:04.394682+00:00,,2026-09-25T14:59:04.395682+00:00,,2026-09-25T14:59:04.396682+00:00,,2026-09-25T14:59:04.397682+00:00,,2026-09-25T14:59:04.398682+00:00,,2026-09-25T14:59:04.399682+00:00,,2026-09-25T14:59:04.400682+00:00,,2026-09-25T14:59:04.401682+00:00,,2026-09-25T14:59:04.402682+00:00,,2026-09-25T14:59:04.403682+00:00,,2026-09-25T14:59:04.404682+00:00,,2026-09-25T14:59:04.405682+00:00,,2026-09-25T14:59:04.406682+00:00,,2026-09-25T14:59:04.407682+00:00,,2026-09-25T14:59:04.408682+00:00,,2026-09-25T14:59:04.409682+00:00,,2026-09-25T14:59:04.410682+00:00,,2026-09-25T14:59:04.411683+00:00,,2026-09-25T14:59:04.412683+00:00,,2026-09-25T14:59:04.413683+00:00,,2026-09-25T14:59:04.414683+00:00,,2026-09-25T14:59:04.415683+00:00,,2026-09-25T14:59:04.416683+00:00,,2026-09-25T14:59:04.417683+00:00,,2026-09-25T14:59:04.418683+00:00,,2026-09-25T14:59:04.419683+00:00,,2026-09-25T14:59:04.420683+00:00,,2026-09-25T14:59:04.421683+00:00,,2026-09-25T14:59:04.422683+00:00,,2026-09-25T14:59:04.423683+00:00,,2026-09-25T14:59:04.424683+00:00,,2026-09-25T14:59:04.425683+00:00,,2026-09-25T14:59:04.426683+00:00,,2026-09-25T14:59:04.438684+00:00,,2026-09-25T14:59:04.428684+00:00,,2026-09-25T14:59:04.429684+00:00,,2026-09-25T14:59:04.430684+00:00,,2026-09-25T14:59:04.431684+00:00,,2026-09-25T14:59:04.432684+00:00,,2026-09-25T14:59:04.433684+00:00,,2026-09-25T14:59:04.434684+00:00,,2026-09-25T14:59:04.435684+00:00,,2026-09-25T14:59:04.447685+00:00,,2026-09-25T14:59:04.437684+00:00,,2026-09-25T14:59:04.439684+00:00,,2026-09-25T14:59:04.440684+00:00,,2026-09-25T14:59:04.441684+00:00,,2026-09-25T14:59:04.442684+00:00,,2026-09-25T14:59:04.443684+00:00,,2026-09-25T14:59:04.444684+00:00,,2026-09-25T14:59:04.445684+00:00,,2026-09-25T14:59:04.446685+00:00,,2026-09-25T14:59:04.436684+00:00,,2026-09-25T14:59:04.448685+00:00,,2026-09-25T14:59:04.449685+00:00,,2026-09-25T14:59:04.450685+00:00,,2026-09-25T14:59:04.451685+00:00,,2026-09-25T14:59:04.452685+00:00,,2026-09-25T14:59:04.453685+00:00,
102,2026-09-25T13:29:59.824729+00:00,2026-09-25T14:59:04.820706+00:00,109.006,2026-09-25T14:59:04.711700+00:00,,2026-09-25T14:59:04.738701+00:00,,2026-09-25T14:59:04.747702+00:00,,2026-09-25T14:59:04.740701+00:00,,2026-09-25T14:59:04.741701+00:00,,2026-09-25T14:59:04.742701+00:00,,2026-09-25T14:59:04.743702+00:00,,2026-09-25T14:59:04.744702+00:00,,2026-09-25T14:59:04.745702+00:00,,2026-09-25T14:59:04.746702+00:00,,2026-09-25T14:59:04.739701+00:00,,2026-09-25T14:59:04.748702+00:00,,2026-09-25T14:59:04.749702+00:00,,2026-09-25T14:59:04.750702+00:00,,2026-09-25T14:59:04.751702+00:00,,2026-09-25T14:59:04.752702+00:00,,2026-09-25T14:59:04.753702+00:00,,2026-09-25T14:59:04.754702+00:00,,2026-09-25T14:59:04.755702+00:00,,2026-09-25T14:59:04.767703+00:00,,2026-09-25T14:59:04.768703+00:00,,2026-09-25T14:59:04.758702+00:00,,2026-09-25T14:59:04.759702+00:00,,2026-09-25T14:59:04.760703+00:00,,2026-09-25T14:59:04.761703+00:00,,2026-09-25T14:59:04.762703+00:00,,2026-09-25T14:59:04.763703+00:00,,2026-09-25T14:59:04.764703+00:00,,2026-09-25T14:59:04.765703+00:00,,2026-09-25T14:59:04.766703+00:00,,2026-09-25T14:59:04.756702+00:00,,2026-09-25T14:59:04.757702+00:00,,2026-09-25T14:59:04.769703+00:00,,2026-09-25T14:59:04.770703+00:00,,2026-09-25T14:59:04.771703+00:00,,2026-09-25T14:59:04.772703+00:00,,2026-09-25T14:59:04.773703+00:00,,2026-09-25T14:59:04.774703+00:00,,2026-09-25T14:59:04.775703+00:00,,2026-09-25T14:59:04.776703+00:00,,2026-09-25T14:59:04.777703+00:00,,2026-09-25T14:59:04.778704+00:00,,2026-09-25T14:59:04.779704+00:00,,2026-09-25T14:59:04.780704+00:00,,2026-09-25T14:59:04.781704+00:00,,2026-09-25T14:59:04.782704+00:00,,2026-09-25T14:59:04.783704+00:00,,2026-09-25T14:59:04.784704+00:00,,2026-09-25T14:59:04.785704+00:00,,2026-09-25T14:59:04.786704+00:00,,2026-09-25T14:59:04.787704+00:00,,2026-09-25T14:59:04.789704+00:00,,2026-09-25T14:59:04.790704+00:00,,2026-09-25T14:59:04.791704+00:00,,2026-09-25T14:59:04.792704+00:00,,2026-09-25T14:59:04.793704+00:00,,2026-09-25T14:59:04.794704+00:00,,2026-09-25T14:59:04.795705+00:00,,2026-09-25T14:59:04.796705+00:00,,2026-09-25T14:59:04.797705+00:00,,2026-09-25T14:59:04.798705+00:00,,2026-09-25T14:59:04.799705+00:00,,2026-09-25T14:59:04.800705+00:00,,2026-09-25T14:59:04.801705+00:00,,2026-09-25T14:59:04.802705+00:00,,2026-09-25T14:59:04.803705+00:00,,2026-09-25T14:59:04.804705+00:00,,2026-09-25T14:59:04.805705+00:00,,2026-09-25T14:59:04.806705+00:00,,2026-09-25T14:59:04.807705+00:00,,2026-09-25T14:59:04.808705+00:00,,2026-09-25T14:59:04.809705+00:00,,2026-09-25T14:59:04.810705+00:00,,2026-09-25T14:59:04.811705+00:00,,2026-09-25T14:59:04.812705+00:00,,2026-09-25T14:59:04.813706+00:00,,2026-09-25T14:59:04.814706+00:00,,2026-09-25T14:59:04.815706+00:00,,2026-09-25T14:59:04.816706+00:00,,2026-09-25T14:59:04.817706+00:00,,2026-09-25T14:59:04.818706+00:00,,2026-09-25T14:59:04.819706+00:00,,2026-09-25T14:59:04.820706+00:00,
103,2026-09-25T13:30:00.203649+00:00,2026-09-25T14:59:05.199728+00:00,91.006,2026-09-25T14:59:05.108722+00:00,,2026-09-25T14:59:05.116723+00:00,,2026-09-25T14:59:05.117723+00:00,,2026-09-25T14:59:05.118723+00:00,,2026-09-25T14:59:05.119723+00:00,,2026-09-25T14:59:05.120723+00:00,,2026-09-25T14:59:05.121723+00:00,,2026-09-25T14:59:05.122723+00:00,,2026-09-25T14:59:05.123723+00:00,,2026-09-25T14:59:05.124723+00:00,,2026-09-25T14:59:05.125723+00:00,,2026-09-25T14:59:05.126723+00:00,,2026-09-25T14:59:05.138724+00:00,,2026-09-25T14:59:05.128724+00:00,,2026-09-25T14:59:05.129724+00:00,,2026-09-25T14:59:05.130724+00:00,,2026-09-25T14:59:05.131724+00:00,,2026-09-25T14:59:05.132724+00:00,,2026-09-25T14:59:05.133724+00:00,,2026-09-25T14:59:05.134724+00:00,,2026-09-25T14:59:05.135724+00:00,,2026-09-25T14:59:05.136724+00:00,,2026-09-25T14:59:05.137724+00:00,,2026-09-25T14:59:05.139724+00:00,,2026-09-25T14:59:05.140724+00:00,,2026-09-25T14:59:05.141724+00:00,,2026-09-25T14:59:05.142724+00:00,,2026-09-25T14:59:05.143724+00:00,,2026-09-25T14:59:05.144724+00:00,,2026-09-25T14:59:05.145725+00:00,,2026-09-25T14:59:05.146725+00:00,,2026-09-25T14:59:05.147725+00:00,,2026-09-25T14:59:05.148725+00:00,,2026-09-25T14:59:05.149725+00:00,,2026-09-25T14:59:05.150725+00:00,,2026-09-25T14:59:05.151725+00:00,,2026-09-25T14:59:05.152725+00:00,,2026-09-25T14:59:05.153725+00:00,,2026-09-25T14:59:05.154725+00:00,,2026-09-25T14:59:05.155725+00:00,,2026-09-25T14:59:05.156725+00:00,,2026-09-25T14:59:05.157725+00:00,,2026-09-25T14:59:05.158725+00:00,,2026-09-25T14:59:05.159725+00:00,,2026-09-25T14:59:05.160725+00:00,,2026-09-25T14:59:05.161725+00:00,,2026-09-25T14:59:05.162726+00:00,,2026-09-25T14:59:05.174726+00:00,,2026-09-25T14:59:05.164726+00:00,,2026-09-25T14:59:05.165726+00:00,,2026-09-25T14:59:05.166726+00:00,,2026-09-25T14:59:05.167726+00:00,,2026-09-25T14:59:05.168726+00:00,,2026-09-25T14:59:05.169726+00:00,,2026-09-25T14:59:05.170726+00:00,,2026-09-25T14:59:05.171726+00:00,,2026-09-25T14:59:05.172726+00:00,,2026-09-25T14:59:05.173726+00:00,,2026-09-25T14:59:05.163726+00:00,,2026-09-25T14:59:05.186727+00:00,,2026-09-25T14:59:05.176726+00:00,,2026-09-25T14:59:05.188727+00:00,,2026-09-25T14:59:05.178726+00:00,,2026-09-25T14:59:05.179726+00:00,,2026-09-25T14:59:05.180727+00:00,,2026-09-25T14:59:05.181727+00:00,,2026-09-25T14:59:05.182727+00:00,,2026-09-25T14:59:05.183727+00:00,,2026-09-25T14:59:05.184727+00:00,,2026-09-25T14:59:05.185727+00:00,,2026-09-25T14:59:05.175726+00:00,,2026-09-25T14:59:05.187727+00:00,,2026-09-25T14:59:05.189727+00:00,,2026-09-25T14:59:05.190727+00:00,,2026-09-25T14:59:05.191727+00:00,,2026-09-25T14:59:05.192727+00:00,,2026-09-25T14:59:05.193727+00:00,,2026-09-25T14:59:05.194727+00:00,,2026-09-25T14:59:05.195727+00:00,,2026-09-25T14:59:05.196727+00:00,,2026-09-25T14:59:05.197728+00:00,,2026-09-25T14:59:05.198728+00:00,,2026-09-25T14:59:05.199728+00:00,
104,2026-09-25T13:30:00.563173+00:00,2026-09-25T14:59:05.558748+00:00,102.006,2026-09-25T14:59:05.456742+00:00,,2026-09-25T14:59:05.475743+00:00,,2026-09-25T14:59:05.476743+00:00,,2026-09-25T14:59:05.477744+00:00,,2026-09-25T14:59:05.478744+00:00,,2026-09-25T14:59:05.479744+00:00,,2026-09-25T14:59:05.480744+00:00,,2026-09-25T14:59:05.481744+00:00,,2026-09-25T14:59:05.482744+00:00,,2026-09-25T14:59:05.483744+00:00,,2026-09-25T14:59:05.484744+00:00,,2026-09-25T14:59:05.485744+00:00,,2026-09-25T14:59:05.487744+00:00,,2026-09-25T14:59:05.488744+00:00,,2026-09-25T14:59:05.489744+00:00,,2026-09-25T14:59:05.490744+00:00,,2026-09-25T14:59:05.491744+00:00,,2026-09-25T14:59:05.492744+00:00,,2026-09-25T14:59:05.493744+00:00,,2026-09-25T14:59:05.494744+00:00,,2026-09-25T14:59:05.495745+00:00,,2026-09-25T14:59:05.496745+00:00,,2026-09-25T14:59:05.497745+00:00,,2026-09-25T14:59:05.498745+00:00,,2026-09-25T14:59:05.499745+00:00,,2026-09-25T14:59:05.500745+00:00,,2026-09-25T14:59:05.501745+00:00,,2026-09-25T14:59:05.513746+00:00,,2026-09-25T14:59:05.503745+00:00,,2026-09-25T14:59:05.504745+00:00,,2026-09-25T14:59:05.505745+00:00,,2026-09-25T14:59:05.506745+00:00,,2026-09-25T14:59:05.507745+00:00,,2026-09-25T14:59:05.508745+00:00,,2026-09-25T14:59:05.509745+00:00,,2026-09-25T14:59:05.510745+00:00,,2026-09-25T14:59:05.511745+00:00,,2026-09-25T14:59:05.512746+00:00,,2026-09-25T14:59:05.502745+00:00,,2026-09-25T14:59:05.514746+00:00,,2026-09-25T14:59:05.515746+00:00,,2026-09-25T14:59:05.516746+00:00,,2026-09-25T14:59:05.517746+00:00,,2026-09-25T14:59:05.529746+00:00,,2026-09-25T14:59:05.519746+00:00,,2026-09-25T14:59:05.520746+00:00,,2026-09-25T14:59:05.521746+00:00,,2026-09-25T14:59:05.522746+00:00,,2026-09-25T14:59:05.523746+00:00,,2026-09-25T14:59:05.524746+00:00,,2026-09-25T14:59:05.525746+00:00,,2026-09-25T14:59:05.537747+00:00,,2026-09-25T14:59:05.527746+00:00,,2026-09-25T14:59:05.528746+00:00,,2026-09-25T14:59:05.518746+00:00,,2026-09-25T14:59:05.530747+00:00,,2026-09-25T14:59:05.531747+00:00,,2026-09-25T14:59:05.532747+00:00,,2026-09-25T14:59:05.533747+00:00,,2026-09-25T14:59:05.534747+00:00,,2026-09-25T14:59:05.535747+00:00,,2026-09-25T14:59:05.547748+00:00,,2026-09-25T14:59:05.538747+00:00,,2026-09-25T14:59:05.539747+00:00,,2026-09-25T14:59:05.540747+00:00,,2026-09-25T14:59:05.541747+00:00,,2026-09-25T14:59:05.542747+00:00,,2026-09-25T14:59:05.543747+00:00,,2026-09-25T14:59:05.544747+00:00,,2026-09-25T14:59:05.545747+00:00,,2026-09-25T14:59:05.546747+00:00,,2026-09-25T14:59:05.536747+00:00,,2026-09-25T14:59:05.548748+00:00,,2026-09-25T14:59:05.549748+00:00,,2026-09-25T14:59:05.550748+00:00,,2026-09-25T14:59:05.551748+00:00,,2026-09-25T14:59:05.552748+00:00,,2026-09-25T14:59:05.553748+00:00,,2026-09-25T14:59:05.554748+00:00,,2026-09-25T14:59:05.555748+00:00,,2026-09-25T14:59:05.556748+00:00,,2026-09-25T14:59:05.557748+00:00,,2026-09-25T14:59:05.558748+00:00,
105,2026-09-25T13:30:00.952570+00:00,2026-09-25T14:59:05.904768+00:00,90.005,2026-09-25T14:59:05.814763+00:00,,2026-09-25T14:59:05.821763+00:00,,2026-09-25T14:59:05.827764+00:00,,2026-09-25T14:59:05.823763+00:00,,2026-09-25T14:59:05.824763+00:00,,2026-09-25T14:59:05.825763+00:00,,2026-09-25T14:59:05.837764+00:00,,2026-09-25T14:59:05.822763+00:00,,2026-09-25T14:59:05.828764+00:00,,2026-09-25T14:59:05.829764+00:00,,2026-09-25T14:59:05.830764+00:00,,2026-09-25T14:59:05.831764+00:00,,2026-09-25T14:59:05.832764+00:00,,2026-09-25T14:59:05.833764+00:00,,2026-09-25T14:59:05.834764+00:00,,2026-09-25T14:59:05.835764+00:00,,2026-09-25T14:59:05.836764+00:00,,2026-09-25T14:59:05.838764+00:00,,2026-09-25T14:59:05.839764+00:00,,2026-09-25T14:59:05.840764+00:00,,2026-09-25T14:59:05.841764+00:00,,2026-09-25T14:59:05.842764+00:00,,2026-09-25T14:59:05.843764+00:00,,2026-09-25T14:59:05.844765+00:00,,2026-09-25T14:59:05.845765+00:00,,2026-09-25T14:59:05.857765+00:00,,2026-09-25T14:59:05.858765+00:00,,2026-09-25T14:59:05.848765+00:00,,2026-09-25T14:59:05.849765+00:00,,2026-09-25T14:59:05.850765+00:00,,2026-09-25T14:59:05.851765+00:00,,2026-09-25T14:59:05.852765+00:00,,2026-09-25T14:59:05.853765+00:00,,2026-09-25T14:59:05.854765+00:00,,2026-09-25T14:59:05.855765+00:00,,2026-09-25T14:59:05.856765+00:00,,2026-09-25T14:59:05.846765+00:00,,2026-09-25T14:59:05.847765+00:00,,2026-09-25T14:59:05.859765+00:00,,2026-09-25T14:59:05.860765+00:00,,2026-09-25T14:59:05.861765+00:00,,2026-09-25T14:59:05.862766+00:00,,2026-09-25T14:59:05.863766+00:00,,2026-09-25T14:59:05.864766+00:00,,2026-09-25T14:59:05.865766+00:00,,2026-09-25T14:59:05.866766+00:00,,2026-09-25T14:59:05.867766+00:00,,2026-09-25T14:59:05.868766+00:00,,2026-09-25T14:59:05.869766+00:00,,2026-09-25T14:59:05.870766+00:00,,2026-09-25T14:59:05.871766+00:00,,2026-09-25T14:59:05.872766+00:00,,2026-09-25T14:59:05.873766+00:00,,2026-09-25T14:59:05.874766+00:00,,2026-09-25T14:59:05.875766+00:00,,2026-09-25T14:59:05.876766+00:00,,2026-09-25T14:59:05.877766+00:00,,2026-09-25T14:59:05.878766+00:00,,2026-09-25T14:59:05.879767+00:00,,2026-09-25T14:59:05.880767+00:00,,2026-09-25T14:59:05.881767+00:00,,2026-09-25T14:59:05.882767+00:00,,2026-09-25T14:59:05.883767+00:00,,2026-09-25T14:59:05.884767+00:00,,2026-09-25T14:59:05.885767+00:00,,2026-09-25T14:59:05.886767+00:00,,2026-09-25T14:59:05.888767+00:00,,2026-09-25T14:59:05.889767+00:00,,2026-09-25T14:59:05.890767+00:00,,2026-09-25T14:59:05.891767+00:00,,2026-09-25T14:59:05.892767+00:00,,2026-09-25T14:59:05.893767+00:00,,2026-09-25T14:59:05.894767+00:00,,2026-09-25T14:59:05.895767+00:00,,2026-09-25T14:59:05.896767+00:00,,2026-09-25T14:59:05.897768+00:00,,2026-09-25T14:59:05.898768+00:00,,2026-09-25T14:59:05.899768+00:00,,2026-09-25T14:59:05.900768+00:00,,2026-09-25T14:59:05.901768+00:00,,2026-09-25T14:59:05.902768+00:00,,2026-09-25T14:59:05.903768+00:00,,2026-09-25T14:59:05.904768+00:00,
106,2026-09-25T13:30:01.294901+00:00,2026-09-25T14:59:06.290790+00:00,88.005,2026-09-25T14:59:06.202785+00:00,,2026-09-25T14:59:06.207785+00:00,,2026-09-25T14:59:06.208785+00:00,,2026-09-25T14:59:06.209785+00:00,,2026-09-25T14:59:06.210785+00:00,,2026-09-25T14:59:06.211786+00:00,,2026-09-25T14:59:06.212786+00:00,,2026-09-25T14:59:06.213786+00:00,,2026-09-25T14:59:06.214786+00:00,,2026-09-25T14:59:06.215786+00:00,,2026-09-25T14:59:06.216786+00:00,,2026-09-25T14:59:06.217786+00:00,,2026-09-25T14:59:06.218786+00:00,,2026-09-25T14:59:06.219786+00:00,,2026-09-25T14:59:06.220786+00:00,,2026-09-25T14:59:06.221786+00:00,,2026-09-25T14:59:06.222786+00:00,,2026-09-25T14:59:06.223786+00:00,,2026-09-25T14:59:06.224786+00:00,,2026-09-25T14:59:06.225786+00:00,,2026-09-25T14:59:06.237787+00:00,,2026-09-25T14:59:06.227786+00:00,,2026-09-25T14:59:06.228786+00:00,,2026-09-25T14:59:06.229787+00:00,,2026-09-25T14:59:06.230787+00:00,,2026-09-25T14:59:06.231787+00:00,,2026-09-25T14:59:06.232787+00:00,,2026-09-25T14:59:06.233787+00:00,,2026-09-25T14:59:06.234787+00:00,,2026-09-25T14:59:06.235787+00:00,,2026-09-25T14:59:06.236787+00:00,,2026-09-25T14:59:06.238787+00:00,,2026-09-25T14:59:06.239787+00:00,,2026-09-25T14:59:06.240787+00:00,,2026-09-25T14:59:06.241787+00:00,,2026-09-25T14:59:06.242787+00:00,,2026-09-25T14:59:06.243787+00:00,,2026-09-25T14:59:06.244787+00:00,,2026-09-25T14:59:06.245787+00:00,,2026-09-25T14:59:06.268789+00:00,,2026-09-25T14:59:06.258788+00:00,,2026-09-25T14:59:06.259788+00:00,,2026-09-25T14:59:06.271789+00:00,,2026-09-25T14:59:06.250788+00:00,,2026-09-25T14:59:06.251788+00:00,,2026-09-25T14:59:06.252788+00:00,,2026-09-25T14:59:06.253788+00:00,,2026-09-25T14:59:06.254788+00:00,,2026-09-25T14:59:06.255788+00:00,,2026-09-25T14:59:06.267789+00:00,,2026-09-25T14:59:06.246788+00:00,,2026-09-25T14:59:06.247788+00:00,,2026-09-25T14:59:06.248788+00:00,,2026-09-25T14:59:06.249788+00:00,,2026-09-25T14:59:06.261788+00:00,,2026-09-25T14:59:06.262788+00:00,,2026-09-25T14:59:06.263788+00:00,,2026-09-25T14:59:06.264789+00:00,,2026-09-25T14:59:06.265789+00:00,,2026-09-25T14:59:06.266789+00:00,,2026-09-25T14:59:06.256788+00:00,,2026-09-25T14:59:06.257788+00:00,,2026-09-25T14:59:06.269789+00:00,,2026-09-25T14:59:06.270789+00:00,,2026-09-25T14:59:06.260788+00:00,,2026-09-25T14:59:06.272789+00:00,,2026-09-25T14:59:06.273789+00:00,,2026-09-25T14:59:06.274789+00:00,,2026-09-25T14:59:06.275789+00:00,,2026-09-25T14:59:06.287790+00:00,,2026-09-25T14:59:06.277789+00:00,,2026-09-25T14:59:06.278789+00:00,,2026-09-25T14:59:06.279789+00:00,,2026-09-25T14:59:06.280789+00:00,,2026-09-25T14:59:06.281790+00:00,,2026-09-25T14:59:06.282790+00:00,,2026-09-25T14:59:06.283790+00:00,,2026-09-25T14:59:06.284790+00:00,,2026-09-25T14:59:06.285790+00:00,,2026-09-25T14:59:06.286790+00:00,,2026-09-25T14:59:06.288790+00:00,,2026-09-25T14:59:06.289790+00:00,,2026-09-25T14:59:06.290790+00:00,
107,2026-09-25T13:30:01.682760+00:00,2026-09-25T14:59:06.677812+00:00,106.006,2026-09-25T14:59:06.571806+00:00,,2026-09-25T14:59:06.591807+00:00,,2026-09-25T14:59:06.592807+00:00,,2026-09-25T14:59:06.594807+00:00,,2026-09-25T14:59:06.607808+00:00,,2026-09-25T14:59:06.597808+00:00,,2026-09-25T14:59:06.598808+00:00,,2026-09-25T14:59:06.599808+00:00,,2026-09-25T14:59:06.600808+00:00,,2026-09-25T14:59:06.601808+00:00,,2026-09-25T14:59:06.602808+00:00,,2026-09-25T14:59:06.603808+00:00,,2026-09-25T14:59:06.604808+00:00,,2026-09-25T14:59:06.605808+00:00,,2026-09-25T14:59:06.606808+00:00,,2026-09-25T14:59:06.596808+00:00,,2026-09-25T14:59:06.608808+00:00,,2026-09-25T14:59:06.609808+00:00,,2026-09-25T14:59:06.621809+00:00,,2026-09-25T14:59:06.611808+00:00,,2026-09-25T14:59:06.612808+00:00,,2026-09-25T14:59:06.613809+00:00,,2026-09-25T14:59:06.614809+00:00,,2026-09-25T14:59:06.615809+00:00,,2026-09-25T14:59:06.616809+00:00,,2026-09-25T14:59:06.617809+00:00,,2026-09-25T14:59:06.618809+00:00,,2026-09-25T14:59:06.619809+00:00,,2026-09-25T14:59:06.620809+00:00,,2026-09-25T14:59:06.610808+00:00,,2026-09-25T14:59:06.622809+00:00,,2026-09-25T14:59:06.623809+00:00,,2026-09-25T14:59:06.624809+00:00,,2026-09-25T14:59:06.625809+00:00,,2026-09-25T14:59:06.638810+00:00,,2026-09-25T14:59:06.628809+00:00,,2026-09-25T14:59:06.640810+00:00,,2026-09-25T14:59:06.641810+00:00,,2026-09-25T14:59:06.642810+00:00,,2026-09-25T14:59:06.643810+00:00,,2026-09-25T14:59:06.633810+00:00,,2026-09-25T14:59:06.634810+00:00,,2026-09-25T14:59:06.635810+00:00,,2026-09-25T14:59:06.636810+00:00,,2026-09-25T14:59:06.637810+00:00,,2026-09-25T14:59:06.639810+00:00,,2026-09-25T14:59:06.629809+00:00,,2026-09-25T14:59:06.630809+00:00,,2026-09-25T14:59:06.631810+00:00,,2026-09-25T14:59:06.632810+00:00,,2026-09-25T14:59:06.644810+00:00,,2026-09-25T14:59:06.645810+00:00,,2026-09-25T14:59:06.646810+00:00,,2026-09-25T14:59:06.647810+00:00,,2026-09-25T14:59:06.648811+00:00,,2026-09-25T14:59:06.649811+00:00,,2026-09-25T14:59:06.650811+00:00,,2026-09-25T14:59:06.651811+00:00,,2026-09-25T14:59:06.652811+00:00,,2026-09-25T14:59:06.653811+00:00,,2026-09-25T14:59:06.654811+00:00,,2026-09-25T14:59:06.655811+00:00,,2026-09-25T14:59:06.656811+00:00,,2026-09-25T14:59:06.657811+00:00,,2026-09-25T14:59:06.658811+00:00,,2026-09-25T14:59:06.659811+00:00,,2026-09-25T14:59:06.660811+00:00,,2026-09-25T14:59:06.661811+00:00,,2026-09-25T14:59:06.662811+00:00,,2026-09-25T14:59:06.663811+00:00,,2026-09-25T14:59:06.664811+00:00,,2026-09-25T14:59:06.665811+00:00,,2026-09-25T14:59:06.666812+00:00,,2026-09-25T14:59:06.667812+00:00,,2026-09-25T14:59:06.668812+00:00,,2026-09-25T14:59:06.669812+00:00,,2026-09-25T14:59:06.670812+00:00,,2026-09-25T14:59:06.671812+00:00,,2026-09-25T14:59:06.672812+00:00,,2026-09-25T14:59:06.673812+00:00,,2026-09-25T14:59:06.674812+00:00,,2026-09-25T14:59:06.675812+00:00,,2026-09-25T14:59:06.677812+00:00,
108,2026-09-25T13:30:02.025822+00:00,2026-09-25T14:59:07.021832+00:00,88.005,2026-09-25T14:59:06.933827+00:00,,2026-09-25T14:59:06.939827+00:00,,2026-09-25T14:59:06.940827+00:00,,2026-09-25T14:59:06.941827+00:00,,2026-09-25T14:59:06.942827+00:00,,2026-09-25T14:59:06.943827+00:00,,2026-09-25T14:59:06.944827+00:00,,2026-09-25T14:59:06.945827+00:00,,2026-09-25T14:59:06.946828+00:00,,2026-09-25T14:59:06.947828+00:00,,2026-09-25T14:59:06.959828+00:00,,2026-09-25T14:59:06.949828+00:00,,2026-09-25T14:59:06.950828+00:00,,2026-09-25T14:59:06.951828+00:00,,2026-09-25T14:59:06.952828+00:00,,2026-09-25T14:59:06.953828+00:00,,2026-09-25T14:59:06.954828+00:00,,2026-09-25T14:59:06.955828+00:00,,2026-09-25T14:59:06.956828+00:00,,2026-09-25T14:59:06.957828+00:00,,2026-09-25T14:59:06.958828+00:00,,2026-09-25T14:59:06.948828+00:00,,2026-09-25T14:59:06.960828+00:00,,2026-09-25T14:59:06.961828+00:00,,2026-09-25T14:59:06.962828+00:00,,2026-09-25T14:59:06.963829+00:00,,2026-09-25T14:59:06.964829+00:00,,2026-09-25T14:59:06.965829+00:00,,2026-09-25T14:59:06.966829+00:00,,2026-09-25T14:59:06.967829+00:00,,2026-09-25T14:59:06.968829+00:00,,2026-09-25T14:59:06.969829+00:00,,2026-09-25T14:59:06.970829+00:00,,2026-09-25T14:59:06.971829+00:00,,2026-09-25T14:59:06.972829+00:00,,2026-09-25T14:59:06.973829+00:00,,2026-09-25T14:59:06.974829+00:00,,2026-09-25T14:59:06.986830+00:00,,2026-09-25T14:59:06.976829+00:00,,2026-09-25T14:59:06.977829+00:00,,2026-09-25T14:59:06.978829+00:00,,2026-09-25T14:59:06.979829+00:00,,2026-09-25T14:59:06.980829+00:00,,2026-09-25T14:59:06.981830+00:00,,2026-09-25T14:59:06.982830+00:00,,2026-09-25T14:59:06.983830+00:00,,2026-09-25T14:59:06.984830+00:00,,2026-09-25T14:59:06.985830+00:00,,2026-09-25T14:59:06.987830+00:00,,2026-09-25T14:59:06.988830+00:00,,2026-09-25T14:59:06.989830+00:00,,2026-09-25T14:59:06.990830+00:00,,2026-09-25T14:59:06.991830+00:00,,2026-09-25T14:59:06.992830+00:00,,2026-09-25T14:59:06.993830+00:00,,2026-09-25T14:59:06.994830+00:00,,2026-09-25T14:59:06.995830+00:00,,2026-09-25T14:59:07.007831+00:00,,2026-09-25T14:59:06.997830+00:00,,2026-09-25T14:59:06.998831+00:00,,2026-09-25T14:59:06.999831+00:00,,2026-09-25T14:59:07.011831+00:00,,2026-09-25T14:59:07.001831+00:00,,2026-09-25T14:59:07.002831+00:00,,2026-09-25T14:59:07.003831+00:00,,2026-09-25T14:59:07.004831+00:00,,2026-09-25T14:59:07.005831+00:00,,2026-09-25T14:59:07.006831+00:00,,2026-09-25T14:59:06.996830+00:00,,2026-09-25T14:59:07.008831+00:00,,2026-09-25T14:59:07.009831+00:00,,2026-09-25T14:59:07.010831+00:00,,2026-09-25T14:59:07.000831+00:00,,2026-09-25T14:59:07.012831+00:00,,2026-09-25T14:59:07.013831+00:00,,2026-09-25T14:59:07.014831+00:00,,2026-09-25T14:59:07.015831+00:00,,2026-09-25T14:59:07.016832+00:00,,2026-09-25T14:59:07.017832+00:00,,2026-09-25T14:59:07.018832+00:00,,2026-09-25T14:59:07.019832+00:00,,2026-09-25T14:59:07.020832+00:00,,2026-09-25T14:59:07.021832+00:00,
109,2026-09-25T13:30:02.365493+00:00,2026-09-25T14:59:07.360851+00:00,86.005,2026-09-25T14:59:07.274846+00:00,,2026-09-25T14:59:07.278847+00:00,,2026-09-25T14:59:07.279847+00:00,,2026-09-25T14:59:07.280847+00:00,,2026-09-25T14:59:07.281847+00:00,,2026-09-25T14:59:07.282847+00:00,,2026-09-25T14:59:07.283847+00:00,,2026-09-25T14:59:07.284847+00:00,,2026-09-25T14:59:07.285847+00:00,,2026-09-25T14:59:07.286847+00:00,,2026-09-25T14:59:07.287847+00:00,,2026-09-25T14:59:07.288847+00:00,,2026-09-25T14:59:07.289847+00:00,,2026-09-25T14:59:07.290847+00:00,,2026-09-25T14:59:07.291847+00:00,,2026-09-25T14:59:07.292847+00:00,,2026-09-25T14:59:07.293847+00:00,,2026-09-25T14:59:07.294847+00:00,,2026-09-25T14:59:07.295848+00:00,,2026-09-25T14:59:07.307848+00:00,,2026-09-25T14:59:07.297848+00:00,,2026-09-25T14:59:07.298848+00:00,,2026-09-25T14:59:07.299848+00:00,,2026-09-25T14:59:07.300848+00:00,,2026-09-25T14:59:07.301848+00:00,,2026-09-25T14:59:07.302848+00:00,,2026-09-25T14:59:07.303848+00:00,,2026-09-25T14:59:07.304848+00:00,,2026-09-25T14:59:07.305848+00:00,,2026-09-25T14:59:07.306848+00:00,,2026-09-25T14:59:07.296848+00:00,,2026-09-25T14:59:07.308848+00:00,,2026-09-25T14:59:07.309848+00:00,,2026-09-25T14:59:07.310848+00:00,,2026-09-25T14:59:07.311848+00:00,,2026-09-25T14:59:07.312848+00:00,,2026-09-25T14:59:07.313849+00:00,,2026-09-25T14:59:07.314849+00:00,,2026-09-25T14:59:07.315849+00:00,,2026-09-25T14:59:07.316849+00:00,,2026-09-25T14:59:07.317849+00:00,,2026-09-25T14:59:07.318849+00:00,,2026-09-25T14:59:07.319849+00:00,,2026-09-25T14:59:07.320849+00:00,,2026-09-25T14:59:07.321849+00:00,,2026-09-25T14:59:07.322849+00:00,,2026-09-25T14:59:07.323849+00:00,,2026-09-25T14:59:07.324849+00:00,,2026-09-25T14:59:07.325849+00:00,,2026-09-25T14:59:07.326849+00:00,,2026-09-25T14:59:07.327849+00:00,,2026-09-25T14:59:07.328849+00:00,,2026-09-25T14:59:07.329849+00:00,,2026-09-25T14:59:07.330850+00:00,,2026-09-25T14:59:07.331850+00:00,,2026-09-25T14:59:07.332850+00:00,,2026-09-25T14:59:07.333850+00:00,,2026-09-25T14:59:07.334850+00:00,,2026-09-25T14:59:07.335850+00:00,,2026-09-25T14:59:07.337850+00:00,,2026-09-25T14:59:07.338850+00:00,,2026-09-25T14:59:07.339850+00:00,,2026-09-25T14:59:07.340850+00:00,,2026-09-25T14:59:07.341850+00:00,,2026-09-25T14:59:07.342850+00:00,,2026-09-25T14:59:07.343850+00:00,,2026-09-25T14:59:07.344850+00:00,,2026-09-25T14:59:07.345850+00:00,,2026-09-25T14:59:07.346850+00:00,,2026-09-25T14:59:07.347850+00:00,,2026-09-25T14:59:07.348851+00:00,,2026-09-25T14:59:07.349851+00:00,,2026-09-25T14:59:07.350851+00:00,,2026-09-25T14:59:07.351851+00:00,,2026-09-25T14:59:07.352851+00:00,,2026-09-25T14:59:07.353851+00:00,,2026-09-25T14:59:07.354851+00:00,,2026-09-25T14:59:07.355851+00:00,,2026-09-25T14:59:07.356851+00:00,,2026-09-25T14:59:07.357851+00:00,,2026-09-25T14:59:07.358851+00:00,,2026-09-25T14:59:07.359851+00:00,,2026-09-25T14:59:07.360851+00:00,
110,2026-09-25T13:30:02.729845+00:00,2026-09-25T14:59:07.723872+00:00,104.006,2026-09-25T14:59:07.619866+00:00,,2026-09-25T14:59:07.636867+00:00,,2026-09-25T14:59:07.647868+00:00,,2026-09-25T14:59:07.654868+00:00,,2026-09-25T14:59:07.655868+00:00,,2026-09-25T14:59:07.656868+00:00,,2026-09-25T14:59:07.657868+00:00,,2026-09-25T14:59:07.638867+00:00,,2026-09-25T14:59:07.648868+00:00,,2026-09-25T14:59:07.649868+00:00,,2026-09-25T14:59:07.650868+00:00,,2026-09-25T14:59:07.651868+00:00,,2026-09-25T14:59:07.652868+00:00,,2026-09-25T14:59:07.653868+00:00,,2026-09-25T14:59:07.639867+00:00,,2026-09-25T14:59:07.643867+00:00,,2026-09-25T14:59:07.645868+00:00,,2026-09-25T14:59:07.646868+00:00,,2026-09-25T14:59:07.658868+00:00,,2026-09-25T14:59:07.670869+00:00,,2026-09-25T14:59:07.660868+00:00,,2026-09-25T14:59:07.661868+00:00,,2026-09-25T14:59:07.662869+00:00,,2026-09-25T14:59:07.663869+00:00,,2026-09-25T14:59:07.664869+00:00,,2026-09-25T14:59:07.665869+00:00,,2026-09-25T14:59:07.666869+00:00,,2026-09-25T14:59:07.667869+00:00,,2026-09-25T14:59:07.668869+00:00,,2026-09-25T14:59:07.669869+00:00,,2026-09-25T14:59:07.659868+00:00,,2026-09-25T14:59:07.671869+00:00,,2026-09-25T14:59:07.672869+00:00,,2026-09-25T14:59:07.673869+00:00,,2026-09-25T14:59:07.674869+00:00,,2026-09-25T14:59:07.686870+00:00,,2026-09-25T14:59:07.676869+00:00,,2026-09-25T14:59:07.677869+00:00,,2026-09-25T14:59:07.678869+00:00,,2026-09-25T14:59:07.679869+00:00,,2026-09-25T14:59:07.680870+00:00,,2026-09-25T14:59:07.681870+00:00,,2026-09-25T14:59:07.682870+00:00,,2026-09-25T14:59:07.683870+00:00,,2026-09-25T14:59:07.684870+00:00,,2026-09-25T14:59:07.685870+00:00,,2026-09-25T14:59:07.687870+00:00,,2026-09-25T14:59:07.688870+00:00,,2026-09-25T14:59:07.700871+00:00,,2026-09-25T14:59:07.690870+00:00,,2026-09-25T14:59:07.691870+00:00,,2026-09-25T14:59:07.692870+00:00,,2026-09-25T14:59:07.693870+00:00,,2026-09-25T14:59:07.694870+00:00,,2026-09-25T14:59:07.695870+00:00,,2026-09-25T14:59:07.696870+00:00,,2026-09-25T14:59:07.697871+00:00,,2026-09-25T14:59:07.698871+00:00,,2026-09-25T14:59:07.699871+00:00,,2026-09-25T14:59:07.689870+00:00,,2026-09-25T14:59:07.701871+00:00,,2026-09-25T14:59:07.702871+00:00,,2026-09-25T14:59:07.703871+00:00,,2026-09-25T14:59:07.704871+00:00,,2026-09-25T14:59:07.705871+00:00,,2026-09-25T14:59:07.706871+00:00,,2026-09-25T14:59:07.707871+00:00,,2026-09-25T14:59:07.708871+00:00,,2026-09-25T14:59:07.709871+00:00,,2026-09-25T14:59:07.710871+00:00,,2026-09-25T14:59:07.711871+00:00,,2026-09-25T14:59:07.712871+00:00,,2026-09-25T14:59:07.713871+00:00,,2026-09-25T14:59:07.714871+00:00,,2026-09-25T14:59:07.715872+00:00,,2026-09-25T14:59:07.716872+00:00,,2026-09-25T14:59:07.717872+00:00,,2026-09-25T14:59:07.718872+00:00,,2026-09-25T14:59:07.719872+00:00,,2026-09-25T14:59:07.720872+00:00,,2026-09-25T14:59:07.721872+00:00,,2026-09-25T14:59:07.722872+00:00,,2026-09-25T14:59:07.723872+00:00,
111,2026-09-25T13:30:03.119317+00:00,2026-09-25T14:59:08.114894+00:00,89.005,2026-09-25T14:59:08.025889+00:00,,2026-09-25T14:59:08.032890+00:00,,2026-09-25T14:59:08.033890+00:00,,2026-09-25T14:59:08.034890+00:00,,2026-09-25T14:59:08.035890+00:00,,2026-09-25T14:59:08.036890+00:00,,2026-09-25T14:59:08.037890+00:00,,2026-09-25T14:59:08.038890+00:00,,2026-09-25T14:59:08.050891+00:00,,2026-09-25T14:59:08.040890+00:00,,2026-09-25T14:59:08.041890+00:00,,2026-09-25T14:59:08.042890+00:00,,2026-09-25T14:59:08.043890+00:00,,2026-09-25T14:59:08.044890+00:00,,2026-09-25T14:59:08.045890+00:00,,2026-09-25T14:59:08.046890+00:00,,2026-09-25T14:59:08.047891+00:00,,2026-09-25T14:59:08.048891+00:00,,2026-09-25T14:59:08.049891+00:00,,2026-09-25T14:59:08.039890+00:00,,2026-09-25T14:59:08.051891+00:00,,2026-09-25T14:59:08.052891+00:00,,2026-09-25T14:59:08.053891+00:00,,2026-09-25T14:59:08.054891+00:00,,2026-09-25T14:59:08.055891+00:00,,2026-09-25T14:59:08.056891+00:00,,2026-09-25T14:59:08.057891+00:00,,2026-09-25T14:59:08.058891+00:00,,2026-09-25T14:59:08.059891+00:00,,2026-09-25T14:59:08.060891+00:00,,2026-09-25T14:59:08.061891+00:00,,2026-09-25T14:59:08.062891+00:00,,2026-09-25T14:59:08.063891+00:00,,2026-09-25T14:59:08.064891+00:00,,2026-09-25T14:59:08.065892+00:00,,2026-09-25T14:59:08.066892+00:00,,2026-09-25T14:59:08.067892+00:00,,2026-09-25T14:59:08.068892+00:00,,2026-09-25T14:59:08.069892+00:00,,2026-09-25T14:59:08.070892+00:00,,2026-09-25T14:59:08.071892+00:00,,2026-09-25T14:59:08.072892+00:00,,2026-09-25T14:59:08.073892+00:00,,2026-09-25T14:59:08.074892+00:00,,2026-09-25T14:59:08.086893+00:00,,2026-09-25T14:59:08.076892+00:00,,2026-09-25T14:59:08.077892+00:00,,2026-09-25T14:59:08.089893+00:00,,2026-09-25T14:59:08.090893+00:00,,2026-09-25T14:59:08.080892+00:00,,2026-09-25T14:59:08.081892+00:00,,2026-09-25T14:59:08.082893+00:00,,2026-09-25T14:59:08.083893+00:00,,2026-09-25T14:59:08.084893+00:00,,2026-09-25T14:59:08.085893+00:00,,2026-09-25T14:59:08.087893+00:00,,2026-09-25T14:59:08.088893+00:00,,2026-09-25T14:59:08.078892+00:00,,2026-09-25T14:59:08.079892+00:00,,2026-09-25T14:59:08.091893+00:00,,2026-09-25T14:59:08.092893+00:00,,2026-09-25T14:59:08.093893+00:00,,2026-09-25T14:59:08.094893+00:00,,2026-09-25T14:59:08.095893+00:00,,2026-09-25T14:59:08.096893+00:00,,2026-09-25T14:59:08.097893+00:00,,2026-09-25T14:59:08.098893+00:00,,2026-09-25T14:59:08.099894+00:00,,2026-09-25T14:59:08.100894+00:00,,2026-09-25T14:59:08.101894+00:00,,2026-09-25T14:59:08.102894+00:00,,2026-09-25T14:59:08.103894+00:00,,2026-09-25T14:59:08.104894+00:00,,2026-09-25T14:59:08.105894+00:00,,2026-09-25T14:59:08.106894+00:00,,2026-09-25T14:59:08.107894+00:00,,2026-09-25T14:59:08.108894+00:00,,2026-09-25T14:59:08.109894+00:00,,2026-09-25T14:59:08.110894+00:00,,2026-09-25T14:59:08.111894+00:00,,2026-09-25T14:59:08.112894+00:00,,2026-09-25T14:59:08.113894+00:00,,2026-09-25T14:59:08.114894+00:00,
112,2026-09-25T13:30:03.463984+00:00,2026-09-25T14:59:08.459914+00:00,90.005,2026-09-25T14:59:08.369909+00:00,,2026-09-25T14:59:08.377909+00:00,,2026-09-25T14:59:08.378909+00:00,,2026-09-25T14:59:08.379910+00:00,,2026-09-25T14:59:08.380910+00:00,,2026-09-25T14:59:08.381910+00:00,,2026-09-25T14:59:08.382910+00:00,,2026-09-25T14:59:08.383910+00:00,,2026-09-25T14:59:08.384910+00:00,,2026-09-25T14:59:08.385910+00:00,,2026-09-25T14:59:08.386910+00:00,,2026-09-25T14:59:08.387910+00:00,,2026-09-25T14:59:08.388910+00:00,,2026-09-25T14:59:08.389910+00:00,,2026-09-25T14:59:08.390910+00:00,,2026-09-25T14:59:08.391910+00:00,,2026-09-25T14:59:08.392910+00:00,,2026-09-25T14:59:08.393910+00:00,,2026-09-25T14:59:08.394910+00:00,,2026-09-25T14:59:08.395910+00:00,,2026-09-25T14:59:08.396910+00:00,,2026-09-25T14:59:08.397911+00:00,,2026-09-25T14:59:08.398911+00:00,,2026-09-25T14:59:08.399911+00:00,,2026-09-25T14:59:08.400911+00:00,,2026-09-25T14:59:08.401911+00:00,,2026-09-25T14:59:08.402911+00:00,,2026-09-25T14:59:08.403911+00:00,,2026-09-25T14:59:08.404911+00:00,,2026-09-25T14:59:08.405911+00:00,,2026-09-25T14:59:08.406911+00:00,,2026-09-25T14:59:08.407911+00:00,,2026-09-25T14:59:08.408911+00:00,,2026-09-25T14:59:08.409911+00:00,,2026-09-25T14:59:08.410911+00:00,,2026-09-25T14:59:08.411911+00:00,,2026-09-25T14:59:08.412911+00:00,,2026-09-25T14:59:08.413911+00:00,,2026-09-25T14:59:08.414912+00:00,,2026-09-25T14:59:08.415912+00:00,,2026-09-25T14:59:08.416912+00:00,,2026-09-25T14:59:08.417912+00:00,,2026-09-25T14:59:08.418912+00:00,,2026-09-25T14:59:08.419912+00:00,,2026-09-25T14:59:08.420912+00:00,,2026-09-25T14:59:08.421912+00:00,,2026-09-25T14:59:08.422912+00:00,,2026-09-25T14:59:08.423912+00:00,,2026-09-25T14:59:08.435913+00:00,,2026-09-25T14:59:08.425912+00:00,,2026-09-25T14:59:08.426912+00:00,,2026-09-25T14:59:08.427912+00:00,,2026-09-25T14:59:08.428912+00:00,,2026-09-25T14:59:08.429912+00:00,,2026-09-25T14:59:08.430912+00:00,,2026-09-25T14:59:08.431912+00:00,,2026-09-25T14:59:08.432913+00:00,,2026-09-25T14:59:08.433913+00:00,,2026-09-25T14:59:08.434913+00:00,,2026-09-25T14:59:08.436913+00:00,,2026-09-25T14:59:08.437913+00:00,,2026-09-25T14:59:08.438913+00:00,,2026-09-25T14:59:08.439913+00:00,,2026-09-25T14:59:08.440913+00:00,,2026-09-25T14:59:08.441913+00:00,,2026-09-25T14:59:08.442913+00:00,,2026-09-25T14:59:08.443913+00:00,,2026-09-25T14:59:08.444913+00:00,,2026-09-25T14:59:08.445913+00:00,,2026-09-25T14:59:08.446913+00:00,,2026-09-25T14:59:08.447913+00:00,,2026-09-25T14:59:08.448913+00:00,,2026-09-25T14:59:08.449914+00:00,,2026-09-25T14:59:08.450914+00:00,,2026-09-25T14:59:08.451914+00:00,,2026-09-25T14:59:08.452914+00:00,,2026-09-25T14:59:08.453914+00:00,,2026-09-25T14:59:08.454914+00:00,,2026-09-25T14:59:08.455914+00:00,,2026-09-25T14:59:08.456914+00:00,,2026-09-25T14:59:08.457914+00:00,,2026-09-25T14:59:08.458914+00:00,,2026-09-25T14:59:08.459914+00:00,
113,2026-09-25T13:30:03.818724+00:00,2026-09-25T14:59:08.806934+00:00,91.005,2026-09-25T14:59:08.715929+00:00,,2026-09-25T14:59:08.722929+00:00,,2026-09-25T14:59:08.723929+00:00,,2026-09-25T14:59:08.724929+00:00,,2026-09-25T14:59:08.725929+00:00,,2026-09-25T14:59:08.726929+00:00,,2026-09-25T14:59:08.727929+00:00,,2026-09-25T14:59:08.728929+00:00,,2026-09-25T14:59:08.729930+00:00,,2026-09-25T14:59:08.730930+00:00,,2026-09-25T14:59:08.731930+00:00,,2026-09-25T14:59:08.744930+00:00,,2026-09-25T14:59:08.733930+00:00,,2026-09-25T14:59:08.746931+00:00,,2026-09-25T14:59:08.736930+00:00,,2026-09-25T14:59:08.737930+00:00,,2026-09-25T14:59:08.738930+00:00,,2026-09-25T14:59:08.739930+00:00,,2026-09-25T14:59:08.740930+00:00,,2026-09-25T14:59:08.741930+00:00,,2026-09-25T14:59:08.742930+00:00,,2026-09-25T14:59:08.743930+00:00,,2026-09-25T14:59:08.732930+00:00,,2026-09-25T14:59:08.745930+00:00,,2026-09-25T14:59:08.734930+00:00,,2026-09-25T14:59:08.747931+00:00,,2026-09-25T14:59:08.748931+00:00,,2026-09-25T14:59:08.749931+00:00,,2026-09-25T14:59:08.750931+00:00,,2026-09-25T14:59:08.751931+00:00,,2026-09-25T14:59:08.752931+00:00,,2026-09-25T14:59:08.753931+00:00,,2026-09-25T14:59:08.754931+00:00,,2026-09-25T14:59:08.755931+00:00,,2026-09-25T14:59:08.767932+00:00,,2026-09-25T14:59:08.768932+00:00,,2026-09-25T14:59:08.758931+00:00,,2026-09-25T14:59:08.759931+00:00,,2026-09-25T14:59:08.760931+00:00,,2026-09-25T14:59:08.772932+00:00,,2026-09-25T14:59:08.762931+00:00,,2026-09-25T14:59:08.763931+00:00,,2026-09-25T14:59:08.764932+00:00,,2026-09-25T14:59:08.776932+00:00,,2026-09-25T14:59:08.766932+00:00,,2026-09-25T14:59:08.756931+00:00,,2026-09-25T14:59:08.757931+00:00,,2026-09-25T14:59:08.769932+00:00,,2026-09-25T14:59:08.770932+00:00,,2026-09-25T14:59:08.771932+00:00,,2026-09-25T14:59:08.761931+00:00,,2026-09-25T14:59:08.773932+00:00,,2026-09-25T14:59:08.785933+00:00,,2026-09-25T14:59:08.775932+00:00,,2026-09-25T14:59:08.765932+00:00,,2026-09-25T14:59:08.777932+00:00,,2026-09-25T14:59:08.778932+00:00,,2026-09-25T14:59:08.779932+00:00,,2026-09-25T14:59:08.780932+00:00,,2026-09-25T14:59:08.781933+00:00,,2026-09-25T14:59:08.782933+00:00,,2026-09-25T14:59:08.783933+00:00,,2026-09-25T14:59:08.784933+00:00,,2026-09-25T14:59:08.786933+00:00,,2026-09-25T14:59:08.787933+00:00,,2026-09-25T14:59:08.788933+00:00,,2026-09-25T14:59:08.789933+00:00,,2026-09-25T14:59:08.790933+00:00,,2026-09-25T14:59:08.791933+00:00,,2026-09-25T14:59:08.792933+00:00,,2026-09-25T14:59:08.793933+00:00,,2026-09-25T14:59:08.794933+00:00,,2026-09-25T14:59:08.795933+00:00,,2026-09-25T14:59:08.797933+00:00,,2026-09-25T14:59:08.798933+00:00,,2026-09-25T14:59:08.799934+00:00,,2026-09-25T14:59:08.800934+00:00,,2026-09-25T14:59:08.801934+00:00,,2026-09-25T14:59:08.802934+00:00,,2026-09-25T14:59:08.803934+00:00,,2026-09-25T14:59:08.804934+00:00,,2026-09-25T14:59:08.805934+00:00,,2026-09-25T14:59:08.806934+00:00,
114,2026-09-25T13:30:04.182319+00:00,2026-09-25T14:59:09.171955+00:00,99.006,2026-09-25T14:59:09.072949+00:00,,2026-09-25T14:59:09.086950+00:00,,2026-09-25T14:59:09.087950+00:00,,2026-09-25T14:59:09.088950+00:00,,2026-09-25T14:59:09.089950+00:00,,2026-09-25T14:59:09.090950+00:00,,2026-09-25T14:59:09.091950+00:00,,2026-09-25T14:59:09.092950+00:00,,2026-09-25T14:59:09.093950+00:00,,2026-09-25T14:59:09.094950+00:00,,2026-09-25T14:59:09.095950+00:00,,2026-09-25T14:59:09.096951+00:00,,2026-09-25T14:59:09.097951+00:00,,2026-09-25T14:59:09.098951+00:00,,2026-09-25T14:59:09.099951+00:00,,2026-09-25T14:59:09.100951+00:00,,2026-09-25T14:59:09.112951+00:00,,2026-09-25T14:59:09.102951+00:00,,2026-09-25T14:59:09.103951+00:00,,2026-09-25T14:59:09.104951+00:00,,2026-09-25T14:59:09.105951+00:00,,2026-09-25T14:59:09.106951+00:00,,2026-09-25T14:59:09.107951+00:00,,2026-09-25T14:59:09.108951+00:00,,2026-09-25T14:59:09.109951+00:00,,2026-09-25T14:59:09.110951+00:00,,2026-09-25T14:59:09.111951+00:00,,2026-09-25T14:59:09.101951+00:00,,2026-09-25T14:59:09.113952+00:00,,2026-09-25T14:59:09.114952+00:00,,2026-09-25T14:59:09.115952+00:00,,2026-09-25T14:59:09.116952+00:00,,2026-09-25T14:59:09.117952+00:00,,2026-09-25T14:59:09.118952+00:00,,2026-09-25T14:59:09.119952+00:00,,2026-09-25T14:59:09.120952+00:00,,2026-09-25T14:59:09.121952+00:00,,2026-09-25T14:59:09.122952+00:00,,2026-09-25T14:59:09.123952+00:00,,2026-09-25T14:59:09.124952+00:00,,2026-09-25T14:59:09.125952+00:00,,2026-09-25T14:59:09.126952+00:00,,2026-09-25T14:59:09.127952+00:00,,2026-09-25T14:59:09.128952+00:00,,2026-09-25T14:59:09.129952+00:00,,2026-09-25T14:59:09.143953+00:00,,2026-09-25T14:59:09.132953+00:00,,2026-09-25T14:59:09.133953+00:00,,2026-09-25T14:59:09.134953+00:00,,2026-09-25T14:59:09.135953+00:00,,2026-09-25T14:59:09.137953+00:00,,2026-09-25T14:59:09.138953+00:00,,2026-09-25T14:59:09.139953+00:00,,2026-09-25T14:59:09.140953+00:00,,2026-09-25T14:59:09.141953+00:00,,2026-09-25T14:59:09.142953+00:00,,2026-09-25T14:59:09.131953+00:00,,2026-09-25T14:59:09.144953+00:00,,2026-09-25T14:59:09.145953+00:00,,2026-09-25T14:59:09.146953+00:00,,2026-09-25T14:59:09.147953+00:00,,2026-09-25T14:59:09.148954+00:00,,2026-09-25T14:59:09.149954+00:00,,2026-09-25T14:59:09.150954+00:00,,2026-09-25T14:59:09.151954+00:00,,2026-09-25T14:59:09.152954+00:00,,2026-09-25T14:59:09.153954+00:00,,2026-09-25T14:59:09.154954+00:00,,2026-09-25T14:59:09.155954+00:00,,2026-09-25T14:59:09.156954+00:00,,2026-09-25T14:59:09.157954+00:00,,2026-09-25T14:59:09.158954+00:00,,2026-09-25T14:59:09.159954+00:00,,2026-09-25T14:59:09.160954+00:00,,2026-09-25T14:59:09.161954+00:00,,2026-09-25T14:59:09.162954+00:00,,2026-09-25T14:59:09.163954+00:00,,2026-09-25T14:59:09.164954+00:00,,2026-09-25T14:59:09.165954+00:00,,2026-09-25T14:59:09.166955+00:00,,2026-09-25T14:59:09.168955+00:00,,2026-09-25T14:59:09.170955+00:00,,2026-09-25T14:59:09.171955+00:00,
115,2026-09-25T13:30:04.524166+00:00,2026-09-25T14:59:09.519975+00:00,88.005,2026-09-25T14:59:09.431970+00:00,,2026-09-25T14:59:09.437970+00:00,,2026-09-25T14:59:09.438970+00:00,,2026-09-25T14:59:09.439970+00:00,,2026-09-25T14:59:09.440970+00:00,,2026-09-25T14:59:09.441970+00:00,,2026-09-25T14:59:09.442970+00:00,,2026-09-25T14:59:09.443970+00:00,,2026-09-25T14:59:09.444970+00:00,,2026-09-25T14:59:09.445970+00:00,,2026-09-25T14:59:09.446971+00:00,,2026-09-25T14:59:09.447971+00:00,,2026-09-25T14:59:09.448971+00:00,,2026-09-25T14:59:09.449971+00:00,,2026-09-25T14:59:09.450971+00:00,,2026-09-25T14:59:09.451971+00:00,,2026-09-25T14:59:09.452971+00:00,,2026-09-25T14:59:09.453971+00:00,,2026-09-25T14:59:09.454971+00:00,,2026-09-25T14:59:09.455971+00:00,,2026-09-25T14:59:09.456971+00:00,,2026-09-25T14:59:09.457971+00:00,,2026-09-25T14:59:09.458971+00:00,,2026-09-25T14:59:09.459971+00:00,,2026-09-25T14:59:09.460971+00:00,,2026-09-25T14:59:09.461971+00:00,,2026-09-25T14:59:09.462971+00:00,,2026-09-25T14:59:09.463972+00:00,,2026-09-25T14:59:09.464972+00:00,,2026-09-25T14:59:09.465972+00:00,,2026-09-25T14:59:09.466972+00:00,,2026-09-25T14:59:09.467972+00:00,,2026-09-25T14:59:09.468972+00:00,,2026-09-25T14:59:09.469972+00:00,,2026-09-25T14:59:09.470972+00:00,,2026-09-25T14:59:09.471972+00:00,,2026-09-25T14:59:09.472972+00:00,,2026-09-25T14:59:09.473972+00:00,,2026-09-25T14:59:09.485973+00:00,,2026-09-25T14:59:09.475972+00:00,,2026-09-25T14:59:09.476972+00:00,,2026-09-25T14:59:09.477972+00:00,,2026-09-25T14:59:09.478972+00:00,,2026-09-25T14:59:09.479972+00:00,,2026-09-25T14:59:09.480972+00:00,,2026-09-25T14:59:09.481973+00:00,,2026-09-25T14:59:09.482973+00:00,,2026-09-25T14:59:09.483973+00:00,,2026-09-25T14:59:09.484973+00:00,,2026-09-25T14:59:09.486973+00:00,,2026-09-25T14:59:09.487973+00:00,,2026-09-25T14:59:09.488973+00:00,,2026-09-25T14:59:09.489973+00:00,,2026-09-25T14:59:09.490973+00:00,,2026-09-25T14:59:09.491973+00:00,,2026-09-25T14:59:09.492973+00:00,,2026-09-25T14:59:09.493973+00:00,,2026-09-25T14:59:09.494973+00:00,,2026-09-25T14:59:09.495973+00:00,,2026-09-25T14:59:09.507974+00:00,,2026-09-25T14:59:09.497973+00:00,,2026-09-25T14:59:09.498974+00:00,,2026-09-25T14:59:09.499974+00:00,,2026-09-25T14:59:09.500974+00:00,,2026-09-25T14:59:09.501974+00:00,,2026-09-25T14:59:09.502974+00:00,,2026-09-25T14:59:09.503974+00:00,,2026-09-25T14:59:09.504974+00:00,,2026-09-25T14:59:09.505974+00:00,,2026-09-25T14:59:09.506974+00:00,,2026-09-25T14:59:09.496973+00:00,,2026-09-25T14:59:09.508974+00:00,,2026-09-25T14:59:09.509974+00:00,,2026-09-25T14:59:09.510974+00:00,,2026-09-25T14:59:09.511974+00:00,,2026-09-25T14:59:09.512974+00:00,,2026-09-25T14:59:09.513974+00:00,,2026-09-25T14:59:09.514974+00:00,,2026-09-25T14:59:09.515974+00:00,,2026-09-25T14:59:09.516975+00:00,,2026-09-25T14:59:09.517975+00:00,,2026-09-25T14:59:09.518975+00:00,,2026-09-25T14:59:09.519975+00:00,
116,2026-09-25T13:30:04.902901+00:00,2026-09-25T14:59:09.897996+00:00,117.006,2026-09-25T14:59:09.780990+00:00,,2026-09-25T14:59:09.812991+00:00,,2026-09-25T14:59:09.813992+00:00,,2026-09-25T14:59:09.814992+00:00,,2026-09-25T14:59:09.815992+00:00,,2026-09-25T14:59:09.816992+00:00,,2026-09-25T14:59:09.817992+00:00,,2026-09-25T14:59:09.818992+00:00,,2026-09-25T14:59:09.819992+00:00,,2026-09-25T14:59:09.820992+00:00,,2026-09-25T14:59:09.821992+00:00,,2026-09-25T14:59:09.822992+00:00,,2026-09-25T14:59:09.835993+00:00,,2026-09-25T14:59:09.825992+00:00,,2026-09-25T14:59:09.826992+00:00,,2026-09-25T14:59:09.827992+00:00,,2026-09-25T14:59:09.828992+00:00,,2026-09-25T14:59:09.829992+00:00,,2026-09-25T14:59:09.830993+00:00,,2026-09-25T14:59:09.831993+00:00,,2026-09-25T14:59:09.832993+00:00,,2026-09-25T14:59:09.833993+00:00,,2026-09-25T14:59:09.834993+00:00,,2026-09-25T14:59:09.836993+00:00,,2026-09-25T14:59:09.837993+00:00,,2026-09-25T14:59:09.838993+00:00,,2026-09-25T14:59:09.839993+00:00,,2026-09-25T14:59:09.840993+00:00,,2026-09-25T14:59:09.841993+00:00,,2026-09-25T14:59:09.842993+00:00,,2026-09-25T14:59:09.843993+00:00,,2026-09-25T14:59:09.844993+00:00,,2026-09-25T14:59:09.845993+00:00,,2026-09-25T14:59:09.846993+00:00,,2026-09-25T14:59:09.847993+00:00,,2026-09-25T14:59:09.848994+00:00,,2026-09-25T14:59:09.849994+00:00,,2026-09-25T14:59:09.850994+00:00,,2026-09-25T14:59:09.851994+00:00,,2026-09-25T14:59:09.852994+00:00,,2026-09-25T14:59:09.853994+00:00,,2026-09-25T14:59:09.854994+00:00,,2026-09-25T14:59:09.866995+00:00,,2026-09-25T14:59:09.856994+00:00,,2026-09-25T14:59:09.857994+00:00,,2026-09-25T14:59:09.858994+00:00,,2026-09-25T14:59:09.859994+00:00,,2026-09-25T14:59:09.860994+00:00,,2026-09-25T14:59:09.861994+00:00,,2026-09-25T14:59:09.862994+00:00,,2026-09-25T14:59:09.863994+00:00,,2026-09-25T14:59:09.864994+00:00,,2026-09-25T14:59:09.865995+00:00,,2026-09-25T14:59:09.855994+00:00,,2026-09-25T14:59:09.867995+00:00,,2026-09-25T14:59:09.868995+00:00,,2026-09-25T14:59:09.869995+00:00,,2026-09-25T14:59:09.870995+00:00,,2026-09-25T14:59:09.871995+00:00,,2026-09-25T14:59:09.872995+00:00,,2026-09-25T14:59:09.873995+00:00,,2026-09-25T14:59:09.874995+00:00,,2026-09-25T14:59:09.875995+00:00,,2026-09-25T14:59:09.876995+00:00,,2026-09-25T14:59:09.877995+00:00,,2026-09-25T14:59:09.878995+00:00,,2026-09-25T14:59:09.879995+00:00,,2026-09-25T14:59:09.880995+00:00,,2026-09-25T14:59:09.881995+00:00,,2026-09-25T14:59:09.882995+00:00,,2026-09-25T14:59:09.883996+00:00,,2026-09-25T14:59:09.885996+00:00,,2026-09-25T14:59:09.886996+00:00,,2026-09-25T14:59:09.887996+00:00,,2026-09-25T14:59:09.888996+00:00,,2026-09-25T14:59:09.890996+00:00,,2026-09-25T14:59:09.891996+00:00,,2026-09-25T14:59:09.892996+00:00,,2026-09-25T14:59:09.893996+00:00,,2026-09-25T14:59:09.894996+00:00,,2026-09-25T14:59:09.895996+00:00,,2026-09-25T14:59:09.896996+00:00,,2026-09-25T14:59:09.897996+00:00,
117,2026-09-25T13:30:05.261240+00:00,2026-09-25T14:59:10.257017+00:00,94.00500000000001,2026-09-25T14:59:10.163012+00:00,,2026-09-25T14:59:10.170012+00:00,,2026-09-25T14:59:10.171012+00:00,,2026-09-25T14:59:10.172012+00:00,,2026-09-25T14:59:10.173012+00:00,,2026-09-25T14:59:10.188013+00:00,,2026-09-25T14:59:10.175012+00:00,,2026-09-25T14:59:10.176012+00:00,,2026-09-25T14:59:10.177012+00:00,,2026-09-25T14:59:10.178012+00:00,,2026-09-25T14:59:10.179012+00:00,,2026-09-25T14:59:10.180012+00:00,,2026-09-25T14:59:10.181013+00:00,,2026-09-25T14:59:10.184013+00:00,,2026-09-25T14:59:10.186013+00:00,,2026-09-25T14:59:10.187013+00:00,,2026-09-25T14:59:10.189013+00:00,,2026-09-25T14:59:10.190013+00:00,,2026-09-25T14:59:10.191013+00:00,,2026-09-25T14:59:10.192013+00:00,,2026-09-25T14:59:10.193013+00:00,,2026-09-25T14:59:10.194013+00:00,,2026-09-25T14:59:10.195013+00:00,,2026-09-25T14:59:10.196013+00:00,,2026-09-25T14:59:10.197013+00:00,,2026-09-25T14:59:10.198014+00:00,,2026-09-25T14:59:10.200014+00:00,,2026-09-25T14:59:10.201014+00:00,,2026-09-25T14:59:10.202014+00:00,,2026-09-25T14:59:10.203014+00:00,,2026-09-25T14:59:10.204014+00:00,,2026-09-25T14:59:10.205014+00:00,,2026-09-25T14:59:10.206014+00:00,,2026-09-25T14:59:10.207014+00:00,,2026-09-25T14:59:10.208014+00:00,,2026-09-25T14:59:10.209014+00:00,,2026-09-25T14:59:10.210014+00:00,,2026-09-25T14:59:10.211014+00:00,,2026-09-25T14:59:10.212014+00:00,,2026-09-25T14:59:10.213014+00:00,,2026-09-25T14:59:10.214014+00:00,,2026-09-25T14:59:10.215014+00:00,,2026-09-25T14:59:10.216015+00:00,,2026-09-25T14:59:10.217015+00:00,,2026-09-25T14:59:10.218015+00:00,,2026-09-25T14:59:10.219015+00:00,,2026-09-25T14:59:10.220015+00:00,,2026-09-25T14:59:10.221015+00:00,,2026-09-25T14:59:10.222015+00:00,,2026-09-25T14:59:10.223015+00:00,,2026-09-25T14:59:10.235016+00:00,,2026-09-25T14:59:10.225015+00:00,,2026-09-25T14:59:10.226015+00:00,,2026-09-25T14:59:10.227015+00:00,,2026-09-25T14:59:10.228015+00:00,,2026-09-25T14:59:10.240016+00:00,,2026-09-25T14:59:10.230015+00:00,,2026-09-25T14:59:10.231015+00:00,,2026-09-25T14:59:10.232015+00:00,,2026-09-25T14:59:10.233016+00:00,,2026-09-25T14:59:10.234016+00:00,,2026-09-25T14:59:10.236016+00:00,,2026-09-25T14:59:10.237016+00:00,,2026-09-25T14:59:10.238016+00:00,,2026-09-25T14:59:10.239016+00:00,,2026-09-25T14:59:10.229015+00:00,,2026-09-25T14:59:10.241016+00:00,,2026-09-25T14:59:10.242016+00:00,,2026-09-25T14:59:10.243016+00:00,,2026-09-25T14:59:10.244016+00:00,,2026-09-25T14:59:10.245016+00:00,,2026-09-25T14:59:10.246016+00:00,,2026-09-25T14:59:10.247016+00:00,,2026-09-25T14:59:10.248016+00:00,,2026-09-25T14:59:10.249016+00:00,,2026-09-25T14:59:10.250016+00:00,,2026-09-25T14:59:10.251017+00:00,,2026-09-25T14:59:10.252017+00:00,,2026-09-25T14:59:10.253017+00:00,,2026-09-25T14:59:10.254017+00:00,,2026-09-25T14:59:10.255017+00:00,,2026-09-25T14:59:10.256017+00:00,,2026-09-25T14:59:10.257017+00:00,
118,2026-09-25T13:30:05.617008+00:00,2026-09-25T14:59:10.603037+00:00,90.005,2026-09-25T14:59:10.513032+00:00,,2026-09-25T14:59:10.517032+00:00,,2026-09-25T14:59:10.518032+00:00,,2026-09-25T14:59:10.519032+00:00,,2026-09-25T14:59:10.520032+00:00,,2026-09-25T14:59:10.521032+00:00,,2026-09-25T14:59:10.522032+00:00,,2026-09-25T14:59:10.523032+00:00,,2026-09-25T14:59:10.535033+00:00,,2026-09-25T14:59:10.525032+00:00,,2026-09-25T14:59:10.526032+00:00,,2026-09-25T14:59:10.538033+00:00,,2026-09-25T14:59:10.539033+00:00,,2026-09-25T14:59:10.529032+00:00,,2026-09-25T14:59:10.530032+00:00,,2026-09-25T14:59:10.531033+00:00,,2026-09-25T14:59:10.532033+00:00,,2026-09-25T14:59:10.533033+00:00,,2026-09-25T14:59:10.534033+00:00,,2026-09-25T14:59:10.536033+00:00,,2026-09-25T14:59:10.537033+00:00,,2026-09-25T14:59:10.527032+00:00,,2026-09-25T14:59:10.528032+00:00,,2026-09-25T14:59:10.540033+00:00,,2026-09-25T14:59:10.541033+00:00,,2026-09-25T14:59:10.542033+00:00,,2026-09-25T14:59:10.543033+00:00,,2026-09-25T14:59:10.544033+00:00,,2026-09-25T14:59:10.569035+00:00,,2026-09-25T14:59:10.546033+00:00,,2026-09-25T14:59:10.547033+00:00,,2026-09-25T14:59:10.548034+00:00,,2026-09-25T14:59:10.549034+00:00,,2026-09-25T14:59:10.550034+00:00,,2026-09-25T14:59:10.551034+00:00,,2026-09-25T14:59:10.552034+00:00,,2026-09-25T14:59:10.553034+00:00,,2026-09-25T14:59:10.554034+00:00,,2026-09-25T14:59:10.568035+00:00,,2026-09-25T14:59:10.545033+00:00,,2026-09-25T14:59:10.570035+00:00,,2026-09-25T14:59:10.560034+00:00,,2026-09-25T14:59:10.561034+00:00,,2026-09-25T14:59:10.562034+00:00,,2026-09-25T14:59:10.563034+00:00,,2026-09-25T14:59:10.564034+00:00,,2026-09-25T14:59:10.565034+00:00,,2026-09-25T14:59:10.566035+00:00,,2026-09-25T14:59:10.567035+00:00,,2026-09-25T14:59:10.555034+00:00,,2026-09-25T14:59:10.557034+00:00,,2026-09-25T14:59:10.559034+00:00,,2026-09-25T14:59:10.571035+00:00,,2026-09-25T14:59:10.572035+00:00,,2026-09-25T14:59:10.574035+00:00,,2026-09-25T14:59:10.575035+00:00,,2026-09-25T14:59:10.576035+00:00,,2026-09-25T14:59:10.577035+00:00,,2026-09-25T14:59:10.578035+00:00,,2026-09-25T14:59:10.579035+00:00,,2026-09-25T14:59:10.580035+00:00,,2026-09-25T14:59:10.581035+00:00,,2026-09-25T14:59:10.582035+00:00,,2026-09-25T14:59:10.583036+00:00,,2026-09-25T14:59:10.584036+00:00,,2026-09-25T14:59:10.597036+00:00,,2026-09-25T14:59:10.587036+00:00,,2026-09-25T14:59:10.588036+00:00,,2026-09-25T14:59:10.589036+00:00,,2026-09-25T14:59:10.590036+00:00,,2026-09-25T14:59:10.591036+00:00,,2026-09-25T14:59:10.592036+00:00,,2026-09-25T14:59:10.593036+00:00,,2026-09-25T14:59:10.594036+00:00,,2026-09-25T14:59:10.595036+00:00,,2026-09-25T14:59:10.596036+00:00,,2026-09-25T14:59:10.585036+00:00,,2026-09-25T14:59:10.598036+00:00,,2026-09-25T14:59:10.599036+00:00,,2026-09-25T14:59:10.600037+00:00,,2026-09-25T14:59:10.601037+00:00,,2026-09-25T14:59:10.602037+00:00,,2026-09-25T14:59:10.603037+00:00,
119,2026-09-25T13:30:06.022321+00:00,2026-09-25T14:59:11.018060+00:00,93.00500000000001,2026-09-25T14:59:10.925055+00:00,,2026-09-25T14:59:10.932055+00:00,,2026-09-25T14:59:10.933056+00:00,,2026-09-25T14:59:10.934056+00:00,,2026-09-25T14:59:10.935056+00:00,,2026-09-25T14:59:10.936056+00:00,,2026-09-25T14:59:10.937056+00:00,,2026-09-25T14:59:10.938056+00:00,,2026-09-25T14:59:10.939056+00:00,,2026-09-25T14:59:10.940056+00:00,,2026-09-25T14:59:10.941056+00:00,,2026-09-25T14:59:10.942056+00:00,,2026-09-25T14:59:10.943056+00:00,,2026-09-25T14:59:10.944056+00:00,,2026-09-25T14:59:10.945056+00:00,,2026-09-25T14:59:10.946056+00:00,,2026-09-25T14:59:10.947056+00:00,,2026-09-25T14:59:10.948056+00:00,,2026-09-25T14:59:10.961057+00:00,,2026-09-25T14:59:10.951057+00:00,,2026-09-25T14:59:10.952057+00:00,,2026-09-25T14:59:10.953057+00:00,,2026-09-25T14:59:10.954057+00:00,,2026-09-25T14:59:10.955057+00:00,,2026-09-25T14:59:10.956057+00:00,,2026-09-25T14:59:10.957057+00:00,,2026-09-25T14:59:10.958057+00:00,,2026-09-25T14:59:10.959057+00:00,,2026-09-25T14:59:10.960057+00:00,,2026-09-25T14:59:10.949056+00:00,,2026-09-25T14:59:10.962057+00:00,,2026-09-25T14:59:10.975058+00:00,,2026-09-25T14:59:10.965057+00:00,,2026-09-25T14:59:10.966057+00:00,,2026-09-25T14:59:10.967057+00:00,,2026-09-25T14:59:10.968058+00:00,,2026-09-25T14:59:10.969058+00:00,,2026-09-25T14:59:10.970058+00:00,,2026-09-25T14:59:10.971058+00:00,,2026-09-25T14:59:10.972058+00:00,,2026-09-25T14:59:10.973058+00:00,,2026-09-25T14:59:10.985059+00:00,,2026-09-25T14:59:10.964057+00:00,,2026-09-25T14:59:10.976058+00:00,,2026-09-25T14:59:10.977058+00:00,,2026-09-25T14:59:10.978058+00:00,,2026-09-25T14:59:10.979058+00:00,,2026-09-25T14:59:10.980058+00:00,,2026-09-25T14:59:10.981058+00:00,,2026-09-25T14:59:10.982058+00:00,,2026-09-25T14:59:10.983058+00:00,,2026-09-25T14:59:10.984058+00:00,,2026-09-25T14:59:10.986059+00:00,,2026-09-25T14:59:10.987059+00:00,,2026-09-25T14:59:10.988059+00:00,,2026-09-25T14:59:10.989059+00:00,,2026-09-25T14:59:10.990059+00:00,,2026-09-25T14:59:10.991059+00:00,,2026-09-25T14:59:10.992059+00:00,,2026-09-25T14:59:10.993059+00:00,,2026-09-25T14:59:10.994059+00:00,,2026-09-25T14:59:11.007060+00:00,,2026-09-25T14:59:10.996059+00:00,,2026-09-25T14:59:10.997059+00:00,,2026-09-25T14:59:10.998059+00:00,,2026-09-25T14:59:10.999059+00:00,,2026-09-25T14:59:11.000059+00:00,,2026-09-25T14:59:11.001059+00:00,,2026-09-25T14:59:11.002059+00:00,,2026-09-25T14:59:11.003060+00:00,,2026-09-25T14:59:11.004060+00:00,,2026-09-25T14:59:11.018060+00:00,,2026-09-25T14:59:10.995059+00:00,,2026-09-25T14:59:11.008060+00:00,,2026-09-25T14:59:11.009060+00:00,,2026-09-25T14:59:11.010060+00:00,,2026-09-25T14:59:11.012060+00:00,,2026-09-25T14:59:11.013060+00:00,,2026-09-25T14:59:11.014060+00:00,,2026-09-25T14:59:11.015060+00:00,,2026-09-25T14:59:11.016060+00:00,,2026-09-25T14:59:11.017060+00:00,,2026-09-25T14:59:11.006060+00:00,
120,2026-09-25T13:30:06.372337+00:00,2026-09-25T14:59:11.368080+00:00,96.005,2026-09-25T14:59:11.272075+00:00,,2026-09-25T14:59:11.280075+00:00,,2026-09-25T14:59:11.295076+00:00,,2026-09-25T14:59:11.296076+00:00,,2026-09-25T14:59:11.285076+00:00,,2026-09-25T14:59:11.286076+00:00,,2026-09-25T14:59:11.287076+00:00,,2026-09-25T14:59:11.288076+00:00,,2026-09-25T14:59:11.289076+00:00,,2026-09-25T14:59:11.290076+00:00,,2026-09-25T14:59:11.292076+00:00,,2026-09-25T14:59:11.293076+00:00,,2026-09-25T14:59:11.294076+00:00,,2026-09-25T14:59:11.282076+00:00,,2026-09-25T14:59:11.284076+00:00,,2026-09-25T14:59:11.297076+00:00,,2026-09-25T14:59:11.298076+00:00,,2026-09-25T14:59:11.299076+00:00,,2026-09-25T14:59:11.300077+00:00,,2026-09-25T14:59:11.301077+00:00,,2026-09-25T14:59:11.302077+00:00,,2026-09-25T14:59:11.303077+00:00,,2026-09-25T14:59:11.304077+00:00,,2026-09-25T14:59:11.305077+00:00,,2026-09-25T14:59:11.306077+00:00,,2026-09-25T14:59:11.318078+00:00,,2026-09-25T14:59:11.308077+00:00,,2026-09-25T14:59:11.309077+00:00,,2026-09-25T14:59:11.310077+00:00,,2026-09-25T14:59:11.311077+00:00,,2026-09-25T14:59:11.312077+00:00,,2026-09-25T14:59:11.313077+00:00,,2026-09-25T14:59:11.314077+00:00,,2026-09-25T14:59:11.315077+00:00,,2026-09-25T14:59:11.316077+00:00,,2026-09-25T14:59:11.317078+00:00,,2026-09-25T14:59:11.307077+00:00,,2026-09-25T14:59:11.319078+00:00,,2026-09-25T14:59:11.320078+00:00,,2026-09-25T14:59:11.321078+00:00,,2026-09-25T14:59:11.334078+00:00,,2026-09-25T14:59:11.324078+00:00,,2026-09-25T14:59:11.325078+00:00,,2026-09-25T14:59:11.326078+00:00,,2026-09-25T14:59:11.327078+00:00,,2026-09-25T14:59:11.328078+00:00,,2026-09-25T14:59:11.329078+00:00,,2026-09-25T14:59:11.330078+00:00,,2026-09-25T14:59:11.331078+00:00,,2026-09-25T14:59:11.332078+00:00,,2026-09-25T14:59:11.333078+00:00,,2026-09-25T14:59:11.323078+00:00,,2026-09-25T14:59:11.336079+00:00,,2026-09-25T14:59:11.337079+00:00,,2026-09-25T14:59:11.338079+00:00,,2026-09-25T14:59:11.339079+00:00,,2026-09-25T14:59:11.340079+00:00,,2026-09-25T14:59:11.341079+00:00,,2026-09-25T14:59:11.342079+00:00,,2026-09-25T14:59:11.343079+00:00,,2026-09-25T14:59:11.344079+00:00,,2026-09-25T14:59:11.345079+00:00,,2026-09-25T14:59:11.346079+00:00,,2026-09-25T14:59:11.347079+00:00,,2026-09-25T14:59:11.348079+00:00,,2026-09-25T14:59:11.349079+00:00,,2026-09-25T14:59:11.350079+00:00,,2026-09-25T14:59:11.351079+00:00,,2026-09-25T14:59:11.352080+00:00,,2026-09-25T14:59:11.366080+00:00,,2026-09-25T14:59:11.355080+00:00,,2026-09-25T14:59:11.356080+00:00,,2026-09-25T14:59:11.357080+00:00,,2026-09-25T14:59:11.358080+00:00,,2026-09-25T14:59:11.359080+00:00,,2026-09-25T14:59:11.360080+00:00,,2026-09-25T14:59:11.361080+00:00,,2026-09-25T14:59:11.362080+00:00,,2026-09-25T14:59:11.363080+00:00,,2026-09-25T14:59:11.364080+00:00,,2026-09-25T14:59:11.354080+00:00,,2026-09-25T14:59:11.367080+00:00,,2026-09-25T14:59:11.368080+00:00,
121,2026-09-25T13:30:06.761712+00:00,2026-09-25T14:59:11.745102+00:00,107.006,2026-09-25T14:59:11.638096+00:00,,2026-09-25T14:59:11.653097+00:00,,2026-09-25T14:59:11.655097+00:00,,2026-09-25T14:59:11.656097+00:00,,2026-09-25T14:59:11.657097+00:00,,2026-09-25T14:59:11.658097+00:00,,2026-09-25T14:59:11.659097+00:00,,2026-09-25T14:59:11.660097+00:00,,2026-09-25T14:59:11.674098+00:00,,2026-09-25T14:59:11.663097+00:00,,2026-09-25T14:59:11.664097+00:00,,2026-09-25T14:59:11.677098+00:00,,2026-09-25T14:59:11.667098+00:00,,2026-09-25T14:59:11.668098+00:00,,2026-09-25T14:59:11.669098+00:00,,2026-09-25T14:59:11.670098+00:00,,2026-09-25T14:59:11.671098+00:00,,2026-09-25T14:59:11.672098+00:00,,2026-09-25T14:59:11.685099+00:00,,2026-09-25T14:59:11.662097+00:00,,2026-09-25T14:59:11.675098+00:00,,2026-09-25T14:59:11.676098+00:00,,2026-09-25T14:59:11.666097+00:00,,2026-09-25T14:59:11.678098+00:00,,2026-09-25T14:59:11.679098+00:00,,2026-09-25T14:59:11.680098+00:00,,2026-09-25T14:59:11.682098+00:00,,2026-09-25T14:59:11.683098+00:00,,2026-09-25T14:59:11.684099+00:00,,2026-09-25T14:59:11.686099+00:00,,2026-09-25T14:59:11.687099+00:00,,2026-09-25T14:59:11.688099+00:00,,2026-09-25T14:59:11.689099+00:00,,2026-09-25T14:59:11.704100+00:00,,2026-09-25T14:59:11.692099+00:00,,2026-09-25T14:59:11.693099+00:00,,2026-09-25T14:59:11.694099+00:00,,2026-09-25T14:59:11.695099+00:00,,2026-09-25T14:59:11.709100+00:00,,2026-09-25T14:59:11.699099+00:00,,2026-09-25T14:59:11.700099+00:00,,2026-09-25T14:59:11.701099+00:00,,2026-09-25T14:59:11.702100+00:00,,2026-09-25T14:59:11.703100+00:00,,2026-09-25T14:59:11.691099+00:00,,2026-09-25T14:59:11.705100+00:00,,2026-09-25T14:59:11.706100+00:00,,2026-09-25T14:59:11.707100+00:00,,2026-09-25T14:59:11.708100+00:00,,2026-09-25T14:59:11.697099+00:00,,2026-09-25T14:59:11.710100+00:00,,2026-09-25T14:59:11.711100+00:00,,2026-09-25T14:59:11.712100+00:00,,2026-09-25T14:59:11.713100+00:00,,2026-09-25T14:59:11.714100+00:00,,2026-09-25T14:59:11.715100+00:00,,2026-09-25T14:59:11.716100+00:00,,2026-09-25T14:59:11.717100+00:00,,2026-09-25T14:59:11.718100+00:00,,2026-09-25T14:59:11.719101+00:00,,2026-09-25T14:59:11.720101+00:00,,2026-09-25T14:59:11.721101+00:00,,2026-09-25T14:59:11.722101+00:00,,2026-09-25T14:59:11.735101+00:00,,2026-09-25T14:59:11.724101+00:00,,2026-09-25T14:59:11.725101+00:00,,2026-09-25T14:59:11.738102+00:00,,2026-09-25T14:59:11.728101+00:00,,2026-09-25T14:59:11.729101+00:00,,2026-09-25T14:59:11.730101+00:00,,2026-09-25T14:59:11.731101+00:00,,2026-09-25T14:59:11.732101+00:00,,2026-09-25T14:59:11.733101+00:00,,2026-09-25T14:59:11.734101+00:00,,2026-09-25T14:59:11.736101+00:00,,2026-09-25T14:59:11.737102+00:00,,2026-09-25T14:59:11.727101+00:00,,2026-09-25T14:59:11.740102+00:00,,2026-09-25T14:59:11.741102+00:00,,2026-09-25T14:59:11.742102+00:00,,2026-09-25T14:59:11.743102+00:00,,2026-09-25T14:59:11.744102+00:00,,2026-09-25T14:59:11.745102+00:00,
122,2026-09-25T13:30:07.123166+00:00,2026-09-25T14:59:12.111123+00:00,99.006,2026-09-25T14:59:12.012117+00:00,,2026-09-25T14:59:12.017118+00:00,,2026-09-25T14:59:12.019118+00:00,,2026-09-25T14:59:12.021118+00:00,,2026-09-25T14:59:12.022118+00:00,,2026-09-25T14:59:12.034119+00:00,,2026-09-25T14:59:12.024118+00:00,,2026-09-25T14:59:12.025118+00:00,,2026-09-25T14:59:12.026118+00:00,,2026-09-25T14:59:12.027118+00:00,,2026-09-25T14:59:12.028118+00:00,,2026-09-25T14:59:12.029118+00:00,,2026-09-25T14:59:12.030118+00:00,,2026-09-25T14:59:12.031118+00:00,,2026-09-25T14:59:12.032118+00:00,,2026-09-25T14:59:12.033118+00:00,,2026-09-25T14:59:12.035119+00:00,,2026-09-25T14:59:12.036119+00:00,,2026-09-25T14:59:12.037119+00:00,,2026-09-25T14:59:12.038119+00:00,,2026-09-25T14:59:12.039119+00:00,,2026-09-25T14:59:12.052120+00:00,,2026-09-25T14:59:12.042119+00:00,,2026-09-25T14:59:12.043119+00:00,,2026-09-25T14:59:12.044119+00:00,,2026-09-25T14:59:12.045119+00:00,,2026-09-25T14:59:12.046119+00:00,,2026-09-25T14:59:12.047119+00:00,,2026-09-25T14:59:12.048119+00:00,,2026-09-25T14:59:12.049119+00:00,,2026-09-25T14:59:12.050119+00:00,,2026-09-25T14:59:12.051119+00:00,,2026-09-25T14:59:12.041119+00:00,,2026-09-25T14:59:12.053120+00:00,,2026-09-25T14:59:12.054120+00:00,,2026-09-25T14:59:12.056120+00:00,,2026-09-25T14:59:12.057120+00:00,,2026-09-25T14:59:12.059120+00:00,,2026-09-25T14:59:12.060120+00:00,,2026-09-25T14:59:12.062120+00:00,,2026-09-25T14:59:12.064120+00:00,,2026-09-25T14:59:12.065120+00:00,,2026-09-25T14:59:12.079121+00:00,,2026-09-25T14:59:12.068120+00:00,,2026-09-25T14:59:12.069121+00:00,,2026-09-25T14:59:12.070121+00:00,,2026-09-25T14:59:12.072121+00:00,,2026-09-25T14:59:12.084121+00:00,,2026-09-25T14:59:12.074121+00:00,,2026-09-25T14:59:12.075121+00:00,,2026-09-25T14:59:12.076121+00:00,,2026-09-25T14:59:12.077121+00:00,,2026-09-25T14:59:12.078121+00:00,,2026-09-25T14:59:12.067120+00:00,,2026-09-25T14:59:12.080121+00:00,,2026-09-25T14:59:12.081121+00:00,,2026-09-25T14:59:12.082121+00:00,,2026-09-25T14:59:12.083121+00:00,,2026-09-25T14:59:12.085121+00:00,,2026-09-25T14:59:12.086122+00:00,,2026-09-25T14:59:12.087122+00:00,,2026-09-25T14:59:12.088122+00:00,,2026-09-25T14:59:12.089122+00:00,,2026-09-25T14:59:12.090122+00:00,,2026-09-25T14:59:12.091122+00:00,,2026-09-25T14:59:12.092122+00:00,,2026-09-25T14:59:12.093122+00:00,,2026-09-25T14:59:12.094122+00:00,,2026-09-25T14:59:12.095122+00:00,,2026-09-25T14:59:12.096122+00:00,,2026-09-25T14:59:12.098122+00:00,,2026-09-25T14:59:12.099122+00:00,,2026-09-25T14:59:12.100122+00:00,,2026-09-25T14:59:12.101122+00:00,,2026-09-25T14:59:12.102122+00:00,,2026-09-25T14:59:12.103122+00:00,,2026-09-25T14:59:12.104123+00:00,,2026-09-25T14:59:12.105123+00:00,,2026-09-25T14:59:12.106123+00:00,,2026-09-25T14:59:12.107123+00:00,,2026-09-25T14:59:12.108123+00:00,,2026-09-25T14:59:12.110123+00:00,,2026-09-25T14:59:12.111123+00:00,
123,2026-09-25T13:30:07.546426+00:00,2026-09-25T14:59:12.528147+00:00,152.00900000000001,2026-09-25T14:59:12.376138+00:00,,2026-09-25T14:59:12.386139+00:00,,2026-09-25T14:59:12.388139+00:00,,2026-09-25T14:59:12.390139+00:00,,2026-09-25T14:59:12.391139+00:00,,2026-09-25T14:59:12.393139+00:00,,2026-09-25T14:59:12.395139+00:00,,2026-09-25T14:59:12.397139+00:00,,2026-09-25T14:59:12.398139+00:00,,2026-09-25T14:59:12.400139+00:00,,2026-09-25T14:59:12.401140+00:00,,2026-09-25T14:59:12.402140+00:00,,2026-09-25T14:59:12.404140+00:00,,2026-09-25T14:59:12.405140+00:00,,2026-09-25T14:59:12.406140+00:00,,2026-09-25T14:59:12.407140+00:00,,2026-09-25T14:59:12.408140+00:00,,2026-09-25T14:59:12.410140+00:00,,2026-09-25T14:59:12.411140+00:00,,2026-09-25T14:59:12.412140+00:00,,2026-09-25T14:59:12.413140+00:00,,2026-09-25T14:59:12.415140+00:00,,2026-09-25T14:59:12.417140+00:00,,2026-09-25T14:59:12.418140+00:00,,2026-09-25T14:59:12.420141+00:00,,2026-09-25T14:59:12.421141+00:00,,2026-09-25T14:59:12.422141+00:00,,2026-09-25T14:59:12.444142+00:00,,2026-09-25T14:59:12.426141+00:00,,2026-09-25T14:59:12.428141+00:00,,2026-09-25T14:59:12.430141+00:00,,2026-09-25T14:59:12.431141+00:00,,2026-09-25T14:59:12.432141+00:00,,2026-09-25T14:59:12.434141+00:00,,2026-09-25T14:59:12.436142+00:00,,2026-09-25T14:59:12.438142+00:00,,2026-09-25T14:59:12.439142+00:00,,2026-09-25T14:59:12.442142+00:00,,2026-09-25T14:59:12.424141+00:00,,2026-09-25T14:59:12.446142+00:00,,2026-09-25T14:59:12.448142+00:00,,2026-09-25T14:59:12.450142+00:00,,2026-09-25T14:59:12.452142+00:00,,2026-09-25T14:59:12.453142+00:00,,2026-09-25T14:59:12.454143+00:00,,2026-09-25T14:59:12.456143+00:00,,2026-09-25T14:59:12.458143+00:00,,2026-09-25T14:59:12.460143+00:00,,2026-09-25T14:59:12.481144+00:00,,2026-09-25T14:59:12.464143+00:00,,2026-09-25T14:59:12.466143+00:00,,2026-09-25T14:59:12.468143+00:00,,2026-09-25T14:59:12.470143+00:00,,2026-09-25T14:59:12.471144+00:00,,2026-09-25T14:59:12.493145+00:00,,2026-09-25T14:59:12.475144+00:00,,2026-09-25T14:59:12.476144+00:00,,2026-09-25T14:59:12.478144+00:00,,2026-09-25T14:59:12.480144+00:00,,2026-09-25T14:59:12.462143+00:00,,2026-09-25T14:59:12.483144+00:00,,2026-09-25T14:59:12.485144+00:00,,2026-09-25T14:59:12.487144+00:00,,2026-09-25T14:59:12.489145+00:00,,2026-09-25T14:59:12.491145+00:00,,2026-09-25T14:59:12.495145+00:00,,2026-09-25T14:59:12.497145+00:00,,2026-09-25T14:59:12.498145+00:00,,2026-09-25T14:59:12.500145+00:00,,2026-09-25T14:59:12.502145+00:00,,2026-09-25T14:59:12.504145+00:00,,2026-09-25T14:59:12.506146+00:00,,2026-09-25T14:59:12.508146+00:00,,2026-09-25T14:59:12.510146+00:00,,2026-09-25T14:59:12.512146+00:00,,2026-09-25T14:59:12.514146+00:00,,2026-09-25T14:59:12.516146+00:00,,2026-09-25T14:59:12.518146+00:00,,2026-09-25T14:59:12.520146+00:00,,2026-09-25T14:59:12.522146+00:00,,2026-09-25T14:59:12.524147+00:00,,2026-09-25T14:59:12.526147+00:00,,2026-09-25T14:59:12.528147+00:00,
124,2026-09-25T13:30:07.984670+00:00,2026-09-25T14:59:12.980173+00:00,182.011,2026-09-25T14:59:12.798162+00:00,,2026-09-25T14:59:12.814163+00:00,,2026-09-25T14:59:12.816163+00:00,,2026-09-25T14:59:12.818163+00:00,,2026-09-25T14:59:12.820163+00:00,,2026-09-25T14:59:12.822164+00:00,,2026-09-25T14:59:12.824164+00:00,,2026-09-25T14:59:12.826164+00:00,,2026-09-25T14:59:12.828164+00:00,,2026-09-25T14:59:12.830164+00:00,,2026-09-25T14:59:12.832164+00:00,,2026-09-25T14:59:12.834164+00:00,,2026-09-25T14:59:12.836164+00:00,,2026-09-25T14:59:12.838165+00:00,,2026-09-25T14:59:12.840165+00:00,,2026-09-25T14:59:12.842165+00:00,,2026-09-25T14:59:12.844165+00:00,,2026-09-25T14:59:12.848165+00:00,,2026-09-25T14:59:12.850165+00:00,,2026-09-25T14:59:12.895168+00:00,,2026-09-25T14:59:12.854165+00:00,,2026-09-25T14:59:12.856166+00:00,,2026-09-25T14:59:12.858166+00:00,,2026-09-25T14:59:12.860166+00:00,,2026-09-25T14:59:12.862166+00:00,,2026-09-25T14:59:12.864166+00:00,,2026-09-25T14:59:12.866166+00:00,,2026-09-25T14:59:12.868166+00:00,,2026-09-25T14:59:12.869166+00:00,,2026-09-25T14:59:12.871166+00:00,,2026-09-25T14:59:12.852165+00:00,,2026-09-25T14:59:12.875167+00:00,,2026-09-25T14:59:12.877167+00:00,,2026-09-25T14:59:12.879167+00:00,,2026-09-25T14:59:12.881167+00:00,,2026-09-25T14:59:12.883167+00:00,,2026-09-25T14:59:12.885167+00:00,,2026-09-25T14:59:12.887167+00:00,,2026-09-25T14:59:12.889167+00:00,,2026-09-25T14:59:12.891168+00:00,,2026-09-25T14:59:12.893168+00:00,,2026-09-25T14:59:12.897168+00:00,,2026-09-25T14:59:12.899168+00:00,,2026-09-25T14:59:12.901168+00:00,,2026-09-25T14:59:12.903168+00:00,,2026-09-25T14:59:12.905168+00:00,,2026-09-25T14:59:12.907168+00:00,,2026-09-25T14:59:12.909169+00:00,,2026-09-25T14:59:12.911169+00:00,,2026-09-25T14:59:12.913169+00:00,,2026-09-25T14:59:12.915169+00:00,,2026-09-25T14:59:12.917169+00:00,,2026-09-25T14:59:12.919169+00:00,,2026-09-25T14:59:12.921169+00:00,,2026-09-25T14:59:12.923169+00:00,,2026-09-25T14:59:12.925169+00:00,,2026-09-25T14:59:12.927170+00:00,,2026-09-25T14:59:12.929170+00:00,,2026-09-25T14:59:12.931170+00:00,,2026-09-25T14:59:12.933170+00:00,,2026-09-25T14:59:12.935170+00:00,,2026-09-25T14:59:12.937170+00:00,,2026-09-25T14:59:12.939170+00:00,,2026-09-25T14:59:12.941170+00:00,,2026-09-25T14:59:12.943171+00:00,,2026-09-25T14:59:12.946171+00:00,,2026-09-25T14:59:12.948171+00:00,,2026-09-25T14:59:12.950171+00:00,,2026-09-25T14:59:12.952171+00:00,,2026-09-25T14:59:12.954171+00:00,,2026-09-25T14:59:12.956171+00:00,,2026-09-25T14:59:12.958171+00:00,,2026-09-25T14:59:12.960171+00:00,,2026-09-25T14:59:12.962172+00:00,,2026-09-25T14:59:12.964172+00:00,,2026-09-25T14:59:12.966172+00:00,,2026-09-25T14:59:12.968172+00:00,,2026-09-25T14:59:12.970172+00:00,,2026-09-25T14:59:12.972172+00:00,,2026-09-25T14:59:12.974172+00:00,,2026-09-25T14:59:12.976172+00:00,,2026-09-25T14:59:12.978173+00:00,,2026-09-25T14:59:12.980173+00:00,
125,2026-09-25T13:30:08.324767+00:00,2026-09-25T14:59:13.320192+00:00,86.005,2026-09-25T14:59:13.234187+00:00,,2026-09-25T14:59:13.238187+00:00,,2026-09-25T14:59:13.246188+00:00,,2026-09-25T14:59:13.240188+00:00,,2026-09-25T14:59:13.241188+00:00,,2026-09-25T14:59:13.242188+00:00,,2026-09-25T14:59:13.243188+00:00,,2026-09-25T14:59:13.244188+00:00,,2026-09-25T14:59:13.239187+00:00,,2026-09-25T14:59:13.245188+00:00,,2026-09-25T14:59:13.247188+00:00,,2026-09-25T14:59:13.248188+00:00,,2026-09-25T14:59:13.249188+00:00,,2026-09-25T14:59:13.250188+00:00,,2026-09-25T14:59:13.251188+00:00,,2026-09-25T14:59:13.252188+00:00,,2026-09-25T14:59:13.253188+00:00,,2026-09-25T14:59:13.254188+00:00,,2026-09-25T14:59:13.255188+00:00,,2026-09-25T14:59:13.256188+00:00,,2026-09-25T14:59:13.268189+00:00,,2026-09-25T14:59:13.269189+00:00,,2026-09-25T14:59:13.259189+00:00,,2026-09-25T14:59:13.260189+00:00,,2026-09-25T14:59:13.261189+00:00,,2026-09-25T14:59:13.262189+00:00,,2026-09-25T14:59:13.263189+00:00,,2026-09-25T14:59:13.264189+00:00,,2026-09-25T14:59:13.265189+00:00,,2026-09-25T14:59:13.266189+00:00,,2026-09-25T14:59:13.267189+00:00,,2026-09-25T14:59:13.257188+00:00,,2026-09-25T14:59:13.258189+00:00,,2026-09-25T14:59:13.270189+00:00,,2026-09-25T14:59:13.271189+00:00,,2026-09-25T14:59:13.283190+00:00,,2026-09-25T14:59:13.273189+00:00,,2026-09-25T14:59:13.274189+00:00,,2026-09-25T14:59:13.275190+00:00,,2026-09-25T14:59:13.276190+00:00,,2026-09-25T14:59:13.277190+00:00,,2026-09-25T14:59:13.278190+00:00,,2026-09-25T14:59:13.279190+00:00,,2026-09-25T14:59:13.291190+00:00,,2026-09-25T14:59:13.281190+00:00,,2026-09-25T14:59:13.282190+00:00,,2026-09-25T14:59:13.284190+00:00,,2026-09-25T14:59:13.285190+00:00,,2026-09-25T14:59:13.286190+00:00,,2026-09-25T14:59:13.287190+00:00,,2026-09-25T14:59:13.288190+00:00,,2026-09-25T14:59:13.289190+00:00,,2026-09-25T14:59:13.290190+00:00,,2026-09-25T14:59:13.280190+00:00,,2026-09-25T14:59:13.292190+00:00,,2026-09-25T14:59:13.293191+00:00,,2026-09-25T14:59:13.294191+00:00,,2026-09-25T14:59:13.306191+00:00,,2026-09-25T14:59:13.307191+00:00,,2026-09-25T14:59:13.308191+00:00,,2026-09-25T14:59:13.320192+00:00,,2026-09-25T14:59:13.299191+00:00,,2026-09-25T14:59:13.300191+00:00,,2026-09-25T14:59:13.301191+00:00,,2026-09-25T14:59:13.302191+00:00,,2026-09-25T14:59:13.303191+00:00,,2026-09-25T14:59:13.304191+00:00,,2026-09-25T14:59:13.305191+00:00,,2026-09-25T14:59:13.295191+00:00,,2026-09-25T14:59:13.296191+00:00,,2026-09-25T14:59:13.297191+00:00,,2026-09-25T14:59:13.298191+00:00,,2026-09-25T14:59:13.310192+00:00,,2026-09-25T14:59:13.311192+00:00,,2026-09-25T14:59:13.312192+00:00,,2026-09-25T14:59:13.313192+00:00,,2026-09-25T14:59:13.314192+00:00,,2026-09-25T14:59:13.315192+00:00,,2026-09-25T14:59:13.316192+00:00,,2026-09-25T14:59:13.317192+00:00,,2026-09-25T14:59:13.318192+00:00,,2026-09-25T14:59:13.319192+00:00,,2026-09-25T14:59:13.309191+00:00,
126,2026-09-25T13:30:08.681728+00:00,2026-09-25T14:59:13.673212+00:00,89.005,2026-09-25T14:59:13.584207+00:00,,2026-09-25T14:59:13.590208+00:00,,2026-09-25T14:59:13.601208+00:00,,2026-09-25T14:59:13.592208+00:00,,2026-09-25T14:59:13.593208+00:00,,2026-09-25T14:59:13.594208+00:00,,2026-09-25T14:59:13.595208+00:00,,2026-09-25T14:59:13.596208+00:00,,2026-09-25T14:59:13.597208+00:00,,2026-09-25T14:59:13.598208+00:00,,2026-09-25T14:59:13.599208+00:00,,2026-09-25T14:59:13.600208+00:00,,2026-09-25T14:59:13.591208+00:00,,2026-09-25T14:59:13.602208+00:00,,2026-09-25T14:59:13.603208+00:00,,2026-09-25T14:59:13.604208+00:00,,2026-09-25T14:59:13.605208+00:00,,2026-09-25T14:59:13.606208+00:00,,2026-09-25T14:59:13.607209+00:00,,2026-09-25T14:59:13.608209+00:00,,2026-09-25T14:59:13.609209+00:00,,2026-09-25T14:59:13.610209+00:00,,2026-09-25T14:59:13.611209+00:00,,2026-09-25T14:59:13.612209+00:00,,2026-09-25T14:59:13.613209+00:00,,2026-09-25T14:59:13.614209+00:00,,2026-09-25T14:59:13.626210+00:00,,2026-09-25T14:59:13.616209+00:00,,2026-09-25T14:59:13.617209+00:00,,2026-09-25T14:59:13.618209+00:00,,2026-09-25T14:59:13.619209+00:00,,2026-09-25T14:59:13.620209+00:00,,2026-09-25T14:59:13.621209+00:00,,2026-09-25T14:59:13.633210+00:00,,2026-09-25T14:59:13.623209+00:00,,2026-09-25T14:59:13.624209+00:00,,2026-09-25T14:59:13.625210+00:00,,2026-09-25T14:59:13.615209+00:00,,2026-09-25T14:59:13.627210+00:00,,2026-09-25T14:59:13.628210+00:00,,2026-09-25T14:59:13.629210+00:00,,2026-09-25T14:59:13.630210+00:00,,2026-09-25T14:59:13.642211+00:00,,2026-09-25T14:59:13.632210+00:00,,2026-09-25T14:59:13.634210+00:00,,2026-09-25T14:59:13.635210+00:00,,2026-09-25T14:59:13.636210+00:00,,2026-09-25T14:59:13.637210+00:00,,2026-09-25T14:59:13.638210+00:00,,2026-09-25T14:59:13.639210+00:00,,2026-09-25T14:59:13.640210+00:00,,2026-09-25T14:59:13.641210+00:00,,2026-09-25T14:59:13.631210+00:00,,2026-09-25T14:59:13.643211+00:00,,2026-09-25T14:59:13.644211+00:00,,2026-09-25T14:59:13.645211+00:00,,2026-09-25T14:59:13.646211+00:00,,2026-09-25T14:59:13.647211+00:00,,2026-09-25T14:59:13.648211+00:00,,2026-09-25T14:59:13.649211+00:00,,2026-09-25T14:59:13.650211+00:00,,2026-09-25T14:59:13.651211+00:00,,2026-09-25T14:59:13.652211+00:00,,2026-09-25T14:59:13.653211+00:00,,2026-09-25T14:59:13.654211+00:00,,2026-09-25T14:59:13.655211+00:00,,2026-09-25T14:59:13.656211+00:00,,2026-09-25T14:59:13.657211+00:00,,2026-09-25T14:59:13.658211+00:00,,2026-09-25T14:59:13.659211+00:00,,2026-09-25T14:59:13.660212+00:00,,2026-09-25T14:59:13.661212+00:00,,2026-09-25T14:59:13.662212+00:00,,2026-09-25T14:59:13.663212+00:00,,2026-09-25T14:59:13.664212+00:00,,2026-09-25T14:59:13.665212+00:00,,2026-09-25T14:59:13.666212+00:00,,2026-09-25T14:59:13.667212+00:00,,2026-09-25T14:59:13.668212+00:00,,2026-09-25T14:59:13.669212+00:00,,2026-09-25T14:59:13.670212+00:00,,2026-09-25T14:59:13.671212+00:00,,2026-09-25T14:59:13.673212+00:00,
127,2026-09-25T13:30:09.112567+00:00,2026-09-25T14:59:14.108237+00:00,92.00500000000001,2026-09-25T14:59:14.016232+00:00,,2026-09-25T14:59:14.026232+00:00,,2026-09-25T14:59:14.027233+00:00,,2026-09-25T14:59:14.028233+00:00,,2026-09-25T14:59:14.029233+00:00,,2026-09-25T14:59:14.030233+00:00,,2026-09-25T14:59:14.031233+00:00,,2026-09-25T14:59:14.032233+00:00,,2026-09-25T14:59:14.033233+00:00,,2026-09-25T14:59:14.034233+00:00,,2026-09-25T14:59:14.035233+00:00,,2026-09-25T14:59:14.047234+00:00,,2026-09-25T14:59:14.048234+00:00,,2026-09-25T14:59:14.038233+00:00,,2026-09-25T14:59:14.039233+00:00,,2026-09-25T14:59:14.040233+00:00,,2026-09-25T14:59:14.041233+00:00,,2026-09-25T14:59:14.042233+00:00,,2026-09-25T14:59:14.043233+00:00,,2026-09-25T14:59:14.044233+00:00,,2026-09-25T14:59:14.045234+00:00,,2026-09-25T14:59:14.046234+00:00,,2026-09-25T14:59:14.036233+00:00,,2026-09-25T14:59:14.037233+00:00,,2026-09-25T14:59:14.049234+00:00,,2026-09-25T14:59:14.050234+00:00,,2026-09-25T14:59:14.051234+00:00,,2026-09-25T14:59:14.052234+00:00,,2026-09-25T14:59:14.053234+00:00,,2026-09-25T14:59:14.054234+00:00,,2026-09-25T14:59:14.055234+00:00,,2026-09-25T14:59:14.056234+00:00,,2026-09-25T14:59:14.057234+00:00,,2026-09-25T14:59:14.058234+00:00,,2026-09-25T14:59:14.059234+00:00,,2026-09-25T14:59:14.060234+00:00,,2026-09-25T14:59:14.061234+00:00,,2026-09-25T14:59:14.062235+00:00,,2026-09-25T14:59:14.063235+00:00,,2026-09-25T14:59:14.064235+00:00,,2026-09-25T14:59:14.065235+00:00,,2026-09-25T14:59:14.066235+00:00,,2026-09-25T14:59:14.067235+00:00,,2026-09-25T14:59:14.068235+00:00,,2026-09-25T14:59:14.069235+00:00,,2026-09-25T14:59:14.070235+00:00,,2026-09-25T14:59:14.082236+00:00,,2026-09-25T14:59:14.072235+00:00,,2026-09-25T14:59:14.073235+00:00,,2026-09-25T14:59:14.074235+00:00,,2026-09-25T14:59:14.075235+00:00,,2026-09-25T14:59:14.076235+00:00,,2026-09-25T14:59:14.077235+00:00,,2026-09-25T14:59:14.089236+00:00,,2026-09-25T14:59:14.079236+00:00,,2026-09-25T14:59:14.080236+00:00,,2026-09-25T14:59:14.081236+00:00,,2026-09-25T14:59:14.083236+00:00,,2026-09-25T14:59:14.084236+00:00,,2026-09-25T14:59:14.085236+00:00,,2026-09-25T14:59:14.086236+00:00,,2026-09-25T14:59:14.087236+00:00,,2026-09-25T14:59:14.088236+00:00,,2026-09-25T14:59:14.078235+00:00,,2026-09-25T14:59:14.090236+00:00,,2026-09-25T14:59:14.091236+00:00,,2026-09-25T14:59:14.092236+00:00,,2026-09-25T14:59:14.093236+00:00,,2026-09-25T14:59:14.094236+00:00,,2026-09-25T14:59:14.106237+00:00,,2026-09-25T14:59:14.096236+00:00,,2026-09-25T14:59:14.097237+00:00,,2026-09-25T14:59:14.098237+00:00,,2026-09-25T14:59:14.099237+00:00,,2026-09-25T14:59:14.100237+00:00,,2026-09-25T14:59:14.101237+00:00,,2026-09-25T14:59:14.102237+00:00,,2026-09-25T14:59:14.103237+00:00,,2026-09-25T14:59:14.104237+00:00,,2026-09-25T14:59:14.105237+00:00,,2026-09-25T14:59:14.095236+00:00,,2026-09-25T14:59:14.107237+00:00,,2026-09-25T14:59:14.108237+00:00,
128,2026-09-25T13:30:09.497163+00:00,2026-09-25T14:59:14.451257+00:00,89.005,2026-09-25T14:59:14.362252+00:00,,2026-09-25T14:59:14.367252+00:00,,2026-09-25T14:59:14.368252+00:00,,2026-09-25T14:59:14.369252+00:00,,2026-09-25T14:59:14.371252+00:00,,2026-09-25T14:59:14.383253+00:00,,2026-09-25T14:59:14.373252+00:00,,2026-09-25T14:59:14.374252+00:00,,2026-09-25T14:59:14.375252+00:00,,2026-09-25T14:59:14.376252+00:00,,2026-09-25T14:59:14.377253+00:00,,2026-09-25T14:59:14.378253+00:00,,2026-09-25T14:59:14.379253+00:00,,2026-09-25T14:59:14.380253+00:00,,2026-09-25T14:59:14.381253+00:00,,2026-09-25T14:59:14.382253+00:00,,2026-09-25T14:59:14.384253+00:00,,2026-09-25T14:59:14.385253+00:00,,2026-09-25T14:59:14.386253+00:00,,2026-09-25T14:59:14.387253+00:00,,2026-09-25T14:59:14.388253+00:00,,2026-09-25T14:59:14.389253+00:00,,2026-09-25T14:59:14.390253+00:00,,2026-09-25T14:59:14.391253+00:00,,2026-09-25T14:59:14.392253+00:00,,2026-09-25T14:59:14.393253+00:00,,2026-09-25T14:59:14.394254+00:00,,2026-09-25T14:59:14.406254+00:00,,2026-09-25T14:59:14.396254+00:00,,2026-09-25T14:59:14.397254+00:00,,2026-09-25T14:59:14.398254+00:00,,2026-09-25T14:59:14.399254+00:00,,2026-09-25T14:59:14.400254+00:00,,2026-09-25T14:59:14.401254+00:00,,2026-09-25T14:59:14.402254+00:00,,2026-09-25T14:59:14.403254+00:00,,2026-09-25T14:59:14.404254+00:00,,2026-09-25T14:59:14.405254+00:00,,2026-09-25T14:59:14.395254+00:00,,2026-09-25T14:59:14.407254+00:00,,2026-09-25T14:59:14.408254+00:00,,2026-09-25T14:59:14.409254+00:00,,2026-09-25T14:59:14.410254+00:00,,2026-09-25T14:59:14.422255+00:00,,2026-09-25T14:59:14.412255+00:00,,2026-09-25T14:59:14.413255+00:00,,2026-09-25T14:59:14.414255+00:00,,2026-09-25T14:59:14.415255+00:00,,2026-09-25T14:59:14.416255+00:00,,2026-09-25T14:59:14.417255+00:00,,2026-09-25T14:59:14.418255+00:00,,2026-09-25T14:59:14.419255+00:00,,2026-09-25T14:59:14.420255+00:00,,2026-09-25T14:59:14.421255+00:00,,2026-09-25T14:59:14.411254+00:00,,2026-09-25T14:59:14.423255+00:00,,2026-09-25T14:59:14.424255+00:00,,2026-09-25T14:59:14.425255+00:00,,2026-09-25T14:59:14.426255+00:00,,2026-09-25T14:59:14.439256+00:00,,2026-09-25T14:59:14.428255+00:00,,2026-09-25T14:59:14.429256+00:00,,2026-09-25T14:59:14.430256+00:00,,2026-09-25T14:59:14.431256+00:00,,2026-09-25T14:59:14.433256+00:00,,2026-09-25T14:59:14.434256+00:00,,2026-09-25T14:59:14.435256+00:00,,2026-09-25T14:59:14.436256+00:00,,2026-09-25T14:59:14.437256+00:00,,2026-09-25T14:59:14.438256+00:00,,2026-09-25T14:59:14.427255+00:00,,2026-09-25T14:59:14.440256+00:00,,2026-09-25T14:59:14.441256+00:00,,2026-09-25T14:59:14.442256+00:00,,2026-09-25T14:59:14.443256+00:00,,2026-09-25T14:59:14.444256+00:00,,2026-09-25T14:59:14.445256+00:00,,2026-09-25T14:59:14.446256+00:00,,2026-09-25T14:59:14.447257+00:00,,2026-09-25T14:59:14.448257+00:00,,2026-09-25T14:59:14.449257+00:00,,2026-09-25T14:59:14.450257+00:00,,2026-09-25T14:59:14.451257+00:00,
129,2026-09-25T13:30:09.949489+00:00,2026-09-25T14:59:14.841279+00:00,95.00500000000001,2026-09-25T14:59:14.746274+00:00,,2026-09-25T14:59:14.758274+00:00,,2026-09-25T14:59:14.759274+00:00,,2026-09-25T14:59:14.760274+00:00,,2026-09-25T14:59:14.761275+00:00,,2026-09-25T14:59:14.762275+00:00,,2026-09-25T14:59:14.763275+00:00,,2026-09-25T14:59:14.764275+00:00,,2026-09-25T14:59:14.765275+00:00,,2026-09-25T14:59:14.766275+00:00,,2026-09-25T14:59:14.767275+00:00,,2026-09-25T14:59:14.768275+00:00,,2026-09-25T14:59:14.769275+00:00,,2026-09-25T14:59:14.770275+00:00,,2026-09-25T14:59:14.782276+00:00,,2026-09-25T14:59:14.772275+00:00,,2026-09-25T14:59:14.773275+00:00,,2026-09-25T14:59:14.774275+00:00,,2026-09-25T14:59:14.775275+00:00,,2026-09-25T14:59:14.787276+00:00,,2026-09-25T14:59:14.777275+00:00,,2026-09-25T14:59:14.778275+00:00,,2026-09-25T14:59:14.779276+00:00,,2026-09-25T14:59:14.780276+00:00,,2026-09-25T14:59:14.781276+00:00,,2026-09-25T14:59:14.783276+00:00,,2026-09-25T14:59:14.784276+00:00,,2026-09-25T14:59:14.785276+00:00,,2026-09-25T14:59:14.786276+00:00,,2026-09-25T14:59:14.776275+00:00,,2026-09-25T14:59:14.788276+00:00,,2026-09-25T14:59:14.789276+00:00,,2026-09-25T14:59:14.790276+00:00,,2026-09-25T14:59:14.791276+00:00,,2026-09-25T14:59:14.792276+00:00,,2026-09-25T14:59:14.793276+00:00,,2026-09-25T14:59:14.794276+00:00,,2026-09-25T14:59:14.795276+00:00,,2026-09-25T14:59:14.796277+00:00,,2026-09-25T14:59:14.797277+00:00,,2026-09-25T14:59:14.798277+00:00,,2026-09-25T14:59:14.799277+00:00,,2026-09-25T14:59:14.800277+00:00,,2026-09-25T14:59:14.801277+00:00,,2026-09-25T14:59:14.802277+00:00,,2026-09-25T14:59:14.803277+00:00,,2026-09-25T14:59:14.804277+00:00,,2026-09-25T14:59:14.816278+00:00,,2026-09-25T14:59:14.806277+00:00,,2026-09-25T14:59:14.807277+00:00,,2026-09-25T14:59:14.808277+00:00,,2026-09-25T14:59:14.809277+00:00,,2026-09-25T14:59:14.810277+00:00,,2026-09-25T14:59:14.811277+00:00,,2026-09-25T14:59:14.812277+00:00,,2026-09-25T14:59:14.813277+00:00,,2026-09-25T14:59:14.814278+00:00,,2026-09-25T14:59:14.815278+00:00,,2026-09-25T14:59:14.805277+00:00,,2026-09-25T14:59:14.817278+00:00,,2026-09-25T14:59:14.818278+00:00,,2026-09-25T14:59:14.830278+00:00,,2026-09-25T14:59:14.820278+00:00,,2026-09-25T14:59:14.832279+00:00,,2026-09-25T14:59:14.822278+00:00,,2026-09-25T14:59:14.823278+00:00,,2026-09-25T14:59:14.824278+00:00,,2026-09-25T14:59:14.825278+00:00,,2026-09-25T14:59:14.826278+00:00,,2026-09-25T14:59:14.827278+00:00,,2026-09-25T14:59:14.828278+00:00,,2026-09-25T14:59:14.829278+00:00,,2026-09-25T14:59:14.819278+00:00,,2026-09-25T14:59:14.831279+00:00,,2026-09-25T14:59:14.833279+00:00,,2026-09-25T14:59:14.834279+00:00,,2026-09-25T14:59:14.835279+00:00,,2026-09-25T14:59:14.836279+00:00,,2026-09-25T14:59:14.837279+00:00,,2026-09-25T14:59:14.838279+00:00,,2026-09-25T14:59:14.839279+00:00,,2026-09-25T14:59:14.840279+00:00,,2026-09-25T14:59:14.841279+00:00,
130,2026-09-25T13:30:10.299941+00:00,2026-09-25T14:59:15.295305+00:00,97.005,2026-09-25T14:59:15.198300+00:00,,2026-09-25T14:59:15.209300+00:00,,2026-09-25T14:59:15.211300+00:00,,2026-09-25T14:59:15.212300+00:00,,2026-09-25T14:59:15.213300+00:00,,2026-09-25T14:59:15.214300+00:00,,2026-09-25T14:59:15.215300+00:00,,2026-09-25T14:59:15.216301+00:00,,2026-09-25T14:59:15.217301+00:00,,2026-09-25T14:59:15.218301+00:00,,2026-09-25T14:59:15.219301+00:00,,2026-09-25T14:59:15.220301+00:00,,2026-09-25T14:59:15.221301+00:00,,2026-09-25T14:59:15.222301+00:00,,2026-09-25T14:59:15.223301+00:00,,2026-09-25T14:59:15.224301+00:00,,2026-09-25T14:59:15.225301+00:00,,2026-09-25T14:59:15.226301+00:00,,2026-09-25T14:59:15.227301+00:00,,2026-09-25T14:59:15.228301+00:00,,2026-09-25T14:59:15.229301+00:00,,2026-09-25T14:59:15.230301+00:00,,2026-09-25T14:59:15.232301+00:00,,2026-09-25T14:59:15.233302+00:00,,2026-09-25T14:59:15.234302+00:00,,2026-09-25T14:59:15.235302+00:00,,2026-09-25T14:59:15.236302+00:00,,2026-09-25T14:59:15.237302+00:00,,2026-09-25T14:59:15.238302+00:00,,2026-09-25T14:59:15.239302+00:00,,2026-09-25T14:59:15.240302+00:00,,2026-09-25T14:59:15.241302+00:00,,2026-09-25T14:59:15.242302+00:00,,2026-09-25T14:59:15.243302+00:00,,2026-09-25T14:59:15.244302+00:00,,2026-09-25T14:59:15.245302+00:00,,2026-09-25T14:59:15.246302+00:00,,2026-09-25T14:59:15.247302+00:00,,2026-09-25T14:59:15.248302+00:00,,2026-09-25T14:59:15.249302+00:00,,2026-09-25T14:59:15.250302+00:00,,2026-09-25T14:59:15.251303+00:00,,2026-09-25T14:59:15.253303+00:00,,2026-09-25T14:59:15.266303+00:00,,2026-09-25T14:59:15.267303+00:00,,2026-09-25T14:59:15.268304+00:00,,2026-09-25T14:59:15.258303+00:00,,2026-09-25T14:59:15.259303+00:00,,2026-09-25T14:59:15.260303+00:00,,2026-09-25T14:59:15.261303+00:00,,2026-09-25T14:59:15.262303+00:00,,2026-09-25T14:59:15.263303+00:00,,2026-09-25T14:59:15.264303+00:00,,2026-09-25T14:59:15.265303+00:00,,2026-09-25T14:59:15.255303+00:00,,2026-09-25T14:59:15.256303+00:00,,2026-09-25T14:59:15.257303+00:00,,2026-09-25T14:59:15.269304+00:00,,2026-09-25T14:59:15.281304+00:00,,2026-09-25T14:59:15.271304+00:00,,2026-09-25T14:59:15.272304+00:00,,2026-09-25T14:59:15.273304+00:00,,2026-09-25T14:59:15.274304+00:00,,2026-09-25T14:59:15.275304+00:00,,2026-09-25T14:59:15.276304+00:00,,2026-09-25T14:59:15.277304+00:00,,2026-09-25T14:59:15.278304+00:00,,2026-09-25T14:59:15.279304+00:00,,2026-09-25T14:59:15.280304+00:00,,2026-09-25T14:59:15.282304+00:00,,2026-09-25T14:59:15.283304+00:00,,2026-09-25T14:59:15.284304+00:00,,2026-09-25T14:59:15.285304+00:00,,2026-09-25T14:59:15.286305+00:00,,2026-09-25T14:59:15.287305+00:00,,2026-09-25T14:59:15.288305+00:00,,2026-09-25T14:59:15.289305+00:00,,2026-09-25T14:59:15.290305+00:00,,2026-09-25T14:59:15.291305+00:00,,2026-09-25T14:59:15.292305+00:00,,2026-09-25T14:59:15.293305+00:00,,2026-09-25T14:59:15.294305+00:00,,2026-09-25T14:59:15.295305+00:00,
131,2026-09-25T13:30:10.670637+00:00,2026-09-25T14:59:15.664326+00:00,96.005,2026-09-25T14:59:15.568321+00:00,,2026-09-25T14:59:15.582321+00:00,,2026-09-25T14:59:15.592322+00:00,,2026-09-25T14:59:15.584322+00:00,,2026-09-25T14:59:15.585322+00:00,,2026-09-25T14:59:15.586322+00:00,,2026-09-25T14:59:15.587322+00:00,,2026-09-25T14:59:15.588322+00:00,,2026-09-25T14:59:15.589322+00:00,,2026-09-25T14:59:15.590322+00:00,,2026-09-25T14:59:15.591322+00:00,,2026-09-25T14:59:15.583322+00:00,,2026-09-25T14:59:15.593322+00:00,,2026-09-25T14:59:15.594322+00:00,,2026-09-25T14:59:15.595322+00:00,,2026-09-25T14:59:15.596322+00:00,,2026-09-25T14:59:15.597322+00:00,,2026-09-25T14:59:15.598322+00:00,,2026-09-25T14:59:15.599322+00:00,,2026-09-25T14:59:15.600323+00:00,,2026-09-25T14:59:15.601323+00:00,,2026-09-25T14:59:15.602323+00:00,,2026-09-25T14:59:15.603323+00:00,,2026-09-25T14:59:15.604323+00:00,,2026-09-25T14:59:15.605323+00:00,,2026-09-25T14:59:15.606323+00:00,,2026-09-25T14:59:15.607323+00:00,,2026-09-25T14:59:15.608323+00:00,,2026-09-25T14:59:15.609323+00:00,,2026-09-25T14:59:15.610323+00:00,,2026-09-25T14:59:15.611323+00:00,,2026-09-25T14:59:15.612323+00:00,,2026-09-25T14:59:15.613323+00:00,,2026-09-25T14:59:15.614323+00:00,,2026-09-25T14:59:15.615323+00:00,,2026-09-25T14:59:15.627324+00:00,,2026-09-25T14:59:15.617323+00:00,,2026-09-25T14:59:15.618324+00:00,,2026-09-25T14:59:15.619324+00:00,,2026-09-25T14:59:15.631324+00:00,,2026-09-25T14:59:15.621324+00:00,,2026-09-25T14:59:15.622324+00:00,,2026-09-25T14:59:15.623324+00:00,,2026-09-25T14:59:15.624324+00:00,,2026-09-25T14:59:15.625324+00:00,,2026-09-25T14:59:15.626324+00:00,,2026-09-25T14:59:15.616323+00:00,,2026-09-25T14:59:15.628324+00:00,,2026-09-25T14:59:15.629324+00:00,,2026-09-25T14:59:15.630324+00:00,,2026-09-25T14:59:15.632324+00:00,,2026-09-25T14:59:15.633324+00:00,,2026-09-25T14:59:15.634324+00:00,,2026-09-25T14:59:15.635325+00:00,,2026-09-25T14:59:15.636325+00:00,,2026-09-25T14:59:15.637325+00:00,,2026-09-25T14:59:15.638325+00:00,,2026-09-25T14:59:15.639325+00:00,,2026-09-25T14:59:15.640325+00:00,,2026-09-25T14:59:15.641325+00:00,,2026-09-25T14:59:15.642325+00:00,,2026-09-25T14:59:15.654326+00:00,,2026-09-25T14:59:15.644325+00:00,,2026-09-25T14:59:15.645325+00:00,,2026-09-25T14:59:15.646325+00:00,,2026-09-25T14:59:15.647325+00:00,,2026-09-25T14:59:15.648325+00:00,,2026-09-25T14:59:15.649325+00:00,,2026-09-25T14:59:15.650325+00:00,,2026-09-25T14:59:15.651325+00:00,,2026-09-25T14:59:15.652325+00:00,,2026-09-25T14:59:15.653326+00:00,,2026-09-25T14:59:15.643325+00:00,,2026-09-25T14:59:15.655326+00:00,,2026-09-25T14:59:15.656326+00:00,,2026-09-25T14:59:15.657326+00:00,,2026-09-25T14:59:15.658326+00:00,,2026-09-25T14:59:15.659326+00:00,,2026-09-25T14:59:15.660326+00:00,,2026-09-25T14:59:15.661326+00:00,,2026-09-25T14:59:15.662326+00:00,,2026-09-25T14:59:15.663326+00:00,,2026-09-25T14:59:15.664326+00:00,
132,2026-09-25T13:30:11.106528+00:00,2026-09-25T14:59:16.011346+00:00,90.005,2026-09-25T14:59:15.921341+00:00,,2026-09-25T14:59:15.929341+00:00,,2026-09-25T14:59:15.930341+00:00,,2026-09-25T14:59:15.931341+00:00,,2026-09-25T14:59:15.932341+00:00,,2026-09-25T14:59:15.933342+00:00,,2026-09-25T14:59:15.934342+00:00,,2026-09-25T14:59:15.935342+00:00,,2026-09-25T14:59:15.936342+00:00,,2026-09-25T14:59:15.937342+00:00,,2026-09-25T14:59:15.938342+00:00,,2026-09-25T14:59:15.939342+00:00,,2026-09-25T14:59:15.940342+00:00,,2026-09-25T14:59:15.941342+00:00,,2026-09-25T14:59:15.942342+00:00,,2026-09-25T14:59:15.943342+00:00,,2026-09-25T14:59:15.944342+00:00,,2026-09-25T14:59:15.945342+00:00,,2026-09-25T14:59:15.946342+00:00,,2026-09-25T14:59:15.947342+00:00,,2026-09-25T14:59:15.948342+00:00,,2026-09-25T14:59:15.949342+00:00,,2026-09-25T14:59:15.950343+00:00,,2026-09-25T14:59:15.951343+00:00,,2026-09-25T14:59:15.952343+00:00,,2026-09-25T14:59:15.953343+00:00,,2026-09-25T14:59:15.954343+00:00,,2026-09-25T14:59:15.955343+00:00,,2026-09-25T14:59:15.956343+00:00,,2026-09-25T14:59:15.957343+00:00,,2026-09-25T14:59:15.958343+00:00,,2026-09-25T14:59:15.959343+00:00,,2026-09-25T14:59:15.960343+00:00,,2026-09-25T14:59:15.961343+00:00,,2026-09-25T14:59:15.962343+00:00,,2026-09-25T14:59:15.963343+00:00,,2026-09-25T14:59:15.964343+00:00,,2026-09-25T14:59:15.965343+00:00,,2026-09-25T14:59:15.966343+00:00,,2026-09-25T14:59:15.967343+00:00,,2026-09-25T14:59:15.968344+00:00,,2026-09-25T14:59:15.969344+00:00,,2026-09-25T14:59:15.981344+00:00,,2026-09-25T14:59:15.971344+00:00,,2026-09-25T14:59:15.972344+00:00,,2026-09-25T14:59:15.973344+00:00,,2026-09-25T14:59:15.974344+00:00,,2026-09-25T14:59:15.975344+00:00,,2026-09-25T14:59:15.976344+00:00,,2026-09-25T14:59:15.977344+00:00,,2026-09-25T14:59:15.978344+00:00,,2026-09-25T14:59:15.979344+00:00,,2026-09-25T14:59:15.980344+00:00,,2026-09-25T14:59:15.982344+00:00,,2026-09-25T14:59:15.983344+00:00,,2026-09-25T14:59:15.984344+00:00,,2026-09-25T14:59:15.985345+00:00,,2026-09-25T14:59:15.986345+00:00,,2026-09-25T14:59:15.998345+00:00,,2026-09-25T14:59:15.988345+00:00,,2026-09-25T14:59:15.989345+00:00,,2026-09-25T14:59:15.990345+00:00,,2026-09-25T14:59:15.991345+00:00,,2026-09-25T14:59:15.992345+00:00,,2026-09-25T14:59:15.993345+00:00,,2026-09-25T14:59:15.994345+00:00,,2026-09-25T14:59:15.995345+00:00,,2026-09-25T14:59:15.996345+00:00,,2026-09-25T14:59:15.997345+00:00,,2026-09-25T14:59:15.987345+00:00,,2026-09-25T14:59:15.999345+00:00,,2026-09-25T14:59:16.000345+00:00,,2026-09-25T14:59:16.001345+00:00,,2026-09-25T14:59:16.002345+00:00,,2026-09-25T14:59:16.003346+00:00,,2026-09-25T14:59:16.004346+00:00,,2026-09-25T14:59:16.005346+00:00,,2026-09-25T14:59:16.006346+00:00,,2026-09-25T14:59:16.007346+00:00,,2026-09-25T14:59:16.008346+00:00,,2026-09-25T14:59:16.009346+00:00,,2026-09-25T14:59:16.010346+00:00,,2026-09-25T14:59:16.011346+00:00,
133,2026-09-25T13:30:11.477385+00:00,2026-09-25T14:59:16.445371+00:00,90.005,2026-09-25T14:59:16.355366+00:00,,2026-09-25T14:59:16.362366+00:00,,2026-09-25T14:59:16.363366+00:00,,2026-09-25T14:59:16.364366+00:00,,2026-09-25T14:59:16.365366+00:00,,2026-09-25T14:59:16.366366+00:00,,2026-09-25T14:59:16.367366+00:00,,2026-09-25T14:59:16.368366+00:00,,2026-09-25T14:59:16.369366+00:00,,2026-09-25T14:59:16.381367+00:00,,2026-09-25T14:59:16.371367+00:00,,2026-09-25T14:59:16.372367+00:00,,2026-09-25T14:59:16.373367+00:00,,2026-09-25T14:59:16.374367+00:00,,2026-09-25T14:59:16.375367+00:00,,2026-09-25T14:59:16.376367+00:00,,2026-09-25T14:59:16.377367+00:00,,2026-09-25T14:59:16.378367+00:00,,2026-09-25T14:59:16.379367+00:00,,2026-09-25T14:59:16.380367+00:00,,2026-09-25T14:59:16.382367+00:00,,2026-09-25T14:59:16.383367+00:00,,2026-09-25T14:59:16.384367+00:00,,2026-09-25T14:59:16.385367+00:00,,2026-09-25T14:59:16.386367+00:00,,2026-09-25T14:59:16.387368+00:00,,2026-09-25T14:59:16.388368+00:00,,2026-09-25T14:59:16.389368+00:00,,2026-09-25T14:59:16.390368+00:00,,2026-09-25T14:59:16.391368+00:00,,2026-09-25T14:59:16.392368+00:00,,2026-09-25T14:59:16.393368+00:00,,2026-09-25T14:59:16.394368+00:00,,2026-09-25T14:59:16.395368+00:00,,2026-09-25T14:59:16.396368+00:00,,2026-09-25T14:59:16.397368+00:00,,2026-09-25T14:59:16.398368+00:00,,2026-09-25T14:59:16.399368+00:00,,2026-09-25T14:59:16.411369+00:00,,2026-09-25T14:59:16.401368+00:00,,2026-09-25T14:59:16.402368+00:00,,2026-09-25T14:59:16.403368+00:00,,2026-09-25T14:59:16.404368+00:00,,2026-09-25T14:59:16.405369+00:00,,2026-09-25T14:59:16.406369+00:00,,2026-09-25T14:59:16.407369+00:00,,2026-09-25T14:59:16.408369+00:00,,2026-09-25T14:59:16.409369+00:00,,2026-09-25T14:59:16.410369+00:00,,2026-09-25T14:59:16.400368+00:00,,2026-09-25T14:59:16.412369+00:00,,2026-09-25T14:59:16.413369+00:00,,2026-09-25T14:59:16.414369+00:00,,2026-09-25T14:59:16.415369+00:00,,2026-09-25T14:59:16.416369+00:00,,2026-09-25T14:59:16.417369+00:00,,2026-09-25T14:59:16.418369+00:00,,2026-09-25T14:59:16.419369+00:00,,2026-09-25T14:59:16.431370+00:00,,2026-09-25T14:59:16.421369+00:00,,2026-09-25T14:59:16.422370+00:00,,2026-09-25T14:59:16.434370+00:00,,2026-09-25T14:59:16.435370+00:00,,2026-09-25T14:59:16.425370+00:00,,2026-09-25T14:59:16.426370+00:00,,2026-09-25T14:59:16.427370+00:00,,2026-09-25T14:59:16.428370+00:00,,2026-09-25T14:59:16.429370+00:00,,2026-09-25T14:59:16.430370+00:00,,2026-09-25T14:59:16.432370+00:00,,2026-09-25T14:59:16.433370+00:00,,2026-09-25T14:59:16.423370+00:00,,2026-09-25T14:59:16.424370+00:00,,2026-09-25T14:59:16.436370+00:00,,2026-09-25T14:59:16.437370+00:00,,2026-09-25T14:59:16.438370+00:00,,2026-09-25T14:59:16.439370+00:00,,2026-09-25T14:59:16.440371+00:00,,2026-09-25T14:59:16.441371+00:00,,2026-09-25T14:59:16.442371+00:00,,2026-09-25T14:59:16.443371+00:00,,2026-09-25T14:59:16.444371+00:00,,2026-09-25T14:59:16.445371+00:00,
134,2026-09-25T13:30:11.853916+00:00,2026-09-25T14:59:16.847394+00:00,112.00699999999999,2026-09-25T14:59:16.735387+00:00,,2026-09-25T14:59:16.763389+00:00,,2026-09-25T14:59:16.764389+00:00,,2026-09-25T14:59:16.765389+00:00,,2026-09-25T14:59:16.766389+00:00,,2026-09-25T14:59:16.767389+00:00,,2026-09-25T14:59:16.769389+00:00,,2026-09-25T14:59:16.782390+00:00,,2026-09-25T14:59:16.771389+00:00,,2026-09-25T14:59:16.772390+00:00,,2026-09-25T14:59:16.773390+00:00,,2026-09-25T14:59:16.774390+00:00,,2026-09-25T14:59:16.775390+00:00,,2026-09-25T14:59:16.776390+00:00,,2026-09-25T14:59:16.789391+00:00,,2026-09-25T14:59:16.790391+00:00,,2026-09-25T14:59:16.791391+00:00,,2026-09-25T14:59:16.780390+00:00,,2026-09-25T14:59:16.770389+00:00,,2026-09-25T14:59:16.783390+00:00,,2026-09-25T14:59:16.784390+00:00,,2026-09-25T14:59:16.785390+00:00,,2026-09-25T14:59:16.786390+00:00,,2026-09-25T14:59:16.787390+00:00,,2026-09-25T14:59:16.788390+00:00,,2026-09-25T14:59:16.777390+00:00,,2026-09-25T14:59:16.778390+00:00,,2026-09-25T14:59:16.779390+00:00,,2026-09-25T14:59:16.792391+00:00,,2026-09-25T14:59:16.793391+00:00,,2026-09-25T14:59:16.794391+00:00,,2026-09-25T14:59:16.795391+00:00,,2026-09-25T14:59:16.796391+00:00,,2026-09-25T14:59:16.797391+00:00,,2026-09-25T14:59:16.798391+00:00,,2026-09-25T14:59:16.799391+00:00,,2026-09-25T14:59:16.800391+00:00,,2026-09-25T14:59:16.801391+00:00,,2026-09-25T14:59:16.802391+00:00,,2026-09-25T14:59:16.803391+00:00,,2026-09-25T14:59:16.804391+00:00,,2026-09-25T14:59:16.816392+00:00,,2026-09-25T14:59:16.806391+00:00,,2026-09-25T14:59:16.807392+00:00,,2026-09-25T14:59:16.808392+00:00,,2026-09-25T14:59:16.809392+00:00,,2026-09-25T14:59:16.810392+00:00,,2026-09-25T14:59:16.811392+00:00,,2026-09-25T14:59:16.812392+00:00,,2026-09-25T14:59:16.813392+00:00,,2026-09-25T14:59:16.814392+00:00,,2026-09-25T14:59:16.815392+00:00,,2026-09-25T14:59:16.805391+00:00,,2026-09-25T14:59:16.828393+00:00,,2026-09-25T14:59:16.818392+00:00,,2026-09-25T14:59:16.830393+00:00,,2026-09-25T14:59:16.820392+00:00,,2026-09-25T14:59:16.821392+00:00,,2026-09-25T14:59:16.833393+00:00,,2026-09-25T14:59:16.823392+00:00,,2026-09-25T14:59:16.824393+00:00,,2026-09-25T14:59:16.825393+00:00,,2026-09-25T14:59:16.826393+00:00,,2026-09-25T14:59:16.827393+00:00,,2026-09-25T14:59:16.817392+00:00,,2026-09-25T14:59:16.829393+00:00,,2026-09-25T14:59:16.831393+00:00,,2026-09-25T14:59:16.832393+00:00,,2026-09-25T14:59:16.822392+00:00,,2026-09-25T14:59:16.834393+00:00,,2026-09-25T14:59:16.835393+00:00,,2026-09-25T14:59:16.836393+00:00,,2026-09-25T14:59:16.837393+00:00,,2026-09-25T14:59:16.838393+00:00,,2026-09-25T14:59:16.839393+00:00,,2026-09-25T14:59:16.840393+00:00,,2026-09-25T14:59:16.841393+00:00,,2026-09-25T14:59:16.842394+00:00,,2026-09-25T14:59:16.843394+00:00,,2026-09-25T14:59:16.844394+00:00,,2026-09-25T14:59:16.845394+00:00,,2026-09-25T14:59:16.846394+00:00,,2026-09-25T14:59:16.847394+00:00,
135,2026-09-25T13:30:12.197291+00:00,2026-09-25T14:59:17.192414+00:00,89.006,2026-09-25T14:59:17.103408+00:00,,2026-09-25T14:59:17.109409+00:00,,2026-09-25T14:59:17.110409+00:00,,2026-09-25T14:59:17.111409+00:00,,2026-09-25T14:59:17.112409+00:00,,2026-09-25T14:59:17.113409+00:00,,2026-09-25T14:59:17.114409+00:00,,2026-09-25T14:59:17.115409+00:00,,2026-09-25T14:59:17.116409+00:00,,2026-09-25T14:59:17.117409+00:00,,2026-09-25T14:59:17.118409+00:00,,2026-09-25T14:59:17.130410+00:00,,2026-09-25T14:59:17.120409+00:00,,2026-09-25T14:59:17.121410+00:00,,2026-09-25T14:59:17.122410+00:00,,2026-09-25T14:59:17.123410+00:00,,2026-09-25T14:59:17.124410+00:00,,2026-09-25T14:59:17.125410+00:00,,2026-09-25T14:59:17.126410+00:00,,2026-09-25T14:59:17.127410+00:00,,2026-09-25T14:59:17.128410+00:00,,2026-09-25T14:59:17.129410+00:00,,2026-09-25T14:59:17.131410+00:00,,2026-09-25T14:59:17.132410+00:00,,2026-09-25T14:59:17.133410+00:00,,2026-09-25T14:59:17.134410+00:00,,2026-09-25T14:59:17.135410+00:00,,2026-09-25T14:59:17.136410+00:00,,2026-09-25T14:59:17.137410+00:00,,2026-09-25T14:59:17.138410+00:00,,2026-09-25T14:59:17.139411+00:00,,2026-09-25T14:59:17.140411+00:00,,2026-09-25T14:59:17.141411+00:00,,2026-09-25T14:59:17.142411+00:00,,2026-09-25T14:59:17.143411+00:00,,2026-09-25T14:59:17.144411+00:00,,2026-09-25T14:59:17.145411+00:00,,2026-09-25T14:59:17.146411+00:00,,2026-09-25T14:59:17.147411+00:00,,2026-09-25T14:59:17.148411+00:00,,2026-09-25T14:59:17.149411+00:00,,2026-09-25T14:59:17.150411+00:00,,2026-09-25T14:59:17.151411+00:00,,2026-09-25T14:59:17.152411+00:00,,2026-09-25T14:59:17.153411+00:00,,2026-09-25T14:59:17.154411+00:00,,2026-09-25T14:59:17.155411+00:00,,2026-09-25T14:59:17.167412+00:00,,2026-09-25T14:59:17.157412+00:00,,2026-09-25T14:59:17.158412+00:00,,2026-09-25T14:59:17.159412+00:00,,2026-09-25T14:59:17.160412+00:00,,2026-09-25T14:59:17.161412+00:00,,2026-09-25T14:59:17.162412+00:00,,2026-09-25T14:59:17.163412+00:00,,2026-09-25T14:59:17.164412+00:00,,2026-09-25T14:59:17.165412+00:00,,2026-09-25T14:59:17.166412+00:00,,2026-09-25T14:59:17.156412+00:00,,2026-09-25T14:59:17.168412+00:00,,2026-09-25T14:59:17.180413+00:00,,2026-09-25T14:59:17.170412+00:00,,2026-09-25T14:59:17.171412+00:00,,2026-09-25T14:59:17.172412+00:00,,2026-09-25T14:59:17.173412+00:00,,2026-09-25T14:59:17.174413+00:00,,2026-09-25T14:59:17.175413+00:00,,2026-09-25T14:59:17.176413+00:00,,2026-09-25T14:59:17.177413+00:00,,2026-09-25T14:59:17.178413+00:00,,2026-09-25T14:59:17.179413+00:00,,2026-09-25T14:59:17.181413+00:00,,2026-09-25T14:59:17.182413+00:00,,2026-09-25T14:59:17.183413+00:00,,2026-09-25T14:59:17.184413+00:00,,2026-09-25T14:59:17.185413+00:00,,2026-09-25T14:59:17.186413+00:00,,2026-09-25T14:59:17.187413+00:00,,2026-09-25T14:59:17.188413+00:00,,2026-09-25T14:59:17.189413+00:00,,2026-09-25T14:59:17.190413+00:00,,2026-09-25T14:59:17.191414+00:00,,2026-09-25T14:59:17.192414+00:00,
136,2026-09-25T13:30:12.554324+00:00,2026-09-25T14:59:17.533433+00:00,88.005,2026-09-25T14:59:17.445428+00:00,,2026-09-25T14:59:17.449428+00:00,,2026-09-25T14:59:17.450428+00:00,,2026-09-25T14:59:17.451428+00:00,,2026-09-25T14:59:17.452428+00:00,,2026-09-25T14:59:17.453428+00:00,,2026-09-25T14:59:17.454429+00:00,,2026-09-25T14:59:17.455429+00:00,,2026-09-25T14:59:17.456429+00:00,,2026-09-25T14:59:17.457429+00:00,,2026-09-25T14:59:17.458429+00:00,,2026-09-25T14:59:17.459429+00:00,,2026-09-25T14:59:17.460429+00:00,,2026-09-25T14:59:17.461429+00:00,,2026-09-25T14:59:17.462429+00:00,,2026-09-25T14:59:17.463429+00:00,,2026-09-25T14:59:17.464429+00:00,,2026-09-25T14:59:17.465429+00:00,,2026-09-25T14:59:17.466429+00:00,,2026-09-25T14:59:17.467429+00:00,,2026-09-25T14:59:17.468429+00:00,,2026-09-25T14:59:17.480430+00:00,,2026-09-25T14:59:17.470429+00:00,,2026-09-25T14:59:17.471430+00:00,,2026-09-25T14:59:17.472430+00:00,,2026-09-25T14:59:17.473430+00:00,,2026-09-25T14:59:17.474430+00:00,,2026-09-25T14:59:17.475430+00:00,,2026-09-25T14:59:17.476430+00:00,,2026-09-25T14:59:17.477430+00:00,,2026-09-25T14:59:17.478430+00:00,,2026-09-25T14:59:17.479430+00:00,,2026-09-25T14:59:17.481430+00:00,,2026-09-25T14:59:17.482430+00:00,,2026-09-25T14:59:17.483430+00:00,,2026-09-25T14:59:17.484430+00:00,,2026-09-25T14:59:17.485430+00:00,,2026-09-25T14:59:17.486430+00:00,,2026-09-25T14:59:17.487430+00:00,,2026-09-25T14:59:17.488430+00:00,,2026-09-25T14:59:17.489431+00:00,,2026-09-25T14:59:17.490431+00:00,,2026-09-25T14:59:17.491431+00:00,,2026-09-25T14:59:17.492431+00:00,,2026-09-25T14:59:17.504431+00:00,,2026-09-25T14:59:17.494431+00:00,,2026-09-25T14:59:17.495431+00:00,,2026-09-25T14:59:17.507432+00:00,,2026-09-25T14:59:17.508432+00:00,,2026-09-25T14:59:17.498431+00:00,,2026-09-25T14:59:17.499431+00:00,,2026-09-25T14:59:17.500431+00:00,,2026-09-25T14:59:17.501431+00:00,,2026-09-25T14:59:17.502431+00:00,,2026-09-25T14:59:17.503431+00:00,,2026-09-25T14:59:17.493431+00:00,,2026-09-25T14:59:17.505431+00:00,,2026-09-25T14:59:17.506432+00:00,,2026-09-25T14:59:17.496431+00:00,,2026-09-25T14:59:17.497431+00:00,,2026-09-25T14:59:17.509432+00:00,,2026-09-25T14:59:17.510432+00:00,,2026-09-25T14:59:17.511432+00:00,,2026-09-25T14:59:17.512432+00:00,,2026-09-25T14:59:17.513432+00:00,,2026-09-25T14:59:17.514432+00:00,,2026-09-25T14:59:17.527433+00:00,,2026-09-25T14:59:17.516432+00:00,,2026-09-25T14:59:17.529433+00:00,,2026-09-25T14:59:17.530433+00:00,,2026-09-25T14:59:17.532433+00:00,,2026-09-25T14:59:17.521432+00:00,,2026-09-25T14:59:17.522432+00:00,,2026-09-25T14:59:17.523432+00:00,,2026-09-25T14:59:17.524433+00:00,,2026-09-25T14:59:17.525433+00:00,,2026-09-25T14:59:17.526433+00:00,,2026-09-25T14:59:17.515432+00:00,,2026-09-25T14:59:17.528433+00:00,,2026-09-25T14:59:17.517432+00:00,,2026-09-25T14:59:17.519432+00:00,,2026-09-25T14:59:17.520432+00:00,,2026-09-25T14:59:17.533433+00:00,
137,2026-09-25T13:30:12.911578+00:00,2026-09-25T14:59:17.897454+00:00,92.00500000000001,2026-09-25T14:59:17.805449+00:00,,2026-09-25T14:59:17.814449+00:00,,2026-09-25T14:59:17.815449+00:00,,2026-09-25T14:59:17.816449+00:00,,2026-09-25T14:59:17.817449+00:00,,2026-09-25T14:59:17.818449+00:00,,2026-09-25T14:59:17.819449+00:00,,2026-09-25T14:59:17.820449+00:00,,2026-09-25T14:59:17.821450+00:00,,2026-09-25T14:59:17.822450+00:00,,2026-09-25T14:59:17.835450+00:00,,2026-09-25T14:59:17.824450+00:00,,2026-09-25T14:59:17.825450+00:00,,2026-09-25T14:59:17.826450+00:00,,2026-09-25T14:59:17.827450+00:00,,2026-09-25T14:59:17.828450+00:00,,2026-09-25T14:59:17.829450+00:00,,2026-09-25T14:59:17.831450+00:00,,2026-09-25T14:59:17.832450+00:00,,2026-09-25T14:59:17.833450+00:00,,2026-09-25T14:59:17.834450+00:00,,2026-09-25T14:59:17.823450+00:00,,2026-09-25T14:59:17.836450+00:00,,2026-09-25T14:59:17.837450+00:00,,2026-09-25T14:59:17.838451+00:00,,2026-09-25T14:59:17.839451+00:00,,2026-09-25T14:59:17.840451+00:00,,2026-09-25T14:59:17.841451+00:00,,2026-09-25T14:59:17.842451+00:00,,2026-09-25T14:59:17.843451+00:00,,2026-09-25T14:59:17.844451+00:00,,2026-09-25T14:59:17.845451+00:00,,2026-09-25T14:59:17.846451+00:00,,2026-09-25T14:59:17.847451+00:00,,2026-09-25T14:59:17.848451+00:00,,2026-09-25T14:59:17.849451+00:00,,2026-09-25T14:59:17.850451+00:00,,2026-09-25T14:59:17.851451+00:00,,2026-09-25T14:59:17.863452+00:00,,2026-09-25T14:59:17.853451+00:00,,2026-09-25T14:59:17.854451+00:00,,2026-09-25T14:59:17.855451+00:00,,2026-09-25T14:59:17.856452+00:00,,2026-09-25T14:59:17.857452+00:00,,2026-09-25T14:59:17.858452+00:00,,2026-09-25T14:59:17.870452+00:00,,2026-09-25T14:59:17.860452+00:00,,2026-09-25T14:59:17.861452+00:00,,2026-09-25T14:59:17.862452+00:00,,2026-09-25T14:59:17.852451+00:00,,2026-09-25T14:59:17.864452+00:00,,2026-09-25T14:59:17.865452+00:00,,2026-09-25T14:59:17.866452+00:00,,2026-09-25T14:59:17.867452+00:00,,2026-09-25T14:59:17.868452+00:00,,2026-09-25T14:59:17.880453+00:00,,2026-09-25T14:59:17.859452+00:00,,2026-09-25T14:59:17.871452+00:00,,2026-09-25T14:59:17.872452+00:00,,2026-09-25T14:59:17.873453+00:00,,2026-09-25T14:59:17.874453+00:00,,2026-09-25T14:59:17.875453+00:00,,2026-09-25T14:59:17.876453+00:00,,2026-09-25T14:59:17.877453+00:00,,2026-09-25T14:59:17.878453+00:00,,2026-09-25T14:59:17.879453+00:00,,2026-09-25T14:59:17.881453+00:00,,2026-09-25T14:59:17.882453+00:00,,2026-09-25T14:59:17.883453+00:00,,2026-09-25T14:59:17.884453+00:00,,2026-09-25T14:59:17.885453+00:00,,2026-09-25T14:59:17.886453+00:00,,2026-09-25T14:59:17.887453+00:00,,2026-09-25T14:59:17.888453+00:00,,2026-09-25T14:59:17.889453+00:00,,2026-09-25T14:59:17.890453+00:00,,2026-09-25T14:59:17.891454+00:00,,2026-09-25T14:59:17.892454+00:00,,2026-09-25T14:59:17.893454+00:00,,2026-09-25T14:59:17.894454+00:00,,2026-09-25T14:59:17.895454+00:00,,2026-09-25T14:59:17.896454+00:00,,2026-09-25T14:59:17.897454+00:00,
138,2026-09-25T13:30:13.254039+00:00,2026-09-25T14:59:18.249474+00:00,89.005,2026-09-25T14:59:18.160469+00:00,,2026-09-25T14:59:18.166469+00:00,,2026-09-25T14:59:18.167469+00:00,,2026-09-25T14:59:18.179470+00:00,,2026-09-25T14:59:18.169469+00:00,,2026-09-25T14:59:18.170470+00:00,,2026-09-25T14:59:18.171470+00:00,,2026-09-25T14:59:18.172470+00:00,,2026-09-25T14:59:18.173470+00:00,,2026-09-25T14:59:18.174470+00:00,,2026-09-25T14:59:18.175470+00:00,,2026-09-25T14:59:18.176470+00:00,,2026-09-25T14:59:18.177470+00:00,,2026-09-25T14:59:18.178470+00:00,,2026-09-25T14:59:18.180470+00:00,,2026-09-25T14:59:18.181470+00:00,,2026-09-25T14:59:18.182470+00:00,,2026-09-25T14:59:18.183470+00:00,,2026-09-25T14:59:18.184470+00:00,,2026-09-25T14:59:18.185470+00:00,,2026-09-25T14:59:18.186470+00:00,,2026-09-25T14:59:18.187470+00:00,,2026-09-25T14:59:18.188471+00:00,,2026-09-25T14:59:18.189471+00:00,,2026-09-25T14:59:18.190471+00:00,,2026-09-25T14:59:18.191471+00:00,,2026-09-25T14:59:18.192471+00:00,,2026-09-25T14:59:18.193471+00:00,,2026-09-25T14:59:18.194471+00:00,,2026-09-25T14:59:18.195471+00:00,,2026-09-25T14:59:18.196471+00:00,,2026-09-25T14:59:18.197471+00:00,,2026-09-25T14:59:18.198471+00:00,,2026-09-25T14:59:18.199471+00:00,,2026-09-25T14:59:18.200471+00:00,,2026-09-25T14:59:18.201471+00:00,,2026-09-25T14:59:18.202471+00:00,,2026-09-25T14:59:18.203471+00:00,,2026-09-25T14:59:18.204471+00:00,,2026-09-25T14:59:18.205472+00:00,,2026-09-25T14:59:18.206472+00:00,,2026-09-25T14:59:18.207472+00:00,,2026-09-25T14:59:18.208472+00:00,,2026-09-25T14:59:18.209472+00:00,,2026-09-25T14:59:18.210472+00:00,,2026-09-25T14:59:18.211472+00:00,,2026-09-25T14:59:18.212472+00:00,,2026-09-25T14:59:18.213472+00:00,,2026-09-25T14:59:18.214472+00:00,,2026-09-25T14:59:18.215472+00:00,,2026-09-25T14:59:18.216472+00:00,,2026-09-25T14:59:18.217472+00:00,,2026-09-25T14:59:18.229473+00:00,,2026-09-25T14:59:18.219472+00:00,,2026-09-25T14:59:18.220472+00:00,,2026-09-25T14:59:18.221472+00:00,,2026-09-25T14:59:18.222472+00:00,,2026-09-25T14:59:18.223473+00:00,,2026-09-25T14:59:18.224473+00:00,,2026-09-25T14:59:18.225473+00:00,,2026-09-25T14:59:18.237473+00:00,,2026-09-25T14:59:18.227473+00:00,,2026-09-25T14:59:18.228473+00:00,,2026-09-25T14:59:18.230473+00:00,,2026-09-25T14:59:18.231473+00:00,,2026-09-25T14:59:18.232473+00:00,,2026-09-25T14:59:18.233473+00:00,,2026-09-25T14:59:18.234473+00:00,,2026-09-25T14:59:18.235473+00:00,,2026-09-25T14:59:18.236473+00:00,,2026-09-25T14:59:18.226473+00:00,,2026-09-25T14:59:18.238473+00:00,,2026-09-25T14:59:18.239473+00:00,,2026-09-25T14:59:18.240474+00:00,,2026-09-25T14:59:18.241474+00:00,,2026-09-25T14:59:18.242474+00:00,,2026-09-25T14:59:18.243474+00:00,,2026-09-25T14:59:18.244474+00:00,,2026-09-25T14:59:18.245474+00:00,,2026-09-25T14:59:18.246474+00:00,,2026-09-25T14:59:18.247474+00:00,,2026-09-25T14:59:18.248474+00:00,,2026-09-25T14:59:18.249474+00:00,
139,2026-09-25T13:30:13.625553+00:00,2026-09-25T14:59:18.620495+00:00,118.007,2026-09-25T14:59:18.502488+00:00,,2026-09-25T14:59:18.510489+00:00,,2026-09-25T14:59:18.511489+00:00,,2026-09-25T14:59:18.512489+00:00,,2026-09-25T14:59:18.513489+00:00,,2026-09-25T14:59:18.514489+00:00,,2026-09-25T14:59:18.515489+00:00,,2026-09-25T14:59:18.516489+00:00,,2026-09-25T14:59:18.517489+00:00,,2026-09-25T14:59:18.554491+00:00,,2026-09-25T14:59:18.519489+00:00,,2026-09-25T14:59:18.520490+00:00,,2026-09-25T14:59:18.521490+00:00,,2026-09-25T14:59:18.522490+00:00,,2026-09-25T14:59:18.523490+00:00,,2026-09-25T14:59:18.524490+00:00,,2026-09-25T14:59:18.525490+00:00,,2026-09-25T14:59:18.526490+00:00,,2026-09-25T14:59:18.527490+00:00,,2026-09-25T14:59:18.528490+00:00,,2026-09-25T14:59:18.555492+00:00,,2026-09-25T14:59:18.556492+00:00,,2026-09-25T14:59:18.557492+00:00,,2026-09-25T14:59:18.558492+00:00,,2026-09-25T14:59:18.548491+00:00,,2026-09-25T14:59:18.549491+00:00,,2026-09-25T14:59:18.550491+00:00,,2026-09-25T14:59:18.551491+00:00,,2026-09-25T14:59:18.552491+00:00,,2026-09-25T14:59:18.553491+00:00,,2026-09-25T14:59:18.529490+00:00,,2026-09-25T14:59:18.530490+00:00,,2026-09-25T14:59:18.531490+00:00,,2026-09-25T14:59:18.533490+00:00,,2026-09-25T14:59:18.535490+00:00,,2026-09-25T14:59:18.537490+00:00,,2026-09-25T14:59:18.538491+00:00,,2026-09-25T14:59:18.539491+00:00,,2026-09-25T14:59:18.540491+00:00,,2026-09-25T14:59:18.541491+00:00,,2026-09-25T14:59:18.542491+00:00,,2026-09-25T14:59:18.543491+00:00,,2026-09-25T14:59:18.544491+00:00,,2026-09-25T14:59:18.545491+00:00,,2026-09-25T14:59:18.546491+00:00,,2026-09-25T14:59:18.547491+00:00,,2026-09-25T14:59:18.559492+00:00,,2026-09-25T14:59:18.560492+00:00,,2026-09-25T14:59:18.561492+00:00,,2026-09-25T14:59:18.597494+00:00,,2026-09-25T14:59:18.598494+00:00,,2026-09-25T14:59:18.599494+00:00,,2026-09-25T14:59:18.600494+00:00,,2026-09-25T14:59:18.602494+00:00,,2026-09-25T14:59:18.603494+00:00,,2026-09-25T14:59:18.604494+00:00,,2026-09-25T14:59:18.616495+00:00,,2026-09-25T14:59:18.606494+00:00,,2026-09-25T14:59:18.595494+00:00,,2026-09-25T14:59:18.596494+00:00,,2026-09-25T14:59:18.563492+00:00,,2026-09-25T14:59:18.565492+00:00,,2026-09-25T14:59:18.566492+00:00,,2026-09-25T14:59:18.587493+00:00,,2026-09-25T14:59:18.589493+00:00,,2026-09-25T14:59:18.591494+00:00,,2026-09-25T14:59:18.592494+00:00,,2026-09-25T14:59:18.593494+00:00,,2026-09-25T14:59:18.594494+00:00,,2026-09-25T14:59:18.618495+00:00,,2026-09-25T14:59:18.608495+00:00,,2026-09-25T14:59:18.609495+00:00,,2026-09-25T14:59:18.610495+00:00,,2026-09-25T14:59:18.611495+00:00,,2026-09-25T14:59:18.612495+00:00,,2026-09-25T14:59:18.613495+00:00,,2026-09-25T14:59:18.614495+00:00,,2026-09-25T14:59:18.615495+00:00,,2026-09-25T14:59:18.605494+00:00,,2026-09-25T14:59:18.617495+00:00,,2026-09-25T14:59:18.607495+00:00,,2026-09-25T14:59:18.619495+00:00,,2026-09-25T14:59:18.620495+00:00,
140,2026-09-25T13:30:13.974571+00:00,2026-09-25T14:59:18.969515+00:00,93.00500000000001,2026-09-25T14:59:18.876510+00:00,,2026-09-25T14:59:18.886510+00:00,,2026-09-25T14:59:18.887511+00:00,,2026-09-25T14:59:18.888511+00:00,,2026-09-25T14:59:18.889511+00:00,,2026-09-25T14:59:18.890511+00:00,,2026-09-25T14:59:18.891511+00:00,,2026-09-25T14:59:18.892511+00:00,,2026-09-25T14:59:18.893511+00:00,,2026-09-25T14:59:18.894511+00:00,,2026-09-25T14:59:18.895511+00:00,,2026-09-25T14:59:18.896511+00:00,,2026-09-25T14:59:18.897511+00:00,,2026-09-25T14:59:18.898511+00:00,,2026-09-25T14:59:18.899511+00:00,,2026-09-25T14:59:18.900511+00:00,,2026-09-25T14:59:18.901511+00:00,,2026-09-25T14:59:18.902511+00:00,,2026-09-25T14:59:18.903511+00:00,,2026-09-25T14:59:18.904511+00:00,,2026-09-25T14:59:18.905512+00:00,,2026-09-25T14:59:18.906512+00:00,,2026-09-25T14:59:18.907512+00:00,,2026-09-25T14:59:18.908512+00:00,,2026-09-25T14:59:18.909512+00:00,,2026-09-25T14:59:18.910512+00:00,,2026-09-25T14:59:18.911512+00:00,,2026-09-25T14:59:18.912512+00:00,,2026-09-25T14:59:18.913512+00:00,,2026-09-25T14:59:18.914512+00:00,,2026-09-25T14:59:18.926513+00:00,,2026-09-25T14:59:18.916512+00:00,,2026-09-25T14:59:18.917512+00:00,,2026-09-25T14:59:18.929513+00:00,,2026-09-25T14:59:18.919512+00:00,,2026-09-25T14:59:18.920512+00:00,,2026-09-25T14:59:18.921512+00:00,,2026-09-25T14:59:18.922513+00:00,,2026-09-25T14:59:18.923513+00:00,,2026-09-25T14:59:18.924513+00:00,,2026-09-25T14:59:18.925513+00:00,,2026-09-25T14:59:18.915512+00:00,,2026-09-25T14:59:18.927513+00:00,,2026-09-25T14:59:18.928513+00:00,,2026-09-25T14:59:18.930513+00:00,,2026-09-25T14:59:18.931513+00:00,,2026-09-25T14:59:18.932513+00:00,,2026-09-25T14:59:18.933513+00:00,,2026-09-25T14:59:18.934513+00:00,,2026-09-25T14:59:18.935513+00:00,,2026-09-25T14:59:18.936513+00:00,,2026-09-25T14:59:18.937513+00:00,,2026-09-25T14:59:18.938513+00:00,,2026-09-25T14:59:18.939513+00:00,,2026-09-25T14:59:18.940514+00:00,,2026-09-25T14:59:18.941514+00:00,,2026-09-25T14:59:18.942514+00:00,,2026-09-25T14:59:18.943514+00:00,,2026-09-25T14:59:18.944514+00:00,,2026-09-25T14:59:18.945514+00:00,,2026-09-25T14:59:18.946514+00:00,,2026-09-25T14:59:18.947514+00:00,,2026-09-25T14:59:18.948514+00:00,,2026-09-25T14:59:18.949514+00:00,,2026-09-25T14:59:18.950514+00:00,,2026-09-25T14:59:18.951514+00:00,,2026-09-25T14:59:18.952514+00:00,,2026-09-25T14:59:18.953514+00:00,,2026-09-25T14:59:18.954514+00:00,,2026-09-25T14:59:18.955514+00:00,,2026-09-25T14:59:18.956514+00:00,,2026-09-25T14:59:18.957515+00:00,,2026-09-25T14:59:18.958515+00:00,,2026-09-25T14:59:18.959515+00:00,,2026-09-25T14:59:18.960515+00:00,,2026-09-25T14:59:18.961515+00:00,,2026-09-25T14:59:18.962515+00:00,,2026-09-25T14:59:18.963515+00:00,,2026-09-25T14:59:18.964515+00:00,,2026-09-25T14:59:18.965515+00:00,,2026-09-25T14:59:18.966515+00:00,,2026-09-25T14:59:18.967515+00:00,,2026-09-25T14:59:18.969515+00:00,
141,2026-09-25T13:30:14.319278+00:00,2026-09-25T14:59:19.314535+00:00,91.005,2026-09-25T14:59:19.223530+00:00,,2026-09-25T14:59:19.229530+00:00,,2026-09-25T14:59:19.230530+00:00,,2026-09-25T14:59:19.231530+00:00,,2026-09-25T14:59:19.232530+00:00,,2026-09-25T14:59:19.233530+00:00,,2026-09-25T14:59:19.234530+00:00,,2026-09-25T14:59:19.235530+00:00,,2026-09-25T14:59:19.236530+00:00,,2026-09-25T14:59:19.237531+00:00,,2026-09-25T14:59:19.238531+00:00,,2026-09-25T14:59:19.239531+00:00,,2026-09-25T14:59:19.240531+00:00,,2026-09-25T14:59:19.252531+00:00,,2026-09-25T14:59:19.242531+00:00,,2026-09-25T14:59:19.243531+00:00,,2026-09-25T14:59:19.244531+00:00,,2026-09-25T14:59:19.245531+00:00,,2026-09-25T14:59:19.246531+00:00,,2026-09-25T14:59:19.247531+00:00,,2026-09-25T14:59:19.248531+00:00,,2026-09-25T14:59:19.249531+00:00,,2026-09-25T14:59:19.250531+00:00,,2026-09-25T14:59:19.251531+00:00,,2026-09-25T14:59:19.241531+00:00,,2026-09-25T14:59:19.253531+00:00,,2026-09-25T14:59:19.254532+00:00,,2026-09-25T14:59:19.255532+00:00,,2026-09-25T14:59:19.267532+00:00,,2026-09-25T14:59:19.268532+00:00,,2026-09-25T14:59:19.258532+00:00,,2026-09-25T14:59:19.259532+00:00,,2026-09-25T14:59:19.260532+00:00,,2026-09-25T14:59:19.261532+00:00,,2026-09-25T14:59:19.273533+00:00,,2026-09-25T14:59:19.274533+00:00,,2026-09-25T14:59:19.264532+00:00,,2026-09-25T14:59:19.265532+00:00,,2026-09-25T14:59:19.266532+00:00,,2026-09-25T14:59:19.256532+00:00,,2026-09-25T14:59:19.257532+00:00,,2026-09-25T14:59:19.269532+00:00,,2026-09-25T14:59:19.270532+00:00,,2026-09-25T14:59:19.271532+00:00,,2026-09-25T14:59:19.272533+00:00,,2026-09-25T14:59:19.262532+00:00,,2026-09-25T14:59:19.263532+00:00,,2026-09-25T14:59:19.275533+00:00,,2026-09-25T14:59:19.276533+00:00,,2026-09-25T14:59:19.277533+00:00,,2026-09-25T14:59:19.278533+00:00,,2026-09-25T14:59:19.280533+00:00,,2026-09-25T14:59:19.281533+00:00,,2026-09-25T14:59:19.282533+00:00,,2026-09-25T14:59:19.283533+00:00,,2026-09-25T14:59:19.284533+00:00,,2026-09-25T14:59:19.285533+00:00,,2026-09-25T14:59:19.286533+00:00,,2026-09-25T14:59:19.287533+00:00,,2026-09-25T14:59:19.288533+00:00,,2026-09-25T14:59:19.289534+00:00,,2026-09-25T14:59:19.290534+00:00,,2026-09-25T14:59:19.291534+00:00,,2026-09-25T14:59:19.292534+00:00,,2026-09-25T14:59:19.293534+00:00,,2026-09-25T14:59:19.294534+00:00,,2026-09-25T14:59:19.295534+00:00,,2026-09-25T14:59:19.296534+00:00,,2026-09-25T14:59:19.297534+00:00,,2026-09-25T14:59:19.298534+00:00,,2026-09-25T14:59:19.299534+00:00,,2026-09-25T14:59:19.300534+00:00,,2026-09-25T14:59:19.301534+00:00,,2026-09-25T14:59:19.302534+00:00,,2026-09-25T14:59:19.303534+00:00,,2026-09-25T14:59:19.304534+00:00,,2026-09-25T14:59:19.305534+00:00,,2026-09-25T14:59:19.306534+00:00,,2026-09-25T14:59:19.307535+00:00,,2026-09-25T14:59:19.309535+00:00,,2026-09-25T14:59:19.312535+00:00,,2026-09-25T14:59:19.313535+00:00,,2026-09-25T14:59:19.314535+00:00,
142,2026-09-25T13:30:14.679790+00:00,2026-09-25T14:59:19.673555+00:00,95.00500000000001,2026-09-25T14:59:19.578550+00:00,,2026-09-25T14:59:19.587551+00:00,,2026-09-25T14:59:19.588551+00:00,,2026-09-25T14:59:19.590551+00:00,,2026-09-25T14:59:19.591551+00:00,,2026-09-25T14:59:19.592551+00:00,,2026-09-25T14:59:19.593551+00:00,,2026-09-25T14:59:19.594551+00:00,,2026-09-25T14:59:19.595551+00:00,,2026-09-25T14:59:19.596551+00:00,,2026-09-25T14:59:19.597551+00:00,,2026-09-25T14:59:19.598551+00:00,,2026-09-25T14:59:19.599551+00:00,,2026-09-25T14:59:19.600551+00:00,,2026-09-25T14:59:19.601551+00:00,,2026-09-25T14:59:19.602551+00:00,,2026-09-25T14:59:19.603551+00:00,,2026-09-25T14:59:19.604552+00:00,,2026-09-25T14:59:19.605552+00:00,,2026-09-25T14:59:19.606552+00:00,,2026-09-25T14:59:19.607552+00:00,,2026-09-25T14:59:19.608552+00:00,,2026-09-25T14:59:19.609552+00:00,,2026-09-25T14:59:19.610552+00:00,,2026-09-25T14:59:19.624553+00:00,,2026-09-25T14:59:19.625553+00:00,,2026-09-25T14:59:19.626553+00:00,,2026-09-25T14:59:19.627553+00:00,,2026-09-25T14:59:19.616552+00:00,,2026-09-25T14:59:19.629553+00:00,,2026-09-25T14:59:19.618552+00:00,,2026-09-25T14:59:19.619552+00:00,,2026-09-25T14:59:19.620552+00:00,,2026-09-25T14:59:19.621553+00:00,,2026-09-25T14:59:19.622553+00:00,,2026-09-25T14:59:19.611552+00:00,,2026-09-25T14:59:19.612552+00:00,,2026-09-25T14:59:19.614552+00:00,,2026-09-25T14:59:19.615552+00:00,,2026-09-25T14:59:19.628553+00:00,,2026-09-25T14:59:19.630553+00:00,,2026-09-25T14:59:19.631553+00:00,,2026-09-25T14:59:19.632553+00:00,,2026-09-25T14:59:19.633553+00:00,,2026-09-25T14:59:19.634553+00:00,,2026-09-25T14:59:19.635553+00:00,,2026-09-25T14:59:19.647554+00:00,,2026-09-25T14:59:19.637553+00:00,,2026-09-25T14:59:19.638553+00:00,,2026-09-25T14:59:19.639554+00:00,,2026-09-25T14:59:19.640554+00:00,,2026-09-25T14:59:19.641554+00:00,,2026-09-25T14:59:19.642554+00:00,,2026-09-25T14:59:19.643554+00:00,,2026-09-25T14:59:19.644554+00:00,,2026-09-25T14:59:19.645554+00:00,,2026-09-25T14:59:19.646554+00:00,,2026-09-25T14:59:19.636553+00:00,,2026-09-25T14:59:19.648554+00:00,,2026-09-25T14:59:19.649554+00:00,,2026-09-25T14:59:19.650554+00:00,,2026-09-25T14:59:19.651554+00:00,,2026-09-25T14:59:19.652554+00:00,,2026-09-25T14:59:19.653554+00:00,,2026-09-25T14:59:19.665555+00:00,,2026-09-25T14:59:19.655554+00:00,,2026-09-25T14:59:19.656555+00:00,,2026-09-25T14:59:19.657555+00:00,,2026-09-25T14:59:19.658555+00:00,,2026-09-25T14:59:19.659555+00:00,,2026-09-25T14:59:19.660555+00:00,,2026-09-25T14:59:19.661555+00:00,,2026-09-25T14:59:19.662555+00:00,,2026-09-25T14:59:19.663555+00:00,,2026-09-25T14:59:19.664555+00:00,,2026-09-25T14:59:19.654554+00:00,,2026-09-25T14:59:19.666555+00:00,,2026-09-25T14:59:19.673555+00:00,,2026-09-25T14:59:19.668555+00:00,,2026-09-25T14:59:19.669555+00:00,,2026-09-25T14:59:19.670555+00:00,,2026-09-25T14:59:19.671555+00:00,,2026-09-25T14:59:19.672555+00:00,
143,2026-09-25T13:30:15.034502+00:00,2026-09-25T14:59:20.026576+00:00,97.006,2026-09-25T14:59:19.929570+00:00,,2026-09-25T14:59:19.944571+00:00,,2026-09-25T14:59:19.945571+00:00,,2026-09-25T14:59:19.946571+00:00,,2026-09-25T14:59:19.947571+00:00,,2026-09-25T14:59:19.948571+00:00,,2026-09-25T14:59:19.949571+00:00,,2026-09-25T14:59:19.950571+00:00,,2026-09-25T14:59:19.951571+00:00,,2026-09-25T14:59:19.952571+00:00,,2026-09-25T14:59:19.953571+00:00,,2026-09-25T14:59:19.954572+00:00,,2026-09-25T14:59:19.955572+00:00,,2026-09-25T14:59:19.956572+00:00,,2026-09-25T14:59:19.957572+00:00,,2026-09-25T14:59:19.958572+00:00,,2026-09-25T14:59:19.959572+00:00,,2026-09-25T14:59:19.960572+00:00,,2026-09-25T14:59:19.961572+00:00,,2026-09-25T14:59:19.962572+00:00,,2026-09-25T14:59:19.963572+00:00,,2026-09-25T14:59:19.964572+00:00,,2026-09-25T14:59:19.965572+00:00,,2026-09-25T14:59:19.977573+00:00,,2026-09-25T14:59:19.978573+00:00,,2026-09-25T14:59:19.968572+00:00,,2026-09-25T14:59:19.969572+00:00,,2026-09-25T14:59:19.970572+00:00,,2026-09-25T14:59:19.971573+00:00,,2026-09-25T14:59:19.972573+00:00,,2026-09-25T14:59:19.973573+00:00,,2026-09-25T14:59:19.974573+00:00,,2026-09-25T14:59:19.975573+00:00,,2026-09-25T14:59:19.976573+00:00,,2026-09-25T14:59:19.966572+00:00,,2026-09-25T14:59:19.979573+00:00,,2026-09-25T14:59:19.980573+00:00,,2026-09-25T14:59:19.981573+00:00,,2026-09-25T14:59:19.982573+00:00,,2026-09-25T14:59:19.983573+00:00,,2026-09-25T14:59:19.984573+00:00,,2026-09-25T14:59:19.985573+00:00,,2026-09-25T14:59:19.986573+00:00,,2026-09-25T14:59:19.987573+00:00,,2026-09-25T14:59:19.988573+00:00,,2026-09-25T14:59:19.989574+00:00,,2026-09-25T14:59:19.990574+00:00,,2026-09-25T14:59:19.991574+00:00,,2026-09-25T14:59:19.992574+00:00,,2026-09-25T14:59:19.993574+00:00,,2026-09-25T14:59:19.994574+00:00,,2026-09-25T14:59:19.995574+00:00,,2026-09-25T14:59:19.996574+00:00,,2026-09-25T14:59:19.997574+00:00,,2026-09-25T14:59:19.998574+00:00,,2026-09-25T14:59:19.999574+00:00,,2026-09-25T14:59:20.000574+00:00,,2026-09-25T14:59:20.001574+00:00,,2026-09-25T14:59:20.002574+00:00,,2026-09-25T14:59:20.003574+00:00,,2026-09-25T14:59:20.004574+00:00,,2026-09-25T14:59:20.005574+00:00,,2026-09-25T14:59:20.006575+00:00,,2026-09-25T14:59:20.007575+00:00,,2026-09-25T14:59:20.008575+00:00,,2026-09-25T14:59:20.009575+00:00,,2026-09-25T14:59:20.010575+00:00,,2026-09-25T14:59:20.011575+00:00,,2026-09-25T14:59:20.012575+00:00,,2026-09-25T14:59:20.013575+00:00,,2026-09-25T14:59:20.014575+00:00,,2026-09-25T14:59:20.015575+00:00,,2026-09-25T14:59:20.016575+00:00,,2026-09-25T14:59:20.017575+00:00,,2026-09-25T14:59:20.018575+00:00,,2026-09-25T14:59:20.019575+00:00,,2026-09-25T14:59:20.020575+00:00,,2026-09-25T14:59:20.021575+00:00,,2026-09-25T14:59:20.022575+00:00,,2026-09-25T14:59:20.023575+00:00,,2026-09-25T14:59:20.024576+00:00,,2026-09-25T14:59:20.025576+00:00,,2026-09-25T14:59:20.026576+00:00,
144,2026-09-25T13:30:15.380272+00:00,2026-09-25T14:59:20.375596+00:00,92.006,2026-09-25T14:59:20.283590+00:00,,2026-09-25T14:59:20.288591+00:00,,2026-09-25T14:59:20.289591+00:00,,2026-09-25T14:59:20.290591+00:00,,2026-09-25T14:59:20.291591+00:00,,2026-09-25T14:59:20.292591+00:00,,2026-09-25T14:59:20.293591+00:00,,2026-09-25T14:59:20.294591+00:00,,2026-09-25T14:59:20.295591+00:00,,2026-09-25T14:59:20.296591+00:00,,2026-09-25T14:59:20.297591+00:00,,2026-09-25T14:59:20.298591+00:00,,2026-09-25T14:59:20.299591+00:00,,2026-09-25T14:59:20.300591+00:00,,2026-09-25T14:59:20.301591+00:00,,2026-09-25T14:59:20.302591+00:00,,2026-09-25T14:59:20.303592+00:00,,2026-09-25T14:59:20.304592+00:00,,2026-09-25T14:59:20.305592+00:00,,2026-09-25T14:59:20.306592+00:00,,2026-09-25T14:59:20.308592+00:00,,2026-09-25T14:59:20.309592+00:00,,2026-09-25T14:59:20.310592+00:00,,2026-09-25T14:59:20.311592+00:00,,2026-09-25T14:59:20.312592+00:00,,2026-09-25T14:59:20.313592+00:00,,2026-09-25T14:59:20.314592+00:00,,2026-09-25T14:59:20.315592+00:00,,2026-09-25T14:59:20.316592+00:00,,2026-09-25T14:59:20.330593+00:00,,2026-09-25T14:59:20.318592+00:00,,2026-09-25T14:59:20.319592+00:00,,2026-09-25T14:59:20.320592+00:00,,2026-09-25T14:59:20.321593+00:00,,2026-09-25T14:59:20.323593+00:00,,2026-09-25T14:59:20.336593+00:00,,2026-09-25T14:59:20.326593+00:00,,2026-09-25T14:59:20.327593+00:00,,2026-09-25T14:59:20.328593+00:00,,2026-09-25T14:59:20.329593+00:00,,2026-09-25T14:59:20.331593+00:00,,2026-09-25T14:59:20.332593+00:00,,2026-09-25T14:59:20.333593+00:00,,2026-09-25T14:59:20.334593+00:00,,2026-09-25T14:59:20.335593+00:00,,2026-09-25T14:59:20.325593+00:00,,2026-09-25T14:59:20.337593+00:00,,2026-09-25T14:59:20.349594+00:00,,2026-09-25T14:59:20.339594+00:00,,2026-09-25T14:59:20.340594+00:00,,2026-09-25T14:59:20.341594+00:00,,2026-09-25T14:59:20.342594+00:00,,2026-09-25T14:59:20.343594+00:00,,2026-09-25T14:59:20.344594+00:00,,2026-09-25T14:59:20.345594+00:00,,2026-09-25T14:59:20.346594+00:00,,2026-09-25T14:59:20.347594+00:00,,2026-09-25T14:59:20.348594+00:00,,2026-09-25T14:59:20.338594+00:00,,2026-09-25T14:59:20.350594+00:00,,2026-09-25T14:59:20.351594+00:00,,2026-09-25T14:59:20.352594+00:00,,2026-09-25T14:59:20.353594+00:00,,2026-09-25T14:59:20.354594+00:00,,2026-09-25T14:59:20.366595+00:00,,2026-09-25T14:59:20.375596+00:00,,2026-09-25T14:59:20.357595+00:00,,2026-09-25T14:59:20.358595+00:00,,2026-09-25T14:59:20.359595+00:00,,2026-09-25T14:59:20.360595+00:00,,2026-09-25T14:59:20.361595+00:00,,2026-09-25T14:59:20.362595+00:00,,2026-09-25T14:59:20.363595+00:00,,2026-09-25T14:59:20.364595+00:00,,2026-09-25T14:59:20.365595+00:00,,2026-09-25T14:59:20.355594+00:00,,2026-09-25T14:59:20.356595+00:00,,2026-09-25T14:59:20.368595+00:00,,2026-09-25T14:59:20.369595+00:00,,2026-09-25T14:59:20.370595+00:00,,2026-09-25T14:59:20.372595+00:00,,2026-09-25T14:59:20.373596+00:00,,2026-09-25T14:59:20.374596+00:00,
145,2026-09-25T13:30:15.748536+00:00,2026-09-25T14:59:20.741617+00:00,105.006,2026-09-25T14:59:20.636611+00:00,,2026-09-25T14:59:20.656612+00:00,,2026-09-25T14:59:20.657612+00:00,,2026-09-25T14:59:20.658612+00:00,,2026-09-25T14:59:20.659612+00:00,,2026-09-25T14:59:20.660612+00:00,,2026-09-25T14:59:20.661612+00:00,,2026-09-25T14:59:20.662612+00:00,,2026-09-25T14:59:20.663612+00:00,,2026-09-25T14:59:20.664612+00:00,,2026-09-25T14:59:20.665612+00:00,,2026-09-25T14:59:20.677613+00:00,,2026-09-25T14:59:20.667612+00:00,,2026-09-25T14:59:20.668612+00:00,,2026-09-25T14:59:20.669612+00:00,,2026-09-25T14:59:20.670613+00:00,,2026-09-25T14:59:20.671613+00:00,,2026-09-25T14:59:20.672613+00:00,,2026-09-25T14:59:20.673613+00:00,,2026-09-25T14:59:20.674613+00:00,,2026-09-25T14:59:20.675613+00:00,,2026-09-25T14:59:20.676613+00:00,,2026-09-25T14:59:20.666612+00:00,,2026-09-25T14:59:20.679613+00:00,,2026-09-25T14:59:20.680613+00:00,,2026-09-25T14:59:20.681613+00:00,,2026-09-25T14:59:20.682613+00:00,,2026-09-25T14:59:20.683613+00:00,,2026-09-25T14:59:20.685613+00:00,,2026-09-25T14:59:20.686613+00:00,,2026-09-25T14:59:20.687613+00:00,,2026-09-25T14:59:20.688614+00:00,,2026-09-25T14:59:20.689614+00:00,,2026-09-25T14:59:20.701614+00:00,,2026-09-25T14:59:20.691614+00:00,,2026-09-25T14:59:20.692614+00:00,,2026-09-25T14:59:20.693614+00:00,,2026-09-25T14:59:20.694614+00:00,,2026-09-25T14:59:20.695614+00:00,,2026-09-25T14:59:20.696614+00:00,,2026-09-25T14:59:20.697614+00:00,,2026-09-25T14:59:20.698614+00:00,,2026-09-25T14:59:20.699614+00:00,,2026-09-25T14:59:20.700614+00:00,,2026-09-25T14:59:20.690614+00:00,,2026-09-25T14:59:20.702614+00:00,,2026-09-25T14:59:20.703614+00:00,,2026-09-25T14:59:20.704614+00:00,,2026-09-25T14:59:20.705615+00:00,,2026-09-25T14:59:20.706615+00:00,,2026-09-25T14:59:20.707615+00:00,,2026-09-25T14:59:20.708615+00:00,,2026-09-25T14:59:20.709615+00:00,,2026-09-25T14:59:20.710615+00:00,,2026-09-25T14:59:20.711615+00:00,,2026-09-25T14:59:20.712615+00:00,,2026-09-25T14:59:20.724616+00:00,,2026-09-25T14:59:20.714615+00:00,,2026-09-25T14:59:20.715615+00:00,,2026-09-25T14:59:20.716615+00:00,,2026-09-25T14:59:20.728616+00:00,,2026-09-25T14:59:20.718615+00:00,,2026-09-25T14:59:20.719615+00:00,,2026-09-25T14:59:20.720615+00:00,,2026-09-25T14:59:20.721615+00:00,,2026-09-25T14:59:20.722615+00:00,,2026-09-25T14:59:20.723616+00:00,,2026-09-25T14:59:20.713615+00:00,,2026-09-25T14:59:20.725616+00:00,,2026-09-25T14:59:20.726616+00:00,,2026-09-25T14:59:20.727616+00:00,,2026-09-25T14:59:20.729616+00:00,,2026-09-25T14:59:20.730616+00:00,,2026-09-25T14:59:20.731616+00:00,,2026-09-25T14:59:20.732616+00:00,,2026-09-25T14:59:20.733616+00:00,,2026-09-25T14:59:20.734616+00:00,,2026-09-25T14:59:20.735616+00:00,,2026-09-25T14:59:20.736616+00:00,,2026-09-25T14:59:20.737616+00:00,,2026-09-25T14:59:20.738616+00:00,,2026-09-25T14:59:20.740617+00:00,,2026-09-25T14:59:20.741617+00:00,
146,2026-09-25T13:30:16.099602+00:00,2026-09-25T14:59:21.094637+00:00,96.006,2026-09-25T14:59:20.998631+00:00,,2026-09-25T14:59:21.009632+00:00,,2026-09-25T14:59:21.010632+00:00,,2026-09-25T14:59:21.011632+00:00,,2026-09-25T14:59:21.012632+00:00,,2026-09-25T14:59:21.013632+00:00,,2026-09-25T14:59:21.014632+00:00,,2026-09-25T14:59:21.015632+00:00,,2026-09-25T14:59:21.027633+00:00,,2026-09-25T14:59:21.017632+00:00,,2026-09-25T14:59:21.018632+00:00,,2026-09-25T14:59:21.019632+00:00,,2026-09-25T14:59:21.020633+00:00,,2026-09-25T14:59:21.021633+00:00,,2026-09-25T14:59:21.022633+00:00,,2026-09-25T14:59:21.023633+00:00,,2026-09-25T14:59:21.024633+00:00,,2026-09-25T14:59:21.025633+00:00,,2026-09-25T14:59:21.026633+00:00,,2026-09-25T14:59:21.028633+00:00,,2026-09-25T14:59:21.029633+00:00,,2026-09-25T14:59:21.030633+00:00,,2026-09-25T14:59:21.031633+00:00,,2026-09-25T14:59:21.032633+00:00,,2026-09-25T14:59:21.033633+00:00,,2026-09-25T14:59:21.034633+00:00,,2026-09-25T14:59:21.035633+00:00,,2026-09-25T14:59:21.036633+00:00,,2026-09-25T14:59:21.038634+00:00,,2026-09-25T14:59:21.039634+00:00,,2026-09-25T14:59:21.040634+00:00,,2026-09-25T14:59:21.041634+00:00,,2026-09-25T14:59:21.042634+00:00,,2026-09-25T14:59:21.043634+00:00,,2026-09-25T14:59:21.044634+00:00,,2026-09-25T14:59:21.045634+00:00,,2026-09-25T14:59:21.046634+00:00,,2026-09-25T14:59:21.047634+00:00,,2026-09-25T14:59:21.048634+00:00,,2026-09-25T14:59:21.049634+00:00,,2026-09-25T14:59:21.050634+00:00,,2026-09-25T14:59:21.051634+00:00,,2026-09-25T14:59:21.052634+00:00,,2026-09-25T14:59:21.053634+00:00,,2026-09-25T14:59:21.054634+00:00,,2026-09-25T14:59:21.055635+00:00,,2026-09-25T14:59:21.068635+00:00,,2026-09-25T14:59:21.058635+00:00,,2026-09-25T14:59:21.059635+00:00,,2026-09-25T14:59:21.060635+00:00,,2026-09-25T14:59:21.061635+00:00,,2026-09-25T14:59:21.062635+00:00,,2026-09-25T14:59:21.063635+00:00,,2026-09-25T14:59:21.064635+00:00,,2026-09-25T14:59:21.065635+00:00,,2026-09-25T14:59:21.077636+00:00,,2026-09-25T14:59:21.067635+00:00,,2026-09-25T14:59:21.057635+00:00,,2026-09-25T14:59:21.069635+00:00,,2026-09-25T14:59:21.070635+00:00,,2026-09-25T14:59:21.071635+00:00,,2026-09-25T14:59:21.072635+00:00,,2026-09-25T14:59:21.073636+00:00,,2026-09-25T14:59:21.074636+00:00,,2026-09-25T14:59:21.075636+00:00,,2026-09-25T14:59:21.076636+00:00,,2026-09-25T14:59:21.078636+00:00,,2026-09-25T14:59:21.079636+00:00,,2026-09-25T14:59:21.080636+00:00,,2026-09-25T14:59:21.081636+00:00,,2026-09-25T14:59:21.082636+00:00,,2026-09-25T14:59:21.083636+00:00,,2026-09-25T14:59:21.084636+00:00,,2026-09-25T14:59:21.085636+00:00,,2026-09-25T14:59:21.086636+00:00,,2026-09-25T14:59:21.087636+00:00,,2026-09-25T14:59:21.088636+00:00,,2026-09-25T14:59:21.089636+00:00,,2026-09-25T14:59:21.090637+00:00,,2026-09-25T14:59:21.091637+00:00,,2026-09-25T14:59:21.092637+00:00,,2026-09-25T14:59:21.093637+00:00,,2026-09-25T14:59:21.094637+00:00,
147,2026-09-25T13:30:16.463078+00:00,2026-09-25T14:59:21.443657+00:00,95.006,2026-09-25T14:59:21.348651+00:00,,2026-09-25T14:59:21.354652+00:00,,2026-09-25T14:59:21.356652+00:00,,2026-09-25T14:59:21.357652+00:00,,2026-09-25T14:59:21.358652+00:00,,2026-09-25T14:59:21.359652+00:00,,2026-09-25T14:59:21.360652+00:00,,2026-09-25T14:59:21.361652+00:00,,2026-09-25T14:59:21.362652+00:00,,2026-09-25T14:59:21.363652+00:00,,2026-09-25T14:59:21.364652+00:00,,2026-09-25T14:59:21.366652+00:00,,2026-09-25T14:59:21.367652+00:00,,2026-09-25T14:59:21.368652+00:00,,2026-09-25T14:59:21.369652+00:00,,2026-09-25T14:59:21.371653+00:00,,2026-09-25T14:59:21.372653+00:00,,2026-09-25T14:59:21.373653+00:00,,2026-09-25T14:59:21.374653+00:00,,2026-09-25T14:59:21.375653+00:00,,2026-09-25T14:59:21.376653+00:00,,2026-09-25T14:59:21.377653+00:00,,2026-09-25T14:59:21.378653+00:00,,2026-09-25T14:59:21.380653+00:00,,2026-09-25T14:59:21.381653+00:00,,2026-09-25T14:59:21.382653+00:00,,2026-09-25T14:59:21.394654+00:00,,2026-09-25T14:59:21.384653+00:00,,2026-09-25T14:59:21.385653+00:00,,2026-09-25T14:59:21.386653+00:00,,2026-09-25T14:59:21.387654+00:00,,2026-09-25T14:59:21.388654+00:00,,2026-09-25T14:59:21.389654+00:00,,2026-09-25T14:59:21.390654+00:00,,2026-09-25T14:59:21.391654+00:00,,2026-09-25T14:59:21.392654+00:00,,2026-09-25T14:59:21.393654+00:00,,2026-09-25T14:59:21.383653+00:00,,2026-09-25T14:59:21.395654+00:00,,2026-09-25T14:59:21.396654+00:00,,2026-09-25T14:59:21.397654+00:00,,2026-09-25T14:59:21.398654+00:00,,2026-09-25T14:59:21.410655+00:00,,2026-09-25T14:59:21.400654+00:00,,2026-09-25T14:59:21.401654+00:00,,2026-09-25T14:59:21.402654+00:00,,2026-09-25T14:59:21.403654+00:00,,2026-09-25T14:59:21.404654+00:00,,2026-09-25T14:59:21.405655+00:00,,2026-09-25T14:59:21.406655+00:00,,2026-09-25T14:59:21.407655+00:00,,2026-09-25T14:59:21.408655+00:00,,2026-09-25T14:59:21.409655+00:00,,2026-09-25T14:59:21.399654+00:00,,2026-09-25T14:59:21.411655+00:00,,2026-09-25T14:59:21.412655+00:00,,2026-09-25T14:59:21.413655+00:00,,2026-09-25T14:59:21.414655+00:00,,2026-09-25T14:59:21.428656+00:00,,2026-09-25T14:59:21.418655+00:00,,2026-09-25T14:59:21.419655+00:00,,2026-09-25T14:59:21.420655+00:00,,2026-09-25T14:59:21.421655+00:00,,2026-09-25T14:59:21.422656+00:00,,2026-09-25T14:59:21.423656+00:00,,2026-09-25T14:59:21.424656+00:00,,2026-09-25T14:59:21.425656+00:00,,2026-09-25T14:59:21.426656+00:00,,2026-09-25T14:59:21.427656+00:00,,2026-09-25T14:59:21.416655+00:00,,2026-09-25T14:59:21.431656+00:00,,2026-09-25T14:59:21.432656+00:00,,2026-09-25T14:59:21.433656+00:00,,2026-09-25T14:59:21.434656+00:00,,2026-09-25T14:59:21.435656+00:00,,2026-09-25T14:59:21.436656+00:00,,2026-09-25T14:59:21.437656+00:00,,2026-09-25T14:59:21.438656+00:00,,2026-09-25T14:59:21.439656+00:00,,2026-09-25T14:59:21.440657+00:00,,2026-09-25T14:59:21.441657+00:00,,2026-09-25T14:59:21.442657+00:00,,2026-09-25T14:59:21.443657+00:00,
148,2026-09-25T13:30:16.901722+00:00,2026-09-25T14:59:21.806677+00:00,92.00500000000001,2026-09-25T14:59:21.714672+00:00,,2026-09-25T14:59:21.718672+00:00,,2026-09-25T14:59:21.720673+00:00,,2026-09-25T14:59:21.721673+00:00,,2026-09-25T14:59:21.722673+00:00,,2026-09-25T14:59:21.723673+00:00,,2026-09-25T14:59:21.724673+00:00,,2026-09-25T14:59:21.725673+00:00,,2026-09-25T14:59:21.726673+00:00,,2026-09-25T14:59:21.739674+00:00,,2026-09-25T14:59:21.729673+00:00,,2026-09-25T14:59:21.730673+00:00,,2026-09-25T14:59:21.731673+00:00,,2026-09-25T14:59:21.732673+00:00,,2026-09-25T14:59:21.733673+00:00,,2026-09-25T14:59:21.734673+00:00,,2026-09-25T14:59:21.735673+00:00,,2026-09-25T14:59:21.736673+00:00,,2026-09-25T14:59:21.737674+00:00,,2026-09-25T14:59:21.738674+00:00,,2026-09-25T14:59:21.728673+00:00,,2026-09-25T14:59:21.740674+00:00,,2026-09-25T14:59:21.741674+00:00,,2026-09-25T14:59:21.754675+00:00,,2026-09-25T14:59:21.744674+00:00,,2026-09-25T14:59:21.745674+00:00,,2026-09-25T14:59:21.746674+00:00,,2026-09-25T14:59:21.747674+00:00,,2026-09-25T14:59:21.748674+00:00,,2026-09-25T14:59:21.749674+00:00,,2026-09-25T14:59:21.750674+00:00,,2026-09-25T14:59:21.751674+00:00,,2026-09-25T14:59:21.752674+00:00,,2026-09-25T14:59:21.753674+00:00,,2026-09-25T14:59:21.743674+00:00,,2026-09-25T14:59:21.755675+00:00,,2026-09-25T14:59:21.768675+00:00,,2026-09-25T14:59:21.758675+00:00,,2026-09-25T14:59:21.759675+00:00,,2026-09-25T14:59:21.760675+00:00,,2026-09-25T14:59:21.761675+00:00,,2026-09-25T14:59:21.762675+00:00,,2026-09-25T14:59:21.763675+00:00,,2026-09-25T14:59:21.764675+00:00,,2026-09-25T14:59:21.765675+00:00,,2026-09-25T14:59:21.777676+00:00,,2026-09-25T14:59:21.767675+00:00,,2026-09-25T14:59:21.757675+00:00,,2026-09-25T14:59:21.769675+00:00,,2026-09-25T14:59:21.770675+00:00,,2026-09-25T14:59:21.771675+00:00,,2026-09-25T14:59:21.772676+00:00,,2026-09-25T14:59:21.773676+00:00,,2026-09-25T14:59:21.774676+00:00,,2026-09-25T14:59:21.775676+00:00,,2026-09-25T14:59:21.776676+00:00,,2026-09-25T14:59:21.778676+00:00,,2026-09-25T14:59:21.779676+00:00,,2026-09-25T14:59:21.780676+00:00,,2026-09-25T14:59:21.781676+00:00,,2026-09-25T14:59:21.782676+00:00,,2026-09-25T14:59:21.783676+00:00,,2026-09-25T14:59:21.784676+00:00,,2026-09-25T14:59:21.785676+00:00,,2026-09-25T14:59:21.786676+00:00,,2026-09-25T14:59:21.787676+00:00,,2026-09-25T14:59:21.788676+00:00,,2026-09-25T14:59:21.789677+00:00,,2026-09-25T14:59:21.790677+00:00,,2026-09-25T14:59:21.791677+00:00,,2026-09-25T14:59:21.792677+00:00,,2026-09-25T14:59:21.793677+00:00,,2026-09-25T14:59:21.795677+00:00,,2026-09-25T14:59:21.796677+00:00,,2026-09-25T14:59:21.797677+00:00,,2026-09-25T14:59:21.798677+00:00,,2026-09-25T14:59:21.799677+00:00,,2026-09-25T14:59:21.800677+00:00,,2026-09-25T14:59:21.801677+00:00,,2026-09-25T14:59:21.802677+00:00,,2026-09-25T14:59:21.803677+00:00,,2026-09-25T14:59:21.804677+00:00,,2026-09-25T14:59:21.806677+00:00,
149,2026-09-25T13:30:17.254467+00:00,2026-09-25T14:59:22.249703+00:00,99.006,2026-09-25T14:59:22.150697+00:00,,2026-09-25T14:59:22.155697+00:00,,2026-09-25T14:59:22.156698+00:00,,2026-09-25T14:59:22.158698+00:00,,2026-09-25T14:59:22.160698+00:00,,2026-09-25T14:59:22.161698+00:00,,2026-09-25T14:59:22.162698+00:00,,2026-09-25T14:59:22.176699+00:00,,2026-09-25T14:59:22.165698+00:00,,2026-09-25T14:59:22.180699+00:00,,2026-09-25T14:59:22.167698+00:00,,2026-09-25T14:59:22.168698+00:00,,2026-09-25T14:59:22.169698+00:00,,2026-09-25T14:59:22.170698+00:00,,2026-09-25T14:59:22.172698+00:00,,2026-09-25T14:59:22.173698+00:00,,2026-09-25T14:59:22.174699+00:00,,2026-09-25T14:59:22.175699+00:00,,2026-09-25T14:59:22.164698+00:00,,2026-09-25T14:59:22.177699+00:00,,2026-09-25T14:59:22.178699+00:00,,2026-09-25T14:59:22.181699+00:00,,2026-09-25T14:59:22.182699+00:00,,2026-09-25T14:59:22.183699+00:00,,2026-09-25T14:59:22.184699+00:00,,2026-09-25T14:59:22.185699+00:00,,2026-09-25T14:59:22.186699+00:00,,2026-09-25T14:59:22.187699+00:00,,2026-09-25T14:59:22.188699+00:00,,2026-09-25T14:59:22.189699+00:00,,2026-09-25T14:59:22.190699+00:00,,2026-09-25T14:59:22.191700+00:00,,2026-09-25T14:59:22.193700+00:00,,2026-09-25T14:59:22.194700+00:00,,2026-09-25T14:59:22.195700+00:00,,2026-09-25T14:59:22.197700+00:00,,2026-09-25T14:59:22.198700+00:00,,2026-09-25T14:59:22.199700+00:00,,2026-09-25T14:59:22.201700+00:00,,2026-09-25T14:59:22.202700+00:00,,2026-09-25T14:59:22.203700+00:00,,2026-09-25T14:59:22.204700+00:00,,2026-09-25T14:59:22.217701+00:00,,2026-09-25T14:59:22.207700+00:00,,2026-09-25T14:59:22.208700+00:00,,2026-09-25T14:59:22.209701+00:00,,2026-09-25T14:59:22.210701+00:00,,2026-09-25T14:59:22.211701+00:00,,2026-09-25T14:59:22.212701+00:00,,2026-09-25T14:59:22.213701+00:00,,2026-09-25T14:59:22.214701+00:00,,2026-09-25T14:59:22.215701+00:00,,2026-09-25T14:59:22.216701+00:00,,2026-09-25T14:59:22.206700+00:00,,2026-09-25T14:59:22.218701+00:00,,2026-09-25T14:59:22.219701+00:00,,2026-09-25T14:59:22.220701+00:00,,2026-09-25T14:59:22.221701+00:00,,2026-09-25T14:59:22.222701+00:00,,2026-09-25T14:59:22.223701+00:00,,2026-09-25T14:59:22.224701+00:00,,2026-09-25T14:59:22.225701+00:00,,2026-09-25T14:59:22.239702+00:00,,2026-09-25T14:59:22.229702+00:00,,2026-09-25T14:59:22.230702+00:00,,2026-09-25T14:59:22.231702+00:00,,2026-09-25T14:59:22.232702+00:00,,2026-09-25T14:59:22.233702+00:00,,2026-09-25T14:59:22.234702+00:00,,2026-09-25T14:59:22.235702+00:00,,2026-09-25T14:59:22.236702+00:00,,2026-09-25T14:59:22.237702+00:00,,2026-09-25T14:59:22.238702+00:00,,2026-09-25T14:59:22.227702+00:00,,2026-09-25T14:59:22.240702+00:00,,2026-09-25T14:59:22.242702+00:00,,2026-09-25T14:59:22.243702+00:00,,2026-09-25T14:59:22.244703+00:00,,2026-09-25T14:59:22.245703+00:00,,2026-09-25T14:59:22.246703+00:00,,2026-09-25T14:59:22.247703+00:00,,2026-09-25T14:59:22.248703+00:00,,2026-09-25T14:59:22.249703+00:00,
150,2026-09-25T13:30:17.611721+00:00,2026-09-25T14:59:22.604723+00:00,98.005,2026-09-25T14:59:22.506718+00:00,,2026-09-25T14:59:22.511718+00:00,,2026-09-25T14:59:22.513718+00:00,,2026-09-25T14:59:22.514718+00:00,,2026-09-25T14:59:22.526719+00:00,,2026-09-25T14:59:22.516718+00:00,,2026-09-25T14:59:22.517718+00:00,,2026-09-25T14:59:22.518718+00:00,,2026-09-25T14:59:22.519718+00:00,,2026-09-25T14:59:22.520718+00:00,,2026-09-25T14:59:22.521718+00:00,,2026-09-25T14:59:22.522718+00:00,,2026-09-25T14:59:22.523718+00:00,,2026-09-25T14:59:22.524719+00:00,,2026-09-25T14:59:22.525719+00:00,,2026-09-25T14:59:22.527719+00:00,,2026-09-25T14:59:22.529719+00:00,,2026-09-25T14:59:22.546720+00:00,,2026-09-25T14:59:22.533719+00:00,,2026-09-25T14:59:22.534719+00:00,,2026-09-25T14:59:22.535719+00:00,,2026-09-25T14:59:22.536719+00:00,,2026-09-25T14:59:22.537719+00:00,,2026-09-25T14:59:22.539719+00:00,,2026-09-25T14:59:22.541720+00:00,,2026-09-25T14:59:22.543720+00:00,,2026-09-25T14:59:22.544720+00:00,,2026-09-25T14:59:22.545720+00:00,,2026-09-25T14:59:22.531719+00:00,,2026-09-25T14:59:22.547720+00:00,,2026-09-25T14:59:22.548720+00:00,,2026-09-25T14:59:22.549720+00:00,,2026-09-25T14:59:22.550720+00:00,,2026-09-25T14:59:22.551720+00:00,,2026-09-25T14:59:22.552720+00:00,,2026-09-25T14:59:22.576722+00:00,,2026-09-25T14:59:22.555720+00:00,,2026-09-25T14:59:22.556720+00:00,,2026-09-25T14:59:22.557720+00:00,,2026-09-25T14:59:22.558720+00:00,,2026-09-25T14:59:22.559721+00:00,,2026-09-25T14:59:22.560721+00:00,,2026-09-25T14:59:22.561721+00:00,,2026-09-25T14:59:22.562721+00:00,,2026-09-25T14:59:22.563721+00:00,,2026-09-25T14:59:22.564721+00:00,,2026-09-25T14:59:22.554720+00:00,,2026-09-25T14:59:22.566721+00:00,,2026-09-25T14:59:22.567721+00:00,,2026-09-25T14:59:22.568721+00:00,,2026-09-25T14:59:22.569721+00:00,,2026-09-25T14:59:22.570721+00:00,,2026-09-25T14:59:22.571721+00:00,,2026-09-25T14:59:22.572721+00:00,,2026-09-25T14:59:22.573721+00:00,,2026-09-25T14:59:22.574721+00:00,,2026-09-25T14:59:22.575721+00:00,,2026-09-25T14:59:22.577722+00:00,,2026-09-25T14:59:22.578722+00:00,,2026-09-25T14:59:22.580722+00:00,,2026-09-25T14:59:22.581722+00:00,,2026-09-25T14:59:22.582722+00:00,,2026-09-25T14:59:22.583722+00:00,,2026-09-25T14:59:22.584722+00:00,,2026-09-25T14:59:22.586722+00:00,,2026-09-25T14:59:22.587722+00:00,,2026-09-25T14:59:22.588722+00:00,,2026-09-25T14:59:22.589722+00:00,,2026-09-25T14:59:22.590722+00:00,,2026-09-25T14:59:22.591722+00:00,,2026-09-25T14:59:22.592722+00:00,,2026-09-25T14:59:22.593723+00:00,,2026-09-25T14:59:22.594723+00:00,,2026-09-25T14:59:22.595723+00:00,,2026-09-25T14:59:22.596723+00:00,,2026-09-25T14:59:22.597723+00:00,,2026-09-25T14:59:22.598723+00:00,,2026-09-25T14:59:22.599723+00:00,,2026-09-25T14:59:22.600723+00:00,,2026-09-25T14:59:22.601723+00:00,,2026-09-25T14:59:22.602723+00:00,,2026-09-25T14:59:22.603723+00:00,,2026-09-25T14:59:22.604723+00:00,
151,2026-09-25T13:30:18.091654+00:00,2026-09-25T14:59:23.086751+00:00,176.01,2026-09-25T14:59:22.910741+00:00,,2026-09-25T14:59:22.918741+00:00,,2026-09-25T14:59:22.920741+00:00,,2026-09-25T14:59:22.922741+00:00,,2026-09-25T14:59:22.924741+00:00,,2026-09-25T14:59:22.926742+00:00,,2026-09-25T14:59:22.928742+00:00,,2026-09-25T14:59:22.930742+00:00,,2026-09-25T14:59:22.932742+00:00,,2026-09-25T14:59:22.934742+00:00,,2026-09-25T14:59:22.936742+00:00,,2026-09-25T14:59:22.938742+00:00,,2026-09-25T14:59:22.940742+00:00,,2026-09-25T14:59:22.942742+00:00,,2026-09-25T14:59:22.944743+00:00,,2026-09-25T14:59:22.968744+00:00,,2026-09-25T14:59:22.948743+00:00,,2026-09-25T14:59:22.950743+00:00,,2026-09-25T14:59:22.952743+00:00,,2026-09-25T14:59:22.954743+00:00,,2026-09-25T14:59:22.956743+00:00,,2026-09-25T14:59:22.958743+00:00,,2026-09-25T14:59:22.982745+00:00,,2026-09-25T14:59:22.962744+00:00,,2026-09-25T14:59:22.964744+00:00,,2026-09-25T14:59:22.966744+00:00,,2026-09-25T14:59:22.946743+00:00,,2026-09-25T14:59:22.970744+00:00,,2026-09-25T14:59:22.972744+00:00,,2026-09-25T14:59:22.974744+00:00,,2026-09-25T14:59:22.976744+00:00,,2026-09-25T14:59:22.978745+00:00,,2026-09-25T14:59:22.980745+00:00,,2026-09-25T14:59:22.960743+00:00,,2026-09-25T14:59:22.984745+00:00,,2026-09-25T14:59:23.010746+00:00,,2026-09-25T14:59:22.990745+00:00,,2026-09-25T14:59:22.992745+00:00,,2026-09-25T14:59:22.994745+00:00,,2026-09-25T14:59:22.996746+00:00,,2026-09-25T14:59:22.998746+00:00,,2026-09-25T14:59:23.000746+00:00,,2026-09-25T14:59:23.002746+00:00,,2026-09-25T14:59:23.004746+00:00,,2026-09-25T14:59:23.006746+00:00,,2026-09-25T14:59:23.008746+00:00,,2026-09-25T14:59:22.986745+00:00,,2026-09-25T14:59:23.012746+00:00,,2026-09-25T14:59:23.014747+00:00,,2026-09-25T14:59:23.016747+00:00,,2026-09-25T14:59:23.018747+00:00,,2026-09-25T14:59:23.020747+00:00,,2026-09-25T14:59:23.022747+00:00,,2026-09-25T14:59:23.024747+00:00,,2026-09-25T14:59:23.026747+00:00,,2026-09-25T14:59:23.028747+00:00,,2026-09-25T14:59:23.030747+00:00,,2026-09-25T14:59:23.032748+00:00,,2026-09-25T14:59:23.034748+00:00,,2026-09-25T14:59:23.036748+00:00,,2026-09-25T14:59:23.040748+00:00,,2026-09-25T14:59:23.042748+00:00,,2026-09-25T14:59:23.044748+00:00,,2026-09-25T14:59:23.046748+00:00,,2026-09-25T14:59:23.048749+00:00,,2026-09-25T14:59:23.050749+00:00,,2026-09-25T14:59:23.052749+00:00,,2026-09-25T14:59:23.054749+00:00,,2026-09-25T14:59:23.056749+00:00,,2026-09-25T14:59:23.058749+00:00,,2026-09-25T14:59:23.060749+00:00,,2026-09-25T14:59:23.062749+00:00,,2026-09-25T14:59:23.064749+00:00,,2026-09-25T14:59:23.086751+00:00,,2026-09-25T14:59:23.068750+00:00,,2026-09-25T14:59:23.070750+00:00,,2026-09-25T14:59:23.072750+00:00,,2026-09-25T14:59:23.074750+00:00,,2026-09-25T14:59:23.076750+00:00,,2026-09-25T14:59:23.078750+00:00,,2026-09-25T14:59:23.080750+00:00,,2026-09-25T14:59:23.082750+00:00,,2026-09-25T14:59:23.084751+00:00,
152,2026-09-25T13:30:18.467767+00:00,2026-09-25T14:59:23.462772+00:00,122.007,2026-09-25T14:59:23.340765+00:00,,2026-09-25T14:59:23.348766+00:00,,2026-09-25T14:59:23.350766+00:00,,2026-09-25T14:59:23.352766+00:00,,2026-09-25T14:59:23.354766+00:00,,2026-09-25T14:59:23.356766+00:00,,2026-09-25T14:59:23.378767+00:00,,2026-09-25T14:59:23.379767+00:00,,2026-09-25T14:59:23.362766+00:00,,2026-09-25T14:59:23.364767+00:00,,2026-09-25T14:59:23.366767+00:00,,2026-09-25T14:59:23.368767+00:00,,2026-09-25T14:59:23.390768+00:00,,2026-09-25T14:59:23.372767+00:00,,2026-09-25T14:59:23.373767+00:00,,2026-09-25T14:59:23.375767+00:00,,2026-09-25T14:59:23.376767+00:00,,2026-09-25T14:59:23.358766+00:00,,2026-09-25T14:59:23.360766+00:00,,2026-09-25T14:59:23.381768+00:00,,2026-09-25T14:59:23.400769+00:00,,2026-09-25T14:59:23.387768+00:00,,2026-09-25T14:59:23.388768+00:00,,2026-09-25T14:59:23.370767+00:00,,2026-09-25T14:59:23.391768+00:00,,2026-09-25T14:59:23.393768+00:00,,2026-09-25T14:59:23.395768+00:00,,2026-09-25T14:59:23.396768+00:00,,2026-09-25T14:59:23.397768+00:00,,2026-09-25T14:59:23.398769+00:00,,2026-09-25T14:59:23.399769+00:00,,2026-09-25T14:59:23.383768+00:00,,2026-09-25T14:59:23.402769+00:00,,2026-09-25T14:59:23.403769+00:00,,2026-09-25T14:59:23.405769+00:00,,2026-09-25T14:59:23.407769+00:00,,2026-09-25T14:59:23.408769+00:00,,2026-09-25T14:59:23.409769+00:00,,2026-09-25T14:59:23.410769+00:00,,2026-09-25T14:59:23.425770+00:00,,2026-09-25T14:59:23.413769+00:00,,2026-09-25T14:59:23.415770+00:00,,2026-09-25T14:59:23.416770+00:00,,2026-09-25T14:59:23.417770+00:00,,2026-09-25T14:59:23.418770+00:00,,2026-09-25T14:59:23.419770+00:00,,2026-09-25T14:59:23.420770+00:00,,2026-09-25T14:59:23.422770+00:00,,2026-09-25T14:59:23.423770+00:00,,2026-09-25T14:59:23.424770+00:00,,2026-09-25T14:59:23.412769+00:00,,2026-09-25T14:59:23.427770+00:00,,2026-09-25T14:59:23.428770+00:00,,2026-09-25T14:59:23.430770+00:00,,2026-09-25T14:59:23.431770+00:00,,2026-09-25T14:59:23.432770+00:00,,2026-09-25T14:59:23.433771+00:00,,2026-09-25T14:59:23.434771+00:00,,2026-09-25T14:59:23.435771+00:00,,2026-09-25T14:59:23.437771+00:00,,2026-09-25T14:59:23.438771+00:00,,2026-09-25T14:59:23.439771+00:00,,2026-09-25T14:59:23.440771+00:00,,2026-09-25T14:59:23.441771+00:00,,2026-09-25T14:59:23.442771+00:00,,2026-09-25T14:59:23.443771+00:00,,2026-09-25T14:59:23.444771+00:00,,2026-09-25T14:59:23.446771+00:00,,2026-09-25T14:59:23.447771+00:00,,2026-09-25T14:59:23.448771+00:00,,2026-09-25T14:59:23.449771+00:00,,2026-09-25T14:59:23.450772+00:00,,2026-09-25T14:59:23.451772+00:00,,2026-09-25T14:59:23.452772+00:00,,2026-09-25T14:59:23.454772+00:00,,2026-09-25T14:59:23.455772+00:00,,2026-09-25T14:59:23.456772+00:00,,2026-09-25T14:59:23.457772+00:00,,2026-09-25T14:59:23.458772+00:00,,2026-09-25T14:59:23.459772+00:00,,2026-09-25T14:59:23.460772+00:00,,2026-09-25T14:59:23.461772+00:00,,2026-09-25T14:59:23.462772+00:00,
153,2026-09-25T13:30:18.831285+00:00,2026-09-25T14:59:23.807792+00:00,87.005,2026-09-25T14:59:23.720787+00:00,,2026-09-25T14:59:23.725787+00:00,,2026-09-25T14:59:23.726787+00:00,,2026-09-25T14:59:23.727787+00:00,,2026-09-25T14:59:23.728787+00:00,,2026-09-25T14:59:23.729787+00:00,,2026-09-25T14:59:23.730788+00:00,,2026-09-25T14:59:23.731788+00:00,,2026-09-25T14:59:23.732788+00:00,,2026-09-25T14:59:23.733788+00:00,,2026-09-25T14:59:23.734788+00:00,,2026-09-25T14:59:23.735788+00:00,,2026-09-25T14:59:23.736788+00:00,,2026-09-25T14:59:23.737788+00:00,,2026-09-25T14:59:23.738788+00:00,,2026-09-25T14:59:23.739788+00:00,,2026-09-25T14:59:23.740788+00:00,,2026-09-25T14:59:23.741788+00:00,,2026-09-25T14:59:23.742788+00:00,,2026-09-25T14:59:23.743788+00:00,,2026-09-25T14:59:23.744788+00:00,,2026-09-25T14:59:23.745788+00:00,,2026-09-25T14:59:23.746788+00:00,,2026-09-25T14:59:23.747789+00:00,,2026-09-25T14:59:23.748789+00:00,,2026-09-25T14:59:23.749789+00:00,,2026-09-25T14:59:23.750789+00:00,,2026-09-25T14:59:23.751789+00:00,,2026-09-25T14:59:23.752789+00:00,,2026-09-25T14:59:23.753789+00:00,,2026-09-25T14:59:23.754789+00:00,,2026-09-25T14:59:23.755789+00:00,,2026-09-25T14:59:23.767790+00:00,,2026-09-25T14:59:23.768790+00:00,,2026-09-25T14:59:23.758789+00:00,,2026-09-25T14:59:23.759789+00:00,,2026-09-25T14:59:23.760789+00:00,,2026-09-25T14:59:23.761789+00:00,,2026-09-25T14:59:23.762789+00:00,,2026-09-25T14:59:23.763789+00:00,,2026-09-25T14:59:23.775790+00:00,,2026-09-25T14:59:23.765790+00:00,,2026-09-25T14:59:23.766790+00:00,,2026-09-25T14:59:23.756789+00:00,,2026-09-25T14:59:23.757789+00:00,,2026-09-25T14:59:23.769790+00:00,,2026-09-25T14:59:23.770790+00:00,,2026-09-25T14:59:23.771790+00:00,,2026-09-25T14:59:23.772790+00:00,,2026-09-25T14:59:23.773790+00:00,,2026-09-25T14:59:23.774790+00:00,,2026-09-25T14:59:23.776790+00:00,,2026-09-25T14:59:23.777790+00:00,,2026-09-25T14:59:23.778790+00:00,,2026-09-25T14:59:23.790791+00:00,,2026-09-25T14:59:23.780790+00:00,,2026-09-25T14:59:23.781790+00:00,,2026-09-25T14:59:23.782791+00:00,,2026-09-25T14:59:23.783791+00:00,,2026-09-25T14:59:23.784791+00:00,,2026-09-25T14:59:23.785791+00:00,,2026-09-25T14:59:23.797791+00:00,,2026-09-25T14:59:23.787791+00:00,,2026-09-25T14:59:23.788791+00:00,,2026-09-25T14:59:23.789791+00:00,,2026-09-25T14:59:23.779790+00:00,,2026-09-25T14:59:23.791791+00:00,,2026-09-25T14:59:23.792791+00:00,,2026-09-25T14:59:23.793791+00:00,,2026-09-25T14:59:23.794791+00:00,,2026-09-25T14:59:23.795791+00:00,,2026-09-25T14:59:23.796791+00:00,,2026-09-25T14:59:23.786791+00:00,,2026-09-25T14:59:23.798791+00:00,,2026-09-25T14:59:23.799791+00:00,,2026-09-25T14:59:23.800792+00:00,,2026-09-25T14:59:23.801792+00:00,,2026-09-25T14:59:23.802792+00:00,,2026-09-25T14:59:23.803792+00:00,,2026-09-25T14:59:23.804792+00:00,,2026-09-25T14:59:23.805792+00:00,,2026-09-25T14:59:23.806792+00:00,,2026-09-25T14:59:23.807792+00:00,
154,2026-09-25T13:30:19.171784+00:00,2026-09-25T14:59:24.166812+00:00,87.004,2026-09-25T14:59:24.079808+00:00,,2026-09-25T14:59:24.083808+00:00,,2026-09-25T14:59:24.094808+00:00,,2026-09-25T14:59:24.085808+00:00,,2026-09-25T14:59:24.086808+00:00,,2026-09-25T14:59:24.087808+00:00,,2026-09-25T14:59:24.088808+00:00,,2026-09-25T14:59:24.089808+00:00,,2026-09-25T14:59:24.090808+00:00,,2026-09-25T14:59:24.091808+00:00,,2026-09-25T14:59:24.092808+00:00,,2026-09-25T14:59:24.093808+00:00,,2026-09-25T14:59:24.084808+00:00,,2026-09-25T14:59:24.095808+00:00,,2026-09-25T14:59:24.096808+00:00,,2026-09-25T14:59:24.097809+00:00,,2026-09-25T14:59:24.098809+00:00,,2026-09-25T14:59:24.099809+00:00,,2026-09-25T14:59:24.100809+00:00,,2026-09-25T14:59:24.101809+00:00,,2026-09-25T14:59:24.102809+00:00,,2026-09-25T14:59:24.103809+00:00,,2026-09-25T14:59:24.104809+00:00,,2026-09-25T14:59:24.105809+00:00,,2026-09-25T14:59:24.106809+00:00,,2026-09-25T14:59:24.107809+00:00,,2026-09-25T14:59:24.108809+00:00,,2026-09-25T14:59:24.109809+00:00,,2026-09-25T14:59:24.110809+00:00,,2026-09-25T14:59:24.111809+00:00,,2026-09-25T14:59:24.112809+00:00,,2026-09-25T14:59:24.113809+00:00,,2026-09-25T14:59:24.114810+00:00,,2026-09-25T14:59:24.115810+00:00,,2026-09-25T14:59:24.116810+00:00,,2026-09-25T14:59:24.117810+00:00,,2026-09-25T14:59:24.118810+00:00,,2026-09-25T14:59:24.119810+00:00,,2026-09-25T14:59:24.120810+00:00,,2026-09-25T14:59:24.121810+00:00,,2026-09-25T14:59:24.122810+00:00,,2026-09-25T14:59:24.123810+00:00,,2026-09-25T14:59:24.124810+00:00,,2026-09-25T14:59:24.126810+00:00,,2026-09-25T14:59:24.127810+00:00,,2026-09-25T14:59:24.128810+00:00,,2026-09-25T14:59:24.129810+00:00,,2026-09-25T14:59:24.130810+00:00,,2026-09-25T14:59:24.131810+00:00,,2026-09-25T14:59:24.132811+00:00,,2026-09-25T14:59:24.133811+00:00,,2026-09-25T14:59:24.134811+00:00,,2026-09-25T14:59:24.135811+00:00,,2026-09-25T14:59:24.136811+00:00,,2026-09-25T14:59:24.137811+00:00,,2026-09-25T14:59:24.138811+00:00,,2026-09-25T14:59:24.139811+00:00,,2026-09-25T14:59:24.140811+00:00,,2026-09-25T14:59:24.141811+00:00,,2026-09-25T14:59:24.142811+00:00,,2026-09-25T14:59:24.143811+00:00,,2026-09-25T14:59:24.144811+00:00,,2026-09-25T14:59:24.145811+00:00,,2026-09-25T14:59:24.146811+00:00,,2026-09-25T14:59:24.147811+00:00,,2026-09-25T14:59:24.148811+00:00,,2026-09-25T14:59:24.149812+00:00,,2026-09-25T14:59:24.150812+00:00,,2026-09-25T14:59:24.151812+00:00,,2026-09-25T14:59:24.152812+00:00,,2026-09-25T14:59:24.153812+00:00,,2026-09-25T14:59:24.154812+00:00,,2026-09-25T14:59:24.155812+00:00,,2026-09-25T14:59:24.156812+00:00,,2026-09-25T14:59:24.157812+00:00,,2026-09-25T14:59:24.158812+00:00,,2026-09-25T14:59:24.159812+00:00,,2026-09-25T14:59:24.160812+00:00,,2026-09-25T14:59:24.161812+00:00,,2026-09-25T14:59:24.162812+00:00,,2026-09-25T14:59:24.163812+00:00,,2026-09-25T14:59:24.166812+00:00,,2026-09-25T14:59:24.165812+00:00,
155,2026-09-25T13:30:19.544044+00:00,2026-09-25T14:59:24.511832+00:00,91.005,2026-09-25T14:59:24.420827+00:00,,2026-09-25T14:59:24.429828+00:00,,2026-09-25T14:59:24.430828+00:00,,2026-09-25T14:59:24.431828+00:00,,2026-09-25T14:59:24.432828+00:00,,2026-09-25T14:59:24.433828+00:00,,2026-09-25T14:59:24.434828+00:00,,2026-09-25T14:59:24.435828+00:00,,2026-09-25T14:59:24.436828+00:00,,2026-09-25T14:59:24.437828+00:00,,2026-09-25T14:59:24.438828+00:00,,2026-09-25T14:59:24.439828+00:00,,2026-09-25T14:59:24.440828+00:00,,2026-09-25T14:59:24.441828+00:00,,2026-09-25T14:59:24.442828+00:00,,2026-09-25T14:59:24.443828+00:00,,2026-09-25T14:59:24.444828+00:00,,2026-09-25T14:59:24.445828+00:00,,2026-09-25T14:59:24.446828+00:00,,2026-09-25T14:59:24.447829+00:00,,2026-09-25T14:59:24.448829+00:00,,2026-09-25T14:59:24.449829+00:00,,2026-09-25T14:59:24.450829+00:00,,2026-09-25T14:59:24.451829+00:00,,2026-09-25T14:59:24.452829+00:00,,2026-09-25T14:59:24.453829+00:00,,2026-09-25T14:59:24.454829+00:00,,2026-09-25T14:59:24.455829+00:00,,2026-09-25T14:59:24.456829+00:00,,2026-09-25T14:59:24.457829+00:00,,2026-09-25T14:59:24.458829+00:00,,2026-09-25T14:59:24.459829+00:00,,2026-09-25T14:59:24.460829+00:00,,2026-09-25T14:59:24.461829+00:00,,2026-09-25T14:59:24.462829+00:00,,2026-09-25T14:59:24.463829+00:00,,2026-09-25T14:59:24.475830+00:00,,2026-09-25T14:59:24.465830+00:00,,2026-09-25T14:59:24.466830+00:00,,2026-09-25T14:59:24.467830+00:00,,2026-09-25T14:59:24.468830+00:00,,2026-09-25T14:59:24.469830+00:00,,2026-09-25T14:59:24.470830+00:00,,2026-09-25T14:59:24.471830+00:00,,2026-09-25T14:59:24.472830+00:00,,2026-09-25T14:59:24.473830+00:00,,2026-09-25T14:59:24.474830+00:00,,2026-09-25T14:59:24.476830+00:00,,2026-09-25T14:59:24.477830+00:00,,2026-09-25T14:59:24.478830+00:00,,2026-09-25T14:59:24.479830+00:00,,2026-09-25T14:59:24.480830+00:00,,2026-09-25T14:59:24.481830+00:00,,2026-09-25T14:59:24.482831+00:00,,2026-09-25T14:59:24.483831+00:00,,2026-09-25T14:59:24.484831+00:00,,2026-09-25T14:59:24.485831+00:00,,2026-09-25T14:59:24.486831+00:00,,2026-09-25T14:59:24.487831+00:00,,2026-09-25T14:59:24.488831+00:00,,2026-09-25T14:59:24.489831+00:00,,2026-09-25T14:59:24.490831+00:00,,2026-09-25T14:59:24.491831+00:00,,2026-09-25T14:59:24.492831+00:00,,2026-09-25T14:59:24.493831+00:00,,2026-09-25T14:59:24.494831+00:00,,2026-09-25T14:59:24.495831+00:00,,2026-09-25T14:59:24.496831+00:00,,2026-09-25T14:59:24.497831+00:00,,2026-09-25T14:59:24.498831+00:00,,2026-09-25T14:59:24.499832+00:00,,2026-09-25T14:59:24.500832+00:00,,2026-09-25T14:59:24.501832+00:00,,2026-09-25T14:59:24.502832+00:00,,2026-09-25T14:59:24.503832+00:00,,2026-09-25T14:59:24.504832+00:00,,2026-09-25T14:59:24.505832+00:00,,2026-09-25T14:59:24.506832+00:00,,2026-09-25T14:59:24.507832+00:00,,2026-09-25T14:59:24.508832+00:00,,2026-09-25T14:59:24.509832+00:00,,2026-09-25T14:59:24.510832+00:00,,2026-09-25T14:59:24.511832+00:00,
156,2026-09-25T13:30:19.804578+00:00,2026-09-25T13:30:19.804578+00:00,,,,,,,,,,,,,,,,,,,,,,,,,,,,,,,,,,,,,,,,,,,,,,,,,,,,,,,,,,,,,,,,,,,,,,,,,,,,,,,,,,,,,,,,,,,,,,,,,,,,,,,,,,,,,,,,,,,,,,,,,,,,,,,,,,,,,,,,,,,,,,,,,,,,,,,,,,,,,,,,,,,,,,,
157,2026-09-25T13:30:20.063504+00:00,2026-09-25T13:30:20.063504+00:00,,,,,,,,,,,,,,,,,,,,,,,,,,,,,,,,,,,,,,,,,,,,,,,,,,,,,,,,,,,,,,,,,,,,,,,,,,,,,,,,,,,,,,,,,,,,,,,,,,,,,,,,,,,,,,,,,,,,,,,,,,,,,,,,,,,,,,,,,,,,,,,,,,,,,,,,,,,,,,,,,,,,,,,
158,2026-09-25T13:30:20.383590+00:00,2026-09-25T13:30:20.383590+00:00,,,,,,,,,,,,,,,,,,,,,,,,,,,,,,,,,,,,,,,,,,,,,,,,,,,,,,,,,,,,,,,,,,,,,,,,,,,,,,,,,,,,,,,,,,,,,,,,,,,,,,,,,,,,,,,,,,,,,,,,,,,,,,,,,,,,,,,,,,,,,,,,,,,,,,,,,,,,,,,,,,,,,,,
159,2026-09-25T13:30:20.637666+00:00,2026-09-25T13:30:20.637666+00:00,,,,,,,,,,,,,,,,,,,,,,,,,,,,,,,,,,,,,,,,,,,,,,,,,,,,,,,,,,,,,,,,,,,,,,,,,,,,,,,,,,,,,,,,,,,,,,,,,,,,,,,,,,,,,,,,,,,,,,,,,,,,,,,,,,,,,,,,,,,,,,,,,,,,,,,,,,,,,,,,,,,,,,,
160,2026-09-25T13:30:20.890583+00:00,2026-09-25T13:30:20.890583+00:00,,,,,,,,,,,,,,,,,,,,,,,,,,,,,,,,,,,,,,,,,,,,,,,,,,,,,,,,,,,,,,,,,,,,,,,,,,,,,,,,,,,,,,,,,,,,,,,,,,,,,,,,,,,,,,,,,,,,,,,,,,,,,,,,,,,,,,,,,,,,,,,,,,,,,,,,,,,,,,,,,,,,,,,
161,2026-09-25T13:30:21.160519+00:00,2026-09-25T13:30:21.160519+00:00,,,,,,,,,,,,,,,,,,,,,,,,,,,,,,,,,,,,,,,,,,,,,,,,,,,,,,,,,,,,,,,,,,,,,,,,,,,,,,,,,,,,,,,,,,,,,,,,,,,,,,,,,,,,,,,,,,,,,,,,,,,,,,,,,,,,,,,,,,,,,,,,,,,,,,,,,,,,,,,,,,,,,,,
162,2026-09-25T13:30:21.526944+00:00,2026-09-25T13:30:21.526944+00:00,,,,,,,,,,,,,,,,,,,,,,,,,,,,,,,,,,,,,,,,,,,,,,,,,,,,,,,,,,,,,,,,,,,,,,,,,,,,,,,,,,,,,,,,,,,,,,,,,,,,,,,,,,,,,,,,,,,,,,,,,,,,,,,,,,,,,,,,,,,,,,,,,,,,,,,,,,,,,,,,,,,,,,,
163,2026-09-25T13:30:21.779046+00:00,2026-09-25T13:30:21.779046+00:00,,,,,,,,,,,,,,,,,,,,,,,,,,,,,,,,,,,,,,,,,,,,,,,,,,,,,,,,,,,,,,,,,,,,,,,,,,,,,,,,,,,,,,,,,,,,,,,,,,,,,,,,,,,,,,,,,,,,,,,,,,,,,,,,,,,,,,,,,,,,,,,,,,,,,,,,,,,,,,,,,,,,,,,
164,2026-09-25T13:30:22.034144+00:00,2026-09-25T13:30:22.034144+00:00,,,,,,,,,,,,,,,,,,,,,,,,,,,,,,,,,,,,,,,,,,,,,,,,,,,,,,,,,,,,,,,,,,,,,,,,,,,,,,,,,,,,,,,,,,,,,,,,,,,,,,,,,,,,,,,,,,,,,,,,,,,,,,,,,,,,,,,,,,,,,,,,,,,,,,,,,,,,,,,,,,,,,,,
165,2026-09-25T13:30:22.310678+00:00,2026-09-25T13:30:22.310678+00:00,,,,,,,,,,,,,,,,,,,,,,,,,,,,,,,,,,,,,,,,,,,,,,,,,,,,,,,,,,,,,,,,,,,,,,,,,,,,,,,,,,,,,,,,,,,,,,,,,,,,,,,,,,,,,,,,,,,,,,,,,,,,,,,,,,,,,,,,,,,,,,,,,,,,,,,,,,,,,,,,,,,,,,,
166,2026-09-25T13:30:22.562934+00:00,2026-09-25T13:30:22.562934+00:00,,,,,,,,,,,,,,,,,,,,,,,,,,,,,,,,,,,,,,,,,,,,,,,,,,,,,,,,,,,,,,,,,,,,,,,,,,,,,,,,,,,,,,,,,,,,,,,,,,,,,,,,,,,,,,,,,,,,,,,,,,,,,,,,,,,,,,,,,,,,,,,,,,,,,,,,,,,,,,,,,,,,,,,
167,2026-09-25T13:30:22.814138+00:00,2026-09-25T13:30:22.814138+00:00,,,,,,,,,,,,,,,,,,,,,,,,,,,,,,,,,,,,,,,,,,,,,,,,,,,,,,,,,,,,,,,,,,,,,,,,,,,,,,,,,,,,,,,,,,,,,,,,,,,,,,,,,,,,,,,,,,,,,,,,,,,,,,,,,,,,,,,,,,,,,,,,,,,,,,,,,,,,,,,,,,,,,,,
168,2026-09-25T13:30:23.067038+00:00,2026-09-25T13:30:23.067038+00:00,,,,,,,,,,,,,,,,,,,,,,,,,,,,,,,,,,,,,,,,,,,,,,,,,,,,,,,,,,,,,,,,,,,,,,,,,,,,,,,,,,,,,,,,,,,,,,,,,,,,,,,,,,,,,,,,,,,,,,,,,,,,,,,,,,,,,,,,,,,,,,,,,,,,,,,,,,,,,,,,,,,,,,,
169,2026-09-25T13:30:23.320169+00:00,2026-09-25T13:30:23.320169+00:00,,,,,,,,,,,,,,,,,,,,,,,,,,,,,,,,,,,,,,,,,,,,,,,,,,,,,,,,,,,,,,,,,,,,,,,,,,,,,,,,,,,,,,,,,,,,,,,,,,,,,,,,,,,,,,,,,,,,,,,,,,,,,,,,,,,,,,,,,,,,,,,,,,,,,,,,,,,,,,,,,,,,,,,
170,2026-09-25T13:30:23.579719+00:00,2026-09-25T13:30:23.579719+00:00,,,,,,,,,,,,,,,,,,,,,,,,,,,,,,,,,,,,,,,,,,,,,,,,,,,,,,,,,,,,,,,,,,,,,,,,,,,,,,,,,,,,,,,,,,,,,,,,,,,,,,,,,,,,,,,,,,,,,,,,,,,,,,,,,,,,,,,,,,,,,,,,,,,,,,,,,,,,,,,,,,,,,,,
171,2026-09-25T13:30:23.836805+00:00,2026-09-25T13:30:23.836805+00:00,,,,,,,,,,,,,,,,,,,,,,,,,,,,,,,,,,,,,,,,,,,,,,,,,,,,,,,,,,,,,,,,,,,,,,,,,,,,,,,,,,,,,,,,,,,,,,,,,,,,,,,,,,,,,,,,,,,,,,,,,,,,,,,,,,,,,,,,,,,,,,,,,,,,,,,,,,,,,,,,,,,,,,,
172,2026-09-25T13:30:24.089084+00:00,2026-09-25T13:30:24.089084+00:00,,,,,,,,,,,,,,,,,,,,,,,,,,,,,,,,,,,,,,,,,,,,,,,,,,,,,,,,,,,,,,,,,,,,,,,,,,,,,,,,,,,,,,,,,,,,,,,,,,,,,,,,,,,,,,,,,,,,,,,,,,,,,,,,,,,,,,,,,,,,,,,,,,,,,,,,,,,,,,,,,,,,,,,
173,2026-09-25T13:30:24.341433+00:00,2026-09-25T13:30:24.341433+00:00,,,,,,,,,,,,,,,,,,,,,,,,,,,,,,,,,,,,,,,,,,,,,,,,,,,,,,,,,,,,,,,,,,,,,,,,,,,,,,,,,,,,,,,,,,,,,,,,,,,,,,,,,,,,,,,,,,,,,,,,,,,,,,,,,,,,,,,,,,,,,,,,,,,,,,,,,,,,,,,,,,,,,,,
174,2026-09-25T13:30:24.593865+00:00,2026-09-25T13:30:24.593865+00:00,,,,,,,,,,,,,,,,,,,,,,,,,,,,,,,,,,,,,,,,,,,,,,,,,,,,,,,,,,,,,,,,,,,,,,,,,,,,,,,,,,,,,,,,,,,,,,,,,,,,,,,,,,,,,,,,,,,,,,,,,,,,,,,,,,,,,,,,,,,,,,,,,,,,,,,,,,,,,,,,,,,,,,,
175,2026-09-25T13:30:24.848679+00:00,2026-09-25T13:30:24.848679+00:00,,,,,,,,,,,,,,,,,,,,,,,,,,,,,,,,,,,,,,,,,,,,,,,,,,,,,,,,,,,,,,,,,,,,,,,,,,,,,,,,,,,,,,,,,,,,,,,,,,,,,,,,,,,,,,,,,,,,,,,,,,,,,,,,,,,,,,,,,,,,,,,,,,,,,,,,,,,,,,,,,,,,,,,
176,2026-09-25T13:30:25.100446+00:00,2026-09-25T13:30:25.100446+00:00,,,,,,,,,,,,,,,,,,,,,,,,,,,,,,,,,,,,,,,,,,,,,,,,,,,,,,,,,,,,,,,,,,,,,,,,,,,,,,,,,,,,,,,,,,,,,,,,,,,,,,,,,,,,,,,,,,,,,,,,,,,,,,,,,,,,,,,,,,,,,,,,,,,,,,,,,,,,,,,,,,,,,,,
177,2026-09-25T13:30:25.352821+00:00,2026-09-25T13:30:25.352821+00:00,,,,,,,,,,,,,,,,,,,,,,,,,,,,,,,,,,,,,,,,,,,,,,,,,,,,,,,,,,,,,,,,,,,,,,,,,,,,,,,,,,,,,,,,,,,,,,,,,,,,,,,,,,,,,,,,,,,,,,,,,,,,,,,,,,,,,,,,,,,,,,,,,,,,,,,,,,,,,,,,,,,,,,,
178,2026-09-25T13:30:25.606909+00:00,2026-09-25T13:30:25.606909+00:00,,,,,,,,,,,,,,,,,,,,,,,,,,,,,,,,,,,,,,,,,,,,,,,,,,,,,,,,,,,,,,,,,,,,,,,,,,,,,,,,,,,,,,,,,,,,,,,,,,,,,,,,,,,,,,,,,,,,,,,,,,,,,,,,,,,,,,,,,,,,,,,,,,,,,,,,,,,,,,,,,,,,,,,
179,2026-09-25T13:30:25.865139+00:00,2026-09-25T13:30:25.865139+00:00,,,,,,,,,,,,,,,,,,,,,,,,,,,,,,,,,,,,,,,,,,,,,,,,,,,,,,,,,,,,,,,,,,,,,,,,,,,,,,,,,,,,,,,,,,,,,,,,,,,,,,,,,,,,,,,,,,,,,,,,,,,,,,,,,,,,,,,,,,,,,,,,,,,,,,,,,,,,,,,,,,,,,,,
180,2026-09-25T13:30:26.167877+00:00,2026-09-25T13:30:26.167877+00:00,,,,,,,,,,,,,,,,,,,,,,,,,,,,,,,,,,,,,,,,,,,,,,,,,,,,,,,,,,,,,,,,,,,,,,,,,,,,,,,,,,,,,,,,,,,,,,,,,,,,,,,,,,,,,,,,,,,,,,,,,,,,,,,,,,,,,,,,,,,,,,,,,,,,,,,,,,,,,,,,,,,,,,,
181,2026-09-25T13:30:26.421960+00:00,2026-09-25T13:30:26.421960+00:00,,,,,,,,,,,,,,,,,,,,,,,,,,,,,,,,,,,,,,,,,,,,,,,,,,,,,,,,,,,,,,,,,,,,,,,,,,,,,,,,,,,,,,,,,,,,,,,,,,,,,,,,,,,,,,,,,,,,,,,,,,,,,,,,,,,,,,,,,,,,,,,,,,,,,,,,,,,,,,,,,,,,,,,
182,2026-09-25T13:30:26.691011+00:00,2026-09-25T13:30:26.691011+00:00,,,,,,,,,,,,,,,,,,,,,,,,,,,,,,,,,,,,,,,,,,,,,,,,,,,,,,,,,,,,,,,,,,,,,,,,,,,,,,,,,,,,,,,,,,,,,,,,,,,,,,,,,,,,,,,,,,,,,,,,,,,,,,,,,,,,,,,,,,,,,,,,,,,,,,,,,,,,,,,,,,,,,,,
183,2026-09-25T13:30:26.943364+00:00,2026-09-25T13:30:26.943364+00:00,,,,,,,,,,,,,,,,,,,,,,,,,,,,,,,,,,,,,,,,,,,,,,,,,,,,,,,,,,,,,,,,,,,,,,,,,,,,,,,,,,,,,,,,,,,,,,,,,,,,,,,,,,,,,,,,,,,,,,,,,,,,,,,,,,,,,,,,,,,,,,,,,,,,,,,,,,,,,,,,,,,,,,,
184,2026-09-25T13:30:27.279683+00:00,2026-09-25T13:30:27.279683+00:00,,,,,,,,,,,,,,,,,,,,,,,,,,,,,,,,,,,,,,,,,,,,,,,,,,,,,,,,,,,,,,,,,,,,,,,,,,,,,,,,,,,,,,,,,,,,,,,,,,,,,,,,,,,,,,,,,,,,,,,,,,,,,,,,,,,,,,,,,,,,,,,,,,,,,,,,,,,,,,,,,,,,,,,
185,2026-09-25T13:30:27.532459+00:00,2026-09-25T13:30:27.532459+00:00,,,,,,,,,,,,,,,,,,,,,,,,,,,,,,,,,,,,,,,,,,,,,,,,,,,,,,,,,,,,,,,,,,,,,,,,,,,,,,,,,,,,,,,,,,,,,,,,,,,,,,,,,,,,,,,,,,,,,,,,,,,,,,,,,,,,,,,,,,,,,,,,,,,,,,,,,,,,,,,,,,,,,,,
186,2026-09-25T13:30:27.785469+00:00,2026-09-25T13:30:27.785469+00:00,,,,,,,,,,,,,,,,,,,,,,,,,,,,,,,,,,,,,,,,,,,,,,,,,,,,,,,,,,,,,,,,,,,,,,,,,,,,,,,,,,,,,,,,,,,,,,,,,,,,,,,,,,,,,,,,,,,,,,,,,,,,,,,,,,,,,,,,,,,,,,,,,,,,,,,,,,,,,,,,,,,,,,,
187,2026-09-25T13:30:28.039111+00:00,2026-09-25T13:30:28.039111+00:00,,,,,,,,,,,,,,,,,,,,,,,,,,,,,,,,,,,,,,,,,,,,,,,,,,,,,,,,,,,,,,,,,,,,,,,,,,,,,,,,,,,,,,,,,,,,,,,,,,,,,,,,,,,,,,,,,,,,,,,,,,,,,,,,,,,,,,,,,,,,,,,,,,,,,,,,,,,,,,,,,,,,,,,
188,2026-09-25T13:30:28.318216+00:00,2026-09-25T13:30:28.318216+00:00,,,,,,,,,,,,,,,,,,,,,,,,,,,,,,,,,,,,,,,,,,,,,,,,,,,,,,,,,,,,,,,,,,,,,,,,,,,,,,,,,,,,,,,,,,,,,,,,,,,,,,,,,,,,,,,,,,,,,,,,,,,,,,,,,,,,,,,,,,,,,,,,,,,,,,,,,,,,,,,,,,,,,,,
189,2026-09-25T13:30:28.572137+00:00,2026-09-25T13:30:28.572137+00:00,,,,,,,,,,,,,,,,,,,,,,,,,,,,,,,,,,,,,,,,,,,,,,,,,,,,,,,,,,,,,,,,,,,,,,,,,,,,,,,,,,,,,,,,,,,,,,,,,,,,,,,,,,,,,,,,,,,,,,,,,,,,,,,,,,,,,,,,,,,,,,,,,,,,,,,,,,,,,,,,,,,,,,,
190,2026-09-25T13:30:28.826431+00:00,2026-09-25T13:30:28.826431+00:00,,,,,,,,,,,,,,,,,,,,,,,,,,,,,,,,,,,,,,,,,,,,,,,,,,,,,,,,,,,,,,,,,,,,,,,,,,,,,,,,,,,,,,,,,,,,,,,,,,,,,,,,,,,,,,,,,,,,,,,,,,,,,,,,,,,,,,,,,,,,,,,,,,,,,,,,,,,,,,,,,,,,,,,
191,2026-09-25T13:30:29.083156+00:00,2026-09-25T13:30:29.083156+00:00,,,,,,,,,,,,,,,,,,,,,,,,,,,,,,,,,,,,,,,,,,,,,,,,,,,,,,,,,,,,,,,,,,,,,,,,,,,,,,,,,,,,,,,,,,,,,,,,,,,,,,,,,,,,,,,,,,,,,,,,,,,,,,,,,,,,,,,,,,,,,,,,,,,,,,,,,,,,,,,,,,,,,,,
192,2026-09-25T13:30:29.414184+00:00,2026-09-25T13:30:29.414184+00:00,,,,,,,,,,,,,,,,,,,,,,,,,,,,,,,,,,,,,,,,,,,,,,,,,,,,,,,,,,,,,,,,,,,,,,,,,,,,,,,,,,,,,,,,,,,,,,,,,,,,,,,,,,,,,,,,,,,,,,,,,,,,,,,,,,,,,,,,,,,,,,,,,,,,,,,,,,,,,,,,,,,,,,,
193,2026-09-25T13:30:29.666755+00:00,2026-09-25T13:30:29.666755+00:00,,,,,,,,,,,,,,,,,,,,,,,,,,,,,,,,,,,,,,,,,,,,,,,,,,,,,,,,,,,,,,,,,,,,,,,,,,,,,,,,,,,,,,,,,,,,,,,,,,,,,,,,,,,,,,,,,,,,,,,,,,,,,,,,,,,,,,,,,,,,,,,,,,,,,,,,,,,,,,,,,,,,,,,
194,2026-09-25T13:30:29.918296+00:00,2026-09-25T13:30:29.918296+00:00,,,,,,,,,,,,,,,,,,,,,,,,,,,,,,,,,,,,,,,,,,,,,,,,,,,,,,,,,,,,,,,,,,,,,,,,,,,,,,,,,,,,,,,,,,,,,,,,,,,,,,,,,,,,,,,,,,,,,,,,,,,,,,,,,,,,,,,,,,,,,,,,,,,,,,,,,,,,,,,,,,,,,,,
195,2026-09-25T13:30:30.172429+00:00,2026-09-25T13:30:30.172429+00:00,,,,,,,,,,,,,,,,,,,,,,,,,,,,,,,,,,,,,,,,,,,,,,,,,,,,,,,,,,,,,,,,,,,,,,,,,,,,,,,,,,,,,,,,,,,,,,,,,,,,,,,,,,,,,,,,,,,,,,,,,,,,,,,,,,,,,,,,,,,,,,,,,,,,,,,,,,,,,,,,,,,,,,,
196,2026-09-25T13:30:30.517326+00:00,2026-09-25T13:30:30.517326+00:00,,,,,,,,,,,,,,,,,,,,,,,,,,,,,,,,,,,,,,,,,,,,,,,,,,,,,,,,,,,,,,,,,,,,,,,,,,,,,,,,,,,,,,,,,,,,,,,,,,,,,,,,,,,,,,,,,,,,,,,,,,,,,,,,,,,,,,,,,,,,,,,,,,,,,,,,,,,,,,,,,,,,,,,
197,2026-09-25T13:30:30.768845+00:00,2026-09-25T13:30:30.768845+00:00,,,,,,,,,,,,,,,,,,,,,,,,,,,,,,,,,,,,,,,,,,,,,,,,,,,,,,,,,,,,,,,,,,,,,,,,,,,,,,,,,,,,,,,,,,,,,,,,,,,,,,,,,,,,,,,,,,,,,,,,,,,,,,,,,,,,,,,,,,,,,,,,,,,,,,,,,,,,,,,,,,,,,,,
198,2026-09-25T13:30:31.022921+00:00,2026-09-25T13:30:31.022921+00:00,,,,,,,,,,,,,,,,,,,,,,,,,,,,,,,,,,,,,,,,,,,,,,,,,,,,,,,,,,,,,,,,,,,,,,,,,,,,,,,,,,,,,,,,,,,,,,,,,,,,,,,,,,,,,,,,,,,,,,,,,,,,,,,,,,,,,,,,,,,,,,,,,,,,,,,,,,,,,,,,,,,,,,,
199,2026-09-25T13:30:31.276338+00:00,2026-09-25T13:30:31.276338+00:00,,,,,,,,,,,,,,,,,,,,,,,,,,,,,,,,,,,,,,,,,,,,,,,,,,,,,,,,,,,,,,,,,,,,,,,,,,,,,,,,,,,,,,,,,,,,,,,,,,,,,,,,,,,,,,,,,,,,,,,,,,,,,,,,,,,,,,,,,,,,,,,,,,,,,,,,,,,,,,,,,,,,,,,
200,2026-09-25T13:30:31.528267+00:00,2026-09-25T13:30:31.528267+00:00,,,,,,,,,,,,,,,,,,,,,,,,,,,,,,,,,,,,,,,,,,,,,,,,,,,,,,,,,,,,,,,,,,,,,,,,,,,,,,,,,,,,,,,,,,,,,,,,,,,,,,,,,,,,,,,,,,,,,,,,,,,,,,,,,,,,,,,,,,,,,,,,,,,,,,,,,,,,,,,,,,,,,,,
201,2026-09-25T13:30:31.779925+00:00,2026-09-25T13:30:31.779925+00:00,,,,,,,,,,,,,,,,,,,,,,,,,,,,,,,,,,,,,,,,,,,,,,,,,,,,,,,,,,,,,,,,,,,,,,,,,,,,,,,,,,,,,,,,,,,,,,,,,,,,,,,,,,,,,,,,,,,,,,,,,,,,,,,,,,,,,,,,,,,,,,,,,,,,,,,,,,,,,,,,,,,,,,,
202,2026-09-25T13:30:32.101746+00:00,2026-09-25T13:30:32.101746+00:00,,,,,,,,,,,,,,,,,,,,,,,,,,,,,,,,,,,,,,,,,,,,,,,,,,,,,,,,,,,,,,,,,,,,,,,,,,,,,,,,,,,,,,,,,,,,,,,,,,,,,,,,,,,,,,,,,,,,,,,,,,,,,,,,,,,,,,,,,,,,,,,,,,,,,,,,,,,,,,,,,,,,,,,
203,2026-09-25T13:30:32.355150+00:00,2026-09-25T13:30:32.355150+00:00,,,,,,,,,,,,,,,,,,,,,,,,,,,,,,,,,,,,,,,,,,,,,,,,,,,,,,,,,,,,,,,,,,,,,,,,,,,,,,,,,,,,,,,,,,,,,,,,,,,,,,,,,,,,,,,,,,,,,,,,,,,,,,,,,,,,,,,,,,,,,,,,,,,,,,,,,,,,,,,,,,,,,,,
204,2026-09-25T13:30:32.608407+00:00,2026-09-25T13:30:32.608407+00:00,,,,,,,,,,,,,,,,,,,,,,,,,,,,,,,,,,,,,,,,,,,,,,,,,,,,,,,,,,,,,,,,,,,,,,,,,,,,,,,,,,,,,,,,,,,,,,,,,,,,,,,,,,,,,,,,,,,,,,,,,,,,,,,,,,,,,,,,,,,,,,,,,,,,,,,,,,,,,,,,,,,,,,,
205,2026-09-25T13:30:32.860825+00:00,2026-09-25T13:30:32.860825+00:00,,,,,,,,,,,,,,,,,,,,,,,,,,,,,,,,,,,,,,,,,,,,,,,,,,,,,,,,,,,,,,,,,,,,,,,,,,,,,,,,,,,,,,,,,,,,,,,,,,,,,,,,,,,,,,,,,,,,,,,,,,,,,,,,,,,,,,,,,,,,,,,,,,,,,,,,,,,,,,,,,,,,,,,
206,2026-09-25T13:30:33.116335+00:00,2026-09-25T13:30:33.116335+00:00,,,,,,,,,,,,,,,,,,,,,,,,,,,,,,,,,,,,,,,,,,,,,,,,,,,,,,,,,,,,,,,,,,,,,,,,,,,,,,,,,,,,,,,,,,,,,,,,,,,,,,,,,,,,,,,,,,,,,,,,,,,,,,,,,,,,,,,,,,,,,,,,,,,,,,,,,,,,,,,,,,,,,,,
207,2026-09-25T13:30:33.369228+00:00,2026-09-25T13:30:33.369228+00:00,,,,,,,,,,,,,,,,,,,,,,,,,,,,,,,,,,,,,,,,,,,,,,,,,,,,,,,,,,,,,,,,,,,,,,,,,,,,,,,,,,,,,,,,,,,,,,,,,,,,,,,,,,,,,,,,,,,,,,,,,,,,,,,,,,,,,,,,,,,,,,,,,,,,,,,,,,,,,,,,,,,,,,,
208,2026-09-25T13:30:33.625261+00:00,2026-09-25T13:30:33.625261+00:00,,,,,,,,,,,,,,,,,,,,,,,,,,,,,,,,,,,,,,,,,,,,,,,,,,,,,,,,,,,,,,,,,,,,,,,,,,,,,,,,,,,,,,,,,,,,,,,,,,,,,,,,,,,,,,,,,,,,,,,,,,,,,,,,,,,,,,,,,,,,,,,,,,,,,,,,,,,,,,,,,,,,,,,
209,2026-09-25T13:30:33.880730+00:00,2026-09-25T13:30:33.880730+00:00,,,,,,,,,,,,,,,,,,,,,,,,,,,,,,,,,,,,,,,,,,,,,,,,,,,,,,,,,,,,,,,,,,,,,,,,,,,,,,,,,,,,,,,,,,,,,,,,,,,,,,,,,,,,,,,,,,,,,,,,,,,,,,,,,,,,,,,,,,,,,,,,,,,,,,,,,,,,,,,,,,,,,,,
210,2026-09-25T13:30:34.141179+00:00,2026-09-25T13:30:34.141179+00:00,,,,,,,,,,,,,,,,,,,,,,,,,,,,,,,,,,,,,,,,,,,,,,,,,,,,,,,,,,,,,,,,,,,,,,,,,,,,,,,,,,,,,,,,,,,,,,,,,,,,,,,,,,,,,,,,,,,,,,,,,,,,,,,,,,,,,,,,,,,,,,,,,,,,,,,,,,,,,,,,,,,,,,,
211,2026-09-25T13:30:34.394680+00:00,2026-09-25T13:30:34.394680+00:00,,,,,,,,,,,,,,,,,,,,,,,,,,,,,,,,,,,,,,,,,,,,,,,,,,,,,,,,,,,,,,,,,,,,,,,,,,,,,,,,,,,,,,,,,,,,,,,,,,,,,,,,,,,,,,,,,,,,,,,,,,,,,,,,,,,,,,,,,,,,,,,,,,,,,,,,,,,,,,,,,,,,,,,
212,2026-09-25T13:30:34.646543+00:00,2026-09-25T13:30:34.646543+00:00,,,,,,,,,,,,,,,,,,,,,,,,,,,,,,,,,,,,,,,,,,,,,,,,,,,,,,,,,,,,,,,,,,,,,,,,,,,,,,,,,,,,,,,,,,,,,,,,,,,,,,,,,,,,,,,,,,,,,,,,,,,,,,,,,,,,,,,,,,,,,,,,,,,,,,,,,,,,,,,,,,,,,,,
213,2026-09-25T13:30:34.901342+00:00,2026-09-25T13:30:34.901342+00:00,,,,,,,,,,,,,,,,,,,,,,,,,,,,,,,,,,,,,,,,,,,,,,,,,,,,,,,,,,,,,,,,,,,,,,,,,,,,,,,,,,,,,,,,,,,,,,,,,,,,,,,,,,,,,,,,,,,,,,,,,,,,,,,,,,,,,,,,,,,,,,,,,,,,,,,,,,,,,,,,,,,,,,,
214,2026-09-25T13:30:35.154924+00:00,2026-09-25T13:30:35.154924+00:00,,,,,,,,,,,,,,,,,,,,,,,,,,,,,,,,,,,,,,,,,,,,,,,,,,,,,,,,,,,,,,,,,,,,,,,,,,,,,,,,,,,,,,,,,,,,,,,,,,,,,,,,,,,,,,,,,,,,,,,,,,,,,,,,,,,,,,,,,,,,,,,,,,,,,,,,,,,,,,,,,,,,,,,
215,2026-09-25T13:30:35.408992+00:00,2026-09-25T13:30:35.408992+00:00,,,,,,,,,,,,,,,,,,,,,,,,,,,,,,,,,,,,,,,,,,,,,,,,,,,,,,,,,,,,,,,,,,,,,,,,,,,,,,,,,,,,,,,,,,,,,,,,,,,,,,,,,,,,,,,,,,,,,,,,,,,,,,,,,,,,,,,,,,,,,,,,,,,,,,,,,,,,,,,,,,,,,,,
216,2026-09-25T13:30:35.668127+00:00,2026-09-25T13:30:35.668127+00:00,,,,,,,,,,,,,,,,,,,,,,,,,,,,,,,,,,,,,,,,,,,,,,,,,,,,,,,,,,,,,,,,,,,,,,,,,,,,,,,,,,,,,,,,,,,,,,,,,,,,,,,,,,,,,,,,,,,,,,,,,,,,,,,,,,,,,,,,,,,,,,,,,,,,,,,,,,,,,,,,,,,,,,,
217,2026-09-25T13:30:35.922772+00:00,2026-09-25T13:30:35.922772+00:00,,,,,,,,,,,,,,,,,,,,,,,,,,,,,,,,,,,,,,,,,,,,,,,,,,,,,,,,,,,,,,,,,,,,,,,,,,,,,,,,,,,,,,,,,,,,,,,,,,,,,,,,,,,,,,,,,,,,,,,,,,,,,,,,,,,,,,,,,,,,,,,,,,,,,,,,,,,,,,,,,,,,,,,
218,2026-09-25T13:30:36.176548+00:00,2026-09-25T13:30:36.176548+00:00,,,,,,,,,,,,,,,,,,,,,,,,,,,,,,,,,,,,,,,,,,,,,,,,,,,,,,,,,,,,,,,,,,,,,,,,,,,,,,,,,,,,,,,,,,,,,,,,,,,,,,,,,,,,,,,,,,,,,,,,,,,,,,,,,,,,,,,,,,,,,,,,,,,,,,,,,,,,,,,,,,,,,,,
219,2026-09-25T13:30:36.435729+00:00,2026-09-25T13:30:36.435729+00:00,,,,,,,,,,,,,,,,,,,,,,,,,,,,,,,,,,,,,,,,,,,,,,,,,,,,,,,,,,,,,,,,,,,,,,,,,,,,,,,,,,,,,,,,,,,,,,,,,,,,,,,,,,,,,,,,,,,,,,,,,,,,,,,,,,,,,,,,,,,,,,,,,,,,,,,,,,,,,,,,,,,,,,,
220,2026-09-25T13:30:36.725824+00:00,2026-09-25T13:30:36.725824+00:00,,,,,,,,,,,,,,,,,,,,,,,,,,,,,,,,,,,,,,,,,,,,,,,,,,,,,,,,,,,,,,,,,,,,,,,,,,,,,,,,,,,,,,,,,,,,,,,,,,,,,,,,,,,,,,,,,,,,,,,,,,,,,,,,,,,,,,,,,,,,,,,,,,,,,,,,,,,,,,,,,,,,,,,
221,2026-09-25T13:30:36.982833+00:00,2026-09-25T13:30:36.982833+00:00,,,,,,,,,,,,,,,,,,,,,,,,,,,,,,,,,,,,,,,,,,,,,,,,,,,,,,,,,,,,,,,,,,,,,,,,,,,,,,,,,,,,,,,,,,,,,,,,,,,,,,,,,,,,,,,,,,,,,,,,,,,,,,,,,,,,,,,,,,,,,,,,,,,,,,,,,,,,,,,,,,,,,,,
222,2026-09-25T13:30:37.234782+00:00,2026-09-25T13:30:37.234782+00:00,,,,,,,,,,,,,,,,,,,,,,,,,,,,,,,,,,,,,,,,,,,,,,,,,,,,,,,,,,,,,,,,,,,,,,,,,,,,,,,,,,,,,,,,,,,,,,,,,,,,,,,,,,,,,,,,,,,,,,,,,,,,,,,,,,,,,,,,,,,,,,,,,,,,,,,,,,,,,,,,,,,,,,,
223,2026-09-25T13:30:37.544431+00:00,2026-09-25T13:30:37.544431+00:00,,,,,,,,,,,,,,,,,,,,,,,,,,,,,,,,,,,,,,,,,,,,,,,,,,,,,,,,,,,,,,,,,,,,,,,,,,,,,,,,,,,,,,,,,,,,,,,,,,,,,,,,,,,,,,,,,,,,,,,,,,,,,,,,,,,,,,,,,,,,,,,,,,,,,,,,,,,,,,,,,,,,,,,
224,2026-09-25T13:30:37.796086+00:00,2026-09-25T13:30:37.796086+00:00,,,,,,,,,,,,,,,,,,,,,,,,,,,,,,,,,,,,,,,,,,,,,,,,,,,,,,,,,,,,,,,,,,,,,,,,,,,,,,,,,,,,,,,,,,,,,,,,,,,,,,,,,,,,,,,,,,,,,,,,,,,,,,,,,,,,,,,,,,,,,,,,,,,,,,,,,,,,,,,,,,,,,,,
225,2026-09-25T13:30:38.063890+00:00,2026-09-25T13:30:38.063890+00:00,,,,,,,,,,,,,,,,,,,,,,,,,,,,,,,,,,,,,,,,,,,,,,,,,,,,,,,,,,,,,,,,,,,,,,,,,,,,,,,,,,,,,,,,,,,,,,,,,,,,,,,,,,,,,,,,,,,,,,,,,,,,,,,,,,,,,,,,,,,,,,,,,,,,,,,,,,,,,,,,,,,,,,,
226,2026-09-25T13:30:38.373442+00:00,2026-09-25T13:30:38.373442+00:00,,,,,,,,,,,,,,,,,,,,,,,,,,,,,,,,,,,,,,,,,,,,,,,,,,,,,,,,,,,,,,,,,,,,,,,,,,,,,,,,,,,,,,,,,,,,,,,,,,,,,,,,,,,,,,,,,,,,,,,,,,,,,,,,,,,,,,,,,,,,,,,,,,,,,,,,,,,,,,,,,,,,,,,
227,2026-09-25T13:30:38.625952+00:00,2026-09-25T13:30:38.625952+00:00,,,,,,,,,,,,,,,,,,,,,,,,,,,,,,,,,,,,,,,,,,,,,,,,,,,,,,,,,,,,,,,,,,,,,,,,,,,,,,,,,,,,,,,,,,,,,,,,,,,,,,,,,,,,,,,,,,,,,,,,,,,,,,,,,,,,,,,,,,,,,,,,,,,,,,,,,,,,,,,,,,,,,,,
228,2026-09-25T13:30:38.877766+00:00,2026-09-25T13:30:38.877766+00:00,,,,,,,,,,,,,,,,,,,,,,,,,,,,,,,,,,,,,,,,,,,,,,,,,,,,,,,,,,,,,,,,,,,,,,,,,,,,,,,,,,,,,,,,,,,,,,,,,,,,,,,,,,,,,,,,,,,,,,,,,,,,,,,,,,,,,,,,,,,,,,,,,,,,,,,,,,,,,,,,,,,,,,,
229,2026-09-25T13:30:39.130752+00:00,2026-09-25T13:30:39.130752+00:00,,,,,,,,,,,,,,,,,,,,,,,,,,,,,,,,,,,,,,,,,,,,,,,,,,,,,,,,,,,,,,,,,,,,,,,,,,,,,,,,,,,,,,,,,,,,,,,,,,,,,,,,,,,,,,,,,,,,,,,,,,,,,,,,,,,,,,,,,,,,,,,,,,,,,,,,,,,,,,,,,,,,,,,
230,2026-09-25T13:30:39.400749+00:00,2026-09-25T13:30:39.400749+00:00,,,,,,,,,,,,,,,,,,,,,,,,,,,,,,,,,,,,,,,,,,,,,,,,,,,,,,,,,,,,,,,,,,,,,,,,,,,,,,,,,,,,,,,,,,,,,,,,,,,,,,,,,,,,,,,,,,,,,,,,,,,,,,,,,,,,,,,,,,,,,,,,,,,,,,,,,,,,,,,,,,,,,,,
231,2026-09-25T13:30:39.652996+00:00,2026-09-25T13:30:39.652996+00:00,,,,,,,,,,,,,,,,,,,,,,,,,,,,,,,,,,,,,,,,,,,,,,,,,,,,,,,,,,,,,,,,,,,,,,,,,,,,,,,,,,,,,,,,,,,,,,,,,,,,,,,,,,,,,,,,,,,,,,,,,,,,,,,,,,,,,,,,,,,,,,,,,,,,,,,,,,,,,,,,,,,,,,,
232,2026-09-25T13:30:39.904406+00:00,2026-09-25T13:30:39.904406+00:00,,,,,,,,,,,,,,,,,,,,,,,,,,,,,,,,,,,,,,,,,,,,,,,,,,,,,,,,,,,,,,,,,,,,,,,,,,,,,,,,,,,,,,,,,,,,,,,,,,,,,,,,,,,,,,,,,,,,,,,,,,,,,,,,,,,,,,,,,,,,,,,,,,,,,,,,,,,,,,,,,,,,,,,
233,2026-09-25T13:30:40.156787+00:00,2026-09-25T13:30:40.156787+00:00,,,,,,,,,,,,,,,,,,,,,,,,,,,,,,,,,,,,,,,,,,,,,,,,,,,,,,,,,,,,,,,,,,,,,,,,,,,,,,,,,,,,,,,,,,,,,,,,,,,,,,,,,,,,,,,,,,,,,,,,,,,,,,,,,,,,,,,,,,,,,,,,,,,,,,,,,,,,,,,,,,,,,,,
234,2026-09-25T13:30:40.410060+00:00,2026-09-25T13:30:40.410060+00:00,,,,,,,,,,,,,,,,,,,,,,,,,,,,,,,,,,,,,,,,,,,,,,,,,,,,,,,,,,,,,,,,,,,,,,,,,,,,,,,,,,,,,,,,,,,,,,,,,,,,,,,,,,,,,,,,,,,,,,,,,,,,,,,,,,,,,,,,,,,,,,,,,,,,,,,,,,,,,,,,,,,,,,,
235,2026-09-25T13:30:40.668718+00:00,2026-09-25T13:30:40.668718+00:00,,,,,,,,,,,,,,,,,,,,,,,,,,,,,,,,,,,,,,,,,,,,,,,,,,,,,,,,,,,,,,,,,,,,,,,,,,,,,,,,,,,,,,,,,,,,,,,,,,,,,,,,,,,,,,,,,,,,,,,,,,,,,,,,,,,,,,,,,,,,,,,,,,,,,,,,,,,,,,,,,,,,,,,
236,2026-09-25T13:30:40.921775+00:00,2026-09-25T13:30:40.921775+00:00,,,,,,,,,,,,,,,,,,,,,,,,,,,,,,,,,,,,,,,,,,,,,,,,,,,,,,,,,,,,,,,,,,,,,,,,,,,,,,,,,,,,,,,,,,,,,,,,,,,,,,,,,,,,,,,,,,,,,,,,,,,,,,,,,,,,,,,,,,,,,,,,,,,,,,,,,,,,,,,,,,,,,,,
237,2026-09-25T13:30:41.182424+00:00,2026-09-25T13:30:41.182424+00:00,,,,,,,,,,,,,,,,,,,,,,,,,,,,,,,,,,,,,,,,,,,,,,,,,,,,,,,,,,,,,,,,,,,,,,,,,,,,,,,,,,,,,,,,,,,,,,,,,,,,,,,,,,,,,,,,,,,,,,,,,,,,,,,,,,,,,,,,,,,,,,,,,,,,,,,,,,,,,,,,,,,,,,,
238,2026-09-25T13:30:41.436785+00:00,2026-09-25T13:30:41.436785+00:00,,,,,,,,,,,,,,,,,,,,,,,,,,,,,,,,,,,,,,,,,,,,,,,,,,,,,,,,,,,,,,,,,,,,,,,,,,,,,,,,,,,,,,,,,,,,,,,,,,,,,,,,,,,,,,,,,,,,,,,,,,,,,,,,,,,,,,,,,,,,,,,,,,,,,,,,,,,,,,,,,,,,,,,
239,2026-09-25T13:30:41.743323+00:00,2026-09-25T13:30:41.743323+00:00,,,,,,,,,,,,,,,,,,,,,,,,,,,,,,,,,,,,,,,,,,,,,,,,,,,,,,,,,,,,,,,,,,,,,,,,,,,,,,,,,,,,,,,,,,,,,,,,,,,,,,,,,,,,,,,,,,,,,,,,,,,,,,,,,,,,,,,,,,,,,,,,,,,,,,,,,,,,,,,,,,,,,,,
240,2026-09-25T13:30:41.997433+00:00,2026-09-25T13:30:41.997433+00:00,,,,,,,,,,,,,,,,,,,,,,,,,,,,,,,,,,,,,,,,,,,,,,,,,,,,,,,,,,,,,,,,,,,,,,,,,,,,,,,,,,,,,,,,,,,,,,,,,,,,,,,,,,,,,,,,,,,,,,,,,,,,,,,,,,,,,,,,,,,,,,,,,,,,,,,,,,,,,,,,,,,,,,,
241,2026-09-25T13:30:42.250304+00:00,2026-09-25T13:30:42.250304+00:00,,,,,,,,,,,,,,,,,,,,,,,,,,,,,,,,,,,,,,,,,,,,,,,,,,,,,,,,,,,,,,,,,,,,,,,,,,,,,,,,,,,,,,,,,,,,,,,,,,,,,,,,,,,,,,,,,,,,,,,,,,,,,,,,,,,,,,,,,,,,,,,,,,,,,,,,,,,,,,,,,,,,,,,
242,2026-09-25T13:30:42.521947+00:00,2026-09-25T13:30:42.521947+00:00,,,,,,,,,,,,,,,,,,,,,,,,,,,,,,,,,,,,,,,,,,,,,,,,,,,,,,,,,,,,,,,,,,,,,,,,,,,,,,,,,,,,,,,,,,,,,,,,,,,,,,,,,,,,,,,,,,,,,,,,,,,,,,,,,,,,,,,,,,,,,,,,,,,,,,,,,,,,,,,,,,,,,,,
243,2026-09-25T13:30:42.773725+00:00,2026-09-25T13:30:42.773725+00:00,,,,,,,,,,,,,,,,,,,,,,,,,,,,,,,,,,,,,,,,,,,,,,,,,,,,,,,,,,,,,,,,,,,,,,,,,,,,,,,,,,,,,,,,,,,,,,,,,,,,,,,,,,,,,,,,,,,,,,,,,,,,,,,,,,,,,,,,,,,,,,,,,,,,,,,,,,,,,,,,,,,,,,,
244,2026-09-25T13:30:43.026494+00:00,2026-09-25T13:30:43.026494+00:00,,,,,,,,,,,,,,,,,,,,,,,,,,,,,,,,,,,,,,,,,,,,,,,,,,,,,,,,,,,,,,,,,,,,,,,,,,,,,,,,,,,,,,,,,,,,,,,,,,,,,,,,,,,,,,,,,,,,,,,,,,,,,,,,,,,,,,,,,,,,,,,,,,,,,,,,,,,,,,,,,,,,,,,
245,2026-09-25T13:30:43.278480+00:00,2026-09-25T13:30:43.278480+00:00,,,,,,,,,,,,,,,,,,,,,,,,,,,,,,,,,,,,,,,,,,,,,,,,,,,,,,,,,,,,,,,,,,,,,,,,,,,,,,,,,,,,,,,,,,,,,,,,,,,,,,,,,,,,,,,,,,,,,,,,,,,,,,,,,,,,,,,,,,,,,,,,,,,,,,,,,,,,,,,,,,,,,,,
246,2026-09-25T13:30:43.581300+00:00,2026-09-25T13:30:43.581300+00:00,,,,,,,,,,,,,,,,,,,,,,,,,,,,,,,,,,,,,,,,,,,,,,,,,,,,,,,,,,,,,,,,,,,,,,,,,,,,,,,,,,,,,,,,,,,,,,,,,,,,,,,,,,,,,,,,,,,,,,,,,,,,,,,,,,,,,,,,,,,,,,,,,,,,,,,,,,,,,,,,,,,,,,,
