snapshot_id,timestamp,source_timestamp_reference,sync_spread_ms,ms.turntable.transfer,ms.turntable.conveyor,ms.sensor.conveyor,ms.turntable.saw,ms.transfer.turntable,ms.oven.slider_inside,ms.oven.slider_outside,ms.transfer.oven,ms.sensor.oven,ms.motor.turntable_cw,ms.motor.turntable_ccw,ms.motor.conveyor,ms.motor.saw,ms.motor.slider_in,ms.motor.slider_out,ms.motor.transfer_oven,ms.motor.transfer_turntable,ms.process.burn,ms.air.compressor,ms.valve.vacuum,ms.valve.transfer,ms.valve.oven_door,ms.valve.ejector,hbw.ref.horizontal,hbw.sensor.inside,hbw.sensor.outside,hbw.ref.vertical,hbw.ref.cantilever_front,hbw.ref.cantilever_back,hbw.sensor.trail_bottom,hbw.sensor.trail_top,hbw.motor.conveyor_forward,hbw.motor.conveyor_backward,hbw.motor.crane_rack,hbw.motor.crane_conveyor,hbw.motor.crane_down,hbw.motor.crane_up,hbw.motor.cantilever_forward,hbw.motor.cantilever_backward,hbw.encoder.horizontal1,hbw.encoder.horizontal2,hbw.encoder.vertical1,hbw.encoder.vertical2,c.ref.vertical,c.ref.horizontal,c.ref.rotate,c.motor.up,c.motor.down,c.motor.backward,c.motor.forward,c.motor.cw,c.motor.ccw,c.air.compressor,c.valve.vacuum,c.encoder.vertical1,c.encoder.vertical2,c.encoder.horizontal1,c.encoder.horizontal2,c.encoder.rotate1,c.encoder.rotate2,pm.sensor.entry,pm.sensor.tool,pm.ref.top,pm.ref.bottom,pm.motor.conveyor_forward,pm.motor.conveyor_backward,pm.motor.tool_up,pm.motor.tool_down,sl.sensor.pulse,sl.sensor.before_color,sl.sensor.after_color,sl.sensor.white,sl.sensor.red,sl.sensor.blue,sl.motor.conveyor,sl.air.compressor,sl.valve.white,sl.valve.red,sl.valve.blue,sl.sensor.color_value,local.crane_coord_h,local.crane_coord_v,local.crane_coord_r,ms.turntable.transfer.source_ts,ms.turntable.conveyor.source_ts,ms.sensor.conveyor.source_ts,ms.turntable.saw.source_ts,ms.transfer.turntable.source_ts,ms.oven.slider_inside.source_ts,ms.oven.slider_outside.source_ts,ms.transfer.oven.source_ts,ms.sensor.oven.source_ts,ms.motor.turntable_cw.source_ts,ms.motor.turntable_ccw.source_ts,ms.motor.conveyor.source_ts,ms.motor.saw.source_ts,ms.motor.slider_in.source_ts,ms.motor.slider_out.source_ts,ms.motor.transfer_oven.source_ts,ms.motor.transfer_turntable.source_ts,ms.process.burn.source_ts,ms.air.compressor.source_ts,ms.valve.vacuum.source_ts,ms.valve.transfer.source_ts,ms.valve.oven_door.source_ts,ms.valve.ejector.source_ts,hbw.ref.horizontal.source_ts,hbw.sensor.inside.source_ts,hbw.sensor.outside.source_ts,hbw.ref.vertical.source_ts,hbw.ref.cantilever_front.source_ts,hbw.ref.cantilever_back.source_ts,hbw.sensor.trail_bottom.source_ts,hbw.sensor.trail_top.source_ts,hbw.motor.conveyor_forward.source_ts,hbw.motor.conveyor_backward.source_ts,hbw.motor.crane_rack.source_ts,hbw.motor.crane_conveyor.source_ts,hbw.motor.crane_down.source_ts,hbw.motor.crane_up.source_ts,hbw.motor.cantilever_forward.source_ts,hbw.motor.cantilever_backward.source_ts,hbw.encoder.horizontal1.source_ts,hbw.encoder.horizontal2.source_ts,hbw.encoder.vertical1.source_ts,hbw.encoder.vertical2.source_ts,c.ref.vertical.source_ts,c.ref.horizontal.source_ts,c.ref.rotate.source_ts,c.motor.up.source_ts,c.motor.down.source_ts,c.motor.backward.source_ts,c.motor.forward.source_ts,c.motor.cw.source_ts,c.motor.ccw.source_ts,c.air.compressor.source_ts,c.valve.vacuum.source_ts,c.encoder.vertical1.source_ts,c.encoder.vertical2.source_ts,c.encoder.horizontal1.source_ts,c.encoder.horizontal2.source_ts,c.encoder.rotate1.source_ts,c.encoder.rotate2.source_ts,pm.sensor.entry.source_ts,pm.sensor.tool.source_ts,pm.ref.top.source_ts,pm.ref.bottom.source_ts,pm.motor.conveyor_forward.source_ts,pm.motor.conveyor_backward.source_ts,pm.motor.tool_up.source_ts,pm.motor.tool_down.source_ts,sl.sensor.pulse.source_ts,sl.sensor.before_color.source_ts,sl.sensor.after_color.source_ts,sl.sensor.white.source_ts,sl.sensor.red.source_ts,sl.sensor.blue.source_ts,sl.motor.conveyor.source_ts,sl.air.compressor.source_ts,sl.valve.white.source_ts,sl.valve.red.source_ts,sl.valve.blue.source_ts,sl.sensor.color_value.source_ts,local.crane_coord_h.source_ts,local.crane_coord_v.source_ts,local.crane_coord_r.source_ts,analysis_timestamp,sample_interval_s,sample_rate_hz,sim.oven_temperature_c,region.HBW.active,region.Crane.active,region.MS.active,region.PM.active,region.SL.active,physical.ms.sensor.oven.active,physical.ms.sensor.conveyor.active,physical.sl.sensor.before_color.active,physical.sl.sensor.after_color.active,physical.sl.sensor.white.active,physical.sl.sensor.red.active,physical.sl.sensor.blue.active,physical.pm.sensor.entry.active,physical.pm.sensor.tool.active,physical.hbw.sensor.inside.active,physical.hbw.sensor.outside.active
1,2026-09-25 13:39:38.152300+00:00,2026-09-25 15:08:43.116783+00:00,92.006,True,False,False,False,False,False,True,False,True,False,False,False,False,False,False,False,True,False,True,True,False,False,False,False,True,True,False,False,True,True,False,False,False,False,True,False,False,False,False,True,True,False,False,True,True,True,False,False,False,False,False,False,False,False,False,True,False,True,False,False,True,True,False,True,False,False,False,False,True,True,True,False,False,False,False,False,False,False,False,0,0,0,0,2026-09-25 15:08:43.024777+00:00,2026-09-25 15:08:43.025777+00:00,2026-09-25 15:08:43.026777+00:00,2026-09-25 15:08:43.027777+00:00,2026-09-25 15:08:43.028778+00:00,2026-09-25 15:08:43.029778+00:00,2026-09-25 15:08:43.030778+00:00,2026-09-25 15:08:43.031778+00:00,2026-09-25 15:08:43.032778+00:00,2026-09-25 15:08:43.033778+00:00,2026-09-25 15:08:43.035778+00:00,2026-09-25 15:08:43.036778+00:00,2026-09-25 15:08:43.037778+00:00,2026-09-25 15:08:43.038778+00:00,2026-09-25 15:08:43.039778+00:00,2026-09-25 15:08:43.040778+00:00,2026-09-25 15:08:43.041778+00:00,2026-09-25 15:08:43.042778+00:00,2026-09-25 15:08:43.043778+00:00,2026-09-25 15:08:43.044778+00:00,2026-09-25 15:08:43.045779+00:00,2026-09-25 15:08:43.046779+00:00,2026-09-25 15:08:43.047779+00:00,2026-09-25 15:08:43.048779+00:00,2026-09-25 15:08:43.049779+00:00,2026-09-25 15:08:43.050779+00:00,2026-09-25 15:08:43.078780+00:00,2026-09-25 15:08:43.067780+00:00,2026-09-25 15:08:43.068780+00:00,2026-09-25 15:08:43.057779+00:00,2026-09-25 15:08:43.058779+00:00,2026-09-25 15:08:43.059779+00:00,2026-09-25 15:08:43.060779+00:00,2026-09-25 15:08:43.061779+00:00,2026-09-25 15:08:43.062779+00:00,2026-09-25 15:08:43.063780+00:00,2026-09-25 15:08:43.064780+00:00,2026-09-25 15:08:43.052779+00:00,2026-09-25 15:08:43.054779+00:00,2026-09-25 15:08:43.056779+00:00,2026-09-25 15:08:43.069780+00:00,2026-09-25 15:08:43.070780+00:00,2026-09-25 15:08:43.085781+00:00,2026-09-25 15:08:43.073780+00:00,2026-09-25 15:08:43.074780+00:00,2026-09-25 15:08:43.075780+00:00,2026-09-25 15:08:43.076780+00:00,2026-09-25 15:08:43.077780+00:00,2026-09-25 15:08:43.066780+00:00,2026-09-25 15:08:43.079780+00:00,2026-09-25 15:08:43.080781+00:00,2026-09-25 15:08:43.095781+00:00,2026-09-25 15:08:43.084781+00:00,2026-09-25 15:08:43.072780+00:00,2026-09-25 15:08:43.099782+00:00,2026-09-25 15:08:43.088781+00:00,2026-09-25 15:08:43.089781+00:00,2026-09-25 15:08:43.090781+00:00,2026-09-25 15:08:43.091781+00:00,2026-09-25 15:08:43.092781+00:00,2026-09-25 15:08:43.093781+00:00,2026-09-25 15:08:43.094781+00:00,2026-09-25 15:08:43.082781+00:00,2026-09-25 15:08:43.108782+00:00,2026-09-25 15:08:43.098782+00:00,2026-09-25 15:08:43.087781+00:00,2026-09-25 15:08:43.100782+00:00,2026-09-25 15:08:43.101782+00:00,2026-09-25 15:08:43.102782+00:00,2026-09-25 15:08:43.103782+00:00,2026-09-25 15:08:43.104782+00:00,2026-09-25 15:08:43.105782+00:00,2026-09-25 15:08:43.106782+00:00,2026-09-25 15:08:43.107782+00:00,2026-09-25 15:08:43.097781+00:00,2026-09-25 15:08:43.109782+00:00,2026-09-25 15:08:43.110782+00:00,2026-09-25 15:08:43.111782+00:00,2026-09-25 15:08:43.112782+00:00,2026-09-25 15:08:43.113782+00:00,2026-09-25 15:08:43.114782+00:00,2026-09-25 15:08:43.115783+00:00,2026-09-25 15:08:43.116783+00:00,2026-09-25 15:08:43.116783+00:00,,,180.0,True,False,True,False,False,False,True,False,False,True,True,True,False,False,False,False
2,2026-09-25 13:39:38.501604+00:00,2026-09-25 15:08:43.465803+00:00,93.006,True,False,False,False,False,False,True,False,True,False,False,False,False,False,False,False,True,False,True,True,False,False,False,False,True,True,False,False,True,True,False,False,False,False,True,False,False,False,False,False,False,False,False,True,True,True,False,False,False,False,False,False,False,False,False,True,False,True,False,False,True,True,False,True,False,False,False,False,True,True,True,False,False,False,False,False,False,False,False,0,0,0,0,2026-09-25 15:08:43.372797+00:00,2026-09-25 15:08:43.374797+00:00,2026-09-25 15:08:43.376797+00:00,2026-09-25 15:08:43.378798+00:00,2026-09-25 15:08:43.391798+00:00,2026-09-25 15:08:43.381798+00:00,2026-09-25 15:08:43.382798+00:00,2026-09-25 15:08:43.383798+00:00,2026-09-25 15:08:43.384798+00:00,2026-09-25 15:08:43.385798+00:00,2026-09-25 15:08:43.386798+00:00,2026-09-25 15:08:43.387798+00:00,2026-09-25 15:08:43.388798+00:00,2026-09-25 15:08:43.389798+00:00,2026-09-25 15:08:43.390798+00:00,2026-09-25 15:08:43.380798+00:00,2026-09-25 15:08:43.393798+00:00,2026-09-25 15:08:43.394798+00:00,2026-09-25 15:08:43.395799+00:00,2026-09-25 15:08:43.396799+00:00,2026-09-25 15:08:43.398799+00:00,2026-09-25 15:08:43.399799+00:00,2026-09-25 15:08:43.400799+00:00,2026-09-25 15:08:43.401799+00:00,2026-09-25 15:08:43.402799+00:00,2026-09-25 15:08:43.404799+00:00,2026-09-25 15:08:43.405799+00:00,2026-09-25 15:08:43.406799+00:00,2026-09-25 15:08:43.407799+00:00,2026-09-25 15:08:43.408799+00:00,2026-09-25 15:08:43.410799+00:00,2026-09-25 15:08:43.411799+00:00,2026-09-25 15:08:43.412800+00:00,2026-09-25 15:08:43.413800+00:00,2026-09-25 15:08:43.414800+00:00,2026-09-25 15:08:43.415800+00:00,2026-09-25 15:08:43.416800+00:00,2026-09-25 15:08:43.417800+00:00,2026-09-25 15:08:43.418800+00:00,2026-09-25 15:08:43.419800+00:00,2026-09-25 15:08:43.420800+00:00,2026-09-25 15:08:43.421800+00:00,2026-09-25 15:08:43.422800+00:00,2026-09-25 15:08:43.423800+00:00,2026-09-25 15:08:43.436801+00:00,2026-09-25 15:08:43.426800+00:00,2026-09-25 15:08:43.427800+00:00,2026-09-25 15:08:43.428800+00:00,2026-09-25 15:08:43.429800+00:00,2026-09-25 15:08:43.430801+00:00,2026-09-25 15:08:43.431801+00:00,2026-09-25 15:08:43.432801+00:00,2026-09-25 15:08:43.433801+00:00,2026-09-25 15:08:43.434801+00:00,2026-09-25 15:08:43.435801+00:00,2026-09-25 15:08:43.425800+00:00,2026-09-25 15:08:43.437801+00:00,2026-09-25 15:08:43.438801+00:00,2026-09-25 15:08:43.439801+00:00,2026-09-25 15:08:43.440801+00:00,2026-09-25 15:08:43.441801+00:00,2026-09-25 15:08:43.442801+00:00,2026-09-25 15:08:43.443801+00:00,2026-09-25 15:08:43.445801+00:00,2026-09-25 15:08:43.446801+00:00,2026-09-25 15:08:43.447802+00:00,2026-09-25 15:08:43.448802+00:00,2026-09-25 15:08:43.449802+00:00,2026-09-25 15:08:43.450802+00:00,2026-09-25 15:08:43.451802+00:00,2026-09-25 15:08:43.452802+00:00,2026-09-25 15:08:43.453802+00:00,2026-09-25 15:08:43.454802+00:00,2026-09-25 15:08:43.456802+00:00,2026-09-25 15:08:43.457802+00:00,2026-09-25 15:08:43.458802+00:00,2026-09-25 15:08:43.459802+00:00,2026-09-25 15:08:43.460802+00:00,2026-09-25 15:08:43.461802+00:00,2026-09-25 15:08:43.462802+00:00,2026-09-25 15:08:43.463802+00:00,2026-09-25 15:08:43.464802+00:00,2026-09-25 15:08:43.465803+00:00,2026-09-25 15:08:43.465803+00:00,0.349304,2.862835810640588,180.0848649440788,True,False,True,False,False,False,True,False,False,True,True,True,False,False,False,False
3,2026-09-25 13:39:38.967400+00:00,2026-09-25 15:08:43.931829+00:00,178.01,True,False,False,False,False,False,True,False,True,False,False,False,False,False,False,False,True,False,True,True,False,False,False,False,True,True,False,False,True,True,False,False,False,False,True,False,False,False,False,False,False,False,False,True,True,True,False,False,False,False,False,False,False,False,False,True,False,True,False,False,True,True,False,True,False,False,False,False,True,True,True,False,False,False,False,False,False,False,False,0,0,0,0,2026-09-25 15:08:43.767820+00:00,2026-09-25 15:08:43.769820+00:00,2026-09-25 15:08:43.771820+00:00,2026-09-25 15:08:43.773820+00:00,2026-09-25 15:08:43.753819+00:00,2026-09-25 15:08:43.777820+00:00,2026-09-25 15:08:43.757819+00:00,2026-09-25 15:08:43.781821+00:00,2026-09-25 15:08:43.783821+00:00,2026-09-25 15:08:43.807822+00:00,2026-09-25 15:08:43.809822+00:00,2026-09-25 15:08:43.789821+00:00,2026-09-25 15:08:43.791821+00:00,2026-09-25 15:08:43.793821+00:00,2026-09-25 15:08:43.795821+00:00,2026-09-25 15:08:43.797822+00:00,2026-09-25 15:08:43.799822+00:00,2026-09-25 15:08:43.801822+00:00,2026-09-25 15:08:43.803822+00:00,2026-09-25 15:08:43.805822+00:00,2026-09-25 15:08:43.785821+00:00,2026-09-25 15:08:43.787821+00:00,2026-09-25 15:08:43.811822+00:00,2026-09-25 15:08:43.813822+00:00,2026-09-25 15:08:43.815823+00:00,2026-09-25 15:08:43.817823+00:00,2026-09-25 15:08:43.819823+00:00,2026-09-25 15:08:43.821823+00:00,2026-09-25 15:08:43.823823+00:00,2026-09-25 15:08:43.825823+00:00,2026-09-25 15:08:43.827823+00:00,2026-09-25 15:08:43.829823+00:00,2026-09-25 15:08:43.831823+00:00,2026-09-25 15:08:43.833824+00:00,2026-09-25 15:08:43.835824+00:00,2026-09-25 15:08:43.837824+00:00,2026-09-25 15:08:43.839824+00:00,2026-09-25 15:08:43.841824+00:00,2026-09-25 15:08:43.843824+00:00,2026-09-25 15:08:43.845824+00:00,2026-09-25 15:08:43.847824+00:00,2026-09-25 15:08:43.849825+00:00,2026-09-25 15:08:43.851825+00:00,2026-09-25 15:08:43.853825+00:00,2026-09-25 15:08:43.855825+00:00,2026-09-25 15:08:43.857825+00:00,2026-09-25 15:08:43.859825+00:00,2026-09-25 15:08:43.861825+00:00,2026-09-25 15:08:43.863825+00:00,2026-09-25 15:08:43.887827+00:00,2026-09-25 15:08:43.867826+00:00,2026-09-25 15:08:43.869826+00:00,2026-09-25 15:08:43.871826+00:00,2026-09-25 15:08:43.873826+00:00,2026-09-25 15:08:43.875826+00:00,2026-09-25 15:08:43.877826+00:00,2026-09-25 15:08:43.879826+00:00,2026-09-25 15:08:43.881826+00:00,2026-09-25 15:08:43.883826+00:00,2026-09-25 15:08:43.885827+00:00,2026-09-25 15:08:43.865825+00:00,2026-09-25 15:08:43.889827+00:00,2026-09-25 15:08:43.891827+00:00,2026-09-25 15:08:43.893827+00:00,2026-09-25 15:08:43.895827+00:00,2026-09-25 15:08:43.897827+00:00,2026-09-25 15:08:43.899827+00:00,2026-09-25 15:08:43.901827+00:00,2026-09-25 15:08:43.903828+00:00,2026-09-25 15:08:43.905828+00:00,2026-09-25 15:08:43.907828+00:00,2026-09-25 15:08:43.909828+00:00,2026-09-25 15:08:43.911828+00:00,2026-09-25 15:08:43.913828+00:00,2026-09-25 15:08:43.915828+00:00,2026-09-25 15:08:43.917828+00:00,2026-09-25 15:08:43.919829+00:00,2026-09-25 15:08:43.921829+00:00,2026-09-25 15:08:43.923829+00:00,2026-09-25 15:08:43.925829+00:00,2026-09-25 15:08:43.927829+00:00,2026-09-25 15:08:43.929829+00:00,2026-09-25 15:08:43.931829+00:00,2026-09-25 15:08:43.931829+00:00,0.465796,2.146862575032847,180.19792136025023,True,False,True,False,False,False,True,False,False,True,True,True,False,False,False,False
4,2026-09-25 13:39:39.374735+00:00,2026-09-25 15:08:44.338852+00:00,118.006,True,False,False,False,False,False,True,False,True,False,False,False,False,False,False,False,True,False,True,True,False,False,False,False,True,True,False,False,True,True,False,False,False,False,True,False,False,False,False,False,True,False,False,True,True,True,False,False,False,False,False,False,False,False,False,True,False,True,False,False,True,True,False,True,False,False,False,False,True,True,True,False,False,False,False,False,False,False,False,1,0,0,0,2026-09-25 15:08:44.255848+00:00,2026-09-25 15:08:44.238847+00:00,2026-09-25 15:08:44.240847+00:00,2026-09-25 15:08:44.220846+00:00,2026-09-25 15:08:44.243847+00:00,2026-09-25 15:08:44.244847+00:00,2026-09-25 15:08:44.245847+00:00,2026-09-25 15:08:44.247847+00:00,2026-09-25 15:08:44.249847+00:00,2026-09-25 15:08:44.251848+00:00,2026-09-25 15:08:44.274849+00:00,2026-09-25 15:08:44.236847+00:00,2026-09-25 15:08:44.276849+00:00,2026-09-25 15:08:44.259848+00:00,2026-09-25 15:08:44.261848+00:00,2026-09-25 15:08:44.263848+00:00,2026-09-25 15:08:44.265848+00:00,2026-09-25 15:08:44.267848+00:00,2026-09-25 15:08:44.269849+00:00,2026-09-25 15:08:44.271849+00:00,2026-09-25 15:08:44.272849+00:00,2026-09-25 15:08:44.253848+00:00,2026-09-25 15:08:44.275849+00:00,2026-09-25 15:08:44.257848+00:00,2026-09-25 15:08:44.277849+00:00,2026-09-25 15:08:44.278849+00:00,2026-09-25 15:08:44.279849+00:00,2026-09-25 15:08:44.280849+00:00,2026-09-25 15:08:44.281849+00:00,2026-09-25 15:08:44.294850+00:00,2026-09-25 15:08:44.284849+00:00,2026-09-25 15:08:44.285849+00:00,2026-09-25 15:08:44.286850+00:00,2026-09-25 15:08:44.287850+00:00,2026-09-25 15:08:44.288850+00:00,2026-09-25 15:08:44.289850+00:00,2026-09-25 15:08:44.290850+00:00,2026-09-25 15:08:44.291850+00:00,2026-09-25 15:08:44.292850+00:00,2026-09-25 15:08:44.293850+00:00,2026-09-25 15:08:44.283849+00:00,2026-09-25 15:08:44.295850+00:00,2026-09-25 15:08:44.296850+00:00,2026-09-25 15:08:44.309851+00:00,2026-09-25 15:08:44.310851+00:00,2026-09-25 15:08:44.311851+00:00,2026-09-25 15:08:44.312851+00:00,2026-09-25 15:08:44.313851+00:00,2026-09-25 15:08:44.303850+00:00,2026-09-25 15:08:44.315851+00:00,2026-09-25 15:08:44.305851+00:00,2026-09-25 15:08:44.306851+00:00,2026-09-25 15:08:44.307851+00:00,2026-09-25 15:08:44.308851+00:00,2026-09-25 15:08:44.297850+00:00,2026-09-25 15:08:44.298850+00:00,2026-09-25 15:08:44.299850+00:00,2026-09-25 15:08:44.300850+00:00,2026-09-25 15:08:44.302850+00:00,2026-09-25 15:08:44.314851+00:00,2026-09-25 15:08:44.304851+00:00,2026-09-25 15:08:44.316851+00:00,2026-09-25 15:08:44.317851+00:00,2026-09-25 15:08:44.318851+00:00,2026-09-25 15:08:44.319851+00:00,2026-09-25 15:08:44.320851+00:00,2026-09-25 15:08:44.321852+00:00,2026-09-25 15:08:44.322852+00:00,2026-09-25 15:08:44.323852+00:00,2026-09-25 15:08:44.324852+00:00,2026-09-25 15:08:44.326852+00:00,2026-09-25 15:08:44.327852+00:00,2026-09-25 15:08:44.328852+00:00,2026-09-25 15:08:44.329852+00:00,2026-09-25 15:08:44.330852+00:00,2026-09-25 15:08:44.331852+00:00,2026-09-25 15:08:44.332852+00:00,2026-09-25 15:08:44.333852+00:00,2026-09-25 15:08:44.334852+00:00,2026-09-25 15:08:44.335852+00:00,2026-09-25 15:08:44.336852+00:00,2026-09-25 15:08:44.337852+00:00,2026-09-25 15:08:44.338852+00:00,2026-09-25 15:08:44.338852+00:00,0.407335,2.4549817717603446,180.29616847254982,True,False,True,False,False,False,True,False,False,True,True,True,False,False,False,False
5,2026-09-25 13:39:39.742929+00:00,2026-09-25 15:08:44.701873+00:00,106.006,True,False,False,False,True,False,True,False,True,False,False,False,False,False,False,False,False,False,True,True,True,False,False,False,True,True,False,False,True,True,False,False,False,False,True,False,False,False,False,False,False,False,False,True,True,True,False,False,False,False,False,False,False,False,False,True,False,True,False,False,True,True,False,True,False,False,False,False,True,True,True,False,False,False,False,False,False,False,False,0,0,0,0,2026-09-25 15:08:44.595867+00:00,2026-09-25 15:08:44.620869+00:00,2026-09-25 15:08:44.621869+00:00,2026-09-25 15:08:44.622869+00:00,2026-09-25 15:08:44.634869+00:00,2026-09-25 15:08:44.624869+00:00,2026-09-25 15:08:44.636870+00:00,2026-09-25 15:08:44.626869+00:00,2026-09-25 15:08:44.627869+00:00,2026-09-25 15:08:44.628869+00:00,2026-09-25 15:08:44.629869+00:00,2026-09-25 15:08:44.630869+00:00,2026-09-25 15:08:44.631869+00:00,2026-09-25 15:08:44.632869+00:00,2026-09-25 15:08:44.633869+00:00,2026-09-25 15:08:44.623869+00:00,2026-09-25 15:08:44.635869+00:00,2026-09-25 15:08:44.625869+00:00,2026-09-25 15:08:44.637870+00:00,2026-09-25 15:08:44.638870+00:00,2026-09-25 15:08:44.639870+00:00,2026-09-25 15:08:44.640870+00:00,2026-09-25 15:08:44.652870+00:00,2026-09-25 15:08:44.642870+00:00,2026-09-25 15:08:44.643870+00:00,2026-09-25 15:08:44.644870+00:00,2026-09-25 15:08:44.645870+00:00,2026-09-25 15:08:44.646870+00:00,2026-09-25 15:08:44.647870+00:00,2026-09-25 15:08:44.648870+00:00,2026-09-25 15:08:44.649870+00:00,2026-09-25 15:08:44.650870+00:00,2026-09-25 15:08:44.651870+00:00,2026-09-25 15:08:44.641870+00:00,2026-09-25 15:08:44.653871+00:00,2026-09-25 15:08:44.654871+00:00,2026-09-25 15:08:44.655871+00:00,2026-09-25 15:08:44.656871+00:00,2026-09-25 15:08:44.657871+00:00,2026-09-25 15:08:44.658871+00:00,2026-09-25 15:08:44.659871+00:00,2026-09-25 15:08:44.660871+00:00,2026-09-25 15:08:44.661871+00:00,2026-09-25 15:08:44.662871+00:00,2026-09-25 15:08:44.663871+00:00,2026-09-25 15:08:44.664871+00:00,2026-09-25 15:08:44.665871+00:00,2026-09-25 15:08:44.666871+00:00,2026-09-25 15:08:44.667871+00:00,2026-09-25 15:08:44.668871+00:00,2026-09-25 15:08:44.669871+00:00,2026-09-25 15:08:44.670871+00:00,2026-09-25 15:08:44.671872+00:00,2026-09-25 15:08:44.672872+00:00,2026-09-25 15:08:44.673872+00:00,2026-09-25 15:08:44.674872+00:00,2026-09-25 15:08:44.675872+00:00,2026-09-25 15:08:44.676872+00:00,2026-09-25 15:08:44.677872+00:00,2026-09-25 15:08:44.678872+00:00,2026-09-25 15:08:44.679872+00:00,2026-09-25 15:08:44.680872+00:00,2026-09-25 15:08:44.681872+00:00,2026-09-25 15:08:44.693873+00:00,2026-09-25 15:08:44.683872+00:00,2026-09-25 15:08:44.684872+00:00,2026-09-25 15:08:44.685872+00:00,2026-09-25 15:08:44.686872+00:00,2026-09-25 15:08:44.687872+00:00,2026-09-25 15:08:44.688873+00:00,2026-09-25 15:08:44.700873+00:00,2026-09-25 15:08:44.701873+00:00,2026-09-25 15:08:44.691873+00:00,2026-09-25 15:08:44.692873+00:00,2026-09-25 15:08:44.682872+00:00,2026-09-25 15:08:44.694873+00:00,2026-09-25 15:08:44.695873+00:00,2026-09-25 15:08:44.696873+00:00,2026-09-25 15:08:44.697873+00:00,2026-09-25 15:08:44.698873+00:00,2026-09-25 15:08:44.699873+00:00,2026-09-25 15:08:44.689873+00:00,2026-09-25 15:08:44.690873+00:00,2026-09-25 15:08:44.701873+00:00,0.368194,2.7159595213392937,180.38320460277563,True,False,True,False,False,False,True,False,False,True,True,True,False,False,False,False
6,2026-09-25 13:39:40.112017+00:00,2026-09-25 15:08:45.055893+00:00,86.00399999999999,True,False,False,False,True,False,True,False,True,False,False,False,False,False,False,False,False,False,True,True,True,False,False,False,True,True,False,False,True,True,False,False,False,False,True,False,False,False,False,False,False,False,False,True,True,True,False,False,False,False,False,False,False,False,False,True,False,True,False,False,True,True,False,True,False,False,False,False,True,True,True,False,False,False,False,False,False,False,False,1,0,0,0,2026-09-25 15:08:44.973889+00:00,2026-09-25 15:08:44.974889+00:00,2026-09-25 15:08:44.975889+00:00,2026-09-25 15:08:44.976889+00:00,2026-09-25 15:08:44.977889+00:00,2026-09-25 15:08:44.978889+00:00,2026-09-25 15:08:44.979889+00:00,2026-09-25 15:08:44.980889+00:00,2026-09-25 15:08:44.969889+00:00,2026-09-25 15:08:44.982889+00:00,2026-09-25 15:08:44.972889+00:00,2026-09-25 15:08:44.995890+00:00,2026-09-25 15:08:44.985889+00:00,2026-09-25 15:08:44.986890+00:00,2026-09-25 15:08:44.987890+00:00,2026-09-25 15:08:44.988890+00:00,2026-09-25 15:08:44.989890+00:00,2026-09-25 15:08:44.990890+00:00,2026-09-25 15:08:44.991890+00:00,2026-09-25 15:08:44.992890+00:00,2026-09-25 15:08:44.993890+00:00,2026-09-25 15:08:44.994890+00:00,2026-09-25 15:08:44.984889+00:00,2026-09-25 15:08:44.996890+00:00,2026-09-25 15:08:44.997890+00:00,2026-09-25 15:08:44.998890+00:00,2026-09-25 15:08:44.999890+00:00,2026-09-25 15:08:45.000890+00:00,2026-09-25 15:08:45.001890+00:00,2026-09-25 15:08:45.002890+00:00,2026-09-25 15:08:45.003891+00:00,2026-09-25 15:08:45.004891+00:00,2026-09-25 15:08:45.005891+00:00,2026-09-25 15:08:45.006891+00:00,2026-09-25 15:08:45.007891+00:00,2026-09-25 15:08:45.008891+00:00,2026-09-25 15:08:45.009891+00:00,2026-09-25 15:08:45.010891+00:00,2026-09-25 15:08:45.011891+00:00,2026-09-25 15:08:45.012891+00:00,2026-09-25 15:08:45.013891+00:00,2026-09-25 15:08:45.014891+00:00,2026-09-25 15:08:45.015891+00:00,2026-09-25 15:08:45.016891+00:00,2026-09-25 15:08:45.017891+00:00,2026-09-25 15:08:45.018891+00:00,2026-09-25 15:08:45.019891+00:00,2026-09-25 15:08:45.020891+00:00,2026-09-25 15:08:45.032892+00:00,2026-09-25 15:08:45.022892+00:00,2026-09-25 15:08:45.023892+00:00,2026-09-25 15:08:45.024892+00:00,2026-09-25 15:08:45.025892+00:00,2026-09-25 15:08:45.026892+00:00,2026-09-25 15:08:45.027892+00:00,2026-09-25 15:08:45.028892+00:00,2026-09-25 15:08:45.029892+00:00,2026-09-25 15:08:45.030892+00:00,2026-09-25 15:08:45.042893+00:00,2026-09-25 15:08:45.021892+00:00,2026-09-25 15:08:45.033892+00:00,2026-09-25 15:08:45.034892+00:00,2026-09-25 15:08:45.035892+00:00,2026-09-25 15:08:45.036892+00:00,2026-09-25 15:08:45.037892+00:00,2026-09-25 15:08:45.038893+00:00,2026-09-25 15:08:45.039893+00:00,2026-09-25 15:08:45.040893+00:00,2026-09-25 15:08:45.041893+00:00,2026-09-25 15:08:45.031892+00:00,2026-09-25 15:08:45.043893+00:00,2026-09-25 15:08:45.044893+00:00,2026-09-25 15:08:45.045893+00:00,2026-09-25 15:08:45.046893+00:00,2026-09-25 15:08:45.047893+00:00,2026-09-25 15:08:45.048893+00:00,2026-09-25 15:08:45.049893+00:00,2026-09-25 15:08:45.050893+00:00,2026-09-25 15:08:45.051893+00:00,2026-09-25 15:08:45.052893+00:00,2026-09-25 15:08:45.053893+00:00,2026-09-25 15:08:45.054893+00:00,2026-09-25 15:08:45.055893+00:00,2026-09-25 15:08:45.055893+00:00,0.369088,2.7093809606381134,180.46738361034923,True,False,True,False,False,False,True,False,False,True,True,True,False,False,False,False
7,2026-09-25 13:39:40.545990+00:00,2026-09-25 15:08:45.509919+00:00,90.005,True,False,False,False,True,False,True,False,True,False,False,False,False,False,False,False,False,False,True,False,True,False,False,False,True,True,False,False,True,True,False,False,False,False,True,False,False,False,False,True,True,False,False,True,True,True,False,False,False,False,False,False,False,False,False,True,False,True,False,False,True,True,False,True,False,False,False,False,True,True,True,False,False,False,False,False,False,False,False,0,0,0,0,2026-09-25 15:08:45.419914+00:00,2026-09-25 15:08:45.427915+00:00,2026-09-25 15:08:45.435915+00:00,2026-09-25 15:08:45.429915+00:00,2026-09-25 15:08:45.430915+00:00,2026-09-25 15:08:45.442916+00:00,2026-09-25 15:08:45.432915+00:00,2026-09-25 15:08:45.433915+00:00,2026-09-25 15:08:45.434915+00:00,2026-09-25 15:08:45.428915+00:00,2026-09-25 15:08:45.436915+00:00,2026-09-25 15:08:45.437915+00:00,2026-09-25 15:08:45.438915+00:00,2026-09-25 15:08:45.439915+00:00,2026-09-25 15:08:45.440916+00:00,2026-09-25 15:08:45.441916+00:00,2026-09-25 15:08:45.431915+00:00,2026-09-25 15:08:45.443916+00:00,2026-09-25 15:08:45.444916+00:00,2026-09-25 15:08:45.445916+00:00,2026-09-25 15:08:45.446916+00:00,2026-09-25 15:08:45.447916+00:00,2026-09-25 15:08:45.448916+00:00,2026-09-25 15:08:45.449916+00:00,2026-09-25 15:08:45.450916+00:00,2026-09-25 15:08:45.451916+00:00,2026-09-25 15:08:45.452916+00:00,2026-09-25 15:08:45.453916+00:00,2026-09-25 15:08:45.454916+00:00,2026-09-25 15:08:45.455916+00:00,2026-09-25 15:08:45.456916+00:00,2026-09-25 15:08:45.457916+00:00,2026-09-25 15:08:45.469917+00:00,2026-09-25 15:08:45.459917+00:00,2026-09-25 15:08:45.460917+00:00,2026-09-25 15:08:45.461917+00:00,2026-09-25 15:08:45.462917+00:00,2026-09-25 15:08:45.463917+00:00,2026-09-25 15:08:45.464917+00:00,2026-09-25 15:08:45.465917+00:00,2026-09-25 15:08:45.466917+00:00,2026-09-25 15:08:45.467917+00:00,2026-09-25 15:08:45.468917+00:00,2026-09-25 15:08:45.458917+00:00,2026-09-25 15:08:45.471917+00:00,2026-09-25 15:08:45.472917+00:00,2026-09-25 15:08:45.473917+00:00,2026-09-25 15:08:45.474917+00:00,2026-09-25 15:08:45.475918+00:00,2026-09-25 15:08:45.476918+00:00,2026-09-25 15:08:45.477918+00:00,2026-09-25 15:08:45.478918+00:00,2026-09-25 15:08:45.479918+00:00,2026-09-25 15:08:45.480918+00:00,2026-09-25 15:08:45.481918+00:00,2026-09-25 15:08:45.482918+00:00,2026-09-25 15:08:45.483918+00:00,2026-09-25 15:08:45.484918+00:00,2026-09-25 15:08:45.485918+00:00,2026-09-25 15:08:45.486918+00:00,2026-09-25 15:08:45.487918+00:00,2026-09-25 15:08:45.499919+00:00,2026-09-25 15:08:45.489918+00:00,2026-09-25 15:08:45.490918+00:00,2026-09-25 15:08:45.491918+00:00,2026-09-25 15:08:45.492918+00:00,2026-09-25 15:08:45.493919+00:00,2026-09-25 15:08:45.494919+00:00,2026-09-25 15:08:45.495919+00:00,2026-09-25 15:08:45.496919+00:00,2026-09-25 15:08:45.497919+00:00,2026-09-25 15:08:45.498919+00:00,2026-09-25 15:08:45.488918+00:00,2026-09-25 15:08:45.500919+00:00,2026-09-25 15:08:45.501919+00:00,2026-09-25 15:08:45.502919+00:00,2026-09-25 15:08:45.503919+00:00,2026-09-25 15:08:45.504919+00:00,2026-09-25 15:08:45.505919+00:00,2026-09-25 15:08:45.506919+00:00,2026-09-25 15:08:45.507919+00:00,2026-09-25 15:08:45.508919+00:00,2026-09-25 15:08:45.509919+00:00,2026-09-25 15:08:45.509919+00:00,0.433973,2.3042908199358023,180.5740889993082,True,False,True,False,False,False,True,False,False,True,True,True,False,False,False,False
8,2026-09-25 13:39:40.920535+00:00,2026-09-25 15:08:45.864940+00:00,84.005,True,False,False,False,True,False,True,False,True,False,False,False,False,False,False,False,False,False,True,False,True,False,False,False,True,True,False,False,True,True,False,False,False,False,True,False,False,False,False,False,False,False,False,True,True,True,False,False,False,False,False,False,False,False,False,True,False,True,False,False,True,True,False,True,False,False,False,False,True,True,True,False,False,False,False,False,False,False,False,0,0,0,0,2026-09-25 15:08:45.780935+00:00,2026-09-25 15:08:45.783935+00:00,2026-09-25 15:08:45.793936+00:00,2026-09-25 15:08:45.785935+00:00,2026-09-25 15:08:45.786935+00:00,2026-09-25 15:08:45.787935+00:00,2026-09-25 15:08:45.788935+00:00,2026-09-25 15:08:45.789935+00:00,2026-09-25 15:08:45.790936+00:00,2026-09-25 15:08:45.791936+00:00,2026-09-25 15:08:45.792936+00:00,2026-09-25 15:08:45.784935+00:00,2026-09-25 15:08:45.794936+00:00,2026-09-25 15:08:45.806936+00:00,2026-09-25 15:08:45.796936+00:00,2026-09-25 15:08:45.797936+00:00,2026-09-25 15:08:45.798936+00:00,2026-09-25 15:08:45.799936+00:00,2026-09-25 15:08:45.800936+00:00,2026-09-25 15:08:45.801936+00:00,2026-09-25 15:08:45.802936+00:00,2026-09-25 15:08:45.803936+00:00,2026-09-25 15:08:45.804936+00:00,2026-09-25 15:08:45.805936+00:00,2026-09-25 15:08:45.795936+00:00,2026-09-25 15:08:45.807937+00:00,2026-09-25 15:08:45.808937+00:00,2026-09-25 15:08:45.809937+00:00,2026-09-25 15:08:45.810937+00:00,2026-09-25 15:08:45.822937+00:00,2026-09-25 15:08:45.812937+00:00,2026-09-25 15:08:45.824937+00:00,2026-09-25 15:08:45.814937+00:00,2026-09-25 15:08:45.815937+00:00,2026-09-25 15:08:45.816937+00:00,2026-09-25 15:08:45.817937+00:00,2026-09-25 15:08:45.818937+00:00,2026-09-25 15:08:45.819937+00:00,2026-09-25 15:08:45.820937+00:00,2026-09-25 15:08:45.821937+00:00,2026-09-25 15:08:45.811937+00:00,2026-09-25 15:08:45.823937+00:00,2026-09-25 15:08:45.813937+00:00,2026-09-25 15:08:45.825938+00:00,2026-09-25 15:08:45.826938+00:00,2026-09-25 15:08:45.827938+00:00,2026-09-25 15:08:45.828938+00:00,2026-09-25 15:08:45.829938+00:00,2026-09-25 15:08:45.830938+00:00,2026-09-25 15:08:45.831938+00:00,2026-09-25 15:08:45.832938+00:00,2026-09-25 15:08:45.833938+00:00,2026-09-25 15:08:45.834938+00:00,2026-09-25 15:08:45.835938+00:00,2026-09-25 15:08:45.836938+00:00,2026-09-25 15:08:45.837938+00:00,2026-09-25 15:08:45.838938+00:00,2026-09-25 15:08:45.839938+00:00,2026-09-25 15:08:45.840938+00:00,2026-09-25 15:08:45.841938+00:00,2026-09-25 15:08:45.842939+00:00,2026-09-25 15:08:45.843939+00:00,2026-09-25 15:08:45.844939+00:00,2026-09-25 15:08:45.845939+00:00,2026-09-25 15:08:45.846939+00:00,2026-09-25 15:08:45.847939+00:00,2026-09-25 15:08:45.848939+00:00,2026-09-25 15:08:45.849939+00:00,2026-09-25 15:08:45.850939+00:00,2026-09-25 15:08:45.851939+00:00,2026-09-25 15:08:45.852939+00:00,2026-09-25 15:08:45.853939+00:00,2026-09-25 15:08:45.854939+00:00,2026-09-25 15:08:45.855939+00:00,2026-09-25 15:08:45.856939+00:00,2026-09-25 15:08:45.857939+00:00,2026-09-25 15:08:45.858939+00:00,2026-09-25 15:08:45.859939+00:00,2026-09-25 15:08:45.860940+00:00,2026-09-25 15:08:45.861940+00:00,2026-09-25 15:08:45.862940+00:00,2026-09-25 15:08:45.863940+00:00,2026-09-25 15:08:45.864940+00:00,2026-09-25 15:08:45.864940+00:00,0.374545,2.669906152798729,180.65635963890614,True,False,True,False,False,False,True,False,False,True,True,True,False,False,False,False
9,2026-09-25 13:39:41.336793+00:00,2026-09-25 15:08:46.300965+00:00,136.00799999999998,True,False,False,False,True,False,True,False,True,False,False,False,False,False,False,False,False,False,True,False,True,False,False,False,True,True,False,False,True,True,False,False,False,False,True,False,True,False,False,False,False,False,False,True,True,True,False,False,False,False,False,True,False,False,False,True,False,False,False,False,True,True,False,True,False,False,False,False,True,True,True,False,False,False,False,False,False,False,False,0,1,0,1,2026-09-25 15:08:46.164957+00:00,2026-09-25 15:08:46.218960+00:00,2026-09-25 15:08:46.220960+00:00,2026-09-25 15:08:46.221960+00:00,2026-09-25 15:08:46.233961+00:00,2026-09-25 15:08:46.234961+00:00,2026-09-25 15:08:46.224960+00:00,2026-09-25 15:08:46.225960+00:00,2026-09-25 15:08:46.226960+00:00,2026-09-25 15:08:46.227961+00:00,2026-09-25 15:08:46.228961+00:00,2026-09-25 15:08:46.229961+00:00,2026-09-25 15:08:46.230961+00:00,2026-09-25 15:08:46.231961+00:00,2026-09-25 15:08:46.232961+00:00,2026-09-25 15:08:46.222960+00:00,2026-09-25 15:08:46.223960+00:00,2026-09-25 15:08:46.235961+00:00,2026-09-25 15:08:46.236961+00:00,2026-09-25 15:08:46.237961+00:00,2026-09-25 15:08:46.238961+00:00,2026-09-25 15:08:46.239961+00:00,2026-09-25 15:08:46.240961+00:00,2026-09-25 15:08:46.241961+00:00,2026-09-25 15:08:46.242961+00:00,2026-09-25 15:08:46.243961+00:00,2026-09-25 15:08:46.244962+00:00,2026-09-25 15:08:46.245962+00:00,2026-09-25 15:08:46.246962+00:00,2026-09-25 15:08:46.259962+00:00,2026-09-25 15:08:46.260962+00:00,2026-09-25 15:08:46.261962+00:00,2026-09-25 15:08:46.251962+00:00,2026-09-25 15:08:46.252962+00:00,2026-09-25 15:08:46.253962+00:00,2026-09-25 15:08:46.254962+00:00,2026-09-25 15:08:46.266963+00:00,2026-09-25 15:08:46.267963+00:00,2026-09-25 15:08:46.268963+00:00,2026-09-25 15:08:46.258962+00:00,2026-09-25 15:08:46.247962+00:00,2026-09-25 15:08:46.248962+00:00,2026-09-25 15:08:46.249962+00:00,2026-09-25 15:08:46.250962+00:00,2026-09-25 15:08:46.262963+00:00,2026-09-25 15:08:46.263963+00:00,2026-09-25 15:08:46.264963+00:00,2026-09-25 15:08:46.265963+00:00,2026-09-25 15:08:46.255962+00:00,2026-09-25 15:08:46.256962+00:00,2026-09-25 15:08:46.257962+00:00,2026-09-25 15:08:46.269963+00:00,2026-09-25 15:08:46.270963+00:00,2026-09-25 15:08:46.271963+00:00,2026-09-25 15:08:46.272963+00:00,2026-09-25 15:08:46.273963+00:00,2026-09-25 15:08:46.274963+00:00,2026-09-25 15:08:46.275963+00:00,2026-09-25 15:08:46.276963+00:00,2026-09-25 15:08:46.277963+00:00,2026-09-25 15:08:46.278963+00:00,2026-09-25 15:08:46.279964+00:00,2026-09-25 15:08:46.291964+00:00,2026-09-25 15:08:46.292964+00:00,2026-09-25 15:08:46.282964+00:00,2026-09-25 15:08:46.283964+00:00,2026-09-25 15:08:46.284964+00:00,2026-09-25 15:08:46.285964+00:00,2026-09-25 15:08:46.286964+00:00,2026-09-25 15:08:46.298965+00:00,2026-09-25 15:08:46.288964+00:00,2026-09-25 15:08:46.300965+00:00,2026-09-25 15:08:46.290964+00:00,2026-09-25 15:08:46.280964+00:00,2026-09-25 15:08:46.281964+00:00,2026-09-25 15:08:46.293964+00:00,2026-09-25 15:08:46.294964+00:00,2026-09-25 15:08:46.295964+00:00,2026-09-25 15:08:46.296964+00:00,2026-09-25 15:08:46.297965+00:00,2026-09-25 15:08:46.287964+00:00,2026-09-25 15:08:46.299965+00:00,2026-09-25 15:08:46.289964+00:00,2026-09-25 15:08:46.300965+00:00,0.416258,2.4023562309913564,180.7557675769589,True,True,True,False,False,False,True,False,False,True,True,True,False,False,False,False
10,2026-09-25 13:39:41.708293+00:00,2026-09-25 15:08:46.668986+00:00,93.006,True,False,False,False,True,False,True,False,True,False,False,False,False,False,False,False,False,False,True,False,False,False,False,True,True,True,False,False,True,True,False,False,False,False,False,False,True,False,False,False,True,False,False,True,False,False,False,False,False,True,False,True,False,False,False,True,False,False,True,False,True,True,False,True,False,False,False,False,True,True,True,False,False,False,False,False,False,False,False,0,77,0,74,2026-09-25 15:08:46.575980+00:00,2026-09-25 15:08:46.587981+00:00,2026-09-25 15:08:46.588981+00:00,2026-09-25 15:08:46.589981+00:00,2026-09-25 15:08:46.579981+00:00,2026-09-25 15:08:46.591981+00:00,2026-09-25 15:08:46.581981+00:00,2026-09-25 15:08:46.593981+00:00,2026-09-25 15:08:46.594982+00:00,2026-09-25 15:08:46.595982+00:00,2026-09-25 15:08:46.596982+00:00,2026-09-25 15:08:46.597982+00:00,2026-09-25 15:08:46.598982+00:00,2026-09-25 15:08:46.599982+00:00,2026-09-25 15:08:46.600982+00:00,2026-09-25 15:08:46.601982+00:00,2026-09-25 15:08:46.602982+00:00,2026-09-25 15:08:46.603982+00:00,2026-09-25 15:08:46.604982+00:00,2026-09-25 15:08:46.605982+00:00,2026-09-25 15:08:46.606982+00:00,2026-09-25 15:08:46.607982+00:00,2026-09-25 15:08:46.608982+00:00,2026-09-25 15:08:46.609982+00:00,2026-09-25 15:08:46.610982+00:00,2026-09-25 15:08:46.611983+00:00,2026-09-25 15:08:46.612983+00:00,2026-09-25 15:08:46.613983+00:00,2026-09-25 15:08:46.625983+00:00,2026-09-25 15:08:46.615983+00:00,2026-09-25 15:08:46.616983+00:00,2026-09-25 15:08:46.617983+00:00,2026-09-25 15:08:46.618983+00:00,2026-09-25 15:08:46.619983+00:00,2026-09-25 15:08:46.620983+00:00,2026-09-25 15:08:46.621983+00:00,2026-09-25 15:08:46.622983+00:00,2026-09-25 15:08:46.623983+00:00,2026-09-25 15:08:46.624983+00:00,2026-09-25 15:08:46.614983+00:00,2026-09-25 15:08:46.626983+00:00,2026-09-25 15:08:46.627983+00:00,2026-09-25 15:08:46.628983+00:00,2026-09-25 15:08:46.629984+00:00,2026-09-25 15:08:46.630984+00:00,2026-09-25 15:08:46.631984+00:00,2026-09-25 15:08:46.632984+00:00,2026-09-25 15:08:46.633984+00:00,2026-09-25 15:08:46.634984+00:00,2026-09-25 15:08:46.635984+00:00,2026-09-25 15:08:46.636984+00:00,2026-09-25 15:08:46.637984+00:00,2026-09-25 15:08:46.638984+00:00,2026-09-25 15:08:46.639984+00:00,2026-09-25 15:08:46.640984+00:00,2026-09-25 15:08:46.641984+00:00,2026-09-25 15:08:46.642984+00:00,2026-09-25 15:08:46.643984+00:00,2026-09-25 15:08:46.644984+00:00,2026-09-25 15:08:46.645984+00:00,2026-09-25 15:08:46.646985+00:00,2026-09-25 15:08:46.647985+00:00,2026-09-25 15:08:46.648985+00:00,2026-09-25 15:08:46.649985+00:00,2026-09-25 15:08:46.650985+00:00,2026-09-25 15:08:46.651985+00:00,2026-09-25 15:08:46.652985+00:00,2026-09-25 15:08:46.653985+00:00,2026-09-25 15:08:46.654985+00:00,2026-09-25 15:08:46.655985+00:00,2026-09-25 15:08:46.656985+00:00,2026-09-25 15:08:46.657985+00:00,2026-09-25 15:08:46.658985+00:00,2026-09-25 15:08:46.659985+00:00,2026-09-25 15:08:46.660985+00:00,2026-09-25 15:08:46.661985+00:00,2026-09-25 15:08:46.662985+00:00,2026-09-25 15:08:46.663985+00:00,2026-09-25 15:08:46.664986+00:00,2026-09-25 15:08:46.665986+00:00,2026-09-25 15:08:46.666986+00:00,2026-09-25 15:08:46.667986+00:00,2026-09-25 15:08:46.668986+00:00,2026-09-25 15:08:46.668986+00:00,0.3715,2.6917900403768504,180.83808808144974,True,True,False,False,False,False,True,False,False,True,True,True,False,False,False,False
11,2026-09-25 13:39:42.139911+00:00,2026-09-25 15:08:47.041007+00:00,86.005,True,False,False,False,True,False,True,False,True,False,False,False,False,False,False,False,False,False,True,False,False,False,False,True,True,True,False,False,True,True,False,False,False,False,False,False,True,False,False,False,True,True,False,True,False,False,False,False,False,True,False,True,False,False,False,True,True,True,True,False,True,True,False,True,False,False,False,False,True,True,True,False,False,False,False,False,False,False,False,0,154,0,148,2026-09-25 15:08:46.969003+00:00,2026-09-25 15:08:46.959002+00:00,2026-09-25 15:08:46.960002+00:00,2026-09-25 15:08:46.955002+00:00,2026-09-25 15:08:46.962003+00:00,2026-09-25 15:08:46.963003+00:00,2026-09-25 15:08:46.964003+00:00,2026-09-25 15:08:46.965003+00:00,2026-09-25 15:08:46.978003+00:00,2026-09-25 15:08:46.967003+00:00,2026-09-25 15:08:46.968003+00:00,2026-09-25 15:08:46.958002+00:00,2026-09-25 15:08:46.971003+00:00,2026-09-25 15:08:46.972003+00:00,2026-09-25 15:08:46.973003+00:00,2026-09-25 15:08:46.974003+00:00,2026-09-25 15:08:46.975003+00:00,2026-09-25 15:08:46.976003+00:00,2026-09-25 15:08:46.977003+00:00,2026-09-25 15:08:46.966003+00:00,2026-09-25 15:08:46.979003+00:00,2026-09-25 15:08:46.980004+00:00,2026-09-25 15:08:46.981004+00:00,2026-09-25 15:08:46.982004+00:00,2026-09-25 15:08:46.983004+00:00,2026-09-25 15:08:46.984004+00:00,2026-09-25 15:08:46.985004+00:00,2026-09-25 15:08:46.986004+00:00,2026-09-25 15:08:46.987004+00:00,2026-09-25 15:08:46.988004+00:00,2026-09-25 15:08:46.989004+00:00,2026-09-25 15:08:47.001005+00:00,2026-09-25 15:08:46.991004+00:00,2026-09-25 15:08:46.992004+00:00,2026-09-25 15:08:46.993004+00:00,2026-09-25 15:08:46.994004+00:00,2026-09-25 15:08:46.995004+00:00,2026-09-25 15:08:46.996004+00:00,2026-09-25 15:08:47.008005+00:00,2026-09-25 15:08:46.998005+00:00,2026-09-25 15:08:46.999005+00:00,2026-09-25 15:08:47.000005+00:00,2026-09-25 15:08:46.990004+00:00,2026-09-25 15:08:47.002005+00:00,2026-09-25 15:08:47.003005+00:00,2026-09-25 15:08:47.004005+00:00,2026-09-25 15:08:47.005005+00:00,2026-09-25 15:08:47.017006+00:00,2026-09-25 15:08:47.007005+00:00,2026-09-25 15:08:46.997005+00:00,2026-09-25 15:08:47.009005+00:00,2026-09-25 15:08:47.010005+00:00,2026-09-25 15:08:47.011005+00:00,2026-09-25 15:08:47.012005+00:00,2026-09-25 15:08:47.013005+00:00,2026-09-25 15:08:47.014005+00:00,2026-09-25 15:08:47.015006+00:00,2026-09-25 15:08:47.016006+00:00,2026-09-25 15:08:47.006005+00:00,2026-09-25 15:08:47.018006+00:00,2026-09-25 15:08:47.030006+00:00,2026-09-25 15:08:47.020006+00:00,2026-09-25 15:08:47.021006+00:00,2026-09-25 15:08:47.022006+00:00,2026-09-25 15:08:47.023006+00:00,2026-09-25 15:08:47.024006+00:00,2026-09-25 15:08:47.025006+00:00,2026-09-25 15:08:47.026006+00:00,2026-09-25 15:08:47.027006+00:00,2026-09-25 15:08:47.028006+00:00,2026-09-25 15:08:47.029006+00:00,2026-09-25 15:08:47.019006+00:00,2026-09-25 15:08:47.031006+00:00,2026-09-25 15:08:47.032007+00:00,2026-09-25 15:08:47.033007+00:00,2026-09-25 15:08:47.034007+00:00,2026-09-25 15:08:47.035007+00:00,2026-09-25 15:08:47.036007+00:00,2026-09-25 15:08:47.037007+00:00,2026-09-25 15:08:47.038007+00:00,2026-09-25 15:08:47.039007+00:00,2026-09-25 15:08:47.040007+00:00,2026-09-25 15:08:47.041007+00:00,2026-09-25 15:08:47.041007+00:00,0.431618,2.3168635228373238,180.9196636709154,True,True,False,False,False,False,True,False,False,True,True,True,False,False,False,False
12,2026-09-25 13:39:42.481484+00:00,2026-09-25 15:08:47.443030+00:00,85.005,False,False,False,False,True,False,True,False,True,True,False,False,False,False,False,False,False,False,False,False,False,False,False,True,True,True,False,False,False,True,False,False,False,False,False,False,False,True,False,False,True,False,False,True,False,False,False,False,False,False,False,True,False,False,False,True,False,False,False,False,True,True,False,True,False,False,False,False,True,True,True,False,False,False,False,False,False,False,False,0,175,0,228,2026-09-25 15:08:47.358025+00:00,2026-09-25 15:08:47.362025+00:00,2026-09-25 15:08:47.363025+00:00,2026-09-25 15:08:47.364026+00:00,2026-09-25 15:08:47.365026+00:00,2026-09-25 15:08:47.366026+00:00,2026-09-25 15:08:47.367026+00:00,2026-09-25 15:08:47.368026+00:00,2026-09-25 15:08:47.369026+00:00,2026-09-25 15:08:47.370026+00:00,2026-09-25 15:08:47.371026+00:00,2026-09-25 15:08:47.372026+00:00,2026-09-25 15:08:47.373026+00:00,2026-09-25 15:08:47.385027+00:00,2026-09-25 15:08:47.375026+00:00,2026-09-25 15:08:47.376026+00:00,2026-09-25 15:08:47.377026+00:00,2026-09-25 15:08:47.378026+00:00,2026-09-25 15:08:47.379026+00:00,2026-09-25 15:08:47.380026+00:00,2026-09-25 15:08:47.381026+00:00,2026-09-25 15:08:47.393027+00:00,2026-09-25 15:08:47.383027+00:00,2026-09-25 15:08:47.384027+00:00,2026-09-25 15:08:47.374026+00:00,2026-09-25 15:08:47.386027+00:00,2026-09-25 15:08:47.398027+00:00,2026-09-25 15:08:47.388027+00:00,2026-09-25 15:08:47.389027+00:00,2026-09-25 15:08:47.390027+00:00,2026-09-25 15:08:47.391027+00:00,2026-09-25 15:08:47.392027+00:00,2026-09-25 15:08:47.382027+00:00,2026-09-25 15:08:47.394027+00:00,2026-09-25 15:08:47.395027+00:00,2026-09-25 15:08:47.396027+00:00,2026-09-25 15:08:47.397027+00:00,2026-09-25 15:08:47.387027+00:00,2026-09-25 15:08:47.399028+00:00,2026-09-25 15:08:47.400028+00:00,2026-09-25 15:08:47.401028+00:00,2026-09-25 15:08:47.402028+00:00,2026-09-25 15:08:47.403028+00:00,2026-09-25 15:08:47.404028+00:00,2026-09-25 15:08:47.405028+00:00,2026-09-25 15:08:47.406028+00:00,2026-09-25 15:08:47.407028+00:00,2026-09-25 15:08:47.408028+00:00,2026-09-25 15:08:47.409028+00:00,2026-09-25 15:08:47.410028+00:00,2026-09-25 15:08:47.411028+00:00,2026-09-25 15:08:47.412028+00:00,2026-09-25 15:08:47.413028+00:00,2026-09-25 15:08:47.414028+00:00,2026-09-25 15:08:47.415028+00:00,2026-09-25 15:08:47.416028+00:00,2026-09-25 15:08:47.417029+00:00,2026-09-25 15:08:47.429029+00:00,2026-09-25 15:08:47.419029+00:00,2026-09-25 15:08:47.420029+00:00,2026-09-25 15:08:47.421029+00:00,2026-09-25 15:08:47.422029+00:00,2026-09-25 15:08:47.423029+00:00,2026-09-25 15:08:47.424029+00:00,2026-09-25 15:08:47.425029+00:00,2026-09-25 15:08:47.426029+00:00,2026-09-25 15:08:47.427029+00:00,2026-09-25 15:08:47.428029+00:00,2026-09-25 15:08:47.418029+00:00,2026-09-25 15:08:47.430029+00:00,2026-09-25 15:08:47.431029+00:00,2026-09-25 15:08:47.432029+00:00,2026-09-25 15:08:47.433029+00:00,2026-09-25 15:08:47.434030+00:00,2026-09-25 15:08:47.435030+00:00,2026-09-25 15:08:47.436030+00:00,2026-09-25 15:08:47.437030+00:00,2026-09-25 15:08:47.438030+00:00,2026-09-25 15:08:47.439030+00:00,2026-09-25 15:08:47.440030+00:00,2026-09-25 15:08:47.441030+00:00,2026-09-25 15:08:47.442030+00:00,2026-09-25 15:08:47.443030+00:00,2026-09-25 15:08:47.443030+00:00,0.341573,2.9276318678584077,181.00578818242386,True,True,True,False,False,False,True,False,False,True,True,True,False,False,False,False
13,2026-09-25 13:39:42.854429+00:00,2026-09-25 15:08:47.811051+00:00,109.006,False,False,False,False,True,False,True,False,True,True,False,False,False,False,False,False,False,False,False,False,False,False,False,True,True,True,False,False,False,True,False,False,False,False,False,False,False,True,False,False,True,False,False,True,False,False,False,False,False,False,False,True,False,False,False,True,False,False,False,True,True,True,False,True,False,False,False,False,True,True,True,False,False,False,False,False,False,False,False,1,175,0,302,2026-09-25 15:08:47.702045+00:00,2026-09-25 15:08:47.729046+00:00,2026-09-25 15:08:47.730046+00:00,2026-09-25 15:08:47.731047+00:00,2026-09-25 15:08:47.732047+00:00,2026-09-25 15:08:47.733047+00:00,2026-09-25 15:08:47.734047+00:00,2026-09-25 15:08:47.735047+00:00,2026-09-25 15:08:47.736047+00:00,2026-09-25 15:08:47.737047+00:00,2026-09-25 15:08:47.738047+00:00,2026-09-25 15:08:47.739047+00:00,2026-09-25 15:08:47.740047+00:00,2026-09-25 15:08:47.741047+00:00,2026-09-25 15:08:47.742047+00:00,2026-09-25 15:08:47.743047+00:00,2026-09-25 15:08:47.744047+00:00,2026-09-25 15:08:47.745047+00:00,2026-09-25 15:08:47.769049+00:00,2026-09-25 15:08:47.747047+00:00,2026-09-25 15:08:47.748047+00:00,2026-09-25 15:08:47.749048+00:00,2026-09-25 15:08:47.750048+00:00,2026-09-25 15:08:47.751048+00:00,2026-09-25 15:08:47.752048+00:00,2026-09-25 15:08:47.753048+00:00,2026-09-25 15:08:47.754048+00:00,2026-09-25 15:08:47.755048+00:00,2026-09-25 15:08:47.756048+00:00,2026-09-25 15:08:47.746047+00:00,2026-09-25 15:08:47.770049+00:00,2026-09-25 15:08:47.759048+00:00,2026-09-25 15:08:47.760048+00:00,2026-09-25 15:08:47.773049+00:00,2026-09-25 15:08:47.774049+00:00,2026-09-25 15:08:47.775049+00:00,2026-09-25 15:08:47.765048+00:00,2026-09-25 15:08:47.766049+00:00,2026-09-25 15:08:47.767049+00:00,2026-09-25 15:08:47.768049+00:00,2026-09-25 15:08:47.757048+00:00,2026-09-25 15:08:47.758048+00:00,2026-09-25 15:08:47.771049+00:00,2026-09-25 15:08:47.772049+00:00,2026-09-25 15:08:47.761048+00:00,2026-09-25 15:08:47.763048+00:00,2026-09-25 15:08:47.764048+00:00,2026-09-25 15:08:47.776049+00:00,2026-09-25 15:08:47.777049+00:00,2026-09-25 15:08:47.789050+00:00,2026-09-25 15:08:47.790050+00:00,2026-09-25 15:08:47.780049+00:00,2026-09-25 15:08:47.781049+00:00,2026-09-25 15:08:47.782049+00:00,2026-09-25 15:08:47.783049+00:00,2026-09-25 15:08:47.784050+00:00,2026-09-25 15:08:47.785050+00:00,2026-09-25 15:08:47.786050+00:00,2026-09-25 15:08:47.787050+00:00,2026-09-25 15:08:47.788050+00:00,2026-09-25 15:08:47.778049+00:00,2026-09-25 15:08:47.779049+00:00,2026-09-25 15:08:47.791050+00:00,2026-09-25 15:08:47.792050+00:00,2026-09-25 15:08:47.793050+00:00,2026-09-25 15:08:47.794050+00:00,2026-09-25 15:08:47.795050+00:00,2026-09-25 15:08:47.796050+00:00,2026-09-25 15:08:47.797050+00:00,2026-09-25 15:08:47.798050+00:00,2026-09-25 15:08:47.799050+00:00,2026-09-25 15:08:47.800050+00:00,2026-09-25 15:08:47.801051+00:00,2026-09-25 15:08:47.802051+00:00,2026-09-25 15:08:47.803051+00:00,2026-09-25 15:08:47.804051+00:00,2026-09-25 15:08:47.805051+00:00,2026-09-25 15:08:47.806051+00:00,2026-09-25 15:08:47.807051+00:00,2026-09-25 15:08:47.808051+00:00,2026-09-25 15:08:47.809051+00:00,2026-09-25 15:08:47.810051+00:00,2026-09-25 15:08:47.811051+00:00,2026-09-25 15:08:47.811051+00:00,0.372945,2.6813605223290295,181.08262509894345,True,True,True,False,False,False,True,False,False,True,True,True,False,False,False,False
14,2026-09-25 13:39:43.225762+00:00,2026-09-25 15:08:48.176072+00:00,93.005,False,False,False,False,True,False,True,False,True,True,False,False,False,False,False,False,False,False,False,False,False,False,False,True,True,True,False,False,False,True,False,False,False,False,False,False,False,True,False,False,True,False,False,True,False,False,False,False,False,False,False,True,False,False,False,True,False,False,False,False,True,True,False,True,False,False,False,False,True,True,True,False,False,False,False,False,False,False,False,0,175,0,374,2026-09-25 15:08:48.083067+00:00,2026-09-25 15:08:48.095067+00:00,2026-09-25 15:08:48.096067+00:00,2026-09-25 15:08:48.097067+00:00,2026-09-25 15:08:48.087067+00:00,2026-09-25 15:08:48.099068+00:00,2026-09-25 15:08:48.100068+00:00,2026-09-25 15:08:48.101068+00:00,2026-09-25 15:08:48.102068+00:00,2026-09-25 15:08:48.103068+00:00,2026-09-25 15:08:48.115068+00:00,2026-09-25 15:08:48.105068+00:00,2026-09-25 15:08:48.106068+00:00,2026-09-25 15:08:48.107068+00:00,2026-09-25 15:08:48.108068+00:00,2026-09-25 15:08:48.109068+00:00,2026-09-25 15:08:48.110068+00:00,2026-09-25 15:08:48.111068+00:00,2026-09-25 15:08:48.112068+00:00,2026-09-25 15:08:48.113068+00:00,2026-09-25 15:08:48.114068+00:00,2026-09-25 15:08:48.104068+00:00,2026-09-25 15:08:48.116069+00:00,2026-09-25 15:08:48.117069+00:00,2026-09-25 15:08:48.118069+00:00,2026-09-25 15:08:48.119069+00:00,2026-09-25 15:08:48.120069+00:00,2026-09-25 15:08:48.121069+00:00,2026-09-25 15:08:48.122069+00:00,2026-09-25 15:08:48.123069+00:00,2026-09-25 15:08:48.124069+00:00,2026-09-25 15:08:48.125069+00:00,2026-09-25 15:08:48.126069+00:00,2026-09-25 15:08:48.127069+00:00,2026-09-25 15:08:48.128069+00:00,2026-09-25 15:08:48.129069+00:00,2026-09-25 15:08:48.130069+00:00,2026-09-25 15:08:48.131069+00:00,2026-09-25 15:08:48.132069+00:00,2026-09-25 15:08:48.133070+00:00,2026-09-25 15:08:48.134070+00:00,2026-09-25 15:08:48.135070+00:00,2026-09-25 15:08:48.147070+00:00,2026-09-25 15:08:48.137070+00:00,2026-09-25 15:08:48.138070+00:00,2026-09-25 15:08:48.139070+00:00,2026-09-25 15:08:48.140070+00:00,2026-09-25 15:08:48.141070+00:00,2026-09-25 15:08:48.142070+00:00,2026-09-25 15:08:48.143070+00:00,2026-09-25 15:08:48.144070+00:00,2026-09-25 15:08:48.145070+00:00,2026-09-25 15:08:48.146070+00:00,2026-09-25 15:08:48.136070+00:00,2026-09-25 15:08:48.148070+00:00,2026-09-25 15:08:48.149070+00:00,2026-09-25 15:08:48.150070+00:00,2026-09-25 15:08:48.151071+00:00,2026-09-25 15:08:48.163071+00:00,2026-09-25 15:08:48.153071+00:00,2026-09-25 15:08:48.154071+00:00,2026-09-25 15:08:48.155071+00:00,2026-09-25 15:08:48.156071+00:00,2026-09-25 15:08:48.157071+00:00,2026-09-25 15:08:48.158071+00:00,2026-09-25 15:08:48.159071+00:00,2026-09-25 15:08:48.171072+00:00,2026-09-25 15:08:48.161071+00:00,2026-09-25 15:08:48.162071+00:00,2026-09-25 15:08:48.152071+00:00,2026-09-25 15:08:48.164071+00:00,2026-09-25 15:08:48.165071+00:00,2026-09-25 15:08:48.166071+00:00,2026-09-25 15:08:48.167071+00:00,2026-09-25 15:08:48.168072+00:00,2026-09-25 15:08:48.169072+00:00,2026-09-25 15:08:48.170072+00:00,2026-09-25 15:08:48.160071+00:00,2026-09-25 15:08:48.172072+00:00,2026-09-25 15:08:48.173072+00:00,2026-09-25 15:08:48.174072+00:00,2026-09-25 15:08:48.175072+00:00,2026-09-25 15:08:48.176072+00:00,2026-09-25 15:08:48.176072+00:00,0.371333,2.6930006220831437,181.15680468066316,True,True,True,False,False,False,True,False,False,True,True,True,False,False,False,False
15,2026-09-25 13:39:43.618555+00:00,2026-09-25 15:08:48.582095+00:00,92.005,False,False,False,True,True,False,True,False,True,False,False,False,True,False,False,False,False,False,False,False,False,False,False,True,True,True,False,False,False,True,False,False,False,False,False,False,False,True,False,False,True,False,False,True,False,False,False,False,False,False,False,True,False,False,False,True,False,False,False,False,True,True,False,True,False,False,False,False,True,True,True,False,False,False,False,False,False,False,False,0,175,0,455,2026-09-25 15:08:48.490090+00:00,2026-09-25 15:08:48.501091+00:00,2026-09-25 15:08:48.502091+00:00,2026-09-25 15:08:48.503091+00:00,2026-09-25 15:08:48.515091+00:00,2026-09-25 15:08:48.505091+00:00,2026-09-25 15:08:48.506091+00:00,2026-09-25 15:08:48.507091+00:00,2026-09-25 15:08:48.508091+00:00,2026-09-25 15:08:48.509091+00:00,2026-09-25 15:08:48.510091+00:00,2026-09-25 15:08:48.511091+00:00,2026-09-25 15:08:48.512091+00:00,2026-09-25 15:08:48.513091+00:00,2026-09-25 15:08:48.514091+00:00,2026-09-25 15:08:48.504091+00:00,2026-09-25 15:08:48.516091+00:00,2026-09-25 15:08:48.517091+00:00,2026-09-25 15:08:48.518092+00:00,2026-09-25 15:08:48.519092+00:00,2026-09-25 15:08:48.520092+00:00,2026-09-25 15:08:48.521092+00:00,2026-09-25 15:08:48.522092+00:00,2026-09-25 15:08:48.523092+00:00,2026-09-25 15:08:48.524092+00:00,2026-09-25 15:08:48.525092+00:00,2026-09-25 15:08:48.526092+00:00,2026-09-25 15:08:48.527092+00:00,2026-09-25 15:08:48.528092+00:00,2026-09-25 15:08:48.529092+00:00,2026-09-25 15:08:48.530092+00:00,2026-09-25 15:08:48.531092+00:00,2026-09-25 15:08:48.532092+00:00,2026-09-25 15:08:48.533092+00:00,2026-09-25 15:08:48.534092+00:00,2026-09-25 15:08:48.535092+00:00,2026-09-25 15:08:48.536093+00:00,2026-09-25 15:08:48.537093+00:00,2026-09-25 15:08:48.538093+00:00,2026-09-25 15:08:48.539093+00:00,2026-09-25 15:08:48.540093+00:00,2026-09-25 15:08:48.541093+00:00,2026-09-25 15:08:48.542093+00:00,2026-09-25 15:08:48.543093+00:00,2026-09-25 15:08:48.544093+00:00,2026-09-25 15:08:48.545093+00:00,2026-09-25 15:08:48.546093+00:00,2026-09-25 15:08:48.547093+00:00,2026-09-25 15:08:48.548093+00:00,2026-09-25 15:08:48.549093+00:00,2026-09-25 15:08:48.550093+00:00,2026-09-25 15:08:48.551093+00:00,2026-09-25 15:08:48.552093+00:00,2026-09-25 15:08:48.553094+00:00,2026-09-25 15:08:48.554094+00:00,2026-09-25 15:08:48.555094+00:00,2026-09-25 15:08:48.556094+00:00,2026-09-25 15:08:48.557094+00:00,2026-09-25 15:08:48.558094+00:00,2026-09-25 15:08:48.559094+00:00,2026-09-25 15:08:48.560094+00:00,2026-09-25 15:08:48.561094+00:00,2026-09-25 15:08:48.562094+00:00,2026-09-25 15:08:48.563094+00:00,2026-09-25 15:08:48.564094+00:00,2026-09-25 15:08:48.565094+00:00,2026-09-25 15:08:48.566094+00:00,2026-09-25 15:08:48.567094+00:00,2026-09-25 15:08:48.568094+00:00,2026-09-25 15:08:48.569094+00:00,2026-09-25 15:08:48.570094+00:00,2026-09-25 15:08:48.571095+00:00,2026-09-25 15:08:48.572095+00:00,2026-09-25 15:08:48.573095+00:00,2026-09-25 15:08:48.574095+00:00,2026-09-25 15:08:48.575095+00:00,2026-09-25 15:08:48.576095+00:00,2026-09-25 15:08:48.577095+00:00,2026-09-25 15:08:48.578095+00:00,2026-09-25 15:08:48.579095+00:00,2026-09-25 15:08:48.580095+00:00,2026-09-25 15:08:48.581095+00:00,2026-09-25 15:08:48.582095+00:00,2026-09-25 15:08:48.582095+00:00,0.392793,2.5458702166280966,181.2367844956508,True,True,True,False,False,False,True,False,False,True,True,True,False,False,False,False
16,2026-09-25 13:39:44.029771+00:00,2026-09-25 15:08:48.944116+00:00,93.005,False,False,False,True,True,False,True,False,True,False,False,False,True,False,False,False,False,False,False,False,False,False,False,True,False,True,False,False,False,True,False,False,False,False,False,False,False,True,False,False,True,False,False,True,False,False,False,False,False,False,False,True,False,False,False,True,False,False,False,True,True,True,False,True,False,False,False,False,True,True,True,False,False,False,False,False,False,False,False,0,175,0,528,2026-09-25 15:08:48.851111+00:00,2026-09-25 15:08:48.852111+00:00,2026-09-25 15:08:48.864111+00:00,2026-09-25 15:08:48.854111+00:00,2026-09-25 15:08:48.866111+00:00,2026-09-25 15:08:48.867111+00:00,2026-09-25 15:08:48.868112+00:00,2026-09-25 15:08:48.858111+00:00,2026-09-25 15:08:48.870112+00:00,2026-09-25 15:08:48.860111+00:00,2026-09-25 15:08:48.872112+00:00,2026-09-25 15:08:48.873112+00:00,2026-09-25 15:08:48.874112+00:00,2026-09-25 15:08:48.875112+00:00,2026-09-25 15:08:48.876112+00:00,2026-09-25 15:08:48.877112+00:00,2026-09-25 15:08:48.878112+00:00,2026-09-25 15:08:48.879112+00:00,2026-09-25 15:08:48.880112+00:00,2026-09-25 15:08:48.881112+00:00,2026-09-25 15:08:48.882112+00:00,2026-09-25 15:08:48.894113+00:00,2026-09-25 15:08:48.895113+00:00,2026-09-25 15:08:48.885113+00:00,2026-09-25 15:08:48.886113+00:00,2026-09-25 15:08:48.887113+00:00,2026-09-25 15:08:48.888113+00:00,2026-09-25 15:08:48.889113+00:00,2026-09-25 15:08:48.901113+00:00,2026-09-25 15:08:48.891113+00:00,2026-09-25 15:08:48.892113+00:00,2026-09-25 15:08:48.893113+00:00,2026-09-25 15:08:48.883112+00:00,2026-09-25 15:08:48.884112+00:00,2026-09-25 15:08:48.896113+00:00,2026-09-25 15:08:48.897113+00:00,2026-09-25 15:08:48.898113+00:00,2026-09-25 15:08:48.899113+00:00,2026-09-25 15:08:48.900113+00:00,2026-09-25 15:08:48.890113+00:00,2026-09-25 15:08:48.902113+00:00,2026-09-25 15:08:48.903114+00:00,2026-09-25 15:08:48.904114+00:00,2026-09-25 15:08:48.905114+00:00,2026-09-25 15:08:48.906114+00:00,2026-09-25 15:08:48.907114+00:00,2026-09-25 15:08:48.908114+00:00,2026-09-25 15:08:48.909114+00:00,2026-09-25 15:08:48.910114+00:00,2026-09-25 15:08:48.911114+00:00,2026-09-25 15:08:48.912114+00:00,2026-09-25 15:08:48.913114+00:00,2026-09-25 15:08:48.914114+00:00,2026-09-25 15:08:48.915114+00:00,2026-09-25 15:08:48.927115+00:00,2026-09-25 15:08:48.928115+00:00,2026-09-25 15:08:48.918114+00:00,2026-09-25 15:08:48.919114+00:00,2026-09-25 15:08:48.920115+00:00,2026-09-25 15:08:48.921115+00:00,2026-09-25 15:08:48.922115+00:00,2026-09-25 15:08:48.923115+00:00,2026-09-25 15:08:48.924115+00:00,2026-09-25 15:08:48.925115+00:00,2026-09-25 15:08:48.926115+00:00,2026-09-25 15:08:48.916114+00:00,2026-09-25 15:08:48.917114+00:00,2026-09-25 15:08:48.929115+00:00,2026-09-25 15:08:48.930115+00:00,2026-09-25 15:08:48.931115+00:00,2026-09-25 15:08:48.932115+00:00,2026-09-25 15:08:48.933115+00:00,2026-09-25 15:08:48.934115+00:00,2026-09-25 15:08:48.935115+00:00,2026-09-25 15:08:48.936115+00:00,2026-09-25 15:08:48.937115+00:00,2026-09-25 15:08:48.938116+00:00,2026-09-25 15:08:48.939116+00:00,2026-09-25 15:08:48.940116+00:00,2026-09-25 15:08:48.941116+00:00,2026-09-25 15:08:48.942116+00:00,2026-09-25 15:08:48.943116+00:00,2026-09-25 15:08:48.944116+00:00,2026-09-25 15:08:48.944116+00:00,0.411216,2.4318119917512937,181.30571690986173,True,True,True,False,False,False,True,False,False,True,True,True,False,False,True,False
17,2026-09-25 13:39:44.409096+00:00,2026-09-25 15:08:49.363140+00:00,84.005,False,False,False,True,True,False,True,False,True,False,False,False,True,False,False,False,False,False,False,False,False,False,False,True,False,True,False,False,False,True,False,False,False,False,False,False,False,True,False,False,True,False,False,True,False,False,False,False,False,False,False,True,False,False,False,True,False,False,True,False,True,True,False,True,False,False,False,False,True,True,True,False,False,False,False,False,False,False,False,0,175,0,609,2026-09-25 15:08:49.279135+00:00,2026-09-25 15:08:49.280135+00:00,2026-09-25 15:08:49.281135+00:00,2026-09-25 15:08:49.282135+00:00,2026-09-25 15:08:49.283135+00:00,2026-09-25 15:08:49.284135+00:00,2026-09-25 15:08:49.285135+00:00,2026-09-25 15:08:49.286135+00:00,2026-09-25 15:08:49.287136+00:00,2026-09-25 15:08:49.288136+00:00,2026-09-25 15:08:49.290136+00:00,2026-09-25 15:08:49.314137+00:00,2026-09-25 15:08:49.293136+00:00,2026-09-25 15:08:49.294136+00:00,2026-09-25 15:08:49.295136+00:00,2026-09-25 15:08:49.296136+00:00,2026-09-25 15:08:49.297136+00:00,2026-09-25 15:08:49.298136+00:00,2026-09-25 15:08:49.299136+00:00,2026-09-25 15:08:49.300136+00:00,2026-09-25 15:08:49.301136+00:00,2026-09-25 15:08:49.302136+00:00,2026-09-25 15:08:49.292136+00:00,2026-09-25 15:08:49.304136+00:00,2026-09-25 15:08:49.305137+00:00,2026-09-25 15:08:49.317137+00:00,2026-09-25 15:08:49.307137+00:00,2026-09-25 15:08:49.308137+00:00,2026-09-25 15:08:49.309137+00:00,2026-09-25 15:08:49.310137+00:00,2026-09-25 15:08:49.311137+00:00,2026-09-25 15:08:49.312137+00:00,2026-09-25 15:08:49.313137+00:00,2026-09-25 15:08:49.303136+00:00,2026-09-25 15:08:49.315137+00:00,2026-09-25 15:08:49.316137+00:00,2026-09-25 15:08:49.306137+00:00,2026-09-25 15:08:49.318137+00:00,2026-09-25 15:08:49.319137+00:00,2026-09-25 15:08:49.320137+00:00,2026-09-25 15:08:49.321137+00:00,2026-09-25 15:08:49.322138+00:00,2026-09-25 15:08:49.334138+00:00,2026-09-25 15:08:49.324138+00:00,2026-09-25 15:08:49.325138+00:00,2026-09-25 15:08:49.326138+00:00,2026-09-25 15:08:49.327138+00:00,2026-09-25 15:08:49.328138+00:00,2026-09-25 15:08:49.329138+00:00,2026-09-25 15:08:49.330138+00:00,2026-09-25 15:08:49.331138+00:00,2026-09-25 15:08:49.332138+00:00,2026-09-25 15:08:49.333138+00:00,2026-09-25 15:08:49.323138+00:00,2026-09-25 15:08:49.335138+00:00,2026-09-25 15:08:49.336138+00:00,2026-09-25 15:08:49.348139+00:00,2026-09-25 15:08:49.349139+00:00,2026-09-25 15:08:49.350139+00:00,2026-09-25 15:08:49.340139+00:00,2026-09-25 15:08:49.341139+00:00,2026-09-25 15:08:49.342139+00:00,2026-09-25 15:08:49.343139+00:00,2026-09-25 15:08:49.344139+00:00,2026-09-25 15:08:49.345139+00:00,2026-09-25 15:08:49.346139+00:00,2026-09-25 15:08:49.347139+00:00,2026-09-25 15:08:49.337138+00:00,2026-09-25 15:08:49.338138+00:00,2026-09-25 15:08:49.339138+00:00,2026-09-25 15:08:49.351139+00:00,2026-09-25 15:08:49.363140+00:00,2026-09-25 15:08:49.353139+00:00,2026-09-25 15:08:49.354139+00:00,2026-09-25 15:08:49.355139+00:00,2026-09-25 15:08:49.356139+00:00,2026-09-25 15:08:49.357140+00:00,2026-09-25 15:08:49.358140+00:00,2026-09-25 15:08:49.359140+00:00,2026-09-25 15:08:49.360140+00:00,2026-09-25 15:08:49.361140+00:00,2026-09-25 15:08:49.362140+00:00,2026-09-25 15:08:49.352139+00:00,2026-09-25 15:08:49.363140+00:00,0.379325,2.636261780794833,181.38255046504082,True,True,True,False,False,False,True,False,False,True,True,True,False,False,True,False
18,2026-09-25 13:39:44.806156+00:00,2026-09-25 15:08:49.736161+00:00,94.005,False,False,False,True,True,False,True,False,True,False,False,False,True,False,False,False,False,False,False,False,False,False,False,True,False,True,False,False,False,True,False,False,False,False,False,False,False,True,False,False,True,False,False,True,False,False,False,False,False,False,False,True,False,False,False,True,False,False,False,False,True,True,False,True,False,False,False,False,True,True,True,False,False,False,False,False,False,False,False,0,175,0,686,2026-09-25 15:08:49.642156+00:00,2026-09-25 15:08:49.654157+00:00,2026-09-25 15:08:49.655157+00:00,2026-09-25 15:08:49.656157+00:00,2026-09-25 15:08:49.657157+00:00,2026-09-25 15:08:49.658157+00:00,2026-09-25 15:08:49.659157+00:00,2026-09-25 15:08:49.660157+00:00,2026-09-25 15:08:49.661157+00:00,2026-09-25 15:08:49.662157+00:00,2026-09-25 15:08:49.663157+00:00,2026-09-25 15:08:49.675158+00:00,2026-09-25 15:08:49.665157+00:00,2026-09-25 15:08:49.666157+00:00,2026-09-25 15:08:49.667157+00:00,2026-09-25 15:08:49.668157+00:00,2026-09-25 15:08:49.669157+00:00,2026-09-25 15:08:49.670157+00:00,2026-09-25 15:08:49.671157+00:00,2026-09-25 15:08:49.672158+00:00,2026-09-25 15:08:49.673158+00:00,2026-09-25 15:08:49.674158+00:00,2026-09-25 15:08:49.664157+00:00,2026-09-25 15:08:49.676158+00:00,2026-09-25 15:08:49.677158+00:00,2026-09-25 15:08:49.678158+00:00,2026-09-25 15:08:49.679158+00:00,2026-09-25 15:08:49.691159+00:00,2026-09-25 15:08:49.681158+00:00,2026-09-25 15:08:49.682158+00:00,2026-09-25 15:08:49.683158+00:00,2026-09-25 15:08:49.684158+00:00,2026-09-25 15:08:49.685158+00:00,2026-09-25 15:08:49.686158+00:00,2026-09-25 15:08:49.687158+00:00,2026-09-25 15:08:49.688158+00:00,2026-09-25 15:08:49.689159+00:00,2026-09-25 15:08:49.690159+00:00,2026-09-25 15:08:49.680158+00:00,2026-09-25 15:08:49.692159+00:00,2026-09-25 15:08:49.693159+00:00,2026-09-25 15:08:49.694159+00:00,2026-09-25 15:08:49.695159+00:00,2026-09-25 15:08:49.707160+00:00,2026-09-25 15:08:49.697159+00:00,2026-09-25 15:08:49.698159+00:00,2026-09-25 15:08:49.699159+00:00,2026-09-25 15:08:49.700159+00:00,2026-09-25 15:08:49.701159+00:00,2026-09-25 15:08:49.702159+00:00,2026-09-25 15:08:49.703159+00:00,2026-09-25 15:08:49.704159+00:00,2026-09-25 15:08:49.705159+00:00,2026-09-25 15:08:49.706159+00:00,2026-09-25 15:08:49.696159+00:00,2026-09-25 15:08:49.708160+00:00,2026-09-25 15:08:49.709160+00:00,2026-09-25 15:08:49.710160+00:00,2026-09-25 15:08:49.723160+00:00,2026-09-25 15:08:49.712160+00:00,2026-09-25 15:08:49.713160+00:00,2026-09-25 15:08:49.714160+00:00,2026-09-25 15:08:49.715160+00:00,2026-09-25 15:08:49.716160+00:00,2026-09-25 15:08:49.717160+00:00,2026-09-25 15:08:49.719160+00:00,2026-09-25 15:08:49.720160+00:00,2026-09-25 15:08:49.721160+00:00,2026-09-25 15:08:49.722160+00:00,2026-09-25 15:08:49.711160+00:00,2026-09-25 15:08:49.724161+00:00,2026-09-25 15:08:49.725161+00:00,2026-09-25 15:08:49.726161+00:00,2026-09-25 15:08:49.727161+00:00,2026-09-25 15:08:49.728161+00:00,2026-09-25 15:08:49.729161+00:00,2026-09-25 15:08:49.730161+00:00,2026-09-25 15:08:49.731161+00:00,2026-09-25 15:08:49.732161+00:00,2026-09-25 15:08:49.733161+00:00,2026-09-25 15:08:49.734161+00:00,2026-09-25 15:08:49.735161+00:00,2026-09-25 15:08:49.736161+00:00,2026-09-25 15:08:49.736161+00:00,0.39706,2.5185110562635367,181.44815876406065,True,True,True,False,False,False,True,False,False,True,True,True,False,False,True,False
19,2026-09-25 13:39:45.202886+00:00,2026-09-25 15:08:50.125183+00:00,90.005,False,False,False,False,True,False,True,False,True,True,False,False,False,False,False,False,False,False,False,False,False,False,False,True,False,True,False,False,False,True,False,False,False,False,False,False,False,True,False,False,True,False,False,True,False,False,False,False,False,False,False,True,False,False,False,True,False,False,True,False,True,True,False,True,False,False,False,False,True,True,True,False,False,False,False,False,False,False,False,0,175,0,763,2026-09-25 15:08:50.035178+00:00,2026-09-25 15:08:50.044179+00:00,2026-09-25 15:08:50.045179+00:00,2026-09-25 15:08:50.046179+00:00,2026-09-25 15:08:50.058180+00:00,2026-09-25 15:08:50.048179+00:00,2026-09-25 15:08:50.049179+00:00,2026-09-25 15:08:50.050179+00:00,2026-09-25 15:08:50.051179+00:00,2026-09-25 15:08:50.052179+00:00,2026-09-25 15:08:50.053179+00:00,2026-09-25 15:08:50.054179+00:00,2026-09-25 15:08:50.055179+00:00,2026-09-25 15:08:50.056179+00:00,2026-09-25 15:08:50.057180+00:00,2026-09-25 15:08:50.047179+00:00,2026-09-25 15:08:50.059180+00:00,2026-09-25 15:08:50.071180+00:00,2026-09-25 15:08:50.061180+00:00,2026-09-25 15:08:50.062180+00:00,2026-09-25 15:08:50.063180+00:00,2026-09-25 15:08:50.064180+00:00,2026-09-25 15:08:50.065180+00:00,2026-09-25 15:08:50.066180+00:00,2026-09-25 15:08:50.067180+00:00,2026-09-25 15:08:50.068180+00:00,2026-09-25 15:08:50.069180+00:00,2026-09-25 15:08:50.070180+00:00,2026-09-25 15:08:50.060180+00:00,2026-09-25 15:08:50.072180+00:00,2026-09-25 15:08:50.073180+00:00,2026-09-25 15:08:50.074181+00:00,2026-09-25 15:08:50.075181+00:00,2026-09-25 15:08:50.076181+00:00,2026-09-25 15:08:50.077181+00:00,2026-09-25 15:08:50.078181+00:00,2026-09-25 15:08:50.079181+00:00,2026-09-25 15:08:50.080181+00:00,2026-09-25 15:08:50.081181+00:00,2026-09-25 15:08:50.082181+00:00,2026-09-25 15:08:50.083181+00:00,2026-09-25 15:08:50.084181+00:00,2026-09-25 15:08:50.085181+00:00,2026-09-25 15:08:50.086181+00:00,2026-09-25 15:08:50.087181+00:00,2026-09-25 15:08:50.088181+00:00,2026-09-25 15:08:50.089181+00:00,2026-09-25 15:08:50.090181+00:00,2026-09-25 15:08:50.091181+00:00,2026-09-25 15:08:50.092182+00:00,2026-09-25 15:08:50.093182+00:00,2026-09-25 15:08:50.094182+00:00,2026-09-25 15:08:50.095182+00:00,2026-09-25 15:08:50.107182+00:00,2026-09-25 15:08:50.097182+00:00,2026-09-25 15:08:50.098182+00:00,2026-09-25 15:08:50.099182+00:00,2026-09-25 15:08:50.100182+00:00,2026-09-25 15:08:50.101182+00:00,2026-09-25 15:08:50.113183+00:00,2026-09-25 15:08:50.103182+00:00,2026-09-25 15:08:50.104182+00:00,2026-09-25 15:08:50.105182+00:00,2026-09-25 15:08:50.106182+00:00,2026-09-25 15:08:50.096182+00:00,2026-09-25 15:08:50.108182+00:00,2026-09-25 15:08:50.109183+00:00,2026-09-25 15:08:50.110183+00:00,2026-09-25 15:08:50.111183+00:00,2026-09-25 15:08:50.112183+00:00,2026-09-25 15:08:50.102182+00:00,2026-09-25 15:08:50.114183+00:00,2026-09-25 15:08:50.115183+00:00,2026-09-25 15:08:50.116183+00:00,2026-09-25 15:08:50.117183+00:00,2026-09-25 15:08:50.118183+00:00,2026-09-25 15:08:50.119183+00:00,2026-09-25 15:08:50.120183+00:00,2026-09-25 15:08:50.121183+00:00,2026-09-25 15:08:50.122183+00:00,2026-09-25 15:08:50.123183+00:00,2026-09-25 15:08:50.124183+00:00,2026-09-25 15:08:50.125183+00:00,2026-09-25 15:08:50.125183+00:00,0.39673,2.5206059536712626,181.51366357418223,True,True,True,False,False,False,True,False,False,True,True,True,False,False,True,False
20,2026-09-25 13:39:45.548370+00:00,2026-09-25 15:08:50.512206+00:00,91.006,False,False,False,False,True,False,True,False,True,True,False,False,False,False,False,False,False,False,False,False,False,False,False,True,False,True,False,True,False,True,False,False,False,False,False,True,False,False,False,False,True,False,True,True,False,False,False,False,False,False,False,True,False,False,False,True,False,False,True,False,True,True,False,True,False,False,False,False,True,True,True,False,False,False,False,False,False,False,False,0,175,0,840,2026-09-25 15:08:50.421200+00:00,2026-09-25 15:08:50.429201+00:00,2026-09-25 15:08:50.430201+00:00,2026-09-25 15:08:50.431201+00:00,2026-09-25 15:08:50.432201+00:00,2026-09-25 15:08:50.433201+00:00,2026-09-25 15:08:50.434201+00:00,2026-09-25 15:08:50.435201+00:00,2026-09-25 15:08:50.436201+00:00,2026-09-25 15:08:50.437201+00:00,2026-09-25 15:08:50.438201+00:00,2026-09-25 15:08:50.439201+00:00,2026-09-25 15:08:50.440201+00:00,2026-09-25 15:08:50.441202+00:00,2026-09-25 15:08:50.442202+00:00,2026-09-25 15:08:50.443202+00:00,2026-09-25 15:08:50.444202+00:00,2026-09-25 15:08:50.445202+00:00,2026-09-25 15:08:50.446202+00:00,2026-09-25 15:08:50.447202+00:00,2026-09-25 15:08:50.448202+00:00,2026-09-25 15:08:50.449202+00:00,2026-09-25 15:08:50.450202+00:00,2026-09-25 15:08:50.451202+00:00,2026-09-25 15:08:50.452202+00:00,2026-09-25 15:08:50.453202+00:00,2026-09-25 15:08:50.454202+00:00,2026-09-25 15:08:50.455202+00:00,2026-09-25 15:08:50.468203+00:00,2026-09-25 15:08:50.457202+00:00,2026-09-25 15:08:50.458202+00:00,2026-09-25 15:08:50.471203+00:00,2026-09-25 15:08:50.460203+00:00,2026-09-25 15:08:50.461203+00:00,2026-09-25 15:08:50.474203+00:00,2026-09-25 15:08:50.464203+00:00,2026-09-25 15:08:50.465203+00:00,2026-09-25 15:08:50.477204+00:00,2026-09-25 15:08:50.467203+00:00,2026-09-25 15:08:50.469203+00:00,2026-09-25 15:08:50.470203+00:00,2026-09-25 15:08:50.459203+00:00,2026-09-25 15:08:50.472203+00:00,2026-09-25 15:08:50.473203+00:00,2026-09-25 15:08:50.463203+00:00,2026-09-25 15:08:50.475203+00:00,2026-09-25 15:08:50.476204+00:00,2026-09-25 15:08:50.466203+00:00,2026-09-25 15:08:50.478204+00:00,2026-09-25 15:08:50.479204+00:00,2026-09-25 15:08:50.480204+00:00,2026-09-25 15:08:50.481204+00:00,2026-09-25 15:08:50.482204+00:00,2026-09-25 15:08:50.483204+00:00,2026-09-25 15:08:50.484204+00:00,2026-09-25 15:08:50.485204+00:00,2026-09-25 15:08:50.486204+00:00,2026-09-25 15:08:50.487204+00:00,2026-09-25 15:08:50.488204+00:00,2026-09-25 15:08:50.489204+00:00,2026-09-25 15:08:50.490204+00:00,2026-09-25 15:08:50.491204+00:00,2026-09-25 15:08:50.492204+00:00,2026-09-25 15:08:50.493204+00:00,2026-09-25 15:08:50.494205+00:00,2026-09-25 15:08:50.495205+00:00,2026-09-25 15:08:50.496205+00:00,2026-09-25 15:08:50.497205+00:00,2026-09-25 15:08:50.498205+00:00,2026-09-25 15:08:50.499205+00:00,2026-09-25 15:08:50.500205+00:00,2026-09-25 15:08:50.501205+00:00,2026-09-25 15:08:50.502205+00:00,2026-09-25 15:08:50.503205+00:00,2026-09-25 15:08:50.504205+00:00,2026-09-25 15:08:50.505205+00:00,2026-09-25 15:08:50.506205+00:00,2026-09-25 15:08:50.507205+00:00,2026-09-25 15:08:50.508205+00:00,2026-09-25 15:08:50.509205+00:00,2026-09-25 15:08:50.510205+00:00,2026-09-25 15:08:50.511206+00:00,2026-09-25 15:08:50.512206+00:00,2026-09-25 15:08:50.512206+00:00,0.345484,2.8944900487432124,181.5757687445333,True,True,True,False,False,False,True,False,False,True,True,True,False,False,True,False
21,2026-09-25 13:39:45.892557+00:00,2026-09-25 15:08:50.856225+00:00,90.005,False,True,False,False,True,False,True,False,True,False,False,False,False,False,False,False,False,False,True,False,False,False,True,True,False,True,False,True,False,True,False,True,False,False,False,False,False,False,False,False,True,True,False,True,False,False,False,False,False,False,False,True,False,False,False,True,False,False,False,True,True,True,False,True,False,False,False,False,True,True,True,False,False,False,False,False,False,False,False,0,175,0,909,2026-09-25 15:08:50.766220+00:00,2026-09-25 15:08:50.772220+00:00,2026-09-25 15:08:50.773221+00:00,2026-09-25 15:08:50.786221+00:00,2026-09-25 15:08:50.776221+00:00,2026-09-25 15:08:50.777221+00:00,2026-09-25 15:08:50.778221+00:00,2026-09-25 15:08:50.779221+00:00,2026-09-25 15:08:50.780221+00:00,2026-09-25 15:08:50.781221+00:00,2026-09-25 15:08:50.782221+00:00,2026-09-25 15:08:50.783221+00:00,2026-09-25 15:08:50.784221+00:00,2026-09-25 15:08:50.785221+00:00,2026-09-25 15:08:50.775221+00:00,2026-09-25 15:08:50.787221+00:00,2026-09-25 15:08:50.788221+00:00,2026-09-25 15:08:50.789221+00:00,2026-09-25 15:08:50.790221+00:00,2026-09-25 15:08:50.791222+00:00,2026-09-25 15:08:50.792222+00:00,2026-09-25 15:08:50.793222+00:00,2026-09-25 15:08:50.794222+00:00,2026-09-25 15:08:50.795222+00:00,2026-09-25 15:08:50.796222+00:00,2026-09-25 15:08:50.797222+00:00,2026-09-25 15:08:50.798222+00:00,2026-09-25 15:08:50.799222+00:00,2026-09-25 15:08:50.800222+00:00,2026-09-25 15:08:50.801222+00:00,2026-09-25 15:08:50.802222+00:00,2026-09-25 15:08:50.803222+00:00,2026-09-25 15:08:50.816223+00:00,2026-09-25 15:08:50.806222+00:00,2026-09-25 15:08:50.807222+00:00,2026-09-25 15:08:50.819223+00:00,2026-09-25 15:08:50.831224+00:00,2026-09-25 15:08:50.810223+00:00,2026-09-25 15:08:50.811223+00:00,2026-09-25 15:08:50.812223+00:00,2026-09-25 15:08:50.813223+00:00,2026-09-25 15:08:50.814223+00:00,2026-09-25 15:08:50.815223+00:00,2026-09-25 15:08:50.805222+00:00,2026-09-25 15:08:50.817223+00:00,2026-09-25 15:08:50.818223+00:00,2026-09-25 15:08:50.808223+00:00,2026-09-25 15:08:50.809223+00:00,2026-09-25 15:08:50.821223+00:00,2026-09-25 15:08:50.822223+00:00,2026-09-25 15:08:50.823223+00:00,2026-09-25 15:08:50.824223+00:00,2026-09-25 15:08:50.825223+00:00,2026-09-25 15:08:50.826224+00:00,2026-09-25 15:08:50.827224+00:00,2026-09-25 15:08:50.828224+00:00,2026-09-25 15:08:50.829224+00:00,2026-09-25 15:08:50.830224+00:00,2026-09-25 15:08:50.820223+00:00,2026-09-25 15:08:50.832224+00:00,2026-09-25 15:08:50.833224+00:00,2026-09-25 15:08:50.834224+00:00,2026-09-25 15:08:50.835224+00:00,2026-09-25 15:08:50.836224+00:00,2026-09-25 15:08:50.837224+00:00,2026-09-25 15:08:50.838224+00:00,2026-09-25 15:08:50.839224+00:00,2026-09-25 15:08:50.840224+00:00,2026-09-25 15:08:50.841224+00:00,2026-09-25 15:08:50.842224+00:00,2026-09-25 15:08:50.843225+00:00,2026-09-25 15:08:50.844225+00:00,2026-09-25 15:08:50.845225+00:00,2026-09-25 15:08:50.846225+00:00,2026-09-25 15:08:50.847225+00:00,2026-09-25 15:08:50.848225+00:00,2026-09-25 15:08:50.849225+00:00,2026-09-25 15:08:50.851225+00:00,2026-09-25 15:08:50.852225+00:00,2026-09-25 15:08:50.853225+00:00,2026-09-25 15:08:50.854225+00:00,2026-09-25 15:08:50.855225+00:00,2026-09-25 15:08:50.856225+00:00,2026-09-25 15:08:50.856225+00:00,0.344187,2.905397356669485,181.62832889963536,True,True,True,False,False,False,True,False,False,True,True,True,False,False,True,False
22,2026-09-25 13:39:46.234863+00:00,2026-09-25 15:08:51.198245+00:00,88.005,False,True,False,False,True,False,True,False,True,False,False,False,False,False,False,False,False,False,True,False,False,False,True,True,True,True,False,True,False,True,False,True,False,False,False,False,False,False,False,False,True,True,False,True,False,False,False,False,False,False,False,True,False,False,False,True,False,False,False,False,True,True,False,True,False,False,False,False,True,True,True,False,False,False,False,False,False,False,False,0,175,0,977,2026-09-25 15:08:51.110240+00:00,2026-09-25 15:08:51.116240+00:00,2026-09-25 15:08:51.117240+00:00,2026-09-25 15:08:51.118240+00:00,2026-09-25 15:08:51.120240+00:00,2026-09-25 15:08:51.121240+00:00,2026-09-25 15:08:51.122240+00:00,2026-09-25 15:08:51.123241+00:00,2026-09-25 15:08:51.124241+00:00,2026-09-25 15:08:51.125241+00:00,2026-09-25 15:08:51.126241+00:00,2026-09-25 15:08:51.127241+00:00,2026-09-25 15:08:51.128241+00:00,2026-09-25 15:08:51.129241+00:00,2026-09-25 15:08:51.130241+00:00,2026-09-25 15:08:51.131241+00:00,2026-09-25 15:08:51.132241+00:00,2026-09-25 15:08:51.133241+00:00,2026-09-25 15:08:51.134241+00:00,2026-09-25 15:08:51.135241+00:00,2026-09-25 15:08:51.136241+00:00,2026-09-25 15:08:51.137241+00:00,2026-09-25 15:08:51.138241+00:00,2026-09-25 15:08:51.139241+00:00,2026-09-25 15:08:51.140242+00:00,2026-09-25 15:08:51.141242+00:00,2026-09-25 15:08:51.142242+00:00,2026-09-25 15:08:51.143242+00:00,2026-09-25 15:08:51.144242+00:00,2026-09-25 15:08:51.145242+00:00,2026-09-25 15:08:51.146242+00:00,2026-09-25 15:08:51.147242+00:00,2026-09-25 15:08:51.148242+00:00,2026-09-25 15:08:51.149242+00:00,2026-09-25 15:08:51.150242+00:00,2026-09-25 15:08:51.151242+00:00,2026-09-25 15:08:51.152242+00:00,2026-09-25 15:08:51.153242+00:00,2026-09-25 15:08:51.154242+00:00,2026-09-25 15:08:51.155242+00:00,2026-09-25 15:08:51.156242+00:00,2026-09-25 15:08:51.157242+00:00,2026-09-25 15:08:51.158243+00:00,2026-09-25 15:08:51.159243+00:00,2026-09-25 15:08:51.160243+00:00,2026-09-25 15:08:51.161243+00:00,2026-09-25 15:08:51.162243+00:00,2026-09-25 15:08:51.163243+00:00,2026-09-25 15:08:51.164243+00:00,2026-09-25 15:08:51.165243+00:00,2026-09-25 15:08:51.166243+00:00,2026-09-25 15:08:51.167243+00:00,2026-09-25 15:08:51.168243+00:00,2026-09-25 15:08:51.169243+00:00,2026-09-25 15:08:51.170243+00:00,2026-09-25 15:08:51.171243+00:00,2026-09-25 15:08:51.172243+00:00,2026-09-25 15:08:51.173243+00:00,2026-09-25 15:08:51.174243+00:00,2026-09-25 15:08:51.175244+00:00,2026-09-25 15:08:51.176244+00:00,2026-09-25 15:08:51.177244+00:00,2026-09-25 15:08:51.178244+00:00,2026-09-25 15:08:51.179244+00:00,2026-09-25 15:08:51.180244+00:00,2026-09-25 15:08:51.181244+00:00,2026-09-25 15:08:51.182244+00:00,2026-09-25 15:08:51.183244+00:00,2026-09-25 15:08:51.184244+00:00,2026-09-25 15:08:51.185244+00:00,2026-09-25 15:08:51.186244+00:00,2026-09-25 15:08:51.187244+00:00,2026-09-25 15:08:51.188244+00:00,2026-09-25 15:08:51.189244+00:00,2026-09-25 15:08:51.190244+00:00,2026-09-25 15:08:51.191244+00:00,2026-09-25 15:08:51.192244+00:00,2026-09-25 15:08:51.193245+00:00,2026-09-25 15:08:51.194245+00:00,2026-09-25 15:08:51.195245+00:00,2026-09-25 15:08:51.196245+00:00,2026-09-25 15:08:51.197245+00:00,2026-09-25 15:08:51.198245+00:00,2026-09-25 15:08:51.198245+00:00,0.342306,2.921362757299025,181.67805271586735,True,True,True,False,False,False,True,False,False,True,True,True,False,False,False,False
23,2026-09-25 13:39:46.611889+00:00,2026-09-25 15:08:51.555265+00:00,97.005,False,True,False,False,True,False,True,False,True,False,False,True,False,False,False,False,False,False,True,False,False,False,False,True,True,False,False,True,False,True,False,True,False,False,False,False,False,False,False,False,True,True,False,True,False,False,False,False,False,False,False,True,False,False,False,True,False,False,False,False,True,True,False,True,False,False,False,False,True,True,True,False,False,False,True,False,False,False,False,0,175,0,1048,2026-09-25 15:08:51.458260+00:00,2026-09-25 15:08:51.472260+00:00,2026-09-25 15:08:51.473261+00:00,2026-09-25 15:08:51.474261+00:00,2026-09-25 15:08:51.475261+00:00,2026-09-25 15:08:51.476261+00:00,2026-09-25 15:08:51.477261+00:00,2026-09-25 15:08:51.478261+00:00,2026-09-25 15:08:51.479261+00:00,2026-09-25 15:08:51.480261+00:00,2026-09-25 15:08:51.481261+00:00,2026-09-25 15:08:51.482261+00:00,2026-09-25 15:08:51.483261+00:00,2026-09-25 15:08:51.485261+00:00,2026-09-25 15:08:51.486261+00:00,2026-09-25 15:08:51.487261+00:00,2026-09-25 15:08:51.488261+00:00,2026-09-25 15:08:51.489261+00:00,2026-09-25 15:08:51.491262+00:00,2026-09-25 15:08:51.492262+00:00,2026-09-25 15:08:51.493262+00:00,2026-09-25 15:08:51.494262+00:00,2026-09-25 15:08:51.495262+00:00,2026-09-25 15:08:51.496262+00:00,2026-09-25 15:08:51.497262+00:00,2026-09-25 15:08:51.498262+00:00,2026-09-25 15:08:51.499262+00:00,2026-09-25 15:08:51.500262+00:00,2026-09-25 15:08:51.501262+00:00,2026-09-25 15:08:51.502262+00:00,2026-09-25 15:08:51.503262+00:00,2026-09-25 15:08:51.504262+00:00,2026-09-25 15:08:51.505262+00:00,2026-09-25 15:08:51.506262+00:00,2026-09-25 15:08:51.507262+00:00,2026-09-25 15:08:51.508263+00:00,2026-09-25 15:08:51.509263+00:00,2026-09-25 15:08:51.510263+00:00,2026-09-25 15:08:51.511263+00:00,2026-09-25 15:08:51.512263+00:00,2026-09-25 15:08:51.513263+00:00,2026-09-25 15:08:51.514263+00:00,2026-09-25 15:08:51.515263+00:00,2026-09-25 15:08:51.516263+00:00,2026-09-25 15:08:51.517263+00:00,2026-09-25 15:08:51.518263+00:00,2026-09-25 15:08:51.519263+00:00,2026-09-25 15:08:51.520263+00:00,2026-09-25 15:08:51.521263+00:00,2026-09-25 15:08:51.522263+00:00,2026-09-25 15:08:51.523263+00:00,2026-09-25 15:08:51.524263+00:00,2026-09-25 15:08:51.525264+00:00,2026-09-25 15:08:51.526264+00:00,2026-09-25 15:08:51.527264+00:00,2026-09-25 15:08:51.528264+00:00,2026-09-25 15:08:51.529264+00:00,2026-09-25 15:08:51.530264+00:00,2026-09-25 15:08:51.531264+00:00,2026-09-25 15:08:51.532264+00:00,2026-09-25 15:08:51.533264+00:00,2026-09-25 15:08:51.534264+00:00,2026-09-25 15:08:51.535264+00:00,2026-09-25 15:08:51.547265+00:00,2026-09-25 15:08:51.537264+00:00,2026-09-25 15:08:51.538264+00:00,2026-09-25 15:08:51.539264+00:00,2026-09-25 15:08:51.540264+00:00,2026-09-25 15:08:51.541264+00:00,2026-09-25 15:08:51.542264+00:00,2026-09-25 15:08:51.543265+00:00,2026-09-25 15:08:51.544265+00:00,2026-09-25 15:08:51.545265+00:00,2026-09-25 15:08:51.546265+00:00,2026-09-25 15:08:51.536264+00:00,2026-09-25 15:08:51.548265+00:00,2026-09-25 15:08:51.549265+00:00,2026-09-25 15:08:51.550265+00:00,2026-09-25 15:08:51.551265+00:00,2026-09-25 15:08:51.552265+00:00,2026-09-25 15:08:51.553265+00:00,2026-09-25 15:08:51.554265+00:00,2026-09-25 15:08:51.555265+00:00,2026-09-25 15:08:51.555265+00:00,0.377026,2.652336974107887,181.7272065201988,True,True,True,False,True,False,True,False,False,True,True,True,False,False,False,True
24,2026-09-25 13:39:47.037189+00:00,2026-09-25 15:08:51.982290+00:00,120.007,False,True,False,False,True,False,True,False,True,False,False,True,False,False,False,False,False,False,True,False,False,False,False,True,True,False,False,True,False,True,False,False,False,False,False,False,False,False,False,False,True,True,False,True,False,False,False,False,False,False,False,True,False,False,False,True,False,False,False,True,True,True,False,True,False,False,False,False,True,True,True,False,False,False,True,False,False,False,False,0,175,0,1133,2026-09-25 15:08:51.862283+00:00,2026-09-25 15:08:51.896285+00:00,2026-09-25 15:08:51.898285+00:00,2026-09-25 15:08:51.900285+00:00,2026-09-25 15:08:51.902285+00:00,2026-09-25 15:08:51.903285+00:00,2026-09-25 15:08:51.904285+00:00,2026-09-25 15:08:51.905285+00:00,2026-09-25 15:08:51.906285+00:00,2026-09-25 15:08:51.907285+00:00,2026-09-25 15:08:51.908285+00:00,2026-09-25 15:08:51.909285+00:00,2026-09-25 15:08:51.910286+00:00,2026-09-25 15:08:51.911286+00:00,2026-09-25 15:08:51.924286+00:00,2026-09-25 15:08:51.913286+00:00,2026-09-25 15:08:51.914286+00:00,2026-09-25 15:08:51.915286+00:00,2026-09-25 15:08:51.916286+00:00,2026-09-25 15:08:51.917286+00:00,2026-09-25 15:08:51.918286+00:00,2026-09-25 15:08:51.919286+00:00,2026-09-25 15:08:51.921286+00:00,2026-09-25 15:08:51.922286+00:00,2026-09-25 15:08:51.923286+00:00,2026-09-25 15:08:51.912286+00:00,2026-09-25 15:08:51.925286+00:00,2026-09-25 15:08:51.926286+00:00,2026-09-25 15:08:51.927287+00:00,2026-09-25 15:08:51.928287+00:00,2026-09-25 15:08:51.929287+00:00,2026-09-25 15:08:51.930287+00:00,2026-09-25 15:08:51.931287+00:00,2026-09-25 15:08:51.932287+00:00,2026-09-25 15:08:51.933287+00:00,2026-09-25 15:08:51.934287+00:00,2026-09-25 15:08:51.935287+00:00,2026-09-25 15:08:51.936287+00:00,2026-09-25 15:08:51.937287+00:00,2026-09-25 15:08:51.938287+00:00,2026-09-25 15:08:51.939287+00:00,2026-09-25 15:08:51.940287+00:00,2026-09-25 15:08:51.941287+00:00,2026-09-25 15:08:51.953288+00:00,2026-09-25 15:08:51.943287+00:00,2026-09-25 15:08:51.944287+00:00,2026-09-25 15:08:51.945288+00:00,2026-09-25 15:08:51.946288+00:00,2026-09-25 15:08:51.947288+00:00,2026-09-25 15:08:51.948288+00:00,2026-09-25 15:08:51.949288+00:00,2026-09-25 15:08:51.950288+00:00,2026-09-25 15:08:51.951288+00:00,2026-09-25 15:08:51.952288+00:00,2026-09-25 15:08:51.942287+00:00,2026-09-25 15:08:51.954288+00:00,2026-09-25 15:08:51.955288+00:00,2026-09-25 15:08:51.956288+00:00,2026-09-25 15:08:51.957288+00:00,2026-09-25 15:08:51.958288+00:00,2026-09-25 15:08:51.959288+00:00,2026-09-25 15:08:51.960288+00:00,2026-09-25 15:08:51.961288+00:00,2026-09-25 15:08:51.962289+00:00,2026-09-25 15:08:51.963289+00:00,2026-09-25 15:08:51.964289+00:00,2026-09-25 15:08:51.965289+00:00,2026-09-25 15:08:51.967289+00:00,2026-09-25 15:08:51.968289+00:00,2026-09-25 15:08:51.969289+00:00,2026-09-25 15:08:51.970289+00:00,2026-09-25 15:08:51.971289+00:00,2026-09-25 15:08:51.972289+00:00,2026-09-25 15:08:51.973289+00:00,2026-09-25 15:08:51.974289+00:00,2026-09-25 15:08:51.975289+00:00,2026-09-25 15:08:51.976289+00:00,2026-09-25 15:08:51.977289+00:00,2026-09-25 15:08:51.978289+00:00,2026-09-25 15:08:51.979289+00:00,2026-09-25 15:08:51.980290+00:00,2026-09-25 15:08:51.981290+00:00,2026-09-25 15:08:51.982290+00:00,2026-09-25 15:08:51.982290+00:00,0.4253,2.351281448389372,181.78223428765492,False,True,True,False,True,False,True,False,False,True,True,True,False,False,False,True
25,2026-09-25 13:39:47.396829+00:00,2026-09-25 15:08:52.358311+00:00,100.006,False,True,False,False,True,False,True,False,True,False,False,True,False,False,False,False,False,False,True,False,False,False,False,True,True,False,False,True,False,True,False,False,False,False,False,False,False,False,False,False,True,True,False,True,False,False,False,False,False,False,False,True,False,False,False,True,False,False,False,True,True,True,False,True,False,False,False,False,True,True,True,False,False,False,True,False,False,False,False,0,175,0,1205,2026-09-25 15:08:52.258305+00:00,2026-09-25 15:08:52.273306+00:00,2026-09-25 15:08:52.274306+00:00,2026-09-25 15:08:52.275306+00:00,2026-09-25 15:08:52.276306+00:00,2026-09-25 15:08:52.277307+00:00,2026-09-25 15:08:52.278307+00:00,2026-09-25 15:08:52.279307+00:00,2026-09-25 15:08:52.280307+00:00,2026-09-25 15:08:52.281307+00:00,2026-09-25 15:08:52.282307+00:00,2026-09-25 15:08:52.283307+00:00,2026-09-25 15:08:52.284307+00:00,2026-09-25 15:08:52.285307+00:00,2026-09-25 15:08:52.286307+00:00,2026-09-25 15:08:52.287307+00:00,2026-09-25 15:08:52.288307+00:00,2026-09-25 15:08:52.289307+00:00,2026-09-25 15:08:52.290307+00:00,2026-09-25 15:08:52.291307+00:00,2026-09-25 15:08:52.292307+00:00,2026-09-25 15:08:52.293307+00:00,2026-09-25 15:08:52.294308+00:00,2026-09-25 15:08:52.307308+00:00,2026-09-25 15:08:52.297308+00:00,2026-09-25 15:08:52.298308+00:00,2026-09-25 15:08:52.299308+00:00,2026-09-25 15:08:52.300308+00:00,2026-09-25 15:08:52.301308+00:00,2026-09-25 15:08:52.302308+00:00,2026-09-25 15:08:52.303308+00:00,2026-09-25 15:08:52.304308+00:00,2026-09-25 15:08:52.305308+00:00,2026-09-25 15:08:52.306308+00:00,2026-09-25 15:08:52.296308+00:00,2026-09-25 15:08:52.308308+00:00,2026-09-25 15:08:52.309308+00:00,2026-09-25 15:08:52.310308+00:00,2026-09-25 15:08:52.311308+00:00,2026-09-25 15:08:52.312309+00:00,2026-09-25 15:08:52.313309+00:00,2026-09-25 15:08:52.314309+00:00,2026-09-25 15:08:52.315309+00:00,2026-09-25 15:08:52.317309+00:00,2026-09-25 15:08:52.318309+00:00,2026-09-25 15:08:52.319309+00:00,2026-09-25 15:08:52.320309+00:00,2026-09-25 15:08:52.321309+00:00,2026-09-25 15:08:52.322309+00:00,2026-09-25 15:08:52.323309+00:00,2026-09-25 15:08:52.324309+00:00,2026-09-25 15:08:52.325309+00:00,2026-09-25 15:08:52.326309+00:00,2026-09-25 15:08:52.327309+00:00,2026-09-25 15:08:52.328309+00:00,2026-09-25 15:08:52.329310+00:00,2026-09-25 15:08:52.330310+00:00,2026-09-25 15:08:52.331310+00:00,2026-09-25 15:08:52.345310+00:00,2026-09-25 15:08:52.346310+00:00,2026-09-25 15:08:52.358311+00:00,2026-09-25 15:08:52.348311+00:00,2026-09-25 15:08:52.349311+00:00,2026-09-25 15:08:52.339310+00:00,2026-09-25 15:08:52.340310+00:00,2026-09-25 15:08:52.341310+00:00,2026-09-25 15:08:52.342310+00:00,2026-09-25 15:08:52.343310+00:00,2026-09-25 15:08:52.344310+00:00,2026-09-25 15:08:52.333310+00:00,2026-09-25 15:08:52.334310+00:00,2026-09-25 15:08:52.335310+00:00,2026-09-25 15:08:52.336310+00:00,2026-09-25 15:08:52.337310+00:00,2026-09-25 15:08:52.350311+00:00,2026-09-25 15:08:52.351311+00:00,2026-09-25 15:08:52.352311+00:00,2026-09-25 15:08:52.353311+00:00,2026-09-25 15:08:52.354311+00:00,2026-09-25 15:08:52.355311+00:00,2026-09-25 15:08:52.356311+00:00,2026-09-25 15:08:52.357311+00:00,2026-09-25 15:08:52.347311+00:00,2026-09-25 15:08:52.358311+00:00,0.35964,2.7805583361138915,181.82723662450462,False,True,True,False,True,False,True,False,False,True,True,True,False,False,False,True
26,2026-09-25 13:39:47.768011+00:00,2026-09-25 15:08:52.726332+00:00,91.005,False,True,False,False,True,False,True,False,True,False,False,True,False,False,False,False,False,False,True,False,False,False,False,True,True,False,False,True,False,True,False,False,False,False,False,False,False,False,False,False,True,True,False,True,False,False,False,False,False,False,False,True,False,False,False,True,False,False,False,False,True,True,False,True,False,False,False,False,True,True,True,False,False,False,True,False,False,False,False,0,175,0,1281,2026-09-25 15:08:52.640327+00:00,2026-09-25 15:08:52.641327+00:00,2026-09-25 15:08:52.642327+00:00,2026-09-25 15:08:52.635327+00:00,2026-09-25 15:08:52.644328+00:00,2026-09-25 15:08:52.645328+00:00,2026-09-25 15:08:52.658328+00:00,2026-09-25 15:08:52.648328+00:00,2026-09-25 15:08:52.637327+00:00,2026-09-25 15:08:52.650328+00:00,2026-09-25 15:08:52.639327+00:00,2026-09-25 15:08:52.652328+00:00,2026-09-25 15:08:52.653328+00:00,2026-09-25 15:08:52.654328+00:00,2026-09-25 15:08:52.655328+00:00,2026-09-25 15:08:52.656328+00:00,2026-09-25 15:08:52.657328+00:00,2026-09-25 15:08:52.647328+00:00,2026-09-25 15:08:52.659328+00:00,2026-09-25 15:08:52.660328+00:00,2026-09-25 15:08:52.661329+00:00,2026-09-25 15:08:52.662329+00:00,2026-09-25 15:08:52.663329+00:00,2026-09-25 15:08:52.664329+00:00,2026-09-25 15:08:52.665329+00:00,2026-09-25 15:08:52.666329+00:00,2026-09-25 15:08:52.667329+00:00,2026-09-25 15:08:52.668329+00:00,2026-09-25 15:08:52.669329+00:00,2026-09-25 15:08:52.670329+00:00,2026-09-25 15:08:52.671329+00:00,2026-09-25 15:08:52.672329+00:00,2026-09-25 15:08:52.673329+00:00,2026-09-25 15:08:52.674329+00:00,2026-09-25 15:08:52.676329+00:00,2026-09-25 15:08:52.677329+00:00,2026-09-25 15:08:52.678329+00:00,2026-09-25 15:08:52.679330+00:00,2026-09-25 15:08:52.680330+00:00,2026-09-25 15:08:52.681330+00:00,2026-09-25 15:08:52.682330+00:00,2026-09-25 15:08:52.683330+00:00,2026-09-25 15:08:52.684330+00:00,2026-09-25 15:08:52.685330+00:00,2026-09-25 15:08:52.686330+00:00,2026-09-25 15:08:52.687330+00:00,2026-09-25 15:08:52.688330+00:00,2026-09-25 15:08:52.689330+00:00,2026-09-25 15:08:52.690330+00:00,2026-09-25 15:08:52.691330+00:00,2026-09-25 15:08:52.692330+00:00,2026-09-25 15:08:52.693330+00:00,2026-09-25 15:08:52.694330+00:00,2026-09-25 15:08:52.695330+00:00,2026-09-25 15:08:52.696331+00:00,2026-09-25 15:08:52.697331+00:00,2026-09-25 15:08:52.698331+00:00,2026-09-25 15:08:52.711331+00:00,2026-09-25 15:08:52.712331+00:00,2026-09-25 15:08:52.701331+00:00,2026-09-25 15:08:52.702331+00:00,2026-09-25 15:08:52.703331+00:00,2026-09-25 15:08:52.704331+00:00,2026-09-25 15:08:52.717332+00:00,2026-09-25 15:08:52.706331+00:00,2026-09-25 15:08:52.707331+00:00,2026-09-25 15:08:52.709331+00:00,2026-09-25 15:08:52.710331+00:00,2026-09-25 15:08:52.699331+00:00,2026-09-25 15:08:52.700331+00:00,2026-09-25 15:08:52.713331+00:00,2026-09-25 15:08:52.714332+00:00,2026-09-25 15:08:52.715332+00:00,2026-09-25 15:08:52.716332+00:00,2026-09-25 15:08:52.718332+00:00,2026-09-25 15:08:52.719332+00:00,2026-09-25 15:08:52.720332+00:00,2026-09-25 15:08:52.721332+00:00,2026-09-25 15:08:52.722332+00:00,2026-09-25 15:08:52.723332+00:00,2026-09-25 15:08:52.724332+00:00,2026-09-25 15:08:52.725332+00:00,2026-09-25 15:08:52.726332+00:00,2026-09-25 15:08:52.726332+00:00,0.371182,2.6940961576800597,181.86810747084903,False,True,True,False,True,False,True,False,False,True,True,True,False,False,False,True
27,2026-09-25 13:39:48.133456+00:00,2026-09-25 15:08:53.092353+00:00,93.005,False,True,False,False,True,False,True,False,True,False,True,False,False,False,False,False,False,False,False,False,False,False,False,True,True,False,False,True,False,True,False,False,False,False,False,False,False,False,False,False,True,True,False,True,False,False,False,False,False,False,False,False,False,False,False,True,False,False,True,False,True,True,False,True,False,False,False,False,True,False,True,False,False,False,True,False,False,False,False,0,0,0,0,2026-09-25 15:08:53.007348+00:00,2026-09-25 15:08:53.008348+00:00,2026-09-25 15:08:53.009348+00:00,2026-09-25 15:08:52.999348+00:00,2026-09-25 15:08:53.011349+00:00,2026-09-25 15:08:53.001348+00:00,2026-09-25 15:08:53.013349+00:00,2026-09-25 15:08:53.014349+00:00,2026-09-25 15:08:53.015349+00:00,2026-09-25 15:08:53.016349+00:00,2026-09-25 15:08:53.017349+00:00,2026-09-25 15:08:53.018349+00:00,2026-09-25 15:08:53.020349+00:00,2026-09-25 15:08:53.021349+00:00,2026-09-25 15:08:53.022349+00:00,2026-09-25 15:08:53.023349+00:00,2026-09-25 15:08:53.024349+00:00,2026-09-25 15:08:53.025349+00:00,2026-09-25 15:08:53.026349+00:00,2026-09-25 15:08:53.027349+00:00,2026-09-25 15:08:53.028349+00:00,2026-09-25 15:08:53.029350+00:00,2026-09-25 15:08:53.030350+00:00,2026-09-25 15:08:53.031350+00:00,2026-09-25 15:08:53.032350+00:00,2026-09-25 15:08:53.033350+00:00,2026-09-25 15:08:53.034350+00:00,2026-09-25 15:08:53.035350+00:00,2026-09-25 15:08:53.036350+00:00,2026-09-25 15:08:53.037350+00:00,2026-09-25 15:08:53.038350+00:00,2026-09-25 15:08:53.039350+00:00,2026-09-25 15:08:53.040350+00:00,2026-09-25 15:08:53.041350+00:00,2026-09-25 15:08:53.042350+00:00,2026-09-25 15:08:53.043350+00:00,2026-09-25 15:08:53.044350+00:00,2026-09-25 15:08:53.045350+00:00,2026-09-25 15:08:53.046351+00:00,2026-09-25 15:08:53.047351+00:00,2026-09-25 15:08:53.048351+00:00,2026-09-25 15:08:53.061351+00:00,2026-09-25 15:08:53.051351+00:00,2026-09-25 15:08:53.052351+00:00,2026-09-25 15:08:53.053351+00:00,2026-09-25 15:08:53.054351+00:00,2026-09-25 15:08:53.055351+00:00,2026-09-25 15:08:53.056351+00:00,2026-09-25 15:08:53.057351+00:00,2026-09-25 15:08:53.058351+00:00,2026-09-25 15:08:53.059351+00:00,2026-09-25 15:08:53.060351+00:00,2026-09-25 15:08:53.050351+00:00,2026-09-25 15:08:53.062351+00:00,2026-09-25 15:08:53.063351+00:00,2026-09-25 15:08:53.064352+00:00,2026-09-25 15:08:53.065352+00:00,2026-09-25 15:08:53.066352+00:00,2026-09-25 15:08:53.067352+00:00,2026-09-25 15:08:53.068352+00:00,2026-09-25 15:08:53.069352+00:00,2026-09-25 15:08:53.070352+00:00,2026-09-25 15:08:53.071352+00:00,2026-09-25 15:08:53.072352+00:00,2026-09-25 15:08:53.073352+00:00,2026-09-25 15:08:53.074352+00:00,2026-09-25 15:08:53.075352+00:00,2026-09-25 15:08:53.076352+00:00,2026-09-25 15:08:53.077352+00:00,2026-09-25 15:08:53.078352+00:00,2026-09-25 15:08:53.091353+00:00,2026-09-25 15:08:53.080352+00:00,2026-09-25 15:08:53.081353+00:00,2026-09-25 15:08:53.083353+00:00,2026-09-25 15:08:53.084353+00:00,2026-09-25 15:08:53.085353+00:00,2026-09-25 15:08:53.086353+00:00,2026-09-25 15:08:53.087353+00:00,2026-09-25 15:08:53.088353+00:00,2026-09-25 15:08:53.089353+00:00,2026-09-25 15:08:53.090353+00:00,2026-09-25 15:08:53.079352+00:00,2026-09-25 15:08:53.092353+00:00,2026-09-25 15:08:53.092353+00:00,0.365445,2.7363898808302207,181.90561152533186,False,False,True,False,True,False,True,True,False,True,True,True,False,False,False,True
28,2026-09-25 13:39:48.558758+00:00,2026-09-25 15:08:53.485376+00:00,93.006,False,False,False,False,True,False,True,False,True,False,True,False,False,False,False,False,False,False,False,False,False,False,False,True,True,False,False,True,False,True,False,False,False,False,False,False,False,False,False,False,True,True,False,True,False,False,False,False,False,False,False,False,False,False,False,True,False,False,False,False,True,True,False,True,False,False,False,False,True,True,True,False,False,False,True,False,False,False,False,0,0,0,0,2026-09-25 15:08:53.392370+00:00,2026-09-25 15:08:53.407371+00:00,2026-09-25 15:08:53.408371+00:00,2026-09-25 15:08:53.397371+00:00,2026-09-25 15:08:53.399371+00:00,2026-09-25 15:08:53.400371+00:00,2026-09-25 15:08:53.401371+00:00,2026-09-25 15:08:53.402371+00:00,2026-09-25 15:08:53.403371+00:00,2026-09-25 15:08:53.404371+00:00,2026-09-25 15:08:53.405371+00:00,2026-09-25 15:08:53.406371+00:00,2026-09-25 15:08:53.394370+00:00,2026-09-25 15:08:53.396371+00:00,2026-09-25 15:08:53.409371+00:00,2026-09-25 15:08:53.422372+00:00,2026-09-25 15:08:53.412371+00:00,2026-09-25 15:08:53.413372+00:00,2026-09-25 15:08:53.414372+00:00,2026-09-25 15:08:53.415372+00:00,2026-09-25 15:08:53.416372+00:00,2026-09-25 15:08:53.417372+00:00,2026-09-25 15:08:53.418372+00:00,2026-09-25 15:08:53.419372+00:00,2026-09-25 15:08:53.420372+00:00,2026-09-25 15:08:53.421372+00:00,2026-09-25 15:08:53.411371+00:00,2026-09-25 15:08:53.423372+00:00,2026-09-25 15:08:53.439373+00:00,2026-09-25 15:08:53.440373+00:00,2026-09-25 15:08:53.429372+00:00,2026-09-25 15:08:53.431373+00:00,2026-09-25 15:08:53.432373+00:00,2026-09-25 15:08:53.433373+00:00,2026-09-25 15:08:53.434373+00:00,2026-09-25 15:08:53.435373+00:00,2026-09-25 15:08:53.436373+00:00,2026-09-25 15:08:53.437373+00:00,2026-09-25 15:08:53.438373+00:00,2026-09-25 15:08:53.425372+00:00,2026-09-25 15:08:53.427372+00:00,2026-09-25 15:08:53.441373+00:00,2026-09-25 15:08:53.442373+00:00,2026-09-25 15:08:53.443373+00:00,2026-09-25 15:08:53.444373+00:00,2026-09-25 15:08:53.445373+00:00,2026-09-25 15:08:53.446373+00:00,2026-09-25 15:08:53.447373+00:00,2026-09-25 15:08:53.448374+00:00,2026-09-25 15:08:53.449374+00:00,2026-09-25 15:08:53.450374+00:00,2026-09-25 15:08:53.451374+00:00,2026-09-25 15:08:53.452374+00:00,2026-09-25 15:08:53.453374+00:00,2026-09-25 15:08:53.454374+00:00,2026-09-25 15:08:53.468375+00:00,2026-09-25 15:08:53.457374+00:00,2026-09-25 15:08:53.458374+00:00,2026-09-25 15:08:53.459374+00:00,2026-09-25 15:08:53.460374+00:00,2026-09-25 15:08:53.461374+00:00,2026-09-25 15:08:53.462374+00:00,2026-09-25 15:08:53.463374+00:00,2026-09-25 15:08:53.464374+00:00,2026-09-25 15:08:53.465374+00:00,2026-09-25 15:08:53.467375+00:00,2026-09-25 15:08:53.456374+00:00,2026-09-25 15:08:53.469375+00:00,2026-09-25 15:08:53.470375+00:00,2026-09-25 15:08:53.483376+00:00,2026-09-25 15:08:53.473375+00:00,2026-09-25 15:08:53.474375+00:00,2026-09-25 15:08:53.475375+00:00,2026-09-25 15:08:53.476375+00:00,2026-09-25 15:08:53.477375+00:00,2026-09-25 15:08:53.478375+00:00,2026-09-25 15:08:53.479375+00:00,2026-09-25 15:08:53.480375+00:00,2026-09-25 15:08:53.481375+00:00,2026-09-25 15:08:53.482375+00:00,2026-09-25 15:08:53.472375+00:00,2026-09-25 15:08:53.484376+00:00,2026-09-25 15:08:53.485376+00:00,2026-09-25 15:08:53.485376+00:00,0.425302,2.351270391392469,181.94236713939057,False,False,True,False,True,False,True,False,False,True,True,True,False,False,False,True
29,2026-09-25 13:39:49.028023+00:00,2026-09-25 15:08:53.897399+00:00,106.006,False,False,False,False,True,False,True,False,True,False,True,False,False,False,False,False,False,False,False,False,False,False,False,True,True,False,False,True,False,True,False,False,False,False,False,False,False,False,False,False,True,True,False,True,False,False,False,False,False,False,False,False,False,False,False,True,False,False,False,False,True,True,False,True,False,False,False,False,False,True,True,False,False,False,True,False,False,False,False,0,0,0,0,2026-09-25 15:08:53.791393+00:00,2026-09-25 15:08:53.799394+00:00,2026-09-25 15:08:53.801394+00:00,2026-09-25 15:08:53.803394+00:00,2026-09-25 15:08:53.804394+00:00,2026-09-25 15:08:53.805394+00:00,2026-09-25 15:08:53.806394+00:00,2026-09-25 15:08:53.807394+00:00,2026-09-25 15:08:53.808394+00:00,2026-09-25 15:08:53.821395+00:00,2026-09-25 15:08:53.811394+00:00,2026-09-25 15:08:53.812394+00:00,2026-09-25 15:08:53.813394+00:00,2026-09-25 15:08:53.814394+00:00,2026-09-25 15:08:53.815395+00:00,2026-09-25 15:08:53.816395+00:00,2026-09-25 15:08:53.817395+00:00,2026-09-25 15:08:53.818395+00:00,2026-09-25 15:08:53.819395+00:00,2026-09-25 15:08:53.820395+00:00,2026-09-25 15:08:53.810394+00:00,2026-09-25 15:08:53.822395+00:00,2026-09-25 15:08:53.823395+00:00,2026-09-25 15:08:53.824395+00:00,2026-09-25 15:08:53.825395+00:00,2026-09-25 15:08:53.826395+00:00,2026-09-25 15:08:53.827395+00:00,2026-09-25 15:08:53.828395+00:00,2026-09-25 15:08:53.830395+00:00,2026-09-25 15:08:53.832395+00:00,2026-09-25 15:08:53.833396+00:00,2026-09-25 15:08:53.834396+00:00,2026-09-25 15:08:53.835396+00:00,2026-09-25 15:08:53.836396+00:00,2026-09-25 15:08:53.837396+00:00,2026-09-25 15:08:53.838396+00:00,2026-09-25 15:08:53.839396+00:00,2026-09-25 15:08:53.840396+00:00,2026-09-25 15:08:53.841396+00:00,2026-09-25 15:08:53.842396+00:00,2026-09-25 15:08:53.843396+00:00,2026-09-25 15:08:53.844396+00:00,2026-09-25 15:08:53.860397+00:00,2026-09-25 15:08:53.848396+00:00,2026-09-25 15:08:53.849396+00:00,2026-09-25 15:08:53.850397+00:00,2026-09-25 15:08:53.852397+00:00,2026-09-25 15:08:53.853397+00:00,2026-09-25 15:08:53.854397+00:00,2026-09-25 15:08:53.855397+00:00,2026-09-25 15:08:53.856397+00:00,2026-09-25 15:08:53.857397+00:00,2026-09-25 15:08:53.858397+00:00,2026-09-25 15:08:53.846396+00:00,2026-09-25 15:08:53.861397+00:00,2026-09-25 15:08:53.875398+00:00,2026-09-25 15:08:53.864397+00:00,2026-09-25 15:08:53.865397+00:00,2026-09-25 15:08:53.866397+00:00,2026-09-25 15:08:53.867397+00:00,2026-09-25 15:08:53.868398+00:00,2026-09-25 15:08:53.883398+00:00,2026-09-25 15:08:53.871398+00:00,2026-09-25 15:08:53.872398+00:00,2026-09-25 15:08:53.873398+00:00,2026-09-25 15:08:53.874398+00:00,2026-09-25 15:08:53.863397+00:00,2026-09-25 15:08:53.890399+00:00,2026-09-25 15:08:53.878398+00:00,2026-09-25 15:08:53.879398+00:00,2026-09-25 15:08:53.880398+00:00,2026-09-25 15:08:53.881398+00:00,2026-09-25 15:08:53.870398+00:00,2026-09-25 15:08:53.884398+00:00,2026-09-25 15:08:53.885399+00:00,2026-09-25 15:08:53.886399+00:00,2026-09-25 15:08:53.887399+00:00,2026-09-25 15:08:53.888399+00:00,2026-09-25 15:08:53.877398+00:00,2026-09-25 15:08:53.891399+00:00,2026-09-25 15:08:53.893399+00:00,2026-09-25 15:08:53.895399+00:00,2026-09-25 15:08:53.897399+00:00,2026-09-25 15:08:53.897399+00:00,0.469265,2.1309920833644105,181.97697671383747,False,False,True,False,True,False,True,False,False,True,True,True,False,False,False,True
30,2026-09-25 13:39:49.455702+00:00,2026-09-25 15:08:54.417429+00:00,172.01,False,False,False,False,True,False,True,False,True,False,True,False,False,False,False,False,False,False,False,False,False,False,False,True,True,False,False,True,False,True,False,False,False,False,False,False,False,False,False,False,True,True,False,False,False,False,False,True,False,False,False,False,False,False,False,False,False,False,False,False,True,True,False,True,False,False,False,False,True,True,True,False,False,False,True,False,False,False,False,0,0,78,0,2026-09-25 15:08:54.245419+00:00,2026-09-25 15:08:54.253420+00:00,2026-09-25 15:08:54.256420+00:00,2026-09-25 15:08:54.257420+00:00,2026-09-25 15:08:54.259420+00:00,2026-09-25 15:08:54.261420+00:00,2026-09-25 15:08:54.263420+00:00,2026-09-25 15:08:54.265420+00:00,2026-09-25 15:08:54.289422+00:00,2026-09-25 15:08:54.269420+00:00,2026-09-25 15:08:54.271421+00:00,2026-09-25 15:08:54.273421+00:00,2026-09-25 15:08:54.275421+00:00,2026-09-25 15:08:54.277421+00:00,2026-09-25 15:08:54.279421+00:00,2026-09-25 15:08:54.281421+00:00,2026-09-25 15:08:54.305423+00:00,2026-09-25 15:08:54.285421+00:00,2026-09-25 15:08:54.287422+00:00,2026-09-25 15:08:54.267420+00:00,2026-09-25 15:08:54.291422+00:00,2026-09-25 15:08:54.293422+00:00,2026-09-25 15:08:54.295422+00:00,2026-09-25 15:08:54.297422+00:00,2026-09-25 15:08:54.321423+00:00,2026-09-25 15:08:54.301422+00:00,2026-09-25 15:08:54.303422+00:00,2026-09-25 15:08:54.283421+00:00,2026-09-25 15:08:54.307423+00:00,2026-09-25 15:08:54.331424+00:00,2026-09-25 15:08:54.311423+00:00,2026-09-25 15:08:54.313423+00:00,2026-09-25 15:08:54.315423+00:00,2026-09-25 15:08:54.317423+00:00,2026-09-25 15:08:54.319423+00:00,2026-09-25 15:08:54.299422+00:00,2026-09-25 15:08:54.323424+00:00,2026-09-25 15:08:54.325424+00:00,2026-09-25 15:08:54.327424+00:00,2026-09-25 15:08:54.329424+00:00,2026-09-25 15:08:54.309423+00:00,2026-09-25 15:08:54.333424+00:00,2026-09-25 15:08:54.335424+00:00,2026-09-25 15:08:54.337424+00:00,2026-09-25 15:08:54.339424+00:00,2026-09-25 15:08:54.341425+00:00,2026-09-25 15:08:54.343425+00:00,2026-09-25 15:08:54.345425+00:00,2026-09-25 15:08:54.347425+00:00,2026-09-25 15:08:54.349425+00:00,2026-09-25 15:08:54.351425+00:00,2026-09-25 15:08:54.353425+00:00,2026-09-25 15:08:54.355425+00:00,2026-09-25 15:08:54.357426+00:00,2026-09-25 15:08:54.359426+00:00,2026-09-25 15:08:54.383427+00:00,2026-09-25 15:08:54.385427+00:00,2026-09-25 15:08:54.365426+00:00,2026-09-25 15:08:54.367426+00:00,2026-09-25 15:08:54.369426+00:00,2026-09-25 15:08:54.371426+00:00,2026-09-25 15:08:54.373426+00:00,2026-09-25 15:08:54.375427+00:00,2026-09-25 15:08:54.377427+00:00,2026-09-25 15:08:54.379427+00:00,2026-09-25 15:08:54.381427+00:00,2026-09-25 15:08:54.361426+00:00,2026-09-25 15:08:54.363426+00:00,2026-09-25 15:08:54.387427+00:00,2026-09-25 15:08:54.389427+00:00,2026-09-25 15:08:54.391427+00:00,2026-09-25 15:08:54.393428+00:00,2026-09-25 15:08:54.395428+00:00,2026-09-25 15:08:54.397428+00:00,2026-09-25 15:08:54.399428+00:00,2026-09-25 15:08:54.401428+00:00,2026-09-25 15:08:54.403428+00:00,2026-09-25 15:08:54.405428+00:00,2026-09-25 15:08:54.408428+00:00,2026-09-25 15:08:54.411429+00:00,2026-09-25 15:08:54.413429+00:00,2026-09-25 15:08:54.415429+00:00,2026-09-25 15:08:54.417429+00:00,2026-09-25 15:08:54.417429+00:00,0.427679,2.338202249818205,182.01492548167022,False,True,True,False,True,False,True,False,False,True,True,True,False,False,False,True
31,2026-09-25 13:39:49.826436+00:00,2026-09-25 15:08:54.776449+00:00,102.005,False,False,False,False,True,False,True,False,True,False,True,False,False,False,False,False,False,False,False,False,False,False,False,True,True,False,False,True,False,True,False,False,False,False,False,False,False,False,False,False,True,True,False,False,False,False,False,True,False,False,False,False,False,False,True,True,False,False,False,False,True,True,False,True,False,False,False,False,True,True,True,False,False,False,True,False,False,False,False,8,0,0,0,2026-09-25 15:08:54.674444+00:00,2026-09-25 15:08:54.694445+00:00,2026-09-25 15:08:54.695445+00:00,2026-09-25 15:08:54.696445+00:00,2026-09-25 15:08:54.697445+00:00,2026-09-25 15:08:54.709446+00:00,2026-09-25 15:08:54.699445+00:00,2026-09-25 15:08:54.700445+00:00,2026-09-25 15:08:54.701445+00:00,2026-09-25 15:08:54.702445+00:00,2026-09-25 15:08:54.714446+00:00,2026-09-25 15:08:54.704445+00:00,2026-09-25 15:08:54.705445+00:00,2026-09-25 15:08:54.706445+00:00,2026-09-25 15:08:54.707446+00:00,2026-09-25 15:08:54.708446+00:00,2026-09-25 15:08:54.698445+00:00,2026-09-25 15:08:54.710446+00:00,2026-09-25 15:08:54.711446+00:00,2026-09-25 15:08:54.712446+00:00,2026-09-25 15:08:54.713446+00:00,2026-09-25 15:08:54.715446+00:00,2026-09-25 15:08:54.716446+00:00,2026-09-25 15:08:54.717446+00:00,2026-09-25 15:08:54.718446+00:00,2026-09-25 15:08:54.719446+00:00,2026-09-25 15:08:54.720446+00:00,2026-09-25 15:08:54.721446+00:00,2026-09-25 15:08:54.722446+00:00,2026-09-25 15:08:54.723446+00:00,2026-09-25 15:08:54.724447+00:00,2026-09-25 15:08:54.725447+00:00,2026-09-25 15:08:54.726447+00:00,2026-09-25 15:08:54.727447+00:00,2026-09-25 15:08:54.739447+00:00,2026-09-25 15:08:54.729447+00:00,2026-09-25 15:08:54.730447+00:00,2026-09-25 15:08:54.731447+00:00,2026-09-25 15:08:54.732447+00:00,2026-09-25 15:08:54.733447+00:00,2026-09-25 15:08:54.734447+00:00,2026-09-25 15:08:54.735447+00:00,2026-09-25 15:08:54.736447+00:00,2026-09-25 15:08:54.737447+00:00,2026-09-25 15:08:54.738447+00:00,2026-09-25 15:08:54.728447+00:00,2026-09-25 15:08:54.740447+00:00,2026-09-25 15:08:54.741447+00:00,2026-09-25 15:08:54.742448+00:00,2026-09-25 15:08:54.743448+00:00,2026-09-25 15:08:54.744448+00:00,2026-09-25 15:08:54.745448+00:00,2026-09-25 15:08:54.746448+00:00,2026-09-25 15:08:54.747448+00:00,2026-09-25 15:08:54.748448+00:00,2026-09-25 15:08:54.749448+00:00,2026-09-25 15:08:54.761449+00:00,2026-09-25 15:08:54.751448+00:00,2026-09-25 15:08:54.752448+00:00,2026-09-25 15:08:54.753448+00:00,2026-09-25 15:08:54.754448+00:00,2026-09-25 15:08:54.755448+00:00,2026-09-25 15:08:54.767449+00:00,2026-09-25 15:08:54.768449+00:00,2026-09-25 15:08:54.758448+00:00,2026-09-25 15:08:54.759449+00:00,2026-09-25 15:08:54.760449+00:00,2026-09-25 15:08:54.750448+00:00,2026-09-25 15:08:54.762449+00:00,2026-09-25 15:08:54.763449+00:00,2026-09-25 15:08:54.764449+00:00,2026-09-25 15:08:54.776449+00:00,2026-09-25 15:08:54.766449+00:00,2026-09-25 15:08:54.756448+00:00,2026-09-25 15:08:54.757448+00:00,2026-09-25 15:08:54.769449+00:00,2026-09-25 15:08:54.770449+00:00,2026-09-25 15:08:54.771449+00:00,2026-09-25 15:08:54.772449+00:00,2026-09-25 15:08:54.773449+00:00,2026-09-25 15:08:54.774449+00:00,2026-09-25 15:08:54.775449+00:00,2026-09-25 15:08:54.765449+00:00,2026-09-25 15:08:54.776449+00:00,0.370734,2.6973517400616074,182.03740552228663,False,True,True,False,True,False,True,False,False,True,True,True,False,False,False,True
32,2026-09-25 13:39:50.281721+00:00,2026-09-25 15:08:55.244476+00:00,83.00399999999999,True,False,False,False,True,False,True,False,True,False,False,False,False,False,False,False,False,False,False,False,False,False,False,True,True,False,False,True,False,True,False,False,False,False,False,False,False,False,False,False,True,True,False,False,False,False,True,False,False,False,False,False,True,True,False,True,False,False,False,False,True,True,False,True,False,False,False,False,False,True,True,False,False,False,True,False,False,False,False,0,0,0,0,2026-09-25 15:08:55.161472+00:00,2026-09-25 15:08:55.165472+00:00,2026-09-25 15:08:55.163472+00:00,2026-09-25 15:08:55.164472+00:00,2026-09-25 15:08:55.162472+00:00,2026-09-25 15:08:55.166472+00:00,2026-09-25 15:08:55.167472+00:00,2026-09-25 15:08:55.168472+00:00,2026-09-25 15:08:55.169472+00:00,2026-09-25 15:08:55.170472+00:00,2026-09-25 15:08:55.182473+00:00,2026-09-25 15:08:55.172472+00:00,2026-09-25 15:08:55.173472+00:00,2026-09-25 15:08:55.174472+00:00,2026-09-25 15:08:55.175472+00:00,2026-09-25 15:08:55.176472+00:00,2026-09-25 15:08:55.177472+00:00,2026-09-25 15:08:55.178472+00:00,2026-09-25 15:08:55.179473+00:00,2026-09-25 15:08:55.180473+00:00,2026-09-25 15:08:55.181473+00:00,2026-09-25 15:08:55.171472+00:00,2026-09-25 15:08:55.183473+00:00,2026-09-25 15:08:55.184473+00:00,2026-09-25 15:08:55.185473+00:00,2026-09-25 15:08:55.186473+00:00,2026-09-25 15:08:55.187473+00:00,2026-09-25 15:08:55.188473+00:00,2026-09-25 15:08:55.189473+00:00,2026-09-25 15:08:55.190473+00:00,2026-09-25 15:08:55.191473+00:00,2026-09-25 15:08:55.192473+00:00,2026-09-25 15:08:55.193473+00:00,2026-09-25 15:08:55.194473+00:00,2026-09-25 15:08:55.195473+00:00,2026-09-25 15:08:55.196474+00:00,2026-09-25 15:08:55.197474+00:00,2026-09-25 15:08:55.198474+00:00,2026-09-25 15:08:55.199474+00:00,2026-09-25 15:08:55.200474+00:00,2026-09-25 15:08:55.212474+00:00,2026-09-25 15:08:55.202474+00:00,2026-09-25 15:08:55.203474+00:00,2026-09-25 15:08:55.204474+00:00,2026-09-25 15:08:55.217475+00:00,2026-09-25 15:08:55.206474+00:00,2026-09-25 15:08:55.207474+00:00,2026-09-25 15:08:55.208474+00:00,2026-09-25 15:08:55.209474+00:00,2026-09-25 15:08:55.210474+00:00,2026-09-25 15:08:55.211474+00:00,2026-09-25 15:08:55.201474+00:00,2026-09-25 15:08:55.213474+00:00,2026-09-25 15:08:55.215475+00:00,2026-09-25 15:08:55.216475+00:00,2026-09-25 15:08:55.205474+00:00,2026-09-25 15:08:55.218475+00:00,2026-09-25 15:08:55.219475+00:00,2026-09-25 15:08:55.220475+00:00,2026-09-25 15:08:55.221475+00:00,2026-09-25 15:08:55.222475+00:00,2026-09-25 15:08:55.223475+00:00,2026-09-25 15:08:55.224475+00:00,2026-09-25 15:08:55.225475+00:00,2026-09-25 15:08:55.226475+00:00,2026-09-25 15:08:55.227475+00:00,2026-09-25 15:08:55.228475+00:00,2026-09-25 15:08:55.229475+00:00,2026-09-25 15:08:55.230475+00:00,2026-09-25 15:08:55.231476+00:00,2026-09-25 15:08:55.232476+00:00,2026-09-25 15:08:55.233476+00:00,2026-09-25 15:08:55.234476+00:00,2026-09-25 15:08:55.235476+00:00,2026-09-25 15:08:55.236476+00:00,2026-09-25 15:08:55.237476+00:00,2026-09-25 15:08:55.238476+00:00,2026-09-25 15:08:55.239476+00:00,2026-09-25 15:08:55.240476+00:00,2026-09-25 15:08:55.241476+00:00,2026-09-25 15:08:55.242476+00:00,2026-09-25 15:08:55.243476+00:00,2026-09-25 15:08:55.244476+00:00,2026-09-25 15:08:55.244476+00:00,0.455285,2.1964264142240575,182.0621865423007,False,True,False,False,True,False,True,False,False,True,True,True,False,False,False,True
33,2026-09-25 13:39:50.637162+00:00,2026-09-25 15:08:55.593496+00:00,89.005,True,False,False,False,True,False,True,False,True,False,False,False,False,False,False,False,False,False,False,False,False,False,False,True,True,False,False,True,False,True,False,False,False,False,False,False,False,False,False,False,True,True,False,False,False,False,True,False,False,False,False,False,True,True,False,False,False,False,False,False,True,True,False,True,False,False,False,False,False,True,True,False,False,False,True,False,False,False,False,0,0,0,0,2026-09-25 15:08:55.504491+00:00,2026-09-25 15:08:55.512492+00:00,2026-09-25 15:08:55.518492+00:00,2026-09-25 15:08:55.525492+00:00,2026-09-25 15:08:55.515492+00:00,2026-09-25 15:08:55.516492+00:00,2026-09-25 15:08:55.517492+00:00,2026-09-25 15:08:55.513492+00:00,2026-09-25 15:08:55.519492+00:00,2026-09-25 15:08:55.520492+00:00,2026-09-25 15:08:55.521492+00:00,2026-09-25 15:08:55.522492+00:00,2026-09-25 15:08:55.523492+00:00,2026-09-25 15:08:55.524492+00:00,2026-09-25 15:08:55.514492+00:00,2026-09-25 15:08:55.526492+00:00,2026-09-25 15:08:55.527492+00:00,2026-09-25 15:08:55.528492+00:00,2026-09-25 15:08:55.529493+00:00,2026-09-25 15:08:55.530493+00:00,2026-09-25 15:08:55.531493+00:00,2026-09-25 15:08:55.543493+00:00,2026-09-25 15:08:55.533493+00:00,2026-09-25 15:08:55.534493+00:00,2026-09-25 15:08:55.535493+00:00,2026-09-25 15:08:55.536493+00:00,2026-09-25 15:08:55.537493+00:00,2026-09-25 15:08:55.538493+00:00,2026-09-25 15:08:55.539493+00:00,2026-09-25 15:08:55.540493+00:00,2026-09-25 15:08:55.541493+00:00,2026-09-25 15:08:55.542493+00:00,2026-09-25 15:08:55.532493+00:00,2026-09-25 15:08:55.544493+00:00,2026-09-25 15:08:55.545493+00:00,2026-09-25 15:08:55.546494+00:00,2026-09-25 15:08:55.547494+00:00,2026-09-25 15:08:55.548494+00:00,2026-09-25 15:08:55.549494+00:00,2026-09-25 15:08:55.550494+00:00,2026-09-25 15:08:55.551494+00:00,2026-09-25 15:08:55.552494+00:00,2026-09-25 15:08:55.553494+00:00,2026-09-25 15:08:55.554494+00:00,2026-09-25 15:08:55.555494+00:00,2026-09-25 15:08:55.556494+00:00,2026-09-25 15:08:55.557494+00:00,2026-09-25 15:08:55.558494+00:00,2026-09-25 15:08:55.559494+00:00,2026-09-25 15:08:55.560494+00:00,2026-09-25 15:08:55.561494+00:00,2026-09-25 15:08:55.562494+00:00,2026-09-25 15:08:55.563494+00:00,2026-09-25 15:08:55.564495+00:00,2026-09-25 15:08:55.565495+00:00,2026-09-25 15:08:55.566495+00:00,2026-09-25 15:08:55.567495+00:00,2026-09-25 15:08:55.568495+00:00,2026-09-25 15:08:55.569495+00:00,2026-09-25 15:08:55.570495+00:00,2026-09-25 15:08:55.571495+00:00,2026-09-25 15:08:55.572495+00:00,2026-09-25 15:08:55.573495+00:00,2026-09-25 15:08:55.574495+00:00,2026-09-25 15:08:55.575495+00:00,2026-09-25 15:08:55.576495+00:00,2026-09-25 15:08:55.577495+00:00,2026-09-25 15:08:55.578495+00:00,2026-09-25 15:08:55.579495+00:00,2026-09-25 15:08:55.580495+00:00,2026-09-25 15:08:55.581496+00:00,2026-09-25 15:08:55.582496+00:00,2026-09-25 15:08:55.583496+00:00,2026-09-25 15:08:55.584496+00:00,2026-09-25 15:08:55.585496+00:00,2026-09-25 15:08:55.586496+00:00,2026-09-25 15:08:55.587496+00:00,2026-09-25 15:08:55.588496+00:00,2026-09-25 15:08:55.589496+00:00,2026-09-25 15:08:55.590496+00:00,2026-09-25 15:08:55.591496+00:00,2026-09-25 15:08:55.592496+00:00,2026-09-25 15:08:55.593496+00:00,2026-09-25 15:08:55.593496+00:00,0.355441,2.8134064443888014,182.0773687798165,False,True,False,False,True,False,True,False,False,True,True,True,False,False,False,True
34,2026-09-25 13:39:50.984834+00:00,2026-09-25 15:08:55.946516+00:00,90.005,True,False,False,False,True,False,True,False,True,False,False,False,False,False,False,False,False,False,False,False,False,False,False,True,True,False,False,True,False,True,False,False,False,False,False,False,False,False,False,False,True,True,False,True,False,False,False,False,True,False,False,False,True,True,False,True,True,False,False,False,True,True,False,True,False,False,False,False,True,True,True,False,False,False,True,False,False,False,False,0,0,0,0,2026-09-25 15:08:55.856511+00:00,2026-09-25 15:08:55.865512+00:00,2026-09-25 15:08:55.866512+00:00,2026-09-25 15:08:55.867512+00:00,2026-09-25 15:08:55.868512+00:00,2026-09-25 15:08:55.869512+00:00,2026-09-25 15:08:55.870512+00:00,2026-09-25 15:08:55.871512+00:00,2026-09-25 15:08:55.872512+00:00,2026-09-25 15:08:55.873512+00:00,2026-09-25 15:08:55.874512+00:00,2026-09-25 15:08:55.875512+00:00,2026-09-25 15:08:55.876512+00:00,2026-09-25 15:08:55.877512+00:00,2026-09-25 15:08:55.878513+00:00,2026-09-25 15:08:55.879513+00:00,2026-09-25 15:08:55.891513+00:00,2026-09-25 15:08:55.892513+00:00,2026-09-25 15:08:55.882513+00:00,2026-09-25 15:08:55.883513+00:00,2026-09-25 15:08:55.884513+00:00,2026-09-25 15:08:55.885513+00:00,2026-09-25 15:08:55.886513+00:00,2026-09-25 15:08:55.887513+00:00,2026-09-25 15:08:55.888513+00:00,2026-09-25 15:08:55.900514+00:00,2026-09-25 15:08:55.901514+00:00,2026-09-25 15:08:55.880513+00:00,2026-09-25 15:08:55.881513+00:00,2026-09-25 15:08:55.893513+00:00,2026-09-25 15:08:55.894513+00:00,2026-09-25 15:08:55.895513+00:00,2026-09-25 15:08:55.896514+00:00,2026-09-25 15:08:55.897514+00:00,2026-09-25 15:08:55.898514+00:00,2026-09-25 15:08:55.899514+00:00,2026-09-25 15:08:55.889513+00:00,2026-09-25 15:08:55.890513+00:00,2026-09-25 15:08:55.902514+00:00,2026-09-25 15:08:55.903514+00:00,2026-09-25 15:08:55.915515+00:00,2026-09-25 15:08:55.905514+00:00,2026-09-25 15:08:55.906514+00:00,2026-09-25 15:08:55.907514+00:00,2026-09-25 15:08:55.908514+00:00,2026-09-25 15:08:55.909514+00:00,2026-09-25 15:08:55.910514+00:00,2026-09-25 15:08:55.911514+00:00,2026-09-25 15:08:55.912514+00:00,2026-09-25 15:08:55.913515+00:00,2026-09-25 15:08:55.914515+00:00,2026-09-25 15:08:55.904514+00:00,2026-09-25 15:08:55.916515+00:00,2026-09-25 15:08:55.917515+00:00,2026-09-25 15:08:55.918515+00:00,2026-09-25 15:08:55.919515+00:00,2026-09-25 15:08:55.942516+00:00,2026-09-25 15:08:55.932516+00:00,2026-09-25 15:08:55.922515+00:00,2026-09-25 15:08:55.923515+00:00,2026-09-25 15:08:55.924515+00:00,2026-09-25 15:08:55.925515+00:00,2026-09-25 15:08:55.937516+00:00,2026-09-25 15:08:55.927515+00:00,2026-09-25 15:08:55.928515+00:00,2026-09-25 15:08:55.929515+00:00,2026-09-25 15:08:55.930515+00:00,2026-09-25 15:08:55.920515+00:00,2026-09-25 15:08:55.921515+00:00,2026-09-25 15:08:55.933516+00:00,2026-09-25 15:08:55.934516+00:00,2026-09-25 15:08:55.935516+00:00,2026-09-25 15:08:55.936516+00:00,2026-09-25 15:08:55.926515+00:00,2026-09-25 15:08:55.938516+00:00,2026-09-25 15:08:55.939516+00:00,2026-09-25 15:08:55.940516+00:00,2026-09-25 15:08:55.941516+00:00,2026-09-25 15:08:55.931516+00:00,2026-09-25 15:08:55.943516+00:00,2026-09-25 15:08:55.944516+00:00,2026-09-25 15:08:55.945516+00:00,2026-09-25 15:08:55.946516+00:00,2026-09-25 15:08:55.946516+00:00,0.347672,2.8762741894659336,182.08989893445667,False,True,False,False,True,False,True,False,False,True,True,True,False,False,False,True
35,2026-09-25 13:39:51.329942+00:00,2026-09-25 15:08:56.293536+00:00,86.005,True,False,False,False,True,False,True,False,True,False,False,False,False,False,False,False,False,False,False,False,False,False,False,True,True,False,False,True,False,True,False,False,False,False,False,False,False,False,False,False,True,True,False,True,False,False,False,False,True,False,False,False,True,True,False,True,False,False,False,False,True,True,False,True,False,False,False,False,True,True,False,False,False,False,True,False,False,False,False,0,0,0,0,2026-09-25 15:08:56.207531+00:00,2026-09-25 15:08:56.212532+00:00,2026-09-25 15:08:56.220532+00:00,2026-09-25 15:08:56.214532+00:00,2026-09-25 15:08:56.215532+00:00,2026-09-25 15:08:56.216532+00:00,2026-09-25 15:08:56.217532+00:00,2026-09-25 15:08:56.218532+00:00,2026-09-25 15:08:56.219532+00:00,2026-09-25 15:08:56.213532+00:00,2026-09-25 15:08:56.221532+00:00,2026-09-25 15:08:56.222532+00:00,2026-09-25 15:08:56.223532+00:00,2026-09-25 15:08:56.224532+00:00,2026-09-25 15:08:56.225532+00:00,2026-09-25 15:08:56.226532+00:00,2026-09-25 15:08:56.227532+00:00,2026-09-25 15:08:56.228533+00:00,2026-09-25 15:08:56.229533+00:00,2026-09-25 15:08:56.230533+00:00,2026-09-25 15:08:56.231533+00:00,2026-09-25 15:08:56.232533+00:00,2026-09-25 15:08:56.244533+00:00,2026-09-25 15:08:56.245534+00:00,2026-09-25 15:08:56.235533+00:00,2026-09-25 15:08:56.236533+00:00,2026-09-25 15:08:56.237533+00:00,2026-09-25 15:08:56.238533+00:00,2026-09-25 15:08:56.239533+00:00,2026-09-25 15:08:56.240533+00:00,2026-09-25 15:08:56.241533+00:00,2026-09-25 15:08:56.242533+00:00,2026-09-25 15:08:56.243533+00:00,2026-09-25 15:08:56.233533+00:00,2026-09-25 15:08:56.234533+00:00,2026-09-25 15:08:56.246534+00:00,2026-09-25 15:08:56.247534+00:00,2026-09-25 15:08:56.259534+00:00,2026-09-25 15:08:56.249534+00:00,2026-09-25 15:08:56.250534+00:00,2026-09-25 15:08:56.251534+00:00,2026-09-25 15:08:56.252534+00:00,2026-09-25 15:08:56.253534+00:00,2026-09-25 15:08:56.254534+00:00,2026-09-25 15:08:56.255534+00:00,2026-09-25 15:08:56.289536+00:00,2026-09-25 15:08:56.257534+00:00,2026-09-25 15:08:56.258534+00:00,2026-09-25 15:08:56.248534+00:00,2026-09-25 15:08:56.260534+00:00,2026-09-25 15:08:56.283536+00:00,2026-09-25 15:08:56.262534+00:00,2026-09-25 15:08:56.263535+00:00,2026-09-25 15:08:56.275535+00:00,2026-09-25 15:08:56.265535+00:00,2026-09-25 15:08:56.266535+00:00,2026-09-25 15:08:56.256534+00:00,2026-09-25 15:08:56.279535+00:00,2026-09-25 15:08:56.269535+00:00,2026-09-25 15:08:56.270535+00:00,2026-09-25 15:08:56.271535+00:00,2026-09-25 15:08:56.261534+00:00,2026-09-25 15:08:56.284536+00:00,2026-09-25 15:08:56.274535+00:00,2026-09-25 15:08:56.264535+00:00,2026-09-25 15:08:56.287536+00:00,2026-09-25 15:08:56.277535+00:00,2026-09-25 15:08:56.267535+00:00,2026-09-25 15:08:56.268535+00:00,2026-09-25 15:08:56.280536+00:00,2026-09-25 15:08:56.281536+00:00,2026-09-25 15:08:56.282536+00:00,2026-09-25 15:08:56.272535+00:00,2026-09-25 15:08:56.273535+00:00,2026-09-25 15:08:56.285536+00:00,2026-09-25 15:08:56.286536+00:00,2026-09-25 15:08:56.276535+00:00,2026-09-25 15:08:56.288536+00:00,2026-09-25 15:08:56.278535+00:00,2026-09-25 15:08:56.290536+00:00,2026-09-25 15:08:56.291536+00:00,2026-09-25 15:08:56.292536+00:00,2026-09-25 15:08:56.293536+00:00,2026-09-25 15:08:56.293536+00:00,0.345108,2.897643636195046,182.09948874248687,False,True,False,False,True,False,True,False,True,True,True,True,False,False,False,True
36,2026-09-25 13:39:51.707076+00:00,2026-09-25 15:08:56.668558+00:00,115.007,True,False,False,False,True,False,True,False,True,False,False,False,False,False,False,False,False,False,False,False,False,False,False,True,True,False,False,True,False,True,False,False,True,False,False,False,False,False,False,False,True,True,False,True,True,False,False,False,False,True,True,False,True,True,False,True,True,True,False,False,True,True,False,True,False,False,False,False,True,True,True,False,False,False,True,False,False,False,False,0,8,0,9,2026-09-25 15:08:56.553551+00:00,2026-09-25 15:08:56.587553+00:00,2026-09-25 15:08:56.588553+00:00,2026-09-25 15:08:56.589553+00:00,2026-09-25 15:08:56.590553+00:00,2026-09-25 15:08:56.591553+00:00,2026-09-25 15:08:56.592553+00:00,2026-09-25 15:08:56.593553+00:00,2026-09-25 15:08:56.594553+00:00,2026-09-25 15:08:56.595554+00:00,2026-09-25 15:08:56.596554+00:00,2026-09-25 15:08:56.597554+00:00,2026-09-25 15:08:56.598554+00:00,2026-09-25 15:08:56.599554+00:00,2026-09-25 15:08:56.600554+00:00,2026-09-25 15:08:56.601554+00:00,2026-09-25 15:08:56.602554+00:00,2026-09-25 15:08:56.603554+00:00,2026-09-25 15:08:56.604554+00:00,2026-09-25 15:08:56.605554+00:00,2026-09-25 15:08:56.606554+00:00,2026-09-25 15:08:56.607554+00:00,2026-09-25 15:08:56.608554+00:00,2026-09-25 15:08:56.609554+00:00,2026-09-25 15:08:56.610554+00:00,2026-09-25 15:08:56.611554+00:00,2026-09-25 15:08:56.612555+00:00,2026-09-25 15:08:56.613555+00:00,2026-09-25 15:08:56.614555+00:00,2026-09-25 15:08:56.615555+00:00,2026-09-25 15:08:56.616555+00:00,2026-09-25 15:08:56.617555+00:00,2026-09-25 15:08:56.618555+00:00,2026-09-25 15:08:56.619555+00:00,2026-09-25 15:08:56.620555+00:00,2026-09-25 15:08:56.621555+00:00,2026-09-25 15:08:56.622555+00:00,2026-09-25 15:08:56.623555+00:00,2026-09-25 15:08:56.624555+00:00,2026-09-25 15:08:56.625555+00:00,2026-09-25 15:08:56.626555+00:00,2026-09-25 15:08:56.627555+00:00,2026-09-25 15:08:56.628555+00:00,2026-09-25 15:08:56.640556+00:00,2026-09-25 15:08:56.630556+00:00,2026-09-25 15:08:56.631556+00:00,2026-09-25 15:08:56.632556+00:00,2026-09-25 15:08:56.633556+00:00,2026-09-25 15:08:56.634556+00:00,2026-09-25 15:08:56.635556+00:00,2026-09-25 15:08:56.647557+00:00,2026-09-25 15:08:56.637556+00:00,2026-09-25 15:08:56.638556+00:00,2026-09-25 15:08:56.650557+00:00,2026-09-25 15:08:56.629555+00:00,2026-09-25 15:08:56.641556+00:00,2026-09-25 15:08:56.642556+00:00,2026-09-25 15:08:56.643556+00:00,2026-09-25 15:08:56.644556+00:00,2026-09-25 15:08:56.645556+00:00,2026-09-25 15:08:56.646556+00:00,2026-09-25 15:08:56.636556+00:00,2026-09-25 15:08:56.648557+00:00,2026-09-25 15:08:56.649557+00:00,2026-09-25 15:08:56.639556+00:00,2026-09-25 15:08:56.651557+00:00,2026-09-25 15:08:56.652557+00:00,2026-09-25 15:08:56.653557+00:00,2026-09-25 15:08:56.654557+00:00,2026-09-25 15:08:56.655557+00:00,2026-09-25 15:08:56.656557+00:00,2026-09-25 15:08:56.657557+00:00,2026-09-25 15:08:56.658557+00:00,2026-09-25 15:08:56.659557+00:00,2026-09-25 15:08:56.660557+00:00,2026-09-25 15:08:56.661557+00:00,2026-09-25 15:08:56.662557+00:00,2026-09-25 15:08:56.663557+00:00,2026-09-25 15:08:56.664557+00:00,2026-09-25 15:08:56.665558+00:00,2026-09-25 15:08:56.666558+00:00,2026-09-25 15:08:56.667558+00:00,2026-09-25 15:08:56.668558+00:00,2026-09-25 15:08:56.668558+00:00,0.377134,2.651577423409186,182.1068692334336,True,True,False,False,True,False,True,False,False,True,True,True,False,False,False,True
37,2026-09-25 13:39:52.153919+00:00,2026-09-25 15:08:57.116583+00:00,90.005,True,False,False,False,True,False,True,False,True,False,False,False,False,False,False,False,False,False,False,False,False,False,False,True,True,True,False,True,False,True,False,False,True,False,False,False,False,False,False,False,True,True,False,True,False,False,False,False,False,True,True,False,True,True,False,True,True,True,False,False,True,True,False,True,False,False,False,False,False,True,True,False,False,False,True,False,False,False,False,0,100,0,110,2026-09-25 15:08:57.026578+00:00,2026-09-25 15:08:57.034579+00:00,2026-09-25 15:08:57.035579+00:00,2026-09-25 15:08:57.036579+00:00,2026-09-25 15:08:57.037579+00:00,2026-09-25 15:08:57.038579+00:00,2026-09-25 15:08:57.039579+00:00,2026-09-25 15:08:57.040579+00:00,2026-09-25 15:08:57.041579+00:00,2026-09-25 15:08:57.064580+00:00,2026-09-25 15:08:57.043579+00:00,2026-09-25 15:08:57.044579+00:00,2026-09-25 15:08:57.045579+00:00,2026-09-25 15:08:57.046579+00:00,2026-09-25 15:08:57.047579+00:00,2026-09-25 15:08:57.048579+00:00,2026-09-25 15:08:57.049579+00:00,2026-09-25 15:08:57.050580+00:00,2026-09-25 15:08:57.073581+00:00,2026-09-25 15:08:57.063580+00:00,2026-09-25 15:08:57.042579+00:00,2026-09-25 15:08:57.065580+00:00,2026-09-25 15:08:57.055580+00:00,2026-09-25 15:08:57.056580+00:00,2026-09-25 15:08:57.057580+00:00,2026-09-25 15:08:57.058580+00:00,2026-09-25 15:08:57.059580+00:00,2026-09-25 15:08:57.060580+00:00,2026-09-25 15:08:57.061580+00:00,2026-09-25 15:08:57.051580+00:00,2026-09-25 15:08:57.052580+00:00,2026-09-25 15:08:57.053580+00:00,2026-09-25 15:08:57.054580+00:00,2026-09-25 15:08:57.066580+00:00,2026-09-25 15:08:57.067581+00:00,2026-09-25 15:08:57.068581+00:00,2026-09-25 15:08:57.069581+00:00,2026-09-25 15:08:57.070581+00:00,2026-09-25 15:08:57.071581+00:00,2026-09-25 15:08:57.072581+00:00,2026-09-25 15:08:57.062580+00:00,2026-09-25 15:08:57.074581+00:00,2026-09-25 15:08:57.075581+00:00,2026-09-25 15:08:57.076581+00:00,2026-09-25 15:08:57.077581+00:00,2026-09-25 15:08:57.078581+00:00,2026-09-25 15:08:57.079581+00:00,2026-09-25 15:08:57.080581+00:00,2026-09-25 15:08:57.081581+00:00,2026-09-25 15:08:57.082581+00:00,2026-09-25 15:08:57.083581+00:00,2026-09-25 15:08:57.084581+00:00,2026-09-25 15:08:57.085582+00:00,2026-09-25 15:08:57.086582+00:00,2026-09-25 15:08:57.087582+00:00,2026-09-25 15:08:57.088582+00:00,2026-09-25 15:08:57.089582+00:00,2026-09-25 15:08:57.090582+00:00,2026-09-25 15:08:57.091582+00:00,2026-09-25 15:08:57.092582+00:00,2026-09-25 15:08:57.093582+00:00,2026-09-25 15:08:57.094582+00:00,2026-09-25 15:08:57.095582+00:00,2026-09-25 15:08:57.096582+00:00,2026-09-25 15:08:57.097582+00:00,2026-09-25 15:08:57.098582+00:00,2026-09-25 15:08:57.099582+00:00,2026-09-25 15:08:57.100582+00:00,2026-09-25 15:08:57.101582+00:00,2026-09-25 15:08:57.102583+00:00,2026-09-25 15:08:57.103583+00:00,2026-09-25 15:08:57.104583+00:00,2026-09-25 15:08:57.116583+00:00,2026-09-25 15:08:57.106583+00:00,2026-09-25 15:08:57.107583+00:00,2026-09-25 15:08:57.108583+00:00,2026-09-25 15:08:57.109583+00:00,2026-09-25 15:08:57.110583+00:00,2026-09-25 15:08:57.111583+00:00,2026-09-25 15:08:57.112583+00:00,2026-09-25 15:08:57.113583+00:00,2026-09-25 15:08:57.114583+00:00,2026-09-25 15:08:57.115583+00:00,2026-09-25 15:08:57.116583+00:00,0.446843,2.2379224917924194,182.11172099246227,True,True,False,False,True,False,True,False,False,True,True,True,False,False,False,False
38,2026-09-25 13:39:52.537489+00:00,2026-09-25 15:08:57.497605+00:00,115.006,True,False,False,False,True,False,True,False,True,False,False,False,False,False,False,False,False,False,False,False,False,False,False,True,False,True,False,True,False,True,False,False,False,False,False,False,True,False,False,False,True,False,False,True,False,False,False,False,False,True,True,False,True,True,False,True,False,False,False,False,True,True,False,True,False,False,False,False,False,True,True,False,False,False,True,False,False,False,False,0,175,0,193,2026-09-25 15:08:57.382599+00:00,2026-09-25 15:08:57.404600+00:00,2026-09-25 15:08:57.405600+00:00,2026-09-25 15:08:57.406600+00:00,2026-09-25 15:08:57.407600+00:00,2026-09-25 15:08:57.408600+00:00,2026-09-25 15:08:57.409600+00:00,2026-09-25 15:08:57.410600+00:00,2026-09-25 15:08:57.411600+00:00,2026-09-25 15:08:57.412600+00:00,2026-09-25 15:08:57.413600+00:00,2026-09-25 15:08:57.414600+00:00,2026-09-25 15:08:57.426601+00:00,2026-09-25 15:08:57.416600+00:00,2026-09-25 15:08:57.417601+00:00,2026-09-25 15:08:57.418601+00:00,2026-09-25 15:08:57.419601+00:00,2026-09-25 15:08:57.420601+00:00,2026-09-25 15:08:57.421601+00:00,2026-09-25 15:08:57.422601+00:00,2026-09-25 15:08:57.423601+00:00,2026-09-25 15:08:57.424601+00:00,2026-09-25 15:08:57.425601+00:00,2026-09-25 15:08:57.415600+00:00,2026-09-25 15:08:57.427601+00:00,2026-09-25 15:08:57.428601+00:00,2026-09-25 15:08:57.429601+00:00,2026-09-25 15:08:57.430601+00:00,2026-09-25 15:08:57.431601+00:00,2026-09-25 15:08:57.432601+00:00,2026-09-25 15:08:57.433601+00:00,2026-09-25 15:08:57.445602+00:00,2026-09-25 15:08:57.446602+00:00,2026-09-25 15:08:57.436602+00:00,2026-09-25 15:08:57.437602+00:00,2026-09-25 15:08:57.438602+00:00,2026-09-25 15:08:57.439602+00:00,2026-09-25 15:08:57.440602+00:00,2026-09-25 15:08:57.441602+00:00,2026-09-25 15:08:57.442602+00:00,2026-09-25 15:08:57.443602+00:00,2026-09-25 15:08:57.444602+00:00,2026-09-25 15:08:57.434602+00:00,2026-09-25 15:08:57.435602+00:00,2026-09-25 15:08:57.447602+00:00,2026-09-25 15:08:57.448602+00:00,2026-09-25 15:08:57.460603+00:00,2026-09-25 15:08:57.461603+00:00,2026-09-25 15:08:57.462603+00:00,2026-09-25 15:08:57.452603+00:00,2026-09-25 15:08:57.453603+00:00,2026-09-25 15:08:57.454603+00:00,2026-09-25 15:08:57.455603+00:00,2026-09-25 15:08:57.456603+00:00,2026-09-25 15:08:57.457603+00:00,2026-09-25 15:08:57.458603+00:00,2026-09-25 15:08:57.459603+00:00,2026-09-25 15:08:57.449602+00:00,2026-09-25 15:08:57.450602+00:00,2026-09-25 15:08:57.463603+00:00,2026-09-25 15:08:57.497605+00:00,2026-09-25 15:08:57.465603+00:00,2026-09-25 15:08:57.477604+00:00,2026-09-25 15:08:57.478604+00:00,2026-09-25 15:08:57.468603+00:00,2026-09-25 15:08:57.469604+00:00,2026-09-25 15:08:57.470604+00:00,2026-09-25 15:08:57.471604+00:00,2026-09-25 15:08:57.472604+00:00,2026-09-25 15:08:57.484604+00:00,2026-09-25 15:08:57.485604+00:00,2026-09-25 15:08:57.464603+00:00,2026-09-25 15:08:57.487605+00:00,2026-09-25 15:08:57.466603+00:00,2026-09-25 15:08:57.467603+00:00,2026-09-25 15:08:57.479604+00:00,2026-09-25 15:08:57.480604+00:00,2026-09-25 15:08:57.481604+00:00,2026-09-25 15:08:57.482604+00:00,2026-09-25 15:08:57.483604+00:00,2026-09-25 15:08:57.473604+00:00,2026-09-25 15:08:57.474604+00:00,2026-09-25 15:08:57.475604+00:00,2026-09-25 15:08:57.497605+00:00,0.38357,2.6070860599108374,182.1125465599664,True,True,False,False,True,False,True,False,False,True,True,True,False,False,True,False
39,2026-09-25 13:39:52.886749+00:00,2026-09-25 15:08:57.848625+00:00,86.005,True,False,False,False,True,False,True,False,True,False,False,False,False,False,False,False,False,False,False,False,False,False,False,True,False,True,False,True,False,True,False,False,False,False,False,False,True,False,False,False,True,False,True,True,False,False,False,False,False,True,True,False,True,True,False,True,True,True,False,False,True,True,False,True,False,False,False,False,True,True,True,False,False,False,True,False,False,False,False,0,252,0,278,2026-09-25 15:08:57.762620+00:00,2026-09-25 15:08:57.767621+00:00,2026-09-25 15:08:57.768621+00:00,2026-09-25 15:08:57.769621+00:00,2026-09-25 15:08:57.770621+00:00,2026-09-25 15:08:57.771621+00:00,2026-09-25 15:08:57.772621+00:00,2026-09-25 15:08:57.773621+00:00,2026-09-25 15:08:57.774621+00:00,2026-09-25 15:08:57.775621+00:00,2026-09-25 15:08:57.787622+00:00,2026-09-25 15:08:57.777621+00:00,2026-09-25 15:08:57.778621+00:00,2026-09-25 15:08:57.779621+00:00,2026-09-25 15:08:57.780621+00:00,2026-09-25 15:08:57.781621+00:00,2026-09-25 15:08:57.782621+00:00,2026-09-25 15:08:57.783621+00:00,2026-09-25 15:08:57.784622+00:00,2026-09-25 15:08:57.785622+00:00,2026-09-25 15:08:57.786622+00:00,2026-09-25 15:08:57.776621+00:00,2026-09-25 15:08:57.788622+00:00,2026-09-25 15:08:57.789622+00:00,2026-09-25 15:08:57.790622+00:00,2026-09-25 15:08:57.791622+00:00,2026-09-25 15:08:57.792622+00:00,2026-09-25 15:08:57.793622+00:00,2026-09-25 15:08:57.794622+00:00,2026-09-25 15:08:57.795622+00:00,2026-09-25 15:08:57.796622+00:00,2026-09-25 15:08:57.797622+00:00,2026-09-25 15:08:57.798622+00:00,2026-09-25 15:08:57.799622+00:00,2026-09-25 15:08:57.800622+00:00,2026-09-25 15:08:57.801623+00:00,2026-09-25 15:08:57.802623+00:00,2026-09-25 15:08:57.803623+00:00,2026-09-25 15:08:57.804623+00:00,2026-09-25 15:08:57.805623+00:00,2026-09-25 15:08:57.806623+00:00,2026-09-25 15:08:57.807623+00:00,2026-09-25 15:08:57.808623+00:00,2026-09-25 15:08:57.809623+00:00,2026-09-25 15:08:57.810623+00:00,2026-09-25 15:08:57.811623+00:00,2026-09-25 15:08:57.812623+00:00,2026-09-25 15:08:57.813623+00:00,2026-09-25 15:08:57.814623+00:00,2026-09-25 15:08:57.815623+00:00,2026-09-25 15:08:57.816623+00:00,2026-09-25 15:08:57.817623+00:00,2026-09-25 15:08:57.818623+00:00,2026-09-25 15:08:57.819624+00:00,2026-09-25 15:08:57.820624+00:00,2026-09-25 15:08:57.821624+00:00,2026-09-25 15:08:57.822624+00:00,2026-09-25 15:08:57.823624+00:00,2026-09-25 15:08:57.835624+00:00,2026-09-25 15:08:57.825624+00:00,2026-09-25 15:08:57.826624+00:00,2026-09-25 15:08:57.827624+00:00,2026-09-25 15:08:57.828624+00:00,2026-09-25 15:08:57.829624+00:00,2026-09-25 15:08:57.830624+00:00,2026-09-25 15:08:57.831624+00:00,2026-09-25 15:08:57.832624+00:00,2026-09-25 15:08:57.833624+00:00,2026-09-25 15:08:57.834624+00:00,2026-09-25 15:08:57.824624+00:00,2026-09-25 15:08:57.836625+00:00,2026-09-25 15:08:57.837625+00:00,2026-09-25 15:08:57.838625+00:00,2026-09-25 15:08:57.839625+00:00,2026-09-25 15:08:57.840625+00:00,2026-09-25 15:08:57.841625+00:00,2026-09-25 15:08:57.842625+00:00,2026-09-25 15:08:57.843625+00:00,2026-09-25 15:08:57.844625+00:00,2026-09-25 15:08:57.845625+00:00,2026-09-25 15:08:57.846625+00:00,2026-09-25 15:08:57.847625+00:00,2026-09-25 15:08:57.848625+00:00,2026-09-25 15:08:57.848625+00:00,0.34926,2.863196472541946,182.11070747077204,True,True,False,False,True,False,True,False,False,True,True,True,False,False,True,False
40,2026-09-25 13:39:53.423197+00:00,2026-09-25 15:08:58.386656+00:00,93.005,True,False,False,False,True,False,True,False,True,False,False,False,False,False,False,False,False,False,False,False,False,False,False,True,False,True,False,False,False,True,False,False,False,False,False,False,False,False,True,False,True,False,False,True,False,False,False,False,False,True,True,False,True,True,False,True,False,False,True,True,True,True,False,True,False,False,False,False,True,True,True,False,False,False,True,False,False,False,False,0,364,0,401,2026-09-25 15:08:58.293651+00:00,2026-09-25 15:08:58.305651+00:00,2026-09-25 15:08:58.306651+00:00,2026-09-25 15:08:58.307651+00:00,2026-09-25 15:08:58.308652+00:00,2026-09-25 15:08:58.309652+00:00,2026-09-25 15:08:58.310652+00:00,2026-09-25 15:08:58.311652+00:00,2026-09-25 15:08:58.312652+00:00,2026-09-25 15:08:58.313652+00:00,2026-09-25 15:08:58.314652+00:00,2026-09-25 15:08:58.315652+00:00,2026-09-25 15:08:58.316652+00:00,2026-09-25 15:08:58.317652+00:00,2026-09-25 15:08:58.318652+00:00,2026-09-25 15:08:58.319652+00:00,2026-09-25 15:08:58.320652+00:00,2026-09-25 15:08:58.321652+00:00,2026-09-25 15:08:58.322652+00:00,2026-09-25 15:08:58.323652+00:00,2026-09-25 15:08:58.335653+00:00,2026-09-25 15:08:58.325652+00:00,2026-09-25 15:08:58.326653+00:00,2026-09-25 15:08:58.327653+00:00,2026-09-25 15:08:58.328653+00:00,2026-09-25 15:08:58.329653+00:00,2026-09-25 15:08:58.330653+00:00,2026-09-25 15:08:58.331653+00:00,2026-09-25 15:08:58.332653+00:00,2026-09-25 15:08:58.333653+00:00,2026-09-25 15:08:58.334653+00:00,2026-09-25 15:08:58.324652+00:00,2026-09-25 15:08:58.336653+00:00,2026-09-25 15:08:58.337653+00:00,2026-09-25 15:08:58.349654+00:00,2026-09-25 15:08:58.339653+00:00,2026-09-25 15:08:58.340653+00:00,2026-09-25 15:08:58.341653+00:00,2026-09-25 15:08:58.342653+00:00,2026-09-25 15:08:58.343654+00:00,2026-09-25 15:08:58.344654+00:00,2026-09-25 15:08:58.345654+00:00,2026-09-25 15:08:58.346654+00:00,2026-09-25 15:08:58.347654+00:00,2026-09-25 15:08:58.348654+00:00,2026-09-25 15:08:58.338653+00:00,2026-09-25 15:08:58.350654+00:00,2026-09-25 15:08:58.351654+00:00,2026-09-25 15:08:58.352654+00:00,2026-09-25 15:08:58.353654+00:00,2026-09-25 15:08:58.354654+00:00,2026-09-25 15:08:58.355654+00:00,2026-09-25 15:08:58.356654+00:00,2026-09-25 15:08:58.357654+00:00,2026-09-25 15:08:58.358654+00:00,2026-09-25 15:08:58.359654+00:00,2026-09-25 15:08:58.360654+00:00,2026-09-25 15:08:58.361655+00:00,2026-09-25 15:08:58.362655+00:00,2026-09-25 15:08:58.363655+00:00,2026-09-25 15:08:58.375655+00:00,2026-09-25 15:08:58.365655+00:00,2026-09-25 15:08:58.366655+00:00,2026-09-25 15:08:58.367655+00:00,2026-09-25 15:08:58.368655+00:00,2026-09-25 15:08:58.369655+00:00,2026-09-25 15:08:58.370655+00:00,2026-09-25 15:08:58.371655+00:00,2026-09-25 15:08:58.372655+00:00,2026-09-25 15:08:58.373655+00:00,2026-09-25 15:08:58.374655+00:00,2026-09-25 15:08:58.364655+00:00,2026-09-25 15:08:58.376655+00:00,2026-09-25 15:08:58.377655+00:00,2026-09-25 15:08:58.378656+00:00,2026-09-25 15:08:58.379656+00:00,2026-09-25 15:08:58.380656+00:00,2026-09-25 15:08:58.381656+00:00,2026-09-25 15:08:58.382656+00:00,2026-09-25 15:08:58.383656+00:00,2026-09-25 15:08:58.384656+00:00,2026-09-25 15:08:58.385656+00:00,2026-09-25 15:08:58.386656+00:00,2026-09-25 15:08:58.386656+00:00,0.536448,1.8641135767120018,182.1032379909534,True,True,False,False,True,False,True,False,False,True,True,True,False,False,True,False
41,2026-09-25 13:39:53.774174+00:00,2026-09-25 15:08:58.737676+00:00,83.005,True,False,False,False,True,False,True,False,True,False,False,False,False,False,False,False,False,False,False,False,False,False,False,True,True,True,False,False,False,True,False,False,False,False,False,False,False,False,True,False,True,False,False,True,False,False,False,False,False,True,False,False,True,True,False,True,False,False,False,True,True,True,False,True,False,False,False,False,True,True,True,False,False,False,False,True,False,False,True,0,437,0,457,2026-09-25 15:08:58.655671+00:00,2026-09-25 15:08:58.654671+00:00,2026-09-25 15:08:58.656671+00:00,2026-09-25 15:08:58.657671+00:00,2026-09-25 15:08:58.658672+00:00,2026-09-25 15:08:58.659672+00:00,2026-09-25 15:08:58.660672+00:00,2026-09-25 15:08:58.661672+00:00,2026-09-25 15:08:58.662672+00:00,2026-09-25 15:08:58.663672+00:00,2026-09-25 15:08:58.664672+00:00,2026-09-25 15:08:58.676673+00:00,2026-09-25 15:08:58.677673+00:00,2026-09-25 15:08:58.667672+00:00,2026-09-25 15:08:58.668672+00:00,2026-09-25 15:08:58.669672+00:00,2026-09-25 15:08:58.670672+00:00,2026-09-25 15:08:58.671672+00:00,2026-09-25 15:08:58.672672+00:00,2026-09-25 15:08:58.673672+00:00,2026-09-25 15:08:58.674672+00:00,2026-09-25 15:08:58.675673+00:00,2026-09-25 15:08:58.665672+00:00,2026-09-25 15:08:58.666672+00:00,2026-09-25 15:08:58.678673+00:00,2026-09-25 15:08:58.679673+00:00,2026-09-25 15:08:58.680673+00:00,2026-09-25 15:08:58.681673+00:00,2026-09-25 15:08:58.693674+00:00,2026-09-25 15:08:58.683673+00:00,2026-09-25 15:08:58.684673+00:00,2026-09-25 15:08:58.685673+00:00,2026-09-25 15:08:58.686673+00:00,2026-09-25 15:08:58.687673+00:00,2026-09-25 15:08:58.688673+00:00,2026-09-25 15:08:58.689673+00:00,2026-09-25 15:08:58.701674+00:00,2026-09-25 15:08:58.691673+00:00,2026-09-25 15:08:58.692673+00:00,2026-09-25 15:08:58.682673+00:00,2026-09-25 15:08:58.694674+00:00,2026-09-25 15:08:58.695674+00:00,2026-09-25 15:08:58.696674+00:00,2026-09-25 15:08:58.697674+00:00,2026-09-25 15:08:58.698674+00:00,2026-09-25 15:08:58.699674+00:00,2026-09-25 15:08:58.700674+00:00,2026-09-25 15:08:58.690673+00:00,2026-09-25 15:08:58.702674+00:00,2026-09-25 15:08:58.703674+00:00,2026-09-25 15:08:58.704674+00:00,2026-09-25 15:08:58.705674+00:00,2026-09-25 15:08:58.706674+00:00,2026-09-25 15:08:58.707674+00:00,2026-09-25 15:08:58.708674+00:00,2026-09-25 15:08:58.709674+00:00,2026-09-25 15:08:58.710675+00:00,2026-09-25 15:08:58.712675+00:00,2026-09-25 15:08:58.713675+00:00,2026-09-25 15:08:58.714675+00:00,2026-09-25 15:08:58.715675+00:00,2026-09-25 15:08:58.716675+00:00,2026-09-25 15:08:58.717675+00:00,2026-09-25 15:08:58.718675+00:00,2026-09-25 15:08:58.719675+00:00,2026-09-25 15:08:58.720675+00:00,2026-09-25 15:08:58.721675+00:00,2026-09-25 15:08:58.722675+00:00,2026-09-25 15:08:58.723675+00:00,2026-09-25 15:08:58.724675+00:00,2026-09-25 15:08:58.725675+00:00,2026-09-25 15:08:58.726675+00:00,2026-09-25 15:08:58.727675+00:00,2026-09-25 15:08:58.728676+00:00,2026-09-25 15:08:58.729676+00:00,2026-09-25 15:08:58.730676+00:00,2026-09-25 15:08:58.731676+00:00,2026-09-25 15:08:58.732676+00:00,2026-09-25 15:08:58.733676+00:00,2026-09-25 15:08:58.734676+00:00,2026-09-25 15:08:58.735676+00:00,2026-09-25 15:08:58.736676+00:00,2026-09-25 15:08:58.737676+00:00,2026-09-25 15:08:58.737676+00:00,0.350977,2.849189548033062,182.09546107612226,True,True,False,False,True,False,True,False,False,True,True,True,False,False,False,False
42,2026-09-25 13:39:54.139435+00:00,2026-09-25 15:08:59.102697+00:00,110.006,True,False,False,False,True,False,True,False,True,False,False,False,False,False,False,False,False,False,False,False,False,False,False,True,True,True,False,False,False,True,False,False,False,False,False,False,False,False,True,False,True,False,False,True,False,False,False,False,False,True,False,False,True,True,False,True,False,False,False,True,True,True,False,True,False,False,False,False,True,True,True,False,False,False,False,False,False,False,False,0,513,0,457,2026-09-25 15:08:58.992691+00:00,2026-09-25 15:08:59.021692+00:00,2026-09-25 15:08:59.022692+00:00,2026-09-25 15:08:59.023692+00:00,2026-09-25 15:08:59.024692+00:00,2026-09-25 15:08:59.025693+00:00,2026-09-25 15:08:59.026693+00:00,2026-09-25 15:08:59.027693+00:00,2026-09-25 15:08:59.028693+00:00,2026-09-25 15:08:59.029693+00:00,2026-09-25 15:08:59.030693+00:00,2026-09-25 15:08:59.031693+00:00,2026-09-25 15:08:59.032693+00:00,2026-09-25 15:08:59.033693+00:00,2026-09-25 15:08:59.034693+00:00,2026-09-25 15:08:59.035693+00:00,2026-09-25 15:08:59.036693+00:00,2026-09-25 15:08:59.037693+00:00,2026-09-25 15:08:59.038693+00:00,2026-09-25 15:08:59.039693+00:00,2026-09-25 15:08:59.051694+00:00,2026-09-25 15:08:59.041693+00:00,2026-09-25 15:08:59.042693+00:00,2026-09-25 15:08:59.043694+00:00,2026-09-25 15:08:59.044694+00:00,2026-09-25 15:08:59.045694+00:00,2026-09-25 15:08:59.046694+00:00,2026-09-25 15:08:59.047694+00:00,2026-09-25 15:08:59.048694+00:00,2026-09-25 15:08:59.049694+00:00,2026-09-25 15:08:59.050694+00:00,2026-09-25 15:08:59.040693+00:00,2026-09-25 15:08:59.052694+00:00,2026-09-25 15:08:59.053694+00:00,2026-09-25 15:08:59.054694+00:00,2026-09-25 15:08:59.066695+00:00,2026-09-25 15:08:59.056694+00:00,2026-09-25 15:08:59.057694+00:00,2026-09-25 15:08:59.058694+00:00,2026-09-25 15:08:59.059694+00:00,2026-09-25 15:08:59.060695+00:00,2026-09-25 15:08:59.061695+00:00,2026-09-25 15:08:59.062695+00:00,2026-09-25 15:08:59.063695+00:00,2026-09-25 15:08:59.064695+00:00,2026-09-25 15:08:59.065695+00:00,2026-09-25 15:08:59.055694+00:00,2026-09-25 15:08:59.067695+00:00,2026-09-25 15:08:59.068695+00:00,2026-09-25 15:08:59.069695+00:00,2026-09-25 15:08:59.070695+00:00,2026-09-25 15:08:59.082696+00:00,2026-09-25 15:08:59.072695+00:00,2026-09-25 15:08:59.084696+00:00,2026-09-25 15:08:59.074695+00:00,2026-09-25 15:08:59.075695+00:00,2026-09-25 15:08:59.076695+00:00,2026-09-25 15:08:59.077695+00:00,2026-09-25 15:08:59.078696+00:00,2026-09-25 15:08:59.079696+00:00,2026-09-25 15:08:59.080696+00:00,2026-09-25 15:08:59.081696+00:00,2026-09-25 15:08:59.071695+00:00,2026-09-25 15:08:59.083696+00:00,2026-09-25 15:08:59.073695+00:00,2026-09-25 15:08:59.085696+00:00,2026-09-25 15:08:59.086696+00:00,2026-09-25 15:08:59.087696+00:00,2026-09-25 15:08:59.088696+00:00,2026-09-25 15:08:59.089696+00:00,2026-09-25 15:08:59.090696+00:00,2026-09-25 15:08:59.091696+00:00,2026-09-25 15:08:59.092696+00:00,2026-09-25 15:08:59.093696+00:00,2026-09-25 15:08:59.094696+00:00,2026-09-25 15:08:59.095697+00:00,2026-09-25 15:08:59.096697+00:00,2026-09-25 15:08:59.097697+00:00,2026-09-25 15:08:59.098697+00:00,2026-09-25 15:08:59.099697+00:00,2026-09-25 15:08:59.100697+00:00,2026-09-25 15:08:59.101697+00:00,2026-09-25 15:08:59.102697+00:00,2026-09-25 15:08:59.102697+00:00,0.365261,2.737768335518985,182.08506061214027,True,True,False,False,False,False,True,False,False,True,True,True,False,False,False,False
43,2026-09-25 13:39:54.516471+00:00,2026-09-25 15:08:59.452717+00:00,91.005,True,False,False,False,True,False,True,False,True,False,False,False,False,False,False,False,False,False,False,False,False,False,False,True,True,True,False,False,False,True,False,False,False,False,False,False,False,False,True,False,True,False,False,True,False,False,False,False,False,True,False,False,True,True,False,True,False,False,False,True,True,True,False,True,False,False,False,False,True,True,True,False,False,False,False,False,False,False,False,0,585,0,457,2026-09-25 15:08:59.361712+00:00,2026-09-25 15:08:59.365712+00:00,2026-09-25 15:08:59.366712+00:00,2026-09-25 15:08:59.367712+00:00,2026-09-25 15:08:59.368712+00:00,2026-09-25 15:08:59.369712+00:00,2026-09-25 15:08:59.370712+00:00,2026-09-25 15:08:59.371712+00:00,2026-09-25 15:08:59.372712+00:00,2026-09-25 15:08:59.373712+00:00,2026-09-25 15:08:59.374712+00:00,2026-09-25 15:08:59.375713+00:00,2026-09-25 15:08:59.376713+00:00,2026-09-25 15:08:59.377713+00:00,2026-09-25 15:08:59.389713+00:00,2026-09-25 15:08:59.379713+00:00,2026-09-25 15:08:59.380713+00:00,2026-09-25 15:08:59.381713+00:00,2026-09-25 15:08:59.382713+00:00,2026-09-25 15:08:59.383713+00:00,2026-09-25 15:08:59.395714+00:00,2026-09-25 15:08:59.385713+00:00,2026-09-25 15:08:59.386713+00:00,2026-09-25 15:08:59.387713+00:00,2026-09-25 15:08:59.388713+00:00,2026-09-25 15:08:59.378713+00:00,2026-09-25 15:08:59.390713+00:00,2026-09-25 15:08:59.391713+00:00,2026-09-25 15:08:59.392714+00:00,2026-09-25 15:08:59.393714+00:00,2026-09-25 15:08:59.394714+00:00,2026-09-25 15:08:59.384713+00:00,2026-09-25 15:08:59.396714+00:00,2026-09-25 15:08:59.397714+00:00,2026-09-25 15:08:59.398714+00:00,2026-09-25 15:08:59.399714+00:00,2026-09-25 15:08:59.400714+00:00,2026-09-25 15:08:59.401714+00:00,2026-09-25 15:08:59.402714+00:00,2026-09-25 15:08:59.403714+00:00,2026-09-25 15:08:59.404714+00:00,2026-09-25 15:08:59.405714+00:00,2026-09-25 15:08:59.406714+00:00,2026-09-25 15:08:59.407714+00:00,2026-09-25 15:08:59.408714+00:00,2026-09-25 15:08:59.409714+00:00,2026-09-25 15:08:59.410715+00:00,2026-09-25 15:08:59.411715+00:00,2026-09-25 15:08:59.412715+00:00,2026-09-25 15:08:59.413715+00:00,2026-09-25 15:08:59.414715+00:00,2026-09-25 15:08:59.442716+00:00,2026-09-25 15:08:59.443716+00:00,2026-09-25 15:08:59.444716+00:00,2026-09-25 15:08:59.421715+00:00,2026-09-25 15:08:59.435716+00:00,2026-09-25 15:08:59.448717+00:00,2026-09-25 15:08:59.437716+00:00,2026-09-25 15:08:59.438716+00:00,2026-09-25 15:08:59.439716+00:00,2026-09-25 15:08:59.440716+00:00,2026-09-25 15:08:59.441716+00:00,2026-09-25 15:08:59.416715+00:00,2026-09-25 15:08:59.419715+00:00,2026-09-25 15:08:59.420715+00:00,2026-09-25 15:08:59.445717+00:00,2026-09-25 15:08:59.423715+00:00,2026-09-25 15:08:59.424715+00:00,2026-09-25 15:08:59.425715+00:00,2026-09-25 15:08:59.426715+00:00,2026-09-25 15:08:59.427716+00:00,2026-09-25 15:08:59.428716+00:00,2026-09-25 15:08:59.429716+00:00,2026-09-25 15:08:59.430716+00:00,2026-09-25 15:08:59.432716+00:00,2026-09-25 15:08:59.433716+00:00,2026-09-25 15:08:59.434716+00:00,2026-09-25 15:08:59.446717+00:00,2026-09-25 15:08:59.436716+00:00,2026-09-25 15:08:59.449717+00:00,2026-09-25 15:08:59.450717+00:00,2026-09-25 15:08:59.451717+00:00,2026-09-25 15:08:59.452717+00:00,2026-09-25 15:08:59.452717+00:00,0.377036,2.6522666270594852,182.07297511588712,True,True,False,False,False,False,True,False,False,True,True,True,False,False,False,False
44,2026-09-25 13:39:54.918019+00:00,2026-09-25 15:08:59.844739+00:00,107.006,True,False,False,False,True,False,True,False,True,False,False,False,False,False,False,False,False,False,False,False,False,False,False,True,True,True,False,False,False,True,False,False,False,False,False,False,False,False,True,False,True,False,False,True,False,False,False,False,False,True,False,False,True,True,False,True,False,True,False,True,True,True,False,True,False,False,False,False,True,True,True,False,False,False,False,False,False,False,False,0,667,0,457,2026-09-25 15:08:59.737733+00:00,2026-09-25 15:08:59.763735+00:00,2026-09-25 15:08:59.773735+00:00,2026-09-25 15:08:59.765735+00:00,2026-09-25 15:08:59.777736+00:00,2026-09-25 15:08:59.767735+00:00,2026-09-25 15:08:59.768735+00:00,2026-09-25 15:08:59.769735+00:00,2026-09-25 15:08:59.770735+00:00,2026-09-25 15:08:59.771735+00:00,2026-09-25 15:08:59.772735+00:00,2026-09-25 15:08:59.764735+00:00,2026-09-25 15:08:59.774735+00:00,2026-09-25 15:08:59.775735+00:00,2026-09-25 15:08:59.776735+00:00,2026-09-25 15:08:59.766735+00:00,2026-09-25 15:08:59.778736+00:00,2026-09-25 15:08:59.779736+00:00,2026-09-25 15:08:59.780736+00:00,2026-09-25 15:08:59.781736+00:00,2026-09-25 15:08:59.782736+00:00,2026-09-25 15:08:59.783736+00:00,2026-09-25 15:08:59.784736+00:00,2026-09-25 15:08:59.785736+00:00,2026-09-25 15:08:59.786736+00:00,2026-09-25 15:08:59.787736+00:00,2026-09-25 15:08:59.788736+00:00,2026-09-25 15:08:59.789736+00:00,2026-09-25 15:08:59.790736+00:00,2026-09-25 15:08:59.791736+00:00,2026-09-25 15:08:59.792736+00:00,2026-09-25 15:08:59.793736+00:00,2026-09-25 15:08:59.794737+00:00,2026-09-25 15:08:59.795737+00:00,2026-09-25 15:08:59.807737+00:00,2026-09-25 15:08:59.797737+00:00,2026-09-25 15:08:59.798737+00:00,2026-09-25 15:08:59.799737+00:00,2026-09-25 15:08:59.800737+00:00,2026-09-25 15:08:59.801737+00:00,2026-09-25 15:08:59.802737+00:00,2026-09-25 15:08:59.803737+00:00,2026-09-25 15:08:59.815738+00:00,2026-09-25 15:08:59.805737+00:00,2026-09-25 15:08:59.806737+00:00,2026-09-25 15:08:59.796737+00:00,2026-09-25 15:08:59.808737+00:00,2026-09-25 15:08:59.809737+00:00,2026-09-25 15:08:59.810737+00:00,2026-09-25 15:08:59.811737+00:00,2026-09-25 15:08:59.812738+00:00,2026-09-25 15:08:59.813738+00:00,2026-09-25 15:08:59.814738+00:00,2026-09-25 15:08:59.804737+00:00,2026-09-25 15:08:59.816738+00:00,2026-09-25 15:08:59.817738+00:00,2026-09-25 15:08:59.818738+00:00,2026-09-25 15:08:59.830739+00:00,2026-09-25 15:08:59.820738+00:00,2026-09-25 15:08:59.821738+00:00,2026-09-25 15:08:59.822738+00:00,2026-09-25 15:08:59.823738+00:00,2026-09-25 15:08:59.824738+00:00,2026-09-25 15:08:59.836739+00:00,2026-09-25 15:08:59.826738+00:00,2026-09-25 15:08:59.827738+00:00,2026-09-25 15:08:59.828738+00:00,2026-09-25 15:08:59.829739+00:00,2026-09-25 15:08:59.819738+00:00,2026-09-25 15:08:59.831739+00:00,2026-09-25 15:08:59.832739+00:00,2026-09-25 15:08:59.833739+00:00,2026-09-25 15:08:59.834739+00:00,2026-09-25 15:08:59.835739+00:00,2026-09-25 15:08:59.825738+00:00,2026-09-25 15:08:59.837739+00:00,2026-09-25 15:08:59.838739+00:00,2026-09-25 15:08:59.839739+00:00,2026-09-25 15:08:59.840739+00:00,2026-09-25 15:08:59.841739+00:00,2026-09-25 15:08:59.842739+00:00,2026-09-25 15:08:59.843739+00:00,2026-09-25 15:08:59.844739+00:00,2026-09-25 15:08:59.844739+00:00,0.401548,2.4903622979070996,182.05711445347015,True,True,False,False,False,False,True,False,False,True,True,True,False,False,False,False
45,2026-09-25 13:39:55.344079+00:00,2026-09-25 15:09:00.306766+00:00,94.006,True,False,False,False,True,False,True,False,True,False,False,False,False,False,False,False,False,False,False,False,False,False,False,True,True,True,False,False,False,True,False,False,False,False,False,False,False,False,True,False,True,False,False,True,False,False,False,False,False,True,False,False,True,True,False,True,True,True,False,True,True,True,False,True,False,False,False,False,True,True,True,False,False,False,False,False,False,False,False,0,763,0,457,2026-09-25 15:09:00.212760+00:00,2026-09-25 15:09:00.224761+00:00,2026-09-25 15:09:00.226761+00:00,2026-09-25 15:09:00.227761+00:00,2026-09-25 15:09:00.228761+00:00,2026-09-25 15:09:00.229761+00:00,2026-09-25 15:09:00.230761+00:00,2026-09-25 15:09:00.231762+00:00,2026-09-25 15:09:00.232762+00:00,2026-09-25 15:09:00.233762+00:00,2026-09-25 15:09:00.234762+00:00,2026-09-25 15:09:00.235762+00:00,2026-09-25 15:09:00.236762+00:00,2026-09-25 15:09:00.237762+00:00,2026-09-25 15:09:00.238762+00:00,2026-09-25 15:09:00.239762+00:00,2026-09-25 15:09:00.240762+00:00,2026-09-25 15:09:00.241762+00:00,2026-09-25 15:09:00.242762+00:00,2026-09-25 15:09:00.243762+00:00,2026-09-25 15:09:00.244762+00:00,2026-09-25 15:09:00.245762+00:00,2026-09-25 15:09:00.246762+00:00,2026-09-25 15:09:00.247762+00:00,2026-09-25 15:09:00.248762+00:00,2026-09-25 15:09:00.249763+00:00,2026-09-25 15:09:00.250763+00:00,2026-09-25 15:09:00.251763+00:00,2026-09-25 15:09:00.252763+00:00,2026-09-25 15:09:00.253763+00:00,2026-09-25 15:09:00.254763+00:00,2026-09-25 15:09:00.255763+00:00,2026-09-25 15:09:00.267764+00:00,2026-09-25 15:09:00.268764+00:00,2026-09-25 15:09:00.258763+00:00,2026-09-25 15:09:00.259763+00:00,2026-09-25 15:09:00.260763+00:00,2026-09-25 15:09:00.261763+00:00,2026-09-25 15:09:00.262763+00:00,2026-09-25 15:09:00.263763+00:00,2026-09-25 15:09:00.264763+00:00,2026-09-25 15:09:00.265763+00:00,2026-09-25 15:09:00.266764+00:00,2026-09-25 15:09:00.256763+00:00,2026-09-25 15:09:00.257763+00:00,2026-09-25 15:09:00.269764+00:00,2026-09-25 15:09:00.270764+00:00,2026-09-25 15:09:00.271764+00:00,2026-09-25 15:09:00.272764+00:00,2026-09-25 15:09:00.273764+00:00,2026-09-25 15:09:00.274764+00:00,2026-09-25 15:09:00.275764+00:00,2026-09-25 15:09:00.276764+00:00,2026-09-25 15:09:00.277764+00:00,2026-09-25 15:09:00.278764+00:00,2026-09-25 15:09:00.279764+00:00,2026-09-25 15:09:00.280764+00:00,2026-09-25 15:09:00.281764+00:00,2026-09-25 15:09:00.282764+00:00,2026-09-25 15:09:00.283764+00:00,2026-09-25 15:09:00.284765+00:00,2026-09-25 15:09:00.285765+00:00,2026-09-25 15:09:00.286765+00:00,2026-09-25 15:09:00.287765+00:00,2026-09-25 15:09:00.288765+00:00,2026-09-25 15:09:00.300765+00:00,2026-09-25 15:09:00.290765+00:00,2026-09-25 15:09:00.291765+00:00,2026-09-25 15:09:00.292765+00:00,2026-09-25 15:09:00.293765+00:00,2026-09-25 15:09:00.294765+00:00,2026-09-25 15:09:00.295765+00:00,2026-09-25 15:09:00.296765+00:00,2026-09-25 15:09:00.297765+00:00,2026-09-25 15:09:00.298765+00:00,2026-09-25 15:09:00.299765+00:00,2026-09-25 15:09:00.289765+00:00,2026-09-25 15:09:00.301766+00:00,2026-09-25 15:09:00.302766+00:00,2026-09-25 15:09:00.303766+00:00,2026-09-25 15:09:00.304766+00:00,2026-09-25 15:09:00.305766+00:00,2026-09-25 15:09:00.306766+00:00,2026-09-25 15:09:00.306766+00:00,0.42606,2.3470872647045016,182.03546950395648,True,True,False,False,False,False,True,False,False,True,True,True,False,False,False,False
46,2026-09-25 13:39:55.715184+00:00,2026-09-25 15:09:00.668787+00:00,93.006,True,False,False,False,True,False,True,False,True,False,False,False,False,False,False,False,False,False,False,False,False,False,False,True,True,True,False,False,False,True,False,False,False,False,False,False,False,False,True,False,True,False,False,True,False,False,False,False,False,True,False,False,True,True,False,True,True,True,False,True,True,True,False,True,False,False,False,False,True,True,True,False,False,False,False,False,False,False,False,1,838,0,457,2026-09-25 15:09:00.575781+00:00,2026-09-25 15:09:00.587782+00:00,2026-09-25 15:09:00.588782+00:00,2026-09-25 15:09:00.589782+00:00,2026-09-25 15:09:00.590782+00:00,2026-09-25 15:09:00.591782+00:00,2026-09-25 15:09:00.592782+00:00,2026-09-25 15:09:00.593782+00:00,2026-09-25 15:09:00.594782+00:00,2026-09-25 15:09:00.606783+00:00,2026-09-25 15:09:00.596782+00:00,2026-09-25 15:09:00.597782+00:00,2026-09-25 15:09:00.598782+00:00,2026-09-25 15:09:00.599783+00:00,2026-09-25 15:09:00.600783+00:00,2026-09-25 15:09:00.601783+00:00,2026-09-25 15:09:00.613783+00:00,2026-09-25 15:09:00.603783+00:00,2026-09-25 15:09:00.604783+00:00,2026-09-25 15:09:00.605783+00:00,2026-09-25 15:09:00.595782+00:00,2026-09-25 15:09:00.607783+00:00,2026-09-25 15:09:00.608783+00:00,2026-09-25 15:09:00.609783+00:00,2026-09-25 15:09:00.610783+00:00,2026-09-25 15:09:00.611783+00:00,2026-09-25 15:09:00.612783+00:00,2026-09-25 15:09:00.602783+00:00,2026-09-25 15:09:00.614783+00:00,2026-09-25 15:09:00.615783+00:00,2026-09-25 15:09:00.616784+00:00,2026-09-25 15:09:00.617784+00:00,2026-09-25 15:09:00.618784+00:00,2026-09-25 15:09:00.619784+00:00,2026-09-25 15:09:00.620784+00:00,2026-09-25 15:09:00.621784+00:00,2026-09-25 15:09:00.622784+00:00,2026-09-25 15:09:00.623784+00:00,2026-09-25 15:09:00.624784+00:00,2026-09-25 15:09:00.625784+00:00,2026-09-25 15:09:00.626784+00:00,2026-09-25 15:09:00.627784+00:00,2026-09-25 15:09:00.628784+00:00,2026-09-25 15:09:00.629784+00:00,2026-09-25 15:09:00.630784+00:00,2026-09-25 15:09:00.631784+00:00,2026-09-25 15:09:00.632784+00:00,2026-09-25 15:09:00.633785+00:00,2026-09-25 15:09:00.634785+00:00,2026-09-25 15:09:00.635785+00:00,2026-09-25 15:09:00.636785+00:00,2026-09-25 15:09:00.637785+00:00,2026-09-25 15:09:00.638785+00:00,2026-09-25 15:09:00.639785+00:00,2026-09-25 15:09:00.640785+00:00,2026-09-25 15:09:00.641785+00:00,2026-09-25 15:09:00.642785+00:00,2026-09-25 15:09:00.643785+00:00,2026-09-25 15:09:00.644785+00:00,2026-09-25 15:09:00.645785+00:00,2026-09-25 15:09:00.646785+00:00,2026-09-25 15:09:00.647785+00:00,2026-09-25 15:09:00.648785+00:00,2026-09-25 15:09:00.649785+00:00,2026-09-25 15:09:00.650785+00:00,2026-09-25 15:09:00.651786+00:00,2026-09-25 15:09:00.652786+00:00,2026-09-25 15:09:00.653786+00:00,2026-09-25 15:09:00.654786+00:00,2026-09-25 15:09:00.655786+00:00,2026-09-25 15:09:00.656786+00:00,2026-09-25 15:09:00.657786+00:00,2026-09-25 15:09:00.658786+00:00,2026-09-25 15:09:00.659786+00:00,2026-09-25 15:09:00.660786+00:00,2026-09-25 15:09:00.661786+00:00,2026-09-25 15:09:00.662786+00:00,2026-09-25 15:09:00.663786+00:00,2026-09-25 15:09:00.664786+00:00,2026-09-25 15:09:00.665786+00:00,2026-09-25 15:09:00.666786+00:00,2026-09-25 15:09:00.667786+00:00,2026-09-25 15:09:00.668787+00:00,2026-09-25 15:09:00.668787+00:00,0.371105,2.6946551515069856,182.01643842257093,True,True,False,False,False,False,True,False,False,True,True,True,False,False,False,False
47,2026-09-25 13:39:56.171708+00:00,2026-09-25 15:09:01.039808+00:00,92.006,True,False,False,False,True,False,True,False,True,False,False,False,False,False,False,False,False,False,False,False,False,False,False,True,True,True,False,False,False,True,False,False,False,False,False,False,False,False,True,False,True,False,False,False,False,False,False,True,False,False,False,False,True,True,False,False,False,False,False,True,True,True,False,True,False,False,False,False,True,True,True,False,False,False,False,False,False,False,False,0,0,38,0,2026-09-25 15:09:00.947802+00:00,2026-09-25 15:09:00.956803+00:00,2026-09-25 15:09:00.968804+00:00,2026-09-25 15:09:00.958803+00:00,2026-09-25 15:09:00.959803+00:00,2026-09-25 15:09:00.960803+00:00,2026-09-25 15:09:00.961803+00:00,2026-09-25 15:09:00.962803+00:00,2026-09-25 15:09:00.963803+00:00,2026-09-25 15:09:00.964803+00:00,2026-09-25 15:09:00.965803+00:00,2026-09-25 15:09:00.957803+00:00,2026-09-25 15:09:00.966804+00:00,2026-09-25 15:09:00.967804+00:00,2026-09-25 15:09:00.980804+00:00,2026-09-25 15:09:00.970804+00:00,2026-09-25 15:09:00.971804+00:00,2026-09-25 15:09:00.972804+00:00,2026-09-25 15:09:00.973804+00:00,2026-09-25 15:09:00.974804+00:00,2026-09-25 15:09:00.975804+00:00,2026-09-25 15:09:00.976804+00:00,2026-09-25 15:09:00.977804+00:00,2026-09-25 15:09:00.978804+00:00,2026-09-25 15:09:00.979804+00:00,2026-09-25 15:09:00.969804+00:00,2026-09-25 15:09:00.981804+00:00,2026-09-25 15:09:00.982804+00:00,2026-09-25 15:09:00.983805+00:00,2026-09-25 15:09:00.984805+00:00,2026-09-25 15:09:00.985805+00:00,2026-09-25 15:09:00.986805+00:00,2026-09-25 15:09:00.987805+00:00,2026-09-25 15:09:00.988805+00:00,2026-09-25 15:09:01.001806+00:00,2026-09-25 15:09:01.002806+00:00,2026-09-25 15:09:00.992805+00:00,2026-09-25 15:09:00.993805+00:00,2026-09-25 15:09:00.994805+00:00,2026-09-25 15:09:00.995805+00:00,2026-09-25 15:09:01.008806+00:00,2026-09-25 15:09:00.997805+00:00,2026-09-25 15:09:00.998805+00:00,2026-09-25 15:09:00.999805+00:00,2026-09-25 15:09:01.000805+00:00,2026-09-25 15:09:00.990805+00:00,2026-09-25 15:09:00.991805+00:00,2026-09-25 15:09:01.003806+00:00,2026-09-25 15:09:01.004806+00:00,2026-09-25 15:09:01.017806+00:00,2026-09-25 15:09:01.007806+00:00,2026-09-25 15:09:00.996805+00:00,2026-09-25 15:09:01.009806+00:00,2026-09-25 15:09:01.010806+00:00,2026-09-25 15:09:01.011806+00:00,2026-09-25 15:09:01.012806+00:00,2026-09-25 15:09:01.013806+00:00,2026-09-25 15:09:01.014806+00:00,2026-09-25 15:09:01.015806+00:00,2026-09-25 15:09:01.016806+00:00,2026-09-25 15:09:01.006806+00:00,2026-09-25 15:09:01.018807+00:00,2026-09-25 15:09:01.019807+00:00,2026-09-25 15:09:01.020807+00:00,2026-09-25 15:09:01.032807+00:00,2026-09-25 15:09:01.022807+00:00,2026-09-25 15:09:01.034807+00:00,2026-09-25 15:09:01.024807+00:00,2026-09-25 15:09:01.036808+00:00,2026-09-25 15:09:01.026807+00:00,2026-09-25 15:09:01.038808+00:00,2026-09-25 15:09:01.028807+00:00,2026-09-25 15:09:01.029807+00:00,2026-09-25 15:09:01.030807+00:00,2026-09-25 15:09:01.031807+00:00,2026-09-25 15:09:01.021807+00:00,2026-09-25 15:09:01.033807+00:00,2026-09-25 15:09:01.023807+00:00,2026-09-25 15:09:01.035807+00:00,2026-09-25 15:09:01.025807+00:00,2026-09-25 15:09:01.037808+00:00,2026-09-25 15:09:01.027807+00:00,2026-09-25 15:09:01.039808+00:00,2026-09-25 15:09:01.039808+00:00,0.456524,2.190465342457352,181.99519523417845,True,True,False,False,False,False,True,False,False,True,True,True,False,False,False,False
48,2026-09-25 13:39:56.578450+00:00,2026-09-25 15:09:01.498834+00:00,109.006,True,False,False,False,True,False,True,False,True,False,False,False,False,False,False,False,False,False,False,False,False,False,False,True,True,True,False,False,True,True,False,False,False,False,False,False,True,False,False,False,True,False,True,False,False,False,False,True,False,False,False,False,True,True,True,True,False,False,False,True,True,True,False,True,False,False,False,False,True,True,True,False,False,False,False,False,False,False,False,0,0,139,0,2026-09-25 15:09:01.389828+00:00,2026-09-25 15:09:01.412829+00:00,2026-09-25 15:09:01.414829+00:00,2026-09-25 15:09:01.415829+00:00,2026-09-25 15:09:01.416829+00:00,2026-09-25 15:09:01.417829+00:00,2026-09-25 15:09:01.418829+00:00,2026-09-25 15:09:01.419829+00:00,2026-09-25 15:09:01.420830+00:00,2026-09-25 15:09:01.421830+00:00,2026-09-25 15:09:01.422830+00:00,2026-09-25 15:09:01.423830+00:00,2026-09-25 15:09:01.424830+00:00,2026-09-25 15:09:01.425830+00:00,2026-09-25 15:09:01.426830+00:00,2026-09-25 15:09:01.427830+00:00,2026-09-25 15:09:01.428830+00:00,2026-09-25 15:09:01.429830+00:00,2026-09-25 15:09:01.430830+00:00,2026-09-25 15:09:01.431830+00:00,2026-09-25 15:09:01.432830+00:00,2026-09-25 15:09:01.433830+00:00,2026-09-25 15:09:01.434830+00:00,2026-09-25 15:09:01.435830+00:00,2026-09-25 15:09:01.436830+00:00,2026-09-25 15:09:01.437830+00:00,2026-09-25 15:09:01.438831+00:00,2026-09-25 15:09:01.439831+00:00,2026-09-25 15:09:01.440831+00:00,2026-09-25 15:09:01.441831+00:00,2026-09-25 15:09:01.442831+00:00,2026-09-25 15:09:01.444831+00:00,2026-09-25 15:09:01.445831+00:00,2026-09-25 15:09:01.446831+00:00,2026-09-25 15:09:01.447831+00:00,2026-09-25 15:09:01.448831+00:00,2026-09-25 15:09:01.449831+00:00,2026-09-25 15:09:01.450831+00:00,2026-09-25 15:09:01.451831+00:00,2026-09-25 15:09:01.452831+00:00,2026-09-25 15:09:01.453831+00:00,2026-09-25 15:09:01.454831+00:00,2026-09-25 15:09:01.455832+00:00,2026-09-25 15:09:01.456832+00:00,2026-09-25 15:09:01.471832+00:00,2026-09-25 15:09:01.472832+00:00,2026-09-25 15:09:01.461832+00:00,2026-09-25 15:09:01.463832+00:00,2026-09-25 15:09:01.464832+00:00,2026-09-25 15:09:01.476833+00:00,2026-09-25 15:09:01.466832+00:00,2026-09-25 15:09:01.467832+00:00,2026-09-25 15:09:01.468832+00:00,2026-09-25 15:09:01.469832+00:00,2026-09-25 15:09:01.470832+00:00,2026-09-25 15:09:01.457832+00:00,2026-09-25 15:09:01.459832+00:00,2026-09-25 15:09:01.460832+00:00,2026-09-25 15:09:01.473833+00:00,2026-09-25 15:09:01.474833+00:00,2026-09-25 15:09:01.475833+00:00,2026-09-25 15:09:01.465832+00:00,2026-09-25 15:09:01.477833+00:00,2026-09-25 15:09:01.478833+00:00,2026-09-25 15:09:01.479833+00:00,2026-09-25 15:09:01.480833+00:00,2026-09-25 15:09:01.481833+00:00,2026-09-25 15:09:01.482833+00:00,2026-09-25 15:09:01.483833+00:00,2026-09-25 15:09:01.484833+00:00,2026-09-25 15:09:01.485833+00:00,2026-09-25 15:09:01.486833+00:00,2026-09-25 15:09:01.487833+00:00,2026-09-25 15:09:01.488833+00:00,2026-09-25 15:09:01.489833+00:00,2026-09-25 15:09:01.490834+00:00,2026-09-25 15:09:01.491834+00:00,2026-09-25 15:09:01.492834+00:00,2026-09-25 15:09:01.494834+00:00,2026-09-25 15:09:01.495834+00:00,2026-09-25 15:09:01.496834+00:00,2026-09-25 15:09:01.497834+00:00,2026-09-25 15:09:01.498834+00:00,2026-09-25 15:09:01.498834+00:00,0.406742,2.4585609551017598,181.96669264016413,True,True,False,False,False,False,True,False,False,True,True,True,False,False,False,False
49,2026-09-25 13:39:57.028978+00:00,2026-09-25 15:09:01.955860+00:00,159.009,True,False,False,False,True,False,True,False,True,False,False,False,False,False,False,False,False,False,False,False,False,False,False,True,True,True,False,False,True,True,False,False,False,False,False,False,True,False,False,False,True,True,False,False,False,False,False,True,False,False,False,False,True,True,False,True,False,False,False,True,True,True,False,True,False,False,False,False,True,True,True,False,False,False,False,False,False,False,False,0,0,237,0,2026-09-25 15:09:01.796851+00:00,2026-09-25 15:09:01.871855+00:00,2026-09-25 15:09:01.872855+00:00,2026-09-25 15:09:01.873855+00:00,2026-09-25 15:09:01.874855+00:00,2026-09-25 15:09:01.875856+00:00,2026-09-25 15:09:01.876856+00:00,2026-09-25 15:09:01.877856+00:00,2026-09-25 15:09:01.878856+00:00,2026-09-25 15:09:01.879856+00:00,2026-09-25 15:09:01.880856+00:00,2026-09-25 15:09:01.893857+00:00,2026-09-25 15:09:01.883856+00:00,2026-09-25 15:09:01.884856+00:00,2026-09-25 15:09:01.885856+00:00,2026-09-25 15:09:01.886856+00:00,2026-09-25 15:09:01.887856+00:00,2026-09-25 15:09:01.888856+00:00,2026-09-25 15:09:01.889856+00:00,2026-09-25 15:09:01.901857+00:00,2026-09-25 15:09:01.891856+00:00,2026-09-25 15:09:01.892857+00:00,2026-09-25 15:09:01.882856+00:00,2026-09-25 15:09:01.894857+00:00,2026-09-25 15:09:01.895857+00:00,2026-09-25 15:09:01.896857+00:00,2026-09-25 15:09:01.897857+00:00,2026-09-25 15:09:01.898857+00:00,2026-09-25 15:09:01.899857+00:00,2026-09-25 15:09:01.900857+00:00,2026-09-25 15:09:01.890856+00:00,2026-09-25 15:09:01.902857+00:00,2026-09-25 15:09:01.903857+00:00,2026-09-25 15:09:01.904857+00:00,2026-09-25 15:09:01.905857+00:00,2026-09-25 15:09:01.906857+00:00,2026-09-25 15:09:01.907857+00:00,2026-09-25 15:09:01.908857+00:00,2026-09-25 15:09:01.909857+00:00,2026-09-25 15:09:01.911858+00:00,2026-09-25 15:09:01.912858+00:00,2026-09-25 15:09:01.913858+00:00,2026-09-25 15:09:01.914858+00:00,2026-09-25 15:09:01.915858+00:00,2026-09-25 15:09:01.916858+00:00,2026-09-25 15:09:01.917858+00:00,2026-09-25 15:09:01.918858+00:00,2026-09-25 15:09:01.919858+00:00,2026-09-25 15:09:01.920858+00:00,2026-09-25 15:09:01.921858+00:00,2026-09-25 15:09:01.922858+00:00,2026-09-25 15:09:01.934859+00:00,2026-09-25 15:09:01.935859+00:00,2026-09-25 15:09:01.936859+00:00,2026-09-25 15:09:01.937859+00:00,2026-09-25 15:09:01.927859+00:00,2026-09-25 15:09:01.928859+00:00,2026-09-25 15:09:01.929859+00:00,2026-09-25 15:09:01.930859+00:00,2026-09-25 15:09:01.931859+00:00,2026-09-25 15:09:01.932859+00:00,2026-09-25 15:09:01.933859+00:00,2026-09-25 15:09:01.923858+00:00,2026-09-25 15:09:01.924858+00:00,2026-09-25 15:09:01.925858+00:00,2026-09-25 15:09:01.926858+00:00,2026-09-25 15:09:01.938859+00:00,2026-09-25 15:09:01.951860+00:00,2026-09-25 15:09:01.940859+00:00,2026-09-25 15:09:01.953860+00:00,2026-09-25 15:09:01.943859+00:00,2026-09-25 15:09:01.944859+00:00,2026-09-25 15:09:01.945860+00:00,2026-09-25 15:09:01.946860+00:00,2026-09-25 15:09:01.947860+00:00,2026-09-25 15:09:01.948860+00:00,2026-09-25 15:09:01.949860+00:00,2026-09-25 15:09:01.950860+00:00,2026-09-25 15:09:01.939859+00:00,2026-09-25 15:09:01.952860+00:00,2026-09-25 15:09:01.942859+00:00,2026-09-25 15:09:01.954860+00:00,2026-09-25 15:09:01.955860+00:00,2026-09-25 15:09:01.955860+00:00,0.450528,2.2196178705874,181.93613716897275,True,True,False,False,False,False,True,False,False,True,True,True,False,False,False,False
50,2026-09-25 13:39:57.370939+00:00,2026-09-25 15:09:02.333882+00:00,88.005,True,False,False,False,True,False,True,False,True,False,False,False,False,False,False,False,False,False,False,False,False,False,False,True,True,True,False,False,True,True,False,False,False,False,False,False,True,False,False,False,True,False,False,False,False,False,False,True,False,False,False,False,True,True,False,False,False,False,False,True,True,True,False,True,False,False,False,False,True,True,True,False,False,False,False,False,False,False,False,0,0,319,0,2026-09-25 15:09:02.245877+00:00,2026-09-25 15:09:02.250877+00:00,2026-09-25 15:09:02.251877+00:00,2026-09-25 15:09:02.252877+00:00,2026-09-25 15:09:02.265878+00:00,2026-09-25 15:09:02.255877+00:00,2026-09-25 15:09:02.267878+00:00,2026-09-25 15:09:02.268878+00:00,2026-09-25 15:09:02.258877+00:00,2026-09-25 15:09:02.259878+00:00,2026-09-25 15:09:02.260878+00:00,2026-09-25 15:09:02.261878+00:00,2026-09-25 15:09:02.262878+00:00,2026-09-25 15:09:02.263878+00:00,2026-09-25 15:09:02.264878+00:00,2026-09-25 15:09:02.254877+00:00,2026-09-25 15:09:02.266878+00:00,2026-09-25 15:09:02.256877+00:00,2026-09-25 15:09:02.257877+00:00,2026-09-25 15:09:02.269878+00:00,2026-09-25 15:09:02.270878+00:00,2026-09-25 15:09:02.271878+00:00,2026-09-25 15:09:02.272878+00:00,2026-09-25 15:09:02.273878+00:00,2026-09-25 15:09:02.274878+00:00,2026-09-25 15:09:02.275878+00:00,2026-09-25 15:09:02.276878+00:00,2026-09-25 15:09:02.277879+00:00,2026-09-25 15:09:02.278879+00:00,2026-09-25 15:09:02.279879+00:00,2026-09-25 15:09:02.280879+00:00,2026-09-25 15:09:02.281879+00:00,2026-09-25 15:09:02.282879+00:00,2026-09-25 15:09:02.283879+00:00,2026-09-25 15:09:02.284879+00:00,2026-09-25 15:09:02.285879+00:00,2026-09-25 15:09:02.286879+00:00,2026-09-25 15:09:02.287879+00:00,2026-09-25 15:09:02.288879+00:00,2026-09-25 15:09:02.289879+00:00,2026-09-25 15:09:02.290879+00:00,2026-09-25 15:09:02.291879+00:00,2026-09-25 15:09:02.292879+00:00,2026-09-25 15:09:02.293879+00:00,2026-09-25 15:09:02.294880+00:00,2026-09-25 15:09:02.295880+00:00,2026-09-25 15:09:02.296880+00:00,2026-09-25 15:09:02.297880+00:00,2026-09-25 15:09:02.298880+00:00,2026-09-25 15:09:02.299880+00:00,2026-09-25 15:09:02.323881+00:00,2026-09-25 15:09:02.301880+00:00,2026-09-25 15:09:02.302880+00:00,2026-09-25 15:09:02.303880+00:00,2026-09-25 15:09:02.304880+00:00,2026-09-25 15:09:02.305880+00:00,2026-09-25 15:09:02.306880+00:00,2026-09-25 15:09:02.307880+00:00,2026-09-25 15:09:02.308880+00:00,2026-09-25 15:09:02.321881+00:00,2026-09-25 15:09:02.322881+00:00,2026-09-25 15:09:02.300880+00:00,2026-09-25 15:09:02.324881+00:00,2026-09-25 15:09:02.313881+00:00,2026-09-25 15:09:02.314881+00:00,2026-09-25 15:09:02.327881+00:00,2026-09-25 15:09:02.317881+00:00,2026-09-25 15:09:02.318881+00:00,2026-09-25 15:09:02.319881+00:00,2026-09-25 15:09:02.320881+00:00,2026-09-25 15:09:02.309880+00:00,2026-09-25 15:09:02.310880+00:00,2026-09-25 15:09:02.311880+00:00,2026-09-25 15:09:02.312881+00:00,2026-09-25 15:09:02.325881+00:00,2026-09-25 15:09:02.326881+00:00,2026-09-25 15:09:02.316881+00:00,2026-09-25 15:09:02.328881+00:00,2026-09-25 15:09:02.329882+00:00,2026-09-25 15:09:02.330882+00:00,2026-09-25 15:09:02.331882+00:00,2026-09-25 15:09:02.332882+00:00,2026-09-25 15:09:02.333882+00:00,2026-09-25 15:09:02.333882+00:00,0.341961,2.92431008214387,181.90942616776536,True,True,False,False,False,False,True,False,False,True,True,True,False,False,False,False
51,2026-09-25 13:39:57.733194+00:00,2026-09-25 15:09:02.683902+00:00,93.006,True,False,False,False,True,False,True,False,True,False,False,False,False,False,False,False,False,False,False,False,False,False,False,True,True,True,False,False,True,True,False,False,False,False,False,False,True,False,False,False,True,False,True,False,False,False,False,True,False,False,False,False,True,True,False,False,False,False,False,True,True,True,False,True,False,False,False,False,True,True,True,False,False,False,False,False,False,False,False,0,0,394,0,2026-09-25 15:09:02.590896+00:00,2026-09-25 15:09:02.599897+00:00,2026-09-25 15:09:02.610898+00:00,2026-09-25 15:09:02.601897+00:00,2026-09-25 15:09:02.602897+00:00,2026-09-25 15:09:02.603897+00:00,2026-09-25 15:09:02.604897+00:00,2026-09-25 15:09:02.605897+00:00,2026-09-25 15:09:02.606897+00:00,2026-09-25 15:09:02.607897+00:00,2026-09-25 15:09:02.608897+00:00,2026-09-25 15:09:02.609898+00:00,2026-09-25 15:09:02.600897+00:00,2026-09-25 15:09:02.611898+00:00,2026-09-25 15:09:02.612898+00:00,2026-09-25 15:09:02.613898+00:00,2026-09-25 15:09:02.614898+00:00,2026-09-25 15:09:02.615898+00:00,2026-09-25 15:09:02.616898+00:00,2026-09-25 15:09:02.617898+00:00,2026-09-25 15:09:02.618898+00:00,2026-09-25 15:09:02.619898+00:00,2026-09-25 15:09:02.620898+00:00,2026-09-25 15:09:02.621898+00:00,2026-09-25 15:09:02.634899+00:00,2026-09-25 15:09:02.623898+00:00,2026-09-25 15:09:02.624898+00:00,2026-09-25 15:09:02.637899+00:00,2026-09-25 15:09:02.626899+00:00,2026-09-25 15:09:02.627899+00:00,2026-09-25 15:09:02.640899+00:00,2026-09-25 15:09:02.630899+00:00,2026-09-25 15:09:02.631899+00:00,2026-09-25 15:09:02.632899+00:00,2026-09-25 15:09:02.633899+00:00,2026-09-25 15:09:02.622898+00:00,2026-09-25 15:09:02.635899+00:00,2026-09-25 15:09:02.636899+00:00,2026-09-25 15:09:02.625898+00:00,2026-09-25 15:09:02.638899+00:00,2026-09-25 15:09:02.639899+00:00,2026-09-25 15:09:02.629899+00:00,2026-09-25 15:09:02.641899+00:00,2026-09-25 15:09:02.642899+00:00,2026-09-25 15:09:02.643899+00:00,2026-09-25 15:09:02.645900+00:00,2026-09-25 15:09:02.646900+00:00,2026-09-25 15:09:02.647900+00:00,2026-09-25 15:09:02.648900+00:00,2026-09-25 15:09:02.649900+00:00,2026-09-25 15:09:02.650900+00:00,2026-09-25 15:09:02.651900+00:00,2026-09-25 15:09:02.652900+00:00,2026-09-25 15:09:02.653900+00:00,2026-09-25 15:09:02.654900+00:00,2026-09-25 15:09:02.655900+00:00,2026-09-25 15:09:02.656900+00:00,2026-09-25 15:09:02.657900+00:00,2026-09-25 15:09:02.658900+00:00,2026-09-25 15:09:02.659900+00:00,2026-09-25 15:09:02.660900+00:00,2026-09-25 15:09:02.673901+00:00,2026-09-25 15:09:02.662901+00:00,2026-09-25 15:09:02.663901+00:00,2026-09-25 15:09:02.664901+00:00,2026-09-25 15:09:02.665901+00:00,2026-09-25 15:09:02.666901+00:00,2026-09-25 15:09:02.667901+00:00,2026-09-25 15:09:02.668901+00:00,2026-09-25 15:09:02.669901+00:00,2026-09-25 15:09:02.671901+00:00,2026-09-25 15:09:02.683902+00:00,2026-09-25 15:09:02.661901+00:00,2026-09-25 15:09:02.674901+00:00,2026-09-25 15:09:02.675901+00:00,2026-09-25 15:09:02.676901+00:00,2026-09-25 15:09:02.677901+00:00,2026-09-25 15:09:02.678901+00:00,2026-09-25 15:09:02.679902+00:00,2026-09-25 15:09:02.680902+00:00,2026-09-25 15:09:02.681902+00:00,2026-09-25 15:09:02.682902+00:00,2026-09-25 15:09:02.672901+00:00,2026-09-25 15:09:02.683902+00:00,0.362255,2.7604863977032754,181.88368688851142,True,True,False,False,False,False,True,False,False,True,True,True,False,False,False,False
52,2026-09-25 13:39:58.245521+00:00,2026-09-25 15:09:03.069924+00:00,117.007,True,False,False,False,True,False,True,False,False,False,False,False,False,False,False,False,False,False,True,False,False,True,False,True,True,True,False,False,True,True,False,False,False,False,False,False,True,False,False,False,True,True,False,False,False,False,False,True,False,False,False,False,True,True,True,False,False,False,False,True,True,True,False,True,False,False,False,False,True,True,True,False,False,False,False,False,False,False,False,0,0,475,0,2026-09-25 15:09:02.952917+00:00,2026-09-25 15:09:02.972918+00:00,2026-09-25 15:09:02.974918+00:00,2026-09-25 15:09:02.987919+00:00,2026-09-25 15:09:02.977919+00:00,2026-09-25 15:09:02.978919+00:00,2026-09-25 15:09:02.979919+00:00,2026-09-25 15:09:02.980919+00:00,2026-09-25 15:09:02.981919+00:00,2026-09-25 15:09:02.982919+00:00,2026-09-25 15:09:02.983919+00:00,2026-09-25 15:09:02.984919+00:00,2026-09-25 15:09:02.985919+00:00,2026-09-25 15:09:02.986919+00:00,2026-09-25 15:09:02.976919+00:00,2026-09-25 15:09:02.988919+00:00,2026-09-25 15:09:02.989919+00:00,2026-09-25 15:09:02.990919+00:00,2026-09-25 15:09:02.991919+00:00,2026-09-25 15:09:02.992919+00:00,2026-09-25 15:09:02.993919+00:00,2026-09-25 15:09:02.994920+00:00,2026-09-25 15:09:03.007920+00:00,2026-09-25 15:09:02.996920+00:00,2026-09-25 15:09:02.997920+00:00,2026-09-25 15:09:02.998920+00:00,2026-09-25 15:09:02.999920+00:00,2026-09-25 15:09:03.000920+00:00,2026-09-25 15:09:03.001920+00:00,2026-09-25 15:09:03.002920+00:00,2026-09-25 15:09:03.003920+00:00,2026-09-25 15:09:03.005920+00:00,2026-09-25 15:09:03.006920+00:00,2026-09-25 15:09:02.995920+00:00,2026-09-25 15:09:03.008920+00:00,2026-09-25 15:09:03.009920+00:00,2026-09-25 15:09:03.010920+00:00,2026-09-25 15:09:03.011921+00:00,2026-09-25 15:09:03.012921+00:00,2026-09-25 15:09:03.013921+00:00,2026-09-25 15:09:03.014921+00:00,2026-09-25 15:09:03.015921+00:00,2026-09-25 15:09:03.016921+00:00,2026-09-25 15:09:03.029922+00:00,2026-09-25 15:09:03.019921+00:00,2026-09-25 15:09:03.020921+00:00,2026-09-25 15:09:03.021921+00:00,2026-09-25 15:09:03.033922+00:00,2026-09-25 15:09:03.023921+00:00,2026-09-25 15:09:03.024921+00:00,2026-09-25 15:09:03.025921+00:00,2026-09-25 15:09:03.026921+00:00,2026-09-25 15:09:03.027921+00:00,2026-09-25 15:09:03.028921+00:00,2026-09-25 15:09:03.018921+00:00,2026-09-25 15:09:03.030922+00:00,2026-09-25 15:09:03.031922+00:00,2026-09-25 15:09:03.032922+00:00,2026-09-25 15:09:03.022921+00:00,2026-09-25 15:09:03.034922+00:00,2026-09-25 15:09:03.035922+00:00,2026-09-25 15:09:03.036922+00:00,2026-09-25 15:09:03.037922+00:00,2026-09-25 15:09:03.038922+00:00,2026-09-25 15:09:03.039922+00:00,2026-09-25 15:09:03.040922+00:00,2026-09-25 15:09:03.041922+00:00,2026-09-25 15:09:03.042922+00:00,2026-09-25 15:09:03.069924+00:00,2026-09-25 15:09:03.044922+00:00,2026-09-25 15:09:03.045922+00:00,2026-09-25 15:09:03.046923+00:00,2026-09-25 15:09:03.047923+00:00,2026-09-25 15:09:03.048923+00:00,2026-09-25 15:09:03.049923+00:00,2026-09-25 15:09:03.051923+00:00,2026-09-25 15:09:03.066924+00:00,2026-09-25 15:09:03.053923+00:00,2026-09-25 15:09:03.068924+00:00,2026-09-25 15:09:03.043922+00:00,2026-09-25 15:09:03.058923+00:00,2026-09-25 15:09:03.059923+00:00,2026-09-25 15:09:03.060923+00:00,2026-09-25 15:09:03.069924+00:00,0.512327,1.951878390168779,178.85434059551335,True,True,True,False,False,True,True,False,False,True,True,True,False,False,False,False
53,2026-09-25 13:39:58.638529+00:00,2026-09-25 15:09:03.580953+00:00,112.006,True,False,False,False,True,False,True,False,False,False,False,False,False,False,False,False,False,False,True,False,False,True,False,True,True,True,False,False,True,True,False,False,False,False,False,False,True,False,False,False,True,True,False,False,False,False,True,False,False,False,False,False,False,False,False,False,False,False,False,True,True,True,False,True,False,False,False,False,True,True,True,False,False,False,False,False,False,False,False,0,0,0,0,2026-09-25 15:09:03.468947+00:00,2026-09-25 15:09:03.503949+00:00,2026-09-25 15:09:03.504949+00:00,2026-09-25 15:09:03.493948+00:00,2026-09-25 15:09:03.494948+00:00,2026-09-25 15:09:03.495948+00:00,2026-09-25 15:09:03.496948+00:00,2026-09-25 15:09:03.497948+00:00,2026-09-25 15:09:03.498948+00:00,2026-09-25 15:09:03.499948+00:00,2026-09-25 15:09:03.500948+00:00,2026-09-25 15:09:03.502949+00:00,2026-09-25 15:09:03.490948+00:00,2026-09-25 15:09:03.492948+00:00,2026-09-25 15:09:03.505949+00:00,2026-09-25 15:09:03.506949+00:00,2026-09-25 15:09:03.521950+00:00,2026-09-25 15:09:03.509949+00:00,2026-09-25 15:09:03.523950+00:00,2026-09-25 15:09:03.511949+00:00,2026-09-25 15:09:03.512949+00:00,2026-09-25 15:09:03.513949+00:00,2026-09-25 15:09:03.514949+00:00,2026-09-25 15:09:03.515949+00:00,2026-09-25 15:09:03.516949+00:00,2026-09-25 15:09:03.530950+00:00,2026-09-25 15:09:03.531950+00:00,2026-09-25 15:09:03.508949+00:00,2026-09-25 15:09:03.522950+00:00,2026-09-25 15:09:03.510949+00:00,2026-09-25 15:09:03.524950+00:00,2026-09-25 15:09:03.537951+00:00,2026-09-25 15:09:03.526950+00:00,2026-09-25 15:09:03.527950+00:00,2026-09-25 15:09:03.528950+00:00,2026-09-25 15:09:03.529950+00:00,2026-09-25 15:09:03.518950+00:00,2026-09-25 15:09:03.520950+00:00,2026-09-25 15:09:03.544951+00:00,2026-09-25 15:09:03.534950+00:00,2026-09-25 15:09:03.535950+00:00,2026-09-25 15:09:03.536951+00:00,2026-09-25 15:09:03.525950+00:00,2026-09-25 15:09:03.538951+00:00,2026-09-25 15:09:03.539951+00:00,2026-09-25 15:09:03.540951+00:00,2026-09-25 15:09:03.541951+00:00,2026-09-25 15:09:03.542951+00:00,2026-09-25 15:09:03.543951+00:00,2026-09-25 15:09:03.533950+00:00,2026-09-25 15:09:03.545951+00:00,2026-09-25 15:09:03.546951+00:00,2026-09-25 15:09:03.547951+00:00,2026-09-25 15:09:03.548951+00:00,2026-09-25 15:09:03.549951+00:00,2026-09-25 15:09:03.550951+00:00,2026-09-25 15:09:03.551951+00:00,2026-09-25 15:09:03.552951+00:00,2026-09-25 15:09:03.553952+00:00,2026-09-25 15:09:03.554952+00:00,2026-09-25 15:09:03.555952+00:00,2026-09-25 15:09:03.556952+00:00,2026-09-25 15:09:03.557952+00:00,2026-09-25 15:09:03.558952+00:00,2026-09-25 15:09:03.559952+00:00,2026-09-25 15:09:03.560952+00:00,2026-09-25 15:09:03.561952+00:00,2026-09-25 15:09:03.562952+00:00,2026-09-25 15:09:03.564952+00:00,2026-09-25 15:09:03.578953+00:00,2026-09-25 15:09:03.579953+00:00,2026-09-25 15:09:03.569952+00:00,2026-09-25 15:09:03.570952+00:00,2026-09-25 15:09:03.571953+00:00,2026-09-25 15:09:03.572953+00:00,2026-09-25 15:09:03.573953+00:00,2026-09-25 15:09:03.574953+00:00,2026-09-25 15:09:03.575953+00:00,2026-09-25 15:09:03.576953+00:00,2026-09-25 15:09:03.577953+00:00,2026-09-25 15:09:03.566952+00:00,2026-09-25 15:09:03.568952+00:00,2026-09-25 15:09:03.580953+00:00,2026-09-25 15:09:03.580953+00:00,0.393008,2.54447746610756,178.81424019924967,True,True,True,False,False,True,True,False,False,True,True,True,False,False,False,False
54,2026-09-25 13:39:59.132486+00:00,2026-09-25 15:09:04.014978+00:00,154.009,True,False,False,False,True,False,True,False,False,False,False,False,False,False,False,False,False,False,True,False,False,True,False,True,True,True,False,False,True,True,False,False,False,False,False,False,True,False,False,False,True,False,True,False,False,False,True,False,True,False,False,False,False,False,True,False,True,True,False,True,True,True,False,True,False,False,False,False,True,True,True,False,False,False,False,False,False,False,False,0,0,0,0,2026-09-25 15:09:03.860969+00:00,2026-09-25 15:09:03.906972+00:00,2026-09-25 15:09:03.908972+00:00,2026-09-25 15:09:03.910972+00:00,2026-09-25 15:09:03.911972+00:00,2026-09-25 15:09:03.912972+00:00,2026-09-25 15:09:03.913972+00:00,2026-09-25 15:09:03.914972+00:00,2026-09-25 15:09:03.915972+00:00,2026-09-25 15:09:03.916972+00:00,2026-09-25 15:09:03.917972+00:00,2026-09-25 15:09:03.918972+00:00,2026-09-25 15:09:03.920973+00:00,2026-09-25 15:09:03.921973+00:00,2026-09-25 15:09:03.922973+00:00,2026-09-25 15:09:03.923973+00:00,2026-09-25 15:09:03.924973+00:00,2026-09-25 15:09:03.925973+00:00,2026-09-25 15:09:03.926973+00:00,2026-09-25 15:09:03.927973+00:00,2026-09-25 15:09:03.928973+00:00,2026-09-25 15:09:03.929973+00:00,2026-09-25 15:09:03.930973+00:00,2026-09-25 15:09:03.931973+00:00,2026-09-25 15:09:03.932973+00:00,2026-09-25 15:09:03.933973+00:00,2026-09-25 15:09:03.934973+00:00,2026-09-25 15:09:03.935973+00:00,2026-09-25 15:09:03.936973+00:00,2026-09-25 15:09:03.937973+00:00,2026-09-25 15:09:03.938974+00:00,2026-09-25 15:09:03.939974+00:00,2026-09-25 15:09:03.941974+00:00,2026-09-25 15:09:03.955975+00:00,2026-09-25 15:09:03.956975+00:00,2026-09-25 15:09:03.946974+00:00,2026-09-25 15:09:03.947974+00:00,2026-09-25 15:09:03.948974+00:00,2026-09-25 15:09:03.949974+00:00,2026-09-25 15:09:03.950974+00:00,2026-09-25 15:09:03.951974+00:00,2026-09-25 15:09:03.952974+00:00,2026-09-25 15:09:03.953974+00:00,2026-09-25 15:09:03.954974+00:00,2026-09-25 15:09:03.943974+00:00,2026-09-25 15:09:03.945974+00:00,2026-09-25 15:09:03.957975+00:00,2026-09-25 15:09:03.959975+00:00,2026-09-25 15:09:03.960975+00:00,2026-09-25 15:09:03.961975+00:00,2026-09-25 15:09:03.962975+00:00,2026-09-25 15:09:03.963975+00:00,2026-09-25 15:09:03.964975+00:00,2026-09-25 15:09:03.965975+00:00,2026-09-25 15:09:03.966975+00:00,2026-09-25 15:09:03.967975+00:00,2026-09-25 15:09:03.968975+00:00,2026-09-25 15:09:03.985976+00:00,2026-09-25 15:09:03.972975+00:00,2026-09-25 15:09:03.973976+00:00,2026-09-25 15:09:03.974976+00:00,2026-09-25 15:09:03.991977+00:00,2026-09-25 15:09:03.992977+00:00,2026-09-25 15:09:03.979976+00:00,2026-09-25 15:09:03.980976+00:00,2026-09-25 15:09:03.981976+00:00,2026-09-25 15:09:03.982976+00:00,2026-09-25 15:09:03.983976+00:00,2026-09-25 15:09:03.970975+00:00,2026-09-25 15:09:04.014978+00:00,2026-09-25 15:09:03.989976+00:00,2026-09-25 15:09:03.990977+00:00,2026-09-25 15:09:03.976976+00:00,2026-09-25 15:09:03.978976+00:00,2026-09-25 15:09:03.993977+00:00,2026-09-25 15:09:03.994977+00:00,2026-09-25 15:09:03.996977+00:00,2026-09-25 15:09:03.998977+00:00,2026-09-25 15:09:03.999977+00:00,2026-09-25 15:09:04.013978+00:00,2026-09-25 15:09:03.987976+00:00,2026-09-25 15:09:04.004977+00:00,2026-09-25 15:09:04.005977+00:00,2026-09-25 15:09:04.014978+00:00,0.493957,2.0244677168255536,178.77934869297363,True,True,True,False,False,True,True,False,False,True,True,True,False,False,False,False
55,2026-09-25 13:39:59.621035+00:00,2026-09-25 15:09:04.584010+00:00,234.013,True,False,False,False,True,False,False,False,False,False,False,False,False,True,False,False,False,False,True,False,False,True,False,True,True,True,False,False,True,True,False,False,False,False,False,False,True,False,False,False,True,True,False,False,False,False,True,False,True,False,False,False,False,False,False,False,True,False,False,True,True,True,False,True,False,False,False,False,True,True,True,False,False,False,False,False,False,False,False,0,0,0,0,2026-09-25 15:09:04.349997+00:00,2026-09-25 15:09:04.378999+00:00,2026-09-25 15:09:04.380999+00:00,2026-09-25 15:09:04.382999+00:00,2026-09-25 15:09:04.407000+00:00,2026-09-25 15:09:04.409000+00:00,2026-09-25 15:09:04.388999+00:00,2026-09-25 15:09:04.390999+00:00,2026-09-25 15:09:04.393000+00:00,2026-09-25 15:09:04.395000+00:00,2026-09-25 15:09:04.397000+00:00,2026-09-25 15:09:04.399000+00:00,2026-09-25 15:09:04.401000+00:00,2026-09-25 15:09:04.403000+00:00,2026-09-25 15:09:04.405000+00:00,2026-09-25 15:09:04.384999+00:00,2026-09-25 15:09:04.386999+00:00,2026-09-25 15:09:04.411001+00:00,2026-09-25 15:09:04.413001+00:00,2026-09-25 15:09:04.415001+00:00,2026-09-25 15:09:04.506006+00:00,2026-09-25 15:09:04.419001+00:00,2026-09-25 15:09:04.421001+00:00,2026-09-25 15:09:04.446003+00:00,2026-09-25 15:09:04.492005+00:00,2026-09-25 15:09:04.450003+00:00,2026-09-25 15:09:04.452003+00:00,2026-09-25 15:09:04.454003+00:00,2026-09-25 15:09:04.456003+00:00,2026-09-25 15:09:04.524007+00:00,2026-09-25 15:09:04.526007+00:00,2026-09-25 15:09:04.417001+00:00,2026-09-25 15:09:04.442002+00:00,2026-09-25 15:09:04.444002+00:00,2026-09-25 15:09:04.423001+00:00,2026-09-25 15:09:04.426001+00:00,2026-09-25 15:09:04.428002+00:00,2026-09-25 15:09:04.430002+00:00,2026-09-25 15:09:04.432002+00:00,2026-09-25 15:09:04.434002+00:00,2026-09-25 15:09:04.436002+00:00,2026-09-25 15:09:04.438002+00:00,2026-09-25 15:09:04.440002+00:00,2026-09-25 15:09:04.486005+00:00,2026-09-25 15:09:04.510006+00:00,2026-09-25 15:09:04.490005+00:00,2026-09-25 15:09:04.494005+00:00,2026-09-25 15:09:04.496005+00:00,2026-09-25 15:09:04.498006+00:00,2026-09-25 15:09:04.500006+00:00,2026-09-25 15:09:04.458003+00:00,2026-09-25 15:09:04.460003+00:00,2026-09-25 15:09:04.483005+00:00,2026-09-25 15:09:04.508006+00:00,2026-09-25 15:09:04.488005+00:00,2026-09-25 15:09:04.512006+00:00,2026-09-25 15:09:04.514006+00:00,2026-09-25 15:09:04.516007+00:00,2026-09-25 15:09:04.518007+00:00,2026-09-25 15:09:04.520007+00:00,2026-09-25 15:09:04.522007+00:00,2026-09-25 15:09:04.502006+00:00,2026-09-25 15:09:04.504006+00:00,2026-09-25 15:09:04.528007+00:00,2026-09-25 15:09:04.530007+00:00,2026-09-25 15:09:04.532007+00:00,2026-09-25 15:09:04.556009+00:00,2026-09-25 15:09:04.536008+00:00,2026-09-25 15:09:04.538008+00:00,2026-09-25 15:09:04.540008+00:00,2026-09-25 15:09:04.542008+00:00,2026-09-25 15:09:04.544008+00:00,2026-09-25 15:09:04.546008+00:00,2026-09-25 15:09:04.570010+00:00,2026-09-25 15:09:04.552009+00:00,2026-09-25 15:09:04.534008+00:00,2026-09-25 15:09:04.560009+00:00,2026-09-25 15:09:04.564009+00:00,2026-09-25 15:09:04.568010+00:00,2026-09-25 15:09:04.572010+00:00,2026-09-25 15:09:04.576010+00:00,2026-09-25 15:09:04.580010+00:00,2026-09-25 15:09:04.584010+00:00,2026-09-25 15:09:04.584010+00:00,0.488549,2.0468775905794505,178.7328962698788,True,True,True,False,False,True,True,False,False,True,True,True,False,False,False,False
56,2026-09-25 13:40:00.017263+00:00,2026-09-25 15:09:04.968032+00:00,124.007,True,False,False,False,True,False,False,False,True,False,False,False,False,True,False,False,False,False,True,False,False,True,False,False,True,True,False,False,True,True,False,False,False,True,False,True,False,False,False,True,False,True,True,False,False,False,True,False,True,False,False,False,False,False,True,False,False,False,False,True,True,True,False,True,False,False,False,False,True,True,True,False,False,False,False,False,False,False,False,0,0,0,0,2026-09-25 15:09:04.844025+00:00,2026-09-25 15:09:04.886028+00:00,2026-09-25 15:09:04.887028+00:00,2026-09-25 15:09:04.888028+00:00,2026-09-25 15:09:04.900029+00:00,2026-09-25 15:09:04.890028+00:00,2026-09-25 15:09:04.891028+00:00,2026-09-25 15:09:04.892028+00:00,2026-09-25 15:09:04.893028+00:00,2026-09-25 15:09:04.894028+00:00,2026-09-25 15:09:04.895028+00:00,2026-09-25 15:09:04.907029+00:00,2026-09-25 15:09:04.897028+00:00,2026-09-25 15:09:04.898028+00:00,2026-09-25 15:09:04.899028+00:00,2026-09-25 15:09:04.889028+00:00,2026-09-25 15:09:04.901029+00:00,2026-09-25 15:09:04.902029+00:00,2026-09-25 15:09:04.903029+00:00,2026-09-25 15:09:04.904029+00:00,2026-09-25 15:09:04.905029+00:00,2026-09-25 15:09:04.917029+00:00,2026-09-25 15:09:04.896028+00:00,2026-09-25 15:09:04.908029+00:00,2026-09-25 15:09:04.909029+00:00,2026-09-25 15:09:04.910029+00:00,2026-09-25 15:09:04.911029+00:00,2026-09-25 15:09:04.912029+00:00,2026-09-25 15:09:04.913029+00:00,2026-09-25 15:09:04.914029+00:00,2026-09-25 15:09:04.915029+00:00,2026-09-25 15:09:04.916029+00:00,2026-09-25 15:09:04.906029+00:00,2026-09-25 15:09:04.918030+00:00,2026-09-25 15:09:04.919030+00:00,2026-09-25 15:09:04.920030+00:00,2026-09-25 15:09:04.921030+00:00,2026-09-25 15:09:04.933030+00:00,2026-09-25 15:09:04.923030+00:00,2026-09-25 15:09:04.924030+00:00,2026-09-25 15:09:04.925030+00:00,2026-09-25 15:09:04.926030+00:00,2026-09-25 15:09:04.927030+00:00,2026-09-25 15:09:04.928030+00:00,2026-09-25 15:09:04.929030+00:00,2026-09-25 15:09:04.930030+00:00,2026-09-25 15:09:04.931030+00:00,2026-09-25 15:09:04.932030+00:00,2026-09-25 15:09:04.922030+00:00,2026-09-25 15:09:04.934030+00:00,2026-09-25 15:09:04.935031+00:00,2026-09-25 15:09:04.936031+00:00,2026-09-25 15:09:04.937031+00:00,2026-09-25 15:09:04.938031+00:00,2026-09-25 15:09:04.939031+00:00,2026-09-25 15:09:04.940031+00:00,2026-09-25 15:09:04.941031+00:00,2026-09-25 15:09:04.942031+00:00,2026-09-25 15:09:04.943031+00:00,2026-09-25 15:09:04.944031+00:00,2026-09-25 15:09:04.945031+00:00,2026-09-25 15:09:04.946031+00:00,2026-09-25 15:09:04.947031+00:00,2026-09-25 15:09:04.948031+00:00,2026-09-25 15:09:04.949031+00:00,2026-09-25 15:09:04.950031+00:00,2026-09-25 15:09:04.951031+00:00,2026-09-25 15:09:04.952031+00:00,2026-09-25 15:09:04.953032+00:00,2026-09-25 15:09:04.954032+00:00,2026-09-25 15:09:04.955032+00:00,2026-09-25 15:09:04.956032+00:00,2026-09-25 15:09:04.957032+00:00,2026-09-25 15:09:04.959032+00:00,2026-09-25 15:09:04.960032+00:00,2026-09-25 15:09:04.961032+00:00,2026-09-25 15:09:04.962032+00:00,2026-09-25 15:09:04.963032+00:00,2026-09-25 15:09:04.964032+00:00,2026-09-25 15:09:04.965032+00:00,2026-09-25 15:09:04.966032+00:00,2026-09-25 15:09:04.967032+00:00,2026-09-25 15:09:04.968032+00:00,2026-09-25 15:09:04.968032+00:00,0.396228,2.523799428611809,178.70135775959247,True,True,True,False,False,False,True,False,False,True,True,True,False,False,False,False
57,2026-09-25 13:40:00.408002+00:00,2026-09-25 15:09:05.369055+00:00,87.005,True,False,False,False,True,False,False,False,True,False,False,False,False,True,False,False,False,False,True,False,False,True,False,False,True,True,False,False,True,True,False,False,False,True,False,True,False,False,False,True,False,False,False,False,False,False,True,False,True,False,False,False,False,False,False,False,False,True,False,True,True,True,False,True,False,False,False,False,True,True,True,False,False,False,False,False,False,False,False,0,0,0,0,2026-09-25 15:09:05.282050+00:00,2026-09-25 15:09:05.293051+00:00,2026-09-25 15:09:05.284050+00:00,2026-09-25 15:09:05.285051+00:00,2026-09-25 15:09:05.286051+00:00,2026-09-25 15:09:05.287051+00:00,2026-09-25 15:09:05.288051+00:00,2026-09-25 15:09:05.289051+00:00,2026-09-25 15:09:05.290051+00:00,2026-09-25 15:09:05.291051+00:00,2026-09-25 15:09:05.292051+00:00,2026-09-25 15:09:05.283050+00:00,2026-09-25 15:09:05.294051+00:00,2026-09-25 15:09:05.295051+00:00,2026-09-25 15:09:05.296051+00:00,2026-09-25 15:09:05.297051+00:00,2026-09-25 15:09:05.298051+00:00,2026-09-25 15:09:05.299051+00:00,2026-09-25 15:09:05.300051+00:00,2026-09-25 15:09:05.301051+00:00,2026-09-25 15:09:05.302052+00:00,2026-09-25 15:09:05.303052+00:00,2026-09-25 15:09:05.304052+00:00,2026-09-25 15:09:05.305052+00:00,2026-09-25 15:09:05.306052+00:00,2026-09-25 15:09:05.307052+00:00,2026-09-25 15:09:05.308052+00:00,2026-09-25 15:09:05.309052+00:00,2026-09-25 15:09:05.310052+00:00,2026-09-25 15:09:05.311052+00:00,2026-09-25 15:09:05.312052+00:00,2026-09-25 15:09:05.313052+00:00,2026-09-25 15:09:05.314052+00:00,2026-09-25 15:09:05.315052+00:00,2026-09-25 15:09:05.316052+00:00,2026-09-25 15:09:05.317052+00:00,2026-09-25 15:09:05.318052+00:00,2026-09-25 15:09:05.330053+00:00,2026-09-25 15:09:05.320053+00:00,2026-09-25 15:09:05.321053+00:00,2026-09-25 15:09:05.322053+00:00,2026-09-25 15:09:05.323053+00:00,2026-09-25 15:09:05.324053+00:00,2026-09-25 15:09:05.325053+00:00,2026-09-25 15:09:05.326053+00:00,2026-09-25 15:09:05.327053+00:00,2026-09-25 15:09:05.328053+00:00,2026-09-25 15:09:05.329053+00:00,2026-09-25 15:09:05.319052+00:00,2026-09-25 15:09:05.331053+00:00,2026-09-25 15:09:05.332053+00:00,2026-09-25 15:09:05.333053+00:00,2026-09-25 15:09:05.334053+00:00,2026-09-25 15:09:05.335053+00:00,2026-09-25 15:09:05.336053+00:00,2026-09-25 15:09:05.337054+00:00,2026-09-25 15:09:05.338054+00:00,2026-09-25 15:09:05.339054+00:00,2026-09-25 15:09:05.340054+00:00,2026-09-25 15:09:05.341054+00:00,2026-09-25 15:09:05.342054+00:00,2026-09-25 15:09:05.343054+00:00,2026-09-25 15:09:05.344054+00:00,2026-09-25 15:09:05.345054+00:00,2026-09-25 15:09:05.346054+00:00,2026-09-25 15:09:05.347054+00:00,2026-09-25 15:09:05.348054+00:00,2026-09-25 15:09:05.360055+00:00,2026-09-25 15:09:05.361055+00:00,2026-09-25 15:09:05.362055+00:00,2026-09-25 15:09:05.363055+00:00,2026-09-25 15:09:05.353054+00:00,2026-09-25 15:09:05.354054+00:00,2026-09-25 15:09:05.355055+00:00,2026-09-25 15:09:05.356055+00:00,2026-09-25 15:09:05.357055+00:00,2026-09-25 15:09:05.369055+00:00,2026-09-25 15:09:05.359055+00:00,2026-09-25 15:09:05.349054+00:00,2026-09-25 15:09:05.350054+00:00,2026-09-25 15:09:05.351054+00:00,2026-09-25 15:09:05.352054+00:00,2026-09-25 15:09:05.364055+00:00,2026-09-25 15:09:05.369055+00:00,0.390739,2.559253107573086,178.66848032377263,True,True,True,False,False,False,True,False,False,True,True,True,False,False,False,False
58,2026-09-25 13:40:00.783266+00:00,2026-09-25 15:09:05.720075+00:00,94.005,True,False,False,False,True,False,False,False,True,False,False,False,False,True,False,False,False,False,True,False,False,True,False,False,True,True,False,False,True,True,False,False,False,True,False,True,False,False,False,False,True,True,True,False,False,False,True,False,True,False,False,False,False,False,False,False,True,False,False,True,True,True,False,True,False,False,False,False,True,True,True,False,False,False,False,False,False,False,False,0,0,0,0,2026-09-25 15:09:05.626070+00:00,2026-09-25 15:09:05.638071+00:00,2026-09-25 15:09:05.639071+00:00,2026-09-25 15:09:05.640071+00:00,2026-09-25 15:09:05.641071+00:00,2026-09-25 15:09:05.653072+00:00,2026-09-25 15:09:05.654072+00:00,2026-09-25 15:09:05.644071+00:00,2026-09-25 15:09:05.645071+00:00,2026-09-25 15:09:05.646071+00:00,2026-09-25 15:09:05.647071+00:00,2026-09-25 15:09:05.648071+00:00,2026-09-25 15:09:05.649071+00:00,2026-09-25 15:09:05.650071+00:00,2026-09-25 15:09:05.651071+00:00,2026-09-25 15:09:05.652072+00:00,2026-09-25 15:09:05.642071+00:00,2026-09-25 15:09:05.643071+00:00,2026-09-25 15:09:05.655072+00:00,2026-09-25 15:09:05.656072+00:00,2026-09-25 15:09:05.657072+00:00,2026-09-25 15:09:05.658072+00:00,2026-09-25 15:09:05.659072+00:00,2026-09-25 15:09:05.660072+00:00,2026-09-25 15:09:05.661072+00:00,2026-09-25 15:09:05.662072+00:00,2026-09-25 15:09:05.663072+00:00,2026-09-25 15:09:05.664072+00:00,2026-09-25 15:09:05.676073+00:00,2026-09-25 15:09:05.666072+00:00,2026-09-25 15:09:05.667072+00:00,2026-09-25 15:09:05.668072+00:00,2026-09-25 15:09:05.669073+00:00,2026-09-25 15:09:05.670073+00:00,2026-09-25 15:09:05.671073+00:00,2026-09-25 15:09:05.672073+00:00,2026-09-25 15:09:05.673073+00:00,2026-09-25 15:09:05.685073+00:00,2026-09-25 15:09:05.675073+00:00,2026-09-25 15:09:05.665072+00:00,2026-09-25 15:09:05.677073+00:00,2026-09-25 15:09:05.678073+00:00,2026-09-25 15:09:05.679073+00:00,2026-09-25 15:09:05.680073+00:00,2026-09-25 15:09:05.681073+00:00,2026-09-25 15:09:05.682073+00:00,2026-09-25 15:09:05.683073+00:00,2026-09-25 15:09:05.684073+00:00,2026-09-25 15:09:05.674073+00:00,2026-09-25 15:09:05.686073+00:00,2026-09-25 15:09:05.687074+00:00,2026-09-25 15:09:05.688074+00:00,2026-09-25 15:09:05.689074+00:00,2026-09-25 15:09:05.690074+00:00,2026-09-25 15:09:05.691074+00:00,2026-09-25 15:09:05.703074+00:00,2026-09-25 15:09:05.693074+00:00,2026-09-25 15:09:05.694074+00:00,2026-09-25 15:09:05.695074+00:00,2026-09-25 15:09:05.696074+00:00,2026-09-25 15:09:05.708075+00:00,2026-09-25 15:09:05.698074+00:00,2026-09-25 15:09:05.699074+00:00,2026-09-25 15:09:05.700074+00:00,2026-09-25 15:09:05.701074+00:00,2026-09-25 15:09:05.702074+00:00,2026-09-25 15:09:05.692074+00:00,2026-09-25 15:09:05.704075+00:00,2026-09-25 15:09:05.705075+00:00,2026-09-25 15:09:05.706075+00:00,2026-09-25 15:09:05.707075+00:00,2026-09-25 15:09:05.709075+00:00,2026-09-25 15:09:05.710075+00:00,2026-09-25 15:09:05.711075+00:00,2026-09-25 15:09:05.712075+00:00,2026-09-25 15:09:05.713075+00:00,2026-09-25 15:09:05.714075+00:00,2026-09-25 15:09:05.715075+00:00,2026-09-25 15:09:05.716075+00:00,2026-09-25 15:09:05.717075+00:00,2026-09-25 15:09:05.718075+00:00,2026-09-25 15:09:05.719075+00:00,2026-09-25 15:09:05.720075+00:00,2026-09-25 15:09:05.720075+00:00,0.375264,2.664790654046218,178.6399031328839,True,True,True,False,False,False,True,False,False,True,True,True,False,False,False,False
59,2026-09-25 13:40:01.149987+00:00,2026-09-25 15:09:06.113098+00:00,86.005,True,False,False,False,True,False,False,False,True,False,False,False,False,True,False,False,False,False,True,False,False,True,False,False,True,True,False,False,True,True,False,False,False,True,False,True,False,False,False,False,False,False,False,False,False,False,True,False,True,False,False,False,False,False,False,True,False,True,False,True,True,True,False,True,False,False,False,False,True,True,True,False,False,False,False,False,False,False,False,0,0,0,0,2026-09-25 15:09:06.027093+00:00,2026-09-25 15:09:06.032093+00:00,2026-09-25 15:09:06.033093+00:00,2026-09-25 15:09:06.034093+00:00,2026-09-25 15:09:06.035093+00:00,2026-09-25 15:09:06.047094+00:00,2026-09-25 15:09:06.037094+00:00,2026-09-25 15:09:06.038094+00:00,2026-09-25 15:09:06.039094+00:00,2026-09-25 15:09:06.051094+00:00,2026-09-25 15:09:06.041094+00:00,2026-09-25 15:09:06.042094+00:00,2026-09-25 15:09:06.044094+00:00,2026-09-25 15:09:06.043094+00:00,2026-09-25 15:09:06.056095+00:00,2026-09-25 15:09:06.046094+00:00,2026-09-25 15:09:06.036093+00:00,2026-09-25 15:09:06.048094+00:00,2026-09-25 15:09:06.049094+00:00,2026-09-25 15:09:06.050094+00:00,2026-09-25 15:09:06.040094+00:00,2026-09-25 15:09:06.052094+00:00,2026-09-25 15:09:06.053094+00:00,2026-09-25 15:09:06.054095+00:00,2026-09-25 15:09:06.055095+00:00,2026-09-25 15:09:06.045094+00:00,2026-09-25 15:09:06.068095+00:00,2026-09-25 15:09:06.058095+00:00,2026-09-25 15:09:06.059095+00:00,2026-09-25 15:09:06.060095+00:00,2026-09-25 15:09:06.072096+00:00,2026-09-25 15:09:06.073096+00:00,2026-09-25 15:09:06.063095+00:00,2026-09-25 15:09:06.064095+00:00,2026-09-25 15:09:06.065095+00:00,2026-09-25 15:09:06.066095+00:00,2026-09-25 15:09:06.078096+00:00,2026-09-25 15:09:06.057095+00:00,2026-09-25 15:09:06.069095+00:00,2026-09-25 15:09:06.070095+00:00,2026-09-25 15:09:06.071095+00:00,2026-09-25 15:09:06.061095+00:00,2026-09-25 15:09:06.062095+00:00,2026-09-25 15:09:06.074096+00:00,2026-09-25 15:09:06.075096+00:00,2026-09-25 15:09:06.087096+00:00,2026-09-25 15:09:06.077096+00:00,2026-09-25 15:09:06.067095+00:00,2026-09-25 15:09:06.079096+00:00,2026-09-25 15:09:06.080096+00:00,2026-09-25 15:09:06.081096+00:00,2026-09-25 15:09:06.082096+00:00,2026-09-25 15:09:06.083096+00:00,2026-09-25 15:09:06.084096+00:00,2026-09-25 15:09:06.085096+00:00,2026-09-25 15:09:06.086096+00:00,2026-09-25 15:09:06.076096+00:00,2026-09-25 15:09:06.088096+00:00,2026-09-25 15:09:06.089097+00:00,2026-09-25 15:09:06.090097+00:00,2026-09-25 15:09:06.091097+00:00,2026-09-25 15:09:06.103097+00:00,2026-09-25 15:09:06.093097+00:00,2026-09-25 15:09:06.105097+00:00,2026-09-25 15:09:06.106097+00:00,2026-09-25 15:09:06.107098+00:00,2026-09-25 15:09:06.108098+00:00,2026-09-25 15:09:06.109098+00:00,2026-09-25 15:09:06.110098+00:00,2026-09-25 15:09:06.100097+00:00,2026-09-25 15:09:06.101097+00:00,2026-09-25 15:09:06.102097+00:00,2026-09-25 15:09:06.092097+00:00,2026-09-25 15:09:06.104097+00:00,2026-09-25 15:09:06.094097+00:00,2026-09-25 15:09:06.095097+00:00,2026-09-25 15:09:06.096097+00:00,2026-09-25 15:09:06.097097+00:00,2026-09-25 15:09:06.098097+00:00,2026-09-25 15:09:06.099097+00:00,2026-09-25 15:09:06.111098+00:00,2026-09-25 15:09:06.112098+00:00,2026-09-25 15:09:06.113098+00:00,2026-09-25 15:09:06.113098+00:00,0.366721,2.7268686549174985,178.6082966332293,True,True,True,False,False,False,True,False,False,True,True,True,False,False,False,False
60,2026-09-25 13:40:01.619241+00:00,2026-09-25 15:09:06.542122+00:00,170.009,True,False,False,False,True,True,False,False,True,False,False,False,False,False,False,False,False,False,False,False,False,False,False,False,True,True,False,False,True,True,False,False,False,True,False,True,False,False,False,False,True,False,False,True,False,False,False,False,True,False,False,False,False,False,False,True,True,False,False,True,True,True,False,True,False,False,False,False,True,True,True,False,False,False,False,False,False,False,False,0,0,0,0,2026-09-25 15:09:06.372113+00:00,2026-09-25 15:09:06.437116+00:00,2026-09-25 15:09:06.438116+00:00,2026-09-25 15:09:06.439117+00:00,2026-09-25 15:09:06.440117+00:00,2026-09-25 15:09:06.441117+00:00,2026-09-25 15:09:06.442117+00:00,2026-09-25 15:09:06.443117+00:00,2026-09-25 15:09:06.444117+00:00,2026-09-25 15:09:06.445117+00:00,2026-09-25 15:09:06.446117+00:00,2026-09-25 15:09:06.447117+00:00,2026-09-25 15:09:06.448117+00:00,2026-09-25 15:09:06.449117+00:00,2026-09-25 15:09:06.462118+00:00,2026-09-25 15:09:06.451117+00:00,2026-09-25 15:09:06.452117+00:00,2026-09-25 15:09:06.453117+00:00,2026-09-25 15:09:06.454117+00:00,2026-09-25 15:09:06.455117+00:00,2026-09-25 15:09:06.456118+00:00,2026-09-25 15:09:06.458118+00:00,2026-09-25 15:09:06.459118+00:00,2026-09-25 15:09:06.460118+00:00,2026-09-25 15:09:06.461118+00:00,2026-09-25 15:09:06.450117+00:00,2026-09-25 15:09:06.463118+00:00,2026-09-25 15:09:06.464118+00:00,2026-09-25 15:09:06.465118+00:00,2026-09-25 15:09:06.477119+00:00,2026-09-25 15:09:06.478119+00:00,2026-09-25 15:09:06.479119+00:00,2026-09-25 15:09:06.480119+00:00,2026-09-25 15:09:06.481119+00:00,2026-09-25 15:09:06.471118+00:00,2026-09-25 15:09:06.472118+00:00,2026-09-25 15:09:06.473118+00:00,2026-09-25 15:09:06.474119+00:00,2026-09-25 15:09:06.475119+00:00,2026-09-25 15:09:06.476119+00:00,2026-09-25 15:09:06.466118+00:00,2026-09-25 15:09:06.467118+00:00,2026-09-25 15:09:06.468118+00:00,2026-09-25 15:09:06.469118+00:00,2026-09-25 15:09:06.470118+00:00,2026-09-25 15:09:06.482119+00:00,2026-09-25 15:09:06.483119+00:00,2026-09-25 15:09:06.495120+00:00,2026-09-25 15:09:06.485119+00:00,2026-09-25 15:09:06.486119+00:00,2026-09-25 15:09:06.487119+00:00,2026-09-25 15:09:06.488119+00:00,2026-09-25 15:09:06.489119+00:00,2026-09-25 15:09:06.490119+00:00,2026-09-25 15:09:06.491120+00:00,2026-09-25 15:09:06.492120+00:00,2026-09-25 15:09:06.493120+00:00,2026-09-25 15:09:06.494120+00:00,2026-09-25 15:09:06.484119+00:00,2026-09-25 15:09:06.496120+00:00,2026-09-25 15:09:06.497120+00:00,2026-09-25 15:09:06.509121+00:00,2026-09-25 15:09:06.499120+00:00,2026-09-25 15:09:06.500120+00:00,2026-09-25 15:09:06.501120+00:00,2026-09-25 15:09:06.502120+00:00,2026-09-25 15:09:06.503120+00:00,2026-09-25 15:09:06.504120+00:00,2026-09-25 15:09:06.505120+00:00,2026-09-25 15:09:06.506120+00:00,2026-09-25 15:09:06.507120+00:00,2026-09-25 15:09:06.508120+00:00,2026-09-25 15:09:06.498120+00:00,2026-09-25 15:09:06.510121+00:00,2026-09-25 15:09:06.511121+00:00,2026-09-25 15:09:06.512121+00:00,2026-09-25 15:09:06.513121+00:00,2026-09-25 15:09:06.514121+00:00,2026-09-25 15:09:06.515121+00:00,2026-09-25 15:09:06.516121+00:00,2026-09-25 15:09:06.517121+00:00,2026-09-25 15:09:06.518121+00:00,2026-09-25 15:09:06.542122+00:00,2026-09-25 15:09:06.542122+00:00,0.469254,2.1310420369352205,181.57446864360574,True,True,False,False,False,False,True,False,False,True,True,True,False,False,False,False
61,2026-09-25 13:40:02.074577+00:00,2026-09-25 15:09:06.929145+00:00,92.006,True,False,False,False,True,True,False,False,True,False,False,False,False,False,False,False,False,True,False,False,False,False,False,False,True,True,False,False,True,True,False,False,False,True,False,True,False,False,False,True,False,True,True,True,False,False,False,False,True,False,False,False,False,False,False,True,False,True,False,True,True,True,False,True,False,False,False,False,True,True,True,False,False,False,False,False,False,False,False,1,0,0,0,2026-09-25 15:09:06.837139+00:00,2026-09-25 15:09:06.848140+00:00,2026-09-25 15:09:06.849140+00:00,2026-09-25 15:09:06.850140+00:00,2026-09-25 15:09:06.862141+00:00,2026-09-25 15:09:06.852140+00:00,2026-09-25 15:09:06.853140+00:00,2026-09-25 15:09:06.854140+00:00,2026-09-25 15:09:06.855140+00:00,2026-09-25 15:09:06.867141+00:00,2026-09-25 15:09:06.857140+00:00,2026-09-25 15:09:06.858141+00:00,2026-09-25 15:09:06.859141+00:00,2026-09-25 15:09:06.860141+00:00,2026-09-25 15:09:06.861141+00:00,2026-09-25 15:09:06.851140+00:00,2026-09-25 15:09:06.863141+00:00,2026-09-25 15:09:06.864141+00:00,2026-09-25 15:09:06.865141+00:00,2026-09-25 15:09:06.866141+00:00,2026-09-25 15:09:06.856140+00:00,2026-09-25 15:09:06.868141+00:00,2026-09-25 15:09:06.869141+00:00,2026-09-25 15:09:06.870141+00:00,2026-09-25 15:09:06.871141+00:00,2026-09-25 15:09:06.872141+00:00,2026-09-25 15:09:06.873141+00:00,2026-09-25 15:09:06.874141+00:00,2026-09-25 15:09:06.875141+00:00,2026-09-25 15:09:06.876142+00:00,2026-09-25 15:09:06.877142+00:00,2026-09-25 15:09:06.878142+00:00,2026-09-25 15:09:06.879142+00:00,2026-09-25 15:09:06.880142+00:00,2026-09-25 15:09:06.881142+00:00,2026-09-25 15:09:06.882142+00:00,2026-09-25 15:09:06.883142+00:00,2026-09-25 15:09:06.884142+00:00,2026-09-25 15:09:06.885142+00:00,2026-09-25 15:09:06.886142+00:00,2026-09-25 15:09:06.887142+00:00,2026-09-25 15:09:06.888142+00:00,2026-09-25 15:09:06.889142+00:00,2026-09-25 15:09:06.890142+00:00,2026-09-25 15:09:06.902143+00:00,2026-09-25 15:09:06.892142+00:00,2026-09-25 15:09:06.893143+00:00,2026-09-25 15:09:06.894143+00:00,2026-09-25 15:09:06.906143+00:00,2026-09-25 15:09:06.896143+00:00,2026-09-25 15:09:06.897143+00:00,2026-09-25 15:09:06.898143+00:00,2026-09-25 15:09:06.899143+00:00,2026-09-25 15:09:06.900143+00:00,2026-09-25 15:09:06.901143+00:00,2026-09-25 15:09:06.891142+00:00,2026-09-25 15:09:06.903143+00:00,2026-09-25 15:09:06.904143+00:00,2026-09-25 15:09:06.905143+00:00,2026-09-25 15:09:06.895143+00:00,2026-09-25 15:09:06.907143+00:00,2026-09-25 15:09:06.908143+00:00,2026-09-25 15:09:06.909143+00:00,2026-09-25 15:09:06.910143+00:00,2026-09-25 15:09:06.911144+00:00,2026-09-25 15:09:06.912144+00:00,2026-09-25 15:09:06.913144+00:00,2026-09-25 15:09:06.914144+00:00,2026-09-25 15:09:06.915144+00:00,2026-09-25 15:09:06.916144+00:00,2026-09-25 15:09:06.917144+00:00,2026-09-25 15:09:06.929145+00:00,2026-09-25 15:09:06.919144+00:00,2026-09-25 15:09:06.920144+00:00,2026-09-25 15:09:06.921144+00:00,2026-09-25 15:09:06.922144+00:00,2026-09-25 15:09:06.923144+00:00,2026-09-25 15:09:06.924144+00:00,2026-09-25 15:09:06.925144+00:00,2026-09-25 15:09:06.926144+00:00,2026-09-25 15:09:06.927144+00:00,2026-09-25 15:09:06.928145+00:00,2026-09-25 15:09:06.918144+00:00,2026-09-25 15:09:06.929145+00:00,0.455336,2.1961804030430274,182.34473844916184,True,True,True,False,False,False,True,False,False,True,True,True,False,False,False,False
62,2026-09-25 13:40:02.458797+00:00,2026-09-25 15:09:07.416172+00:00,100.005,True,False,False,False,True,True,False,False,True,False,False,False,False,False,False,False,False,True,False,False,False,False,False,False,True,True,False,False,True,True,False,False,False,True,False,True,False,False,False,True,True,True,True,True,False,False,False,False,True,False,False,False,False,False,False,True,False,True,False,True,True,True,False,True,False,False,False,False,True,True,True,False,False,False,False,False,False,False,False,0,0,0,0,2026-09-25 15:09:07.316167+00:00,2026-09-25 15:09:07.335168+00:00,2026-09-25 15:09:07.336168+00:00,2026-09-25 15:09:07.337168+00:00,2026-09-25 15:09:07.338168+00:00,2026-09-25 15:09:07.339168+00:00,2026-09-25 15:09:07.340168+00:00,2026-09-25 15:09:07.341168+00:00,2026-09-25 15:09:07.342168+00:00,2026-09-25 15:09:07.343168+00:00,2026-09-25 15:09:07.344168+00:00,2026-09-25 15:09:07.345168+00:00,2026-09-25 15:09:07.346168+00:00,2026-09-25 15:09:07.347168+00:00,2026-09-25 15:09:07.348169+00:00,2026-09-25 15:09:07.349169+00:00,2026-09-25 15:09:07.361169+00:00,2026-09-25 15:09:07.351169+00:00,2026-09-25 15:09:07.352169+00:00,2026-09-25 15:09:07.353169+00:00,2026-09-25 15:09:07.354169+00:00,2026-09-25 15:09:07.355169+00:00,2026-09-25 15:09:07.356169+00:00,2026-09-25 15:09:07.357169+00:00,2026-09-25 15:09:07.358169+00:00,2026-09-25 15:09:07.359169+00:00,2026-09-25 15:09:07.360169+00:00,2026-09-25 15:09:07.350169+00:00,2026-09-25 15:09:07.362169+00:00,2026-09-25 15:09:07.363169+00:00,2026-09-25 15:09:07.364169+00:00,2026-09-25 15:09:07.365170+00:00,2026-09-25 15:09:07.366170+00:00,2026-09-25 15:09:07.367170+00:00,2026-09-25 15:09:07.368170+00:00,2026-09-25 15:09:07.369170+00:00,2026-09-25 15:09:07.370170+00:00,2026-09-25 15:09:07.371170+00:00,2026-09-25 15:09:07.372170+00:00,2026-09-25 15:09:07.373170+00:00,2026-09-25 15:09:07.374170+00:00,2026-09-25 15:09:07.375170+00:00,2026-09-25 15:09:07.376170+00:00,2026-09-25 15:09:07.377170+00:00,2026-09-25 15:09:07.378170+00:00,2026-09-25 15:09:07.379170+00:00,2026-09-25 15:09:07.380170+00:00,2026-09-25 15:09:07.381170+00:00,2026-09-25 15:09:07.382170+00:00,2026-09-25 15:09:07.383171+00:00,2026-09-25 15:09:07.384171+00:00,2026-09-25 15:09:07.385171+00:00,2026-09-25 15:09:07.408172+00:00,2026-09-25 15:09:07.387171+00:00,2026-09-25 15:09:07.388171+00:00,2026-09-25 15:09:07.389171+00:00,2026-09-25 15:09:07.390171+00:00,2026-09-25 15:09:07.391171+00:00,2026-09-25 15:09:07.392171+00:00,2026-09-25 15:09:07.404172+00:00,2026-09-25 15:09:07.405172+00:00,2026-09-25 15:09:07.406172+00:00,2026-09-25 15:09:07.407172+00:00,2026-09-25 15:09:07.386171+00:00,2026-09-25 15:09:07.398171+00:00,2026-09-25 15:09:07.399171+00:00,2026-09-25 15:09:07.400172+00:00,2026-09-25 15:09:07.401172+00:00,2026-09-25 15:09:07.413172+00:00,2026-09-25 15:09:07.403172+00:00,2026-09-25 15:09:07.393171+00:00,2026-09-25 15:09:07.394171+00:00,2026-09-25 15:09:07.395171+00:00,2026-09-25 15:09:07.396171+00:00,2026-09-25 15:09:07.397171+00:00,2026-09-25 15:09:07.409172+00:00,2026-09-25 15:09:07.410172+00:00,2026-09-25 15:09:07.411172+00:00,2026-09-25 15:09:07.412172+00:00,2026-09-25 15:09:07.402172+00:00,2026-09-25 15:09:07.414172+00:00,2026-09-25 15:09:07.415172+00:00,2026-09-25 15:09:07.416172+00:00,2026-09-25 15:09:07.416172+00:00,0.38422,2.6026755504658787,182.30864278086923,True,True,True,False,False,False,True,False,False,True,True,True,False,False,False,False
63,2026-09-25 13:40:02.873356+00:00,2026-09-25 15:09:07.814195+00:00,102.006,True,False,False,False,True,True,False,False,True,False,False,False,False,False,False,False,False,True,False,False,False,False,False,False,True,True,False,False,True,True,False,False,False,True,False,True,False,False,False,True,False,False,False,True,False,False,False,False,True,False,False,False,False,False,False,True,True,False,False,True,True,True,False,True,False,False,False,False,True,True,True,False,False,False,False,False,False,False,False,0,0,0,0,2026-09-25 15:09:07.712189+00:00,2026-09-25 15:09:07.723190+00:00,2026-09-25 15:09:07.733191+00:00,2026-09-25 15:09:07.725190+00:00,2026-09-25 15:09:07.726190+00:00,2026-09-25 15:09:07.738191+00:00,2026-09-25 15:09:07.728190+00:00,2026-09-25 15:09:07.729190+00:00,2026-09-25 15:09:07.730190+00:00,2026-09-25 15:09:07.731190+00:00,2026-09-25 15:09:07.724190+00:00,2026-09-25 15:09:07.732191+00:00,2026-09-25 15:09:07.734191+00:00,2026-09-25 15:09:07.735191+00:00,2026-09-25 15:09:07.736191+00:00,2026-09-25 15:09:07.737191+00:00,2026-09-25 15:09:07.727190+00:00,2026-09-25 15:09:07.739191+00:00,2026-09-25 15:09:07.740191+00:00,2026-09-25 15:09:07.741191+00:00,2026-09-25 15:09:07.742191+00:00,2026-09-25 15:09:07.743191+00:00,2026-09-25 15:09:07.744191+00:00,2026-09-25 15:09:07.745191+00:00,2026-09-25 15:09:07.746191+00:00,2026-09-25 15:09:07.747191+00:00,2026-09-25 15:09:07.748191+00:00,2026-09-25 15:09:07.749191+00:00,2026-09-25 15:09:07.750192+00:00,2026-09-25 15:09:07.751192+00:00,2026-09-25 15:09:07.752192+00:00,2026-09-25 15:09:07.753192+00:00,2026-09-25 15:09:07.754192+00:00,2026-09-25 15:09:07.755192+00:00,2026-09-25 15:09:07.756192+00:00,2026-09-25 15:09:07.768193+00:00,2026-09-25 15:09:07.769193+00:00,2026-09-25 15:09:07.759192+00:00,2026-09-25 15:09:07.771193+00:00,2026-09-25 15:09:07.761192+00:00,2026-09-25 15:09:07.762192+00:00,2026-09-25 15:09:07.763192+00:00,2026-09-25 15:09:07.764192+00:00,2026-09-25 15:09:07.765192+00:00,2026-09-25 15:09:07.766192+00:00,2026-09-25 15:09:07.767193+00:00,2026-09-25 15:09:07.757192+00:00,2026-09-25 15:09:07.758192+00:00,2026-09-25 15:09:07.770193+00:00,2026-09-25 15:09:07.760192+00:00,2026-09-25 15:09:07.772193+00:00,2026-09-25 15:09:07.773193+00:00,2026-09-25 15:09:07.774193+00:00,2026-09-25 15:09:07.775193+00:00,2026-09-25 15:09:07.776193+00:00,2026-09-25 15:09:07.777193+00:00,2026-09-25 15:09:07.778193+00:00,2026-09-25 15:09:07.779193+00:00,2026-09-25 15:09:07.780193+00:00,2026-09-25 15:09:07.781193+00:00,2026-09-25 15:09:07.782193+00:00,2026-09-25 15:09:07.783193+00:00,2026-09-25 15:09:07.784193+00:00,2026-09-25 15:09:07.785194+00:00,2026-09-25 15:09:07.786194+00:00,2026-09-25 15:09:07.787194+00:00,2026-09-25 15:09:07.788194+00:00,2026-09-25 15:09:07.789194+00:00,2026-09-25 15:09:07.790194+00:00,2026-09-25 15:09:07.791194+00:00,2026-09-25 15:09:07.792194+00:00,2026-09-25 15:09:07.793194+00:00,2026-09-25 15:09:07.794194+00:00,2026-09-25 15:09:07.795194+00:00,2026-09-25 15:09:07.796194+00:00,2026-09-25 15:09:07.797194+00:00,2026-09-25 15:09:07.798194+00:00,2026-09-25 15:09:07.799194+00:00,2026-09-25 15:09:07.800194+00:00,2026-09-25 15:09:07.801194+00:00,2026-09-25 15:09:07.802195+00:00,2026-09-25 15:09:07.803195+00:00,2026-09-25 15:09:07.814195+00:00,2026-09-25 15:09:07.814195+00:00,0.414559,2.4122018819999083,182.28043309057662,True,True,True,False,False,False,True,False,False,True,True,True,False,False,False,False
64,2026-09-25 13:40:03.275649+00:00,2026-09-25 15:09:08.219218+00:00,129.007,True,False,False,False,True,True,False,False,True,False,False,False,False,False,False,False,False,True,False,False,False,False,False,False,True,True,False,False,True,True,False,False,False,True,False,True,False,False,False,False,False,False,False,True,False,False,False,False,True,False,False,False,False,False,False,True,True,False,False,True,True,True,False,True,False,False,False,False,True,True,True,False,False,False,False,False,False,False,False,0,0,0,0,2026-09-25 15:09:08.090211+00:00,2026-09-25 15:09:08.132213+00:00,2026-09-25 15:09:08.133213+00:00,2026-09-25 15:09:08.134214+00:00,2026-09-25 15:09:08.135214+00:00,2026-09-25 15:09:08.136214+00:00,2026-09-25 15:09:08.137214+00:00,2026-09-25 15:09:08.138214+00:00,2026-09-25 15:09:08.139214+00:00,2026-09-25 15:09:08.140214+00:00,2026-09-25 15:09:08.141214+00:00,2026-09-25 15:09:08.142214+00:00,2026-09-25 15:09:08.143214+00:00,2026-09-25 15:09:08.144214+00:00,2026-09-25 15:09:08.145214+00:00,2026-09-25 15:09:08.146214+00:00,2026-09-25 15:09:08.147214+00:00,2026-09-25 15:09:08.148214+00:00,2026-09-25 15:09:08.149214+00:00,2026-09-25 15:09:08.161215+00:00,2026-09-25 15:09:08.151214+00:00,2026-09-25 15:09:08.152215+00:00,2026-09-25 15:09:08.153215+00:00,2026-09-25 15:09:08.154215+00:00,2026-09-25 15:09:08.155215+00:00,2026-09-25 15:09:08.156215+00:00,2026-09-25 15:09:08.157215+00:00,2026-09-25 15:09:08.158215+00:00,2026-09-25 15:09:08.159215+00:00,2026-09-25 15:09:08.160215+00:00,2026-09-25 15:09:08.150214+00:00,2026-09-25 15:09:08.162215+00:00,2026-09-25 15:09:08.163215+00:00,2026-09-25 15:09:08.164215+00:00,2026-09-25 15:09:08.187217+00:00,2026-09-25 15:09:08.188217+00:00,2026-09-25 15:09:08.167215+00:00,2026-09-25 15:09:08.168215+00:00,2026-09-25 15:09:08.169216+00:00,2026-09-25 15:09:08.170216+00:00,2026-09-25 15:09:08.171216+00:00,2026-09-25 15:09:08.172216+00:00,2026-09-25 15:09:08.173216+00:00,2026-09-25 15:09:08.174216+00:00,2026-09-25 15:09:08.175216+00:00,2026-09-25 15:09:08.165215+00:00,2026-09-25 15:09:08.166215+00:00,2026-09-25 15:09:08.200217+00:00,2026-09-25 15:09:08.190217+00:00,2026-09-25 15:09:08.180216+00:00,2026-09-25 15:09:08.181216+00:00,2026-09-25 15:09:08.193217+00:00,2026-09-25 15:09:08.183216+00:00,2026-09-25 15:09:08.184216+00:00,2026-09-25 15:09:08.185216+00:00,2026-09-25 15:09:08.186216+00:00,2026-09-25 15:09:08.176216+00:00,2026-09-25 15:09:08.177216+00:00,2026-09-25 15:09:08.178216+00:00,2026-09-25 15:09:08.179216+00:00,2026-09-25 15:09:08.191217+00:00,2026-09-25 15:09:08.192217+00:00,2026-09-25 15:09:08.182216+00:00,2026-09-25 15:09:08.194217+00:00,2026-09-25 15:09:08.206218+00:00,2026-09-25 15:09:08.196217+00:00,2026-09-25 15:09:08.197217+00:00,2026-09-25 15:09:08.198217+00:00,2026-09-25 15:09:08.199217+00:00,2026-09-25 15:09:08.189217+00:00,2026-09-25 15:09:08.201217+00:00,2026-09-25 15:09:08.202217+00:00,2026-09-25 15:09:08.203217+00:00,2026-09-25 15:09:08.204218+00:00,2026-09-25 15:09:08.205218+00:00,2026-09-25 15:09:08.207218+00:00,2026-09-25 15:09:08.219218+00:00,2026-09-25 15:09:08.209218+00:00,2026-09-25 15:09:08.210218+00:00,2026-09-25 15:09:08.211218+00:00,2026-09-25 15:09:08.212218+00:00,2026-09-25 15:09:08.213218+00:00,2026-09-25 15:09:08.214218+00:00,2026-09-25 15:09:08.219218+00:00,0.402293,2.485750435627764,182.25309719883887,True,True,True,False,False,False,True,False,False,True,True,True,False,False,False,False
65,2026-09-25 13:40:03.689297+00:00,2026-09-25 15:09:08.623241+00:00,92.005,True,False,False,False,True,True,False,False,True,False,False,False,False,False,False,False,False,True,False,False,False,False,False,False,True,True,False,False,True,True,False,False,False,True,False,False,False,False,False,True,False,False,True,True,True,False,False,False,False,False,True,False,False,False,False,True,False,True,False,True,True,True,False,True,False,False,False,False,True,True,True,False,False,False,False,False,False,False,False,0,0,0,0,2026-09-25 15:09:08.531236+00:00,2026-09-25 15:09:08.540237+00:00,2026-09-25 15:09:08.541237+00:00,2026-09-25 15:09:08.542237+00:00,2026-09-25 15:09:08.543237+00:00,2026-09-25 15:09:08.544237+00:00,2026-09-25 15:09:08.545237+00:00,2026-09-25 15:09:08.546237+00:00,2026-09-25 15:09:08.547237+00:00,2026-09-25 15:09:08.548237+00:00,2026-09-25 15:09:08.549237+00:00,2026-09-25 15:09:08.550237+00:00,2026-09-25 15:09:08.551237+00:00,2026-09-25 15:09:08.552237+00:00,2026-09-25 15:09:08.553237+00:00,2026-09-25 15:09:08.554238+00:00,2026-09-25 15:09:08.555238+00:00,2026-09-25 15:09:08.569238+00:00,2026-09-25 15:09:08.559238+00:00,2026-09-25 15:09:08.560238+00:00,2026-09-25 15:09:08.561238+00:00,2026-09-25 15:09:08.562238+00:00,2026-09-25 15:09:08.563238+00:00,2026-09-25 15:09:08.564238+00:00,2026-09-25 15:09:08.565238+00:00,2026-09-25 15:09:08.566238+00:00,2026-09-25 15:09:08.567238+00:00,2026-09-25 15:09:08.568238+00:00,2026-09-25 15:09:08.557238+00:00,2026-09-25 15:09:08.570238+00:00,2026-09-25 15:09:08.571238+00:00,2026-09-25 15:09:08.583239+00:00,2026-09-25 15:09:08.584239+00:00,2026-09-25 15:09:08.585239+00:00,2026-09-25 15:09:08.586239+00:00,2026-09-25 15:09:08.587239+00:00,2026-09-25 15:09:08.577239+00:00,2026-09-25 15:09:08.578239+00:00,2026-09-25 15:09:08.579239+00:00,2026-09-25 15:09:08.580239+00:00,2026-09-25 15:09:08.581239+00:00,2026-09-25 15:09:08.582239+00:00,2026-09-25 15:09:08.572239+00:00,2026-09-25 15:09:08.573239+00:00,2026-09-25 15:09:08.574239+00:00,2026-09-25 15:09:08.575239+00:00,2026-09-25 15:09:08.576239+00:00,2026-09-25 15:09:08.588239+00:00,2026-09-25 15:09:08.600240+00:00,2026-09-25 15:09:08.601240+00:00,2026-09-25 15:09:08.591240+00:00,2026-09-25 15:09:08.592240+00:00,2026-09-25 15:09:08.593240+00:00,2026-09-25 15:09:08.594240+00:00,2026-09-25 15:09:08.595240+00:00,2026-09-25 15:09:08.596240+00:00,2026-09-25 15:09:08.597240+00:00,2026-09-25 15:09:08.598240+00:00,2026-09-25 15:09:08.599240+00:00,2026-09-25 15:09:08.589240+00:00,2026-09-25 15:09:08.590240+00:00,2026-09-25 15:09:08.602240+00:00,2026-09-25 15:09:08.614241+00:00,2026-09-25 15:09:08.604240+00:00,2026-09-25 15:09:08.605240+00:00,2026-09-25 15:09:08.617241+00:00,2026-09-25 15:09:08.607241+00:00,2026-09-25 15:09:08.608241+00:00,2026-09-25 15:09:08.609241+00:00,2026-09-25 15:09:08.610241+00:00,2026-09-25 15:09:08.611241+00:00,2026-09-25 15:09:08.612241+00:00,2026-09-25 15:09:08.613241+00:00,2026-09-25 15:09:08.603240+00:00,2026-09-25 15:09:08.615241+00:00,2026-09-25 15:09:08.616241+00:00,2026-09-25 15:09:08.606240+00:00,2026-09-25 15:09:08.618241+00:00,2026-09-25 15:09:08.619241+00:00,2026-09-25 15:09:08.620241+00:00,2026-09-25 15:09:08.621241+00:00,2026-09-25 15:09:08.622241+00:00,2026-09-25 15:09:08.623241+00:00,2026-09-25 15:09:08.623241+00:00,0.413648,2.4175144083858737,182.22736589310804,True,True,True,False,False,False,True,False,False,True,True,True,False,False,False,False
66,2026-09-25 13:40:04.060400+00:00,2026-09-25 15:09:09.021264+00:00,110.006,True,False,False,False,True,True,False,False,True,False,False,False,False,False,False,False,False,True,False,False,False,False,False,False,True,True,False,False,True,True,False,False,False,True,False,False,False,False,False,True,False,False,True,True,True,False,False,False,False,False,True,False,False,False,False,True,False,True,False,False,True,True,False,True,False,False,False,False,True,True,True,False,False,False,False,False,False,False,False,0,0,0,0,2026-09-25 15:09:08.911258+00:00,2026-09-25 15:09:08.928259+00:00,2026-09-25 15:09:08.936259+00:00,2026-09-25 15:09:08.930259+00:00,2026-09-25 15:09:08.931259+00:00,2026-09-25 15:09:08.932259+00:00,2026-09-25 15:09:08.933259+00:00,2026-09-25 15:09:08.934259+00:00,2026-09-25 15:09:08.935259+00:00,2026-09-25 15:09:08.929259+00:00,2026-09-25 15:09:08.937259+00:00,2026-09-25 15:09:08.938259+00:00,2026-09-25 15:09:08.939260+00:00,2026-09-25 15:09:08.940260+00:00,2026-09-25 15:09:08.941260+00:00,2026-09-25 15:09:08.942260+00:00,2026-09-25 15:09:08.943260+00:00,2026-09-25 15:09:08.944260+00:00,2026-09-25 15:09:08.945260+00:00,2026-09-25 15:09:08.958261+00:00,2026-09-25 15:09:08.947260+00:00,2026-09-25 15:09:08.948260+00:00,2026-09-25 15:09:08.949260+00:00,2026-09-25 15:09:08.974262+00:00,2026-09-25 15:09:08.951260+00:00,2026-09-25 15:09:08.952260+00:00,2026-09-25 15:09:08.953260+00:00,2026-09-25 15:09:08.954260+00:00,2026-09-25 15:09:08.956261+00:00,2026-09-25 15:09:08.957261+00:00,2026-09-25 15:09:08.946260+00:00,2026-09-25 15:09:08.959261+00:00,2026-09-25 15:09:08.960261+00:00,2026-09-25 15:09:08.961261+00:00,2026-09-25 15:09:08.950260+00:00,2026-09-25 15:09:08.963261+00:00,2026-09-25 15:09:08.964261+00:00,2026-09-25 15:09:08.965261+00:00,2026-09-25 15:09:08.966261+00:00,2026-09-25 15:09:08.955260+00:00,2026-09-25 15:09:08.968261+00:00,2026-09-25 15:09:08.969261+00:00,2026-09-25 15:09:08.970261+00:00,2026-09-25 15:09:08.971261+00:00,2026-09-25 15:09:08.972261+00:00,2026-09-25 15:09:08.973261+00:00,2026-09-25 15:09:08.962261+00:00,2026-09-25 15:09:08.975262+00:00,2026-09-25 15:09:08.976262+00:00,2026-09-25 15:09:08.988262+00:00,2026-09-25 15:09:08.978262+00:00,2026-09-25 15:09:08.979262+00:00,2026-09-25 15:09:08.980262+00:00,2026-09-25 15:09:08.981262+00:00,2026-09-25 15:09:08.982262+00:00,2026-09-25 15:09:08.983262+00:00,2026-09-25 15:09:08.984262+00:00,2026-09-25 15:09:08.985262+00:00,2026-09-25 15:09:08.986262+00:00,2026-09-25 15:09:08.987262+00:00,2026-09-25 15:09:08.977262+00:00,2026-09-25 15:09:08.989262+00:00,2026-09-25 15:09:08.990262+00:00,2026-09-25 15:09:08.991263+00:00,2026-09-25 15:09:08.992263+00:00,2026-09-25 15:09:08.993263+00:00,2026-09-25 15:09:08.994263+00:00,2026-09-25 15:09:08.995263+00:00,2026-09-25 15:09:08.996263+00:00,2026-09-25 15:09:08.997263+00:00,2026-09-25 15:09:08.998263+00:00,2026-09-25 15:09:08.999263+00:00,2026-09-25 15:09:09.000263+00:00,2026-09-25 15:09:09.001263+00:00,2026-09-25 15:09:09.002263+00:00,2026-09-25 15:09:09.003263+00:00,2026-09-25 15:09:09.004263+00:00,2026-09-25 15:09:09.005263+00:00,2026-09-25 15:09:09.016264+00:00,2026-09-25 15:09:09.007263+00:00,2026-09-25 15:09:09.019264+00:00,2026-09-25 15:09:09.009264+00:00,2026-09-25 15:09:09.021264+00:00,2026-09-25 15:09:09.021264+00:00,0.371103,2.6946696739180225,182.2036661834031,True,True,True,False,False,False,True,False,False,True,True,True,False,False,False,False
67,2026-09-25 13:40:04.556581+00:00,2026-09-25 15:09:09.519293+00:00,125.007,True,False,False,False,True,True,False,False,True,False,False,False,False,False,False,False,False,True,False,False,False,False,False,False,True,True,False,False,True,True,False,False,False,True,False,False,False,False,False,True,True,False,True,True,True,False,False,False,False,False,True,False,False,False,False,True,False,True,False,False,True,True,False,True,False,False,False,False,True,True,True,False,False,False,False,False,False,False,False,1,0,0,0,2026-09-25 15:09:09.394286+00:00,2026-09-25 15:09:09.395286+00:00,2026-09-25 15:09:09.396286+00:00,2026-09-25 15:09:09.397286+00:00,2026-09-25 15:09:09.409286+00:00,2026-09-25 15:09:09.410286+00:00,2026-09-25 15:09:09.411287+00:00,2026-09-25 15:09:09.412287+00:00,2026-09-25 15:09:09.413287+00:00,2026-09-25 15:09:09.403286+00:00,2026-09-25 15:09:09.404286+00:00,2026-09-25 15:09:09.405286+00:00,2026-09-25 15:09:09.406286+00:00,2026-09-25 15:09:09.407286+00:00,2026-09-25 15:09:09.408286+00:00,2026-09-25 15:09:09.398286+00:00,2026-09-25 15:09:09.399286+00:00,2026-09-25 15:09:09.400286+00:00,2026-09-25 15:09:09.401286+00:00,2026-09-25 15:09:09.402286+00:00,2026-09-25 15:09:09.425287+00:00,2026-09-25 15:09:09.415287+00:00,2026-09-25 15:09:09.416287+00:00,2026-09-25 15:09:09.417287+00:00,2026-09-25 15:09:09.418287+00:00,2026-09-25 15:09:09.419287+00:00,2026-09-25 15:09:09.420287+00:00,2026-09-25 15:09:09.421287+00:00,2026-09-25 15:09:09.422287+00:00,2026-09-25 15:09:09.423287+00:00,2026-09-25 15:09:09.424287+00:00,2026-09-25 15:09:09.414287+00:00,2026-09-25 15:09:09.426287+00:00,2026-09-25 15:09:09.427287+00:00,2026-09-25 15:09:09.428288+00:00,2026-09-25 15:09:09.429288+00:00,2026-09-25 15:09:09.454289+00:00,2026-09-25 15:09:09.456289+00:00,2026-09-25 15:09:09.457289+00:00,2026-09-25 15:09:09.458289+00:00,2026-09-25 15:09:09.447289+00:00,2026-09-25 15:09:09.448289+00:00,2026-09-25 15:09:09.449289+00:00,2026-09-25 15:09:09.450289+00:00,2026-09-25 15:09:09.451289+00:00,2026-09-25 15:09:09.500292+00:00,2026-09-25 15:09:09.453289+00:00,2026-09-25 15:09:09.430288+00:00,2026-09-25 15:09:09.431288+00:00,2026-09-25 15:09:09.433288+00:00,2026-09-25 15:09:09.435288+00:00,2026-09-25 15:09:09.436288+00:00,2026-09-25 15:09:09.437288+00:00,2026-09-25 15:09:09.438288+00:00,2026-09-25 15:09:09.439288+00:00,2026-09-25 15:09:09.440288+00:00,2026-09-25 15:09:09.441288+00:00,2026-09-25 15:09:09.442288+00:00,2026-09-25 15:09:09.443288+00:00,2026-09-25 15:09:09.444288+00:00,2026-09-25 15:09:09.445288+00:00,2026-09-25 15:09:09.446289+00:00,2026-09-25 15:09:09.459289+00:00,2026-09-25 15:09:09.460289+00:00,2026-09-25 15:09:09.461289+00:00,2026-09-25 15:09:09.462289+00:00,2026-09-25 15:09:09.463290+00:00,2026-09-25 15:09:09.452289+00:00,2026-09-25 15:09:09.502292+00:00,2026-09-25 15:09:09.504292+00:00,2026-09-25 15:09:09.506292+00:00,2026-09-25 15:09:09.508292+00:00,2026-09-25 15:09:09.499292+00:00,2026-09-25 15:09:09.465290+00:00,2026-09-25 15:09:09.489291+00:00,2026-09-25 15:09:09.493291+00:00,2026-09-25 15:09:09.495291+00:00,2026-09-25 15:09:09.498292+00:00,2026-09-25 15:09:09.511292+00:00,2026-09-25 15:09:09.513292+00:00,2026-09-25 15:09:09.515292+00:00,2026-09-25 15:09:09.517293+00:00,2026-09-25 15:09:09.519293+00:00,2026-09-25 15:09:09.519293+00:00,0.496181,2.0153935761345156,182.1765266255252,True,True,True,False,False,False,True,False,False,True,True,True,False,False,False,False
68,2026-09-25 13:40:04.900262+00:00,2026-09-25 15:09:09.862312+00:00,88.005,True,False,False,False,True,True,False,False,True,False,False,False,False,False,False,False,False,True,False,False,False,False,False,False,True,True,False,False,True,True,False,False,False,True,False,False,False,False,False,False,True,False,True,True,True,False,False,False,False,False,True,False,False,False,False,True,False,True,False,False,True,True,False,True,False,False,False,False,True,True,True,False,False,False,False,False,False,False,False,0,0,0,0,2026-09-25 15:09:09.774307+00:00,2026-09-25 15:09:09.780308+00:00,2026-09-25 15:09:09.781308+00:00,2026-09-25 15:09:09.782308+00:00,2026-09-25 15:09:09.783308+00:00,2026-09-25 15:09:09.784308+00:00,2026-09-25 15:09:09.785308+00:00,2026-09-25 15:09:09.786308+00:00,2026-09-25 15:09:09.787308+00:00,2026-09-25 15:09:09.788308+00:00,2026-09-25 15:09:09.789308+00:00,2026-09-25 15:09:09.790308+00:00,2026-09-25 15:09:09.791308+00:00,2026-09-25 15:09:09.792308+00:00,2026-09-25 15:09:09.793308+00:00,2026-09-25 15:09:09.794308+00:00,2026-09-25 15:09:09.795309+00:00,2026-09-25 15:09:09.796309+00:00,2026-09-25 15:09:09.797309+00:00,2026-09-25 15:09:09.798309+00:00,2026-09-25 15:09:09.799309+00:00,2026-09-25 15:09:09.800309+00:00,2026-09-25 15:09:09.801309+00:00,2026-09-25 15:09:09.802309+00:00,2026-09-25 15:09:09.803309+00:00,2026-09-25 15:09:09.804309+00:00,2026-09-25 15:09:09.805309+00:00,2026-09-25 15:09:09.806309+00:00,2026-09-25 15:09:09.807309+00:00,2026-09-25 15:09:09.808309+00:00,2026-09-25 15:09:09.809309+00:00,2026-09-25 15:09:09.810309+00:00,2026-09-25 15:09:09.811309+00:00,2026-09-25 15:09:09.812309+00:00,2026-09-25 15:09:09.813310+00:00,2026-09-25 15:09:09.814310+00:00,2026-09-25 15:09:09.815310+00:00,2026-09-25 15:09:09.816310+00:00,2026-09-25 15:09:09.817310+00:00,2026-09-25 15:09:09.818310+00:00,2026-09-25 15:09:09.819310+00:00,2026-09-25 15:09:09.820310+00:00,2026-09-25 15:09:09.821310+00:00,2026-09-25 15:09:09.822310+00:00,2026-09-25 15:09:09.823310+00:00,2026-09-25 15:09:09.824310+00:00,2026-09-25 15:09:09.825310+00:00,2026-09-25 15:09:09.826310+00:00,2026-09-25 15:09:09.827310+00:00,2026-09-25 15:09:09.828310+00:00,2026-09-25 15:09:09.829310+00:00,2026-09-25 15:09:09.841311+00:00,2026-09-25 15:09:09.842311+00:00,2026-09-25 15:09:09.832311+00:00,2026-09-25 15:09:09.833311+00:00,2026-09-25 15:09:09.834311+00:00,2026-09-25 15:09:09.835311+00:00,2026-09-25 15:09:09.836311+00:00,2026-09-25 15:09:09.837311+00:00,2026-09-25 15:09:09.838311+00:00,2026-09-25 15:09:09.839311+00:00,2026-09-25 15:09:09.840311+00:00,2026-09-25 15:09:09.830311+00:00,2026-09-25 15:09:09.831311+00:00,2026-09-25 15:09:09.843311+00:00,2026-09-25 15:09:09.844311+00:00,2026-09-25 15:09:09.845311+00:00,2026-09-25 15:09:09.846311+00:00,2026-09-25 15:09:09.858312+00:00,2026-09-25 15:09:09.859312+00:00,2026-09-25 15:09:09.860312+00:00,2026-09-25 15:09:09.861312+00:00,2026-09-25 15:09:09.862312+00:00,2026-09-25 15:09:09.852312+00:00,2026-09-25 15:09:09.853312+00:00,2026-09-25 15:09:09.854312+00:00,2026-09-25 15:09:09.855312+00:00,2026-09-25 15:09:09.856312+00:00,2026-09-25 15:09:09.857312+00:00,2026-09-25 15:09:09.847311+00:00,2026-09-25 15:09:09.848312+00:00,2026-09-25 15:09:09.849312+00:00,2026-09-25 15:09:09.850312+00:00,2026-09-25 15:09:09.862312+00:00,0.343681,2.909674960210195,182.1595797852603,True,True,True,False,False,False,True,False,False,True,True,True,False,False,False,False
69,2026-09-25 13:40:05.242952+00:00,2026-09-25 15:09:10.205332+00:00,88.005,True,False,False,False,True,True,False,False,True,False,False,False,False,False,False,False,False,True,False,False,False,False,False,False,True,True,False,False,True,True,False,False,False,True,False,False,False,False,False,False,False,False,True,True,True,False,False,False,False,False,True,False,False,False,False,True,False,True,False,False,True,True,False,True,False,False,False,False,True,True,True,False,False,False,False,False,False,False,False,0,0,0,0,2026-09-25 15:09:10.117327+00:00,2026-09-25 15:09:10.123327+00:00,2026-09-25 15:09:10.133328+00:00,2026-09-25 15:09:10.125327+00:00,2026-09-25 15:09:10.126327+00:00,2026-09-25 15:09:10.127328+00:00,2026-09-25 15:09:10.128328+00:00,2026-09-25 15:09:10.129328+00:00,2026-09-25 15:09:10.130328+00:00,2026-09-25 15:09:10.124327+00:00,2026-09-25 15:09:10.131328+00:00,2026-09-25 15:09:10.143328+00:00,2026-09-25 15:09:10.134328+00:00,2026-09-25 15:09:10.135328+00:00,2026-09-25 15:09:10.136328+00:00,2026-09-25 15:09:10.137328+00:00,2026-09-25 15:09:10.138328+00:00,2026-09-25 15:09:10.139328+00:00,2026-09-25 15:09:10.140328+00:00,2026-09-25 15:09:10.141328+00:00,2026-09-25 15:09:10.142328+00:00,2026-09-25 15:09:10.132328+00:00,2026-09-25 15:09:10.144328+00:00,2026-09-25 15:09:10.145329+00:00,2026-09-25 15:09:10.146329+00:00,2026-09-25 15:09:10.147329+00:00,2026-09-25 15:09:10.159329+00:00,2026-09-25 15:09:10.149329+00:00,2026-09-25 15:09:10.150329+00:00,2026-09-25 15:09:10.151329+00:00,2026-09-25 15:09:10.152329+00:00,2026-09-25 15:09:10.153329+00:00,2026-09-25 15:09:10.165330+00:00,2026-09-25 15:09:10.155329+00:00,2026-09-25 15:09:10.156329+00:00,2026-09-25 15:09:10.157329+00:00,2026-09-25 15:09:10.158329+00:00,2026-09-25 15:09:10.148329+00:00,2026-09-25 15:09:10.160329+00:00,2026-09-25 15:09:10.161329+00:00,2026-09-25 15:09:10.162330+00:00,2026-09-25 15:09:10.163330+00:00,2026-09-25 15:09:10.164330+00:00,2026-09-25 15:09:10.154329+00:00,2026-09-25 15:09:10.166330+00:00,2026-09-25 15:09:10.167330+00:00,2026-09-25 15:09:10.168330+00:00,2026-09-25 15:09:10.169330+00:00,2026-09-25 15:09:10.170330+00:00,2026-09-25 15:09:10.171330+00:00,2026-09-25 15:09:10.172330+00:00,2026-09-25 15:09:10.173330+00:00,2026-09-25 15:09:10.174330+00:00,2026-09-25 15:09:10.175330+00:00,2026-09-25 15:09:10.176330+00:00,2026-09-25 15:09:10.177330+00:00,2026-09-25 15:09:10.178330+00:00,2026-09-25 15:09:10.179330+00:00,2026-09-25 15:09:10.180331+00:00,2026-09-25 15:09:10.181331+00:00,2026-09-25 15:09:10.182331+00:00,2026-09-25 15:09:10.183331+00:00,2026-09-25 15:09:10.184331+00:00,2026-09-25 15:09:10.185331+00:00,2026-09-25 15:09:10.186331+00:00,2026-09-25 15:09:10.187331+00:00,2026-09-25 15:09:10.188331+00:00,2026-09-25 15:09:10.189331+00:00,2026-09-25 15:09:10.190331+00:00,2026-09-25 15:09:10.191331+00:00,2026-09-25 15:09:10.192331+00:00,2026-09-25 15:09:10.204332+00:00,2026-09-25 15:09:10.194331+00:00,2026-09-25 15:09:10.195331+00:00,2026-09-25 15:09:10.196331+00:00,2026-09-25 15:09:10.197332+00:00,2026-09-25 15:09:10.198332+00:00,2026-09-25 15:09:10.199332+00:00,2026-09-25 15:09:10.200332+00:00,2026-09-25 15:09:10.201332+00:00,2026-09-25 15:09:10.202332+00:00,2026-09-25 15:09:10.203332+00:00,2026-09-25 15:09:10.205332+00:00,2026-09-25 15:09:10.205332+00:00,0.34269,2.9180892351688117,182.1441430808165,True,True,True,False,False,False,True,False,False,True,True,True,False,False,False,False
70,2026-09-25 13:40:05.626465+00:00,2026-09-25 15:09:10.589354+00:00,87.005,True,False,False,False,True,True,False,False,True,False,False,False,False,False,False,False,False,True,False,False,False,False,False,False,True,True,False,False,True,True,False,False,False,True,False,False,False,False,False,False,True,False,True,True,True,False,False,False,False,False,True,False,False,False,False,True,False,True,True,True,True,True,False,True,False,False,False,False,True,True,True,False,False,False,False,False,False,False,False,0,0,0,0,2026-09-25 15:09:10.502349+00:00,2026-09-25 15:09:10.505349+00:00,2026-09-25 15:09:10.515350+00:00,2026-09-25 15:09:10.518350+00:00,2026-09-25 15:09:10.508349+00:00,2026-09-25 15:09:10.509349+00:00,2026-09-25 15:09:10.510349+00:00,2026-09-25 15:09:10.511349+00:00,2026-09-25 15:09:10.512350+00:00,2026-09-25 15:09:10.513350+00:00,2026-09-25 15:09:10.514350+00:00,2026-09-25 15:09:10.506349+00:00,2026-09-25 15:09:10.516350+00:00,2026-09-25 15:09:10.517350+00:00,2026-09-25 15:09:10.507349+00:00,2026-09-25 15:09:10.519350+00:00,2026-09-25 15:09:10.520350+00:00,2026-09-25 15:09:10.521350+00:00,2026-09-25 15:09:10.522350+00:00,2026-09-25 15:09:10.523350+00:00,2026-09-25 15:09:10.524350+00:00,2026-09-25 15:09:10.525350+00:00,2026-09-25 15:09:10.526350+00:00,2026-09-25 15:09:10.527350+00:00,2026-09-25 15:09:10.528350+00:00,2026-09-25 15:09:10.529350+00:00,2026-09-25 15:09:10.530351+00:00,2026-09-25 15:09:10.531351+00:00,2026-09-25 15:09:10.532351+00:00,2026-09-25 15:09:10.533351+00:00,2026-09-25 15:09:10.534351+00:00,2026-09-25 15:09:10.535351+00:00,2026-09-25 15:09:10.536351+00:00,2026-09-25 15:09:10.537351+00:00,2026-09-25 15:09:10.538351+00:00,2026-09-25 15:09:10.539351+00:00,2026-09-25 15:09:10.540351+00:00,2026-09-25 15:09:10.541351+00:00,2026-09-25 15:09:10.542351+00:00,2026-09-25 15:09:10.543351+00:00,2026-09-25 15:09:10.544351+00:00,2026-09-25 15:09:10.545351+00:00,2026-09-25 15:09:10.546351+00:00,2026-09-25 15:09:10.547352+00:00,2026-09-25 15:09:10.560352+00:00,2026-09-25 15:09:10.549352+00:00,2026-09-25 15:09:10.550352+00:00,2026-09-25 15:09:10.551352+00:00,2026-09-25 15:09:10.564352+00:00,2026-09-25 15:09:10.565353+00:00,2026-09-25 15:09:10.566353+00:00,2026-09-25 15:09:10.556352+00:00,2026-09-25 15:09:10.557352+00:00,2026-09-25 15:09:10.558352+00:00,2026-09-25 15:09:10.559352+00:00,2026-09-25 15:09:10.548352+00:00,2026-09-25 15:09:10.561352+00:00,2026-09-25 15:09:10.562352+00:00,2026-09-25 15:09:10.563352+00:00,2026-09-25 15:09:10.552352+00:00,2026-09-25 15:09:10.553352+00:00,2026-09-25 15:09:10.555352+00:00,2026-09-25 15:09:10.567353+00:00,2026-09-25 15:09:10.568353+00:00,2026-09-25 15:09:10.569353+00:00,2026-09-25 15:09:10.570353+00:00,2026-09-25 15:09:10.571353+00:00,2026-09-25 15:09:10.572353+00:00,2026-09-25 15:09:10.573353+00:00,2026-09-25 15:09:10.574353+00:00,2026-09-25 15:09:10.575353+00:00,2026-09-25 15:09:10.576353+00:00,2026-09-25 15:09:10.577353+00:00,2026-09-25 15:09:10.578353+00:00,2026-09-25 15:09:10.579353+00:00,2026-09-25 15:09:10.580353+00:00,2026-09-25 15:09:10.581353+00:00,2026-09-25 15:09:10.582354+00:00,2026-09-25 15:09:10.584354+00:00,2026-09-25 15:09:10.586354+00:00,2026-09-25 15:09:10.587354+00:00,2026-09-25 15:09:10.588354+00:00,2026-09-25 15:09:10.589354+00:00,2026-09-25 15:09:10.589354+00:00,0.383513,2.6074735406622462,182.12873756380827,True,True,True,False,False,False,True,False,False,True,True,True,False,False,False,False
71,2026-09-25 13:40:05.974863+00:00,2026-09-25 15:09:10.931373+00:00,88.005,True,False,False,False,True,True,False,False,True,False,False,False,False,False,False,False,False,True,False,False,False,False,False,False,True,True,False,False,True,True,False,False,False,True,False,False,False,False,False,False,True,False,True,True,True,False,False,False,False,False,True,False,False,False,False,True,False,True,False,True,True,True,False,True,False,False,False,False,True,True,True,False,False,False,False,False,False,False,False,0,0,0,0,2026-09-25 15:09:10.843368+00:00,2026-09-25 15:09:10.850369+00:00,2026-09-25 15:09:10.851369+00:00,2026-09-25 15:09:10.852369+00:00,2026-09-25 15:09:10.853369+00:00,2026-09-25 15:09:10.854369+00:00,2026-09-25 15:09:10.855369+00:00,2026-09-25 15:09:10.856369+00:00,2026-09-25 15:09:10.857369+00:00,2026-09-25 15:09:10.858369+00:00,2026-09-25 15:09:10.859369+00:00,2026-09-25 15:09:10.860369+00:00,2026-09-25 15:09:10.861369+00:00,2026-09-25 15:09:10.862370+00:00,2026-09-25 15:09:10.863370+00:00,2026-09-25 15:09:10.864370+00:00,2026-09-25 15:09:10.865370+00:00,2026-09-25 15:09:10.866370+00:00,2026-09-25 15:09:10.867370+00:00,2026-09-25 15:09:10.868370+00:00,2026-09-25 15:09:10.869370+00:00,2026-09-25 15:09:10.870370+00:00,2026-09-25 15:09:10.871370+00:00,2026-09-25 15:09:10.872370+00:00,2026-09-25 15:09:10.873370+00:00,2026-09-25 15:09:10.874370+00:00,2026-09-25 15:09:10.875370+00:00,2026-09-25 15:09:10.876370+00:00,2026-09-25 15:09:10.877370+00:00,2026-09-25 15:09:10.878370+00:00,2026-09-25 15:09:10.879371+00:00,2026-09-25 15:09:10.902372+00:00,2026-09-25 15:09:10.881371+00:00,2026-09-25 15:09:10.893371+00:00,2026-09-25 15:09:10.883371+00:00,2026-09-25 15:09:10.884371+00:00,2026-09-25 15:09:10.885371+00:00,2026-09-25 15:09:10.886371+00:00,2026-09-25 15:09:10.887371+00:00,2026-09-25 15:09:10.888371+00:00,2026-09-25 15:09:10.889371+00:00,2026-09-25 15:09:10.890371+00:00,2026-09-25 15:09:10.880371+00:00,2026-09-25 15:09:10.892371+00:00,2026-09-25 15:09:10.882371+00:00,2026-09-25 15:09:10.894371+00:00,2026-09-25 15:09:10.895371+00:00,2026-09-25 15:09:10.896371+00:00,2026-09-25 15:09:10.897372+00:00,2026-09-25 15:09:10.909372+00:00,2026-09-25 15:09:10.899372+00:00,2026-09-25 15:09:10.900372+00:00,2026-09-25 15:09:10.901372+00:00,2026-09-25 15:09:10.891371+00:00,2026-09-25 15:09:10.903372+00:00,2026-09-25 15:09:10.904372+00:00,2026-09-25 15:09:10.905372+00:00,2026-09-25 15:09:10.906372+00:00,2026-09-25 15:09:10.907372+00:00,2026-09-25 15:09:10.919373+00:00,2026-09-25 15:09:10.898372+00:00,2026-09-25 15:09:10.910372+00:00,2026-09-25 15:09:10.911372+00:00,2026-09-25 15:09:10.912372+00:00,2026-09-25 15:09:10.913372+00:00,2026-09-25 15:09:10.914373+00:00,2026-09-25 15:09:10.915373+00:00,2026-09-25 15:09:10.916373+00:00,2026-09-25 15:09:10.917373+00:00,2026-09-25 15:09:10.918373+00:00,2026-09-25 15:09:10.908372+00:00,2026-09-25 15:09:10.920373+00:00,2026-09-25 15:09:10.921373+00:00,2026-09-25 15:09:10.922373+00:00,2026-09-25 15:09:10.923373+00:00,2026-09-25 15:09:10.924373+00:00,2026-09-25 15:09:10.925373+00:00,2026-09-25 15:09:10.926373+00:00,2026-09-25 15:09:10.927373+00:00,2026-09-25 15:09:10.928373+00:00,2026-09-25 15:09:10.929373+00:00,2026-09-25 15:09:10.930373+00:00,2026-09-25 15:09:10.931373+00:00,2026-09-25 15:09:10.931373+00:00,0.348398,2.870280541220099,182.11675451212025,True,True,True,False,False,False,True,False,False,True,True,True,False,False,False,False
72,2026-09-25 13:40:06.346975+00:00,2026-09-25 15:09:11.305395+00:00,100.006,True,False,False,False,True,True,False,False,True,False,False,False,False,False,False,False,False,True,False,False,False,False,False,False,True,True,False,False,True,True,False,False,False,True,False,False,False,False,False,False,True,False,True,True,True,False,False,False,False,False,True,False,False,False,False,True,False,True,True,False,True,True,False,True,False,False,False,False,True,True,True,False,False,False,False,False,False,False,False,0,0,0,0,2026-09-25 15:09:11.205389+00:00,2026-09-25 15:09:11.221390+00:00,2026-09-25 15:09:11.222390+00:00,2026-09-25 15:09:11.223390+00:00,2026-09-25 15:09:11.235391+00:00,2026-09-25 15:09:11.236391+00:00,2026-09-25 15:09:11.226390+00:00,2026-09-25 15:09:11.227390+00:00,2026-09-25 15:09:11.228390+00:00,2026-09-25 15:09:11.229391+00:00,2026-09-25 15:09:11.230391+00:00,2026-09-25 15:09:11.231391+00:00,2026-09-25 15:09:11.232391+00:00,2026-09-25 15:09:11.233391+00:00,2026-09-25 15:09:11.234391+00:00,2026-09-25 15:09:11.224390+00:00,2026-09-25 15:09:11.225390+00:00,2026-09-25 15:09:11.237391+00:00,2026-09-25 15:09:11.238391+00:00,2026-09-25 15:09:11.239391+00:00,2026-09-25 15:09:11.251392+00:00,2026-09-25 15:09:11.241391+00:00,2026-09-25 15:09:11.242391+00:00,2026-09-25 15:09:11.243391+00:00,2026-09-25 15:09:11.244391+00:00,2026-09-25 15:09:11.245391+00:00,2026-09-25 15:09:11.246392+00:00,2026-09-25 15:09:11.247392+00:00,2026-09-25 15:09:11.248392+00:00,2026-09-25 15:09:11.249392+00:00,2026-09-25 15:09:11.250392+00:00,2026-09-25 15:09:11.240391+00:00,2026-09-25 15:09:11.252392+00:00,2026-09-25 15:09:11.253392+00:00,2026-09-25 15:09:11.254392+00:00,2026-09-25 15:09:11.256392+00:00,2026-09-25 15:09:11.280393+00:00,2026-09-25 15:09:11.259392+00:00,2026-09-25 15:09:11.271393+00:00,2026-09-25 15:09:11.261392+00:00,2026-09-25 15:09:11.262392+00:00,2026-09-25 15:09:11.263392+00:00,2026-09-25 15:09:11.275393+00:00,2026-09-25 15:09:11.287394+00:00,2026-09-25 15:09:11.288394+00:00,2026-09-25 15:09:11.289394+00:00,2026-09-25 15:09:11.268393+00:00,2026-09-25 15:09:11.258392+00:00,2026-09-25 15:09:11.270393+00:00,2026-09-25 15:09:11.260392+00:00,2026-09-25 15:09:11.283394+00:00,2026-09-25 15:09:11.273393+00:00,2026-09-25 15:09:11.285394+00:00,2026-09-25 15:09:11.264393+00:00,2026-09-25 15:09:11.265393+00:00,2026-09-25 15:09:11.266393+00:00,2026-09-25 15:09:11.267393+00:00,2026-09-25 15:09:11.290394+00:00,2026-09-25 15:09:11.269393+00:00,2026-09-25 15:09:11.281394+00:00,2026-09-25 15:09:11.282394+00:00,2026-09-25 15:09:11.272393+00:00,2026-09-25 15:09:11.284394+00:00,2026-09-25 15:09:11.274393+00:00,2026-09-25 15:09:11.286394+00:00,2026-09-25 15:09:11.276393+00:00,2026-09-25 15:09:11.277393+00:00,2026-09-25 15:09:11.278393+00:00,2026-09-25 15:09:11.279393+00:00,2026-09-25 15:09:11.291394+00:00,2026-09-25 15:09:11.292394+00:00,2026-09-25 15:09:11.293394+00:00,2026-09-25 15:09:11.294394+00:00,2026-09-25 15:09:11.295394+00:00,2026-09-25 15:09:11.296394+00:00,2026-09-25 15:09:11.297394+00:00,2026-09-25 15:09:11.298394+00:00,2026-09-25 15:09:11.299395+00:00,2026-09-25 15:09:11.300395+00:00,2026-09-25 15:09:11.301395+00:00,2026-09-25 15:09:11.303395+00:00,2026-09-25 15:09:11.304395+00:00,2026-09-25 15:09:11.305395+00:00,2026-09-25 15:09:11.305395+00:00,0.372112,2.687362944489831,182.10559252710598,True,True,True,False,False,False,True,False,False,True,True,True,False,False,False,False
73,2026-09-25 13:40:06.745835+00:00,2026-09-25 15:09:11.701418+00:00,132.00799999999998,True,False,False,False,True,True,False,False,True,False,False,False,False,False,False,False,False,True,False,False,False,False,False,False,True,True,False,False,True,True,False,False,False,True,False,False,False,False,False,False,False,False,True,True,True,False,False,False,False,False,True,False,False,False,False,True,False,True,False,False,True,True,False,True,False,False,False,False,True,True,True,False,False,False,False,False,False,False,False,0,0,0,0,2026-09-25 15:09:11.569410+00:00,2026-09-25 15:09:11.594411+00:00,2026-09-25 15:09:11.595411+00:00,2026-09-25 15:09:11.609412+00:00,2026-09-25 15:09:11.598412+00:00,2026-09-25 15:09:11.600412+00:00,2026-09-25 15:09:11.601412+00:00,2026-09-25 15:09:11.602412+00:00,2026-09-25 15:09:11.614413+00:00,2026-09-25 15:09:11.604412+00:00,2026-09-25 15:09:11.605412+00:00,2026-09-25 15:09:11.606412+00:00,2026-09-25 15:09:11.607412+00:00,2026-09-25 15:09:11.608412+00:00,2026-09-25 15:09:11.596412+00:00,2026-09-25 15:09:11.610412+00:00,2026-09-25 15:09:11.611412+00:00,2026-09-25 15:09:11.612412+00:00,2026-09-25 15:09:11.613413+00:00,2026-09-25 15:09:11.603412+00:00,2026-09-25 15:09:11.615413+00:00,2026-09-25 15:09:11.616413+00:00,2026-09-25 15:09:11.617413+00:00,2026-09-25 15:09:11.618413+00:00,2026-09-25 15:09:11.619413+00:00,2026-09-25 15:09:11.620413+00:00,2026-09-25 15:09:11.621413+00:00,2026-09-25 15:09:11.622413+00:00,2026-09-25 15:09:11.623413+00:00,2026-09-25 15:09:11.624413+00:00,2026-09-25 15:09:11.625413+00:00,2026-09-25 15:09:11.626413+00:00,2026-09-25 15:09:11.627413+00:00,2026-09-25 15:09:11.628413+00:00,2026-09-25 15:09:11.629413+00:00,2026-09-25 15:09:11.630413+00:00,2026-09-25 15:09:11.631414+00:00,2026-09-25 15:09:11.632414+00:00,2026-09-25 15:09:11.633414+00:00,2026-09-25 15:09:11.634414+00:00,2026-09-25 15:09:11.635414+00:00,2026-09-25 15:09:11.636414+00:00,2026-09-25 15:09:11.637414+00:00,2026-09-25 15:09:11.638414+00:00,2026-09-25 15:09:11.639414+00:00,2026-09-25 15:09:11.653415+00:00,2026-09-25 15:09:11.642414+00:00,2026-09-25 15:09:11.643414+00:00,2026-09-25 15:09:11.644414+00:00,2026-09-25 15:09:11.657415+00:00,2026-09-25 15:09:11.647414+00:00,2026-09-25 15:09:11.648415+00:00,2026-09-25 15:09:11.649415+00:00,2026-09-25 15:09:11.650415+00:00,2026-09-25 15:09:11.651415+00:00,2026-09-25 15:09:11.652415+00:00,2026-09-25 15:09:11.641414+00:00,2026-09-25 15:09:11.665415+00:00,2026-09-25 15:09:11.655415+00:00,2026-09-25 15:09:11.656415+00:00,2026-09-25 15:09:11.646414+00:00,2026-09-25 15:09:11.658415+00:00,2026-09-25 15:09:11.659415+00:00,2026-09-25 15:09:11.671416+00:00,2026-09-25 15:09:11.661415+00:00,2026-09-25 15:09:11.662415+00:00,2026-09-25 15:09:11.663415+00:00,2026-09-25 15:09:11.664415+00:00,2026-09-25 15:09:11.654415+00:00,2026-09-25 15:09:11.666416+00:00,2026-09-25 15:09:11.667416+00:00,2026-09-25 15:09:11.668416+00:00,2026-09-25 15:09:11.669416+00:00,2026-09-25 15:09:11.670416+00:00,2026-09-25 15:09:11.660415+00:00,2026-09-25 15:09:11.672416+00:00,2026-09-25 15:09:11.673416+00:00,2026-09-25 15:09:11.687417+00:00,2026-09-25 15:09:11.675416+00:00,2026-09-25 15:09:11.689417+00:00,2026-09-25 15:09:11.701418+00:00,2026-09-25 15:09:11.680416+00:00,2026-09-25 15:09:11.681416+00:00,2026-09-25 15:09:11.701418+00:00,0.39886,2.5071453642882213,182.09605501466518,True,True,True,False,False,False,True,False,False,True,True,True,False,False,False,False
74,2026-09-25 13:40:07.230732+00:00,2026-09-25 15:09:12.095440+00:00,119.007,True,False,False,False,True,True,False,False,True,False,False,False,False,False,True,False,False,False,True,False,False,True,False,False,True,True,False,False,True,True,False,False,False,True,False,False,False,False,False,True,False,False,True,True,True,False,False,False,False,False,True,False,False,False,False,True,False,True,True,True,True,True,False,True,False,False,False,False,True,True,True,False,False,False,False,False,False,False,False,0,0,0,0,2026-09-25 15:09:11.976433+00:00,2026-09-25 15:09:12.013435+00:00,2026-09-25 15:09:12.014435+00:00,2026-09-25 15:09:12.015435+00:00,2026-09-25 15:09:12.016436+00:00,2026-09-25 15:09:12.017436+00:00,2026-09-25 15:09:12.018436+00:00,2026-09-25 15:09:12.019436+00:00,2026-09-25 15:09:12.042437+00:00,2026-09-25 15:09:12.021436+00:00,2026-09-25 15:09:12.022436+00:00,2026-09-25 15:09:12.023436+00:00,2026-09-25 15:09:12.024436+00:00,2026-09-25 15:09:12.025436+00:00,2026-09-25 15:09:12.026436+00:00,2026-09-25 15:09:12.027436+00:00,2026-09-25 15:09:12.028436+00:00,2026-09-25 15:09:12.029436+00:00,2026-09-25 15:09:12.030436+00:00,2026-09-25 15:09:12.020436+00:00,2026-09-25 15:09:12.043437+00:00,2026-09-25 15:09:12.044437+00:00,2026-09-25 15:09:12.045437+00:00,2026-09-25 15:09:12.035437+00:00,2026-09-25 15:09:12.036437+00:00,2026-09-25 15:09:12.037437+00:00,2026-09-25 15:09:12.038437+00:00,2026-09-25 15:09:12.039437+00:00,2026-09-25 15:09:12.040437+00:00,2026-09-25 15:09:12.041437+00:00,2026-09-25 15:09:12.031436+00:00,2026-09-25 15:09:12.032436+00:00,2026-09-25 15:09:12.033437+00:00,2026-09-25 15:09:12.034437+00:00,2026-09-25 15:09:12.046437+00:00,2026-09-25 15:09:12.047437+00:00,2026-09-25 15:09:12.048437+00:00,2026-09-25 15:09:12.049437+00:00,2026-09-25 15:09:12.051438+00:00,2026-09-25 15:09:12.052438+00:00,2026-09-25 15:09:12.053438+00:00,2026-09-25 15:09:12.054438+00:00,2026-09-25 15:09:12.055438+00:00,2026-09-25 15:09:12.056438+00:00,2026-09-25 15:09:12.057438+00:00,2026-09-25 15:09:12.058438+00:00,2026-09-25 15:09:12.059438+00:00,2026-09-25 15:09:12.060438+00:00,2026-09-25 15:09:12.061438+00:00,2026-09-25 15:09:12.062438+00:00,2026-09-25 15:09:12.063438+00:00,2026-09-25 15:09:12.064438+00:00,2026-09-25 15:09:12.065438+00:00,2026-09-25 15:09:12.066438+00:00,2026-09-25 15:09:12.067438+00:00,2026-09-25 15:09:12.068439+00:00,2026-09-25 15:09:12.069439+00:00,2026-09-25 15:09:12.070439+00:00,2026-09-25 15:09:12.071439+00:00,2026-09-25 15:09:12.072439+00:00,2026-09-25 15:09:12.073439+00:00,2026-09-25 15:09:12.074439+00:00,2026-09-25 15:09:12.075439+00:00,2026-09-25 15:09:12.076439+00:00,2026-09-25 15:09:12.077439+00:00,2026-09-25 15:09:12.078439+00:00,2026-09-25 15:09:12.079439+00:00,2026-09-25 15:09:12.080439+00:00,2026-09-25 15:09:12.081439+00:00,2026-09-25 15:09:12.082439+00:00,2026-09-25 15:09:12.083439+00:00,2026-09-25 15:09:12.084439+00:00,2026-09-25 15:09:12.085439+00:00,2026-09-25 15:09:12.086440+00:00,2026-09-25 15:09:12.087440+00:00,2026-09-25 15:09:12.088440+00:00,2026-09-25 15:09:12.089440+00:00,2026-09-25 15:09:12.090440+00:00,2026-09-25 15:09:12.091440+00:00,2026-09-25 15:09:12.092440+00:00,2026-09-25 15:09:12.093440+00:00,2026-09-25 15:09:12.094440+00:00,2026-09-25 15:09:12.095440+00:00,2026-09-25 15:09:12.095440+00:00,0.484897,2.062293641742473,178.28895785420744,True,True,True,False,False,False,True,False,False,True,True,True,False,False,False,False
75,2026-09-25 13:40:07.613526+00:00,2026-09-25 15:09:12.572467+00:00,101.005,True,False,False,False,True,False,False,False,True,False,False,False,False,False,True,False,False,False,True,False,False,True,False,False,True,True,False,False,False,True,False,False,False,False,False,False,False,True,False,True,False,False,True,True,True,True,False,False,False,False,False,False,False,False,False,True,False,True,False,False,True,True,False,True,False,False,False,False,True,True,True,False,False,False,False,False,False,False,False,1,0,0,0,2026-09-25 15:09:12.471462+00:00,2026-09-25 15:09:12.489463+00:00,2026-09-25 15:09:12.490463+00:00,2026-09-25 15:09:12.491463+00:00,2026-09-25 15:09:12.493463+00:00,2026-09-25 15:09:12.505464+00:00,2026-09-25 15:09:12.495463+00:00,2026-09-25 15:09:12.496463+00:00,2026-09-25 15:09:12.497463+00:00,2026-09-25 15:09:12.498463+00:00,2026-09-25 15:09:12.499463+00:00,2026-09-25 15:09:12.500463+00:00,2026-09-25 15:09:12.501463+00:00,2026-09-25 15:09:12.502463+00:00,2026-09-25 15:09:12.503463+00:00,2026-09-25 15:09:12.504463+00:00,2026-09-25 15:09:12.494463+00:00,2026-09-25 15:09:12.506464+00:00,2026-09-25 15:09:12.507464+00:00,2026-09-25 15:09:12.508464+00:00,2026-09-25 15:09:12.509464+00:00,2026-09-25 15:09:12.510464+00:00,2026-09-25 15:09:12.511464+00:00,2026-09-25 15:09:12.512464+00:00,2026-09-25 15:09:12.513464+00:00,2026-09-25 15:09:12.514464+00:00,2026-09-25 15:09:12.515464+00:00,2026-09-25 15:09:12.516464+00:00,2026-09-25 15:09:12.517464+00:00,2026-09-25 15:09:12.518464+00:00,2026-09-25 15:09:12.519464+00:00,2026-09-25 15:09:12.520464+00:00,2026-09-25 15:09:12.521464+00:00,2026-09-25 15:09:12.522464+00:00,2026-09-25 15:09:12.523465+00:00,2026-09-25 15:09:12.524465+00:00,2026-09-25 15:09:12.525465+00:00,2026-09-25 15:09:12.526465+00:00,2026-09-25 15:09:12.527465+00:00,2026-09-25 15:09:12.539465+00:00,2026-09-25 15:09:12.529465+00:00,2026-09-25 15:09:12.530465+00:00,2026-09-25 15:09:12.531465+00:00,2026-09-25 15:09:12.532465+00:00,2026-09-25 15:09:12.533465+00:00,2026-09-25 15:09:12.545466+00:00,2026-09-25 15:09:12.535465+00:00,2026-09-25 15:09:12.536465+00:00,2026-09-25 15:09:12.537465+00:00,2026-09-25 15:09:12.538465+00:00,2026-09-25 15:09:12.528465+00:00,2026-09-25 15:09:12.540466+00:00,2026-09-25 15:09:12.541466+00:00,2026-09-25 15:09:12.542466+00:00,2026-09-25 15:09:12.543466+00:00,2026-09-25 15:09:12.544466+00:00,2026-09-25 15:09:12.534465+00:00,2026-09-25 15:09:12.546466+00:00,2026-09-25 15:09:12.547466+00:00,2026-09-25 15:09:12.548466+00:00,2026-09-25 15:09:12.550466+00:00,2026-09-25 15:09:12.551466+00:00,2026-09-25 15:09:12.552466+00:00,2026-09-25 15:09:12.553466+00:00,2026-09-25 15:09:12.554466+00:00,2026-09-25 15:09:12.555466+00:00,2026-09-25 15:09:12.556466+00:00,2026-09-25 15:09:12.557466+00:00,2026-09-25 15:09:12.569467+00:00,2026-09-25 15:09:12.570467+00:00,2026-09-25 15:09:12.571467+00:00,2026-09-25 15:09:12.561467+00:00,2026-09-25 15:09:12.562467+00:00,2026-09-25 15:09:12.563467+00:00,2026-09-25 15:09:12.564467+00:00,2026-09-25 15:09:12.565467+00:00,2026-09-25 15:09:12.566467+00:00,2026-09-25 15:09:12.567467+00:00,2026-09-25 15:09:12.568467+00:00,2026-09-25 15:09:12.558467+00:00,2026-09-25 15:09:12.559467+00:00,2026-09-25 15:09:12.560467+00:00,2026-09-25 15:09:12.572467+00:00,2026-09-25 15:09:12.572467+00:00,0.382794,2.6123711447932827,178.28363430515122,True,False,True,False,False,False,True,False,False,True,True,True,False,False,False,False
76,2026-09-25 13:40:08.051789+00:00,2026-09-25 15:09:12.921487+00:00,90.005,True,False,False,False,True,False,False,False,True,False,False,False,False,False,True,False,False,False,True,False,False,True,False,False,True,True,False,False,False,True,False,False,False,False,False,False,False,True,False,True,False,False,True,True,True,True,False,False,False,False,False,False,False,False,False,True,False,True,False,False,True,True,False,True,False,False,False,False,True,True,True,False,False,False,False,False,False,False,False,0,0,0,0,2026-09-25 15:09:12.831482+00:00,2026-09-25 15:09:12.839483+00:00,2026-09-25 15:09:12.840483+00:00,2026-09-25 15:09:12.841483+00:00,2026-09-25 15:09:12.842483+00:00,2026-09-25 15:09:12.843483+00:00,2026-09-25 15:09:12.844483+00:00,2026-09-25 15:09:12.845483+00:00,2026-09-25 15:09:12.846483+00:00,2026-09-25 15:09:12.847483+00:00,2026-09-25 15:09:12.848483+00:00,2026-09-25 15:09:12.849483+00:00,2026-09-25 15:09:12.850483+00:00,2026-09-25 15:09:12.851483+00:00,2026-09-25 15:09:12.852483+00:00,2026-09-25 15:09:12.853483+00:00,2026-09-25 15:09:12.854483+00:00,2026-09-25 15:09:12.855484+00:00,2026-09-25 15:09:12.856484+00:00,2026-09-25 15:09:12.857484+00:00,2026-09-25 15:09:12.858484+00:00,2026-09-25 15:09:12.859484+00:00,2026-09-25 15:09:12.860484+00:00,2026-09-25 15:09:12.873485+00:00,2026-09-25 15:09:12.863484+00:00,2026-09-25 15:09:12.864484+00:00,2026-09-25 15:09:12.865484+00:00,2026-09-25 15:09:12.877485+00:00,2026-09-25 15:09:12.867484+00:00,2026-09-25 15:09:12.868484+00:00,2026-09-25 15:09:12.869484+00:00,2026-09-25 15:09:12.870484+00:00,2026-09-25 15:09:12.871484+00:00,2026-09-25 15:09:12.872485+00:00,2026-09-25 15:09:12.862484+00:00,2026-09-25 15:09:12.874485+00:00,2026-09-25 15:09:12.875485+00:00,2026-09-25 15:09:12.876485+00:00,2026-09-25 15:09:12.866484+00:00,2026-09-25 15:09:12.878485+00:00,2026-09-25 15:09:12.879485+00:00,2026-09-25 15:09:12.880485+00:00,2026-09-25 15:09:12.881485+00:00,2026-09-25 15:09:12.882485+00:00,2026-09-25 15:09:12.883485+00:00,2026-09-25 15:09:12.884485+00:00,2026-09-25 15:09:12.885485+00:00,2026-09-25 15:09:12.886485+00:00,2026-09-25 15:09:12.887485+00:00,2026-09-25 15:09:12.888485+00:00,2026-09-25 15:09:12.889485+00:00,2026-09-25 15:09:12.890486+00:00,2026-09-25 15:09:12.902486+00:00,2026-09-25 15:09:12.892486+00:00,2026-09-25 15:09:12.893486+00:00,2026-09-25 15:09:12.894486+00:00,2026-09-25 15:09:12.895486+00:00,2026-09-25 15:09:12.896486+00:00,2026-09-25 15:09:12.897486+00:00,2026-09-25 15:09:12.898486+00:00,2026-09-25 15:09:12.899486+00:00,2026-09-25 15:09:12.900486+00:00,2026-09-25 15:09:12.901486+00:00,2026-09-25 15:09:12.891486+00:00,2026-09-25 15:09:12.903486+00:00,2026-09-25 15:09:12.904486+00:00,2026-09-25 15:09:12.905486+00:00,2026-09-25 15:09:12.906486+00:00,2026-09-25 15:09:12.907487+00:00,2026-09-25 15:09:12.908487+00:00,2026-09-25 15:09:12.909487+00:00,2026-09-25 15:09:12.910487+00:00,2026-09-25 15:09:12.911487+00:00,2026-09-25 15:09:12.912487+00:00,2026-09-25 15:09:12.913487+00:00,2026-09-25 15:09:12.914487+00:00,2026-09-25 15:09:12.915487+00:00,2026-09-25 15:09:12.916487+00:00,2026-09-25 15:09:12.917487+00:00,2026-09-25 15:09:12.918487+00:00,2026-09-25 15:09:12.919487+00:00,2026-09-25 15:09:12.920487+00:00,2026-09-25 15:09:12.921487+00:00,2026-09-25 15:09:12.921487+00:00,0.438263,2.2817349399789624,178.28204656388502,True,False,True,False,False,False,True,False,False,True,True,True,False,False,False,False
77,2026-09-25 13:40:08.427290+00:00,2026-09-25 15:09:13.388514+00:00,112.006,True,False,False,False,True,False,False,False,True,False,False,False,False,False,True,False,False,False,True,False,False,True,False,False,True,True,False,False,False,True,False,False,False,False,False,False,False,True,False,True,False,False,True,True,True,True,False,False,False,False,False,False,False,False,False,True,False,True,False,False,True,True,False,True,False,False,False,False,True,True,True,False,False,False,False,False,False,False,False,0,0,0,0,2026-09-25 15:09:13.276508+00:00,2026-09-25 15:09:13.281508+00:00,2026-09-25 15:09:13.282508+00:00,2026-09-25 15:09:13.283508+00:00,2026-09-25 15:09:13.284508+00:00,2026-09-25 15:09:13.285508+00:00,2026-09-25 15:09:13.286508+00:00,2026-09-25 15:09:13.287508+00:00,2026-09-25 15:09:13.288508+00:00,2026-09-25 15:09:13.289508+00:00,2026-09-25 15:09:13.290508+00:00,2026-09-25 15:09:13.291508+00:00,2026-09-25 15:09:13.292509+00:00,2026-09-25 15:09:13.293509+00:00,2026-09-25 15:09:13.294509+00:00,2026-09-25 15:09:13.295509+00:00,2026-09-25 15:09:13.296509+00:00,2026-09-25 15:09:13.297509+00:00,2026-09-25 15:09:13.298509+00:00,2026-09-25 15:09:13.300509+00:00,2026-09-25 15:09:13.301509+00:00,2026-09-25 15:09:13.302509+00:00,2026-09-25 15:09:13.303509+00:00,2026-09-25 15:09:13.304509+00:00,2026-09-25 15:09:13.305509+00:00,2026-09-25 15:09:13.306509+00:00,2026-09-25 15:09:13.307509+00:00,2026-09-25 15:09:13.308509+00:00,2026-09-25 15:09:13.309510+00:00,2026-09-25 15:09:13.310510+00:00,2026-09-25 15:09:13.311510+00:00,2026-09-25 15:09:13.312510+00:00,2026-09-25 15:09:13.313510+00:00,2026-09-25 15:09:13.314510+00:00,2026-09-25 15:09:13.315510+00:00,2026-09-25 15:09:13.316510+00:00,2026-09-25 15:09:13.317510+00:00,2026-09-25 15:09:13.318510+00:00,2026-09-25 15:09:13.319510+00:00,2026-09-25 15:09:13.320510+00:00,2026-09-25 15:09:13.321510+00:00,2026-09-25 15:09:13.322510+00:00,2026-09-25 15:09:13.323510+00:00,2026-09-25 15:09:13.324510+00:00,2026-09-25 15:09:13.325510+00:00,2026-09-25 15:09:13.326510+00:00,2026-09-25 15:09:13.327511+00:00,2026-09-25 15:09:13.328511+00:00,2026-09-25 15:09:13.341511+00:00,2026-09-25 15:09:13.331511+00:00,2026-09-25 15:09:13.332511+00:00,2026-09-25 15:09:13.333511+00:00,2026-09-25 15:09:13.334511+00:00,2026-09-25 15:09:13.335511+00:00,2026-09-25 15:09:13.336511+00:00,2026-09-25 15:09:13.337511+00:00,2026-09-25 15:09:13.338511+00:00,2026-09-25 15:09:13.339511+00:00,2026-09-25 15:09:13.340511+00:00,2026-09-25 15:09:13.330511+00:00,2026-09-25 15:09:13.342511+00:00,2026-09-25 15:09:13.343511+00:00,2026-09-25 15:09:13.344512+00:00,2026-09-25 15:09:13.356512+00:00,2026-09-25 15:09:13.346512+00:00,2026-09-25 15:09:13.347512+00:00,2026-09-25 15:09:13.348512+00:00,2026-09-25 15:09:13.349512+00:00,2026-09-25 15:09:13.350512+00:00,2026-09-25 15:09:13.351512+00:00,2026-09-25 15:09:13.352512+00:00,2026-09-25 15:09:13.353512+00:00,2026-09-25 15:09:13.354512+00:00,2026-09-25 15:09:13.355512+00:00,2026-09-25 15:09:13.345512+00:00,2026-09-25 15:09:13.357512+00:00,2026-09-25 15:09:13.358512+00:00,2026-09-25 15:09:13.359512+00:00,2026-09-25 15:09:13.360512+00:00,2026-09-25 15:09:13.361512+00:00,2026-09-25 15:09:13.362513+00:00,2026-09-25 15:09:13.364513+00:00,2026-09-25 15:09:13.388514+00:00,2026-09-25 15:09:13.388514+00:00,0.375501,2.663108753372162,178.28301023016496,True,False,True,False,False,False,True,False,False,True,True,True,False,False,False,False
78,2026-09-25 13:40:08.816963+00:00,2026-09-25 15:09:13.769536+00:00,124.007,True,False,False,False,True,False,False,False,False,False,False,False,False,False,True,False,False,False,True,False,False,True,False,False,True,True,False,False,False,True,False,False,False,False,False,False,False,True,False,True,False,False,True,True,True,True,False,False,False,False,False,False,False,False,False,True,False,True,False,False,True,True,False,True,False,False,False,False,True,True,True,False,False,False,False,False,False,False,False,0,0,0,0,2026-09-25 15:09:13.645529+00:00,2026-09-25 15:09:13.658529+00:00,2026-09-25 15:09:13.660530+00:00,2026-09-25 15:09:13.661530+00:00,2026-09-25 15:09:13.662530+00:00,2026-09-25 15:09:13.663530+00:00,2026-09-25 15:09:13.664530+00:00,2026-09-25 15:09:13.665530+00:00,2026-09-25 15:09:13.666530+00:00,2026-09-25 15:09:13.667530+00:00,2026-09-25 15:09:13.668530+00:00,2026-09-25 15:09:13.669530+00:00,2026-09-25 15:09:13.670530+00:00,2026-09-25 15:09:13.671530+00:00,2026-09-25 15:09:13.672530+00:00,2026-09-25 15:09:13.685531+00:00,2026-09-25 15:09:13.686531+00:00,2026-09-25 15:09:13.676531+00:00,2026-09-25 15:09:13.677531+00:00,2026-09-25 15:09:13.678531+00:00,2026-09-25 15:09:13.679531+00:00,2026-09-25 15:09:13.680531+00:00,2026-09-25 15:09:13.681531+00:00,2026-09-25 15:09:13.682531+00:00,2026-09-25 15:09:13.683531+00:00,2026-09-25 15:09:13.684531+00:00,2026-09-25 15:09:13.673530+00:00,2026-09-25 15:09:13.675530+00:00,2026-09-25 15:09:13.687531+00:00,2026-09-25 15:09:13.688531+00:00,2026-09-25 15:09:13.689531+00:00,2026-09-25 15:09:13.690531+00:00,2026-09-25 15:09:13.702532+00:00,2026-09-25 15:09:13.692531+00:00,2026-09-25 15:09:13.693531+00:00,2026-09-25 15:09:13.694532+00:00,2026-09-25 15:09:13.695532+00:00,2026-09-25 15:09:13.696532+00:00,2026-09-25 15:09:13.697532+00:00,2026-09-25 15:09:13.698532+00:00,2026-09-25 15:09:13.699532+00:00,2026-09-25 15:09:13.700532+00:00,2026-09-25 15:09:13.701532+00:00,2026-09-25 15:09:13.703532+00:00,2026-09-25 15:09:13.717533+00:00,2026-09-25 15:09:13.706532+00:00,2026-09-25 15:09:13.707532+00:00,2026-09-25 15:09:13.709532+00:00,2026-09-25 15:09:13.710532+00:00,2026-09-25 15:09:13.711533+00:00,2026-09-25 15:09:13.712533+00:00,2026-09-25 15:09:13.713533+00:00,2026-09-25 15:09:13.714533+00:00,2026-09-25 15:09:13.715533+00:00,2026-09-25 15:09:13.716533+00:00,2026-09-25 15:09:13.704532+00:00,2026-09-25 15:09:13.718533+00:00,2026-09-25 15:09:13.719533+00:00,2026-09-25 15:09:13.720533+00:00,2026-09-25 15:09:13.721533+00:00,2026-09-25 15:09:13.722533+00:00,2026-09-25 15:09:13.723533+00:00,2026-09-25 15:09:13.724533+00:00,2026-09-25 15:09:13.725533+00:00,2026-09-25 15:09:13.726533+00:00,2026-09-25 15:09:13.727533+00:00,2026-09-25 15:09:13.728533+00:00,2026-09-25 15:09:13.729534+00:00,2026-09-25 15:09:13.730534+00:00,2026-09-25 15:09:13.731534+00:00,2026-09-25 15:09:13.732534+00:00,2026-09-25 15:09:13.733534+00:00,2026-09-25 15:09:13.734534+00:00,2026-09-25 15:09:13.736534+00:00,2026-09-25 15:09:13.738534+00:00,2026-09-25 15:09:13.755535+00:00,2026-09-25 15:09:13.769536+00:00,2026-09-25 15:09:13.758535+00:00,2026-09-25 15:09:13.744534+00:00,2026-09-25 15:09:13.746535+00:00,2026-09-25 15:09:13.747535+00:00,2026-09-25 15:09:13.748535+00:00,2026-09-25 15:09:13.750535+00:00,2026-09-25 15:09:13.769536+00:00,0.389673,2.5662542696055413,178.28643158451194,True,False,True,False,False,True,True,False,False,True,True,True,False,False,False,False
79,2026-09-25 13:40:09.176949+00:00,2026-09-25 15:09:14.139557+00:00,105.006,True,False,False,False,True,False,True,False,False,False,False,False,False,False,False,True,False,False,False,False,False,False,False,False,True,True,False,False,False,True,False,False,False,False,False,False,False,True,False,True,False,False,True,True,True,True,False,False,False,False,False,False,False,False,False,True,False,True,False,False,True,True,False,True,False,False,False,False,True,True,True,False,False,False,False,False,False,False,False,0,0,0,0,2026-09-25 15:09:14.034551+00:00,2026-09-25 15:09:14.041551+00:00,2026-09-25 15:09:14.043551+00:00,2026-09-25 15:09:14.057552+00:00,2026-09-25 15:09:14.046552+00:00,2026-09-25 15:09:14.048552+00:00,2026-09-25 15:09:14.049552+00:00,2026-09-25 15:09:14.050552+00:00,2026-09-25 15:09:14.051552+00:00,2026-09-25 15:09:14.052552+00:00,2026-09-25 15:09:14.053552+00:00,2026-09-25 15:09:14.054552+00:00,2026-09-25 15:09:14.055552+00:00,2026-09-25 15:09:14.056552+00:00,2026-09-25 15:09:14.045552+00:00,2026-09-25 15:09:14.058552+00:00,2026-09-25 15:09:14.059552+00:00,2026-09-25 15:09:14.060552+00:00,2026-09-25 15:09:14.061553+00:00,2026-09-25 15:09:14.062553+00:00,2026-09-25 15:09:14.063553+00:00,2026-09-25 15:09:14.064553+00:00,2026-09-25 15:09:14.065553+00:00,2026-09-25 15:09:14.066553+00:00,2026-09-25 15:09:14.067553+00:00,2026-09-25 15:09:14.068553+00:00,2026-09-25 15:09:14.069553+00:00,2026-09-25 15:09:14.070553+00:00,2026-09-25 15:09:14.071553+00:00,2026-09-25 15:09:14.072553+00:00,2026-09-25 15:09:14.073553+00:00,2026-09-25 15:09:14.074553+00:00,2026-09-25 15:09:14.075553+00:00,2026-09-25 15:09:14.076553+00:00,2026-09-25 15:09:14.077553+00:00,2026-09-25 15:09:14.078553+00:00,2026-09-25 15:09:14.079554+00:00,2026-09-25 15:09:14.080554+00:00,2026-09-25 15:09:14.081554+00:00,2026-09-25 15:09:14.082554+00:00,2026-09-25 15:09:14.083554+00:00,2026-09-25 15:09:14.084554+00:00,2026-09-25 15:09:14.085554+00:00,2026-09-25 15:09:14.086554+00:00,2026-09-25 15:09:14.087554+00:00,2026-09-25 15:09:14.115556+00:00,2026-09-25 15:09:14.090554+00:00,2026-09-25 15:09:14.091554+00:00,2026-09-25 15:09:14.092554+00:00,2026-09-25 15:09:14.093554+00:00,2026-09-25 15:09:14.094554+00:00,2026-09-25 15:09:14.095554+00:00,2026-09-25 15:09:14.096555+00:00,2026-09-25 15:09:14.097555+00:00,2026-09-25 15:09:14.098555+00:00,2026-09-25 15:09:14.099555+00:00,2026-09-25 15:09:14.089554+00:00,2026-09-25 15:09:14.103555+00:00,2026-09-25 15:09:14.105555+00:00,2026-09-25 15:09:14.106555+00:00,2026-09-25 15:09:14.107555+00:00,2026-09-25 15:09:14.108555+00:00,2026-09-25 15:09:14.109555+00:00,2026-09-25 15:09:14.111555+00:00,2026-09-25 15:09:14.112555+00:00,2026-09-25 15:09:14.113556+00:00,2026-09-25 15:09:14.114556+00:00,2026-09-25 15:09:14.101555+00:00,2026-09-25 15:09:14.116556+00:00,2026-09-25 15:09:14.117556+00:00,2026-09-25 15:09:14.118556+00:00,2026-09-25 15:09:14.119556+00:00,2026-09-25 15:09:14.120556+00:00,2026-09-25 15:09:14.121556+00:00,2026-09-25 15:09:14.122556+00:00,2026-09-25 15:09:14.123556+00:00,2026-09-25 15:09:14.124556+00:00,2026-09-25 15:09:14.138557+00:00,2026-09-25 15:09:14.139557+00:00,2026-09-25 15:09:14.129556+00:00,2026-09-25 15:09:14.130556+00:00,2026-09-25 15:09:14.131557+00:00,2026-09-25 15:09:14.132557+00:00,2026-09-25 15:09:14.139557+00:00,0.359986,2.7778858066702594,181.29202435041003,True,False,True,False,False,True,True,False,False,True,True,True,False,False,False,False
80,2026-09-25 13:40:09.600356+00:00,2026-09-25 15:09:14.542580+00:00,148.008,True,False,False,False,False,False,True,False,False,False,False,False,False,False,False,True,False,False,False,False,False,False,False,False,True,True,False,False,False,True,False,False,False,False,False,False,False,True,False,True,False,False,True,True,True,True,False,False,False,False,False,False,False,False,False,True,False,True,False,False,True,True,False,True,False,False,False,False,True,True,True,False,False,False,False,False,False,False,False,1,0,0,0,2026-09-25 15:09:14.394572+00:00,2026-09-25 15:09:14.400572+00:00,2026-09-25 15:09:14.402572+00:00,2026-09-25 15:09:14.404572+00:00,2026-09-25 15:09:14.405572+00:00,2026-09-25 15:09:14.418573+00:00,2026-09-25 15:09:14.408572+00:00,2026-09-25 15:09:14.409572+00:00,2026-09-25 15:09:14.410572+00:00,2026-09-25 15:09:14.411573+00:00,2026-09-25 15:09:14.412573+00:00,2026-09-25 15:09:14.413573+00:00,2026-09-25 15:09:14.414573+00:00,2026-09-25 15:09:14.415573+00:00,2026-09-25 15:09:14.416573+00:00,2026-09-25 15:09:14.417573+00:00,2026-09-25 15:09:14.407572+00:00,2026-09-25 15:09:14.419573+00:00,2026-09-25 15:09:14.420573+00:00,2026-09-25 15:09:14.422573+00:00,2026-09-25 15:09:14.423573+00:00,2026-09-25 15:09:14.424573+00:00,2026-09-25 15:09:14.426573+00:00,2026-09-25 15:09:14.427573+00:00,2026-09-25 15:09:14.428574+00:00,2026-09-25 15:09:14.429574+00:00,2026-09-25 15:09:14.430574+00:00,2026-09-25 15:09:14.431574+00:00,2026-09-25 15:09:14.432574+00:00,2026-09-25 15:09:14.433574+00:00,2026-09-25 15:09:14.434574+00:00,2026-09-25 15:09:14.435574+00:00,2026-09-25 15:09:14.436574+00:00,2026-09-25 15:09:14.458575+00:00,2026-09-25 15:09:14.459575+00:00,2026-09-25 15:09:14.462575+00:00,2026-09-25 15:09:14.518579+00:00,2026-09-25 15:09:14.465576+00:00,2026-09-25 15:09:14.466576+00:00,2026-09-25 15:09:14.468576+00:00,2026-09-25 15:09:14.469576+00:00,2026-09-25 15:09:14.470576+00:00,2026-09-25 15:09:14.456575+00:00,2026-09-25 15:09:14.457575+00:00,2026-09-25 15:09:14.438574+00:00,2026-09-25 15:09:14.441574+00:00,2026-09-25 15:09:14.443574+00:00,2026-09-25 15:09:14.445574+00:00,2026-09-25 15:09:14.447575+00:00,2026-09-25 15:09:14.449575+00:00,2026-09-25 15:09:14.451575+00:00,2026-09-25 15:09:14.453575+00:00,2026-09-25 15:09:14.455575+00:00,2026-09-25 15:09:14.510578+00:00,2026-09-25 15:09:14.511578+00:00,2026-09-25 15:09:14.512578+00:00,2026-09-25 15:09:14.514578+00:00,2026-09-25 15:09:14.538580+00:00,2026-09-25 15:09:14.464576+00:00,2026-09-25 15:09:14.520579+00:00,2026-09-25 15:09:14.522579+00:00,2026-09-25 15:09:14.507578+00:00,2026-09-25 15:09:14.508578+00:00,2026-09-25 15:09:14.509578+00:00,2026-09-25 15:09:14.472576+00:00,2026-09-25 15:09:14.474576+00:00,2026-09-25 15:09:14.477576+00:00,2026-09-25 15:09:14.490577+00:00,2026-09-25 15:09:14.497577+00:00,2026-09-25 15:09:14.499578+00:00,2026-09-25 15:09:14.501578+00:00,2026-09-25 15:09:14.503578+00:00,2026-09-25 15:09:14.505578+00:00,2026-09-25 15:09:14.524579+00:00,2026-09-25 15:09:14.526579+00:00,2026-09-25 15:09:14.528579+00:00,2026-09-25 15:09:14.530579+00:00,2026-09-25 15:09:14.532579+00:00,2026-09-25 15:09:14.534580+00:00,2026-09-25 15:09:14.536580+00:00,2026-09-25 15:09:14.516579+00:00,2026-09-25 15:09:14.540580+00:00,2026-09-25 15:09:14.542580+00:00,2026-09-25 15:09:14.542580+00:00,0.423407,2.3617937351059384,181.3006531643964,True,False,True,False,False,True,True,False,False,True,True,True,False,False,False,False
81,2026-09-25 13:40:10.061838+00:00,2026-09-25 15:09:15.002606+00:00,182.01,True,False,False,False,False,False,True,False,False,False,False,False,False,False,False,True,False,False,False,False,False,False,False,False,True,True,False,False,False,True,False,False,False,False,False,False,False,True,False,True,False,False,True,True,True,True,False,False,False,False,False,False,False,False,False,True,False,True,False,False,True,True,False,True,False,False,False,False,True,True,True,False,False,False,False,False,False,False,False,0,0,0,0,2026-09-25 15:09:14.820596+00:00,2026-09-25 15:09:14.838597+00:00,2026-09-25 15:09:14.840597+00:00,2026-09-25 15:09:14.842597+00:00,2026-09-25 15:09:14.844597+00:00,2026-09-25 15:09:14.846597+00:00,2026-09-25 15:09:14.848598+00:00,2026-09-25 15:09:14.850598+00:00,2026-09-25 15:09:14.852598+00:00,2026-09-25 15:09:14.854598+00:00,2026-09-25 15:09:14.856598+00:00,2026-09-25 15:09:14.858598+00:00,2026-09-25 15:09:14.860598+00:00,2026-09-25 15:09:14.862598+00:00,2026-09-25 15:09:14.864598+00:00,2026-09-25 15:09:14.866599+00:00,2026-09-25 15:09:14.868599+00:00,2026-09-25 15:09:14.870599+00:00,2026-09-25 15:09:14.872599+00:00,2026-09-25 15:09:14.874599+00:00,2026-09-25 15:09:14.876599+00:00,2026-09-25 15:09:14.878599+00:00,2026-09-25 15:09:14.880599+00:00,2026-09-25 15:09:14.882599+00:00,2026-09-25 15:09:14.884600+00:00,2026-09-25 15:09:14.886600+00:00,2026-09-25 15:09:14.888600+00:00,2026-09-25 15:09:14.890600+00:00,2026-09-25 15:09:14.914601+00:00,2026-09-25 15:09:14.894600+00:00,2026-09-25 15:09:14.896600+00:00,2026-09-25 15:09:14.898600+00:00,2026-09-25 15:09:14.900601+00:00,2026-09-25 15:09:14.902601+00:00,2026-09-25 15:09:14.904601+00:00,2026-09-25 15:09:14.928602+00:00,2026-09-25 15:09:14.908601+00:00,2026-09-25 15:09:14.910601+00:00,2026-09-25 15:09:14.912601+00:00,2026-09-25 15:09:14.892600+00:00,2026-09-25 15:09:14.916601+00:00,2026-09-25 15:09:14.918602+00:00,2026-09-25 15:09:14.920602+00:00,2026-09-25 15:09:14.922602+00:00,2026-09-25 15:09:14.924602+00:00,2026-09-25 15:09:14.926602+00:00,2026-09-25 15:09:14.906601+00:00,2026-09-25 15:09:14.930602+00:00,2026-09-25 15:09:14.932602+00:00,2026-09-25 15:09:14.934602+00:00,2026-09-25 15:09:14.936603+00:00,2026-09-25 15:09:14.938603+00:00,2026-09-25 15:09:14.940603+00:00,2026-09-25 15:09:14.942603+00:00,2026-09-25 15:09:14.944603+00:00,2026-09-25 15:09:14.946603+00:00,2026-09-25 15:09:14.948603+00:00,2026-09-25 15:09:14.950603+00:00,2026-09-25 15:09:14.952603+00:00,2026-09-25 15:09:14.954604+00:00,2026-09-25 15:09:14.956604+00:00,2026-09-25 15:09:14.958604+00:00,2026-09-25 15:09:14.960604+00:00,2026-09-25 15:09:14.962604+00:00,2026-09-25 15:09:14.966604+00:00,2026-09-25 15:09:14.968604+00:00,2026-09-25 15:09:14.970605+00:00,2026-09-25 15:09:14.972605+00:00,2026-09-25 15:09:14.974605+00:00,2026-09-25 15:09:14.976605+00:00,2026-09-25 15:09:14.978605+00:00,2026-09-25 15:09:14.980605+00:00,2026-09-25 15:09:14.982605+00:00,2026-09-25 15:09:14.984605+00:00,2026-09-25 15:09:14.986605+00:00,2026-09-25 15:09:14.988606+00:00,2026-09-25 15:09:14.990606+00:00,2026-09-25 15:09:14.992606+00:00,2026-09-25 15:09:14.994606+00:00,2026-09-25 15:09:14.996606+00:00,2026-09-25 15:09:14.998606+00:00,2026-09-25 15:09:15.000606+00:00,2026-09-25 15:09:15.002606+00:00,2026-09-25 15:09:15.002606+00:00,0.461482,2.166931754651319,181.31370880532285,True,False,True,False,False,True,True,False,False,True,True,True,False,False,False,False
82,2026-09-25 13:40:10.422310+00:00,2026-09-25 15:09:15.380628+00:00,95.005,True,False,False,False,False,False,True,False,False,False,False,False,False,False,False,True,False,False,False,False,False,False,False,False,True,True,False,False,False,True,False,False,False,False,False,False,False,True,False,True,False,False,True,True,True,True,False,False,False,False,False,False,False,False,False,True,False,True,False,False,True,True,False,True,False,False,False,False,True,True,True,False,False,False,False,False,False,False,False,0,0,0,0,2026-09-25 15:09:15.285623+00:00,2026-09-25 15:09:15.299623+00:00,2026-09-25 15:09:15.300623+00:00,2026-09-25 15:09:15.301623+00:00,2026-09-25 15:09:15.302624+00:00,2026-09-25 15:09:15.303624+00:00,2026-09-25 15:09:15.304624+00:00,2026-09-25 15:09:15.305624+00:00,2026-09-25 15:09:15.306624+00:00,2026-09-25 15:09:15.307624+00:00,2026-09-25 15:09:15.308624+00:00,2026-09-25 15:09:15.309624+00:00,2026-09-25 15:09:15.310624+00:00,2026-09-25 15:09:15.311624+00:00,2026-09-25 15:09:15.312624+00:00,2026-09-25 15:09:15.313624+00:00,2026-09-25 15:09:15.314624+00:00,2026-09-25 15:09:15.315624+00:00,2026-09-25 15:09:15.316624+00:00,2026-09-25 15:09:15.317624+00:00,2026-09-25 15:09:15.318624+00:00,2026-09-25 15:09:15.319624+00:00,2026-09-25 15:09:15.320625+00:00,2026-09-25 15:09:15.321625+00:00,2026-09-25 15:09:15.322625+00:00,2026-09-25 15:09:15.323625+00:00,2026-09-25 15:09:15.324625+00:00,2026-09-25 15:09:15.325625+00:00,2026-09-25 15:09:15.326625+00:00,2026-09-25 15:09:15.327625+00:00,2026-09-25 15:09:15.328625+00:00,2026-09-25 15:09:15.329625+00:00,2026-09-25 15:09:15.330625+00:00,2026-09-25 15:09:15.331625+00:00,2026-09-25 15:09:15.332625+00:00,2026-09-25 15:09:15.333625+00:00,2026-09-25 15:09:15.334625+00:00,2026-09-25 15:09:15.335625+00:00,2026-09-25 15:09:15.336625+00:00,2026-09-25 15:09:15.337626+00:00,2026-09-25 15:09:15.338626+00:00,2026-09-25 15:09:15.339626+00:00,2026-09-25 15:09:15.340626+00:00,2026-09-25 15:09:15.341626+00:00,2026-09-25 15:09:15.342626+00:00,2026-09-25 15:09:15.343626+00:00,2026-09-25 15:09:15.344626+00:00,2026-09-25 15:09:15.345626+00:00,2026-09-25 15:09:15.346626+00:00,2026-09-25 15:09:15.347626+00:00,2026-09-25 15:09:15.348626+00:00,2026-09-25 15:09:15.349626+00:00,2026-09-25 15:09:15.350626+00:00,2026-09-25 15:09:15.351626+00:00,2026-09-25 15:09:15.352626+00:00,2026-09-25 15:09:15.353626+00:00,2026-09-25 15:09:15.354626+00:00,2026-09-25 15:09:15.355627+00:00,2026-09-25 15:09:15.367627+00:00,2026-09-25 15:09:15.357627+00:00,2026-09-25 15:09:15.369627+00:00,2026-09-25 15:09:15.359627+00:00,2026-09-25 15:09:15.360627+00:00,2026-09-25 15:09:15.361627+00:00,2026-09-25 15:09:15.362627+00:00,2026-09-25 15:09:15.363627+00:00,2026-09-25 15:09:15.364627+00:00,2026-09-25 15:09:15.365627+00:00,2026-09-25 15:09:15.366627+00:00,2026-09-25 15:09:15.356627+00:00,2026-09-25 15:09:15.368627+00:00,2026-09-25 15:09:15.358627+00:00,2026-09-25 15:09:15.370627+00:00,2026-09-25 15:09:15.371627+00:00,2026-09-25 15:09:15.372628+00:00,2026-09-25 15:09:15.373628+00:00,2026-09-25 15:09:15.374628+00:00,2026-09-25 15:09:15.375628+00:00,2026-09-25 15:09:15.376628+00:00,2026-09-25 15:09:15.377628+00:00,2026-09-25 15:09:15.378628+00:00,2026-09-25 15:09:15.379628+00:00,2026-09-25 15:09:15.380628+00:00,2026-09-25 15:09:15.380628+00:00,0.360472,2.7741405712510265,181.32696113800003,True,False,True,False,False,True,True,False,False,True,True,True,False,False,False,False
83,2026-09-25 13:40:10.782624+00:00,2026-09-25 15:09:15.742649+00:00,103.006,True,False,False,False,False,False,True,False,False,False,False,False,False,False,False,True,False,False,False,False,False,False,False,False,True,True,False,True,False,True,False,False,False,False,False,True,False,False,False,True,False,True,False,True,True,True,False,False,False,False,False,False,False,False,False,True,False,True,False,False,True,True,False,True,False,False,False,False,True,True,True,False,False,False,False,False,False,False,False,0,0,0,0,2026-09-25 15:09:15.639643+00:00,2026-09-25 15:09:15.660644+00:00,2026-09-25 15:09:15.661644+00:00,2026-09-25 15:09:15.662644+00:00,2026-09-25 15:09:15.663644+00:00,2026-09-25 15:09:15.675645+00:00,2026-09-25 15:09:15.665644+00:00,2026-09-25 15:09:15.666644+00:00,2026-09-25 15:09:15.667644+00:00,2026-09-25 15:09:15.668644+00:00,2026-09-25 15:09:15.669645+00:00,2026-09-25 15:09:15.670645+00:00,2026-09-25 15:09:15.671645+00:00,2026-09-25 15:09:15.672645+00:00,2026-09-25 15:09:15.673645+00:00,2026-09-25 15:09:15.674645+00:00,2026-09-25 15:09:15.664644+00:00,2026-09-25 15:09:15.676645+00:00,2026-09-25 15:09:15.677645+00:00,2026-09-25 15:09:15.678645+00:00,2026-09-25 15:09:15.679645+00:00,2026-09-25 15:09:15.680645+00:00,2026-09-25 15:09:15.681645+00:00,2026-09-25 15:09:15.682645+00:00,2026-09-25 15:09:15.683645+00:00,2026-09-25 15:09:15.684645+00:00,2026-09-25 15:09:15.696646+00:00,2026-09-25 15:09:15.686645+00:00,2026-09-25 15:09:15.687646+00:00,2026-09-25 15:09:15.688646+00:00,2026-09-25 15:09:15.689646+00:00,2026-09-25 15:09:15.713647+00:00,2026-09-25 15:09:15.691646+00:00,2026-09-25 15:09:15.692646+00:00,2026-09-25 15:09:15.693646+00:00,2026-09-25 15:09:15.694646+00:00,2026-09-25 15:09:15.695646+00:00,2026-09-25 15:09:15.685645+00:00,2026-09-25 15:09:15.697646+00:00,2026-09-25 15:09:15.698646+00:00,2026-09-25 15:09:15.699646+00:00,2026-09-25 15:09:15.701646+00:00,2026-09-25 15:09:15.690646+00:00,2026-09-25 15:09:15.703646+00:00,2026-09-25 15:09:15.704647+00:00,2026-09-25 15:09:15.705647+00:00,2026-09-25 15:09:15.706647+00:00,2026-09-25 15:09:15.707647+00:00,2026-09-25 15:09:15.708647+00:00,2026-09-25 15:09:15.709647+00:00,2026-09-25 15:09:15.710647+00:00,2026-09-25 15:09:15.711647+00:00,2026-09-25 15:09:15.734648+00:00,2026-09-25 15:09:15.702646+00:00,2026-09-25 15:09:15.714647+00:00,2026-09-25 15:09:15.715647+00:00,2026-09-25 15:09:15.727648+00:00,2026-09-25 15:09:15.717647+00:00,2026-09-25 15:09:15.718647+00:00,2026-09-25 15:09:15.719647+00:00,2026-09-25 15:09:15.720647+00:00,2026-09-25 15:09:15.721647+00:00,2026-09-25 15:09:15.722648+00:00,2026-09-25 15:09:15.712647+00:00,2026-09-25 15:09:15.724648+00:00,2026-09-25 15:09:15.725648+00:00,2026-09-25 15:09:15.726648+00:00,2026-09-25 15:09:15.716647+00:00,2026-09-25 15:09:15.728648+00:00,2026-09-25 15:09:15.729648+00:00,2026-09-25 15:09:15.730648+00:00,2026-09-25 15:09:15.731648+00:00,2026-09-25 15:09:15.732648+00:00,2026-09-25 15:09:15.733648+00:00,2026-09-25 15:09:15.723648+00:00,2026-09-25 15:09:15.735648+00:00,2026-09-25 15:09:15.736648+00:00,2026-09-25 15:09:15.737648+00:00,2026-09-25 15:09:15.738648+00:00,2026-09-25 15:09:15.739649+00:00,2026-09-25 15:09:15.740649+00:00,2026-09-25 15:09:15.741649+00:00,2026-09-25 15:09:15.742649+00:00,2026-09-25 15:09:15.742649+00:00,0.360314,2.7753570496844415,181.34174839506397,True,False,True,False,False,True,True,False,False,True,True,True,False,False,False,False
84,2026-09-25 13:40:11.246746+00:00,2026-09-25 15:09:16.206675+00:00,94.005,True,False,False,False,False,False,True,False,False,False,False,False,False,False,False,True,False,False,False,False,False,False,False,False,True,True,False,False,False,True,False,False,False,False,False,False,False,False,True,True,False,True,False,True,True,True,False,False,False,False,False,False,False,False,False,True,False,True,False,False,True,True,False,True,False,False,False,False,True,True,True,False,False,False,False,False,False,False,False,0,0,0,0,2026-09-25 15:09:16.112670+00:00,2026-09-25 15:09:16.122670+00:00,2026-09-25 15:09:16.123670+00:00,2026-09-25 15:09:16.124671+00:00,2026-09-25 15:09:16.125671+00:00,2026-09-25 15:09:16.126671+00:00,2026-09-25 15:09:16.127671+00:00,2026-09-25 15:09:16.128671+00:00,2026-09-25 15:09:16.129671+00:00,2026-09-25 15:09:16.130671+00:00,2026-09-25 15:09:16.131671+00:00,2026-09-25 15:09:16.132671+00:00,2026-09-25 15:09:16.133671+00:00,2026-09-25 15:09:16.145672+00:00,2026-09-25 15:09:16.146672+00:00,2026-09-25 15:09:16.147672+00:00,2026-09-25 15:09:16.148672+00:00,2026-09-25 15:09:16.149672+00:00,2026-09-25 15:09:16.139671+00:00,2026-09-25 15:09:16.140671+00:00,2026-09-25 15:09:16.141672+00:00,2026-09-25 15:09:16.142672+00:00,2026-09-25 15:09:16.143672+00:00,2026-09-25 15:09:16.144672+00:00,2026-09-25 15:09:16.134671+00:00,2026-09-25 15:09:16.135671+00:00,2026-09-25 15:09:16.136671+00:00,2026-09-25 15:09:16.137671+00:00,2026-09-25 15:09:16.138671+00:00,2026-09-25 15:09:16.150672+00:00,2026-09-25 15:09:16.151672+00:00,2026-09-25 15:09:16.152672+00:00,2026-09-25 15:09:16.153672+00:00,2026-09-25 15:09:16.154672+00:00,2026-09-25 15:09:16.155672+00:00,2026-09-25 15:09:16.156672+00:00,2026-09-25 15:09:16.157672+00:00,2026-09-25 15:09:16.158672+00:00,2026-09-25 15:09:16.159673+00:00,2026-09-25 15:09:16.160673+00:00,2026-09-25 15:09:16.161673+00:00,2026-09-25 15:09:16.162673+00:00,2026-09-25 15:09:16.163673+00:00,2026-09-25 15:09:16.164673+00:00,2026-09-25 15:09:16.165673+00:00,2026-09-25 15:09:16.166673+00:00,2026-09-25 15:09:16.167673+00:00,2026-09-25 15:09:16.169673+00:00,2026-09-25 15:09:16.170673+00:00,2026-09-25 15:09:16.171673+00:00,2026-09-25 15:09:16.172673+00:00,2026-09-25 15:09:16.173673+00:00,2026-09-25 15:09:16.174673+00:00,2026-09-25 15:09:16.175673+00:00,2026-09-25 15:09:16.176674+00:00,2026-09-25 15:09:16.177674+00:00,2026-09-25 15:09:16.178674+00:00,2026-09-25 15:09:16.180674+00:00,2026-09-25 15:09:16.181674+00:00,2026-09-25 15:09:16.182674+00:00,2026-09-25 15:09:16.183674+00:00,2026-09-25 15:09:16.195675+00:00,2026-09-25 15:09:16.185674+00:00,2026-09-25 15:09:16.186674+00:00,2026-09-25 15:09:16.187674+00:00,2026-09-25 15:09:16.188674+00:00,2026-09-25 15:09:16.189674+00:00,2026-09-25 15:09:16.190674+00:00,2026-09-25 15:09:16.191674+00:00,2026-09-25 15:09:16.192674+00:00,2026-09-25 15:09:16.193674+00:00,2026-09-25 15:09:16.194675+00:00,2026-09-25 15:09:16.184674+00:00,2026-09-25 15:09:16.196675+00:00,2026-09-25 15:09:16.197675+00:00,2026-09-25 15:09:16.198675+00:00,2026-09-25 15:09:16.199675+00:00,2026-09-25 15:09:16.201675+00:00,2026-09-25 15:09:16.202675+00:00,2026-09-25 15:09:16.203675+00:00,2026-09-25 15:09:16.204675+00:00,2026-09-25 15:09:16.205675+00:00,2026-09-25 15:09:16.206675+00:00,2026-09-25 15:09:16.206675+00:00,0.464122,2.1546059010346417,181.36363013279805,True,False,True,False,False,True,True,False,False,True,True,True,False,False,False,False
85,2026-09-25 13:40:11.619009+00:00,2026-09-25 15:09:16.577696+00:00,105.006,True,False,False,False,False,False,True,False,False,False,False,False,False,False,False,True,False,False,False,False,False,False,False,False,True,True,False,False,False,True,False,False,False,False,False,False,False,False,True,True,False,True,False,True,True,True,False,False,False,False,False,False,False,False,False,True,False,True,False,False,True,True,False,True,False,False,False,False,True,True,True,False,False,False,False,False,False,False,False,0,0,0,0,2026-09-25 15:09:16.472690+00:00,2026-09-25 15:09:16.495692+00:00,2026-09-25 15:09:16.496692+00:00,2026-09-25 15:09:16.497692+00:00,2026-09-25 15:09:16.498692+00:00,2026-09-25 15:09:16.499692+00:00,2026-09-25 15:09:16.500692+00:00,2026-09-25 15:09:16.501692+00:00,2026-09-25 15:09:16.502692+00:00,2026-09-25 15:09:16.503692+00:00,2026-09-25 15:09:16.504692+00:00,2026-09-25 15:09:16.505692+00:00,2026-09-25 15:09:16.506692+00:00,2026-09-25 15:09:16.507692+00:00,2026-09-25 15:09:16.508692+00:00,2026-09-25 15:09:16.509693+00:00,2026-09-25 15:09:16.510693+00:00,2026-09-25 15:09:16.511693+00:00,2026-09-25 15:09:16.512693+00:00,2026-09-25 15:09:16.513693+00:00,2026-09-25 15:09:16.514693+00:00,2026-09-25 15:09:16.515693+00:00,2026-09-25 15:09:16.516693+00:00,2026-09-25 15:09:16.517693+00:00,2026-09-25 15:09:16.518693+00:00,2026-09-25 15:09:16.519693+00:00,2026-09-25 15:09:16.520693+00:00,2026-09-25 15:09:16.521693+00:00,2026-09-25 15:09:16.533694+00:00,2026-09-25 15:09:16.523693+00:00,2026-09-25 15:09:16.524693+00:00,2026-09-25 15:09:16.525693+00:00,2026-09-25 15:09:16.526694+00:00,2026-09-25 15:09:16.538694+00:00,2026-09-25 15:09:16.528694+00:00,2026-09-25 15:09:16.529694+00:00,2026-09-25 15:09:16.530694+00:00,2026-09-25 15:09:16.531694+00:00,2026-09-25 15:09:16.532694+00:00,2026-09-25 15:09:16.522693+00:00,2026-09-25 15:09:16.534694+00:00,2026-09-25 15:09:16.535694+00:00,2026-09-25 15:09:16.536694+00:00,2026-09-25 15:09:16.537694+00:00,2026-09-25 15:09:16.527694+00:00,2026-09-25 15:09:16.539694+00:00,2026-09-25 15:09:16.540694+00:00,2026-09-25 15:09:16.541694+00:00,2026-09-25 15:09:16.542694+00:00,2026-09-25 15:09:16.543694+00:00,2026-09-25 15:09:16.544695+00:00,2026-09-25 15:09:16.545695+00:00,2026-09-25 15:09:16.546695+00:00,2026-09-25 15:09:16.547695+00:00,2026-09-25 15:09:16.548695+00:00,2026-09-25 15:09:16.549695+00:00,2026-09-25 15:09:16.550695+00:00,2026-09-25 15:09:16.551695+00:00,2026-09-25 15:09:16.552695+00:00,2026-09-25 15:09:16.553695+00:00,2026-09-25 15:09:16.554695+00:00,2026-09-25 15:09:16.555695+00:00,2026-09-25 15:09:16.556695+00:00,2026-09-25 15:09:16.557695+00:00,2026-09-25 15:09:16.558695+00:00,2026-09-25 15:09:16.559695+00:00,2026-09-25 15:09:16.560695+00:00,2026-09-25 15:09:16.572696+00:00,2026-09-25 15:09:16.562696+00:00,2026-09-25 15:09:16.574696+00:00,2026-09-25 15:09:16.575696+00:00,2026-09-25 15:09:16.576696+00:00,2026-09-25 15:09:16.577696+00:00,2026-09-25 15:09:16.567696+00:00,2026-09-25 15:09:16.568696+00:00,2026-09-25 15:09:16.569696+00:00,2026-09-25 15:09:16.570696+00:00,2026-09-25 15:09:16.571696+00:00,2026-09-25 15:09:16.561696+00:00,2026-09-25 15:09:16.573696+00:00,2026-09-25 15:09:16.563696+00:00,2026-09-25 15:09:16.564696+00:00,2026-09-25 15:09:16.565696+00:00,2026-09-25 15:09:16.577696+00:00,0.372263,2.6862728769713886,181.3834245156207,True,False,True,False,False,True,True,False,False,True,True,True,False,False,False,False
86,2026-09-25 13:40:11.992324+00:00,2026-09-25 15:09:16.953718+00:00,106.006,True,False,False,False,False,False,True,False,False,False,False,False,False,False,False,True,False,False,False,False,False,False,False,False,True,True,False,False,False,True,False,False,False,False,False,False,False,False,True,True,False,True,False,True,True,True,False,False,False,False,False,False,False,False,False,True,False,True,False,False,True,True,False,True,False,False,False,False,True,True,True,False,False,False,False,False,False,False,False,0,0,0,0,2026-09-25 15:09:16.847712+00:00,2026-09-25 15:09:16.871713+00:00,2026-09-25 15:09:16.879714+00:00,2026-09-25 15:09:16.873713+00:00,2026-09-25 15:09:16.874713+00:00,2026-09-25 15:09:16.875713+00:00,2026-09-25 15:09:16.876714+00:00,2026-09-25 15:09:16.877714+00:00,2026-09-25 15:09:16.878714+00:00,2026-09-25 15:09:16.872713+00:00,2026-09-25 15:09:16.880714+00:00,2026-09-25 15:09:16.881714+00:00,2026-09-25 15:09:16.882714+00:00,2026-09-25 15:09:16.883714+00:00,2026-09-25 15:09:16.884714+00:00,2026-09-25 15:09:16.885714+00:00,2026-09-25 15:09:16.886714+00:00,2026-09-25 15:09:16.887714+00:00,2026-09-25 15:09:16.888714+00:00,2026-09-25 15:09:16.889714+00:00,2026-09-25 15:09:16.890714+00:00,2026-09-25 15:09:16.902715+00:00,2026-09-25 15:09:16.892714+00:00,2026-09-25 15:09:16.893715+00:00,2026-09-25 15:09:16.894715+00:00,2026-09-25 15:09:16.895715+00:00,2026-09-25 15:09:16.896715+00:00,2026-09-25 15:09:16.897715+00:00,2026-09-25 15:09:16.898715+00:00,2026-09-25 15:09:16.899715+00:00,2026-09-25 15:09:16.900715+00:00,2026-09-25 15:09:16.901715+00:00,2026-09-25 15:09:16.891714+00:00,2026-09-25 15:09:16.903715+00:00,2026-09-25 15:09:16.904715+00:00,2026-09-25 15:09:16.905715+00:00,2026-09-25 15:09:16.906715+00:00,2026-09-25 15:09:16.907715+00:00,2026-09-25 15:09:16.908715+00:00,2026-09-25 15:09:16.909715+00:00,2026-09-25 15:09:16.910715+00:00,2026-09-25 15:09:16.911716+00:00,2026-09-25 15:09:16.912716+00:00,2026-09-25 15:09:16.913716+00:00,2026-09-25 15:09:16.914716+00:00,2026-09-25 15:09:16.915716+00:00,2026-09-25 15:09:16.916716+00:00,2026-09-25 15:09:16.917716+00:00,2026-09-25 15:09:16.929717+00:00,2026-09-25 15:09:16.919716+00:00,2026-09-25 15:09:16.920716+00:00,2026-09-25 15:09:16.921716+00:00,2026-09-25 15:09:16.922716+00:00,2026-09-25 15:09:16.923716+00:00,2026-09-25 15:09:16.924716+00:00,2026-09-25 15:09:16.925716+00:00,2026-09-25 15:09:16.926716+00:00,2026-09-25 15:09:16.927716+00:00,2026-09-25 15:09:16.928717+00:00,2026-09-25 15:09:16.918716+00:00,2026-09-25 15:09:16.941717+00:00,2026-09-25 15:09:16.931717+00:00,2026-09-25 15:09:16.943717+00:00,2026-09-25 15:09:16.944717+00:00,2026-09-25 15:09:16.934717+00:00,2026-09-25 15:09:16.935717+00:00,2026-09-25 15:09:16.936717+00:00,2026-09-25 15:09:16.937717+00:00,2026-09-25 15:09:16.938717+00:00,2026-09-25 15:09:16.939717+00:00,2026-09-25 15:09:16.940717+00:00,2026-09-25 15:09:16.930717+00:00,2026-09-25 15:09:16.942717+00:00,2026-09-25 15:09:16.932717+00:00,2026-09-25 15:09:16.933717+00:00,2026-09-25 15:09:16.945717+00:00,2026-09-25 15:09:16.946718+00:00,2026-09-25 15:09:16.947718+00:00,2026-09-25 15:09:16.948718+00:00,2026-09-25 15:09:16.949718+00:00,2026-09-25 15:09:16.951718+00:00,2026-09-25 15:09:16.952718+00:00,2026-09-25 15:09:16.953718+00:00,2026-09-25 15:09:16.953718+00:00,0.373315,2.678702972020947,181.4054968561378,True,False,True,False,False,True,True,False,False,True,True,True,False,False,False,False
87,2026-09-25 13:40:12.360274+00:00,2026-09-25 15:09:17.319739+00:00,107.006,True,False,False,False,False,False,True,False,False,False,False,False,False,False,False,True,False,False,False,False,False,False,False,False,True,True,False,False,False,True,False,False,False,False,False,False,False,False,True,True,False,True,False,True,True,True,False,False,False,False,False,False,False,False,False,True,False,True,False,False,True,True,False,True,False,False,False,False,True,True,True,False,False,False,False,False,False,False,False,1,0,0,0,2026-09-25 15:09:17.212733+00:00,2026-09-25 15:09:17.238734+00:00,2026-09-25 15:09:17.239734+00:00,2026-09-25 15:09:17.240734+00:00,2026-09-25 15:09:17.241734+00:00,2026-09-25 15:09:17.242734+00:00,2026-09-25 15:09:17.243735+00:00,2026-09-25 15:09:17.244735+00:00,2026-09-25 15:09:17.267736+00:00,2026-09-25 15:09:17.246735+00:00,2026-09-25 15:09:17.247735+00:00,2026-09-25 15:09:17.248735+00:00,2026-09-25 15:09:17.249735+00:00,2026-09-25 15:09:17.250735+00:00,2026-09-25 15:09:17.251735+00:00,2026-09-25 15:09:17.252735+00:00,2026-09-25 15:09:17.253735+00:00,2026-09-25 15:09:17.254735+00:00,2026-09-25 15:09:17.255735+00:00,2026-09-25 15:09:17.245735+00:00,2026-09-25 15:09:17.268736+00:00,2026-09-25 15:09:17.258735+00:00,2026-09-25 15:09:17.259735+00:00,2026-09-25 15:09:17.282737+00:00,2026-09-25 15:09:17.261736+00:00,2026-09-25 15:09:17.262736+00:00,2026-09-25 15:09:17.263736+00:00,2026-09-25 15:09:17.264736+00:00,2026-09-25 15:09:17.265736+00:00,2026-09-25 15:09:17.266736+00:00,2026-09-25 15:09:17.256735+00:00,2026-09-25 15:09:17.257735+00:00,2026-09-25 15:09:17.269736+00:00,2026-09-25 15:09:17.270736+00:00,2026-09-25 15:09:17.260736+00:00,2026-09-25 15:09:17.272736+00:00,2026-09-25 15:09:17.273736+00:00,2026-09-25 15:09:17.274736+00:00,2026-09-25 15:09:17.275736+00:00,2026-09-25 15:09:17.287737+00:00,2026-09-25 15:09:17.277736+00:00,2026-09-25 15:09:17.278737+00:00,2026-09-25 15:09:17.279737+00:00,2026-09-25 15:09:17.280737+00:00,2026-09-25 15:09:17.281737+00:00,2026-09-25 15:09:17.271736+00:00,2026-09-25 15:09:17.283737+00:00,2026-09-25 15:09:17.284737+00:00,2026-09-25 15:09:17.285737+00:00,2026-09-25 15:09:17.286737+00:00,2026-09-25 15:09:17.276736+00:00,2026-09-25 15:09:17.288737+00:00,2026-09-25 15:09:17.289737+00:00,2026-09-25 15:09:17.290737+00:00,2026-09-25 15:09:17.291737+00:00,2026-09-25 15:09:17.303738+00:00,2026-09-25 15:09:17.293737+00:00,2026-09-25 15:09:17.294737+00:00,2026-09-25 15:09:17.295738+00:00,2026-09-25 15:09:17.296738+00:00,2026-09-25 15:09:17.297738+00:00,2026-09-25 15:09:17.298738+00:00,2026-09-25 15:09:17.299738+00:00,2026-09-25 15:09:17.300738+00:00,2026-09-25 15:09:17.301738+00:00,2026-09-25 15:09:17.302738+00:00,2026-09-25 15:09:17.292737+00:00,2026-09-25 15:09:17.304738+00:00,2026-09-25 15:09:17.305738+00:00,2026-09-25 15:09:17.306738+00:00,2026-09-25 15:09:17.307738+00:00,2026-09-25 15:09:17.308738+00:00,2026-09-25 15:09:17.309738+00:00,2026-09-25 15:09:17.310738+00:00,2026-09-25 15:09:17.311738+00:00,2026-09-25 15:09:17.312738+00:00,2026-09-25 15:09:17.313739+00:00,2026-09-25 15:09:17.314739+00:00,2026-09-25 15:09:17.315739+00:00,2026-09-25 15:09:17.316739+00:00,2026-09-25 15:09:17.317739+00:00,2026-09-25 15:09:17.318739+00:00,2026-09-25 15:09:17.319739+00:00,2026-09-25 15:09:17.319739+00:00,0.36795,2.7177605652941974,181.42885318152415,True,False,True,False,False,True,True,False,False,True,True,True,False,False,False,False
88,2026-09-25 13:40:12.730095+00:00,2026-09-25 15:09:17.677759+00:00,87.005,True,False,False,False,False,False,True,False,False,False,False,False,False,False,False,True,False,False,False,False,False,False,False,False,True,True,False,False,False,True,False,False,False,False,False,False,False,False,True,True,False,True,False,True,True,True,False,False,False,False,False,False,False,False,False,True,False,True,False,False,True,True,False,True,False,False,False,False,True,True,True,False,False,False,False,False,False,False,False,0,0,0,0,2026-09-25 15:09:17.590754+00:00,2026-09-25 15:09:17.596755+00:00,2026-09-25 15:09:17.597755+00:00,2026-09-25 15:09:17.609755+00:00,2026-09-25 15:09:17.599755+00:00,2026-09-25 15:09:17.600755+00:00,2026-09-25 15:09:17.601755+00:00,2026-09-25 15:09:17.602755+00:00,2026-09-25 15:09:17.603755+00:00,2026-09-25 15:09:17.604755+00:00,2026-09-25 15:09:17.605755+00:00,2026-09-25 15:09:17.606755+00:00,2026-09-25 15:09:17.607755+00:00,2026-09-25 15:09:17.608755+00:00,2026-09-25 15:09:17.598755+00:00,2026-09-25 15:09:17.610756+00:00,2026-09-25 15:09:17.611756+00:00,2026-09-25 15:09:17.612756+00:00,2026-09-25 15:09:17.613756+00:00,2026-09-25 15:09:17.614756+00:00,2026-09-25 15:09:17.615756+00:00,2026-09-25 15:09:17.616756+00:00,2026-09-25 15:09:17.617756+00:00,2026-09-25 15:09:17.618756+00:00,2026-09-25 15:09:17.619756+00:00,2026-09-25 15:09:17.620756+00:00,2026-09-25 15:09:17.621756+00:00,2026-09-25 15:09:17.622756+00:00,2026-09-25 15:09:17.623756+00:00,2026-09-25 15:09:17.624756+00:00,2026-09-25 15:09:17.625756+00:00,2026-09-25 15:09:17.626756+00:00,2026-09-25 15:09:17.627757+00:00,2026-09-25 15:09:17.639757+00:00,2026-09-25 15:09:17.629757+00:00,2026-09-25 15:09:17.630757+00:00,2026-09-25 15:09:17.631757+00:00,2026-09-25 15:09:17.632757+00:00,2026-09-25 15:09:17.633757+00:00,2026-09-25 15:09:17.634757+00:00,2026-09-25 15:09:17.646758+00:00,2026-09-25 15:09:17.636757+00:00,2026-09-25 15:09:17.637757+00:00,2026-09-25 15:09:17.638757+00:00,2026-09-25 15:09:17.628757+00:00,2026-09-25 15:09:17.640757+00:00,2026-09-25 15:09:17.641757+00:00,2026-09-25 15:09:17.642757+00:00,2026-09-25 15:09:17.643757+00:00,2026-09-25 15:09:17.644757+00:00,2026-09-25 15:09:17.645758+00:00,2026-09-25 15:09:17.635757+00:00,2026-09-25 15:09:17.647758+00:00,2026-09-25 15:09:17.648758+00:00,2026-09-25 15:09:17.649758+00:00,2026-09-25 15:09:17.650758+00:00,2026-09-25 15:09:17.651758+00:00,2026-09-25 15:09:17.652758+00:00,2026-09-25 15:09:17.653758+00:00,2026-09-25 15:09:17.654758+00:00,2026-09-25 15:09:17.655758+00:00,2026-09-25 15:09:17.656758+00:00,2026-09-25 15:09:17.657758+00:00,2026-09-25 15:09:17.658758+00:00,2026-09-25 15:09:17.659758+00:00,2026-09-25 15:09:17.660758+00:00,2026-09-25 15:09:17.661758+00:00,2026-09-25 15:09:17.662759+00:00,2026-09-25 15:09:17.663759+00:00,2026-09-25 15:09:17.664759+00:00,2026-09-25 15:09:17.665759+00:00,2026-09-25 15:09:17.666759+00:00,2026-09-25 15:09:17.667759+00:00,2026-09-25 15:09:17.668759+00:00,2026-09-25 15:09:17.669759+00:00,2026-09-25 15:09:17.670759+00:00,2026-09-25 15:09:17.671759+00:00,2026-09-25 15:09:17.672759+00:00,2026-09-25 15:09:17.673759+00:00,2026-09-25 15:09:17.674759+00:00,2026-09-25 15:09:17.675759+00:00,2026-09-25 15:09:17.676759+00:00,2026-09-25 15:09:17.677759+00:00,2026-09-25 15:09:17.677759+00:00,0.369821,2.704010859307611,181.4534077824345,True,False,True,False,False,True,True,False,False,True,True,True,False,False,False,False
89,2026-09-25 13:40:13.075536+00:00,2026-09-25 15:09:18.036780+00:00,89.005,True,False,False,False,False,False,True,False,False,False,False,False,False,False,False,True,False,False,False,False,False,False,False,False,True,True,False,False,False,True,False,False,False,False,False,False,False,False,True,True,False,True,False,True,True,True,False,False,False,False,False,False,False,False,False,True,False,True,False,False,True,True,False,True,False,False,False,False,True,True,True,False,False,False,False,False,False,False,False,0,0,0,0,2026-09-25 15:09:17.947775+00:00,2026-09-25 15:09:17.955775+00:00,2026-09-25 15:09:17.956775+00:00,2026-09-25 15:09:17.957775+00:00,2026-09-25 15:09:17.958775+00:00,2026-09-25 15:09:17.959775+00:00,2026-09-25 15:09:17.960776+00:00,2026-09-25 15:09:17.961776+00:00,2026-09-25 15:09:17.962776+00:00,2026-09-25 15:09:17.963776+00:00,2026-09-25 15:09:17.964776+00:00,2026-09-25 15:09:17.965776+00:00,2026-09-25 15:09:17.966776+00:00,2026-09-25 15:09:17.967776+00:00,2026-09-25 15:09:17.968776+00:00,2026-09-25 15:09:17.969776+00:00,2026-09-25 15:09:17.970776+00:00,2026-09-25 15:09:17.971776+00:00,2026-09-25 15:09:17.972776+00:00,2026-09-25 15:09:17.973776+00:00,2026-09-25 15:09:17.974776+00:00,2026-09-25 15:09:17.975776+00:00,2026-09-25 15:09:17.976776+00:00,2026-09-25 15:09:17.977777+00:00,2026-09-25 15:09:17.978777+00:00,2026-09-25 15:09:17.979777+00:00,2026-09-25 15:09:17.980777+00:00,2026-09-25 15:09:17.981777+00:00,2026-09-25 15:09:17.982777+00:00,2026-09-25 15:09:17.983777+00:00,2026-09-25 15:09:17.984777+00:00,2026-09-25 15:09:17.985777+00:00,2026-09-25 15:09:17.986777+00:00,2026-09-25 15:09:17.987777+00:00,2026-09-25 15:09:17.988777+00:00,2026-09-25 15:09:17.989777+00:00,2026-09-25 15:09:17.990777+00:00,2026-09-25 15:09:17.991777+00:00,2026-09-25 15:09:17.992777+00:00,2026-09-25 15:09:17.993777+00:00,2026-09-25 15:09:18.005778+00:00,2026-09-25 15:09:17.995778+00:00,2026-09-25 15:09:17.996778+00:00,2026-09-25 15:09:17.997778+00:00,2026-09-25 15:09:17.998778+00:00,2026-09-25 15:09:17.999778+00:00,2026-09-25 15:09:18.000778+00:00,2026-09-25 15:09:18.001778+00:00,2026-09-25 15:09:18.002778+00:00,2026-09-25 15:09:18.003778+00:00,2026-09-25 15:09:18.004778+00:00,2026-09-25 15:09:17.994777+00:00,2026-09-25 15:09:18.006778+00:00,2026-09-25 15:09:18.007778+00:00,2026-09-25 15:09:18.008778+00:00,2026-09-25 15:09:18.009778+00:00,2026-09-25 15:09:18.010778+00:00,2026-09-25 15:09:18.011778+00:00,2026-09-25 15:09:18.012779+00:00,2026-09-25 15:09:18.013779+00:00,2026-09-25 15:09:18.014779+00:00,2026-09-25 15:09:18.015779+00:00,2026-09-25 15:09:18.016779+00:00,2026-09-25 15:09:18.017779+00:00,2026-09-25 15:09:18.018779+00:00,2026-09-25 15:09:18.019779+00:00,2026-09-25 15:09:18.020779+00:00,2026-09-25 15:09:18.021779+00:00,2026-09-25 15:09:18.022779+00:00,2026-09-25 15:09:18.023779+00:00,2026-09-25 15:09:18.024779+00:00,2026-09-25 15:09:18.036780+00:00,2026-09-25 15:09:18.026779+00:00,2026-09-25 15:09:18.027779+00:00,2026-09-25 15:09:18.028779+00:00,2026-09-25 15:09:18.029779+00:00,2026-09-25 15:09:18.030780+00:00,2026-09-25 15:09:18.031780+00:00,2026-09-25 15:09:18.032780+00:00,2026-09-25 15:09:18.033780+00:00,2026-09-25 15:09:18.034780+00:00,2026-09-25 15:09:18.035780+00:00,2026-09-25 15:09:18.025779+00:00,2026-09-25 15:09:18.036780+00:00,0.345441,2.89485035071112,181.47964578227808,True,False,True,False,False,True,True,False,False,True,True,True,False,False,False,False
90,2026-09-25 13:40:13.431991+00:00,2026-09-25 15:09:18.392800+00:00,92.005,True,False,False,False,False,False,True,False,False,False,False,False,False,False,False,True,False,False,False,False,False,False,False,False,True,True,False,False,False,True,False,False,False,False,False,False,False,False,True,True,False,True,False,True,True,True,False,False,False,False,False,False,False,False,False,True,False,True,False,False,True,True,False,True,False,False,False,False,True,True,True,False,False,False,False,False,False,False,False,0,0,0,0,2026-09-25 15:09:18.300795+00:00,2026-09-25 15:09:18.311796+00:00,2026-09-25 15:09:18.312796+00:00,2026-09-25 15:09:18.313796+00:00,2026-09-25 15:09:18.314796+00:00,2026-09-25 15:09:18.315796+00:00,2026-09-25 15:09:18.316796+00:00,2026-09-25 15:09:18.317796+00:00,2026-09-25 15:09:18.318796+00:00,2026-09-25 15:09:18.319796+00:00,2026-09-25 15:09:18.320796+00:00,2026-09-25 15:09:18.321796+00:00,2026-09-25 15:09:18.322796+00:00,2026-09-25 15:09:18.323796+00:00,2026-09-25 15:09:18.324796+00:00,2026-09-25 15:09:18.325796+00:00,2026-09-25 15:09:18.326796+00:00,2026-09-25 15:09:18.327797+00:00,2026-09-25 15:09:18.328797+00:00,2026-09-25 15:09:18.329797+00:00,2026-09-25 15:09:18.330797+00:00,2026-09-25 15:09:18.331797+00:00,2026-09-25 15:09:18.332797+00:00,2026-09-25 15:09:18.333797+00:00,2026-09-25 15:09:18.334797+00:00,2026-09-25 15:09:18.335797+00:00,2026-09-25 15:09:18.336797+00:00,2026-09-25 15:09:18.337797+00:00,2026-09-25 15:09:18.338797+00:00,2026-09-25 15:09:18.339797+00:00,2026-09-25 15:09:18.340797+00:00,2026-09-25 15:09:18.341797+00:00,2026-09-25 15:09:18.342797+00:00,2026-09-25 15:09:18.343797+00:00,2026-09-25 15:09:18.344798+00:00,2026-09-25 15:09:18.345798+00:00,2026-09-25 15:09:18.346798+00:00,2026-09-25 15:09:18.358798+00:00,2026-09-25 15:09:18.348798+00:00,2026-09-25 15:09:18.349798+00:00,2026-09-25 15:09:18.350798+00:00,2026-09-25 15:09:18.351798+00:00,2026-09-25 15:09:18.352798+00:00,2026-09-25 15:09:18.353798+00:00,2026-09-25 15:09:18.354798+00:00,2026-09-25 15:09:18.355798+00:00,2026-09-25 15:09:18.356798+00:00,2026-09-25 15:09:18.357798+00:00,2026-09-25 15:09:18.347798+00:00,2026-09-25 15:09:18.359798+00:00,2026-09-25 15:09:18.360798+00:00,2026-09-25 15:09:18.361798+00:00,2026-09-25 15:09:18.362799+00:00,2026-09-25 15:09:18.363799+00:00,2026-09-25 15:09:18.364799+00:00,2026-09-25 15:09:18.365799+00:00,2026-09-25 15:09:18.366799+00:00,2026-09-25 15:09:18.367799+00:00,2026-09-25 15:09:18.368799+00:00,2026-09-25 15:09:18.369799+00:00,2026-09-25 15:09:18.370799+00:00,2026-09-25 15:09:18.371799+00:00,2026-09-25 15:09:18.372799+00:00,2026-09-25 15:09:18.373799+00:00,2026-09-25 15:09:18.374799+00:00,2026-09-25 15:09:18.375799+00:00,2026-09-25 15:09:18.376799+00:00,2026-09-25 15:09:18.377799+00:00,2026-09-25 15:09:18.378799+00:00,2026-09-25 15:09:18.379800+00:00,2026-09-25 15:09:18.380800+00:00,2026-09-25 15:09:18.381800+00:00,2026-09-25 15:09:18.382800+00:00,2026-09-25 15:09:18.383800+00:00,2026-09-25 15:09:18.384800+00:00,2026-09-25 15:09:18.385800+00:00,2026-09-25 15:09:18.386800+00:00,2026-09-25 15:09:18.387800+00:00,2026-09-25 15:09:18.388800+00:00,2026-09-25 15:09:18.389800+00:00,2026-09-25 15:09:18.390800+00:00,2026-09-25 15:09:18.391800+00:00,2026-09-25 15:09:18.392800+00:00,2026-09-25 15:09:18.392800+00:00,0.356455,2.805403206575865,181.50717400952544,True,False,True,False,False,True,True,False,False,True,True,True,False,False,False,False
91,2026-09-25 13:40:13.775555+00:00,2026-09-25 15:09:18.737820+00:00,90.005,True,False,False,False,False,False,True,False,False,False,False,False,False,False,False,True,False,False,False,False,False,False,False,False,True,True,False,False,False,True,False,False,False,False,False,False,False,False,True,True,False,True,False,True,True,True,False,False,False,False,False,False,False,False,False,True,False,True,False,False,True,True,False,True,False,False,False,False,True,True,True,False,False,False,False,False,False,False,False,0,0,0,0,2026-09-25 15:09:18.647815+00:00,2026-09-25 15:09:18.652815+00:00,2026-09-25 15:09:18.653815+00:00,2026-09-25 15:09:18.655815+00:00,2026-09-25 15:09:18.667816+00:00,2026-09-25 15:09:18.657815+00:00,2026-09-25 15:09:18.658815+00:00,2026-09-25 15:09:18.659816+00:00,2026-09-25 15:09:18.660816+00:00,2026-09-25 15:09:18.661816+00:00,2026-09-25 15:09:18.662816+00:00,2026-09-25 15:09:18.663816+00:00,2026-09-25 15:09:18.664816+00:00,2026-09-25 15:09:18.665816+00:00,2026-09-25 15:09:18.666816+00:00,2026-09-25 15:09:18.656815+00:00,2026-09-25 15:09:18.668816+00:00,2026-09-25 15:09:18.669816+00:00,2026-09-25 15:09:18.670816+00:00,2026-09-25 15:09:18.671816+00:00,2026-09-25 15:09:18.672816+00:00,2026-09-25 15:09:18.673816+00:00,2026-09-25 15:09:18.674816+00:00,2026-09-25 15:09:18.675816+00:00,2026-09-25 15:09:18.676817+00:00,2026-09-25 15:09:18.677817+00:00,2026-09-25 15:09:18.678817+00:00,2026-09-25 15:09:18.679817+00:00,2026-09-25 15:09:18.680817+00:00,2026-09-25 15:09:18.681817+00:00,2026-09-25 15:09:18.682817+00:00,2026-09-25 15:09:18.683817+00:00,2026-09-25 15:09:18.684817+00:00,2026-09-25 15:09:18.685817+00:00,2026-09-25 15:09:18.686817+00:00,2026-09-25 15:09:18.687817+00:00,2026-09-25 15:09:18.688817+00:00,2026-09-25 15:09:18.703818+00:00,2026-09-25 15:09:18.690817+00:00,2026-09-25 15:09:18.691817+00:00,2026-09-25 15:09:18.692817+00:00,2026-09-25 15:09:18.693817+00:00,2026-09-25 15:09:18.694818+00:00,2026-09-25 15:09:18.696818+00:00,2026-09-25 15:09:18.710818+00:00,2026-09-25 15:09:18.711819+00:00,2026-09-25 15:09:18.701818+00:00,2026-09-25 15:09:18.702818+00:00,2026-09-25 15:09:18.689817+00:00,2026-09-25 15:09:18.704818+00:00,2026-09-25 15:09:18.705818+00:00,2026-09-25 15:09:18.706818+00:00,2026-09-25 15:09:18.707818+00:00,2026-09-25 15:09:18.708818+00:00,2026-09-25 15:09:18.709818+00:00,2026-09-25 15:09:18.698818+00:00,2026-09-25 15:09:18.699818+00:00,2026-09-25 15:09:18.712819+00:00,2026-09-25 15:09:18.713819+00:00,2026-09-25 15:09:18.714819+00:00,2026-09-25 15:09:18.715819+00:00,2026-09-25 15:09:18.716819+00:00,2026-09-25 15:09:18.717819+00:00,2026-09-25 15:09:18.718819+00:00,2026-09-25 15:09:18.719819+00:00,2026-09-25 15:09:18.720819+00:00,2026-09-25 15:09:18.721819+00:00,2026-09-25 15:09:18.722819+00:00,2026-09-25 15:09:18.723819+00:00,2026-09-25 15:09:18.724819+00:00,2026-09-25 15:09:18.725819+00:00,2026-09-25 15:09:18.726819+00:00,2026-09-25 15:09:18.727819+00:00,2026-09-25 15:09:18.728819+00:00,2026-09-25 15:09:18.729820+00:00,2026-09-25 15:09:18.730820+00:00,2026-09-25 15:09:18.731820+00:00,2026-09-25 15:09:18.732820+00:00,2026-09-25 15:09:18.733820+00:00,2026-09-25 15:09:18.734820+00:00,2026-09-25 15:09:18.735820+00:00,2026-09-25 15:09:18.736820+00:00,2026-09-25 15:09:18.737820+00:00,2026-09-25 15:09:18.737820+00:00,0.343564,2.910665843918455,181.53519821021445,True,False,True,False,False,True,True,False,False,True,True,True,False,False,False,False
92,2026-09-25 13:40:14.153757+00:00,2026-09-25 15:09:19.109841+00:00,112.006,True,False,False,False,False,False,True,False,False,False,False,False,False,False,False,True,False,False,False,False,False,False,False,False,True,True,False,False,False,True,False,False,False,True,False,False,False,False,True,False,False,True,False,True,True,True,False,False,False,False,False,False,False,False,False,True,False,True,False,False,True,True,False,True,False,False,False,False,True,True,True,False,False,False,False,False,False,False,False,0,0,0,0,2026-09-25 15:09:18.997835+00:00,2026-09-25 15:09:19.028837+00:00,2026-09-25 15:09:19.029837+00:00,2026-09-25 15:09:19.030837+00:00,2026-09-25 15:09:19.031837+00:00,2026-09-25 15:09:19.032837+00:00,2026-09-25 15:09:19.033837+00:00,2026-09-25 15:09:19.034837+00:00,2026-09-25 15:09:19.035837+00:00,2026-09-25 15:09:19.036837+00:00,2026-09-25 15:09:19.037837+00:00,2026-09-25 15:09:19.038837+00:00,2026-09-25 15:09:19.039837+00:00,2026-09-25 15:09:19.040837+00:00,2026-09-25 15:09:19.041837+00:00,2026-09-25 15:09:19.042837+00:00,2026-09-25 15:09:19.043837+00:00,2026-09-25 15:09:19.044838+00:00,2026-09-25 15:09:19.045838+00:00,2026-09-25 15:09:19.046838+00:00,2026-09-25 15:09:19.047838+00:00,2026-09-25 15:09:19.048838+00:00,2026-09-25 15:09:19.049838+00:00,2026-09-25 15:09:19.050838+00:00,2026-09-25 15:09:19.051838+00:00,2026-09-25 15:09:19.052838+00:00,2026-09-25 15:09:19.053838+00:00,2026-09-25 15:09:19.065839+00:00,2026-09-25 15:09:19.055838+00:00,2026-09-25 15:09:19.056838+00:00,2026-09-25 15:09:19.057838+00:00,2026-09-25 15:09:19.058838+00:00,2026-09-25 15:09:19.059838+00:00,2026-09-25 15:09:19.060838+00:00,2026-09-25 15:09:19.061839+00:00,2026-09-25 15:09:19.062839+00:00,2026-09-25 15:09:19.063839+00:00,2026-09-25 15:09:19.064839+00:00,2026-09-25 15:09:19.054838+00:00,2026-09-25 15:09:19.066839+00:00,2026-09-25 15:09:19.067839+00:00,2026-09-25 15:09:19.068839+00:00,2026-09-25 15:09:19.069839+00:00,2026-09-25 15:09:19.081840+00:00,2026-09-25 15:09:19.071839+00:00,2026-09-25 15:09:19.072839+00:00,2026-09-25 15:09:19.073839+00:00,2026-09-25 15:09:19.074839+00:00,2026-09-25 15:09:19.075839+00:00,2026-09-25 15:09:19.087840+00:00,2026-09-25 15:09:19.077839+00:00,2026-09-25 15:09:19.078839+00:00,2026-09-25 15:09:19.079840+00:00,2026-09-25 15:09:19.080840+00:00,2026-09-25 15:09:19.070839+00:00,2026-09-25 15:09:19.082840+00:00,2026-09-25 15:09:19.083840+00:00,2026-09-25 15:09:19.084840+00:00,2026-09-25 15:09:19.085840+00:00,2026-09-25 15:09:19.086840+00:00,2026-09-25 15:09:19.076839+00:00,2026-09-25 15:09:19.088840+00:00,2026-09-25 15:09:19.089840+00:00,2026-09-25 15:09:19.090840+00:00,2026-09-25 15:09:19.091840+00:00,2026-09-25 15:09:19.103841+00:00,2026-09-25 15:09:19.093840+00:00,2026-09-25 15:09:19.094840+00:00,2026-09-25 15:09:19.095840+00:00,2026-09-25 15:09:19.096841+00:00,2026-09-25 15:09:19.097841+00:00,2026-09-25 15:09:19.098841+00:00,2026-09-25 15:09:19.099841+00:00,2026-09-25 15:09:19.100841+00:00,2026-09-25 15:09:19.101841+00:00,2026-09-25 15:09:19.102841+00:00,2026-09-25 15:09:19.092840+00:00,2026-09-25 15:09:19.104841+00:00,2026-09-25 15:09:19.105841+00:00,2026-09-25 15:09:19.106841+00:00,2026-09-25 15:09:19.107841+00:00,2026-09-25 15:09:19.108841+00:00,2026-09-25 15:09:19.109841+00:00,2026-09-25 15:09:19.109841+00:00,0.378202,2.644089666368766,181.56679632873468,True,False,True,False,False,True,True,False,False,True,True,True,False,False,False,False
93,2026-09-25 13:40:14.547834+00:00,2026-09-25 15:09:19.508864+00:00,137.00799999999998,True,False,False,False,False,False,True,False,False,False,False,False,False,False,False,True,False,False,False,False,False,False,False,False,True,True,False,False,True,True,False,False,False,True,False,False,False,False,False,True,False,True,False,True,True,True,False,False,False,False,False,False,False,False,False,True,False,True,False,False,True,True,False,True,False,False,False,False,True,True,True,False,False,False,False,False,False,False,False,0,0,0,0,2026-09-25 15:09:19.371856+00:00,2026-09-25 15:09:19.402858+00:00,2026-09-25 15:09:19.403858+00:00,2026-09-25 15:09:19.404858+00:00,2026-09-25 15:09:19.405858+00:00,2026-09-25 15:09:19.406858+00:00,2026-09-25 15:09:19.407858+00:00,2026-09-25 15:09:19.408858+00:00,2026-09-25 15:09:19.409858+00:00,2026-09-25 15:09:19.410858+00:00,2026-09-25 15:09:19.411859+00:00,2026-09-25 15:09:19.412859+00:00,2026-09-25 15:09:19.424859+00:00,2026-09-25 15:09:19.414859+00:00,2026-09-25 15:09:19.415859+00:00,2026-09-25 15:09:19.416859+00:00,2026-09-25 15:09:19.417859+00:00,2026-09-25 15:09:19.418859+00:00,2026-09-25 15:09:19.419859+00:00,2026-09-25 15:09:19.420859+00:00,2026-09-25 15:09:19.421859+00:00,2026-09-25 15:09:19.422859+00:00,2026-09-25 15:09:19.423859+00:00,2026-09-25 15:09:19.413859+00:00,2026-09-25 15:09:19.425859+00:00,2026-09-25 15:09:19.426859+00:00,2026-09-25 15:09:19.427859+00:00,2026-09-25 15:09:19.428860+00:00,2026-09-25 15:09:19.429860+00:00,2026-09-25 15:09:19.430860+00:00,2026-09-25 15:09:19.431860+00:00,2026-09-25 15:09:19.432860+00:00,2026-09-25 15:09:19.433860+00:00,2026-09-25 15:09:19.434860+00:00,2026-09-25 15:09:19.435860+00:00,2026-09-25 15:09:19.436860+00:00,2026-09-25 15:09:19.437860+00:00,2026-09-25 15:09:19.438860+00:00,2026-09-25 15:09:19.439860+00:00,2026-09-25 15:09:19.440860+00:00,2026-09-25 15:09:19.441860+00:00,2026-09-25 15:09:19.442860+00:00,2026-09-25 15:09:19.443860+00:00,2026-09-25 15:09:19.469862+00:00,2026-09-25 15:09:19.470862+00:00,2026-09-25 15:09:19.471862+00:00,2026-09-25 15:09:19.472862+00:00,2026-09-25 15:09:19.451861+00:00,2026-09-25 15:09:19.463862+00:00,2026-09-25 15:09:19.464862+00:00,2026-09-25 15:09:19.465862+00:00,2026-09-25 15:09:19.466862+00:00,2026-09-25 15:09:19.467862+00:00,2026-09-25 15:09:19.468862+00:00,2026-09-25 15:09:19.444860+00:00,2026-09-25 15:09:19.445860+00:00,2026-09-25 15:09:19.447861+00:00,2026-09-25 15:09:19.449861+00:00,2026-09-25 15:09:19.462861+00:00,2026-09-25 15:09:19.452861+00:00,2026-09-25 15:09:19.453861+00:00,2026-09-25 15:09:19.454861+00:00,2026-09-25 15:09:19.455861+00:00,2026-09-25 15:09:19.456861+00:00,2026-09-25 15:09:19.457861+00:00,2026-09-25 15:09:19.458861+00:00,2026-09-25 15:09:19.459861+00:00,2026-09-25 15:09:19.460861+00:00,2026-09-25 15:09:19.461861+00:00,2026-09-25 15:09:19.473862+00:00,2026-09-25 15:09:19.474862+00:00,2026-09-25 15:09:19.475862+00:00,2026-09-25 15:09:19.476862+00:00,2026-09-25 15:09:19.477862+00:00,2026-09-25 15:09:19.478862+00:00,2026-09-25 15:09:19.479862+00:00,2026-09-25 15:09:19.480862+00:00,2026-09-25 15:09:19.481863+00:00,2026-09-25 15:09:19.483863+00:00,2026-09-25 15:09:19.499864+00:00,2026-09-25 15:09:19.503864+00:00,2026-09-25 15:09:19.507864+00:00,2026-09-25 15:09:19.508864+00:00,2026-09-25 15:09:19.508864+00:00,0.394077,2.53757514394395,181.60214796647082,True,False,True,False,False,True,True,False,False,True,True,True,False,False,False,False
94,2026-09-25 13:40:14.914924+00:00,2026-09-25 15:09:19.866885+00:00,102.006,True,False,False,False,False,False,True,False,False,False,False,False,False,False,False,True,False,False,False,False,False,False,False,False,True,True,False,False,True,True,False,False,False,True,False,False,False,False,False,False,True,True,False,True,True,True,False,False,False,False,False,False,False,False,False,True,False,True,False,False,True,True,False,True,False,False,False,False,True,True,True,False,False,False,False,False,False,False,False,0,0,0,0,2026-09-25 15:09:19.764879+00:00,2026-09-25 15:09:19.784880+00:00,2026-09-25 15:09:19.785880+00:00,2026-09-25 15:09:19.786880+00:00,2026-09-25 15:09:19.787880+00:00,2026-09-25 15:09:19.788880+00:00,2026-09-25 15:09:19.801881+00:00,2026-09-25 15:09:19.791880+00:00,2026-09-25 15:09:19.792880+00:00,2026-09-25 15:09:19.793880+00:00,2026-09-25 15:09:19.805881+00:00,2026-09-25 15:09:19.795881+00:00,2026-09-25 15:09:19.796881+00:00,2026-09-25 15:09:19.797881+00:00,2026-09-25 15:09:19.798881+00:00,2026-09-25 15:09:19.799881+00:00,2026-09-25 15:09:19.800881+00:00,2026-09-25 15:09:19.790880+00:00,2026-09-25 15:09:19.802881+00:00,2026-09-25 15:09:19.803881+00:00,2026-09-25 15:09:19.804881+00:00,2026-09-25 15:09:19.794880+00:00,2026-09-25 15:09:19.806881+00:00,2026-09-25 15:09:19.807881+00:00,2026-09-25 15:09:19.808881+00:00,2026-09-25 15:09:19.809881+00:00,2026-09-25 15:09:19.810881+00:00,2026-09-25 15:09:19.811881+00:00,2026-09-25 15:09:19.812881+00:00,2026-09-25 15:09:19.813882+00:00,2026-09-25 15:09:19.814882+00:00,2026-09-25 15:09:19.815882+00:00,2026-09-25 15:09:19.816882+00:00,2026-09-25 15:09:19.817882+00:00,2026-09-25 15:09:19.818882+00:00,2026-09-25 15:09:19.830883+00:00,2026-09-25 15:09:19.820882+00:00,2026-09-25 15:09:19.821882+00:00,2026-09-25 15:09:19.822882+00:00,2026-09-25 15:09:19.823882+00:00,2026-09-25 15:09:19.824882+00:00,2026-09-25 15:09:19.825882+00:00,2026-09-25 15:09:19.826882+00:00,2026-09-25 15:09:19.827882+00:00,2026-09-25 15:09:19.828882+00:00,2026-09-25 15:09:19.829882+00:00,2026-09-25 15:09:19.819882+00:00,2026-09-25 15:09:19.831883+00:00,2026-09-25 15:09:19.832883+00:00,2026-09-25 15:09:19.833883+00:00,2026-09-25 15:09:19.845883+00:00,2026-09-25 15:09:19.835883+00:00,2026-09-25 15:09:19.836883+00:00,2026-09-25 15:09:19.837883+00:00,2026-09-25 15:09:19.838883+00:00,2026-09-25 15:09:19.839883+00:00,2026-09-25 15:09:19.851884+00:00,2026-09-25 15:09:19.841883+00:00,2026-09-25 15:09:19.842883+00:00,2026-09-25 15:09:19.843883+00:00,2026-09-25 15:09:19.844883+00:00,2026-09-25 15:09:19.834883+00:00,2026-09-25 15:09:19.846883+00:00,2026-09-25 15:09:19.847883+00:00,2026-09-25 15:09:19.848884+00:00,2026-09-25 15:09:19.849884+00:00,2026-09-25 15:09:19.861884+00:00,2026-09-25 15:09:19.840883+00:00,2026-09-25 15:09:19.852884+00:00,2026-09-25 15:09:19.853884+00:00,2026-09-25 15:09:19.854884+00:00,2026-09-25 15:09:19.855884+00:00,2026-09-25 15:09:19.856884+00:00,2026-09-25 15:09:19.857884+00:00,2026-09-25 15:09:19.858884+00:00,2026-09-25 15:09:19.859884+00:00,2026-09-25 15:09:19.860884+00:00,2026-09-25 15:09:19.850884+00:00,2026-09-25 15:09:19.862884+00:00,2026-09-25 15:09:19.863884+00:00,2026-09-25 15:09:19.864884+00:00,2026-09-25 15:09:19.865885+00:00,2026-09-25 15:09:19.866885+00:00,2026-09-25 15:09:19.866885+00:00,0.36709,2.7241275981366964,181.63502901346112,True,False,True,False,False,True,True,False,False,True,True,True,False,False,False,False
95,2026-09-25 13:40:15.411180+00:00,2026-09-25 15:09:20.333911+00:00,185.01,True,False,False,False,False,False,True,False,False,False,False,False,False,False,False,True,False,False,False,False,False,False,False,False,True,True,False,False,True,True,False,False,False,True,False,False,False,False,False,True,False,True,False,True,True,True,False,False,False,False,False,False,False,False,False,True,False,True,False,False,True,True,False,True,False,False,False,False,True,True,True,False,False,False,False,False,False,False,False,0,0,0,0,2026-09-25 15:09:20.148901+00:00,2026-09-25 15:09:20.252907+00:00,2026-09-25 15:09:20.253907+00:00,2026-09-25 15:09:20.254907+00:00,2026-09-25 15:09:20.255907+00:00,2026-09-25 15:09:20.289909+00:00,2026-09-25 15:09:20.268908+00:00,2026-09-25 15:09:20.258907+00:00,2026-09-25 15:09:20.259907+00:00,2026-09-25 15:09:20.260907+00:00,2026-09-25 15:09:20.261907+00:00,2026-09-25 15:09:20.262907+00:00,2026-09-25 15:09:20.263907+00:00,2026-09-25 15:09:20.264907+00:00,2026-09-25 15:09:20.265907+00:00,2026-09-25 15:09:20.266907+00:00,2026-09-25 15:09:20.256907+00:00,2026-09-25 15:09:20.257907+00:00,2026-09-25 15:09:20.269908+00:00,2026-09-25 15:09:20.270908+00:00,2026-09-25 15:09:20.271908+00:00,2026-09-25 15:09:20.272908+00:00,2026-09-25 15:09:20.273908+00:00,2026-09-25 15:09:20.274908+00:00,2026-09-25 15:09:20.275908+00:00,2026-09-25 15:09:20.287909+00:00,2026-09-25 15:09:20.277908+00:00,2026-09-25 15:09:20.267908+00:00,2026-09-25 15:09:20.279908+00:00,2026-09-25 15:09:20.280908+00:00,2026-09-25 15:09:20.281908+00:00,2026-09-25 15:09:20.282908+00:00,2026-09-25 15:09:20.283908+00:00,2026-09-25 15:09:20.284908+00:00,2026-09-25 15:09:20.285909+00:00,2026-09-25 15:09:20.286909+00:00,2026-09-25 15:09:20.276908+00:00,2026-09-25 15:09:20.288909+00:00,2026-09-25 15:09:20.278908+00:00,2026-09-25 15:09:20.290909+00:00,2026-09-25 15:09:20.291909+00:00,2026-09-25 15:09:20.292909+00:00,2026-09-25 15:09:20.315910+00:00,2026-09-25 15:09:20.294909+00:00,2026-09-25 15:09:20.295909+00:00,2026-09-25 15:09:20.296909+00:00,2026-09-25 15:09:20.297909+00:00,2026-09-25 15:09:20.298909+00:00,2026-09-25 15:09:20.299909+00:00,2026-09-25 15:09:20.300909+00:00,2026-09-25 15:09:20.301909+00:00,2026-09-25 15:09:20.313910+00:00,2026-09-25 15:09:20.303910+00:00,2026-09-25 15:09:20.293909+00:00,2026-09-25 15:09:20.305910+00:00,2026-09-25 15:09:20.306910+00:00,2026-09-25 15:09:20.307910+00:00,2026-09-25 15:09:20.308910+00:00,2026-09-25 15:09:20.309910+00:00,2026-09-25 15:09:20.310910+00:00,2026-09-25 15:09:20.311910+00:00,2026-09-25 15:09:20.312910+00:00,2026-09-25 15:09:20.302910+00:00,2026-09-25 15:09:20.314910+00:00,2026-09-25 15:09:20.304910+00:00,2026-09-25 15:09:20.316910+00:00,2026-09-25 15:09:20.317910+00:00,2026-09-25 15:09:20.318910+00:00,2026-09-25 15:09:20.319910+00:00,2026-09-25 15:09:20.320911+00:00,2026-09-25 15:09:20.321911+00:00,2026-09-25 15:09:20.322911+00:00,2026-09-25 15:09:20.323911+00:00,2026-09-25 15:09:20.324911+00:00,2026-09-25 15:09:20.325911+00:00,2026-09-25 15:09:20.326911+00:00,2026-09-25 15:09:20.327911+00:00,2026-09-25 15:09:20.328911+00:00,2026-09-25 15:09:20.329911+00:00,2026-09-25 15:09:20.330911+00:00,2026-09-25 15:09:20.331911+00:00,2026-09-25 15:09:20.332911+00:00,2026-09-25 15:09:20.333911+00:00,2026-09-25 15:09:20.333911+00:00,0.496256,2.0150889863296366,181.67937201397802,True,False,True,False,False,True,True,False,False,True,True,True,False,False,False,False
96,2026-09-25 13:40:15.769945+00:00,2026-09-25 15:09:20.722934+00:00,95.006,True,False,False,False,False,False,True,False,False,False,False,False,False,False,False,True,False,False,False,False,False,False,False,False,True,True,False,False,True,True,False,False,False,True,False,False,False,False,False,True,False,True,False,True,True,True,False,False,False,False,False,False,False,False,False,True,False,True,False,False,True,True,False,True,False,False,False,False,True,True,True,False,False,False,False,False,False,False,False,0,0,0,0,2026-09-25 15:09:20.627928+00:00,2026-09-25 15:09:20.640929+00:00,2026-09-25 15:09:20.641929+00:00,2026-09-25 15:09:20.642929+00:00,2026-09-25 15:09:20.643929+00:00,2026-09-25 15:09:20.644929+00:00,2026-09-25 15:09:20.645929+00:00,2026-09-25 15:09:20.646929+00:00,2026-09-25 15:09:20.647929+00:00,2026-09-25 15:09:20.648929+00:00,2026-09-25 15:09:20.649929+00:00,2026-09-25 15:09:20.650929+00:00,2026-09-25 15:09:20.651929+00:00,2026-09-25 15:09:20.652930+00:00,2026-09-25 15:09:20.653930+00:00,2026-09-25 15:09:20.654930+00:00,2026-09-25 15:09:20.655930+00:00,2026-09-25 15:09:20.656930+00:00,2026-09-25 15:09:20.657930+00:00,2026-09-25 15:09:20.658930+00:00,2026-09-25 15:09:20.659930+00:00,2026-09-25 15:09:20.660930+00:00,2026-09-25 15:09:20.661930+00:00,2026-09-25 15:09:20.662930+00:00,2026-09-25 15:09:20.663930+00:00,2026-09-25 15:09:20.664930+00:00,2026-09-25 15:09:20.665930+00:00,2026-09-25 15:09:20.666930+00:00,2026-09-25 15:09:20.667930+00:00,2026-09-25 15:09:20.668930+00:00,2026-09-25 15:09:20.669931+00:00,2026-09-25 15:09:20.670931+00:00,2026-09-25 15:09:20.671931+00:00,2026-09-25 15:09:20.672931+00:00,2026-09-25 15:09:20.673931+00:00,2026-09-25 15:09:20.674931+00:00,2026-09-25 15:09:20.675931+00:00,2026-09-25 15:09:20.676931+00:00,2026-09-25 15:09:20.677931+00:00,2026-09-25 15:09:20.678931+00:00,2026-09-25 15:09:20.679931+00:00,2026-09-25 15:09:20.680931+00:00,2026-09-25 15:09:20.681931+00:00,2026-09-25 15:09:20.682931+00:00,2026-09-25 15:09:20.683931+00:00,2026-09-25 15:09:20.684931+00:00,2026-09-25 15:09:20.685931+00:00,2026-09-25 15:09:20.697932+00:00,2026-09-25 15:09:20.687932+00:00,2026-09-25 15:09:20.688932+00:00,2026-09-25 15:09:20.700932+00:00,2026-09-25 15:09:20.690932+00:00,2026-09-25 15:09:20.691932+00:00,2026-09-25 15:09:20.692932+00:00,2026-09-25 15:09:20.693932+00:00,2026-09-25 15:09:20.694932+00:00,2026-09-25 15:09:20.695932+00:00,2026-09-25 15:09:20.696932+00:00,2026-09-25 15:09:20.698932+00:00,2026-09-25 15:09:20.699932+00:00,2026-09-25 15:09:20.689932+00:00,2026-09-25 15:09:20.701932+00:00,2026-09-25 15:09:20.702932+00:00,2026-09-25 15:09:20.703932+00:00,2026-09-25 15:09:20.704933+00:00,2026-09-25 15:09:20.705933+00:00,2026-09-25 15:09:20.706933+00:00,2026-09-25 15:09:20.707933+00:00,2026-09-25 15:09:20.708933+00:00,2026-09-25 15:09:20.709933+00:00,2026-09-25 15:09:20.710933+00:00,2026-09-25 15:09:20.711933+00:00,2026-09-25 15:09:20.712933+00:00,2026-09-25 15:09:20.713933+00:00,2026-09-25 15:09:20.714933+00:00,2026-09-25 15:09:20.715933+00:00,2026-09-25 15:09:20.716933+00:00,2026-09-25 15:09:20.717933+00:00,2026-09-25 15:09:20.718933+00:00,2026-09-25 15:09:20.719933+00:00,2026-09-25 15:09:20.720933+00:00,2026-09-25 15:09:20.721933+00:00,2026-09-25 15:09:20.722934+00:00,2026-09-25 15:09:20.722934+00:00,0.358765,2.787339902164369,181.71738262030217,True,False,True,False,False,True,True,False,False,True,True,True,False,False,False,False
97,2026-09-25 13:40:16.175738+00:00,2026-09-25 15:09:21.122956+00:00,87.005,True,False,False,False,False,False,True,False,False,False,False,False,False,False,False,True,False,False,False,False,False,False,False,False,True,True,False,False,True,True,False,False,False,True,False,False,False,False,False,False,False,True,False,True,True,True,False,False,False,False,False,False,False,False,False,True,False,True,False,False,True,True,False,True,False,False,False,False,True,True,True,False,False,False,False,False,False,False,False,0,0,0,0,2026-09-25 15:09:21.040952+00:00,2026-09-25 15:09:21.041952+00:00,2026-09-25 15:09:21.042952+00:00,2026-09-25 15:09:21.043952+00:00,2026-09-25 15:09:21.044952+00:00,2026-09-25 15:09:21.045952+00:00,2026-09-25 15:09:21.035951+00:00,2026-09-25 15:09:21.047952+00:00,2026-09-25 15:09:21.048952+00:00,2026-09-25 15:09:21.049952+00:00,2026-09-25 15:09:21.050952+00:00,2026-09-25 15:09:21.051952+00:00,2026-09-25 15:09:21.052952+00:00,2026-09-25 15:09:21.053952+00:00,2026-09-25 15:09:21.054953+00:00,2026-09-25 15:09:21.055953+00:00,2026-09-25 15:09:21.056953+00:00,2026-09-25 15:09:21.057953+00:00,2026-09-25 15:09:21.058953+00:00,2026-09-25 15:09:21.059953+00:00,2026-09-25 15:09:21.060953+00:00,2026-09-25 15:09:21.061953+00:00,2026-09-25 15:09:21.062953+00:00,2026-09-25 15:09:21.063953+00:00,2026-09-25 15:09:21.064953+00:00,2026-09-25 15:09:21.065953+00:00,2026-09-25 15:09:21.066953+00:00,2026-09-25 15:09:21.067953+00:00,2026-09-25 15:09:21.068953+00:00,2026-09-25 15:09:21.069953+00:00,2026-09-25 15:09:21.081954+00:00,2026-09-25 15:09:21.071953+00:00,2026-09-25 15:09:21.072954+00:00,2026-09-25 15:09:21.073954+00:00,2026-09-25 15:09:21.074954+00:00,2026-09-25 15:09:21.075954+00:00,2026-09-25 15:09:21.076954+00:00,2026-09-25 15:09:21.077954+00:00,2026-09-25 15:09:21.078954+00:00,2026-09-25 15:09:21.079954+00:00,2026-09-25 15:09:21.080954+00:00,2026-09-25 15:09:21.070953+00:00,2026-09-25 15:09:21.093955+00:00,2026-09-25 15:09:21.083954+00:00,2026-09-25 15:09:21.084954+00:00,2026-09-25 15:09:21.085954+00:00,2026-09-25 15:09:21.086954+00:00,2026-09-25 15:09:21.087954+00:00,2026-09-25 15:09:21.099955+00:00,2026-09-25 15:09:21.089955+00:00,2026-09-25 15:09:21.090955+00:00,2026-09-25 15:09:21.091955+00:00,2026-09-25 15:09:21.092955+00:00,2026-09-25 15:09:21.082954+00:00,2026-09-25 15:09:21.094955+00:00,2026-09-25 15:09:21.095955+00:00,2026-09-25 15:09:21.096955+00:00,2026-09-25 15:09:21.097955+00:00,2026-09-25 15:09:21.098955+00:00,2026-09-25 15:09:21.088954+00:00,2026-09-25 15:09:21.100955+00:00,2026-09-25 15:09:21.101955+00:00,2026-09-25 15:09:21.102955+00:00,2026-09-25 15:09:21.103955+00:00,2026-09-25 15:09:21.104955+00:00,2026-09-25 15:09:21.105955+00:00,2026-09-25 15:09:21.106955+00:00,2026-09-25 15:09:21.107956+00:00,2026-09-25 15:09:21.108956+00:00,2026-09-25 15:09:21.109956+00:00,2026-09-25 15:09:21.110956+00:00,2026-09-25 15:09:21.111956+00:00,2026-09-25 15:09:21.112956+00:00,2026-09-25 15:09:21.113956+00:00,2026-09-25 15:09:21.114956+00:00,2026-09-25 15:09:21.115956+00:00,2026-09-25 15:09:21.116956+00:00,2026-09-25 15:09:21.117956+00:00,2026-09-25 15:09:21.118956+00:00,2026-09-25 15:09:21.119956+00:00,2026-09-25 15:09:21.120956+00:00,2026-09-25 15:09:21.121956+00:00,2026-09-25 15:09:21.122956+00:00,2026-09-25 15:09:21.122956+00:00,0.405793,2.4643106214252093,181.7573021973921,True,False,True,False,False,True,True,False,False,True,True,True,False,False,False,False
98,2026-09-25 13:40:16.602852+00:00,2026-09-25 15:09:21.550981+00:00,160.009,True,False,False,False,False,False,True,False,False,False,False,False,False,False,False,True,False,False,False,False,False,False,False,False,True,True,False,False,True,True,False,False,False,True,False,False,False,False,False,False,True,True,False,True,True,True,False,False,False,False,False,False,False,False,False,True,False,True,False,False,True,True,False,True,False,False,False,False,True,True,True,False,False,False,False,False,False,False,False,0,0,0,0,2026-09-25 15:09:21.390972+00:00,2026-09-25 15:09:21.410973+00:00,2026-09-25 15:09:21.411973+00:00,2026-09-25 15:09:21.412973+00:00,2026-09-25 15:09:21.413973+00:00,2026-09-25 15:09:21.414973+00:00,2026-09-25 15:09:21.415973+00:00,2026-09-25 15:09:21.416973+00:00,2026-09-25 15:09:21.429974+00:00,2026-09-25 15:09:21.428974+00:00,2026-09-25 15:09:21.419973+00:00,2026-09-25 15:09:21.420973+00:00,2026-09-25 15:09:21.421974+00:00,2026-09-25 15:09:21.422974+00:00,2026-09-25 15:09:21.423974+00:00,2026-09-25 15:09:21.424974+00:00,2026-09-25 15:09:21.425974+00:00,2026-09-25 15:09:21.437974+00:00,2026-09-25 15:09:21.427974+00:00,2026-09-25 15:09:21.417973+00:00,2026-09-25 15:09:21.418973+00:00,2026-09-25 15:09:21.430974+00:00,2026-09-25 15:09:21.431974+00:00,2026-09-25 15:09:21.432974+00:00,2026-09-25 15:09:21.433974+00:00,2026-09-25 15:09:21.434974+00:00,2026-09-25 15:09:21.436974+00:00,2026-09-25 15:09:21.438974+00:00,2026-09-25 15:09:21.440975+00:00,2026-09-25 15:09:21.442975+00:00,2026-09-25 15:09:21.455975+00:00,2026-09-25 15:09:21.447975+00:00,2026-09-25 15:09:21.449975+00:00,2026-09-25 15:09:21.451975+00:00,2026-09-25 15:09:21.453975+00:00,2026-09-25 15:09:21.444975+00:00,2026-09-25 15:09:21.457976+00:00,2026-09-25 15:09:21.459976+00:00,2026-09-25 15:09:21.461976+00:00,2026-09-25 15:09:21.463976+00:00,2026-09-25 15:09:21.465976+00:00,2026-09-25 15:09:21.467976+00:00,2026-09-25 15:09:21.469976+00:00,2026-09-25 15:09:21.471976+00:00,2026-09-25 15:09:21.473976+00:00,2026-09-25 15:09:21.475977+00:00,2026-09-25 15:09:21.477977+00:00,2026-09-25 15:09:21.479977+00:00,2026-09-25 15:09:21.481977+00:00,2026-09-25 15:09:21.472976+00:00,2026-09-25 15:09:21.485977+00:00,2026-09-25 15:09:21.487977+00:00,2026-09-25 15:09:21.489977+00:00,2026-09-25 15:09:21.491978+00:00,2026-09-25 15:09:21.493978+00:00,2026-09-25 15:09:21.495978+00:00,2026-09-25 15:09:21.497978+00:00,2026-09-25 15:09:21.499978+00:00,2026-09-25 15:09:21.512979+00:00,2026-09-25 15:09:21.514979+00:00,2026-09-25 15:09:21.505978+00:00,2026-09-25 15:09:21.507978+00:00,2026-09-25 15:09:21.498978+00:00,2026-09-25 15:09:21.511979+00:00,2026-09-25 15:09:21.513979+00:00,2026-09-25 15:09:21.515979+00:00,2026-09-25 15:09:21.517979+00:00,2026-09-25 15:09:21.519979+00:00,2026-09-25 15:09:21.521979+00:00,2026-09-25 15:09:21.523979+00:00,2026-09-25 15:09:21.525979+00:00,2026-09-25 15:09:21.527980+00:00,2026-09-25 15:09:21.529980+00:00,2026-09-25 15:09:21.531980+00:00,2026-09-25 15:09:21.533980+00:00,2026-09-25 15:09:21.547981+00:00,2026-09-25 15:09:21.538980+00:00,2026-09-25 15:09:21.540980+00:00,2026-09-25 15:09:21.542980+00:00,2026-09-25 15:09:21.544981+00:00,2026-09-25 15:09:21.546981+00:00,2026-09-25 15:09:21.548981+00:00,2026-09-25 15:09:21.550981+00:00,2026-09-25 15:09:21.550981+00:00,0.427114,2.341295298210782,181.8007465405401,True,False,True,False,False,True,True,False,False,True,True,True,False,False,False,False
99,2026-09-25 13:40:16.953804+00:00,2026-09-25 15:09:21.916002+00:00,94.006,True,False,False,False,False,False,True,False,False,False,False,False,False,False,False,True,False,False,False,False,False,False,False,False,True,True,False,False,True,True,False,False,False,True,False,False,False,False,False,True,False,True,False,True,True,True,False,False,False,False,False,False,False,False,False,True,False,True,False,False,True,True,False,True,False,False,False,False,True,True,True,False,False,False,False,False,False,False,False,0,0,0,0,2026-09-25 15:09:21.821996+00:00,2026-09-25 15:09:21.856998+00:00,2026-09-25 15:09:21.834997+00:00,2026-09-25 15:09:21.835997+00:00,2026-09-25 15:09:21.836997+00:00,2026-09-25 15:09:21.837997+00:00,2026-09-25 15:09:21.838997+00:00,2026-09-25 15:09:21.839997+00:00,2026-09-25 15:09:21.852998+00:00,2026-09-25 15:09:21.853998+00:00,2026-09-25 15:09:21.854998+00:00,2026-09-25 15:09:21.855998+00:00,2026-09-25 15:09:21.833997+00:00,2026-09-25 15:09:21.845998+00:00,2026-09-25 15:09:21.846998+00:00,2026-09-25 15:09:21.847998+00:00,2026-09-25 15:09:21.848998+00:00,2026-09-25 15:09:21.861999+00:00,2026-09-25 15:09:21.851998+00:00,2026-09-25 15:09:21.840997+00:00,2026-09-25 15:09:21.841998+00:00,2026-09-25 15:09:21.842998+00:00,2026-09-25 15:09:21.843998+00:00,2026-09-25 15:09:21.844998+00:00,2026-09-25 15:09:21.857998+00:00,2026-09-25 15:09:21.858999+00:00,2026-09-25 15:09:21.859999+00:00,2026-09-25 15:09:21.860999+00:00,2026-09-25 15:09:21.850998+00:00,2026-09-25 15:09:21.873999+00:00,2026-09-25 15:09:21.863999+00:00,2026-09-25 15:09:21.864999+00:00,2026-09-25 15:09:21.865999+00:00,2026-09-25 15:09:21.866999+00:00,2026-09-25 15:09:21.867999+00:00,2026-09-25 15:09:21.868999+00:00,2026-09-25 15:09:21.869999+00:00,2026-09-25 15:09:21.870999+00:00,2026-09-25 15:09:21.871999+00:00,2026-09-25 15:09:21.872999+00:00,2026-09-25 15:09:21.862999+00:00,2026-09-25 15:09:21.874999+00:00,2026-09-25 15:09:21.875999+00:00,2026-09-25 15:09:21.877000+00:00,2026-09-25 15:09:21.878000+00:00,2026-09-25 15:09:21.879000+00:00,2026-09-25 15:09:21.880000+00:00,2026-09-25 15:09:21.881000+00:00,2026-09-25 15:09:21.882000+00:00,2026-09-25 15:09:21.883000+00:00,2026-09-25 15:09:21.884000+00:00,2026-09-25 15:09:21.885000+00:00,2026-09-25 15:09:21.886000+00:00,2026-09-25 15:09:21.887000+00:00,2026-09-25 15:09:21.888000+00:00,2026-09-25 15:09:21.900001+00:00,2026-09-25 15:09:21.890000+00:00,2026-09-25 15:09:21.891000+00:00,2026-09-25 15:09:21.903001+00:00,2026-09-25 15:09:21.893000+00:00,2026-09-25 15:09:21.894001+00:00,2026-09-25 15:09:21.895001+00:00,2026-09-25 15:09:21.896001+00:00,2026-09-25 15:09:21.897001+00:00,2026-09-25 15:09:21.898001+00:00,2026-09-25 15:09:21.899001+00:00,2026-09-25 15:09:21.889000+00:00,2026-09-25 15:09:21.901001+00:00,2026-09-25 15:09:21.902001+00:00,2026-09-25 15:09:21.892000+00:00,2026-09-25 15:09:21.904001+00:00,2026-09-25 15:09:21.905001+00:00,2026-09-25 15:09:21.906001+00:00,2026-09-25 15:09:21.907001+00:00,2026-09-25 15:09:21.908001+00:00,2026-09-25 15:09:21.909001+00:00,2026-09-25 15:09:21.910001+00:00,2026-09-25 15:09:21.911001+00:00,2026-09-25 15:09:21.912002+00:00,2026-09-25 15:09:21.913002+00:00,2026-09-25 15:09:21.914002+00:00,2026-09-25 15:09:21.915002+00:00,2026-09-25 15:09:21.916002+00:00,2026-09-25 15:09:21.916002+00:00,0.350952,2.849392509516971,181.83822247541084,True,False,True,False,False,True,True,False,False,True,True,True,False,False,False,False
100,2026-09-25 13:40:17.322232+00:00,2026-09-25 15:09:22.281023+00:00,106.006,True,False,False,False,False,False,True,True,False,False,False,False,False,False,False,False,False,False,True,False,True,False,False,False,True,True,False,False,True,True,False,False,False,True,False,False,False,False,False,False,True,True,False,True,True,True,False,False,False,False,False,False,False,False,False,True,False,True,False,False,True,True,False,True,False,False,False,False,True,True,True,False,False,False,False,False,False,False,False,0,0,0,0,2026-09-25 15:09:22.175017+00:00,2026-09-25 15:09:22.182017+00:00,2026-09-25 15:09:22.183017+00:00,2026-09-25 15:09:22.184017+00:00,2026-09-25 15:09:22.185017+00:00,2026-09-25 15:09:22.199018+00:00,2026-09-25 15:09:22.187017+00:00,2026-09-25 15:09:22.188017+00:00,2026-09-25 15:09:22.189017+00:00,2026-09-25 15:09:22.190017+00:00,2026-09-25 15:09:22.203018+00:00,2026-09-25 15:09:22.193018+00:00,2026-09-25 15:09:22.194018+00:00,2026-09-25 15:09:22.195018+00:00,2026-09-25 15:09:22.196018+00:00,2026-09-25 15:09:22.197018+00:00,2026-09-25 15:09:22.198018+00:00,2026-09-25 15:09:22.200018+00:00,2026-09-25 15:09:22.201018+00:00,2026-09-25 15:09:22.202018+00:00,2026-09-25 15:09:22.192018+00:00,2026-09-25 15:09:22.204018+00:00,2026-09-25 15:09:22.205018+00:00,2026-09-25 15:09:22.206018+00:00,2026-09-25 15:09:22.218019+00:00,2026-09-25 15:09:22.208018+00:00,2026-09-25 15:09:22.209019+00:00,2026-09-25 15:09:22.210019+00:00,2026-09-25 15:09:22.211019+00:00,2026-09-25 15:09:22.212019+00:00,2026-09-25 15:09:22.213019+00:00,2026-09-25 15:09:22.214019+00:00,2026-09-25 15:09:22.215019+00:00,2026-09-25 15:09:22.216019+00:00,2026-09-25 15:09:22.217019+00:00,2026-09-25 15:09:22.207018+00:00,2026-09-25 15:09:22.219019+00:00,2026-09-25 15:09:22.220019+00:00,2026-09-25 15:09:22.221019+00:00,2026-09-25 15:09:22.222019+00:00,2026-09-25 15:09:22.223019+00:00,2026-09-25 15:09:22.224019+00:00,2026-09-25 15:09:22.225019+00:00,2026-09-25 15:09:22.226020+00:00,2026-09-25 15:09:22.227020+00:00,2026-09-25 15:09:22.228020+00:00,2026-09-25 15:09:22.229020+00:00,2026-09-25 15:09:22.230020+00:00,2026-09-25 15:09:22.231020+00:00,2026-09-25 15:09:22.232020+00:00,2026-09-25 15:09:22.233020+00:00,2026-09-25 15:09:22.234020+00:00,2026-09-25 15:09:22.235020+00:00,2026-09-25 15:09:22.236020+00:00,2026-09-25 15:09:22.237020+00:00,2026-09-25 15:09:22.238020+00:00,2026-09-25 15:09:22.239020+00:00,2026-09-25 15:09:22.240020+00:00,2026-09-25 15:09:22.241020+00:00,2026-09-25 15:09:22.242020+00:00,2026-09-25 15:09:22.243020+00:00,2026-09-25 15:09:22.244021+00:00,2026-09-25 15:09:22.245021+00:00,2026-09-25 15:09:22.246021+00:00,2026-09-25 15:09:22.247021+00:00,2026-09-25 15:09:22.248021+00:00,2026-09-25 15:09:22.249021+00:00,2026-09-25 15:09:22.250021+00:00,2026-09-25 15:09:22.251021+00:00,2026-09-25 15:09:22.265022+00:00,2026-09-25 15:09:22.266022+00:00,2026-09-25 15:09:22.256021+00:00,2026-09-25 15:09:22.268022+00:00,2026-09-25 15:09:22.258021+00:00,2026-09-25 15:09:22.281023+00:00,2026-09-25 15:09:22.260021+00:00,2026-09-25 15:09:22.272022+00:00,2026-09-25 15:09:22.262022+00:00,2026-09-25 15:09:22.274022+00:00,2026-09-25 15:09:22.264022+00:00,2026-09-25 15:09:22.253021+00:00,2026-09-25 15:09:22.255021+00:00,2026-09-25 15:09:22.267022+00:00,2026-09-25 15:09:22.281023+00:00,0.368428,2.7142345315774046,181.87593564481557,True,False,True,False,False,True,True,False,False,True,True,True,False,False,False,False
101,2026-09-25 13:40:17.782378+00:00,2026-09-25 15:09:22.631043+00:00,92.006,True,False,False,False,False,False,True,True,False,False,False,False,False,False,False,False,False,False,True,False,True,False,False,False,True,True,False,False,True,True,False,False,False,False,False,False,False,True,False,True,False,True,False,True,True,True,False,False,False,False,False,False,False,False,False,True,False,True,False,False,True,True,False,True,False,False,False,False,True,True,True,False,False,False,False,False,False,False,False,0,0,0,0,2026-09-25 15:09:22.539037+00:00,2026-09-25 15:09:22.549038+00:00,2026-09-25 15:09:22.550038+00:00,2026-09-25 15:09:22.562039+00:00,2026-09-25 15:09:22.552038+00:00,2026-09-25 15:09:22.553038+00:00,2026-09-25 15:09:22.554038+00:00,2026-09-25 15:09:22.555038+00:00,2026-09-25 15:09:22.556038+00:00,2026-09-25 15:09:22.557038+00:00,2026-09-25 15:09:22.558038+00:00,2026-09-25 15:09:22.559039+00:00,2026-09-25 15:09:22.560039+00:00,2026-09-25 15:09:22.561039+00:00,2026-09-25 15:09:22.551038+00:00,2026-09-25 15:09:22.563039+00:00,2026-09-25 15:09:22.564039+00:00,2026-09-25 15:09:22.565039+00:00,2026-09-25 15:09:22.566039+00:00,2026-09-25 15:09:22.567039+00:00,2026-09-25 15:09:22.568039+00:00,2026-09-25 15:09:22.569039+00:00,2026-09-25 15:09:22.570039+00:00,2026-09-25 15:09:22.571039+00:00,2026-09-25 15:09:22.572039+00:00,2026-09-25 15:09:22.573039+00:00,2026-09-25 15:09:22.574039+00:00,2026-09-25 15:09:22.575039+00:00,2026-09-25 15:09:22.576040+00:00,2026-09-25 15:09:22.577040+00:00,2026-09-25 15:09:22.578040+00:00,2026-09-25 15:09:22.579040+00:00,2026-09-25 15:09:22.580040+00:00,2026-09-25 15:09:22.592040+00:00,2026-09-25 15:09:22.582040+00:00,2026-09-25 15:09:22.583040+00:00,2026-09-25 15:09:22.584040+00:00,2026-09-25 15:09:22.585040+00:00,2026-09-25 15:09:22.586040+00:00,2026-09-25 15:09:22.587040+00:00,2026-09-25 15:09:22.588040+00:00,2026-09-25 15:09:22.589040+00:00,2026-09-25 15:09:22.590040+00:00,2026-09-25 15:09:22.591040+00:00,2026-09-25 15:09:22.581040+00:00,2026-09-25 15:09:22.593040+00:00,2026-09-25 15:09:22.594041+00:00,2026-09-25 15:09:22.595041+00:00,2026-09-25 15:09:22.608041+00:00,2026-09-25 15:09:22.609041+00:00,2026-09-25 15:09:22.599041+00:00,2026-09-25 15:09:22.600041+00:00,2026-09-25 15:09:22.601041+00:00,2026-09-25 15:09:22.602041+00:00,2026-09-25 15:09:22.603041+00:00,2026-09-25 15:09:22.604041+00:00,2026-09-25 15:09:22.605041+00:00,2026-09-25 15:09:22.606041+00:00,2026-09-25 15:09:22.607041+00:00,2026-09-25 15:09:22.597041+00:00,2026-09-25 15:09:22.598041+00:00,2026-09-25 15:09:22.610041+00:00,2026-09-25 15:09:22.611042+00:00,2026-09-25 15:09:22.612042+00:00,2026-09-25 15:09:22.613042+00:00,2026-09-25 15:09:22.614042+00:00,2026-09-25 15:09:22.615042+00:00,2026-09-25 15:09:22.616042+00:00,2026-09-25 15:09:22.617042+00:00,2026-09-25 15:09:22.618042+00:00,2026-09-25 15:09:22.619042+00:00,2026-09-25 15:09:22.620042+00:00,2026-09-25 15:09:22.621042+00:00,2026-09-25 15:09:22.622042+00:00,2026-09-25 15:09:22.623042+00:00,2026-09-25 15:09:22.624042+00:00,2026-09-25 15:09:22.625042+00:00,2026-09-25 15:09:22.626042+00:00,2026-09-25 15:09:22.627042+00:00,2026-09-25 15:09:22.628043+00:00,2026-09-25 15:09:22.629043+00:00,2026-09-25 15:09:22.630043+00:00,2026-09-25 15:09:22.631043+00:00,2026-09-25 15:09:22.631043+00:00,0.460146,2.173223281306368,181.91218319559727,True,False,True,False,False,True,True,False,False,True,True,True,False,False,False,False
102,2026-09-25 13:40:18.125658+00:00,2026-09-25 15:09:23.086069+00:00,88.005,True,False,False,False,False,False,True,True,True,False,False,False,False,False,False,False,False,False,True,True,False,False,False,False,True,True,False,False,False,True,False,False,False,False,False,False,False,True,False,True,False,True,False,True,True,True,False,False,False,False,False,False,False,False,False,True,False,True,False,False,True,True,False,True,False,False,False,False,True,True,True,False,False,False,False,False,False,False,False,0,0,0,0,2026-09-25 15:09:22.998064+00:00,2026-09-25 15:09:23.004064+00:00,2026-09-25 15:09:23.005064+00:00,2026-09-25 15:09:23.006064+00:00,2026-09-25 15:09:23.007064+00:00,2026-09-25 15:09:23.008064+00:00,2026-09-25 15:09:23.009064+00:00,2026-09-25 15:09:23.010064+00:00,2026-09-25 15:09:23.022065+00:00,2026-09-25 15:09:23.012064+00:00,2026-09-25 15:09:23.013065+00:00,2026-09-25 15:09:23.014065+00:00,2026-09-25 15:09:23.015065+00:00,2026-09-25 15:09:23.016065+00:00,2026-09-25 15:09:23.017065+00:00,2026-09-25 15:09:23.018065+00:00,2026-09-25 15:09:23.019065+00:00,2026-09-25 15:09:23.020065+00:00,2026-09-25 15:09:23.021065+00:00,2026-09-25 15:09:23.011064+00:00,2026-09-25 15:09:23.023065+00:00,2026-09-25 15:09:23.024065+00:00,2026-09-25 15:09:23.025065+00:00,2026-09-25 15:09:23.026065+00:00,2026-09-25 15:09:23.027065+00:00,2026-09-25 15:09:23.028065+00:00,2026-09-25 15:09:23.029065+00:00,2026-09-25 15:09:23.030065+00:00,2026-09-25 15:09:23.031066+00:00,2026-09-25 15:09:23.032066+00:00,2026-09-25 15:09:23.034066+00:00,2026-09-25 15:09:23.035066+00:00,2026-09-25 15:09:23.036066+00:00,2026-09-25 15:09:23.037066+00:00,2026-09-25 15:09:23.038066+00:00,2026-09-25 15:09:23.039066+00:00,2026-09-25 15:09:23.040066+00:00,2026-09-25 15:09:23.041066+00:00,2026-09-25 15:09:23.042066+00:00,2026-09-25 15:09:23.043066+00:00,2026-09-25 15:09:23.044066+00:00,2026-09-25 15:09:23.045066+00:00,2026-09-25 15:09:23.046066+00:00,2026-09-25 15:09:23.047066+00:00,2026-09-25 15:09:23.048067+00:00,2026-09-25 15:09:23.049067+00:00,2026-09-25 15:09:23.050067+00:00,2026-09-25 15:09:23.051067+00:00,2026-09-25 15:09:23.052067+00:00,2026-09-25 15:09:23.053067+00:00,2026-09-25 15:09:23.054067+00:00,2026-09-25 15:09:23.055067+00:00,2026-09-25 15:09:23.056067+00:00,2026-09-25 15:09:23.057067+00:00,2026-09-25 15:09:23.058067+00:00,2026-09-25 15:09:23.059067+00:00,2026-09-25 15:09:23.060067+00:00,2026-09-25 15:09:23.061067+00:00,2026-09-25 15:09:23.062067+00:00,2026-09-25 15:09:23.063067+00:00,2026-09-25 15:09:23.064067+00:00,2026-09-25 15:09:23.065067+00:00,2026-09-25 15:09:23.066068+00:00,2026-09-25 15:09:23.067068+00:00,2026-09-25 15:09:23.068068+00:00,2026-09-25 15:09:23.069068+00:00,2026-09-25 15:09:23.070068+00:00,2026-09-25 15:09:23.071068+00:00,2026-09-25 15:09:23.072068+00:00,2026-09-25 15:09:23.073068+00:00,2026-09-25 15:09:23.074068+00:00,2026-09-25 15:09:23.086069+00:00,2026-09-25 15:09:23.076068+00:00,2026-09-25 15:09:23.077068+00:00,2026-09-25 15:09:23.078068+00:00,2026-09-25 15:09:23.079068+00:00,2026-09-25 15:09:23.080068+00:00,2026-09-25 15:09:23.081068+00:00,2026-09-25 15:09:23.082068+00:00,2026-09-25 15:09:23.083069+00:00,2026-09-25 15:09:23.084069+00:00,2026-09-25 15:09:23.085069+00:00,2026-09-25 15:09:23.075068+00:00,2026-09-25 15:09:23.086069+00:00,0.34328,2.913073875553484,181.95920542365724,True,False,True,False,False,False,True,False,False,True,True,True,False,False,False,False
103,2026-09-25 13:40:18.479753+00:00,2026-09-25 15:09:23.440089+00:00,98.006,True,False,False,False,False,False,True,False,True,False,False,False,False,False,False,False,True,False,True,True,False,False,False,False,True,True,False,False,False,True,False,False,False,False,False,False,False,True,False,True,False,True,False,True,True,True,False,False,False,False,False,False,False,False,False,True,False,True,False,False,True,True,False,True,False,False,False,False,True,True,True,False,False,False,False,False,False,False,False,0,0,0,0,2026-09-25 15:09:23.342083+00:00,2026-09-25 15:09:23.356084+00:00,2026-09-25 15:09:23.357084+00:00,2026-09-25 15:09:23.369085+00:00,2026-09-25 15:09:23.359084+00:00,2026-09-25 15:09:23.360084+00:00,2026-09-25 15:09:23.372085+00:00,2026-09-25 15:09:23.362084+00:00,2026-09-25 15:09:23.363085+00:00,2026-09-25 15:09:23.364085+00:00,2026-09-25 15:09:23.365085+00:00,2026-09-25 15:09:23.366085+00:00,2026-09-25 15:09:23.367085+00:00,2026-09-25 15:09:23.368085+00:00,2026-09-25 15:09:23.358084+00:00,2026-09-25 15:09:23.370085+00:00,2026-09-25 15:09:23.371085+00:00,2026-09-25 15:09:23.361084+00:00,2026-09-25 15:09:23.373085+00:00,2026-09-25 15:09:23.374085+00:00,2026-09-25 15:09:23.375085+00:00,2026-09-25 15:09:23.376085+00:00,2026-09-25 15:09:23.378085+00:00,2026-09-25 15:09:23.379085+00:00,2026-09-25 15:09:23.380086+00:00,2026-09-25 15:09:23.381086+00:00,2026-09-25 15:09:23.382086+00:00,2026-09-25 15:09:23.383086+00:00,2026-09-25 15:09:23.384086+00:00,2026-09-25 15:09:23.385086+00:00,2026-09-25 15:09:23.386086+00:00,2026-09-25 15:09:23.387086+00:00,2026-09-25 15:09:23.388086+00:00,2026-09-25 15:09:23.389086+00:00,2026-09-25 15:09:23.390086+00:00,2026-09-25 15:09:23.391086+00:00,2026-09-25 15:09:23.392086+00:00,2026-09-25 15:09:23.393086+00:00,2026-09-25 15:09:23.394086+00:00,2026-09-25 15:09:23.395086+00:00,2026-09-25 15:09:23.396086+00:00,2026-09-25 15:09:23.397086+00:00,2026-09-25 15:09:23.398087+00:00,2026-09-25 15:09:23.399087+00:00,2026-09-25 15:09:23.401087+00:00,2026-09-25 15:09:23.402087+00:00,2026-09-25 15:09:23.403087+00:00,2026-09-25 15:09:23.404087+00:00,2026-09-25 15:09:23.405087+00:00,2026-09-25 15:09:23.406087+00:00,2026-09-25 15:09:23.407087+00:00,2026-09-25 15:09:23.408087+00:00,2026-09-25 15:09:23.409087+00:00,2026-09-25 15:09:23.422088+00:00,2026-09-25 15:09:23.412087+00:00,2026-09-25 15:09:23.413087+00:00,2026-09-25 15:09:23.414087+00:00,2026-09-25 15:09:23.415088+00:00,2026-09-25 15:09:23.416088+00:00,2026-09-25 15:09:23.417088+00:00,2026-09-25 15:09:23.418088+00:00,2026-09-25 15:09:23.419088+00:00,2026-09-25 15:09:23.420088+00:00,2026-09-25 15:09:23.421088+00:00,2026-09-25 15:09:23.411087+00:00,2026-09-25 15:09:23.423088+00:00,2026-09-25 15:09:23.424088+00:00,2026-09-25 15:09:23.425088+00:00,2026-09-25 15:09:23.426088+00:00,2026-09-25 15:09:23.427088+00:00,2026-09-25 15:09:23.428088+00:00,2026-09-25 15:09:23.429088+00:00,2026-09-25 15:09:23.430088+00:00,2026-09-25 15:09:23.431088+00:00,2026-09-25 15:09:23.432088+00:00,2026-09-25 15:09:23.433089+00:00,2026-09-25 15:09:23.434089+00:00,2026-09-25 15:09:23.435089+00:00,2026-09-25 15:09:23.436089+00:00,2026-09-25 15:09:23.437089+00:00,2026-09-25 15:09:23.438089+00:00,2026-09-25 15:09:23.439089+00:00,2026-09-25 15:09:23.440089+00:00,2026-09-25 15:09:23.440089+00:00,0.354095,2.8241008768833225,181.9955373526847,True,False,True,False,False,False,True,False,False,True,True,True,False,False,False,False
104,2026-09-25 13:40:18.871021+00:00,2026-09-25 15:09:23.812110+00:00,113.006,True,False,False,False,False,False,True,False,True,False,False,False,False,False,False,False,True,False,True,True,False,False,False,False,True,True,False,False,False,True,False,False,False,False,False,False,False,True,False,True,False,True,False,True,True,True,False,False,False,False,False,False,False,False,False,True,False,True,False,False,True,True,False,True,False,False,False,False,True,True,True,False,False,False,False,False,False,False,False,0,0,0,0,2026-09-25 15:09:23.699104+00:00,2026-09-25 15:09:23.726105+00:00,2026-09-25 15:09:23.727105+00:00,2026-09-25 15:09:23.728105+00:00,2026-09-25 15:09:23.740106+00:00,2026-09-25 15:09:23.730106+00:00,2026-09-25 15:09:23.731106+00:00,2026-09-25 15:09:23.732106+00:00,2026-09-25 15:09:23.733106+00:00,2026-09-25 15:09:23.734106+00:00,2026-09-25 15:09:23.735106+00:00,2026-09-25 15:09:23.736106+00:00,2026-09-25 15:09:23.737106+00:00,2026-09-25 15:09:23.738106+00:00,2026-09-25 15:09:23.739106+00:00,2026-09-25 15:09:23.729105+00:00,2026-09-25 15:09:23.741106+00:00,2026-09-25 15:09:23.742106+00:00,2026-09-25 15:09:23.743106+00:00,2026-09-25 15:09:23.744106+00:00,2026-09-25 15:09:23.745106+00:00,2026-09-25 15:09:23.746106+00:00,2026-09-25 15:09:23.747107+00:00,2026-09-25 15:09:23.748107+00:00,2026-09-25 15:09:23.749107+00:00,2026-09-25 15:09:23.750107+00:00,2026-09-25 15:09:23.752107+00:00,2026-09-25 15:09:23.753107+00:00,2026-09-25 15:09:23.754107+00:00,2026-09-25 15:09:23.755107+00:00,2026-09-25 15:09:23.756107+00:00,2026-09-25 15:09:23.794109+00:00,2026-09-25 15:09:23.759107+00:00,2026-09-25 15:09:23.760107+00:00,2026-09-25 15:09:23.761107+00:00,2026-09-25 15:09:23.762107+00:00,2026-09-25 15:09:23.763107+00:00,2026-09-25 15:09:23.764107+00:00,2026-09-25 15:09:23.765108+00:00,2026-09-25 15:09:23.767108+00:00,2026-09-25 15:09:23.780108+00:00,2026-09-25 15:09:23.770108+00:00,2026-09-25 15:09:23.758107+00:00,2026-09-25 15:09:23.772108+00:00,2026-09-25 15:09:23.773108+00:00,2026-09-25 15:09:23.774108+00:00,2026-09-25 15:09:23.775108+00:00,2026-09-25 15:09:23.776108+00:00,2026-09-25 15:09:23.777108+00:00,2026-09-25 15:09:23.778108+00:00,2026-09-25 15:09:23.779108+00:00,2026-09-25 15:09:23.769108+00:00,2026-09-25 15:09:23.781108+00:00,2026-09-25 15:09:23.771108+00:00,2026-09-25 15:09:23.795109+00:00,2026-09-25 15:09:23.785109+00:00,2026-09-25 15:09:23.786109+00:00,2026-09-25 15:09:23.787109+00:00,2026-09-25 15:09:23.788109+00:00,2026-09-25 15:09:23.789109+00:00,2026-09-25 15:09:23.790109+00:00,2026-09-25 15:09:23.791109+00:00,2026-09-25 15:09:23.792109+00:00,2026-09-25 15:09:23.793109+00:00,2026-09-25 15:09:23.783109+00:00,2026-09-25 15:09:23.784109+00:00,2026-09-25 15:09:23.796109+00:00,2026-09-25 15:09:23.797109+00:00,2026-09-25 15:09:23.798109+00:00,2026-09-25 15:09:23.799109+00:00,2026-09-25 15:09:23.811110+00:00,2026-09-25 15:09:23.801110+00:00,2026-09-25 15:09:23.802110+00:00,2026-09-25 15:09:23.803110+00:00,2026-09-25 15:09:23.804110+00:00,2026-09-25 15:09:23.805110+00:00,2026-09-25 15:09:23.806110+00:00,2026-09-25 15:09:23.807110+00:00,2026-09-25 15:09:23.808110+00:00,2026-09-25 15:09:23.809110+00:00,2026-09-25 15:09:23.810110+00:00,2026-09-25 15:09:23.800110+00:00,2026-09-25 15:09:23.812110+00:00,2026-09-25 15:09:23.812110+00:00,0.391268,2.55579296032387,182.03330976882987,True,False,True,False,False,False,True,False,False,True,True,True,False,False,False,False
105,2026-09-25 13:40:19.254112+00:00,2026-09-25 15:09:24.196132+00:00,106.006,True,False,False,False,False,False,True,False,True,False,False,False,False,False,False,False,True,False,True,True,False,False,False,False,True,True,False,False,False,True,False,False,False,False,False,False,False,True,False,True,False,True,False,True,True,True,False,False,False,False,False,False,False,False,False,True,False,True,False,False,True,True,False,True,False,False,False,False,True,True,True,False,False,False,False,False,False,False,False,0,0,0,0,2026-09-25 15:09:24.090126+00:00,2026-09-25 15:09:24.105127+00:00,2026-09-25 15:09:24.119128+00:00,2026-09-25 15:09:24.108127+00:00,2026-09-25 15:09:24.109127+00:00,2026-09-25 15:09:24.110127+00:00,2026-09-25 15:09:24.111127+00:00,2026-09-25 15:09:24.112127+00:00,2026-09-25 15:09:24.113127+00:00,2026-09-25 15:09:24.114128+00:00,2026-09-25 15:09:24.129128+00:00,2026-09-25 15:09:24.117128+00:00,2026-09-25 15:09:24.118128+00:00,2026-09-25 15:09:24.107127+00:00,2026-09-25 15:09:24.133129+00:00,2026-09-25 15:09:24.122128+00:00,2026-09-25 15:09:24.123128+00:00,2026-09-25 15:09:24.124128+00:00,2026-09-25 15:09:24.137129+00:00,2026-09-25 15:09:24.127128+00:00,2026-09-25 15:09:24.128128+00:00,2026-09-25 15:09:24.116128+00:00,2026-09-25 15:09:24.130128+00:00,2026-09-25 15:09:24.131128+00:00,2026-09-25 15:09:24.132129+00:00,2026-09-25 15:09:24.121128+00:00,2026-09-25 15:09:24.134129+00:00,2026-09-25 15:09:24.135129+00:00,2026-09-25 15:09:24.136129+00:00,2026-09-25 15:09:24.126128+00:00,2026-09-25 15:09:24.138129+00:00,2026-09-25 15:09:24.139129+00:00,2026-09-25 15:09:24.140129+00:00,2026-09-25 15:09:24.153130+00:00,2026-09-25 15:09:24.143129+00:00,2026-09-25 15:09:24.144129+00:00,2026-09-25 15:09:24.145129+00:00,2026-09-25 15:09:24.146129+00:00,2026-09-25 15:09:24.147129+00:00,2026-09-25 15:09:24.148129+00:00,2026-09-25 15:09:24.149130+00:00,2026-09-25 15:09:24.150130+00:00,2026-09-25 15:09:24.151130+00:00,2026-09-25 15:09:24.152130+00:00,2026-09-25 15:09:24.142129+00:00,2026-09-25 15:09:24.154130+00:00,2026-09-25 15:09:24.155130+00:00,2026-09-25 15:09:24.157130+00:00,2026-09-25 15:09:24.158130+00:00,2026-09-25 15:09:24.160130+00:00,2026-09-25 15:09:24.161130+00:00,2026-09-25 15:09:24.162130+00:00,2026-09-25 15:09:24.176131+00:00,2026-09-25 15:09:24.166130+00:00,2026-09-25 15:09:24.167131+00:00,2026-09-25 15:09:24.168131+00:00,2026-09-25 15:09:24.169131+00:00,2026-09-25 15:09:24.170131+00:00,2026-09-25 15:09:24.171131+00:00,2026-09-25 15:09:24.172131+00:00,2026-09-25 15:09:24.173131+00:00,2026-09-25 15:09:24.174131+00:00,2026-09-25 15:09:24.175131+00:00,2026-09-25 15:09:24.164130+00:00,2026-09-25 15:09:24.177131+00:00,2026-09-25 15:09:24.178131+00:00,2026-09-25 15:09:24.179131+00:00,2026-09-25 15:09:24.180131+00:00,2026-09-25 15:09:24.181131+00:00,2026-09-25 15:09:24.182131+00:00,2026-09-25 15:09:24.183131+00:00,2026-09-25 15:09:24.195132+00:00,2026-09-25 15:09:24.185132+00:00,2026-09-25 15:09:24.186132+00:00,2026-09-25 15:09:24.187132+00:00,2026-09-25 15:09:24.188132+00:00,2026-09-25 15:09:24.189132+00:00,2026-09-25 15:09:24.190132+00:00,2026-09-25 15:09:24.191132+00:00,2026-09-25 15:09:24.192132+00:00,2026-09-25 15:09:24.193132+00:00,2026-09-25 15:09:24.194132+00:00,2026-09-25 15:09:24.196132+00:00,2026-09-25 15:09:24.196132+00:00,0.383091,2.610345844720967,182.07169203461174,True,False,True,False,False,False,True,False,False,True,True,True,False,False,False,False
106,2026-09-25 13:40:19.653282+00:00,2026-09-25 15:09:24.607156+00:00,132.00799999999998,True,False,False,False,False,False,True,False,True,False,False,False,False,False,False,False,True,False,True,True,False,False,False,False,True,True,False,False,False,True,False,False,False,False,False,False,False,True,False,True,False,True,False,True,True,True,False,False,False,False,False,False,False,False,False,True,False,True,False,False,True,True,False,True,False,False,False,False,True,True,True,False,False,False,False,False,False,False,False,0,0,0,0,2026-09-25 15:09:24.475148+00:00,2026-09-25 15:09:24.509150+00:00,2026-09-25 15:09:24.530151+00:00,2026-09-25 15:09:24.543152+00:00,2026-09-25 15:09:24.533151+00:00,2026-09-25 15:09:24.534152+00:00,2026-09-25 15:09:24.535152+00:00,2026-09-25 15:09:24.512150+00:00,2026-09-25 15:09:24.536152+00:00,2026-09-25 15:09:24.524151+00:00,2026-09-25 15:09:24.538152+00:00,2026-09-25 15:09:24.527151+00:00,2026-09-25 15:09:24.528151+00:00,2026-09-25 15:09:24.529151+00:00,2026-09-25 15:09:24.514150+00:00,2026-09-25 15:09:24.517151+00:00,2026-09-25 15:09:24.519151+00:00,2026-09-25 15:09:24.521151+00:00,2026-09-25 15:09:24.523151+00:00,2026-09-25 15:09:24.537152+00:00,2026-09-25 15:09:24.526151+00:00,2026-09-25 15:09:24.539152+00:00,2026-09-25 15:09:24.540152+00:00,2026-09-25 15:09:24.541152+00:00,2026-09-25 15:09:24.542152+00:00,2026-09-25 15:09:24.532151+00:00,2026-09-25 15:09:24.544152+00:00,2026-09-25 15:09:24.545152+00:00,2026-09-25 15:09:24.546152+00:00,2026-09-25 15:09:24.559153+00:00,2026-09-25 15:09:24.549152+00:00,2026-09-25 15:09:24.550152+00:00,2026-09-25 15:09:24.551152+00:00,2026-09-25 15:09:24.552153+00:00,2026-09-25 15:09:24.553153+00:00,2026-09-25 15:09:24.554153+00:00,2026-09-25 15:09:24.555153+00:00,2026-09-25 15:09:24.556153+00:00,2026-09-25 15:09:24.557153+00:00,2026-09-25 15:09:24.558153+00:00,2026-09-25 15:09:24.548152+00:00,2026-09-25 15:09:24.560153+00:00,2026-09-25 15:09:24.562153+00:00,2026-09-25 15:09:24.563153+00:00,2026-09-25 15:09:24.564153+00:00,2026-09-25 15:09:24.565153+00:00,2026-09-25 15:09:24.566153+00:00,2026-09-25 15:09:24.567153+00:00,2026-09-25 15:09:24.568153+00:00,2026-09-25 15:09:24.569154+00:00,2026-09-25 15:09:24.570154+00:00,2026-09-25 15:09:24.572154+00:00,2026-09-25 15:09:24.573154+00:00,2026-09-25 15:09:24.574154+00:00,2026-09-25 15:09:24.575154+00:00,2026-09-25 15:09:24.576154+00:00,2026-09-25 15:09:24.577154+00:00,2026-09-25 15:09:24.578154+00:00,2026-09-25 15:09:24.579154+00:00,2026-09-25 15:09:24.580154+00:00,2026-09-25 15:09:24.582154+00:00,2026-09-25 15:09:24.584154+00:00,2026-09-25 15:09:24.585154+00:00,2026-09-25 15:09:24.586154+00:00,2026-09-25 15:09:24.587155+00:00,2026-09-25 15:09:24.588155+00:00,2026-09-25 15:09:24.589155+00:00,2026-09-25 15:09:24.590155+00:00,2026-09-25 15:09:24.591155+00:00,2026-09-25 15:09:24.592155+00:00,2026-09-25 15:09:24.606156+00:00,2026-09-25 15:09:24.595155+00:00,2026-09-25 15:09:24.596155+00:00,2026-09-25 15:09:24.597155+00:00,2026-09-25 15:09:24.598155+00:00,2026-09-25 15:09:24.599155+00:00,2026-09-25 15:09:24.601155+00:00,2026-09-25 15:09:24.602155+00:00,2026-09-25 15:09:24.603155+00:00,2026-09-25 15:09:24.604156+00:00,2026-09-25 15:09:24.605156+00:00,2026-09-25 15:09:24.594155+00:00,2026-09-25 15:09:24.607156+00:00,2026-09-25 15:09:24.607156+00:00,0.39917,2.505198286444372,182.11188539406322,True,False,True,False,False,False,True,False,False,True,True,True,False,False,False,False
107,2026-09-25 13:40:20.166309+00:00,2026-09-25 15:09:25.114185+00:00,166.01,True,False,False,False,False,False,True,False,True,False,False,False,False,False,False,False,True,False,True,True,False,False,False,False,True,True,False,False,False,True,False,False,False,False,False,False,False,True,False,True,False,True,False,True,True,True,False,False,False,False,False,False,False,False,False,True,False,True,False,False,True,True,False,True,False,False,False,False,True,True,True,False,False,False,False,False,False,False,False,0,0,0,0,2026-09-25 15:09:24.972177+00:00,2026-09-25 15:09:24.950175+00:00,2026-09-25 15:09:24.952175+00:00,2026-09-25 15:09:24.954176+00:00,2026-09-25 15:09:24.956176+00:00,2026-09-25 15:09:24.960176+00:00,2026-09-25 15:09:24.962176+00:00,2026-09-25 15:09:24.964176+00:00,2026-09-25 15:09:24.966176+00:00,2026-09-25 15:09:24.990178+00:00,2026-09-25 15:09:24.970176+00:00,2026-09-25 15:09:24.948175+00:00,2026-09-25 15:09:24.974177+00:00,2026-09-25 15:09:24.976177+00:00,2026-09-25 15:09:24.978177+00:00,2026-09-25 15:09:24.980177+00:00,2026-09-25 15:09:24.982177+00:00,2026-09-25 15:09:24.984177+00:00,2026-09-25 15:09:24.986177+00:00,2026-09-25 15:09:24.988177+00:00,2026-09-25 15:09:24.968176+00:00,2026-09-25 15:09:24.992178+00:00,2026-09-25 15:09:24.994178+00:00,2026-09-25 15:09:24.996178+00:00,2026-09-25 15:09:24.998178+00:00,2026-09-25 15:09:25.000178+00:00,2026-09-25 15:09:25.002178+00:00,2026-09-25 15:09:25.004178+00:00,2026-09-25 15:09:25.006179+00:00,2026-09-25 15:09:25.008179+00:00,2026-09-25 15:09:25.010179+00:00,2026-09-25 15:09:25.012179+00:00,2026-09-25 15:09:25.014179+00:00,2026-09-25 15:09:25.016179+00:00,2026-09-25 15:09:25.018179+00:00,2026-09-25 15:09:25.020179+00:00,2026-09-25 15:09:25.022179+00:00,2026-09-25 15:09:25.024180+00:00,2026-09-25 15:09:25.026180+00:00,2026-09-25 15:09:25.028180+00:00,2026-09-25 15:09:25.030180+00:00,2026-09-25 15:09:25.032180+00:00,2026-09-25 15:09:25.034180+00:00,2026-09-25 15:09:25.036180+00:00,2026-09-25 15:09:25.038180+00:00,2026-09-25 15:09:25.040180+00:00,2026-09-25 15:09:25.042181+00:00,2026-09-25 15:09:25.044181+00:00,2026-09-25 15:09:25.068182+00:00,2026-09-25 15:09:25.048181+00:00,2026-09-25 15:09:25.050181+00:00,2026-09-25 15:09:25.052181+00:00,2026-09-25 15:09:25.054181+00:00,2026-09-25 15:09:25.056181+00:00,2026-09-25 15:09:25.058181+00:00,2026-09-25 15:09:25.060182+00:00,2026-09-25 15:09:25.062182+00:00,2026-09-25 15:09:25.064182+00:00,2026-09-25 15:09:25.066182+00:00,2026-09-25 15:09:25.046181+00:00,2026-09-25 15:09:25.070182+00:00,2026-09-25 15:09:25.072182+00:00,2026-09-25 15:09:25.074182+00:00,2026-09-25 15:09:25.076183+00:00,2026-09-25 15:09:25.100184+00:00,2026-09-25 15:09:25.080183+00:00,2026-09-25 15:09:25.082183+00:00,2026-09-25 15:09:25.106184+00:00,2026-09-25 15:09:25.086183+00:00,2026-09-25 15:09:25.088183+00:00,2026-09-25 15:09:25.090183+00:00,2026-09-25 15:09:25.092183+00:00,2026-09-25 15:09:25.094184+00:00,2026-09-25 15:09:25.096184+00:00,2026-09-25 15:09:25.098184+00:00,2026-09-25 15:09:25.078183+00:00,2026-09-25 15:09:25.102184+00:00,2026-09-25 15:09:25.104184+00:00,2026-09-25 15:09:25.084183+00:00,2026-09-25 15:09:25.108184+00:00,2026-09-25 15:09:25.110184+00:00,2026-09-25 15:09:25.112185+00:00,2026-09-25 15:09:25.114185+00:00,2026-09-25 15:09:25.114185+00:00,0.513027,1.9492151485204483,182.1598817408024,True,False,True,False,False,False,True,False,False,True,True,True,False,False,False,False
108,2026-09-25 13:40:20.534514+00:00,2026-09-25 15:09:25.491206+00:00,98.005,True,False,False,False,False,False,True,False,True,False,False,False,False,False,False,False,True,False,True,True,False,False,False,False,True,True,False,False,False,True,False,False,False,False,False,False,False,True,False,True,False,True,False,True,True,True,False,False,False,False,False,False,False,False,False,True,False,True,False,False,True,True,False,True,False,False,False,False,True,True,True,False,False,False,False,False,False,False,False,0,0,0,0,2026-09-25 15:09:25.405201+00:00,2026-09-25 15:09:25.393201+00:00,2026-09-25 15:09:25.409202+00:00,2026-09-25 15:09:25.411202+00:00,2026-09-25 15:09:25.412202+00:00,2026-09-25 15:09:25.413202+00:00,2026-09-25 15:09:25.414202+00:00,2026-09-25 15:09:25.397201+00:00,2026-09-25 15:09:25.399201+00:00,2026-09-25 15:09:25.417202+00:00,2026-09-25 15:09:25.418202+00:00,2026-09-25 15:09:25.419202+00:00,2026-09-25 15:09:25.431203+00:00,2026-09-25 15:09:25.421202+00:00,2026-09-25 15:09:25.422202+00:00,2026-09-25 15:09:25.423202+00:00,2026-09-25 15:09:25.424202+00:00,2026-09-25 15:09:25.425202+00:00,2026-09-25 15:09:25.426203+00:00,2026-09-25 15:09:25.427203+00:00,2026-09-25 15:09:25.428203+00:00,2026-09-25 15:09:25.429203+00:00,2026-09-25 15:09:25.430203+00:00,2026-09-25 15:09:25.420202+00:00,2026-09-25 15:09:25.432203+00:00,2026-09-25 15:09:25.433203+00:00,2026-09-25 15:09:25.445204+00:00,2026-09-25 15:09:25.435203+00:00,2026-09-25 15:09:25.436203+00:00,2026-09-25 15:09:25.437203+00:00,2026-09-25 15:09:25.438203+00:00,2026-09-25 15:09:25.439203+00:00,2026-09-25 15:09:25.440203+00:00,2026-09-25 15:09:25.441203+00:00,2026-09-25 15:09:25.442203+00:00,2026-09-25 15:09:25.443204+00:00,2026-09-25 15:09:25.444204+00:00,2026-09-25 15:09:25.446204+00:00,2026-09-25 15:09:25.447204+00:00,2026-09-25 15:09:25.448204+00:00,2026-09-25 15:09:25.449204+00:00,2026-09-25 15:09:25.450204+00:00,2026-09-25 15:09:25.451204+00:00,2026-09-25 15:09:25.452204+00:00,2026-09-25 15:09:25.453204+00:00,2026-09-25 15:09:25.454204+00:00,2026-09-25 15:09:25.455204+00:00,2026-09-25 15:09:25.456204+00:00,2026-09-25 15:09:25.457204+00:00,2026-09-25 15:09:25.458204+00:00,2026-09-25 15:09:25.459204+00:00,2026-09-25 15:09:25.471205+00:00,2026-09-25 15:09:25.461205+00:00,2026-09-25 15:09:25.462205+00:00,2026-09-25 15:09:25.463205+00:00,2026-09-25 15:09:25.464205+00:00,2026-09-25 15:09:25.465205+00:00,2026-09-25 15:09:25.477205+00:00,2026-09-25 15:09:25.467205+00:00,2026-09-25 15:09:25.468205+00:00,2026-09-25 15:09:25.469205+00:00,2026-09-25 15:09:25.470205+00:00,2026-09-25 15:09:25.460204+00:00,2026-09-25 15:09:25.472205+00:00,2026-09-25 15:09:25.473205+00:00,2026-09-25 15:09:25.474205+00:00,2026-09-25 15:09:25.475205+00:00,2026-09-25 15:09:25.476205+00:00,2026-09-25 15:09:25.466205+00:00,2026-09-25 15:09:25.478206+00:00,2026-09-25 15:09:25.479206+00:00,2026-09-25 15:09:25.480206+00:00,2026-09-25 15:09:25.481206+00:00,2026-09-25 15:09:25.482206+00:00,2026-09-25 15:09:25.483206+00:00,2026-09-25 15:09:25.484206+00:00,2026-09-25 15:09:25.485206+00:00,2026-09-25 15:09:25.486206+00:00,2026-09-25 15:09:25.487206+00:00,2026-09-25 15:09:25.488206+00:00,2026-09-25 15:09:25.489206+00:00,2026-09-25 15:09:25.490206+00:00,2026-09-25 15:09:25.491206+00:00,2026-09-25 15:09:25.491206+00:00,0.368205,2.715878382966011,182.19420972109614,True,False,True,False,False,False,True,False,False,True,True,True,False,False,False,False
109,2026-09-25 13:40:21.024789+00:00,2026-09-25 15:09:25.986235+00:00,94.006,True,False,False,False,False,False,True,False,True,False,False,False,False,False,False,False,True,False,True,True,False,False,False,False,True,True,False,True,False,True,False,False,False,False,False,False,True,False,False,True,False,True,False,True,True,True,False,False,False,False,False,False,False,False,False,True,False,True,False,False,True,True,False,True,False,False,False,False,True,True,True,False,False,False,False,False,False,False,False,0,0,0,0,2026-09-25 15:09:25.892229+00:00,2026-09-25 15:09:25.904230+00:00,2026-09-25 15:09:25.905230+00:00,2026-09-25 15:09:25.906230+00:00,2026-09-25 15:09:25.907230+00:00,2026-09-25 15:09:25.908230+00:00,2026-09-25 15:09:25.909230+00:00,2026-09-25 15:09:25.910230+00:00,2026-09-25 15:09:25.911230+00:00,2026-09-25 15:09:25.912230+00:00,2026-09-25 15:09:25.913230+00:00,2026-09-25 15:09:25.903230+00:00,2026-09-25 15:09:25.915231+00:00,2026-09-25 15:09:25.916231+00:00,2026-09-25 15:09:25.917231+00:00,2026-09-25 15:09:25.918231+00:00,2026-09-25 15:09:25.930231+00:00,2026-09-25 15:09:25.920231+00:00,2026-09-25 15:09:25.921231+00:00,2026-09-25 15:09:25.922231+00:00,2026-09-25 15:09:25.923231+00:00,2026-09-25 15:09:25.924231+00:00,2026-09-25 15:09:25.925231+00:00,2026-09-25 15:09:25.926231+00:00,2026-09-25 15:09:25.927231+00:00,2026-09-25 15:09:25.928231+00:00,2026-09-25 15:09:25.929231+00:00,2026-09-25 15:09:25.919231+00:00,2026-09-25 15:09:25.931231+00:00,2026-09-25 15:09:25.932231+00:00,2026-09-25 15:09:25.933232+00:00,2026-09-25 15:09:25.934232+00:00,2026-09-25 15:09:25.935232+00:00,2026-09-25 15:09:25.936232+00:00,2026-09-25 15:09:25.937232+00:00,2026-09-25 15:09:25.938232+00:00,2026-09-25 15:09:25.939232+00:00,2026-09-25 15:09:25.940232+00:00,2026-09-25 15:09:25.941232+00:00,2026-09-25 15:09:25.942232+00:00,2026-09-25 15:09:25.943232+00:00,2026-09-25 15:09:25.945232+00:00,2026-09-25 15:09:25.946232+00:00,2026-09-25 15:09:25.947232+00:00,2026-09-25 15:09:25.948232+00:00,2026-09-25 15:09:25.949232+00:00,2026-09-25 15:09:25.950233+00:00,2026-09-25 15:09:25.951233+00:00,2026-09-25 15:09:25.952233+00:00,2026-09-25 15:09:25.953233+00:00,2026-09-25 15:09:25.954233+00:00,2026-09-25 15:09:25.955233+00:00,2026-09-25 15:09:25.956233+00:00,2026-09-25 15:09:25.957233+00:00,2026-09-25 15:09:25.958233+00:00,2026-09-25 15:09:25.959233+00:00,2026-09-25 15:09:25.960233+00:00,2026-09-25 15:09:25.961233+00:00,2026-09-25 15:09:25.962233+00:00,2026-09-25 15:09:25.963233+00:00,2026-09-25 15:09:25.964233+00:00,2026-09-25 15:09:25.965233+00:00,2026-09-25 15:09:25.966233+00:00,2026-09-25 15:09:25.967233+00:00,2026-09-25 15:09:25.968234+00:00,2026-09-25 15:09:25.969234+00:00,2026-09-25 15:09:25.970234+00:00,2026-09-25 15:09:25.971234+00:00,2026-09-25 15:09:25.972234+00:00,2026-09-25 15:09:25.973234+00:00,2026-09-25 15:09:25.974234+00:00,2026-09-25 15:09:25.975234+00:00,2026-09-25 15:09:25.976234+00:00,2026-09-25 15:09:25.977234+00:00,2026-09-25 15:09:25.978234+00:00,2026-09-25 15:09:25.979234+00:00,2026-09-25 15:09:25.980234+00:00,2026-09-25 15:09:25.981234+00:00,2026-09-25 15:09:25.982234+00:00,2026-09-25 15:09:25.983234+00:00,2026-09-25 15:09:25.984234+00:00,2026-09-25 15:09:25.985235+00:00,2026-09-25 15:09:25.986235+00:00,2026-09-25 15:09:25.986235+00:00,0.490275,2.0396716128703276,182.23721086165472,True,False,True,False,False,False,True,False,False,True,True,True,False,False,False,False
110,2026-09-25 13:40:21.401738+00:00,2026-09-25 15:09:26.356256+00:00,87.005,True,False,False,False,False,False,True,False,True,False,False,False,False,False,False,False,True,False,True,True,False,False,False,False,True,True,False,False,False,True,False,False,False,False,False,False,False,False,True,True,False,False,False,True,True,True,False,False,False,False,False,False,False,False,False,True,False,True,False,False,True,True,False,True,False,False,False,False,True,True,True,False,False,False,False,False,False,False,False,0,0,0,0,2026-09-25 15:09:26.274251+00:00,2026-09-25 15:09:26.287252+00:00,2026-09-25 15:09:26.276251+00:00,2026-09-25 15:09:26.289252+00:00,2026-09-25 15:09:26.278251+00:00,2026-09-25 15:09:26.291252+00:00,2026-09-25 15:09:26.269251+00:00,2026-09-25 15:09:26.270251+00:00,2026-09-25 15:09:26.271251+00:00,2026-09-25 15:09:26.284252+00:00,2026-09-25 15:09:26.285252+00:00,2026-09-25 15:09:26.286252+00:00,2026-09-25 15:09:26.275251+00:00,2026-09-25 15:09:26.288252+00:00,2026-09-25 15:09:26.277251+00:00,2026-09-25 15:09:26.290252+00:00,2026-09-25 15:09:26.279251+00:00,2026-09-25 15:09:26.280251+00:00,2026-09-25 15:09:26.281251+00:00,2026-09-25 15:09:26.293252+00:00,2026-09-25 15:09:26.294252+00:00,2026-09-25 15:09:26.295252+00:00,2026-09-25 15:09:26.296252+00:00,2026-09-25 15:09:26.297252+00:00,2026-09-25 15:09:26.298252+00:00,2026-09-25 15:09:26.299252+00:00,2026-09-25 15:09:26.300253+00:00,2026-09-25 15:09:26.301253+00:00,2026-09-25 15:09:26.302253+00:00,2026-09-25 15:09:26.303253+00:00,2026-09-25 15:09:26.304253+00:00,2026-09-25 15:09:26.305253+00:00,2026-09-25 15:09:26.306253+00:00,2026-09-25 15:09:26.307253+00:00,2026-09-25 15:09:26.308253+00:00,2026-09-25 15:09:26.332254+00:00,2026-09-25 15:09:26.322254+00:00,2026-09-25 15:09:26.323254+00:00,2026-09-25 15:09:26.313253+00:00,2026-09-25 15:09:26.314253+00:00,2026-09-25 15:09:26.315253+00:00,2026-09-25 15:09:26.316253+00:00,2026-09-25 15:09:26.328254+00:00,2026-09-25 15:09:26.329254+00:00,2026-09-25 15:09:26.330254+00:00,2026-09-25 15:09:26.331254+00:00,2026-09-25 15:09:26.309253+00:00,2026-09-25 15:09:26.310253+00:00,2026-09-25 15:09:26.311253+00:00,2026-09-25 15:09:26.312253+00:00,2026-09-25 15:09:26.324254+00:00,2026-09-25 15:09:26.336255+00:00,2026-09-25 15:09:26.337255+00:00,2026-09-25 15:09:26.327254+00:00,2026-09-25 15:09:26.317254+00:00,2026-09-25 15:09:26.318254+00:00,2026-09-25 15:09:26.319254+00:00,2026-09-25 15:09:26.320254+00:00,2026-09-25 15:09:26.321254+00:00,2026-09-25 15:09:26.333254+00:00,2026-09-25 15:09:26.334254+00:00,2026-09-25 15:09:26.335255+00:00,2026-09-25 15:09:26.325254+00:00,2026-09-25 15:09:26.326254+00:00,2026-09-25 15:09:26.338255+00:00,2026-09-25 15:09:26.339255+00:00,2026-09-25 15:09:26.351255+00:00,2026-09-25 15:09:26.352256+00:00,2026-09-25 15:09:26.353256+00:00,2026-09-25 15:09:26.354256+00:00,2026-09-25 15:09:26.344255+00:00,2026-09-25 15:09:26.345255+00:00,2026-09-25 15:09:26.346255+00:00,2026-09-25 15:09:26.347255+00:00,2026-09-25 15:09:26.348255+00:00,2026-09-25 15:09:26.349255+00:00,2026-09-25 15:09:26.350255+00:00,2026-09-25 15:09:26.340255+00:00,2026-09-25 15:09:26.341255+00:00,2026-09-25 15:09:26.342255+00:00,2026-09-25 15:09:26.343255+00:00,2026-09-25 15:09:26.355256+00:00,2026-09-25 15:09:26.356256+00:00,2026-09-25 15:09:26.356256+00:00,0.376949,2.6528787713987834,182.2676150951571,True,False,True,False,False,False,True,False,False,True,True,True,False,False,False,False
111,2026-09-25 13:40:21.773043+00:00,2026-09-25 15:09:26.728277+00:00,91.005,True,False,False,False,False,False,True,False,True,False,False,False,False,False,False,False,True,False,True,True,False,False,False,False,True,True,False,False,False,True,False,False,False,False,False,False,False,False,True,True,False,False,False,True,True,True,False,False,False,False,False,False,False,False,False,True,False,True,False,False,True,True,False,True,False,False,False,False,True,True,True,False,False,False,False,False,False,False,False,0,0,0,0,2026-09-25 15:09:26.645272+00:00,2026-09-25 15:09:26.646272+00:00,2026-09-25 15:09:26.647272+00:00,2026-09-25 15:09:26.637272+00:00,2026-09-25 15:09:26.649273+00:00,2026-09-25 15:09:26.650273+00:00,2026-09-25 15:09:26.651273+00:00,2026-09-25 15:09:26.652273+00:00,2026-09-25 15:09:26.653273+00:00,2026-09-25 15:09:26.654273+00:00,2026-09-25 15:09:26.655273+00:00,2026-09-25 15:09:26.656273+00:00,2026-09-25 15:09:26.657273+00:00,2026-09-25 15:09:26.658273+00:00,2026-09-25 15:09:26.659273+00:00,2026-09-25 15:09:26.660273+00:00,2026-09-25 15:09:26.661273+00:00,2026-09-25 15:09:26.662273+00:00,2026-09-25 15:09:26.663273+00:00,2026-09-25 15:09:26.664273+00:00,2026-09-25 15:09:26.665273+00:00,2026-09-25 15:09:26.666273+00:00,2026-09-25 15:09:26.667274+00:00,2026-09-25 15:09:26.668274+00:00,2026-09-25 15:09:26.669274+00:00,2026-09-25 15:09:26.670274+00:00,2026-09-25 15:09:26.671274+00:00,2026-09-25 15:09:26.672274+00:00,2026-09-25 15:09:26.673274+00:00,2026-09-25 15:09:26.674274+00:00,2026-09-25 15:09:26.675274+00:00,2026-09-25 15:09:26.676274+00:00,2026-09-25 15:09:26.677274+00:00,2026-09-25 15:09:26.678274+00:00,2026-09-25 15:09:26.679274+00:00,2026-09-25 15:09:26.680274+00:00,2026-09-25 15:09:26.681274+00:00,2026-09-25 15:09:26.682274+00:00,2026-09-25 15:09:26.683274+00:00,2026-09-25 15:09:26.684275+00:00,2026-09-25 15:09:26.685275+00:00,2026-09-25 15:09:26.686275+00:00,2026-09-25 15:09:26.687275+00:00,2026-09-25 15:09:26.688275+00:00,2026-09-25 15:09:26.689275+00:00,2026-09-25 15:09:26.690275+00:00,2026-09-25 15:09:26.691275+00:00,2026-09-25 15:09:26.692275+00:00,2026-09-25 15:09:26.693275+00:00,2026-09-25 15:09:26.695275+00:00,2026-09-25 15:09:26.696275+00:00,2026-09-25 15:09:26.697275+00:00,2026-09-25 15:09:26.698275+00:00,2026-09-25 15:09:26.699275+00:00,2026-09-25 15:09:26.700275+00:00,2026-09-25 15:09:26.701275+00:00,2026-09-25 15:09:26.702276+00:00,2026-09-25 15:09:26.703276+00:00,2026-09-25 15:09:26.704276+00:00,2026-09-25 15:09:26.705276+00:00,2026-09-25 15:09:26.706276+00:00,2026-09-25 15:09:26.707276+00:00,2026-09-25 15:09:26.708276+00:00,2026-09-25 15:09:26.709276+00:00,2026-09-25 15:09:26.710276+00:00,2026-09-25 15:09:26.711276+00:00,2026-09-25 15:09:26.712276+00:00,2026-09-25 15:09:26.713276+00:00,2026-09-25 15:09:26.714276+00:00,2026-09-25 15:09:26.726277+00:00,2026-09-25 15:09:26.716276+00:00,2026-09-25 15:09:26.717276+00:00,2026-09-25 15:09:26.718276+00:00,2026-09-25 15:09:26.719277+00:00,2026-09-25 15:09:26.720277+00:00,2026-09-25 15:09:26.721277+00:00,2026-09-25 15:09:26.722277+00:00,2026-09-25 15:09:26.723277+00:00,2026-09-25 15:09:26.724277+00:00,2026-09-25 15:09:26.725277+00:00,2026-09-25 15:09:26.715276+00:00,2026-09-25 15:09:26.727277+00:00,2026-09-25 15:09:26.728277+00:00,2026-09-25 15:09:26.728277+00:00,0.371305,2.6932037004618845,182.29651496976572,True,False,True,False,False,False,True,False,False,True,True,True,False,False,False,False
112,2026-09-25 13:40:22.118465+00:00,2026-09-25 15:09:27.078297+00:00,82.005,True,False,False,False,False,False,True,False,True,False,False,False,False,False,False,False,True,False,True,True,False,False,False,False,True,True,False,False,False,True,False,False,False,False,False,False,False,False,True,True,False,False,False,True,True,True,False,False,False,False,False,False,False,False,False,True,False,True,False,False,True,True,False,True,False,False,False,False,True,True,True,False,False,False,False,False,False,False,False,0,0,0,0,2026-09-25 15:09:26.996292+00:00,2026-09-25 15:09:27.001293+00:00,2026-09-25 15:09:26.998292+00:00,2026-09-25 15:09:26.999293+00:00,2026-09-25 15:09:27.000293+00:00,2026-09-25 15:09:26.997292+00:00,2026-09-25 15:09:27.002293+00:00,2026-09-25 15:09:27.003293+00:00,2026-09-25 15:09:27.004293+00:00,2026-09-25 15:09:27.005293+00:00,2026-09-25 15:09:27.006293+00:00,2026-09-25 15:09:27.007293+00:00,2026-09-25 15:09:27.008293+00:00,2026-09-25 15:09:27.009293+00:00,2026-09-25 15:09:27.010293+00:00,2026-09-25 15:09:27.011293+00:00,2026-09-25 15:09:27.012293+00:00,2026-09-25 15:09:27.013293+00:00,2026-09-25 15:09:27.014293+00:00,2026-09-25 15:09:27.015293+00:00,2026-09-25 15:09:27.016293+00:00,2026-09-25 15:09:27.017294+00:00,2026-09-25 15:09:27.018294+00:00,2026-09-25 15:09:27.019294+00:00,2026-09-25 15:09:27.020294+00:00,2026-09-25 15:09:27.021294+00:00,2026-09-25 15:09:27.022294+00:00,2026-09-25 15:09:27.023294+00:00,2026-09-25 15:09:27.024294+00:00,2026-09-25 15:09:27.036295+00:00,2026-09-25 15:09:27.026294+00:00,2026-09-25 15:09:27.027294+00:00,2026-09-25 15:09:27.028294+00:00,2026-09-25 15:09:27.029294+00:00,2026-09-25 15:09:27.030294+00:00,2026-09-25 15:09:27.031294+00:00,2026-09-25 15:09:27.032294+00:00,2026-09-25 15:09:27.033294+00:00,2026-09-25 15:09:27.034295+00:00,2026-09-25 15:09:27.035295+00:00,2026-09-25 15:09:27.025294+00:00,2026-09-25 15:09:27.037295+00:00,2026-09-25 15:09:27.038295+00:00,2026-09-25 15:09:27.039295+00:00,2026-09-25 15:09:27.040295+00:00,2026-09-25 15:09:27.041295+00:00,2026-09-25 15:09:27.042295+00:00,2026-09-25 15:09:27.043295+00:00,2026-09-25 15:09:27.044295+00:00,2026-09-25 15:09:27.045295+00:00,2026-09-25 15:09:27.046295+00:00,2026-09-25 15:09:27.047295+00:00,2026-09-25 15:09:27.048295+00:00,2026-09-25 15:09:27.049295+00:00,2026-09-25 15:09:27.050295+00:00,2026-09-25 15:09:27.051295+00:00,2026-09-25 15:09:27.052296+00:00,2026-09-25 15:09:27.053296+00:00,2026-09-25 15:09:27.054296+00:00,2026-09-25 15:09:27.055296+00:00,2026-09-25 15:09:27.056296+00:00,2026-09-25 15:09:27.057296+00:00,2026-09-25 15:09:27.058296+00:00,2026-09-25 15:09:27.070297+00:00,2026-09-25 15:09:27.060296+00:00,2026-09-25 15:09:27.072297+00:00,2026-09-25 15:09:27.062296+00:00,2026-09-25 15:09:27.074297+00:00,2026-09-25 15:09:27.064296+00:00,2026-09-25 15:09:27.065296+00:00,2026-09-25 15:09:27.066296+00:00,2026-09-25 15:09:27.067296+00:00,2026-09-25 15:09:27.068296+00:00,2026-09-25 15:09:27.069297+00:00,2026-09-25 15:09:27.059296+00:00,2026-09-25 15:09:27.071297+00:00,2026-09-25 15:09:27.061296+00:00,2026-09-25 15:09:27.073297+00:00,2026-09-25 15:09:27.063296+00:00,2026-09-25 15:09:27.075297+00:00,2026-09-25 15:09:27.076297+00:00,2026-09-25 15:09:27.077297+00:00,2026-09-25 15:09:27.078297+00:00,2026-09-25 15:09:27.078297+00:00,0.345422,2.895009582481718,182.32204426995472,True,False,True,False,False,False,True,False,False,True,True,True,False,False,False,False
113,2026-09-25 13:40:22.495758+00:00,2026-09-25 15:09:27.434317+00:00,87.005,True,False,False,False,False,False,True,False,True,False,False,False,False,False,False,False,True,False,True,True,False,False,False,False,True,True,False,False,False,True,False,False,False,False,False,False,False,False,True,True,False,False,False,True,True,True,False,False,False,False,False,False,False,False,False,True,False,True,False,False,True,True,False,True,False,False,False,False,True,True,True,False,False,False,False,False,False,False,False,0,0,0,0,2026-09-25 15:09:27.347312+00:00,2026-09-25 15:09:27.353313+00:00,2026-09-25 15:09:27.354313+00:00,2026-09-25 15:09:27.355313+00:00,2026-09-25 15:09:27.356313+00:00,2026-09-25 15:09:27.357313+00:00,2026-09-25 15:09:27.358313+00:00,2026-09-25 15:09:27.359313+00:00,2026-09-25 15:09:27.360313+00:00,2026-09-25 15:09:27.361313+00:00,2026-09-25 15:09:27.362313+00:00,2026-09-25 15:09:27.363313+00:00,2026-09-25 15:09:27.364313+00:00,2026-09-25 15:09:27.365313+00:00,2026-09-25 15:09:27.388315+00:00,2026-09-25 15:09:27.378314+00:00,2026-09-25 15:09:27.368314+00:00,2026-09-25 15:09:27.369314+00:00,2026-09-25 15:09:27.370314+00:00,2026-09-25 15:09:27.371314+00:00,2026-09-25 15:09:27.372314+00:00,2026-09-25 15:09:27.373314+00:00,2026-09-25 15:09:27.396315+00:00,2026-09-25 15:09:27.375314+00:00,2026-09-25 15:09:27.376314+00:00,2026-09-25 15:09:27.366314+00:00,2026-09-25 15:09:27.367314+00:00,2026-09-25 15:09:27.379314+00:00,2026-09-25 15:09:27.380314+00:00,2026-09-25 15:09:27.381314+00:00,2026-09-25 15:09:27.382314+00:00,2026-09-25 15:09:27.383314+00:00,2026-09-25 15:09:27.384315+00:00,2026-09-25 15:09:27.374314+00:00,2026-09-25 15:09:27.386315+00:00,2026-09-25 15:09:27.387315+00:00,2026-09-25 15:09:27.377314+00:00,2026-09-25 15:09:27.389315+00:00,2026-09-25 15:09:27.390315+00:00,2026-09-25 15:09:27.391315+00:00,2026-09-25 15:09:27.392315+00:00,2026-09-25 15:09:27.393315+00:00,2026-09-25 15:09:27.394315+00:00,2026-09-25 15:09:27.395315+00:00,2026-09-25 15:09:27.385315+00:00,2026-09-25 15:09:27.397315+00:00,2026-09-25 15:09:27.398315+00:00,2026-09-25 15:09:27.399315+00:00,2026-09-25 15:09:27.400315+00:00,2026-09-25 15:09:27.401316+00:00,2026-09-25 15:09:27.402316+00:00,2026-09-25 15:09:27.414316+00:00,2026-09-25 15:09:27.404316+00:00,2026-09-25 15:09:27.405316+00:00,2026-09-25 15:09:27.406316+00:00,2026-09-25 15:09:27.418316+00:00,2026-09-25 15:09:27.408316+00:00,2026-09-25 15:09:27.409316+00:00,2026-09-25 15:09:27.410316+00:00,2026-09-25 15:09:27.411316+00:00,2026-09-25 15:09:27.412316+00:00,2026-09-25 15:09:27.413316+00:00,2026-09-25 15:09:27.403316+00:00,2026-09-25 15:09:27.415316+00:00,2026-09-25 15:09:27.427317+00:00,2026-09-25 15:09:27.417316+00:00,2026-09-25 15:09:27.407316+00:00,2026-09-25 15:09:27.419317+00:00,2026-09-25 15:09:27.420317+00:00,2026-09-25 15:09:27.421317+00:00,2026-09-25 15:09:27.422317+00:00,2026-09-25 15:09:27.423317+00:00,2026-09-25 15:09:27.424317+00:00,2026-09-25 15:09:27.425317+00:00,2026-09-25 15:09:27.426317+00:00,2026-09-25 15:09:27.416316+00:00,2026-09-25 15:09:27.428317+00:00,2026-09-25 15:09:27.429317+00:00,2026-09-25 15:09:27.430317+00:00,2026-09-25 15:09:27.431317+00:00,2026-09-25 15:09:27.432317+00:00,2026-09-25 15:09:27.433317+00:00,2026-09-25 15:09:27.434317+00:00,2026-09-25 15:09:27.434317+00:00,0.377293,2.6504599873308012,182.34623091505793,True,False,True,False,False,False,True,False,False,True,True,True,False,False,False,False
114,2026-09-25 13:40:22.861245+00:00,2026-09-25 15:09:27.822340+00:00,90.006,True,False,False,False,False,False,True,False,True,False,False,False,False,False,False,False,True,False,True,True,False,False,False,False,True,True,False,False,False,True,False,False,False,False,False,False,False,False,True,True,False,False,False,True,True,True,False,False,False,False,False,False,False,False,False,True,False,True,False,False,True,True,False,True,False,False,False,False,True,True,True,False,False,False,False,False,False,False,False,0,0,0,0,2026-09-25 15:09:27.732334+00:00,2026-09-25 15:09:27.741335+00:00,2026-09-25 15:09:27.742335+00:00,2026-09-25 15:09:27.743335+00:00,2026-09-25 15:09:27.744335+00:00,2026-09-25 15:09:27.745335+00:00,2026-09-25 15:09:27.746335+00:00,2026-09-25 15:09:27.747335+00:00,2026-09-25 15:09:27.748335+00:00,2026-09-25 15:09:27.749335+00:00,2026-09-25 15:09:27.750335+00:00,2026-09-25 15:09:27.751336+00:00,2026-09-25 15:09:27.752336+00:00,2026-09-25 15:09:27.753336+00:00,2026-09-25 15:09:27.754336+00:00,2026-09-25 15:09:27.766336+00:00,2026-09-25 15:09:27.778337+00:00,2026-09-25 15:09:27.768337+00:00,2026-09-25 15:09:27.758336+00:00,2026-09-25 15:09:27.759336+00:00,2026-09-25 15:09:27.760336+00:00,2026-09-25 15:09:27.761336+00:00,2026-09-25 15:09:27.762336+00:00,2026-09-25 15:09:27.763336+00:00,2026-09-25 15:09:27.764336+00:00,2026-09-25 15:09:27.765336+00:00,2026-09-25 15:09:27.755336+00:00,2026-09-25 15:09:27.756336+00:00,2026-09-25 15:09:27.757336+00:00,2026-09-25 15:09:27.769337+00:00,2026-09-25 15:09:27.770337+00:00,2026-09-25 15:09:27.771337+00:00,2026-09-25 15:09:27.772337+00:00,2026-09-25 15:09:27.773337+00:00,2026-09-25 15:09:27.774337+00:00,2026-09-25 15:09:27.786338+00:00,2026-09-25 15:09:27.776337+00:00,2026-09-25 15:09:27.777337+00:00,2026-09-25 15:09:27.767336+00:00,2026-09-25 15:09:27.779337+00:00,2026-09-25 15:09:27.780337+00:00,2026-09-25 15:09:27.781337+00:00,2026-09-25 15:09:27.782337+00:00,2026-09-25 15:09:27.783337+00:00,2026-09-25 15:09:27.784337+00:00,2026-09-25 15:09:27.785337+00:00,2026-09-25 15:09:27.775337+00:00,2026-09-25 15:09:27.787338+00:00,2026-09-25 15:09:27.788338+00:00,2026-09-25 15:09:27.789338+00:00,2026-09-25 15:09:27.790338+00:00,2026-09-25 15:09:27.791338+00:00,2026-09-25 15:09:27.792338+00:00,2026-09-25 15:09:27.793338+00:00,2026-09-25 15:09:27.794338+00:00,2026-09-25 15:09:27.795338+00:00,2026-09-25 15:09:27.796338+00:00,2026-09-25 15:09:27.797338+00:00,2026-09-25 15:09:27.798338+00:00,2026-09-25 15:09:27.799338+00:00,2026-09-25 15:09:27.800338+00:00,2026-09-25 15:09:27.801338+00:00,2026-09-25 15:09:27.802338+00:00,2026-09-25 15:09:27.803339+00:00,2026-09-25 15:09:27.804339+00:00,2026-09-25 15:09:27.805339+00:00,2026-09-25 15:09:27.806339+00:00,2026-09-25 15:09:27.807339+00:00,2026-09-25 15:09:27.808339+00:00,2026-09-25 15:09:27.809339+00:00,2026-09-25 15:09:27.810339+00:00,2026-09-25 15:09:27.811339+00:00,2026-09-25 15:09:27.812339+00:00,2026-09-25 15:09:27.813339+00:00,2026-09-25 15:09:27.814339+00:00,2026-09-25 15:09:27.815339+00:00,2026-09-25 15:09:27.816339+00:00,2026-09-25 15:09:27.817339+00:00,2026-09-25 15:09:27.818339+00:00,2026-09-25 15:09:27.819339+00:00,2026-09-25 15:09:27.820339+00:00,2026-09-25 15:09:27.821340+00:00,2026-09-25 15:09:27.822340+00:00,2026-09-25 15:09:27.822340+00:00,0.365487,2.7360754281274025,182.3704027200461,True,False,True,False,False,False,True,False,False,True,True,True,False,False,False,False
115,2026-09-25 13:40:23.223428+00:00,2026-09-25 15:09:28.173360+00:00,85.005,True,False,False,False,False,False,True,False,True,False,False,False,False,False,False,False,True,False,True,True,False,False,False,False,True,True,False,False,False,True,False,False,False,False,False,False,False,False,True,True,False,False,False,True,True,True,False,False,False,False,False,False,False,False,False,True,False,True,False,False,True,True,False,True,False,False,False,False,True,True,True,False,False,False,False,False,False,False,False,0,0,0,0,2026-09-25 15:09:28.091355+00:00,2026-09-25 15:09:28.092355+00:00,2026-09-25 15:09:28.093355+00:00,2026-09-25 15:09:28.094355+00:00,2026-09-25 15:09:28.095355+00:00,2026-09-25 15:09:28.096355+00:00,2026-09-25 15:09:28.097355+00:00,2026-09-25 15:09:28.098355+00:00,2026-09-25 15:09:28.088355+00:00,2026-09-25 15:09:28.100355+00:00,2026-09-25 15:09:28.090355+00:00,2026-09-25 15:09:28.102356+00:00,2026-09-25 15:09:28.103356+00:00,2026-09-25 15:09:28.104356+00:00,2026-09-25 15:09:28.105356+00:00,2026-09-25 15:09:28.106356+00:00,2026-09-25 15:09:28.107356+00:00,2026-09-25 15:09:28.108356+00:00,2026-09-25 15:09:28.109356+00:00,2026-09-25 15:09:28.110356+00:00,2026-09-25 15:09:28.111356+00:00,2026-09-25 15:09:28.112356+00:00,2026-09-25 15:09:28.113356+00:00,2026-09-25 15:09:28.114356+00:00,2026-09-25 15:09:28.115356+00:00,2026-09-25 15:09:28.116356+00:00,2026-09-25 15:09:28.117356+00:00,2026-09-25 15:09:28.118357+00:00,2026-09-25 15:09:28.119357+00:00,2026-09-25 15:09:28.120357+00:00,2026-09-25 15:09:28.121357+00:00,2026-09-25 15:09:28.122357+00:00,2026-09-25 15:09:28.123357+00:00,2026-09-25 15:09:28.124357+00:00,2026-09-25 15:09:28.125357+00:00,2026-09-25 15:09:28.126357+00:00,2026-09-25 15:09:28.127357+00:00,2026-09-25 15:09:28.128357+00:00,2026-09-25 15:09:28.129357+00:00,2026-09-25 15:09:28.130357+00:00,2026-09-25 15:09:28.131357+00:00,2026-09-25 15:09:28.132357+00:00,2026-09-25 15:09:28.144358+00:00,2026-09-25 15:09:28.134357+00:00,2026-09-25 15:09:28.135358+00:00,2026-09-25 15:09:28.136358+00:00,2026-09-25 15:09:28.137358+00:00,2026-09-25 15:09:28.138358+00:00,2026-09-25 15:09:28.139358+00:00,2026-09-25 15:09:28.140358+00:00,2026-09-25 15:09:28.141358+00:00,2026-09-25 15:09:28.142358+00:00,2026-09-25 15:09:28.143358+00:00,2026-09-25 15:09:28.133357+00:00,2026-09-25 15:09:28.145358+00:00,2026-09-25 15:09:28.157359+00:00,2026-09-25 15:09:28.147358+00:00,2026-09-25 15:09:28.148358+00:00,2026-09-25 15:09:28.149358+00:00,2026-09-25 15:09:28.150358+00:00,2026-09-25 15:09:28.151358+00:00,2026-09-25 15:09:28.152358+00:00,2026-09-25 15:09:28.153359+00:00,2026-09-25 15:09:28.154359+00:00,2026-09-25 15:09:28.155359+00:00,2026-09-25 15:09:28.156359+00:00,2026-09-25 15:09:28.146358+00:00,2026-09-25 15:09:28.158359+00:00,2026-09-25 15:09:28.159359+00:00,2026-09-25 15:09:28.160359+00:00,2026-09-25 15:09:28.161359+00:00,2026-09-25 15:09:28.162359+00:00,2026-09-25 15:09:28.163359+00:00,2026-09-25 15:09:28.164359+00:00,2026-09-25 15:09:28.165359+00:00,2026-09-25 15:09:28.166359+00:00,2026-09-25 15:09:28.167359+00:00,2026-09-25 15:09:28.168359+00:00,2026-09-25 15:09:28.169359+00:00,2026-09-25 15:09:28.170360+00:00,2026-09-25 15:09:28.171360+00:00,2026-09-25 15:09:28.172360+00:00,2026-09-25 15:09:28.173360+00:00,2026-09-25 15:09:28.173360+00:00,0.362183,2.761035167304926,182.39017731802386,True,False,True,False,False,False,True,False,False,True,True,True,False,False,False,False
116,2026-09-25 13:40:23.584173+00:00,2026-09-25 15:09:28.540381+00:00,89.005,True,False,False,False,False,False,True,False,True,False,False,False,False,False,False,False,True,False,True,True,False,False,False,False,True,True,False,False,False,True,False,False,False,False,False,False,False,False,True,True,False,False,False,True,True,True,False,False,False,False,False,False,False,False,False,True,False,True,False,False,True,True,False,True,False,False,False,False,True,True,True,False,False,False,False,False,False,False,False,0,0,0,0,2026-09-25 15:09:28.451376+00:00,2026-09-25 15:09:28.459376+00:00,2026-09-25 15:09:28.460376+00:00,2026-09-25 15:09:28.461376+00:00,2026-09-25 15:09:28.462376+00:00,2026-09-25 15:09:28.463376+00:00,2026-09-25 15:09:28.464376+00:00,2026-09-25 15:09:28.465376+00:00,2026-09-25 15:09:28.466376+00:00,2026-09-25 15:09:28.467376+00:00,2026-09-25 15:09:28.468377+00:00,2026-09-25 15:09:28.469377+00:00,2026-09-25 15:09:28.470377+00:00,2026-09-25 15:09:28.471377+00:00,2026-09-25 15:09:28.472377+00:00,2026-09-25 15:09:28.473377+00:00,2026-09-25 15:09:28.474377+00:00,2026-09-25 15:09:28.475377+00:00,2026-09-25 15:09:28.476377+00:00,2026-09-25 15:09:28.488378+00:00,2026-09-25 15:09:28.478377+00:00,2026-09-25 15:09:28.479377+00:00,2026-09-25 15:09:28.480377+00:00,2026-09-25 15:09:28.481377+00:00,2026-09-25 15:09:28.482377+00:00,2026-09-25 15:09:28.483377+00:00,2026-09-25 15:09:28.484377+00:00,2026-09-25 15:09:28.485378+00:00,2026-09-25 15:09:28.486378+00:00,2026-09-25 15:09:28.487378+00:00,2026-09-25 15:09:28.477377+00:00,2026-09-25 15:09:28.489378+00:00,2026-09-25 15:09:28.490378+00:00,2026-09-25 15:09:28.491378+00:00,2026-09-25 15:09:28.492378+00:00,2026-09-25 15:09:28.493378+00:00,2026-09-25 15:09:28.494378+00:00,2026-09-25 15:09:28.495378+00:00,2026-09-25 15:09:28.496378+00:00,2026-09-25 15:09:28.497378+00:00,2026-09-25 15:09:28.498378+00:00,2026-09-25 15:09:28.499378+00:00,2026-09-25 15:09:28.500378+00:00,2026-09-25 15:09:28.501378+00:00,2026-09-25 15:09:28.502378+00:00,2026-09-25 15:09:28.503379+00:00,2026-09-25 15:09:28.504379+00:00,2026-09-25 15:09:28.505379+00:00,2026-09-25 15:09:28.506379+00:00,2026-09-25 15:09:28.507379+00:00,2026-09-25 15:09:28.508379+00:00,2026-09-25 15:09:28.509379+00:00,2026-09-25 15:09:28.510379+00:00,2026-09-25 15:09:28.511379+00:00,2026-09-25 15:09:28.512379+00:00,2026-09-25 15:09:28.513379+00:00,2026-09-25 15:09:28.525380+00:00,2026-09-25 15:09:28.515379+00:00,2026-09-25 15:09:28.516379+00:00,2026-09-25 15:09:28.517379+00:00,2026-09-25 15:09:28.518379+00:00,2026-09-25 15:09:28.519379+00:00,2026-09-25 15:09:28.520380+00:00,2026-09-25 15:09:28.521380+00:00,2026-09-25 15:09:28.522380+00:00,2026-09-25 15:09:28.523380+00:00,2026-09-25 15:09:28.524380+00:00,2026-09-25 15:09:28.514379+00:00,2026-09-25 15:09:28.526380+00:00,2026-09-25 15:09:28.527380+00:00,2026-09-25 15:09:28.528380+00:00,2026-09-25 15:09:28.529380+00:00,2026-09-25 15:09:28.530380+00:00,2026-09-25 15:09:28.531380+00:00,2026-09-25 15:09:28.532380+00:00,2026-09-25 15:09:28.533380+00:00,2026-09-25 15:09:28.534380+00:00,2026-09-25 15:09:28.535380+00:00,2026-09-25 15:09:28.536380+00:00,2026-09-25 15:09:28.537380+00:00,2026-09-25 15:09:28.538381+00:00,2026-09-25 15:09:28.539381+00:00,2026-09-25 15:09:28.540381+00:00,2026-09-25 15:09:28.540381+00:00,0.360745,2.772041192532121,182.40860474607217,True,False,True,False,False,False,True,False,False,True,True,True,False,False,False,False
117,2026-09-25 13:40:24.077531+00:00,2026-09-25 15:09:28.947404+00:00,126.007,True,False,False,False,False,False,True,False,True,False,False,False,False,False,False,False,True,False,True,True,False,False,False,False,True,True,False,False,False,True,False,False,False,False,False,False,False,False,True,True,False,False,False,True,True,True,False,False,False,False,False,False,False,False,False,True,False,True,False,False,True,True,False,True,False,False,False,False,True,True,True,False,False,False,False,False,False,False,False,0,0,0,0,2026-09-25 15:09:28.821397+00:00,2026-09-25 15:09:28.864399+00:00,2026-09-25 15:09:28.865399+00:00,2026-09-25 15:09:28.866399+00:00,2026-09-25 15:09:28.867399+00:00,2026-09-25 15:09:28.868399+00:00,2026-09-25 15:09:28.869399+00:00,2026-09-25 15:09:28.870400+00:00,2026-09-25 15:09:28.871400+00:00,2026-09-25 15:09:28.872400+00:00,2026-09-25 15:09:28.873400+00:00,2026-09-25 15:09:28.874400+00:00,2026-09-25 15:09:28.876400+00:00,2026-09-25 15:09:28.875400+00:00,2026-09-25 15:09:28.877400+00:00,2026-09-25 15:09:28.878400+00:00,2026-09-25 15:09:28.879400+00:00,2026-09-25 15:09:28.880400+00:00,2026-09-25 15:09:28.881400+00:00,2026-09-25 15:09:28.882400+00:00,2026-09-25 15:09:28.884400+00:00,2026-09-25 15:09:28.885400+00:00,2026-09-25 15:09:28.897401+00:00,2026-09-25 15:09:28.887401+00:00,2026-09-25 15:09:28.888401+00:00,2026-09-25 15:09:28.889401+00:00,2026-09-25 15:09:28.890401+00:00,2026-09-25 15:09:28.891401+00:00,2026-09-25 15:09:28.903401+00:00,2026-09-25 15:09:28.893401+00:00,2026-09-25 15:09:28.894401+00:00,2026-09-25 15:09:28.895401+00:00,2026-09-25 15:09:28.896401+00:00,2026-09-25 15:09:28.886400+00:00,2026-09-25 15:09:28.898401+00:00,2026-09-25 15:09:28.899401+00:00,2026-09-25 15:09:28.900401+00:00,2026-09-25 15:09:28.901401+00:00,2026-09-25 15:09:28.902401+00:00,2026-09-25 15:09:28.892401+00:00,2026-09-25 15:09:28.904401+00:00,2026-09-25 15:09:28.905402+00:00,2026-09-25 15:09:28.906402+00:00,2026-09-25 15:09:28.907402+00:00,2026-09-25 15:09:28.908402+00:00,2026-09-25 15:09:28.909402+00:00,2026-09-25 15:09:28.910402+00:00,2026-09-25 15:09:28.911402+00:00,2026-09-25 15:09:28.912402+00:00,2026-09-25 15:09:28.913402+00:00,2026-09-25 15:09:28.914402+00:00,2026-09-25 15:09:28.926403+00:00,2026-09-25 15:09:28.916402+00:00,2026-09-25 15:09:28.917402+00:00,2026-09-25 15:09:28.918402+00:00,2026-09-25 15:09:28.919402+00:00,2026-09-25 15:09:28.920402+00:00,2026-09-25 15:09:28.932403+00:00,2026-09-25 15:09:28.922403+00:00,2026-09-25 15:09:28.923403+00:00,2026-09-25 15:09:28.924403+00:00,2026-09-25 15:09:28.925403+00:00,2026-09-25 15:09:28.915402+00:00,2026-09-25 15:09:28.927403+00:00,2026-09-25 15:09:28.928403+00:00,2026-09-25 15:09:28.929403+00:00,2026-09-25 15:09:28.930403+00:00,2026-09-25 15:09:28.942404+00:00,2026-09-25 15:09:28.921402+00:00,2026-09-25 15:09:28.933403+00:00,2026-09-25 15:09:28.934403+00:00,2026-09-25 15:09:28.935403+00:00,2026-09-25 15:09:28.936403+00:00,2026-09-25 15:09:28.937403+00:00,2026-09-25 15:09:28.938403+00:00,2026-09-25 15:09:28.939403+00:00,2026-09-25 15:09:28.940404+00:00,2026-09-25 15:09:28.941404+00:00,2026-09-25 15:09:28.943404+00:00,2026-09-25 15:09:28.944404+00:00,2026-09-25 15:09:28.945404+00:00,2026-09-25 15:09:28.946404+00:00,2026-09-25 15:09:28.947404+00:00,2026-09-25 15:09:28.947404+00:00,0.493358,2.02692568074299,182.42620958897265,True,False,True,False,False,False,True,False,False,True,True,True,False,False,False,False
118,2026-09-25 13:40:24.447491+00:00,2026-09-25 15:09:29.408430+00:00,105.006,True,False,False,False,False,False,True,False,True,False,False,False,False,False,False,False,True,False,True,True,False,False,False,False,True,True,False,False,True,True,False,False,False,False,True,False,False,False,False,False,True,False,False,True,True,True,False,False,False,False,False,False,False,False,False,True,False,True,False,False,True,True,False,True,False,False,False,False,True,True,True,False,False,False,False,False,False,False,False,0,0,0,0,2026-09-25 15:09:29.303424+00:00,2026-09-25 15:09:29.325426+00:00,2026-09-25 15:09:29.326426+00:00,2026-09-25 15:09:29.327426+00:00,2026-09-25 15:09:29.328426+00:00,2026-09-25 15:09:29.329426+00:00,2026-09-25 15:09:29.330426+00:00,2026-09-25 15:09:29.331426+00:00,2026-09-25 15:09:29.332426+00:00,2026-09-25 15:09:29.333426+00:00,2026-09-25 15:09:29.334426+00:00,2026-09-25 15:09:29.335426+00:00,2026-09-25 15:09:29.336426+00:00,2026-09-25 15:09:29.337426+00:00,2026-09-25 15:09:29.338426+00:00,2026-09-25 15:09:29.339426+00:00,2026-09-25 15:09:29.340426+00:00,2026-09-25 15:09:29.341426+00:00,2026-09-25 15:09:29.342427+00:00,2026-09-25 15:09:29.343427+00:00,2026-09-25 15:09:29.344427+00:00,2026-09-25 15:09:29.345427+00:00,2026-09-25 15:09:29.346427+00:00,2026-09-25 15:09:29.347427+00:00,2026-09-25 15:09:29.348427+00:00,2026-09-25 15:09:29.349427+00:00,2026-09-25 15:09:29.351427+00:00,2026-09-25 15:09:29.364428+00:00,2026-09-25 15:09:29.354427+00:00,2026-09-25 15:09:29.366428+00:00,2026-09-25 15:09:29.356427+00:00,2026-09-25 15:09:29.357427+00:00,2026-09-25 15:09:29.358427+00:00,2026-09-25 15:09:29.359428+00:00,2026-09-25 15:09:29.360428+00:00,2026-09-25 15:09:29.361428+00:00,2026-09-25 15:09:29.362428+00:00,2026-09-25 15:09:29.363428+00:00,2026-09-25 15:09:29.353427+00:00,2026-09-25 15:09:29.365428+00:00,2026-09-25 15:09:29.355427+00:00,2026-09-25 15:09:29.367428+00:00,2026-09-25 15:09:29.379429+00:00,2026-09-25 15:09:29.369428+00:00,2026-09-25 15:09:29.370428+00:00,2026-09-25 15:09:29.371428+00:00,2026-09-25 15:09:29.372428+00:00,2026-09-25 15:09:29.373428+00:00,2026-09-25 15:09:29.374428+00:00,2026-09-25 15:09:29.375428+00:00,2026-09-25 15:09:29.376428+00:00,2026-09-25 15:09:29.377429+00:00,2026-09-25 15:09:29.378429+00:00,2026-09-25 15:09:29.368428+00:00,2026-09-25 15:09:29.380429+00:00,2026-09-25 15:09:29.381429+00:00,2026-09-25 15:09:29.382429+00:00,2026-09-25 15:09:29.383429+00:00,2026-09-25 15:09:29.384429+00:00,2026-09-25 15:09:29.385429+00:00,2026-09-25 15:09:29.386429+00:00,2026-09-25 15:09:29.387429+00:00,2026-09-25 15:09:29.388429+00:00,2026-09-25 15:09:29.389429+00:00,2026-09-25 15:09:29.390429+00:00,2026-09-25 15:09:29.391429+00:00,2026-09-25 15:09:29.392429+00:00,2026-09-25 15:09:29.393429+00:00,2026-09-25 15:09:29.405430+00:00,2026-09-25 15:09:29.395430+00:00,2026-09-25 15:09:29.396430+00:00,2026-09-25 15:09:29.397430+00:00,2026-09-25 15:09:29.398430+00:00,2026-09-25 15:09:29.399430+00:00,2026-09-25 15:09:29.400430+00:00,2026-09-25 15:09:29.401430+00:00,2026-09-25 15:09:29.402430+00:00,2026-09-25 15:09:29.403430+00:00,2026-09-25 15:09:29.404430+00:00,2026-09-25 15:09:29.394430+00:00,2026-09-25 15:09:29.406430+00:00,2026-09-25 15:09:29.407430+00:00,2026-09-25 15:09:29.408430+00:00,2026-09-25 15:09:29.408430+00:00,0.36996,2.702994918369553,182.4423659841253,True,False,True,False,False,False,True,False,False,True,True,True,False,False,False,False
119,2026-09-25 13:40:24.837464+00:00,2026-09-25 15:09:29.779452+00:00,111.007,True,False,False,False,False,False,True,False,True,False,False,False,False,False,False,False,True,False,True,True,False,False,False,False,True,True,False,False,True,True,False,False,False,False,True,False,False,False,False,True,True,False,False,True,True,True,False,False,False,False,False,False,False,False,False,True,False,True,False,False,True,True,False,True,False,False,False,False,True,True,True,False,False,False,False,False,False,False,False,0,0,0,0,2026-09-25 15:09:29.668445+00:00,2026-09-25 15:09:29.696447+00:00,2026-09-25 15:09:29.697447+00:00,2026-09-25 15:09:29.698447+00:00,2026-09-25 15:09:29.699447+00:00,2026-09-25 15:09:29.700447+00:00,2026-09-25 15:09:29.701447+00:00,2026-09-25 15:09:29.702447+00:00,2026-09-25 15:09:29.703447+00:00,2026-09-25 15:09:29.704447+00:00,2026-09-25 15:09:29.705447+00:00,2026-09-25 15:09:29.706447+00:00,2026-09-25 15:09:29.707447+00:00,2026-09-25 15:09:29.708447+00:00,2026-09-25 15:09:29.709448+00:00,2026-09-25 15:09:29.710448+00:00,2026-09-25 15:09:29.711448+00:00,2026-09-25 15:09:29.712448+00:00,2026-09-25 15:09:29.713448+00:00,2026-09-25 15:09:29.714448+00:00,2026-09-25 15:09:29.715448+00:00,2026-09-25 15:09:29.716448+00:00,2026-09-25 15:09:29.717448+00:00,2026-09-25 15:09:29.718448+00:00,2026-09-25 15:09:29.719448+00:00,2026-09-25 15:09:29.720448+00:00,2026-09-25 15:09:29.721448+00:00,2026-09-25 15:09:29.722448+00:00,2026-09-25 15:09:29.723448+00:00,2026-09-25 15:09:29.724448+00:00,2026-09-25 15:09:29.736449+00:00,2026-09-25 15:09:29.726449+00:00,2026-09-25 15:09:29.727449+00:00,2026-09-25 15:09:29.728449+00:00,2026-09-25 15:09:29.740449+00:00,2026-09-25 15:09:29.730449+00:00,2026-09-25 15:09:29.731449+00:00,2026-09-25 15:09:29.732449+00:00,2026-09-25 15:09:29.733449+00:00,2026-09-25 15:09:29.734449+00:00,2026-09-25 15:09:29.735449+00:00,2026-09-25 15:09:29.725448+00:00,2026-09-25 15:09:29.737449+00:00,2026-09-25 15:09:29.738449+00:00,2026-09-25 15:09:29.739449+00:00,2026-09-25 15:09:29.729449+00:00,2026-09-25 15:09:29.752450+00:00,2026-09-25 15:09:29.742449+00:00,2026-09-25 15:09:29.743449+00:00,2026-09-25 15:09:29.744450+00:00,2026-09-25 15:09:29.745450+00:00,2026-09-25 15:09:29.746450+00:00,2026-09-25 15:09:29.747450+00:00,2026-09-25 15:09:29.748450+00:00,2026-09-25 15:09:29.749450+00:00,2026-09-25 15:09:29.750450+00:00,2026-09-25 15:09:29.751450+00:00,2026-09-25 15:09:29.741449+00:00,2026-09-25 15:09:29.753450+00:00,2026-09-25 15:09:29.754450+00:00,2026-09-25 15:09:29.756450+00:00,2026-09-25 15:09:29.769451+00:00,2026-09-25 15:09:29.759450+00:00,2026-09-25 15:09:29.760450+00:00,2026-09-25 15:09:29.761451+00:00,2026-09-25 15:09:29.762451+00:00,2026-09-25 15:09:29.763451+00:00,2026-09-25 15:09:29.764451+00:00,2026-09-25 15:09:29.765451+00:00,2026-09-25 15:09:29.766451+00:00,2026-09-25 15:09:29.767451+00:00,2026-09-25 15:09:29.768451+00:00,2026-09-25 15:09:29.758450+00:00,2026-09-25 15:09:29.770451+00:00,2026-09-25 15:09:29.771451+00:00,2026-09-25 15:09:29.772451+00:00,2026-09-25 15:09:29.773451+00:00,2026-09-25 15:09:29.774451+00:00,2026-09-25 15:09:29.775451+00:00,2026-09-25 15:09:29.776451+00:00,2026-09-25 15:09:29.777451+00:00,2026-09-25 15:09:29.778451+00:00,2026-09-25 15:09:29.779452+00:00,2026-09-25 15:09:29.779452+00:00,0.389973,2.5642800911858,182.45231270223053,True,False,True,False,False,False,True,False,False,True,True,True,False,False,False,False
120,2026-09-25 13:40:25.199736+00:00,2026-09-25 15:09:30.138472+00:00,85.005,True,False,False,False,False,False,True,False,True,False,False,False,False,False,False,False,True,False,True,True,False,False,False,False,True,True,False,False,True,True,False,False,False,False,True,False,False,False,False,True,True,False,False,True,True,True,False,False,False,False,False,False,False,False,False,True,False,True,False,False,True,True,False,True,False,False,False,False,True,True,True,False,False,False,False,False,False,False,False,0,0,0,0,2026-09-25 15:09:30.053467+00:00,2026-09-25 15:09:30.057467+00:00,2026-09-25 15:09:30.058467+00:00,2026-09-25 15:09:30.070468+00:00,2026-09-25 15:09:30.060468+00:00,2026-09-25 15:09:30.061468+00:00,2026-09-25 15:09:30.062468+00:00,2026-09-25 15:09:30.063468+00:00,2026-09-25 15:09:30.064468+00:00,2026-09-25 15:09:30.065468+00:00,2026-09-25 15:09:30.066468+00:00,2026-09-25 15:09:30.067468+00:00,2026-09-25 15:09:30.068468+00:00,2026-09-25 15:09:30.069468+00:00,2026-09-25 15:09:30.059468+00:00,2026-09-25 15:09:30.071468+00:00,2026-09-25 15:09:30.072468+00:00,2026-09-25 15:09:30.073468+00:00,2026-09-25 15:09:30.074468+00:00,2026-09-25 15:09:30.075468+00:00,2026-09-25 15:09:30.076469+00:00,2026-09-25 15:09:30.077469+00:00,2026-09-25 15:09:30.078469+00:00,2026-09-25 15:09:30.079469+00:00,2026-09-25 15:09:30.080469+00:00,2026-09-25 15:09:30.081469+00:00,2026-09-25 15:09:30.082469+00:00,2026-09-25 15:09:30.083469+00:00,2026-09-25 15:09:30.084469+00:00,2026-09-25 15:09:30.085469+00:00,2026-09-25 15:09:30.086469+00:00,2026-09-25 15:09:30.087469+00:00,2026-09-25 15:09:30.088469+00:00,2026-09-25 15:09:30.089469+00:00,2026-09-25 15:09:30.090469+00:00,2026-09-25 15:09:30.091469+00:00,2026-09-25 15:09:30.092469+00:00,2026-09-25 15:09:30.093469+00:00,2026-09-25 15:09:30.094470+00:00,2026-09-25 15:09:30.095470+00:00,2026-09-25 15:09:30.096470+00:00,2026-09-25 15:09:30.097470+00:00,2026-09-25 15:09:30.098470+00:00,2026-09-25 15:09:30.099470+00:00,2026-09-25 15:09:30.100470+00:00,2026-09-25 15:09:30.101470+00:00,2026-09-25 15:09:30.102470+00:00,2026-09-25 15:09:30.103470+00:00,2026-09-25 15:09:30.104470+00:00,2026-09-25 15:09:30.105470+00:00,2026-09-25 15:09:30.106470+00:00,2026-09-25 15:09:30.107470+00:00,2026-09-25 15:09:30.108470+00:00,2026-09-25 15:09:30.120471+00:00,2026-09-25 15:09:30.110470+00:00,2026-09-25 15:09:30.111471+00:00,2026-09-25 15:09:30.112471+00:00,2026-09-25 15:09:30.113471+00:00,2026-09-25 15:09:30.114471+00:00,2026-09-25 15:09:30.126471+00:00,2026-09-25 15:09:30.116471+00:00,2026-09-25 15:09:30.117471+00:00,2026-09-25 15:09:30.118471+00:00,2026-09-25 15:09:30.119471+00:00,2026-09-25 15:09:30.109470+00:00,2026-09-25 15:09:30.121471+00:00,2026-09-25 15:09:30.122471+00:00,2026-09-25 15:09:30.123471+00:00,2026-09-25 15:09:30.124471+00:00,2026-09-25 15:09:30.125471+00:00,2026-09-25 15:09:30.115471+00:00,2026-09-25 15:09:30.127471+00:00,2026-09-25 15:09:30.128472+00:00,2026-09-25 15:09:30.129472+00:00,2026-09-25 15:09:30.130472+00:00,2026-09-25 15:09:30.131472+00:00,2026-09-25 15:09:30.132472+00:00,2026-09-25 15:09:30.133472+00:00,2026-09-25 15:09:30.134472+00:00,2026-09-25 15:09:30.135472+00:00,2026-09-25 15:09:30.136472+00:00,2026-09-25 15:09:30.137472+00:00,2026-09-25 15:09:30.138472+00:00,2026-09-25 15:09:30.138472+00:00,0.362272,2.760356858934723,182.4592400560751,True,False,True,False,False,False,True,False,False,True,True,True,False,False,False,False
121,2026-09-25 13:40:25.562560+00:00,2026-09-25 15:09:30.523494+00:00,97.005,True,False,False,False,False,False,True,False,True,False,False,False,False,False,False,False,True,False,True,True,False,False,False,False,True,True,False,False,True,True,False,False,False,False,True,False,False,False,False,True,True,False,False,True,True,True,False,False,False,False,False,False,False,False,False,True,False,True,False,False,True,True,False,True,False,False,False,False,True,True,True,False,False,False,False,False,False,False,False,0,0,0,0,2026-09-25 15:09:30.426489+00:00,2026-09-25 15:09:30.440489+00:00,2026-09-25 15:09:30.441489+00:00,2026-09-25 15:09:30.443490+00:00,2026-09-25 15:09:30.445490+00:00,2026-09-25 15:09:30.446490+00:00,2026-09-25 15:09:30.447490+00:00,2026-09-25 15:09:30.448490+00:00,2026-09-25 15:09:30.460490+00:00,2026-09-25 15:09:30.450490+00:00,2026-09-25 15:09:30.451490+00:00,2026-09-25 15:09:30.452490+00:00,2026-09-25 15:09:30.453490+00:00,2026-09-25 15:09:30.454490+00:00,2026-09-25 15:09:30.455490+00:00,2026-09-25 15:09:30.456490+00:00,2026-09-25 15:09:30.457490+00:00,2026-09-25 15:09:30.458490+00:00,2026-09-25 15:09:30.459490+00:00,2026-09-25 15:09:30.449490+00:00,2026-09-25 15:09:30.461491+00:00,2026-09-25 15:09:30.462491+00:00,2026-09-25 15:09:30.463491+00:00,2026-09-25 15:09:30.464491+00:00,2026-09-25 15:09:30.465491+00:00,2026-09-25 15:09:30.466491+00:00,2026-09-25 15:09:30.467491+00:00,2026-09-25 15:09:30.468491+00:00,2026-09-25 15:09:30.469491+00:00,2026-09-25 15:09:30.470491+00:00,2026-09-25 15:09:30.471491+00:00,2026-09-25 15:09:30.472491+00:00,2026-09-25 15:09:30.473491+00:00,2026-09-25 15:09:30.474491+00:00,2026-09-25 15:09:30.475491+00:00,2026-09-25 15:09:30.476491+00:00,2026-09-25 15:09:30.477491+00:00,2026-09-25 15:09:30.478492+00:00,2026-09-25 15:09:30.479492+00:00,2026-09-25 15:09:30.480492+00:00,2026-09-25 15:09:30.481492+00:00,2026-09-25 15:09:30.482492+00:00,2026-09-25 15:09:30.483492+00:00,2026-09-25 15:09:30.484492+00:00,2026-09-25 15:09:30.485492+00:00,2026-09-25 15:09:30.486492+00:00,2026-09-25 15:09:30.487492+00:00,2026-09-25 15:09:30.488492+00:00,2026-09-25 15:09:30.489492+00:00,2026-09-25 15:09:30.490492+00:00,2026-09-25 15:09:30.491492+00:00,2026-09-25 15:09:30.492492+00:00,2026-09-25 15:09:30.493492+00:00,2026-09-25 15:09:30.494492+00:00,2026-09-25 15:09:30.495492+00:00,2026-09-25 15:09:30.496493+00:00,2026-09-25 15:09:30.497493+00:00,2026-09-25 15:09:30.498493+00:00,2026-09-25 15:09:30.499493+00:00,2026-09-25 15:09:30.500493+00:00,2026-09-25 15:09:30.501493+00:00,2026-09-25 15:09:30.502493+00:00,2026-09-25 15:09:30.503493+00:00,2026-09-25 15:09:30.504493+00:00,2026-09-25 15:09:30.505493+00:00,2026-09-25 15:09:30.506493+00:00,2026-09-25 15:09:30.507493+00:00,2026-09-25 15:09:30.508493+00:00,2026-09-25 15:09:30.509493+00:00,2026-09-25 15:09:30.510493+00:00,2026-09-25 15:09:30.511493+00:00,2026-09-25 15:09:30.512493+00:00,2026-09-25 15:09:30.513494+00:00,2026-09-25 15:09:30.514494+00:00,2026-09-25 15:09:30.515494+00:00,2026-09-25 15:09:30.516494+00:00,2026-09-25 15:09:30.517494+00:00,2026-09-25 15:09:30.518494+00:00,2026-09-25 15:09:30.519494+00:00,2026-09-25 15:09:30.520494+00:00,2026-09-25 15:09:30.521494+00:00,2026-09-25 15:09:30.522494+00:00,2026-09-25 15:09:30.523494+00:00,2026-09-25 15:09:30.523494+00:00,0.362824,2.756157255308359,182.463623297409,True,False,True,False,False,False,True,False,False,True,True,True,False,False,False,False
122,2026-09-25 13:40:25.962734+00:00,2026-09-25 15:09:30.923517+00:00,83.005,True,False,False,False,False,False,True,False,True,False,False,False,False,False,False,False,True,False,True,True,False,False,False,False,True,True,False,False,True,True,False,False,False,False,True,False,False,False,False,False,False,False,False,True,True,True,False,False,False,False,False,False,False,False,False,True,False,True,False,False,True,True,False,True,False,False,False,False,True,True,True,False,False,False,False,False,False,False,False,0,0,0,0,2026-09-25 15:09:30.840512+00:00,2026-09-25 15:09:30.841512+00:00,2026-09-25 15:09:30.842512+00:00,2026-09-25 15:09:30.843512+00:00,2026-09-25 15:09:30.844512+00:00,2026-09-25 15:09:30.856513+00:00,2026-09-25 15:09:30.846513+00:00,2026-09-25 15:09:30.847513+00:00,2026-09-25 15:09:30.848513+00:00,2026-09-25 15:09:30.849513+00:00,2026-09-25 15:09:30.850513+00:00,2026-09-25 15:09:30.851513+00:00,2026-09-25 15:09:30.852513+00:00,2026-09-25 15:09:30.853513+00:00,2026-09-25 15:09:30.854513+00:00,2026-09-25 15:09:30.855513+00:00,2026-09-25 15:09:30.845513+00:00,2026-09-25 15:09:30.857513+00:00,2026-09-25 15:09:30.858513+00:00,2026-09-25 15:09:30.859513+00:00,2026-09-25 15:09:30.860513+00:00,2026-09-25 15:09:30.861513+00:00,2026-09-25 15:09:30.873514+00:00,2026-09-25 15:09:30.863514+00:00,2026-09-25 15:09:30.864514+00:00,2026-09-25 15:09:30.876514+00:00,2026-09-25 15:09:30.877514+00:00,2026-09-25 15:09:30.878514+00:00,2026-09-25 15:09:30.868514+00:00,2026-09-25 15:09:30.880515+00:00,2026-09-25 15:09:30.870514+00:00,2026-09-25 15:09:30.871514+00:00,2026-09-25 15:09:30.872514+00:00,2026-09-25 15:09:30.862513+00:00,2026-09-25 15:09:30.874514+00:00,2026-09-25 15:09:30.875514+00:00,2026-09-25 15:09:30.865514+00:00,2026-09-25 15:09:30.866514+00:00,2026-09-25 15:09:30.867514+00:00,2026-09-25 15:09:30.879514+00:00,2026-09-25 15:09:30.869514+00:00,2026-09-25 15:09:30.881515+00:00,2026-09-25 15:09:30.882515+00:00,2026-09-25 15:09:30.883515+00:00,2026-09-25 15:09:30.884515+00:00,2026-09-25 15:09:30.885515+00:00,2026-09-25 15:09:30.886515+00:00,2026-09-25 15:09:30.887515+00:00,2026-09-25 15:09:30.888515+00:00,2026-09-25 15:09:30.889515+00:00,2026-09-25 15:09:30.901516+00:00,2026-09-25 15:09:30.891515+00:00,2026-09-25 15:09:30.903516+00:00,2026-09-25 15:09:30.893515+00:00,2026-09-25 15:09:30.894515+00:00,2026-09-25 15:09:30.895515+00:00,2026-09-25 15:09:30.896515+00:00,2026-09-25 15:09:30.897515+00:00,2026-09-25 15:09:30.898516+00:00,2026-09-25 15:09:30.899516+00:00,2026-09-25 15:09:30.900516+00:00,2026-09-25 15:09:30.890515+00:00,2026-09-25 15:09:30.902516+00:00,2026-09-25 15:09:30.892515+00:00,2026-09-25 15:09:30.904516+00:00,2026-09-25 15:09:30.905516+00:00,2026-09-25 15:09:30.906516+00:00,2026-09-25 15:09:30.907516+00:00,2026-09-25 15:09:30.908516+00:00,2026-09-25 15:09:30.909516+00:00,2026-09-25 15:09:30.910516+00:00,2026-09-25 15:09:30.923517+00:00,2026-09-25 15:09:30.913516+00:00,2026-09-25 15:09:30.914516+00:00,2026-09-25 15:09:30.915517+00:00,2026-09-25 15:09:30.916517+00:00,2026-09-25 15:09:30.917517+00:00,2026-09-25 15:09:30.918517+00:00,2026-09-25 15:09:30.919517+00:00,2026-09-25 15:09:30.920517+00:00,2026-09-25 15:09:30.921517+00:00,2026-09-25 15:09:30.922517+00:00,2026-09-25 15:09:30.912516+00:00,2026-09-25 15:09:30.923517+00:00,0.400174,2.4989129728568074,182.4647384353172,True,False,True,False,False,False,True,False,False,True,True,True,False,False,False,False
123,2026-09-25 13:40:26.355411+00:00,2026-09-25 15:09:31.312539+00:00,123.007,True,False,False,False,True,False,True,False,True,False,False,False,False,False,False,False,False,False,True,True,True,False,False,False,True,True,False,False,True,True,False,False,False,False,True,False,False,False,False,True,True,False,False,True,True,True,False,False,False,False,False,False,False,False,False,True,False,True,False,False,True,True,False,True,False,False,False,False,True,True,True,False,False,False,False,False,False,False,False,0,0,0,0,2026-09-25 15:09:31.189532+00:00,2026-09-25 15:09:31.230535+00:00,2026-09-25 15:09:31.231535+00:00,2026-09-25 15:09:31.232535+00:00,2026-09-25 15:09:31.233535+00:00,2026-09-25 15:09:31.234535+00:00,2026-09-25 15:09:31.235535+00:00,2026-09-25 15:09:31.236535+00:00,2026-09-25 15:09:31.237535+00:00,2026-09-25 15:09:31.238535+00:00,2026-09-25 15:09:31.239535+00:00,2026-09-25 15:09:31.240535+00:00,2026-09-25 15:09:31.241535+00:00,2026-09-25 15:09:31.242535+00:00,2026-09-25 15:09:31.243535+00:00,2026-09-25 15:09:31.244535+00:00,2026-09-25 15:09:31.245535+00:00,2026-09-25 15:09:31.246535+00:00,2026-09-25 15:09:31.247536+00:00,2026-09-25 15:09:31.248536+00:00,2026-09-25 15:09:31.249536+00:00,2026-09-25 15:09:31.250536+00:00,2026-09-25 15:09:31.251536+00:00,2026-09-25 15:09:31.252536+00:00,2026-09-25 15:09:31.253536+00:00,2026-09-25 15:09:31.254536+00:00,2026-09-25 15:09:31.255536+00:00,2026-09-25 15:09:31.257536+00:00,2026-09-25 15:09:31.258536+00:00,2026-09-25 15:09:31.259536+00:00,2026-09-25 15:09:31.260536+00:00,2026-09-25 15:09:31.261536+00:00,2026-09-25 15:09:31.262536+00:00,2026-09-25 15:09:31.263536+00:00,2026-09-25 15:09:31.264536+00:00,2026-09-25 15:09:31.265537+00:00,2026-09-25 15:09:31.266537+00:00,2026-09-25 15:09:31.267537+00:00,2026-09-25 15:09:31.268537+00:00,2026-09-25 15:09:31.269537+00:00,2026-09-25 15:09:31.270537+00:00,2026-09-25 15:09:31.271537+00:00,2026-09-25 15:09:31.272537+00:00,2026-09-25 15:09:31.273537+00:00,2026-09-25 15:09:31.274537+00:00,2026-09-25 15:09:31.275537+00:00,2026-09-25 15:09:31.276537+00:00,2026-09-25 15:09:31.277537+00:00,2026-09-25 15:09:31.278537+00:00,2026-09-25 15:09:31.279537+00:00,2026-09-25 15:09:31.280537+00:00,2026-09-25 15:09:31.281537+00:00,2026-09-25 15:09:31.282538+00:00,2026-09-25 15:09:31.283538+00:00,2026-09-25 15:09:31.284538+00:00,2026-09-25 15:09:31.285538+00:00,2026-09-25 15:09:31.286538+00:00,2026-09-25 15:09:31.287538+00:00,2026-09-25 15:09:31.299538+00:00,2026-09-25 15:09:31.300539+00:00,2026-09-25 15:09:31.290538+00:00,2026-09-25 15:09:31.291538+00:00,2026-09-25 15:09:31.292538+00:00,2026-09-25 15:09:31.293538+00:00,2026-09-25 15:09:31.294538+00:00,2026-09-25 15:09:31.295538+00:00,2026-09-25 15:09:31.296538+00:00,2026-09-25 15:09:31.297538+00:00,2026-09-25 15:09:31.298538+00:00,2026-09-25 15:09:31.288538+00:00,2026-09-25 15:09:31.289538+00:00,2026-09-25 15:09:31.312539+00:00,2026-09-25 15:09:31.302539+00:00,2026-09-25 15:09:31.303539+00:00,2026-09-25 15:09:31.304539+00:00,2026-09-25 15:09:31.305539+00:00,2026-09-25 15:09:31.306539+00:00,2026-09-25 15:09:31.307539+00:00,2026-09-25 15:09:31.308539+00:00,2026-09-25 15:09:31.309539+00:00,2026-09-25 15:09:31.310539+00:00,2026-09-25 15:09:31.311539+00:00,2026-09-25 15:09:31.301539+00:00,2026-09-25 15:09:31.312539+00:00,0.392677,2.546622287528936,182.4623712907844,True,False,True,False,False,False,True,False,False,True,True,True,False,False,False,False
124,2026-09-25 13:40:26.712222+00:00,2026-09-25 15:09:31.669560+00:00,96.006,True,False,False,False,True,False,True,False,True,False,False,False,False,False,False,False,False,False,True,False,True,False,False,False,True,True,False,False,True,True,False,False,False,False,True,False,False,False,False,True,True,False,False,True,True,True,False,False,False,False,False,False,False,False,False,True,False,True,False,False,True,True,False,True,False,False,False,False,True,True,True,False,False,False,False,False,False,False,False,0,0,0,0,2026-09-25 15:09:31.573554+00:00,2026-09-25 15:09:31.588555+00:00,2026-09-25 15:09:31.589555+00:00,2026-09-25 15:09:31.590555+00:00,2026-09-25 15:09:31.591555+00:00,2026-09-25 15:09:31.592555+00:00,2026-09-25 15:09:31.593555+00:00,2026-09-25 15:09:31.594555+00:00,2026-09-25 15:09:31.595555+00:00,2026-09-25 15:09:31.596555+00:00,2026-09-25 15:09:31.597556+00:00,2026-09-25 15:09:31.598556+00:00,2026-09-25 15:09:31.599556+00:00,2026-09-25 15:09:31.600556+00:00,2026-09-25 15:09:31.601556+00:00,2026-09-25 15:09:31.602556+00:00,2026-09-25 15:09:31.603556+00:00,2026-09-25 15:09:31.604556+00:00,2026-09-25 15:09:31.605556+00:00,2026-09-25 15:09:31.606556+00:00,2026-09-25 15:09:31.607556+00:00,2026-09-25 15:09:31.608556+00:00,2026-09-25 15:09:31.609556+00:00,2026-09-25 15:09:31.610556+00:00,2026-09-25 15:09:31.611556+00:00,2026-09-25 15:09:31.612556+00:00,2026-09-25 15:09:31.613556+00:00,2026-09-25 15:09:31.614557+00:00,2026-09-25 15:09:31.615557+00:00,2026-09-25 15:09:31.616557+00:00,2026-09-25 15:09:31.617557+00:00,2026-09-25 15:09:31.618557+00:00,2026-09-25 15:09:31.619557+00:00,2026-09-25 15:09:31.620557+00:00,2026-09-25 15:09:31.621557+00:00,2026-09-25 15:09:31.622557+00:00,2026-09-25 15:09:31.634558+00:00,2026-09-25 15:09:31.624557+00:00,2026-09-25 15:09:31.625557+00:00,2026-09-25 15:09:31.626557+00:00,2026-09-25 15:09:31.627557+00:00,2026-09-25 15:09:31.628557+00:00,2026-09-25 15:09:31.629557+00:00,2026-09-25 15:09:31.630557+00:00,2026-09-25 15:09:31.631557+00:00,2026-09-25 15:09:31.632558+00:00,2026-09-25 15:09:31.633558+00:00,2026-09-25 15:09:31.623557+00:00,2026-09-25 15:09:31.635558+00:00,2026-09-25 15:09:31.647558+00:00,2026-09-25 15:09:31.637558+00:00,2026-09-25 15:09:31.638558+00:00,2026-09-25 15:09:31.639558+00:00,2026-09-25 15:09:31.640558+00:00,2026-09-25 15:09:31.641558+00:00,2026-09-25 15:09:31.642558+00:00,2026-09-25 15:09:31.643558+00:00,2026-09-25 15:09:31.644558+00:00,2026-09-25 15:09:31.645558+00:00,2026-09-25 15:09:31.646558+00:00,2026-09-25 15:09:31.636558+00:00,2026-09-25 15:09:31.648558+00:00,2026-09-25 15:09:31.649559+00:00,2026-09-25 15:09:31.650559+00:00,2026-09-25 15:09:31.651559+00:00,2026-09-25 15:09:31.652559+00:00,2026-09-25 15:09:31.653559+00:00,2026-09-25 15:09:31.665559+00:00,2026-09-25 15:09:31.655559+00:00,2026-09-25 15:09:31.656559+00:00,2026-09-25 15:09:31.657559+00:00,2026-09-25 15:09:31.658559+00:00,2026-09-25 15:09:31.659559+00:00,2026-09-25 15:09:31.660559+00:00,2026-09-25 15:09:31.661559+00:00,2026-09-25 15:09:31.662559+00:00,2026-09-25 15:09:31.663559+00:00,2026-09-25 15:09:31.664559+00:00,2026-09-25 15:09:31.654559+00:00,2026-09-25 15:09:31.666559+00:00,2026-09-25 15:09:31.667560+00:00,2026-09-25 15:09:31.668560+00:00,2026-09-25 15:09:31.669560+00:00,2026-09-25 15:09:31.669560+00:00,0.356811,2.8026041798038737,182.4571361357193,True,False,True,False,False,False,True,False,False,True,True,True,False,False,False,False
125,2026-09-25 13:40:27.178819+00:00,2026-09-25 15:09:32.136586+00:00,102.005,True,False,False,False,True,False,True,False,True,False,False,False,False,False,False,False,False,False,True,False,True,False,False,False,True,True,False,False,True,True,False,False,False,False,True,False,False,False,False,True,True,False,False,True,True,True,False,False,False,False,False,False,False,False,False,True,False,True,False,False,True,True,False,True,False,False,False,False,True,True,True,False,False,False,False,False,False,False,False,0,0,0,0,2026-09-25 15:09:32.034581+00:00,2026-09-25 15:09:32.055582+00:00,2026-09-25 15:09:32.056582+00:00,2026-09-25 15:09:32.057582+00:00,2026-09-25 15:09:32.058582+00:00,2026-09-25 15:09:32.059582+00:00,2026-09-25 15:09:32.060582+00:00,2026-09-25 15:09:32.061582+00:00,2026-09-25 15:09:32.062582+00:00,2026-09-25 15:09:32.063582+00:00,2026-09-25 15:09:32.064582+00:00,2026-09-25 15:09:32.065582+00:00,2026-09-25 15:09:32.066582+00:00,2026-09-25 15:09:32.067582+00:00,2026-09-25 15:09:32.068582+00:00,2026-09-25 15:09:32.069583+00:00,2026-09-25 15:09:32.070583+00:00,2026-09-25 15:09:32.071583+00:00,2026-09-25 15:09:32.072583+00:00,2026-09-25 15:09:32.073583+00:00,2026-09-25 15:09:32.074583+00:00,2026-09-25 15:09:32.075583+00:00,2026-09-25 15:09:32.076583+00:00,2026-09-25 15:09:32.077583+00:00,2026-09-25 15:09:32.078583+00:00,2026-09-25 15:09:32.079583+00:00,2026-09-25 15:09:32.080583+00:00,2026-09-25 15:09:32.081583+00:00,2026-09-25 15:09:32.093584+00:00,2026-09-25 15:09:32.083583+00:00,2026-09-25 15:09:32.095584+00:00,2026-09-25 15:09:32.085583+00:00,2026-09-25 15:09:32.086583+00:00,2026-09-25 15:09:32.087584+00:00,2026-09-25 15:09:32.088584+00:00,2026-09-25 15:09:32.089584+00:00,2026-09-25 15:09:32.090584+00:00,2026-09-25 15:09:32.091584+00:00,2026-09-25 15:09:32.092584+00:00,2026-09-25 15:09:32.082583+00:00,2026-09-25 15:09:32.094584+00:00,2026-09-25 15:09:32.084583+00:00,2026-09-25 15:09:32.096584+00:00,2026-09-25 15:09:32.097584+00:00,2026-09-25 15:09:32.109585+00:00,2026-09-25 15:09:32.099584+00:00,2026-09-25 15:09:32.100584+00:00,2026-09-25 15:09:32.101584+00:00,2026-09-25 15:09:32.102584+00:00,2026-09-25 15:09:32.103584+00:00,2026-09-25 15:09:32.104585+00:00,2026-09-25 15:09:32.105585+00:00,2026-09-25 15:09:32.106585+00:00,2026-09-25 15:09:32.107585+00:00,2026-09-25 15:09:32.108585+00:00,2026-09-25 15:09:32.098584+00:00,2026-09-25 15:09:32.110585+00:00,2026-09-25 15:09:32.111585+00:00,2026-09-25 15:09:32.123586+00:00,2026-09-25 15:09:32.113585+00:00,2026-09-25 15:09:32.114585+00:00,2026-09-25 15:09:32.115585+00:00,2026-09-25 15:09:32.116585+00:00,2026-09-25 15:09:32.117585+00:00,2026-09-25 15:09:32.118585+00:00,2026-09-25 15:09:32.119585+00:00,2026-09-25 15:09:32.120585+00:00,2026-09-25 15:09:32.121586+00:00,2026-09-25 15:09:32.122586+00:00,2026-09-25 15:09:32.112585+00:00,2026-09-25 15:09:32.124586+00:00,2026-09-25 15:09:32.125586+00:00,2026-09-25 15:09:32.126586+00:00,2026-09-25 15:09:32.127586+00:00,2026-09-25 15:09:32.128586+00:00,2026-09-25 15:09:32.129586+00:00,2026-09-25 15:09:32.130586+00:00,2026-09-25 15:09:32.131586+00:00,2026-09-25 15:09:32.132586+00:00,2026-09-25 15:09:32.133586+00:00,2026-09-25 15:09:32.134586+00:00,2026-09-25 15:09:32.135586+00:00,2026-09-25 15:09:32.136586+00:00,2026-09-25 15:09:32.136586+00:00,0.466597,2.143177088579652,182.44577367674546,True,False,True,False,False,False,True,False,False,True,True,True,False,False,False,False
126,2026-09-25 13:40:27.601812+00:00,2026-09-25 15:09:32.512608+00:00,85.005,False,False,False,False,True,False,True,False,True,False,False,False,False,False,False,False,False,False,True,False,True,False,False,False,True,True,False,False,True,True,False,False,False,False,True,False,False,False,False,False,False,False,False,True,True,True,False,False,False,False,False,False,False,False,False,True,False,True,False,False,True,True,False,True,False,False,False,False,True,True,True,False,False,False,False,False,False,False,False,0,0,0,0,2026-09-25 15:09:32.427603+00:00,2026-09-25 15:09:32.428603+00:00,2026-09-25 15:09:32.429603+00:00,2026-09-25 15:09:32.430603+00:00,2026-09-25 15:09:32.431603+00:00,2026-09-25 15:09:32.432603+00:00,2026-09-25 15:09:32.433603+00:00,2026-09-25 15:09:32.434603+00:00,2026-09-25 15:09:32.436604+00:00,2026-09-25 15:09:32.449604+00:00,2026-09-25 15:09:32.438604+00:00,2026-09-25 15:09:32.439604+00:00,2026-09-25 15:09:32.440604+00:00,2026-09-25 15:09:32.442604+00:00,2026-09-25 15:09:32.443604+00:00,2026-09-25 15:09:32.455605+00:00,2026-09-25 15:09:32.445604+00:00,2026-09-25 15:09:32.446604+00:00,2026-09-25 15:09:32.458605+00:00,2026-09-25 15:09:32.448604+00:00,2026-09-25 15:09:32.437604+00:00,2026-09-25 15:09:32.450604+00:00,2026-09-25 15:09:32.451604+00:00,2026-09-25 15:09:32.452604+00:00,2026-09-25 15:09:32.453604+00:00,2026-09-25 15:09:32.454605+00:00,2026-09-25 15:09:32.444604+00:00,2026-09-25 15:09:32.456605+00:00,2026-09-25 15:09:32.457605+00:00,2026-09-25 15:09:32.447604+00:00,2026-09-25 15:09:32.459605+00:00,2026-09-25 15:09:32.460605+00:00,2026-09-25 15:09:32.461605+00:00,2026-09-25 15:09:32.462605+00:00,2026-09-25 15:09:32.463605+00:00,2026-09-25 15:09:32.464605+00:00,2026-09-25 15:09:32.465605+00:00,2026-09-25 15:09:32.466605+00:00,2026-09-25 15:09:32.467605+00:00,2026-09-25 15:09:32.468605+00:00,2026-09-25 15:09:32.469605+00:00,2026-09-25 15:09:32.470605+00:00,2026-09-25 15:09:32.483606+00:00,2026-09-25 15:09:32.473606+00:00,2026-09-25 15:09:32.474606+00:00,2026-09-25 15:09:32.486606+00:00,2026-09-25 15:09:32.476606+00:00,2026-09-25 15:09:32.477606+00:00,2026-09-25 15:09:32.478606+00:00,2026-09-25 15:09:32.479606+00:00,2026-09-25 15:09:32.480606+00:00,2026-09-25 15:09:32.481606+00:00,2026-09-25 15:09:32.482606+00:00,2026-09-25 15:09:32.471606+00:00,2026-09-25 15:09:32.484606+00:00,2026-09-25 15:09:32.485606+00:00,2026-09-25 15:09:32.475606+00:00,2026-09-25 15:09:32.487606+00:00,2026-09-25 15:09:32.488606+00:00,2026-09-25 15:09:32.489607+00:00,2026-09-25 15:09:32.490607+00:00,2026-09-25 15:09:32.491607+00:00,2026-09-25 15:09:32.492607+00:00,2026-09-25 15:09:32.493607+00:00,2026-09-25 15:09:32.494607+00:00,2026-09-25 15:09:32.495607+00:00,2026-09-25 15:09:32.496607+00:00,2026-09-25 15:09:32.497607+00:00,2026-09-25 15:09:32.498607+00:00,2026-09-25 15:09:32.499607+00:00,2026-09-25 15:09:32.500607+00:00,2026-09-25 15:09:32.501607+00:00,2026-09-25 15:09:32.502607+00:00,2026-09-25 15:09:32.503607+00:00,2026-09-25 15:09:32.504607+00:00,2026-09-25 15:09:32.505607+00:00,2026-09-25 15:09:32.506608+00:00,2026-09-25 15:09:32.507608+00:00,2026-09-25 15:09:32.508608+00:00,2026-09-25 15:09:32.509608+00:00,2026-09-25 15:09:32.510608+00:00,2026-09-25 15:09:32.511608+00:00,2026-09-25 15:09:32.512608+00:00,2026-09-25 15:09:32.512608+00:00,0.422993,2.3641053161636245,182.43284640509594,True,False,True,False,False,False,True,False,False,True,True,True,False,False,False,False
127,2026-09-25 13:40:27.964815+00:00,2026-09-25 15:09:32.921631+00:00,104.006,False,False,False,False,True,False,True,False,True,False,False,False,False,False,False,False,False,False,True,False,True,False,False,False,True,True,False,False,True,True,False,False,False,False,True,False,False,False,False,True,True,False,False,True,True,True,False,False,False,False,False,False,False,False,False,True,False,True,False,False,True,True,False,True,False,False,False,False,True,True,True,False,False,False,False,False,False,False,False,0,0,0,0,2026-09-25 15:09:32.817625+00:00,2026-09-25 15:09:32.836626+00:00,2026-09-25 15:09:32.837626+00:00,2026-09-25 15:09:32.838627+00:00,2026-09-25 15:09:32.839627+00:00,2026-09-25 15:09:32.840627+00:00,2026-09-25 15:09:32.841627+00:00,2026-09-25 15:09:32.842627+00:00,2026-09-25 15:09:32.843627+00:00,2026-09-25 15:09:32.844627+00:00,2026-09-25 15:09:32.868628+00:00,2026-09-25 15:09:32.847627+00:00,2026-09-25 15:09:32.848627+00:00,2026-09-25 15:09:32.849627+00:00,2026-09-25 15:09:32.850627+00:00,2026-09-25 15:09:32.851627+00:00,2026-09-25 15:09:32.852627+00:00,2026-09-25 15:09:32.853627+00:00,2026-09-25 15:09:32.854627+00:00,2026-09-25 15:09:32.855627+00:00,2026-09-25 15:09:32.856628+00:00,2026-09-25 15:09:32.846627+00:00,2026-09-25 15:09:32.858628+00:00,2026-09-25 15:09:32.859628+00:00,2026-09-25 15:09:32.860628+00:00,2026-09-25 15:09:32.861628+00:00,2026-09-25 15:09:32.862628+00:00,2026-09-25 15:09:32.863628+00:00,2026-09-25 15:09:32.864628+00:00,2026-09-25 15:09:32.865628+00:00,2026-09-25 15:09:32.866628+00:00,2026-09-25 15:09:32.867628+00:00,2026-09-25 15:09:32.857628+00:00,2026-09-25 15:09:32.869628+00:00,2026-09-25 15:09:32.870628+00:00,2026-09-25 15:09:32.871628+00:00,2026-09-25 15:09:32.872628+00:00,2026-09-25 15:09:32.873629+00:00,2026-09-25 15:09:32.874629+00:00,2026-09-25 15:09:32.875629+00:00,2026-09-25 15:09:32.877629+00:00,2026-09-25 15:09:32.878629+00:00,2026-09-25 15:09:32.879629+00:00,2026-09-25 15:09:32.880629+00:00,2026-09-25 15:09:32.881629+00:00,2026-09-25 15:09:32.882629+00:00,2026-09-25 15:09:32.883629+00:00,2026-09-25 15:09:32.884629+00:00,2026-09-25 15:09:32.885629+00:00,2026-09-25 15:09:32.886629+00:00,2026-09-25 15:09:32.887629+00:00,2026-09-25 15:09:32.888629+00:00,2026-09-25 15:09:32.889629+00:00,2026-09-25 15:09:32.890629+00:00,2026-09-25 15:09:32.891630+00:00,2026-09-25 15:09:32.905630+00:00,2026-09-25 15:09:32.906630+00:00,2026-09-25 15:09:32.907630+00:00,2026-09-25 15:09:32.908631+00:00,2026-09-25 15:09:32.898630+00:00,2026-09-25 15:09:32.899630+00:00,2026-09-25 15:09:32.900630+00:00,2026-09-25 15:09:32.901630+00:00,2026-09-25 15:09:32.902630+00:00,2026-09-25 15:09:32.903630+00:00,2026-09-25 15:09:32.904630+00:00,2026-09-25 15:09:32.892630+00:00,2026-09-25 15:09:32.894630+00:00,2026-09-25 15:09:32.896630+00:00,2026-09-25 15:09:32.897630+00:00,2026-09-25 15:09:32.909631+00:00,2026-09-25 15:09:32.910631+00:00,2026-09-25 15:09:32.911631+00:00,2026-09-25 15:09:32.912631+00:00,2026-09-25 15:09:32.913631+00:00,2026-09-25 15:09:32.914631+00:00,2026-09-25 15:09:32.915631+00:00,2026-09-25 15:09:32.916631+00:00,2026-09-25 15:09:32.917631+00:00,2026-09-25 15:09:32.918631+00:00,2026-09-25 15:09:32.919631+00:00,2026-09-25 15:09:32.920631+00:00,2026-09-25 15:09:32.921631+00:00,2026-09-25 15:09:32.921631+00:00,0.363003,2.754798169712096,182.41490609594038,True,False,True,False,False,False,True,False,False,True,True,True,False,False,False,False
128,2026-09-25 13:40:28.401852+00:00,2026-09-25 15:09:33.335655+00:00,91.005,False,False,False,False,True,False,True,False,True,False,False,False,False,False,False,False,False,False,True,False,False,False,False,False,True,True,False,False,True,True,False,False,False,False,True,False,False,False,False,True,True,False,False,True,True,True,False,False,False,False,False,False,False,False,False,True,False,True,False,False,True,True,False,True,False,False,False,False,True,True,True,False,False,False,False,False,False,False,False,0,0,0,0,2026-09-25 15:09:33.244650+00:00,2026-09-25 15:09:33.251650+00:00,2026-09-25 15:09:33.262651+00:00,2026-09-25 15:09:33.254650+00:00,2026-09-25 15:09:33.255650+00:00,2026-09-25 15:09:33.268651+00:00,2026-09-25 15:09:33.269651+00:00,2026-09-25 15:09:33.258651+00:00,2026-09-25 15:09:33.259651+00:00,2026-09-25 15:09:33.260651+00:00,2026-09-25 15:09:33.253650+00:00,2026-09-25 15:09:33.261651+00:00,2026-09-25 15:09:33.263651+00:00,2026-09-25 15:09:33.264651+00:00,2026-09-25 15:09:33.265651+00:00,2026-09-25 15:09:33.266651+00:00,2026-09-25 15:09:33.256650+00:00,2026-09-25 15:09:33.257650+00:00,2026-09-25 15:09:33.270651+00:00,2026-09-25 15:09:33.271651+00:00,2026-09-25 15:09:33.272651+00:00,2026-09-25 15:09:33.273651+00:00,2026-09-25 15:09:33.274651+00:00,2026-09-25 15:09:33.275652+00:00,2026-09-25 15:09:33.276652+00:00,2026-09-25 15:09:33.277652+00:00,2026-09-25 15:09:33.278652+00:00,2026-09-25 15:09:33.279652+00:00,2026-09-25 15:09:33.280652+00:00,2026-09-25 15:09:33.281652+00:00,2026-09-25 15:09:33.282652+00:00,2026-09-25 15:09:33.294653+00:00,2026-09-25 15:09:33.284652+00:00,2026-09-25 15:09:33.285652+00:00,2026-09-25 15:09:33.286652+00:00,2026-09-25 15:09:33.287652+00:00,2026-09-25 15:09:33.288652+00:00,2026-09-25 15:09:33.300653+00:00,2026-09-25 15:09:33.290652+00:00,2026-09-25 15:09:33.291652+00:00,2026-09-25 15:09:33.292652+00:00,2026-09-25 15:09:33.293653+00:00,2026-09-25 15:09:33.283652+00:00,2026-09-25 15:09:33.295653+00:00,2026-09-25 15:09:33.296653+00:00,2026-09-25 15:09:33.297653+00:00,2026-09-25 15:09:33.298653+00:00,2026-09-25 15:09:33.299653+00:00,2026-09-25 15:09:33.289652+00:00,2026-09-25 15:09:33.301653+00:00,2026-09-25 15:09:33.302653+00:00,2026-09-25 15:09:33.303653+00:00,2026-09-25 15:09:33.304653+00:00,2026-09-25 15:09:33.305653+00:00,2026-09-25 15:09:33.306653+00:00,2026-09-25 15:09:33.307653+00:00,2026-09-25 15:09:33.308653+00:00,2026-09-25 15:09:33.309653+00:00,2026-09-25 15:09:33.310654+00:00,2026-09-25 15:09:33.311654+00:00,2026-09-25 15:09:33.312654+00:00,2026-09-25 15:09:33.313654+00:00,2026-09-25 15:09:33.314654+00:00,2026-09-25 15:09:33.315654+00:00,2026-09-25 15:09:33.316654+00:00,2026-09-25 15:09:33.317654+00:00,2026-09-25 15:09:33.318654+00:00,2026-09-25 15:09:33.319654+00:00,2026-09-25 15:09:33.320654+00:00,2026-09-25 15:09:33.333655+00:00,2026-09-25 15:09:33.322654+00:00,2026-09-25 15:09:33.323654+00:00,2026-09-25 15:09:33.324654+00:00,2026-09-25 15:09:33.325654+00:00,2026-09-25 15:09:33.326654+00:00,2026-09-25 15:09:33.327654+00:00,2026-09-25 15:09:33.328655+00:00,2026-09-25 15:09:33.330655+00:00,2026-09-25 15:09:33.331655+00:00,2026-09-25 15:09:33.332655+00:00,2026-09-25 15:09:33.321654+00:00,2026-09-25 15:09:33.334655+00:00,2026-09-25 15:09:33.335655+00:00,2026-09-25 15:09:33.335655+00:00,0.437037,2.2881357871301513,182.39259293526246,True,False,False,False,False,False,True,False,False,True,True,True,False,False,False,False
129,2026-09-25 13:40:28.776938+00:00,2026-09-25 15:09:33.734678+00:00,117.007,False,False,False,False,True,False,True,False,True,True,False,False,False,False,False,False,False,False,False,False,False,False,False,False,True,True,False,False,True,True,False,False,False,False,True,False,False,False,False,True,True,False,False,True,True,True,False,False,False,False,False,False,False,False,False,True,False,True,False,False,True,True,False,True,False,False,False,False,True,True,True,False,False,False,False,False,False,False,False,0,0,0,0,2026-09-25 15:09:33.617671+00:00,2026-09-25 15:09:33.650673+00:00,2026-09-25 15:09:33.651673+00:00,2026-09-25 15:09:33.652673+00:00,2026-09-25 15:09:33.653673+00:00,2026-09-25 15:09:33.654673+00:00,2026-09-25 15:09:33.655673+00:00,2026-09-25 15:09:33.667674+00:00,2026-09-25 15:09:33.657673+00:00,2026-09-25 15:09:33.658673+00:00,2026-09-25 15:09:33.659673+00:00,2026-09-25 15:09:33.660674+00:00,2026-09-25 15:09:33.661674+00:00,2026-09-25 15:09:33.662674+00:00,2026-09-25 15:09:33.663674+00:00,2026-09-25 15:09:33.664674+00:00,2026-09-25 15:09:33.665674+00:00,2026-09-25 15:09:33.677675+00:00,2026-09-25 15:09:33.656673+00:00,2026-09-25 15:09:33.668674+00:00,2026-09-25 15:09:33.669674+00:00,2026-09-25 15:09:33.670674+00:00,2026-09-25 15:09:33.671674+00:00,2026-09-25 15:09:33.672674+00:00,2026-09-25 15:09:33.673674+00:00,2026-09-25 15:09:33.674674+00:00,2026-09-25 15:09:33.675674+00:00,2026-09-25 15:09:33.676674+00:00,2026-09-25 15:09:33.666674+00:00,2026-09-25 15:09:33.678675+00:00,2026-09-25 15:09:33.679675+00:00,2026-09-25 15:09:33.680675+00:00,2026-09-25 15:09:33.681675+00:00,2026-09-25 15:09:33.682675+00:00,2026-09-25 15:09:33.683675+00:00,2026-09-25 15:09:33.684675+00:00,2026-09-25 15:09:33.685675+00:00,2026-09-25 15:09:33.686675+00:00,2026-09-25 15:09:33.687675+00:00,2026-09-25 15:09:33.688675+00:00,2026-09-25 15:09:33.690675+00:00,2026-09-25 15:09:33.691675+00:00,2026-09-25 15:09:33.692675+00:00,2026-09-25 15:09:33.693675+00:00,2026-09-25 15:09:33.694675+00:00,2026-09-25 15:09:33.695676+00:00,2026-09-25 15:09:33.697676+00:00,2026-09-25 15:09:33.698676+00:00,2026-09-25 15:09:33.699676+00:00,2026-09-25 15:09:33.700676+00:00,2026-09-25 15:09:33.701676+00:00,2026-09-25 15:09:33.702676+00:00,2026-09-25 15:09:33.703676+00:00,2026-09-25 15:09:33.704676+00:00,2026-09-25 15:09:33.706676+00:00,2026-09-25 15:09:33.707676+00:00,2026-09-25 15:09:33.708676+00:00,2026-09-25 15:09:33.709676+00:00,2026-09-25 15:09:33.710676+00:00,2026-09-25 15:09:33.711676+00:00,2026-09-25 15:09:33.712677+00:00,2026-09-25 15:09:33.713677+00:00,2026-09-25 15:09:33.714677+00:00,2026-09-25 15:09:33.715677+00:00,2026-09-25 15:09:33.716677+00:00,2026-09-25 15:09:33.717677+00:00,2026-09-25 15:09:33.718677+00:00,2026-09-25 15:09:33.719677+00:00,2026-09-25 15:09:33.720677+00:00,2026-09-25 15:09:33.721677+00:00,2026-09-25 15:09:33.722677+00:00,2026-09-25 15:09:33.723677+00:00,2026-09-25 15:09:33.724677+00:00,2026-09-25 15:09:33.725677+00:00,2026-09-25 15:09:33.726677+00:00,2026-09-25 15:09:33.727677+00:00,2026-09-25 15:09:33.728677+00:00,2026-09-25 15:09:33.729677+00:00,2026-09-25 15:09:33.730678+00:00,2026-09-25 15:09:33.731678+00:00,2026-09-25 15:09:33.732678+00:00,2026-09-25 15:09:33.733678+00:00,2026-09-25 15:09:33.734678+00:00,2026-09-25 15:09:33.734678+00:00,0.375086,2.6660552513290288,182.36711069732144,True,False,True,False,False,False,True,False,False,True,True,True,False,False,False,False
130,2026-09-25 13:40:29.238127+00:00,2026-09-25 15:09:34.199704+00:00,89.005,False,False,False,False,True,False,True,False,True,True,False,False,False,False,False,False,False,False,False,False,False,False,False,False,True,True,False,False,True,True,False,False,False,False,True,False,False,False,False,False,False,False,False,True,True,True,False,False,False,False,False,False,False,False,False,True,False,True,False,False,True,True,False,True,False,False,False,False,True,True,True,False,False,False,False,False,False,False,False,0,0,0,0,2026-09-25 15:09:34.110699+00:00,2026-09-25 15:09:34.111699+00:00,2026-09-25 15:09:34.112699+00:00,2026-09-25 15:09:34.113699+00:00,2026-09-25 15:09:34.114700+00:00,2026-09-25 15:09:34.115700+00:00,2026-09-25 15:09:34.129700+00:00,2026-09-25 15:09:34.117700+00:00,2026-09-25 15:09:34.131700+00:00,2026-09-25 15:09:34.120700+00:00,2026-09-25 15:09:34.121700+00:00,2026-09-25 15:09:34.122700+00:00,2026-09-25 15:09:34.123700+00:00,2026-09-25 15:09:34.125700+00:00,2026-09-25 15:09:34.126700+00:00,2026-09-25 15:09:34.127700+00:00,2026-09-25 15:09:34.128700+00:00,2026-09-25 15:09:34.116700+00:00,2026-09-25 15:09:34.130700+00:00,2026-09-25 15:09:34.119700+00:00,2026-09-25 15:09:34.132701+00:00,2026-09-25 15:09:34.133701+00:00,2026-09-25 15:09:34.134701+00:00,2026-09-25 15:09:34.135701+00:00,2026-09-25 15:09:34.136701+00:00,2026-09-25 15:09:34.137701+00:00,2026-09-25 15:09:34.138701+00:00,2026-09-25 15:09:34.139701+00:00,2026-09-25 15:09:34.140701+00:00,2026-09-25 15:09:34.141701+00:00,2026-09-25 15:09:34.143701+00:00,2026-09-25 15:09:34.144701+00:00,2026-09-25 15:09:34.145701+00:00,2026-09-25 15:09:34.146701+00:00,2026-09-25 15:09:34.148701+00:00,2026-09-25 15:09:34.149702+00:00,2026-09-25 15:09:34.150702+00:00,2026-09-25 15:09:34.151702+00:00,2026-09-25 15:09:34.152702+00:00,2026-09-25 15:09:34.164702+00:00,2026-09-25 15:09:34.154702+00:00,2026-09-25 15:09:34.155702+00:00,2026-09-25 15:09:34.156702+00:00,2026-09-25 15:09:34.157702+00:00,2026-09-25 15:09:34.158702+00:00,2026-09-25 15:09:34.159702+00:00,2026-09-25 15:09:34.160702+00:00,2026-09-25 15:09:34.161702+00:00,2026-09-25 15:09:34.162702+00:00,2026-09-25 15:09:34.163702+00:00,2026-09-25 15:09:34.153702+00:00,2026-09-25 15:09:34.165702+00:00,2026-09-25 15:09:34.179703+00:00,2026-09-25 15:09:34.167703+00:00,2026-09-25 15:09:34.168703+00:00,2026-09-25 15:09:34.182703+00:00,2026-09-25 15:09:34.183703+00:00,2026-09-25 15:09:34.173703+00:00,2026-09-25 15:09:34.174703+00:00,2026-09-25 15:09:34.175703+00:00,2026-09-25 15:09:34.176703+00:00,2026-09-25 15:09:34.177703+00:00,2026-09-25 15:09:34.178703+00:00,2026-09-25 15:09:34.166702+00:00,2026-09-25 15:09:34.180703+00:00,2026-09-25 15:09:34.181703+00:00,2026-09-25 15:09:34.170703+00:00,2026-09-25 15:09:34.172703+00:00,2026-09-25 15:09:34.184704+00:00,2026-09-25 15:09:34.185704+00:00,2026-09-25 15:09:34.186704+00:00,2026-09-25 15:09:34.187704+00:00,2026-09-25 15:09:34.189704+00:00,2026-09-25 15:09:34.190704+00:00,2026-09-25 15:09:34.191704+00:00,2026-09-25 15:09:34.192704+00:00,2026-09-25 15:09:34.193704+00:00,2026-09-25 15:09:34.194704+00:00,2026-09-25 15:09:34.195704+00:00,2026-09-25 15:09:34.196704+00:00,2026-09-25 15:09:34.197704+00:00,2026-09-25 15:09:34.198704+00:00,2026-09-25 15:09:34.199704+00:00,2026-09-25 15:09:34.199704+00:00,0.461189,2.168308437538623,182.33247548515607,True,False,True,False,False,False,True,False,False,True,True,True,False,False,False,False
131,2026-09-25 13:40:29.636449+00:00,2026-09-25 15:09:34.585726+00:00,131.007,False,False,False,False,True,False,True,False,True,True,False,False,False,False,False,False,False,False,False,False,False,False,False,False,True,True,False,False,True,True,False,False,False,False,True,False,False,False,False,True,True,False,False,True,True,True,False,False,False,False,False,False,False,False,False,True,False,True,False,False,True,True,False,True,False,False,False,False,True,True,True,False,False,False,False,False,False,False,False,0,0,0,0,2026-09-25 15:09:34.454719+00:00,2026-09-25 15:09:34.460719+00:00,2026-09-25 15:09:34.461719+00:00,2026-09-25 15:09:34.463719+00:00,2026-09-25 15:09:34.464720+00:00,2026-09-25 15:09:34.465720+00:00,2026-09-25 15:09:34.466720+00:00,2026-09-25 15:09:34.488721+00:00,2026-09-25 15:09:34.489721+00:00,2026-09-25 15:09:34.490721+00:00,2026-09-25 15:09:34.491721+00:00,2026-09-25 15:09:34.492721+00:00,2026-09-25 15:09:34.493721+00:00,2026-09-25 15:09:34.494721+00:00,2026-09-25 15:09:34.495721+00:00,2026-09-25 15:09:34.496721+00:00,2026-09-25 15:09:34.486721+00:00,2026-09-25 15:09:34.487721+00:00,2026-09-25 15:09:34.468720+00:00,2026-09-25 15:09:34.471720+00:00,2026-09-25 15:09:34.473720+00:00,2026-09-25 15:09:34.475720+00:00,2026-09-25 15:09:34.477720+00:00,2026-09-25 15:09:34.479720+00:00,2026-09-25 15:09:34.481720+00:00,2026-09-25 15:09:34.483721+00:00,2026-09-25 15:09:34.485721+00:00,2026-09-25 15:09:34.497721+00:00,2026-09-25 15:09:34.498721+00:00,2026-09-25 15:09:34.499722+00:00,2026-09-25 15:09:34.501722+00:00,2026-09-25 15:09:34.538724+00:00,2026-09-25 15:09:34.539724+00:00,2026-09-25 15:09:34.540724+00:00,2026-09-25 15:09:34.541724+00:00,2026-09-25 15:09:34.542724+00:00,2026-09-25 15:09:34.543724+00:00,2026-09-25 15:09:34.544724+00:00,2026-09-25 15:09:34.545724+00:00,2026-09-25 15:09:34.535724+00:00,2026-09-25 15:09:34.536724+00:00,2026-09-25 15:09:34.537724+00:00,2026-09-25 15:09:34.503722+00:00,2026-09-25 15:09:34.505722+00:00,2026-09-25 15:09:34.510722+00:00,2026-09-25 15:09:34.526723+00:00,2026-09-25 15:09:34.528723+00:00,2026-09-25 15:09:34.530723+00:00,2026-09-25 15:09:34.532723+00:00,2026-09-25 15:09:34.534724+00:00,2026-09-25 15:09:34.546724+00:00,2026-09-25 15:09:34.547724+00:00,2026-09-25 15:09:34.561725+00:00,2026-09-25 15:09:34.562725+00:00,2026-09-25 15:09:34.552725+00:00,2026-09-25 15:09:34.553725+00:00,2026-09-25 15:09:34.554725+00:00,2026-09-25 15:09:34.555725+00:00,2026-09-25 15:09:34.556725+00:00,2026-09-25 15:09:34.557725+00:00,2026-09-25 15:09:34.558725+00:00,2026-09-25 15:09:34.559725+00:00,2026-09-25 15:09:34.560725+00:00,2026-09-25 15:09:34.549724+00:00,2026-09-25 15:09:34.551724+00:00,2026-09-25 15:09:34.563725+00:00,2026-09-25 15:09:34.564725+00:00,2026-09-25 15:09:34.565725+00:00,2026-09-25 15:09:34.566725+00:00,2026-09-25 15:09:34.567725+00:00,2026-09-25 15:09:34.568725+00:00,2026-09-25 15:09:34.569726+00:00,2026-09-25 15:09:34.570726+00:00,2026-09-25 15:09:34.571726+00:00,2026-09-25 15:09:34.585726+00:00,2026-09-25 15:09:34.574726+00:00,2026-09-25 15:09:34.575726+00:00,2026-09-25 15:09:34.576726+00:00,2026-09-25 15:09:34.577726+00:00,2026-09-25 15:09:34.579726+00:00,2026-09-25 15:09:34.580726+00:00,2026-09-25 15:09:34.581726+00:00,2026-09-25 15:09:34.582726+00:00,2026-09-25 15:09:34.585726+00:00,0.398322,2.510531680399275,182.2996923669465,True,False,True,False,False,False,True,False,False,True,True,True,False,False,False,False
132,2026-09-25 13:40:30.006871+00:00,2026-09-25 15:09:34.961748+00:00,106.006,False,False,False,True,True,False,True,False,True,False,False,False,True,False,False,False,False,False,False,False,False,False,False,False,True,True,False,False,True,True,False,False,False,False,True,False,False,False,False,False,False,False,False,True,True,True,False,False,False,False,False,False,False,False,False,True,False,True,False,False,True,True,False,True,False,False,False,False,True,True,True,False,False,False,False,False,False,False,False,0,0,0,0,2026-09-25 15:09:34.855742+00:00,2026-09-25 15:09:34.860742+00:00,2026-09-25 15:09:34.862742+00:00,2026-09-25 15:09:34.863742+00:00,2026-09-25 15:09:34.865742+00:00,2026-09-25 15:09:34.892744+00:00,2026-09-25 15:09:34.868743+00:00,2026-09-25 15:09:34.882743+00:00,2026-09-25 15:09:34.871743+00:00,2026-09-25 15:09:34.872743+00:00,2026-09-25 15:09:34.873743+00:00,2026-09-25 15:09:34.874743+00:00,2026-09-25 15:09:34.875743+00:00,2026-09-25 15:09:34.876743+00:00,2026-09-25 15:09:34.877743+00:00,2026-09-25 15:09:34.878743+00:00,2026-09-25 15:09:34.867743+00:00,2026-09-25 15:09:34.881743+00:00,2026-09-25 15:09:34.870743+00:00,2026-09-25 15:09:34.883743+00:00,2026-09-25 15:09:34.884744+00:00,2026-09-25 15:09:34.885744+00:00,2026-09-25 15:09:34.886744+00:00,2026-09-25 15:09:34.887744+00:00,2026-09-25 15:09:34.888744+00:00,2026-09-25 15:09:34.889744+00:00,2026-09-25 15:09:34.890744+00:00,2026-09-25 15:09:34.880743+00:00,2026-09-25 15:09:34.893744+00:00,2026-09-25 15:09:34.894744+00:00,2026-09-25 15:09:34.895744+00:00,2026-09-25 15:09:34.897744+00:00,2026-09-25 15:09:34.898744+00:00,2026-09-25 15:09:34.899744+00:00,2026-09-25 15:09:34.900744+00:00,2026-09-25 15:09:34.901745+00:00,2026-09-25 15:09:34.902745+00:00,2026-09-25 15:09:34.903745+00:00,2026-09-25 15:09:34.905745+00:00,2026-09-25 15:09:34.906745+00:00,2026-09-25 15:09:34.907745+00:00,2026-09-25 15:09:34.908745+00:00,2026-09-25 15:09:34.909745+00:00,2026-09-25 15:09:34.910745+00:00,2026-09-25 15:09:34.911745+00:00,2026-09-25 15:09:34.912745+00:00,2026-09-25 15:09:34.913745+00:00,2026-09-25 15:09:34.914745+00:00,2026-09-25 15:09:34.915745+00:00,2026-09-25 15:09:34.916745+00:00,2026-09-25 15:09:34.917745+00:00,2026-09-25 15:09:34.918745+00:00,2026-09-25 15:09:34.919746+00:00,2026-09-25 15:09:34.939747+00:00,2026-09-25 15:09:34.923746+00:00,2026-09-25 15:09:34.925746+00:00,2026-09-25 15:09:34.926746+00:00,2026-09-25 15:09:34.928746+00:00,2026-09-25 15:09:34.929746+00:00,2026-09-25 15:09:34.930746+00:00,2026-09-25 15:09:34.948747+00:00,2026-09-25 15:09:34.949747+00:00,2026-09-25 15:09:34.950747+00:00,2026-09-25 15:09:34.952747+00:00,2026-09-25 15:09:34.921746+00:00,2026-09-25 15:09:34.940747+00:00,2026-09-25 15:09:34.941747+00:00,2026-09-25 15:09:34.942747+00:00,2026-09-25 15:09:34.945747+00:00,2026-09-25 15:09:34.946747+00:00,2026-09-25 15:09:34.947747+00:00,2026-09-25 15:09:34.932746+00:00,2026-09-25 15:09:34.934746+00:00,2026-09-25 15:09:34.936747+00:00,2026-09-25 15:09:34.938747+00:00,2026-09-25 15:09:34.953747+00:00,2026-09-25 15:09:34.954748+00:00,2026-09-25 15:09:34.955748+00:00,2026-09-25 15:09:34.956748+00:00,2026-09-25 15:09:34.957748+00:00,2026-09-25 15:09:34.958748+00:00,2026-09-25 15:09:34.960748+00:00,2026-09-25 15:09:34.961748+00:00,2026-09-25 15:09:34.961748+00:00,0.370422,2.699623672460059,182.2642582109249,True,False,True,False,False,False,True,False,False,True,True,True,False,False,False,False
133,2026-09-25 13:40:30.443409+00:00,2026-09-25 15:09:35.404773+00:00,183.01,False,False,False,True,True,False,True,False,True,False,False,False,True,False,False,False,False,False,False,False,False,False,False,False,True,True,False,False,True,True,False,False,False,False,True,False,False,False,False,True,False,False,False,True,True,True,False,False,False,False,False,False,False,False,False,True,False,True,False,False,True,True,False,True,False,False,False,False,True,True,True,False,False,False,False,False,False,False,False,0,0,0,0,2026-09-25 15:09:35.221763+00:00,2026-09-25 15:09:35.225763+00:00,2026-09-25 15:09:35.227763+00:00,2026-09-25 15:09:35.229763+00:00,2026-09-25 15:09:35.231763+00:00,2026-09-25 15:09:35.233764+00:00,2026-09-25 15:09:35.235764+00:00,2026-09-25 15:09:35.237764+00:00,2026-09-25 15:09:35.239764+00:00,2026-09-25 15:09:35.241764+00:00,2026-09-25 15:09:35.265765+00:00,2026-09-25 15:09:35.245764+00:00,2026-09-25 15:09:35.247764+00:00,2026-09-25 15:09:35.249764+00:00,2026-09-25 15:09:35.251765+00:00,2026-09-25 15:09:35.253765+00:00,2026-09-25 15:09:35.255765+00:00,2026-09-25 15:09:35.301767+00:00,2026-09-25 15:09:35.259765+00:00,2026-09-25 15:09:35.261765+00:00,2026-09-25 15:09:35.263765+00:00,2026-09-25 15:09:35.243764+00:00,2026-09-25 15:09:35.267765+00:00,2026-09-25 15:09:35.269766+00:00,2026-09-25 15:09:35.271766+00:00,2026-09-25 15:09:35.273766+00:00,2026-09-25 15:09:35.275766+00:00,2026-09-25 15:09:35.277766+00:00,2026-09-25 15:09:35.257765+00:00,2026-09-25 15:09:35.281766+00:00,2026-09-25 15:09:35.283766+00:00,2026-09-25 15:09:35.285766+00:00,2026-09-25 15:09:35.287767+00:00,2026-09-25 15:09:35.289767+00:00,2026-09-25 15:09:35.291767+00:00,2026-09-25 15:09:35.293767+00:00,2026-09-25 15:09:35.295767+00:00,2026-09-25 15:09:35.297767+00:00,2026-09-25 15:09:35.299767+00:00,2026-09-25 15:09:35.279766+00:00,2026-09-25 15:09:35.303768+00:00,2026-09-25 15:09:35.305768+00:00,2026-09-25 15:09:35.307768+00:00,2026-09-25 15:09:35.309768+00:00,2026-09-25 15:09:35.311768+00:00,2026-09-25 15:09:35.335769+00:00,2026-09-25 15:09:35.315768+00:00,2026-09-25 15:09:35.317768+00:00,2026-09-25 15:09:35.319768+00:00,2026-09-25 15:09:35.321769+00:00,2026-09-25 15:09:35.323769+00:00,2026-09-25 15:09:35.325769+00:00,2026-09-25 15:09:35.327769+00:00,2026-09-25 15:09:35.329769+00:00,2026-09-25 15:09:35.331769+00:00,2026-09-25 15:09:35.333769+00:00,2026-09-25 15:09:35.313768+00:00,2026-09-25 15:09:35.337769+00:00,2026-09-25 15:09:35.339770+00:00,2026-09-25 15:09:35.341770+00:00,2026-09-25 15:09:35.343770+00:00,2026-09-25 15:09:35.345770+00:00,2026-09-25 15:09:35.347770+00:00,2026-09-25 15:09:35.349770+00:00,2026-09-25 15:09:35.351770+00:00,2026-09-25 15:09:35.396773+00:00,2026-09-25 15:09:35.355770+00:00,2026-09-25 15:09:35.379772+00:00,2026-09-25 15:09:35.359771+00:00,2026-09-25 15:09:35.361771+00:00,2026-09-25 15:09:35.363771+00:00,2026-09-25 15:09:35.365771+00:00,2026-09-25 15:09:35.367771+00:00,2026-09-25 15:09:35.369771+00:00,2026-09-25 15:09:35.371771+00:00,2026-09-25 15:09:35.373772+00:00,2026-09-25 15:09:35.353770+00:00,2026-09-25 15:09:35.377772+00:00,2026-09-25 15:09:35.357771+00:00,2026-09-25 15:09:35.381772+00:00,2026-09-25 15:09:35.404773+00:00,2026-09-25 15:09:35.385772+00:00,2026-09-25 15:09:35.387772+00:00,2026-09-25 15:09:35.404773+00:00,0.436538,2.2907513206181362,182.21811378010156,True,False,True,False,False,False,True,False,False,True,True,True,False,False,False,False
134,2026-09-25 13:40:30.816404+00:00,2026-09-25 15:09:35.773794+00:00,111.006,False,False,False,True,True,False,True,False,True,False,False,False,True,False,False,False,False,False,False,False,False,False,False,False,True,True,False,False,True,True,False,False,False,False,True,False,False,False,False,False,False,False,False,True,True,True,False,False,False,False,False,False,False,False,False,True,False,True,False,False,True,True,False,True,False,False,False,False,True,True,True,False,False,False,False,False,False,False,False,0,0,0,0,2026-09-25 15:09:35.662788+00:00,2026-09-25 15:09:35.686789+00:00,2026-09-25 15:09:35.688790+00:00,2026-09-25 15:09:35.689790+00:00,2026-09-25 15:09:35.705791+00:00,2026-09-25 15:09:35.692790+00:00,2026-09-25 15:09:35.693790+00:00,2026-09-25 15:09:35.694790+00:00,2026-09-25 15:09:35.695790+00:00,2026-09-25 15:09:35.696790+00:00,2026-09-25 15:09:35.698790+00:00,2026-09-25 15:09:35.700790+00:00,2026-09-25 15:09:35.701790+00:00,2026-09-25 15:09:35.702790+00:00,2026-09-25 15:09:35.704790+00:00,2026-09-25 15:09:35.691790+00:00,2026-09-25 15:09:35.707791+00:00,2026-09-25 15:09:35.708791+00:00,2026-09-25 15:09:35.709791+00:00,2026-09-25 15:09:35.710791+00:00,2026-09-25 15:09:35.711791+00:00,2026-09-25 15:09:35.712791+00:00,2026-09-25 15:09:35.713791+00:00,2026-09-25 15:09:35.714791+00:00,2026-09-25 15:09:35.715791+00:00,2026-09-25 15:09:35.716791+00:00,2026-09-25 15:09:35.717791+00:00,2026-09-25 15:09:35.718791+00:00,2026-09-25 15:09:35.719791+00:00,2026-09-25 15:09:35.720791+00:00,2026-09-25 15:09:35.721791+00:00,2026-09-25 15:09:35.722791+00:00,2026-09-25 15:09:35.723792+00:00,2026-09-25 15:09:35.724792+00:00,2026-09-25 15:09:35.725792+00:00,2026-09-25 15:09:35.726792+00:00,2026-09-25 15:09:35.727792+00:00,2026-09-25 15:09:35.728792+00:00,2026-09-25 15:09:35.729792+00:00,2026-09-25 15:09:35.730792+00:00,2026-09-25 15:09:35.742793+00:00,2026-09-25 15:09:35.732792+00:00,2026-09-25 15:09:35.733792+00:00,2026-09-25 15:09:35.734792+00:00,2026-09-25 15:09:35.735792+00:00,2026-09-25 15:09:35.736792+00:00,2026-09-25 15:09:35.737792+00:00,2026-09-25 15:09:35.738792+00:00,2026-09-25 15:09:35.739792+00:00,2026-09-25 15:09:35.740793+00:00,2026-09-25 15:09:35.741793+00:00,2026-09-25 15:09:35.731792+00:00,2026-09-25 15:09:35.743793+00:00,2026-09-25 15:09:35.744793+00:00,2026-09-25 15:09:35.745793+00:00,2026-09-25 15:09:35.746793+00:00,2026-09-25 15:09:35.747793+00:00,2026-09-25 15:09:35.748793+00:00,2026-09-25 15:09:35.749793+00:00,2026-09-25 15:09:35.750793+00:00,2026-09-25 15:09:35.751793+00:00,2026-09-25 15:09:35.752793+00:00,2026-09-25 15:09:35.753793+00:00,2026-09-25 15:09:35.754793+00:00,2026-09-25 15:09:35.755793+00:00,2026-09-25 15:09:35.767794+00:00,2026-09-25 15:09:35.768794+00:00,2026-09-25 15:09:35.758794+00:00,2026-09-25 15:09:35.770794+00:00,2026-09-25 15:09:35.760794+00:00,2026-09-25 15:09:35.761794+00:00,2026-09-25 15:09:35.762794+00:00,2026-09-25 15:09:35.763794+00:00,2026-09-25 15:09:35.764794+00:00,2026-09-25 15:09:35.765794+00:00,2026-09-25 15:09:35.766794+00:00,2026-09-25 15:09:35.756793+00:00,2026-09-25 15:09:35.757793+00:00,2026-09-25 15:09:35.769794+00:00,2026-09-25 15:09:35.759794+00:00,2026-09-25 15:09:35.771794+00:00,2026-09-25 15:09:35.772794+00:00,2026-09-25 15:09:35.773794+00:00,2026-09-25 15:09:35.773794+00:00,0.372995,2.6810010858054394,182.17608811149432,True,False,True,False,False,False,True,False,False,True,True,True,False,False,False,False
135,2026-09-25 13:40:31.188197+00:00,2026-09-25 15:09:36.149816+00:00,87.005,False,False,False,True,True,False,True,False,True,False,False,False,True,False,False,False,False,False,False,False,False,False,False,False,True,True,False,False,True,True,False,False,False,False,True,False,False,False,False,False,False,False,False,True,True,True,False,False,False,False,False,False,False,False,False,True,False,True,False,False,True,True,False,True,False,False,False,False,True,True,True,False,False,False,False,False,False,False,False,0,0,0,0,2026-09-25 15:09:36.062811+00:00,2026-09-25 15:09:36.068811+00:00,2026-09-25 15:09:36.079812+00:00,2026-09-25 15:09:36.070811+00:00,2026-09-25 15:09:36.071811+00:00,2026-09-25 15:09:36.072811+00:00,2026-09-25 15:09:36.073812+00:00,2026-09-25 15:09:36.074812+00:00,2026-09-25 15:09:36.075812+00:00,2026-09-25 15:09:36.076812+00:00,2026-09-25 15:09:36.077812+00:00,2026-09-25 15:09:36.078812+00:00,2026-09-25 15:09:36.069811+00:00,2026-09-25 15:09:36.080812+00:00,2026-09-25 15:09:36.081812+00:00,2026-09-25 15:09:36.082812+00:00,2026-09-25 15:09:36.083812+00:00,2026-09-25 15:09:36.084812+00:00,2026-09-25 15:09:36.085812+00:00,2026-09-25 15:09:36.086812+00:00,2026-09-25 15:09:36.087812+00:00,2026-09-25 15:09:36.088812+00:00,2026-09-25 15:09:36.089812+00:00,2026-09-25 15:09:36.090813+00:00,2026-09-25 15:09:36.091813+00:00,2026-09-25 15:09:36.103813+00:00,2026-09-25 15:09:36.093813+00:00,2026-09-25 15:09:36.094813+00:00,2026-09-25 15:09:36.095813+00:00,2026-09-25 15:09:36.096813+00:00,2026-09-25 15:09:36.097813+00:00,2026-09-25 15:09:36.098813+00:00,2026-09-25 15:09:36.099813+00:00,2026-09-25 15:09:36.100813+00:00,2026-09-25 15:09:36.101813+00:00,2026-09-25 15:09:36.102813+00:00,2026-09-25 15:09:36.092813+00:00,2026-09-25 15:09:36.104813+00:00,2026-09-25 15:09:36.105813+00:00,2026-09-25 15:09:36.106813+00:00,2026-09-25 15:09:36.107813+00:00,2026-09-25 15:09:36.108814+00:00,2026-09-25 15:09:36.109814+00:00,2026-09-25 15:09:36.110814+00:00,2026-09-25 15:09:36.111814+00:00,2026-09-25 15:09:36.112814+00:00,2026-09-25 15:09:36.113814+00:00,2026-09-25 15:09:36.114814+00:00,2026-09-25 15:09:36.115814+00:00,2026-09-25 15:09:36.116814+00:00,2026-09-25 15:09:36.117814+00:00,2026-09-25 15:09:36.118814+00:00,2026-09-25 15:09:36.119814+00:00,2026-09-25 15:09:36.120814+00:00,2026-09-25 15:09:36.121814+00:00,2026-09-25 15:09:36.122814+00:00,2026-09-25 15:09:36.123814+00:00,2026-09-25 15:09:36.124814+00:00,2026-09-25 15:09:36.125815+00:00,2026-09-25 15:09:36.126815+00:00,2026-09-25 15:09:36.127815+00:00,2026-09-25 15:09:36.128815+00:00,2026-09-25 15:09:36.129815+00:00,2026-09-25 15:09:36.130815+00:00,2026-09-25 15:09:36.131815+00:00,2026-09-25 15:09:36.132815+00:00,2026-09-25 15:09:36.133815+00:00,2026-09-25 15:09:36.134815+00:00,2026-09-25 15:09:36.135815+00:00,2026-09-25 15:09:36.136815+00:00,2026-09-25 15:09:36.137815+00:00,2026-09-25 15:09:36.138815+00:00,2026-09-25 15:09:36.139815+00:00,2026-09-25 15:09:36.140815+00:00,2026-09-25 15:09:36.141815+00:00,2026-09-25 15:09:36.142816+00:00,2026-09-25 15:09:36.143816+00:00,2026-09-25 15:09:36.144816+00:00,2026-09-25 15:09:36.145816+00:00,2026-09-25 15:09:36.146816+00:00,2026-09-25 15:09:36.147816+00:00,2026-09-25 15:09:36.148816+00:00,2026-09-25 15:09:36.149816+00:00,2026-09-25 15:09:36.149816+00:00,0.371793,2.689668713504558,182.12995901304757,True,False,True,False,False,False,True,False,False,True,True,True,False,False,False,False
136,2026-09-25 13:40:31.537918+00:00,2026-09-25 15:09:36.498836+00:00,95.006,False,False,False,True,True,False,True,False,True,True,False,False,False,False,False,False,False,False,False,False,False,False,False,False,True,True,False,False,True,True,False,False,False,False,True,False,False,False,False,False,False,False,False,True,True,True,False,False,False,False,False,False,False,False,False,True,False,True,False,False,True,True,False,True,False,False,False,False,True,True,True,False,False,False,False,False,False,False,False,0,0,0,0,2026-09-25 15:09:36.403830+00:00,2026-09-25 15:09:36.415831+00:00,2026-09-25 15:09:36.416831+00:00,2026-09-25 15:09:36.417831+00:00,2026-09-25 15:09:36.429832+00:00,2026-09-25 15:09:36.419831+00:00,2026-09-25 15:09:36.420831+00:00,2026-09-25 15:09:36.421831+00:00,2026-09-25 15:09:36.422832+00:00,2026-09-25 15:09:36.423832+00:00,2026-09-25 15:09:36.424832+00:00,2026-09-25 15:09:36.425832+00:00,2026-09-25 15:09:36.426832+00:00,2026-09-25 15:09:36.427832+00:00,2026-09-25 15:09:36.428832+00:00,2026-09-25 15:09:36.418831+00:00,2026-09-25 15:09:36.430832+00:00,2026-09-25 15:09:36.431832+00:00,2026-09-25 15:09:36.432832+00:00,2026-09-25 15:09:36.433832+00:00,2026-09-25 15:09:36.434832+00:00,2026-09-25 15:09:36.435832+00:00,2026-09-25 15:09:36.436832+00:00,2026-09-25 15:09:36.438832+00:00,2026-09-25 15:09:36.439832+00:00,2026-09-25 15:09:36.440833+00:00,2026-09-25 15:09:36.441833+00:00,2026-09-25 15:09:36.442833+00:00,2026-09-25 15:09:36.443833+00:00,2026-09-25 15:09:36.444833+00:00,2026-09-25 15:09:36.445833+00:00,2026-09-25 15:09:36.446833+00:00,2026-09-25 15:09:36.447833+00:00,2026-09-25 15:09:36.449833+00:00,2026-09-25 15:09:36.461834+00:00,2026-09-25 15:09:36.462834+00:00,2026-09-25 15:09:36.452833+00:00,2026-09-25 15:09:36.453833+00:00,2026-09-25 15:09:36.454833+00:00,2026-09-25 15:09:36.455833+00:00,2026-09-25 15:09:36.456833+00:00,2026-09-25 15:09:36.457834+00:00,2026-09-25 15:09:36.458834+00:00,2026-09-25 15:09:36.459834+00:00,2026-09-25 15:09:36.460834+00:00,2026-09-25 15:09:36.450833+00:00,2026-09-25 15:09:36.451833+00:00,2026-09-25 15:09:36.463834+00:00,2026-09-25 15:09:36.475835+00:00,2026-09-25 15:09:36.465834+00:00,2026-09-25 15:09:36.477835+00:00,2026-09-25 15:09:36.467834+00:00,2026-09-25 15:09:36.468834+00:00,2026-09-25 15:09:36.469834+00:00,2026-09-25 15:09:36.470834+00:00,2026-09-25 15:09:36.471834+00:00,2026-09-25 15:09:36.472834+00:00,2026-09-25 15:09:36.473834+00:00,2026-09-25 15:09:36.474834+00:00,2026-09-25 15:09:36.464834+00:00,2026-09-25 15:09:36.476835+00:00,2026-09-25 15:09:36.466834+00:00,2026-09-25 15:09:36.478835+00:00,2026-09-25 15:09:36.479835+00:00,2026-09-25 15:09:36.480835+00:00,2026-09-25 15:09:36.481835+00:00,2026-09-25 15:09:36.482835+00:00,2026-09-25 15:09:36.483835+00:00,2026-09-25 15:09:36.484835+00:00,2026-09-25 15:09:36.485835+00:00,2026-09-25 15:09:36.486835+00:00,2026-09-25 15:09:36.487835+00:00,2026-09-25 15:09:36.488835+00:00,2026-09-25 15:09:36.489835+00:00,2026-09-25 15:09:36.490835+00:00,2026-09-25 15:09:36.491835+00:00,2026-09-25 15:09:36.492836+00:00,2026-09-25 15:09:36.493836+00:00,2026-09-25 15:09:36.494836+00:00,2026-09-25 15:09:36.495836+00:00,2026-09-25 15:09:36.496836+00:00,2026-09-25 15:09:36.497836+00:00,2026-09-25 15:09:36.498836+00:00,2026-09-25 15:09:36.498836+00:00,0.349721,2.8594222251451873,182.0842060643127,True,False,True,False,False,False,True,False,False,True,True,True,False,False,False,False
137,2026-09-25 13:40:31.922597+00:00,2026-09-25 15:09:36.879858+00:00,113.007,False,False,False,False,True,False,True,False,True,True,False,False,False,False,False,False,False,False,False,False,False,False,False,False,True,True,False,False,True,True,False,False,False,False,True,False,False,False,False,False,False,False,False,True,True,True,False,False,False,False,False,False,False,False,False,True,False,True,False,False,True,True,False,True,False,False,False,False,True,True,True,False,False,False,False,False,False,False,False,0,0,0,0,2026-09-25 15:09:36.766851+00:00,2026-09-25 15:09:36.798853+00:00,2026-09-25 15:09:36.799853+00:00,2026-09-25 15:09:36.800853+00:00,2026-09-25 15:09:36.801853+00:00,2026-09-25 15:09:36.802853+00:00,2026-09-25 15:09:36.803853+00:00,2026-09-25 15:09:36.804853+00:00,2026-09-25 15:09:36.805853+00:00,2026-09-25 15:09:36.806853+00:00,2026-09-25 15:09:36.807854+00:00,2026-09-25 15:09:36.808854+00:00,2026-09-25 15:09:36.809854+00:00,2026-09-25 15:09:36.810854+00:00,2026-09-25 15:09:36.811854+00:00,2026-09-25 15:09:36.812854+00:00,2026-09-25 15:09:36.813854+00:00,2026-09-25 15:09:36.814854+00:00,2026-09-25 15:09:36.815854+00:00,2026-09-25 15:09:36.816854+00:00,2026-09-25 15:09:36.817854+00:00,2026-09-25 15:09:36.818854+00:00,2026-09-25 15:09:36.819854+00:00,2026-09-25 15:09:36.820854+00:00,2026-09-25 15:09:36.821854+00:00,2026-09-25 15:09:36.822854+00:00,2026-09-25 15:09:36.823854+00:00,2026-09-25 15:09:36.824855+00:00,2026-09-25 15:09:36.825855+00:00,2026-09-25 15:09:36.826855+00:00,2026-09-25 15:09:36.827855+00:00,2026-09-25 15:09:36.828855+00:00,2026-09-25 15:09:36.829855+00:00,2026-09-25 15:09:36.830855+00:00,2026-09-25 15:09:36.831855+00:00,2026-09-25 15:09:36.832855+00:00,2026-09-25 15:09:36.833855+00:00,2026-09-25 15:09:36.834855+00:00,2026-09-25 15:09:36.835855+00:00,2026-09-25 15:09:36.836855+00:00,2026-09-25 15:09:36.837855+00:00,2026-09-25 15:09:36.849856+00:00,2026-09-25 15:09:36.839855+00:00,2026-09-25 15:09:36.840855+00:00,2026-09-25 15:09:36.841855+00:00,2026-09-25 15:09:36.853856+00:00,2026-09-25 15:09:36.843856+00:00,2026-09-25 15:09:36.844856+00:00,2026-09-25 15:09:36.845856+00:00,2026-09-25 15:09:36.846856+00:00,2026-09-25 15:09:36.847856+00:00,2026-09-25 15:09:36.848856+00:00,2026-09-25 15:09:36.838855+00:00,2026-09-25 15:09:36.850856+00:00,2026-09-25 15:09:36.851856+00:00,2026-09-25 15:09:36.852856+00:00,2026-09-25 15:09:36.842856+00:00,2026-09-25 15:09:36.854856+00:00,2026-09-25 15:09:36.855856+00:00,2026-09-25 15:09:36.856856+00:00,2026-09-25 15:09:36.857856+00:00,2026-09-25 15:09:36.858856+00:00,2026-09-25 15:09:36.859857+00:00,2026-09-25 15:09:36.860857+00:00,2026-09-25 15:09:36.861857+00:00,2026-09-25 15:09:36.862857+00:00,2026-09-25 15:09:36.863857+00:00,2026-09-25 15:09:36.864857+00:00,2026-09-25 15:09:36.865857+00:00,2026-09-25 15:09:36.877858+00:00,2026-09-25 15:09:36.867857+00:00,2026-09-25 15:09:36.868857+00:00,2026-09-25 15:09:36.869857+00:00,2026-09-25 15:09:36.870857+00:00,2026-09-25 15:09:36.871857+00:00,2026-09-25 15:09:36.872857+00:00,2026-09-25 15:09:36.873857+00:00,2026-09-25 15:09:36.874857+00:00,2026-09-25 15:09:36.875857+00:00,2026-09-25 15:09:36.876857+00:00,2026-09-25 15:09:36.866857+00:00,2026-09-25 15:09:36.878858+00:00,2026-09-25 15:09:36.879858+00:00,2026-09-25 15:09:36.879858+00:00,0.384679,2.5995700311168535,182.0310950200057,True,False,True,False,False,False,True,False,False,True,True,True,False,False,False,False
138,2026-09-25 13:40:32.293153+00:00,2026-09-25 15:09:37.253879+00:00,110.006,False,True,False,False,True,False,True,False,True,False,False,False,False,False,False,False,False,False,True,False,False,False,True,False,True,True,False,False,True,True,False,False,False,False,True,False,False,False,False,False,False,False,False,True,True,True,False,False,False,False,False,False,False,False,False,True,False,True,False,False,True,True,False,True,False,False,False,False,True,True,True,False,False,False,False,False,False,False,False,0,0,0,0,2026-09-25 15:09:37.143873+00:00,2026-09-25 15:09:37.171874+00:00,2026-09-25 15:09:37.172874+00:00,2026-09-25 15:09:37.173874+00:00,2026-09-25 15:09:37.174875+00:00,2026-09-25 15:09:37.175875+00:00,2026-09-25 15:09:37.176875+00:00,2026-09-25 15:09:37.177875+00:00,2026-09-25 15:09:37.178875+00:00,2026-09-25 15:09:37.179875+00:00,2026-09-25 15:09:37.180875+00:00,2026-09-25 15:09:37.181875+00:00,2026-09-25 15:09:37.182875+00:00,2026-09-25 15:09:37.183875+00:00,2026-09-25 15:09:37.184875+00:00,2026-09-25 15:09:37.185875+00:00,2026-09-25 15:09:37.187875+00:00,2026-09-25 15:09:37.188875+00:00,2026-09-25 15:09:37.200876+00:00,2026-09-25 15:09:37.190875+00:00,2026-09-25 15:09:37.191876+00:00,2026-09-25 15:09:37.192876+00:00,2026-09-25 15:09:37.193876+00:00,2026-09-25 15:09:37.194876+00:00,2026-09-25 15:09:37.195876+00:00,2026-09-25 15:09:37.196876+00:00,2026-09-25 15:09:37.197876+00:00,2026-09-25 15:09:37.198876+00:00,2026-09-25 15:09:37.199876+00:00,2026-09-25 15:09:37.189875+00:00,2026-09-25 15:09:37.201876+00:00,2026-09-25 15:09:37.202876+00:00,2026-09-25 15:09:37.203876+00:00,2026-09-25 15:09:37.204876+00:00,2026-09-25 15:09:37.205876+00:00,2026-09-25 15:09:37.206876+00:00,2026-09-25 15:09:37.207876+00:00,2026-09-25 15:09:37.208876+00:00,2026-09-25 15:09:37.209877+00:00,2026-09-25 15:09:37.210877+00:00,2026-09-25 15:09:37.211877+00:00,2026-09-25 15:09:37.212877+00:00,2026-09-25 15:09:37.213877+00:00,2026-09-25 15:09:37.214877+00:00,2026-09-25 15:09:37.215877+00:00,2026-09-25 15:09:37.216877+00:00,2026-09-25 15:09:37.217877+00:00,2026-09-25 15:09:37.218877+00:00,2026-09-25 15:09:37.219877+00:00,2026-09-25 15:09:37.220877+00:00,2026-09-25 15:09:37.221877+00:00,2026-09-25 15:09:37.222877+00:00,2026-09-25 15:09:37.223877+00:00,2026-09-25 15:09:37.224877+00:00,2026-09-25 15:09:37.225877+00:00,2026-09-25 15:09:37.226878+00:00,2026-09-25 15:09:37.227878+00:00,2026-09-25 15:09:37.228878+00:00,2026-09-25 15:09:37.229878+00:00,2026-09-25 15:09:37.230878+00:00,2026-09-25 15:09:37.231878+00:00,2026-09-25 15:09:37.232878+00:00,2026-09-25 15:09:37.233878+00:00,2026-09-25 15:09:37.234878+00:00,2026-09-25 15:09:37.235878+00:00,2026-09-25 15:09:37.236878+00:00,2026-09-25 15:09:37.237878+00:00,2026-09-25 15:09:37.238878+00:00,2026-09-25 15:09:37.239878+00:00,2026-09-25 15:09:37.240878+00:00,2026-09-25 15:09:37.241878+00:00,2026-09-25 15:09:37.242878+00:00,2026-09-25 15:09:37.243878+00:00,2026-09-25 15:09:37.244879+00:00,2026-09-25 15:09:37.245879+00:00,2026-09-25 15:09:37.246879+00:00,2026-09-25 15:09:37.247879+00:00,2026-09-25 15:09:37.248879+00:00,2026-09-25 15:09:37.249879+00:00,2026-09-25 15:09:37.250879+00:00,2026-09-25 15:09:37.251879+00:00,2026-09-25 15:09:37.252879+00:00,2026-09-25 15:09:37.253879+00:00,2026-09-25 15:09:37.253879+00:00,0.370556,2.6986474379041225,181.97582348400675,True,False,True,False,False,False,True,False,False,True,True,True,False,False,False,False
139,2026-09-25 13:40:32.746095+00:00,2026-09-25 15:09:37.703905+00:00,94.006,False,True,False,False,True,False,True,False,True,False,False,False,False,False,False,False,False,False,True,False,False,False,True,False,True,True,False,False,True,True,False,False,False,False,True,False,False,False,False,False,False,False,False,True,True,True,False,False,False,False,False,False,False,False,False,True,False,True,False,False,True,True,False,True,False,False,False,False,True,True,True,False,False,False,False,False,False,False,False,0,0,0,0,2026-09-25 15:09:37.609899+00:00,2026-09-25 15:09:37.618900+00:00,2026-09-25 15:09:37.619900+00:00,2026-09-25 15:09:37.620900+00:00,2026-09-25 15:09:37.621900+00:00,2026-09-25 15:09:37.622900+00:00,2026-09-25 15:09:37.623900+00:00,2026-09-25 15:09:37.624900+00:00,2026-09-25 15:09:37.625900+00:00,2026-09-25 15:09:37.626900+00:00,2026-09-25 15:09:37.627900+00:00,2026-09-25 15:09:37.639901+00:00,2026-09-25 15:09:37.629901+00:00,2026-09-25 15:09:37.630901+00:00,2026-09-25 15:09:37.631901+00:00,2026-09-25 15:09:37.632901+00:00,2026-09-25 15:09:37.633901+00:00,2026-09-25 15:09:37.634901+00:00,2026-09-25 15:09:37.635901+00:00,2026-09-25 15:09:37.636901+00:00,2026-09-25 15:09:37.637901+00:00,2026-09-25 15:09:37.638901+00:00,2026-09-25 15:09:37.628901+00:00,2026-09-25 15:09:37.640901+00:00,2026-09-25 15:09:37.641901+00:00,2026-09-25 15:09:37.642901+00:00,2026-09-25 15:09:37.643901+00:00,2026-09-25 15:09:37.644901+00:00,2026-09-25 15:09:37.645901+00:00,2026-09-25 15:09:37.646902+00:00,2026-09-25 15:09:37.647902+00:00,2026-09-25 15:09:37.648902+00:00,2026-09-25 15:09:37.649902+00:00,2026-09-25 15:09:37.650902+00:00,2026-09-25 15:09:37.651902+00:00,2026-09-25 15:09:37.663903+00:00,2026-09-25 15:09:37.653902+00:00,2026-09-25 15:09:37.654902+00:00,2026-09-25 15:09:37.655902+00:00,2026-09-25 15:09:37.656902+00:00,2026-09-25 15:09:37.657902+00:00,2026-09-25 15:09:37.658902+00:00,2026-09-25 15:09:37.659902+00:00,2026-09-25 15:09:37.660902+00:00,2026-09-25 15:09:37.661902+00:00,2026-09-25 15:09:37.662902+00:00,2026-09-25 15:09:37.652902+00:00,2026-09-25 15:09:37.675903+00:00,2026-09-25 15:09:37.688904+00:00,2026-09-25 15:09:37.677903+00:00,2026-09-25 15:09:37.678903+00:00,2026-09-25 15:09:37.668903+00:00,2026-09-25 15:09:37.669903+00:00,2026-09-25 15:09:37.670903+00:00,2026-09-25 15:09:37.671903+00:00,2026-09-25 15:09:37.672903+00:00,2026-09-25 15:09:37.673903+00:00,2026-09-25 15:09:37.674903+00:00,2026-09-25 15:09:37.664903+00:00,2026-09-25 15:09:37.665903+00:00,2026-09-25 15:09:37.666903+00:00,2026-09-25 15:09:37.667903+00:00,2026-09-25 15:09:37.679903+00:00,2026-09-25 15:09:37.680903+00:00,2026-09-25 15:09:37.681904+00:00,2026-09-25 15:09:37.682904+00:00,2026-09-25 15:09:37.683904+00:00,2026-09-25 15:09:37.684904+00:00,2026-09-25 15:09:37.685904+00:00,2026-09-25 15:09:37.687904+00:00,2026-09-25 15:09:37.676903+00:00,2026-09-25 15:09:37.689904+00:00,2026-09-25 15:09:37.690904+00:00,2026-09-25 15:09:37.691904+00:00,2026-09-25 15:09:37.703905+00:00,2026-09-25 15:09:37.693904+00:00,2026-09-25 15:09:37.694904+00:00,2026-09-25 15:09:37.695904+00:00,2026-09-25 15:09:37.696904+00:00,2026-09-25 15:09:37.697904+00:00,2026-09-25 15:09:37.698905+00:00,2026-09-25 15:09:37.699905+00:00,2026-09-25 15:09:37.700905+00:00,2026-09-25 15:09:37.703905+00:00,0.452942,2.2077881936318557,181.90532230843476,True,False,True,False,False,False,True,False,False,True,True,True,False,False,False,False
140,2026-09-25 13:40:33.098253+00:00,2026-09-25 15:09:38.053925+00:00,91.005,False,True,False,False,True,False,True,False,True,False,False,True,False,False,False,False,False,False,True,False,False,False,False,False,True,True,False,False,True,True,False,False,False,False,True,False,False,False,False,False,True,False,False,True,True,True,False,False,False,False,False,False,False,False,False,True,False,True,False,False,True,True,False,True,False,False,False,False,True,True,True,False,False,False,True,False,False,False,False,0,0,0,0,2026-09-25 15:09:37.962920+00:00,2026-09-25 15:09:37.971920+00:00,2026-09-25 15:09:37.972920+00:00,2026-09-25 15:09:37.973920+00:00,2026-09-25 15:09:37.974920+00:00,2026-09-25 15:09:37.975920+00:00,2026-09-25 15:09:37.976920+00:00,2026-09-25 15:09:37.977920+00:00,2026-09-25 15:09:37.978921+00:00,2026-09-25 15:09:37.979921+00:00,2026-09-25 15:09:37.980921+00:00,2026-09-25 15:09:37.981921+00:00,2026-09-25 15:09:37.982921+00:00,2026-09-25 15:09:37.983921+00:00,2026-09-25 15:09:37.984921+00:00,2026-09-25 15:09:37.985921+00:00,2026-09-25 15:09:37.986921+00:00,2026-09-25 15:09:37.987921+00:00,2026-09-25 15:09:37.988921+00:00,2026-09-25 15:09:37.989921+00:00,2026-09-25 15:09:37.990921+00:00,2026-09-25 15:09:37.991921+00:00,2026-09-25 15:09:37.992921+00:00,2026-09-25 15:09:37.993921+00:00,2026-09-25 15:09:37.994921+00:00,2026-09-25 15:09:37.995921+00:00,2026-09-25 15:09:37.996922+00:00,2026-09-25 15:09:38.009922+00:00,2026-09-25 15:09:37.998922+00:00,2026-09-25 15:09:37.999922+00:00,2026-09-25 15:09:38.000922+00:00,2026-09-25 15:09:38.001922+00:00,2026-09-25 15:09:38.002922+00:00,2026-09-25 15:09:38.003922+00:00,2026-09-25 15:09:38.004922+00:00,2026-09-25 15:09:38.005922+00:00,2026-09-25 15:09:38.006922+00:00,2026-09-25 15:09:38.007922+00:00,2026-09-25 15:09:37.997922+00:00,2026-09-25 15:09:38.021923+00:00,2026-09-25 15:09:38.011922+00:00,2026-09-25 15:09:38.012922+00:00,2026-09-25 15:09:38.013923+00:00,2026-09-25 15:09:38.014923+00:00,2026-09-25 15:09:38.015923+00:00,2026-09-25 15:09:38.016923+00:00,2026-09-25 15:09:38.017923+00:00,2026-09-25 15:09:38.029923+00:00,2026-09-25 15:09:38.019923+00:00,2026-09-25 15:09:38.020923+00:00,2026-09-25 15:09:38.010922+00:00,2026-09-25 15:09:38.022923+00:00,2026-09-25 15:09:38.023923+00:00,2026-09-25 15:09:38.035924+00:00,2026-09-25 15:09:38.025923+00:00,2026-09-25 15:09:38.026923+00:00,2026-09-25 15:09:38.027923+00:00,2026-09-25 15:09:38.028923+00:00,2026-09-25 15:09:38.018923+00:00,2026-09-25 15:09:38.030923+00:00,2026-09-25 15:09:38.031924+00:00,2026-09-25 15:09:38.032924+00:00,2026-09-25 15:09:38.033924+00:00,2026-09-25 15:09:38.034924+00:00,2026-09-25 15:09:38.024923+00:00,2026-09-25 15:09:38.036924+00:00,2026-09-25 15:09:38.037924+00:00,2026-09-25 15:09:38.038924+00:00,2026-09-25 15:09:38.039924+00:00,2026-09-25 15:09:38.051925+00:00,2026-09-25 15:09:38.041924+00:00,2026-09-25 15:09:38.042924+00:00,2026-09-25 15:09:38.043924+00:00,2026-09-25 15:09:38.044924+00:00,2026-09-25 15:09:38.045924+00:00,2026-09-25 15:09:38.046924+00:00,2026-09-25 15:09:38.047924+00:00,2026-09-25 15:09:38.048925+00:00,2026-09-25 15:09:38.049925+00:00,2026-09-25 15:09:38.050925+00:00,2026-09-25 15:09:38.040924+00:00,2026-09-25 15:09:38.052925+00:00,2026-09-25 15:09:38.053925+00:00,2026-09-25 15:09:38.053925+00:00,0.352158,2.8396344822494446,181.84756766309957,True,False,True,False,True,False,True,False,False,True,True,True,False,False,False,False
141,2026-09-25 13:40:33.563473+00:00,2026-09-25 15:09:38.422946+00:00,97.006,False,True,False,False,True,False,True,False,True,False,False,True,False,False,False,False,False,False,True,False,False,False,False,False,True,True,False,False,True,True,False,False,False,False,True,False,False,False,False,False,False,False,False,True,True,True,False,False,False,False,False,False,False,False,False,True,False,True,False,False,True,True,False,True,False,False,False,False,True,True,True,False,False,False,True,False,False,False,False,0,0,0,0,2026-09-25 15:09:38.325940+00:00,2026-09-25 15:09:38.335941+00:00,2026-09-25 15:09:38.336941+00:00,2026-09-25 15:09:38.337941+00:00,2026-09-25 15:09:38.338941+00:00,2026-09-25 15:09:38.339941+00:00,2026-09-25 15:09:38.340941+00:00,2026-09-25 15:09:38.341941+00:00,2026-09-25 15:09:38.342941+00:00,2026-09-25 15:09:38.343941+00:00,2026-09-25 15:09:38.344941+00:00,2026-09-25 15:09:38.345942+00:00,2026-09-25 15:09:38.346942+00:00,2026-09-25 15:09:38.347942+00:00,2026-09-25 15:09:38.348942+00:00,2026-09-25 15:09:38.349942+00:00,2026-09-25 15:09:38.350942+00:00,2026-09-25 15:09:38.351942+00:00,2026-09-25 15:09:38.352942+00:00,2026-09-25 15:09:38.353942+00:00,2026-09-25 15:09:38.354942+00:00,2026-09-25 15:09:38.355942+00:00,2026-09-25 15:09:38.356942+00:00,2026-09-25 15:09:38.357942+00:00,2026-09-25 15:09:38.358942+00:00,2026-09-25 15:09:38.359942+00:00,2026-09-25 15:09:38.360942+00:00,2026-09-25 15:09:38.361942+00:00,2026-09-25 15:09:38.362942+00:00,2026-09-25 15:09:38.363943+00:00,2026-09-25 15:09:38.364943+00:00,2026-09-25 15:09:38.365943+00:00,2026-09-25 15:09:38.366943+00:00,2026-09-25 15:09:38.367943+00:00,2026-09-25 15:09:38.368943+00:00,2026-09-25 15:09:38.369943+00:00,2026-09-25 15:09:38.370943+00:00,2026-09-25 15:09:38.371943+00:00,2026-09-25 15:09:38.372943+00:00,2026-09-25 15:09:38.373943+00:00,2026-09-25 15:09:38.374943+00:00,2026-09-25 15:09:38.375943+00:00,2026-09-25 15:09:38.376943+00:00,2026-09-25 15:09:38.377943+00:00,2026-09-25 15:09:38.378943+00:00,2026-09-25 15:09:38.379943+00:00,2026-09-25 15:09:38.380944+00:00,2026-09-25 15:09:38.381944+00:00,2026-09-25 15:09:38.382944+00:00,2026-09-25 15:09:38.383944+00:00,2026-09-25 15:09:38.384944+00:00,2026-09-25 15:09:38.385944+00:00,2026-09-25 15:09:38.386944+00:00,2026-09-25 15:09:38.387944+00:00,2026-09-25 15:09:38.388944+00:00,2026-09-25 15:09:38.389944+00:00,2026-09-25 15:09:38.390944+00:00,2026-09-25 15:09:38.391944+00:00,2026-09-25 15:09:38.392944+00:00,2026-09-25 15:09:38.393944+00:00,2026-09-25 15:09:38.394944+00:00,2026-09-25 15:09:38.395944+00:00,2026-09-25 15:09:38.396944+00:00,2026-09-25 15:09:38.397944+00:00,2026-09-25 15:09:38.420946+00:00,2026-09-25 15:09:38.399945+00:00,2026-09-25 15:09:38.422946+00:00,2026-09-25 15:09:38.401945+00:00,2026-09-25 15:09:38.402945+00:00,2026-09-25 15:09:38.403945+00:00,2026-09-25 15:09:38.404945+00:00,2026-09-25 15:09:38.405945+00:00,2026-09-25 15:09:38.406945+00:00,2026-09-25 15:09:38.407945+00:00,2026-09-25 15:09:38.408945+00:00,2026-09-25 15:09:38.398945+00:00,2026-09-25 15:09:38.410945+00:00,2026-09-25 15:09:38.400945+00:00,2026-09-25 15:09:38.412945+00:00,2026-09-25 15:09:38.413945+00:00,2026-09-25 15:09:38.414945+00:00,2026-09-25 15:09:38.415946+00:00,2026-09-25 15:09:38.416946+00:00,2026-09-25 15:09:38.422946+00:00,0.46522,2.149520656893513,181.78401220659913,True,False,True,False,True,False,True,False,False,True,True,True,False,False,False,False
142,2026-09-25 13:40:33.930371+00:00,2026-09-25 15:09:38.883972+00:00,103.006,False,True,False,False,True,False,True,False,True,False,False,True,False,False,False,False,False,False,True,False,False,False,False,False,True,True,False,False,True,True,False,False,False,False,True,False,False,False,False,False,False,False,False,True,True,True,False,False,False,False,False,False,False,False,False,True,False,True,False,False,True,True,False,True,False,False,False,False,False,True,True,False,False,False,True,False,False,False,False,0,0,0,0,2026-09-25 15:09:38.780966+00:00,2026-09-25 15:09:38.793967+00:00,2026-09-25 15:09:38.794967+00:00,2026-09-25 15:09:38.795967+00:00,2026-09-25 15:09:38.796967+00:00,2026-09-25 15:09:38.797967+00:00,2026-09-25 15:09:38.798967+00:00,2026-09-25 15:09:38.799967+00:00,2026-09-25 15:09:38.800968+00:00,2026-09-25 15:09:38.801968+00:00,2026-09-25 15:09:38.813968+00:00,2026-09-25 15:09:38.814968+00:00,2026-09-25 15:09:38.815968+00:00,2026-09-25 15:09:38.816968+00:00,2026-09-25 15:09:38.806968+00:00,2026-09-25 15:09:38.807968+00:00,2026-09-25 15:09:38.808968+00:00,2026-09-25 15:09:38.809968+00:00,2026-09-25 15:09:38.810968+00:00,2026-09-25 15:09:38.811968+00:00,2026-09-25 15:09:38.812968+00:00,2026-09-25 15:09:38.802968+00:00,2026-09-25 15:09:38.803968+00:00,2026-09-25 15:09:38.804968+00:00,2026-09-25 15:09:38.805968+00:00,2026-09-25 15:09:38.817969+00:00,2026-09-25 15:09:38.818969+00:00,2026-09-25 15:09:38.819969+00:00,2026-09-25 15:09:38.820969+00:00,2026-09-25 15:09:38.821969+00:00,2026-09-25 15:09:38.822969+00:00,2026-09-25 15:09:38.823969+00:00,2026-09-25 15:09:38.824969+00:00,2026-09-25 15:09:38.825969+00:00,2026-09-25 15:09:38.826969+00:00,2026-09-25 15:09:38.827969+00:00,2026-09-25 15:09:38.828969+00:00,2026-09-25 15:09:38.829969+00:00,2026-09-25 15:09:38.830969+00:00,2026-09-25 15:09:38.831969+00:00,2026-09-25 15:09:38.832969+00:00,2026-09-25 15:09:38.833969+00:00,2026-09-25 15:09:38.834969+00:00,2026-09-25 15:09:38.835970+00:00,2026-09-25 15:09:38.836970+00:00,2026-09-25 15:09:38.837970+00:00,2026-09-25 15:09:38.838970+00:00,2026-09-25 15:09:38.839970+00:00,2026-09-25 15:09:38.840970+00:00,2026-09-25 15:09:38.841970+00:00,2026-09-25 15:09:38.842970+00:00,2026-09-25 15:09:38.843970+00:00,2026-09-25 15:09:38.844970+00:00,2026-09-25 15:09:38.845970+00:00,2026-09-25 15:09:38.846970+00:00,2026-09-25 15:09:38.847970+00:00,2026-09-25 15:09:38.848970+00:00,2026-09-25 15:09:38.849970+00:00,2026-09-25 15:09:38.850970+00:00,2026-09-25 15:09:38.862971+00:00,2026-09-25 15:09:38.863971+00:00,2026-09-25 15:09:38.853971+00:00,2026-09-25 15:09:38.854971+00:00,2026-09-25 15:09:38.855971+00:00,2026-09-25 15:09:38.856971+00:00,2026-09-25 15:09:38.857971+00:00,2026-09-25 15:09:38.858971+00:00,2026-09-25 15:09:38.859971+00:00,2026-09-25 15:09:38.860971+00:00,2026-09-25 15:09:38.861971+00:00,2026-09-25 15:09:38.851970+00:00,2026-09-25 15:09:38.852971+00:00,2026-09-25 15:09:38.864971+00:00,2026-09-25 15:09:38.865971+00:00,2026-09-25 15:09:38.866971+00:00,2026-09-25 15:09:38.867971+00:00,2026-09-25 15:09:38.879972+00:00,2026-09-25 15:09:38.869971+00:00,2026-09-25 15:09:38.870972+00:00,2026-09-25 15:09:38.871972+00:00,2026-09-25 15:09:38.883972+00:00,2026-09-25 15:09:38.873972+00:00,2026-09-25 15:09:38.874972+00:00,2026-09-25 15:09:38.883972+00:00,0.366898,2.7255531510119977,181.70092762679744,True,False,True,False,True,False,True,False,False,True,True,True,False,False,False,False
143,2026-09-25 13:40:34.293722+00:00,2026-09-25 15:09:39.248993+00:00,104.006,False,True,False,False,True,False,True,False,True,False,False,True,False,False,False,False,False,False,True,False,False,False,False,True,True,True,False,False,True,True,False,False,False,False,False,False,True,False,False,False,False,False,False,True,True,True,False,False,False,True,False,True,False,False,False,True,False,False,True,False,True,True,False,True,False,False,False,False,False,True,True,False,False,False,True,False,False,False,False,0,15,0,15,2026-09-25 15:09:39.144987+00:00,2026-09-25 15:09:39.156988+00:00,2026-09-25 15:09:39.157988+00:00,2026-09-25 15:09:39.158988+00:00,2026-09-25 15:09:39.159988+00:00,2026-09-25 15:09:39.160988+00:00,2026-09-25 15:09:39.161988+00:00,2026-09-25 15:09:39.162988+00:00,2026-09-25 15:09:39.163988+00:00,2026-09-25 15:09:39.164988+00:00,2026-09-25 15:09:39.165988+00:00,2026-09-25 15:09:39.166988+00:00,2026-09-25 15:09:39.167989+00:00,2026-09-25 15:09:39.168989+00:00,2026-09-25 15:09:39.169989+00:00,2026-09-25 15:09:39.170989+00:00,2026-09-25 15:09:39.171989+00:00,2026-09-25 15:09:39.172989+00:00,2026-09-25 15:09:39.173989+00:00,2026-09-25 15:09:39.174989+00:00,2026-09-25 15:09:39.175989+00:00,2026-09-25 15:09:39.176989+00:00,2026-09-25 15:09:39.177989+00:00,2026-09-25 15:09:39.178989+00:00,2026-09-25 15:09:39.179989+00:00,2026-09-25 15:09:39.180989+00:00,2026-09-25 15:09:39.181989+00:00,2026-09-25 15:09:39.182989+00:00,2026-09-25 15:09:39.183989+00:00,2026-09-25 15:09:39.184990+00:00,2026-09-25 15:09:39.186990+00:00,2026-09-25 15:09:39.187990+00:00,2026-09-25 15:09:39.188990+00:00,2026-09-25 15:09:39.189990+00:00,2026-09-25 15:09:39.190990+00:00,2026-09-25 15:09:39.191990+00:00,2026-09-25 15:09:39.192990+00:00,2026-09-25 15:09:39.193990+00:00,2026-09-25 15:09:39.194990+00:00,2026-09-25 15:09:39.195990+00:00,2026-09-25 15:09:39.196990+00:00,2026-09-25 15:09:39.197990+00:00,2026-09-25 15:09:39.198990+00:00,2026-09-25 15:09:39.199990+00:00,2026-09-25 15:09:39.200990+00:00,2026-09-25 15:09:39.212991+00:00,2026-09-25 15:09:39.202991+00:00,2026-09-25 15:09:39.203991+00:00,2026-09-25 15:09:39.204991+00:00,2026-09-25 15:09:39.205991+00:00,2026-09-25 15:09:39.206991+00:00,2026-09-25 15:09:39.207991+00:00,2026-09-25 15:09:39.208991+00:00,2026-09-25 15:09:39.209991+00:00,2026-09-25 15:09:39.210991+00:00,2026-09-25 15:09:39.222992+00:00,2026-09-25 15:09:39.201990+00:00,2026-09-25 15:09:39.213991+00:00,2026-09-25 15:09:39.214991+00:00,2026-09-25 15:09:39.215991+00:00,2026-09-25 15:09:39.216991+00:00,2026-09-25 15:09:39.217991+00:00,2026-09-25 15:09:39.218991+00:00,2026-09-25 15:09:39.219992+00:00,2026-09-25 15:09:39.220992+00:00,2026-09-25 15:09:39.221992+00:00,2026-09-25 15:09:39.211991+00:00,2026-09-25 15:09:39.223992+00:00,2026-09-25 15:09:39.224992+00:00,2026-09-25 15:09:39.225992+00:00,2026-09-25 15:09:39.226992+00:00,2026-09-25 15:09:39.227992+00:00,2026-09-25 15:09:39.228992+00:00,2026-09-25 15:09:39.229992+00:00,2026-09-25 15:09:39.230992+00:00,2026-09-25 15:09:39.231992+00:00,2026-09-25 15:09:39.232992+00:00,2026-09-25 15:09:39.233992+00:00,2026-09-25 15:09:39.234992+00:00,2026-09-25 15:09:39.245993+00:00,2026-09-25 15:09:39.236992+00:00,2026-09-25 15:09:39.248993+00:00,2026-09-25 15:09:39.238993+00:00,2026-09-25 15:09:39.248993+00:00,0.363351,2.7521597573695957,181.63238023219253,True,True,True,False,True,False,True,False,False,True,True,True,False,False,False,False
144,2026-09-25 13:40:34.734471+00:00,2026-09-25 15:09:39.619014+00:00,107.006,False,True,False,False,True,False,True,False,True,False,False,True,False,False,False,False,False,False,True,False,False,False,False,True,True,True,False,False,True,True,False,False,False,False,False,False,True,False,False,False,True,True,False,True,False,False,False,False,False,True,False,True,False,False,False,True,False,False,True,False,True,True,False,True,False,False,False,False,False,True,True,False,False,False,True,False,False,False,False,0,94,0,90,2026-09-25 15:09:39.512008+00:00,2026-09-25 15:09:39.534009+00:00,2026-09-25 15:09:39.550010+00:00,2026-09-25 15:09:39.551010+00:00,2026-09-25 15:09:39.552010+00:00,2026-09-25 15:09:39.553011+00:00,2026-09-25 15:09:39.554011+00:00,2026-09-25 15:09:39.555011+00:00,2026-09-25 15:09:39.556011+00:00,2026-09-25 15:09:39.557011+00:00,2026-09-25 15:09:39.547010+00:00,2026-09-25 15:09:39.548010+00:00,2026-09-25 15:09:39.549010+00:00,2026-09-25 15:09:39.538010+00:00,2026-09-25 15:09:39.540010+00:00,2026-09-25 15:09:39.541010+00:00,2026-09-25 15:09:39.542010+00:00,2026-09-25 15:09:39.543010+00:00,2026-09-25 15:09:39.544010+00:00,2026-09-25 15:09:39.545010+00:00,2026-09-25 15:09:39.546010+00:00,2026-09-25 15:09:39.558011+00:00,2026-09-25 15:09:39.559011+00:00,2026-09-25 15:09:39.560011+00:00,2026-09-25 15:09:39.561011+00:00,2026-09-25 15:09:39.562011+00:00,2026-09-25 15:09:39.563011+00:00,2026-09-25 15:09:39.564011+00:00,2026-09-25 15:09:39.565011+00:00,2026-09-25 15:09:39.566011+00:00,2026-09-25 15:09:39.567011+00:00,2026-09-25 15:09:39.568011+00:00,2026-09-25 15:09:39.580012+00:00,2026-09-25 15:09:39.570012+00:00,2026-09-25 15:09:39.582012+00:00,2026-09-25 15:09:39.572012+00:00,2026-09-25 15:09:39.573012+00:00,2026-09-25 15:09:39.574012+00:00,2026-09-25 15:09:39.575012+00:00,2026-09-25 15:09:39.576012+00:00,2026-09-25 15:09:39.577012+00:00,2026-09-25 15:09:39.578012+00:00,2026-09-25 15:09:39.579012+00:00,2026-09-25 15:09:39.569011+00:00,2026-09-25 15:09:39.581012+00:00,2026-09-25 15:09:39.571012+00:00,2026-09-25 15:09:39.583012+00:00,2026-09-25 15:09:39.584012+00:00,2026-09-25 15:09:39.596013+00:00,2026-09-25 15:09:39.586012+00:00,2026-09-25 15:09:39.587012+00:00,2026-09-25 15:09:39.588013+00:00,2026-09-25 15:09:39.589013+00:00,2026-09-25 15:09:39.590013+00:00,2026-09-25 15:09:39.591013+00:00,2026-09-25 15:09:39.592013+00:00,2026-09-25 15:09:39.593013+00:00,2026-09-25 15:09:39.594013+00:00,2026-09-25 15:09:39.595013+00:00,2026-09-25 15:09:39.585012+00:00,2026-09-25 15:09:39.597013+00:00,2026-09-25 15:09:39.598013+00:00,2026-09-25 15:09:39.599013+00:00,2026-09-25 15:09:39.600013+00:00,2026-09-25 15:09:39.601013+00:00,2026-09-25 15:09:39.602013+00:00,2026-09-25 15:09:39.603013+00:00,2026-09-25 15:09:39.604013+00:00,2026-09-25 15:09:39.605014+00:00,2026-09-25 15:09:39.606014+00:00,2026-09-25 15:09:39.607014+00:00,2026-09-25 15:09:39.608014+00:00,2026-09-25 15:09:39.609014+00:00,2026-09-25 15:09:39.610014+00:00,2026-09-25 15:09:39.611014+00:00,2026-09-25 15:09:39.612014+00:00,2026-09-25 15:09:39.613014+00:00,2026-09-25 15:09:39.614014+00:00,2026-09-25 15:09:39.615014+00:00,2026-09-25 15:09:39.616014+00:00,2026-09-25 15:09:39.617014+00:00,2026-09-25 15:09:39.618014+00:00,2026-09-25 15:09:39.619014+00:00,2026-09-25 15:09:39.619014+00:00,0.440749,2.2688650456382202,181.56053275099208,True,True,True,False,True,False,True,False,False,True,True,True,False,False,False,False
145,2026-09-25 13:40:35.093887+00:00,2026-09-25 15:09:40.053039+00:00,99.006,False,False,False,False,True,False,True,False,True,False,True,False,False,False,False,False,False,False,False,False,False,False,False,True,True,True,False,False,True,True,False,False,False,False,False,False,False,True,False,False,True,False,False,True,False,False,False,False,False,False,False,True,False,False,False,True,False,False,False,False,True,True,False,True,False,False,False,False,True,False,True,False,False,False,True,False,False,False,False,0,175,0,177,2026-09-25 15:09:39.954033+00:00,2026-09-25 15:09:39.970034+00:00,2026-09-25 15:09:39.979035+00:00,2026-09-25 15:09:39.972035+00:00,2026-09-25 15:09:39.973035+00:00,2026-09-25 15:09:39.974035+00:00,2026-09-25 15:09:39.975035+00:00,2026-09-25 15:09:39.976035+00:00,2026-09-25 15:09:39.977035+00:00,2026-09-25 15:09:39.978035+00:00,2026-09-25 15:09:39.971034+00:00,2026-09-25 15:09:39.980035+00:00,2026-09-25 15:09:39.981035+00:00,2026-09-25 15:09:39.982035+00:00,2026-09-25 15:09:39.983035+00:00,2026-09-25 15:09:39.984035+00:00,2026-09-25 15:09:39.985035+00:00,2026-09-25 15:09:39.986035+00:00,2026-09-25 15:09:39.987035+00:00,2026-09-25 15:09:39.988035+00:00,2026-09-25 15:09:39.989035+00:00,2026-09-25 15:09:39.990036+00:00,2026-09-25 15:09:39.992036+00:00,2026-09-25 15:09:40.004036+00:00,2026-09-25 15:09:39.994036+00:00,2026-09-25 15:09:39.995036+00:00,2026-09-25 15:09:39.996036+00:00,2026-09-25 15:09:39.997036+00:00,2026-09-25 15:09:40.009037+00:00,2026-09-25 15:09:39.999036+00:00,2026-09-25 15:09:40.000036+00:00,2026-09-25 15:09:40.001036+00:00,2026-09-25 15:09:40.002036+00:00,2026-09-25 15:09:40.003036+00:00,2026-09-25 15:09:39.993036+00:00,2026-09-25 15:09:40.005036+00:00,2026-09-25 15:09:40.006036+00:00,2026-09-25 15:09:40.007037+00:00,2026-09-25 15:09:40.008037+00:00,2026-09-25 15:09:39.998036+00:00,2026-09-25 15:09:40.010037+00:00,2026-09-25 15:09:40.011037+00:00,2026-09-25 15:09:40.012037+00:00,2026-09-25 15:09:40.013037+00:00,2026-09-25 15:09:40.014037+00:00,2026-09-25 15:09:40.015037+00:00,2026-09-25 15:09:40.016037+00:00,2026-09-25 15:09:40.017037+00:00,2026-09-25 15:09:40.018037+00:00,2026-09-25 15:09:40.019037+00:00,2026-09-25 15:09:40.020037+00:00,2026-09-25 15:09:40.021037+00:00,2026-09-25 15:09:40.022037+00:00,2026-09-25 15:09:40.023037+00:00,2026-09-25 15:09:40.024037+00:00,2026-09-25 15:09:40.025038+00:00,2026-09-25 15:09:40.026038+00:00,2026-09-25 15:09:40.027038+00:00,2026-09-25 15:09:40.028038+00:00,2026-09-25 15:09:40.029038+00:00,2026-09-25 15:09:40.030038+00:00,2026-09-25 15:09:40.031038+00:00,2026-09-25 15:09:40.032038+00:00,2026-09-25 15:09:40.033038+00:00,2026-09-25 15:09:40.046039+00:00,2026-09-25 15:09:40.035038+00:00,2026-09-25 15:09:40.036038+00:00,2026-09-25 15:09:40.049039+00:00,2026-09-25 15:09:40.039038+00:00,2026-09-25 15:09:40.040038+00:00,2026-09-25 15:09:40.041038+00:00,2026-09-25 15:09:40.042039+00:00,2026-09-25 15:09:40.043039+00:00,2026-09-25 15:09:40.044039+00:00,2026-09-25 15:09:40.045039+00:00,2026-09-25 15:09:40.034038+00:00,2026-09-25 15:09:40.047039+00:00,2026-09-25 15:09:40.048039+00:00,2026-09-25 15:09:40.038038+00:00,2026-09-25 15:09:40.050039+00:00,2026-09-25 15:09:40.051039+00:00,2026-09-25 15:09:40.052039+00:00,2026-09-25 15:09:40.053039+00:00,2026-09-25 15:09:40.053039+00:00,0.359416,2.7822912725087363,181.47340422162452,True,True,True,False,True,False,True,True,False,True,True,True,False,False,False,False
146,2026-09-25 13:40:35.481462+00:00,2026-09-25 15:09:40.439061+00:00,110.006,False,False,False,False,True,False,True,False,True,False,True,False,False,False,False,False,False,False,False,False,False,False,False,True,True,True,False,False,False,True,False,False,False,False,False,False,False,True,False,False,True,False,False,True,False,False,False,False,False,False,False,True,False,False,False,True,False,False,True,True,True,True,False,True,False,False,False,False,True,True,True,False,False,False,True,False,False,False,False,1,175,0,253,2026-09-25 15:09:40.329055+00:00,2026-09-25 15:09:40.355056+00:00,2026-09-25 15:09:40.356056+00:00,2026-09-25 15:09:40.368057+00:00,2026-09-25 15:09:40.358057+00:00,2026-09-25 15:09:40.359057+00:00,2026-09-25 15:09:40.360057+00:00,2026-09-25 15:09:40.361057+00:00,2026-09-25 15:09:40.362057+00:00,2026-09-25 15:09:40.363057+00:00,2026-09-25 15:09:40.364057+00:00,2026-09-25 15:09:40.376058+00:00,2026-09-25 15:09:40.366057+00:00,2026-09-25 15:09:40.367057+00:00,2026-09-25 15:09:40.357057+00:00,2026-09-25 15:09:40.369057+00:00,2026-09-25 15:09:40.370057+00:00,2026-09-25 15:09:40.371057+00:00,2026-09-25 15:09:40.372057+00:00,2026-09-25 15:09:40.373057+00:00,2026-09-25 15:09:40.374058+00:00,2026-09-25 15:09:40.375058+00:00,2026-09-25 15:09:40.365057+00:00,2026-09-25 15:09:40.377058+00:00,2026-09-25 15:09:40.378058+00:00,2026-09-25 15:09:40.379058+00:00,2026-09-25 15:09:40.380058+00:00,2026-09-25 15:09:40.392059+00:00,2026-09-25 15:09:40.382058+00:00,2026-09-25 15:09:40.383058+00:00,2026-09-25 15:09:40.384058+00:00,2026-09-25 15:09:40.396059+00:00,2026-09-25 15:09:40.386058+00:00,2026-09-25 15:09:40.387058+00:00,2026-09-25 15:09:40.388058+00:00,2026-09-25 15:09:40.389058+00:00,2026-09-25 15:09:40.390058+00:00,2026-09-25 15:09:40.391058+00:00,2026-09-25 15:09:40.381058+00:00,2026-09-25 15:09:40.393059+00:00,2026-09-25 15:09:40.394059+00:00,2026-09-25 15:09:40.395059+00:00,2026-09-25 15:09:40.385058+00:00,2026-09-25 15:09:40.397059+00:00,2026-09-25 15:09:40.398059+00:00,2026-09-25 15:09:40.399059+00:00,2026-09-25 15:09:40.400059+00:00,2026-09-25 15:09:40.401059+00:00,2026-09-25 15:09:40.402059+00:00,2026-09-25 15:09:40.403059+00:00,2026-09-25 15:09:40.415060+00:00,2026-09-25 15:09:40.405059+00:00,2026-09-25 15:09:40.417060+00:00,2026-09-25 15:09:40.418060+00:00,2026-09-25 15:09:40.419060+00:00,2026-09-25 15:09:40.420060+00:00,2026-09-25 15:09:40.421060+00:00,2026-09-25 15:09:40.411060+00:00,2026-09-25 15:09:40.423060+00:00,2026-09-25 15:09:40.413060+00:00,2026-09-25 15:09:40.414060+00:00,2026-09-25 15:09:40.404059+00:00,2026-09-25 15:09:40.416060+00:00,2026-09-25 15:09:40.406059+00:00,2026-09-25 15:09:40.407059+00:00,2026-09-25 15:09:40.408059+00:00,2026-09-25 15:09:40.409060+00:00,2026-09-25 15:09:40.410060+00:00,2026-09-25 15:09:40.422060+00:00,2026-09-25 15:09:40.412060+00:00,2026-09-25 15:09:40.424060+00:00,2026-09-25 15:09:40.425060+00:00,2026-09-25 15:09:40.426060+00:00,2026-09-25 15:09:40.439061+00:00,2026-09-25 15:09:40.428061+00:00,2026-09-25 15:09:40.429061+00:00,2026-09-25 15:09:40.430061+00:00,2026-09-25 15:09:40.431061+00:00,2026-09-25 15:09:40.432061+00:00,2026-09-25 15:09:40.433061+00:00,2026-09-25 15:09:40.434061+00:00,2026-09-25 15:09:40.436061+00:00,2026-09-25 15:09:40.437061+00:00,2026-09-25 15:09:40.439061+00:00,0.387575,2.5801457782364703,181.39349488520062,True,True,True,False,True,False,True,False,False,True,True,True,False,False,False,False
147,2026-09-25 13:40:35.828839+00:00,2026-09-25 15:09:40.788081+00:00,90.005,False,False,False,False,True,False,True,False,True,False,True,False,False,False,False,False,False,False,False,False,False,False,False,True,True,True,False,False,False,True,False,False,False,False,False,False,False,True,False,False,True,False,False,True,False,False,False,False,False,False,False,True,False,False,False,True,False,False,True,False,True,True,False,True,False,False,False,False,False,True,True,False,False,False,True,False,False,False,False,0,175,0,323,2026-09-25 15:09:40.698076+00:00,2026-09-25 15:09:40.706077+00:00,2026-09-25 15:09:40.714077+00:00,2026-09-25 15:09:40.708077+00:00,2026-09-25 15:09:40.709077+00:00,2026-09-25 15:09:40.710077+00:00,2026-09-25 15:09:40.711077+00:00,2026-09-25 15:09:40.712077+00:00,2026-09-25 15:09:40.713077+00:00,2026-09-25 15:09:40.707077+00:00,2026-09-25 15:09:40.715077+00:00,2026-09-25 15:09:40.727078+00:00,2026-09-25 15:09:40.717077+00:00,2026-09-25 15:09:40.718077+00:00,2026-09-25 15:09:40.719077+00:00,2026-09-25 15:09:40.720077+00:00,2026-09-25 15:09:40.721077+00:00,2026-09-25 15:09:40.722077+00:00,2026-09-25 15:09:40.723077+00:00,2026-09-25 15:09:40.724078+00:00,2026-09-25 15:09:40.725078+00:00,2026-09-25 15:09:40.726078+00:00,2026-09-25 15:09:40.716077+00:00,2026-09-25 15:09:40.728078+00:00,2026-09-25 15:09:40.729078+00:00,2026-09-25 15:09:40.730078+00:00,2026-09-25 15:09:40.731078+00:00,2026-09-25 15:09:40.732078+00:00,2026-09-25 15:09:40.733078+00:00,2026-09-25 15:09:40.734078+00:00,2026-09-25 15:09:40.735078+00:00,2026-09-25 15:09:40.736078+00:00,2026-09-25 15:09:40.737078+00:00,2026-09-25 15:09:40.738078+00:00,2026-09-25 15:09:40.750079+00:00,2026-09-25 15:09:40.740078+00:00,2026-09-25 15:09:40.741079+00:00,2026-09-25 15:09:40.742079+00:00,2026-09-25 15:09:40.743079+00:00,2026-09-25 15:09:40.744079+00:00,2026-09-25 15:09:40.745079+00:00,2026-09-25 15:09:40.746079+00:00,2026-09-25 15:09:40.747079+00:00,2026-09-25 15:09:40.760080+00:00,2026-09-25 15:09:40.749079+00:00,2026-09-25 15:09:40.739078+00:00,2026-09-25 15:09:40.751079+00:00,2026-09-25 15:09:40.752079+00:00,2026-09-25 15:09:40.753079+00:00,2026-09-25 15:09:40.754079+00:00,2026-09-25 15:09:40.767080+00:00,2026-09-25 15:09:40.768080+00:00,2026-09-25 15:09:40.769080+00:00,2026-09-25 15:09:40.759080+00:00,2026-09-25 15:09:40.748079+00:00,2026-09-25 15:09:40.761080+00:00,2026-09-25 15:09:40.762080+00:00,2026-09-25 15:09:40.763080+00:00,2026-09-25 15:09:40.764080+00:00,2026-09-25 15:09:40.765080+00:00,2026-09-25 15:09:40.766080+00:00,2026-09-25 15:09:40.756079+00:00,2026-09-25 15:09:40.757079+00:00,2026-09-25 15:09:40.758079+00:00,2026-09-25 15:09:40.770080+00:00,2026-09-25 15:09:40.782081+00:00,2026-09-25 15:09:40.772080+00:00,2026-09-25 15:09:40.773080+00:00,2026-09-25 15:09:40.774080+00:00,2026-09-25 15:09:40.775080+00:00,2026-09-25 15:09:40.776081+00:00,2026-09-25 15:09:40.777081+00:00,2026-09-25 15:09:40.778081+00:00,2026-09-25 15:09:40.779081+00:00,2026-09-25 15:09:40.780081+00:00,2026-09-25 15:09:40.781081+00:00,2026-09-25 15:09:40.771080+00:00,2026-09-25 15:09:40.783081+00:00,2026-09-25 15:09:40.784081+00:00,2026-09-25 15:09:40.785081+00:00,2026-09-25 15:09:40.786081+00:00,2026-09-25 15:09:40.787081+00:00,2026-09-25 15:09:40.788081+00:00,2026-09-25 15:09:40.788081+00:00,0.347377,2.878716783206718,181.31942855634352,True,True,True,False,True,False,True,False,False,True,True,True,False,False,False,False
148,2026-09-25 13:40:36.181186+00:00,2026-09-25 15:09:41.135101+00:00,91.005,False,False,False,False,True,False,True,False,True,False,True,False,False,False,False,False,False,False,False,False,False,False,False,True,True,True,False,False,False,True,False,False,False,False,False,False,False,True,False,False,True,False,False,True,False,False,False,False,False,False,False,True,False,False,False,True,False,False,True,False,True,True,False,True,False,False,False,False,False,True,True,False,False,False,True,False,False,False,False,0,175,0,392,2026-09-25 15:09:41.044096+00:00,2026-09-25 15:09:41.054096+00:00,2026-09-25 15:09:41.055096+00:00,2026-09-25 15:09:41.056097+00:00,2026-09-25 15:09:41.057097+00:00,2026-09-25 15:09:41.058097+00:00,2026-09-25 15:09:41.059097+00:00,2026-09-25 15:09:41.060097+00:00,2026-09-25 15:09:41.061097+00:00,2026-09-25 15:09:41.062097+00:00,2026-09-25 15:09:41.063097+00:00,2026-09-25 15:09:41.064097+00:00,2026-09-25 15:09:41.065097+00:00,2026-09-25 15:09:41.066097+00:00,2026-09-25 15:09:41.067097+00:00,2026-09-25 15:09:41.068097+00:00,2026-09-25 15:09:41.069097+00:00,2026-09-25 15:09:41.070097+00:00,2026-09-25 15:09:41.071097+00:00,2026-09-25 15:09:41.072097+00:00,2026-09-25 15:09:41.073097+00:00,2026-09-25 15:09:41.074098+00:00,2026-09-25 15:09:41.075098+00:00,2026-09-25 15:09:41.076098+00:00,2026-09-25 15:09:41.077098+00:00,2026-09-25 15:09:41.100099+00:00,2026-09-25 15:09:41.079098+00:00,2026-09-25 15:09:41.080098+00:00,2026-09-25 15:09:41.081098+00:00,2026-09-25 15:09:41.082098+00:00,2026-09-25 15:09:41.094099+00:00,2026-09-25 15:09:41.084098+00:00,2026-09-25 15:09:41.085098+00:00,2026-09-25 15:09:41.086098+00:00,2026-09-25 15:09:41.087098+00:00,2026-09-25 15:09:41.088098+00:00,2026-09-25 15:09:41.078098+00:00,2026-09-25 15:09:41.090098+00:00,2026-09-25 15:09:41.091099+00:00,2026-09-25 15:09:41.092099+00:00,2026-09-25 15:09:41.093099+00:00,2026-09-25 15:09:41.083098+00:00,2026-09-25 15:09:41.095099+00:00,2026-09-25 15:09:41.096099+00:00,2026-09-25 15:09:41.097099+00:00,2026-09-25 15:09:41.098099+00:00,2026-09-25 15:09:41.099099+00:00,2026-09-25 15:09:41.089098+00:00,2026-09-25 15:09:41.101099+00:00,2026-09-25 15:09:41.102099+00:00,2026-09-25 15:09:41.103099+00:00,2026-09-25 15:09:41.104099+00:00,2026-09-25 15:09:41.105099+00:00,2026-09-25 15:09:41.106099+00:00,2026-09-25 15:09:41.107099+00:00,2026-09-25 15:09:41.108099+00:00,2026-09-25 15:09:41.109100+00:00,2026-09-25 15:09:41.110100+00:00,2026-09-25 15:09:41.111100+00:00,2026-09-25 15:09:41.123100+00:00,2026-09-25 15:09:41.113100+00:00,2026-09-25 15:09:41.125100+00:00,2026-09-25 15:09:41.115100+00:00,2026-09-25 15:09:41.116100+00:00,2026-09-25 15:09:41.117100+00:00,2026-09-25 15:09:41.118100+00:00,2026-09-25 15:09:41.119100+00:00,2026-09-25 15:09:41.120100+00:00,2026-09-25 15:09:41.121100+00:00,2026-09-25 15:09:41.122100+00:00,2026-09-25 15:09:41.112100+00:00,2026-09-25 15:09:41.124100+00:00,2026-09-25 15:09:41.114100+00:00,2026-09-25 15:09:41.126101+00:00,2026-09-25 15:09:41.127101+00:00,2026-09-25 15:09:41.128101+00:00,2026-09-25 15:09:41.129101+00:00,2026-09-25 15:09:41.130101+00:00,2026-09-25 15:09:41.131101+00:00,2026-09-25 15:09:41.132101+00:00,2026-09-25 15:09:41.133101+00:00,2026-09-25 15:09:41.134101+00:00,2026-09-25 15:09:41.135101+00:00,2026-09-25 15:09:41.135101+00:00,0.352347,2.838111293696271,181.24420506045237,True,True,True,False,True,False,True,False,False,True,True,True,False,False,False,False
149,2026-09-25 13:40:36.538485+00:00,2026-09-25 15:09:41.499122+00:00,98.006,False,False,False,False,True,False,True,False,True,False,True,False,False,False,False,False,False,False,False,False,False,False,False,True,True,True,False,False,False,True,False,False,False,False,False,False,False,True,False,False,True,False,False,True,False,False,False,False,False,False,False,True,False,False,False,True,False,False,False,True,True,True,False,True,False,False,False,False,False,True,True,False,False,False,True,False,False,False,False,65,175,0,462,2026-09-25 15:09:41.401116+00:00,2026-09-25 15:09:41.416117+00:00,2026-09-25 15:09:41.417117+00:00,2026-09-25 15:09:41.418117+00:00,2026-09-25 15:09:41.430118+00:00,2026-09-25 15:09:41.420117+00:00,2026-09-25 15:09:41.421117+00:00,2026-09-25 15:09:41.422117+00:00,2026-09-25 15:09:41.434118+00:00,2026-09-25 15:09:41.424118+00:00,2026-09-25 15:09:41.425118+00:00,2026-09-25 15:09:41.426118+00:00,2026-09-25 15:09:41.427118+00:00,2026-09-25 15:09:41.428118+00:00,2026-09-25 15:09:41.429118+00:00,2026-09-25 15:09:41.419117+00:00,2026-09-25 15:09:41.431118+00:00,2026-09-25 15:09:41.432118+00:00,2026-09-25 15:09:41.433118+00:00,2026-09-25 15:09:41.435118+00:00,2026-09-25 15:09:41.436118+00:00,2026-09-25 15:09:41.437118+00:00,2026-09-25 15:09:41.438118+00:00,2026-09-25 15:09:41.439118+00:00,2026-09-25 15:09:41.440118+00:00,2026-09-25 15:09:41.452119+00:00,2026-09-25 15:09:41.442119+00:00,2026-09-25 15:09:41.443119+00:00,2026-09-25 15:09:41.444119+00:00,2026-09-25 15:09:41.445119+00:00,2026-09-25 15:09:41.446119+00:00,2026-09-25 15:09:41.447119+00:00,2026-09-25 15:09:41.448119+00:00,2026-09-25 15:09:41.449119+00:00,2026-09-25 15:09:41.450119+00:00,2026-09-25 15:09:41.451119+00:00,2026-09-25 15:09:41.441119+00:00,2026-09-25 15:09:41.453119+00:00,2026-09-25 15:09:41.454119+00:00,2026-09-25 15:09:41.455119+00:00,2026-09-25 15:09:41.456119+00:00,2026-09-25 15:09:41.468120+00:00,2026-09-25 15:09:41.458120+00:00,2026-09-25 15:09:41.459120+00:00,2026-09-25 15:09:41.460120+00:00,2026-09-25 15:09:41.461120+00:00,2026-09-25 15:09:41.462120+00:00,2026-09-25 15:09:41.463120+00:00,2026-09-25 15:09:41.464120+00:00,2026-09-25 15:09:41.465120+00:00,2026-09-25 15:09:41.466120+00:00,2026-09-25 15:09:41.467120+00:00,2026-09-25 15:09:41.457119+00:00,2026-09-25 15:09:41.469120+00:00,2026-09-25 15:09:41.470120+00:00,2026-09-25 15:09:41.471120+00:00,2026-09-25 15:09:41.472120+00:00,2026-09-25 15:09:41.473120+00:00,2026-09-25 15:09:41.474120+00:00,2026-09-25 15:09:41.475120+00:00,2026-09-25 15:09:41.476121+00:00,2026-09-25 15:09:41.477121+00:00,2026-09-25 15:09:41.478121+00:00,2026-09-25 15:09:41.479121+00:00,2026-09-25 15:09:41.480121+00:00,2026-09-25 15:09:41.481121+00:00,2026-09-25 15:09:41.482121+00:00,2026-09-25 15:09:41.483121+00:00,2026-09-25 15:09:41.484121+00:00,2026-09-25 15:09:41.496122+00:00,2026-09-25 15:09:41.497122+00:00,2026-09-25 15:09:41.498122+00:00,2026-09-25 15:09:41.499122+00:00,2026-09-25 15:09:41.489121+00:00,2026-09-25 15:09:41.490121+00:00,2026-09-25 15:09:41.491121+00:00,2026-09-25 15:09:41.492121+00:00,2026-09-25 15:09:41.493122+00:00,2026-09-25 15:09:41.494122+00:00,2026-09-25 15:09:41.495122+00:00,2026-09-25 15:09:41.485121+00:00,2026-09-25 15:09:41.486121+00:00,2026-09-25 15:09:41.487121+00:00,2026-09-25 15:09:41.499122+00:00,0.357299,2.7987763749688637,181.16374112194214,True,True,True,False,True,False,True,False,False,True,True,True,False,False,False,False
150,2026-09-25 13:40:36.914801+00:00,2026-09-25 15:09:41.872143+00:00,116.006,True,False,False,False,True,False,True,False,True,False,False,False,False,False,False,False,False,False,False,False,False,False,False,True,False,True,False,False,False,True,False,False,False,False,False,False,False,True,False,False,True,False,False,True,False,False,False,False,False,False,False,True,False,False,False,True,False,False,True,False,True,True,False,True,False,False,False,False,False,True,True,False,False,False,True,False,False,False,False,0,175,0,539,2026-09-25 15:09:41.756137+00:00,2026-09-25 15:09:41.791139+00:00,2026-09-25 15:09:41.792139+00:00,2026-09-25 15:09:41.793139+00:00,2026-09-25 15:09:41.794139+00:00,2026-09-25 15:09:41.795139+00:00,2026-09-25 15:09:41.796139+00:00,2026-09-25 15:09:41.797139+00:00,2026-09-25 15:09:41.798139+00:00,2026-09-25 15:09:41.799139+00:00,2026-09-25 15:09:41.800139+00:00,2026-09-25 15:09:41.801139+00:00,2026-09-25 15:09:41.802139+00:00,2026-09-25 15:09:41.803139+00:00,2026-09-25 15:09:41.804139+00:00,2026-09-25 15:09:41.805139+00:00,2026-09-25 15:09:41.806139+00:00,2026-09-25 15:09:41.807139+00:00,2026-09-25 15:09:41.808140+00:00,2026-09-25 15:09:41.809140+00:00,2026-09-25 15:09:41.810140+00:00,2026-09-25 15:09:41.811140+00:00,2026-09-25 15:09:41.812140+00:00,2026-09-25 15:09:41.813140+00:00,2026-09-25 15:09:41.814140+00:00,2026-09-25 15:09:41.815140+00:00,2026-09-25 15:09:41.816140+00:00,2026-09-25 15:09:41.817140+00:00,2026-09-25 15:09:41.818140+00:00,2026-09-25 15:09:41.819140+00:00,2026-09-25 15:09:41.820140+00:00,2026-09-25 15:09:41.821140+00:00,2026-09-25 15:09:41.822140+00:00,2026-09-25 15:09:41.823140+00:00,2026-09-25 15:09:41.824140+00:00,2026-09-25 15:09:41.825141+00:00,2026-09-25 15:09:41.826141+00:00,2026-09-25 15:09:41.827141+00:00,2026-09-25 15:09:41.828141+00:00,2026-09-25 15:09:41.829141+00:00,2026-09-25 15:09:41.830141+00:00,2026-09-25 15:09:41.831141+00:00,2026-09-25 15:09:41.832141+00:00,2026-09-25 15:09:41.833141+00:00,2026-09-25 15:09:41.834141+00:00,2026-09-25 15:09:41.835141+00:00,2026-09-25 15:09:41.836141+00:00,2026-09-25 15:09:41.837141+00:00,2026-09-25 15:09:41.838141+00:00,2026-09-25 15:09:41.839141+00:00,2026-09-25 15:09:41.840141+00:00,2026-09-25 15:09:41.841141+00:00,2026-09-25 15:09:41.842141+00:00,2026-09-25 15:09:41.843142+00:00,2026-09-25 15:09:41.844142+00:00,2026-09-25 15:09:41.845142+00:00,2026-09-25 15:09:41.846142+00:00,2026-09-25 15:09:41.847142+00:00,2026-09-25 15:09:41.848142+00:00,2026-09-25 15:09:41.849142+00:00,2026-09-25 15:09:41.850142+00:00,2026-09-25 15:09:41.851142+00:00,2026-09-25 15:09:41.852142+00:00,2026-09-25 15:09:41.853142+00:00,2026-09-25 15:09:41.854142+00:00,2026-09-25 15:09:41.855142+00:00,2026-09-25 15:09:41.856142+00:00,2026-09-25 15:09:41.857142+00:00,2026-09-25 15:09:41.858142+00:00,2026-09-25 15:09:41.859142+00:00,2026-09-25 15:09:41.860143+00:00,2026-09-25 15:09:41.861143+00:00,2026-09-25 15:09:41.862143+00:00,2026-09-25 15:09:41.863143+00:00,2026-09-25 15:09:41.864143+00:00,2026-09-25 15:09:41.865143+00:00,2026-09-25 15:09:41.866143+00:00,2026-09-25 15:09:41.867143+00:00,2026-09-25 15:09:41.868143+00:00,2026-09-25 15:09:41.869143+00:00,2026-09-25 15:09:41.870143+00:00,2026-09-25 15:09:41.871143+00:00,2026-09-25 15:09:41.872143+00:00,2026-09-25 15:09:41.872143+00:00,0.376316,2.6573411707182264,181.07979203951126,True,True,False,False,True,False,True,False,False,True,True,True,False,False,True,False
151,2026-09-25 13:40:37.269887+00:00,2026-09-25 15:09:42.225163+00:00,96.005,True,False,False,False,True,False,True,False,True,False,False,False,False,False,False,False,False,False,False,False,False,False,False,True,False,True,False,False,False,True,False,False,False,False,False,False,False,True,False,False,True,False,False,True,False,False,False,False,False,False,False,True,False,False,False,True,False,False,False,True,True,True,False,True,False,False,False,False,True,True,True,False,False,False,True,False,False,False,False,0,175,0,610,2026-09-25 15:09:42.129158+00:00,2026-09-25 15:09:42.142159+00:00,2026-09-25 15:09:42.144159+00:00,2026-09-25 15:09:42.145159+00:00,2026-09-25 15:09:42.146159+00:00,2026-09-25 15:09:42.147159+00:00,2026-09-25 15:09:42.148159+00:00,2026-09-25 15:09:42.149159+00:00,2026-09-25 15:09:42.150159+00:00,2026-09-25 15:09:42.151159+00:00,2026-09-25 15:09:42.152159+00:00,2026-09-25 15:09:42.153159+00:00,2026-09-25 15:09:42.154159+00:00,2026-09-25 15:09:42.155159+00:00,2026-09-25 15:09:42.156159+00:00,2026-09-25 15:09:42.157160+00:00,2026-09-25 15:09:42.158160+00:00,2026-09-25 15:09:42.159160+00:00,2026-09-25 15:09:42.160160+00:00,2026-09-25 15:09:42.161160+00:00,2026-09-25 15:09:42.162160+00:00,2026-09-25 15:09:42.163160+00:00,2026-09-25 15:09:42.164160+00:00,2026-09-25 15:09:42.165160+00:00,2026-09-25 15:09:42.166160+00:00,2026-09-25 15:09:42.167160+00:00,2026-09-25 15:09:42.168160+00:00,2026-09-25 15:09:42.180161+00:00,2026-09-25 15:09:42.170160+00:00,2026-09-25 15:09:42.171160+00:00,2026-09-25 15:09:42.172160+00:00,2026-09-25 15:09:42.173160+00:00,2026-09-25 15:09:42.174160+00:00,2026-09-25 15:09:42.175161+00:00,2026-09-25 15:09:42.176161+00:00,2026-09-25 15:09:42.177161+00:00,2026-09-25 15:09:42.178161+00:00,2026-09-25 15:09:42.179161+00:00,2026-09-25 15:09:42.169160+00:00,2026-09-25 15:09:42.181161+00:00,2026-09-25 15:09:42.182161+00:00,2026-09-25 15:09:42.183161+00:00,2026-09-25 15:09:42.185161+00:00,2026-09-25 15:09:42.186161+00:00,2026-09-25 15:09:42.187161+00:00,2026-09-25 15:09:42.188161+00:00,2026-09-25 15:09:42.189161+00:00,2026-09-25 15:09:42.190161+00:00,2026-09-25 15:09:42.191161+00:00,2026-09-25 15:09:42.192162+00:00,2026-09-25 15:09:42.193162+00:00,2026-09-25 15:09:42.194162+00:00,2026-09-25 15:09:42.195162+00:00,2026-09-25 15:09:42.196162+00:00,2026-09-25 15:09:42.197162+00:00,2026-09-25 15:09:42.198162+00:00,2026-09-25 15:09:42.199162+00:00,2026-09-25 15:09:42.200162+00:00,2026-09-25 15:09:42.201162+00:00,2026-09-25 15:09:42.202162+00:00,2026-09-25 15:09:42.203162+00:00,2026-09-25 15:09:42.204162+00:00,2026-09-25 15:09:42.205162+00:00,2026-09-25 15:09:42.206162+00:00,2026-09-25 15:09:42.207162+00:00,2026-09-25 15:09:42.208162+00:00,2026-09-25 15:09:42.209162+00:00,2026-09-25 15:09:42.210163+00:00,2026-09-25 15:09:42.211163+00:00,2026-09-25 15:09:42.212163+00:00,2026-09-25 15:09:42.213163+00:00,2026-09-25 15:09:42.214163+00:00,2026-09-25 15:09:42.215163+00:00,2026-09-25 15:09:42.216163+00:00,2026-09-25 15:09:42.217163+00:00,2026-09-25 15:09:42.218163+00:00,2026-09-25 15:09:42.219163+00:00,2026-09-25 15:09:42.220163+00:00,2026-09-25 15:09:42.221163+00:00,2026-09-25 15:09:42.222163+00:00,2026-09-25 15:09:42.223163+00:00,2026-09-25 15:09:42.224163+00:00,2026-09-25 15:09:42.225163+00:00,2026-09-25 15:09:42.225163+00:00,0.355086,2.8162191694406427,180.99909978323842,True,True,False,False,True,False,True,False,False,True,True,True,False,False,True,False
152,2026-09-25 13:40:37.675002+00:00,2026-09-25 15:09:42.636187+00:00,94.005,True,False,False,False,True,False,True,False,True,False,False,False,False,False,False,False,False,False,False,False,False,False,False,True,False,True,False,False,False,True,False,False,False,False,False,False,False,True,False,False,True,False,False,True,False,False,False,False,False,False,False,True,False,False,False,True,False,False,True,False,True,True,False,True,False,False,False,False,False,True,True,False,False,False,True,False,False,False,False,0,175,0,691,2026-09-25 15:09:42.542182+00:00,2026-09-25 15:09:42.546182+00:00,2026-09-25 15:09:42.547182+00:00,2026-09-25 15:09:42.548182+00:00,2026-09-25 15:09:42.560183+00:00,2026-09-25 15:09:42.550182+00:00,2026-09-25 15:09:42.551182+00:00,2026-09-25 15:09:42.552182+00:00,2026-09-25 15:09:42.553182+00:00,2026-09-25 15:09:42.554182+00:00,2026-09-25 15:09:42.555182+00:00,2026-09-25 15:09:42.556182+00:00,2026-09-25 15:09:42.557182+00:00,2026-09-25 15:09:42.558182+00:00,2026-09-25 15:09:42.559182+00:00,2026-09-25 15:09:42.549182+00:00,2026-09-25 15:09:42.561183+00:00,2026-09-25 15:09:42.562183+00:00,2026-09-25 15:09:42.563183+00:00,2026-09-25 15:09:42.565183+00:00,2026-09-25 15:09:42.577184+00:00,2026-09-25 15:09:42.578184+00:00,2026-09-25 15:09:42.568183+00:00,2026-09-25 15:09:42.569183+00:00,2026-09-25 15:09:42.570183+00:00,2026-09-25 15:09:42.571183+00:00,2026-09-25 15:09:42.572183+00:00,2026-09-25 15:09:42.573183+00:00,2026-09-25 15:09:42.574183+00:00,2026-09-25 15:09:42.575183+00:00,2026-09-25 15:09:42.576183+00:00,2026-09-25 15:09:42.566183+00:00,2026-09-25 15:09:42.567183+00:00,2026-09-25 15:09:42.579184+00:00,2026-09-25 15:09:42.580184+00:00,2026-09-25 15:09:42.581184+00:00,2026-09-25 15:09:42.582184+00:00,2026-09-25 15:09:42.583184+00:00,2026-09-25 15:09:42.584184+00:00,2026-09-25 15:09:42.585184+00:00,2026-09-25 15:09:42.586184+00:00,2026-09-25 15:09:42.587184+00:00,2026-09-25 15:09:42.599185+00:00,2026-09-25 15:09:42.589184+00:00,2026-09-25 15:09:42.590184+00:00,2026-09-25 15:09:42.591184+00:00,2026-09-25 15:09:42.592184+00:00,2026-09-25 15:09:42.593184+00:00,2026-09-25 15:09:42.594184+00:00,2026-09-25 15:09:42.595185+00:00,2026-09-25 15:09:42.607185+00:00,2026-09-25 15:09:42.597185+00:00,2026-09-25 15:09:42.598185+00:00,2026-09-25 15:09:42.588184+00:00,2026-09-25 15:09:42.600185+00:00,2026-09-25 15:09:42.601185+00:00,2026-09-25 15:09:42.602185+00:00,2026-09-25 15:09:42.603185+00:00,2026-09-25 15:09:42.604185+00:00,2026-09-25 15:09:42.605185+00:00,2026-09-25 15:09:42.606185+00:00,2026-09-25 15:09:42.596185+00:00,2026-09-25 15:09:42.608185+00:00,2026-09-25 15:09:42.609185+00:00,2026-09-25 15:09:42.610185+00:00,2026-09-25 15:09:42.624186+00:00,2026-09-25 15:09:42.613186+00:00,2026-09-25 15:09:42.614186+00:00,2026-09-25 15:09:42.615186+00:00,2026-09-25 15:09:42.616186+00:00,2026-09-25 15:09:42.617186+00:00,2026-09-25 15:09:42.618186+00:00,2026-09-25 15:09:42.619186+00:00,2026-09-25 15:09:42.620186+00:00,2026-09-25 15:09:42.621186+00:00,2026-09-25 15:09:42.634187+00:00,2026-09-25 15:09:42.611185+00:00,2026-09-25 15:09:42.636187+00:00,2026-09-25 15:09:42.626186+00:00,2026-09-25 15:09:42.627186+00:00,2026-09-25 15:09:42.628186+00:00,2026-09-25 15:09:42.629187+00:00,2026-09-25 15:09:42.630187+00:00,2026-09-25 15:09:42.636187+00:00,0.405115,2.4684348888587193,180.9038204243983,True,True,False,False,True,False,True,False,False,True,True,True,False,False,True,False
153,2026-09-25 13:40:38.039328+00:00,2026-09-25 15:09:42.998208+00:00,96.006,True,False,False,False,True,False,True,False,True,False,False,False,False,False,False,False,False,False,False,False,False,False,False,True,False,True,False,False,False,True,False,False,False,False,False,False,False,True,False,False,True,False,False,True,False,False,False,False,False,False,False,True,False,False,False,True,False,False,False,True,True,True,False,True,False,False,False,False,False,True,False,False,False,False,True,False,False,False,False,0,175,0,763,2026-09-25 15:09:42.902202+00:00,2026-09-25 15:09:42.909203+00:00,2026-09-25 15:09:42.910203+00:00,2026-09-25 15:09:42.922203+00:00,2026-09-25 15:09:42.912203+00:00,2026-09-25 15:09:42.913203+00:00,2026-09-25 15:09:42.914203+00:00,2026-09-25 15:09:42.915203+00:00,2026-09-25 15:09:42.916203+00:00,2026-09-25 15:09:42.917203+00:00,2026-09-25 15:09:42.918203+00:00,2026-09-25 15:09:42.930204+00:00,2026-09-25 15:09:42.920203+00:00,2026-09-25 15:09:42.921203+00:00,2026-09-25 15:09:42.911203+00:00,2026-09-25 15:09:42.935204+00:00,2026-09-25 15:09:42.924203+00:00,2026-09-25 15:09:42.925203+00:00,2026-09-25 15:09:42.926203+00:00,2026-09-25 15:09:42.927204+00:00,2026-09-25 15:09:42.928204+00:00,2026-09-25 15:09:42.929204+00:00,2026-09-25 15:09:42.919203+00:00,2026-09-25 15:09:42.931204+00:00,2026-09-25 15:09:42.932204+00:00,2026-09-25 15:09:42.934204+00:00,2026-09-25 15:09:42.923203+00:00,2026-09-25 15:09:42.936204+00:00,2026-09-25 15:09:42.937204+00:00,2026-09-25 15:09:42.938204+00:00,2026-09-25 15:09:42.951205+00:00,2026-09-25 15:09:42.941204+00:00,2026-09-25 15:09:42.942204+00:00,2026-09-25 15:09:42.943204+00:00,2026-09-25 15:09:42.944205+00:00,2026-09-25 15:09:42.945205+00:00,2026-09-25 15:09:42.946205+00:00,2026-09-25 15:09:42.947205+00:00,2026-09-25 15:09:42.948205+00:00,2026-09-25 15:09:42.949205+00:00,2026-09-25 15:09:42.950205+00:00,2026-09-25 15:09:42.940204+00:00,2026-09-25 15:09:42.952205+00:00,2026-09-25 15:09:42.953205+00:00,2026-09-25 15:09:42.954205+00:00,2026-09-25 15:09:42.966206+00:00,2026-09-25 15:09:42.956205+00:00,2026-09-25 15:09:42.957205+00:00,2026-09-25 15:09:42.958205+00:00,2026-09-25 15:09:42.959205+00:00,2026-09-25 15:09:42.960205+00:00,2026-09-25 15:09:42.961205+00:00,2026-09-25 15:09:42.962206+00:00,2026-09-25 15:09:42.963206+00:00,2026-09-25 15:09:42.964206+00:00,2026-09-25 15:09:42.965206+00:00,2026-09-25 15:09:42.955205+00:00,2026-09-25 15:09:42.967206+00:00,2026-09-25 15:09:42.968206+00:00,2026-09-25 15:09:42.969206+00:00,2026-09-25 15:09:42.970206+00:00,2026-09-25 15:09:42.971206+00:00,2026-09-25 15:09:42.983207+00:00,2026-09-25 15:09:42.973206+00:00,2026-09-25 15:09:42.985207+00:00,2026-09-25 15:09:42.998208+00:00,2026-09-25 15:09:42.988207+00:00,2026-09-25 15:09:42.977206+00:00,2026-09-25 15:09:42.978206+00:00,2026-09-25 15:09:42.991207+00:00,2026-09-25 15:09:42.980207+00:00,2026-09-25 15:09:42.981207+00:00,2026-09-25 15:09:42.982207+00:00,2026-09-25 15:09:42.972206+00:00,2026-09-25 15:09:42.984207+00:00,2026-09-25 15:09:42.974206+00:00,2026-09-25 15:09:42.975206+00:00,2026-09-25 15:09:42.976206+00:00,2026-09-25 15:09:42.989207+00:00,2026-09-25 15:09:42.990207+00:00,2026-09-25 15:09:42.979207+00:00,2026-09-25 15:09:42.992207+00:00,2026-09-25 15:09:42.993207+00:00,2026-09-25 15:09:42.998208+00:00,0.364326,2.744794497235992,180.81889260665434,True,True,False,False,True,False,True,False,True,True,True,True,False,False,True,False
154,2026-09-25 13:40:38.471408+00:00,2026-09-25 15:09:43.342227+00:00,86.005,True,False,False,False,True,False,True,False,True,False,False,False,False,False,False,False,False,False,False,False,False,False,False,True,False,True,False,True,False,True,False,False,False,False,False,True,False,False,False,False,True,False,False,True,False,False,False,False,False,False,False,True,False,False,False,True,False,False,False,True,True,True,False,True,False,False,False,False,True,True,True,False,False,False,True,False,False,False,False,0,175,0,833,2026-09-25 15:09:43.256222+00:00,2026-09-25 15:09:43.260223+00:00,2026-09-25 15:09:43.261223+00:00,2026-09-25 15:09:43.262223+00:00,2026-09-25 15:09:43.263223+00:00,2026-09-25 15:09:43.264223+00:00,2026-09-25 15:09:43.265223+00:00,2026-09-25 15:09:43.266223+00:00,2026-09-25 15:09:43.278224+00:00,2026-09-25 15:09:43.268223+00:00,2026-09-25 15:09:43.269223+00:00,2026-09-25 15:09:43.270223+00:00,2026-09-25 15:09:43.271223+00:00,2026-09-25 15:09:43.272223+00:00,2026-09-25 15:09:43.273223+00:00,2026-09-25 15:09:43.274223+00:00,2026-09-25 15:09:43.275223+00:00,2026-09-25 15:09:43.276224+00:00,2026-09-25 15:09:43.277224+00:00,2026-09-25 15:09:43.267223+00:00,2026-09-25 15:09:43.279224+00:00,2026-09-25 15:09:43.280224+00:00,2026-09-25 15:09:43.281224+00:00,2026-09-25 15:09:43.282224+00:00,2026-09-25 15:09:43.283224+00:00,2026-09-25 15:09:43.284224+00:00,2026-09-25 15:09:43.285224+00:00,2026-09-25 15:09:43.286224+00:00,2026-09-25 15:09:43.287224+00:00,2026-09-25 15:09:43.288224+00:00,2026-09-25 15:09:43.289224+00:00,2026-09-25 15:09:43.290224+00:00,2026-09-25 15:09:43.302225+00:00,2026-09-25 15:09:43.292224+00:00,2026-09-25 15:09:43.293224+00:00,2026-09-25 15:09:43.294225+00:00,2026-09-25 15:09:43.295225+00:00,2026-09-25 15:09:43.296225+00:00,2026-09-25 15:09:43.297225+00:00,2026-09-25 15:09:43.298225+00:00,2026-09-25 15:09:43.299225+00:00,2026-09-25 15:09:43.300225+00:00,2026-09-25 15:09:43.301225+00:00,2026-09-25 15:09:43.291224+00:00,2026-09-25 15:09:43.303225+00:00,2026-09-25 15:09:43.304225+00:00,2026-09-25 15:09:43.305225+00:00,2026-09-25 15:09:43.306225+00:00,2026-09-25 15:09:43.307225+00:00,2026-09-25 15:09:43.308225+00:00,2026-09-25 15:09:43.309225+00:00,2026-09-25 15:09:43.310225+00:00,2026-09-25 15:09:43.311226+00:00,2026-09-25 15:09:43.312226+00:00,2026-09-25 15:09:43.314226+00:00,2026-09-25 15:09:43.315226+00:00,2026-09-25 15:09:43.316226+00:00,2026-09-25 15:09:43.317226+00:00,2026-09-25 15:09:43.318226+00:00,2026-09-25 15:09:43.319226+00:00,2026-09-25 15:09:43.320226+00:00,2026-09-25 15:09:43.321226+00:00,2026-09-25 15:09:43.322226+00:00,2026-09-25 15:09:43.323226+00:00,2026-09-25 15:09:43.324226+00:00,2026-09-25 15:09:43.325226+00:00,2026-09-25 15:09:43.326226+00:00,2026-09-25 15:09:43.327226+00:00,2026-09-25 15:09:43.328226+00:00,2026-09-25 15:09:43.329227+00:00,2026-09-25 15:09:43.330227+00:00,2026-09-25 15:09:43.331227+00:00,2026-09-25 15:09:43.332227+00:00,2026-09-25 15:09:43.333227+00:00,2026-09-25 15:09:43.334227+00:00,2026-09-25 15:09:43.335227+00:00,2026-09-25 15:09:43.336227+00:00,2026-09-25 15:09:43.337227+00:00,2026-09-25 15:09:43.338227+00:00,2026-09-25 15:09:43.339227+00:00,2026-09-25 15:09:43.340227+00:00,2026-09-25 15:09:43.341227+00:00,2026-09-25 15:09:43.342227+00:00,2026-09-25 15:09:43.342227+00:00,0.43208,2.31438622477319,180.73746730014318,True,True,False,False,True,False,True,False,False,True,True,True,False,False,True,False
155,2026-09-25 13:40:38.826322+00:00,2026-09-25 15:09:43.774252+00:00,88.005,True,False,False,False,True,False,True,False,True,False,False,False,False,False,False,False,False,False,False,False,False,False,False,True,False,True,False,True,False,True,False,True,False,False,False,False,False,False,False,False,True,True,False,True,False,False,False,False,False,False,False,True,False,False,False,True,False,False,False,False,True,True,False,True,False,False,False,False,False,True,True,False,False,False,True,False,False,False,False,1,175,0,919,2026-09-25 15:09:43.686247+00:00,2026-09-25 15:09:43.692247+00:00,2026-09-25 15:09:43.693247+00:00,2026-09-25 15:09:43.694247+00:00,2026-09-25 15:09:43.695247+00:00,2026-09-25 15:09:43.696248+00:00,2026-09-25 15:09:43.697248+00:00,2026-09-25 15:09:43.698248+00:00,2026-09-25 15:09:43.699248+00:00,2026-09-25 15:09:43.700248+00:00,2026-09-25 15:09:43.701248+00:00,2026-09-25 15:09:43.702248+00:00,2026-09-25 15:09:43.703248+00:00,2026-09-25 15:09:43.704248+00:00,2026-09-25 15:09:43.705248+00:00,2026-09-25 15:09:43.706248+00:00,2026-09-25 15:09:43.707248+00:00,2026-09-25 15:09:43.708248+00:00,2026-09-25 15:09:43.709248+00:00,2026-09-25 15:09:43.710248+00:00,2026-09-25 15:09:43.711248+00:00,2026-09-25 15:09:43.712248+00:00,2026-09-25 15:09:43.713249+00:00,2026-09-25 15:09:43.714249+00:00,2026-09-25 15:09:43.715249+00:00,2026-09-25 15:09:43.716249+00:00,2026-09-25 15:09:43.717249+00:00,2026-09-25 15:09:43.718249+00:00,2026-09-25 15:09:43.719249+00:00,2026-09-25 15:09:43.720249+00:00,2026-09-25 15:09:43.721249+00:00,2026-09-25 15:09:43.722249+00:00,2026-09-25 15:09:43.723249+00:00,2026-09-25 15:09:43.724249+00:00,2026-09-25 15:09:43.725249+00:00,2026-09-25 15:09:43.726249+00:00,2026-09-25 15:09:43.727249+00:00,2026-09-25 15:09:43.728249+00:00,2026-09-25 15:09:43.740250+00:00,2026-09-25 15:09:43.730249+00:00,2026-09-25 15:09:43.731250+00:00,2026-09-25 15:09:43.732250+00:00,2026-09-25 15:09:43.733250+00:00,2026-09-25 15:09:43.745250+00:00,2026-09-25 15:09:43.735250+00:00,2026-09-25 15:09:43.736250+00:00,2026-09-25 15:09:43.737250+00:00,2026-09-25 15:09:43.738250+00:00,2026-09-25 15:09:43.739250+00:00,2026-09-25 15:09:43.729249+00:00,2026-09-25 15:09:43.741250+00:00,2026-09-25 15:09:43.742250+00:00,2026-09-25 15:09:43.743250+00:00,2026-09-25 15:09:43.744250+00:00,2026-09-25 15:09:43.734250+00:00,2026-09-25 15:09:43.746250+00:00,2026-09-25 15:09:43.747250+00:00,2026-09-25 15:09:43.748251+00:00,2026-09-25 15:09:43.749251+00:00,2026-09-25 15:09:43.750251+00:00,2026-09-25 15:09:43.751251+00:00,2026-09-25 15:09:43.764251+00:00,2026-09-25 15:09:43.754251+00:00,2026-09-25 15:09:43.755251+00:00,2026-09-25 15:09:43.767252+00:00,2026-09-25 15:09:43.768252+00:00,2026-09-25 15:09:43.758251+00:00,2026-09-25 15:09:43.759251+00:00,2026-09-25 15:09:43.760251+00:00,2026-09-25 15:09:43.761251+00:00,2026-09-25 15:09:43.762251+00:00,2026-09-25 15:09:43.763251+00:00,2026-09-25 15:09:43.753251+00:00,2026-09-25 15:09:43.765251+00:00,2026-09-25 15:09:43.766252+00:00,2026-09-25 15:09:43.756251+00:00,2026-09-25 15:09:43.757251+00:00,2026-09-25 15:09:43.769252+00:00,2026-09-25 15:09:43.770252+00:00,2026-09-25 15:09:43.771252+00:00,2026-09-25 15:09:43.772252+00:00,2026-09-25 15:09:43.773252+00:00,2026-09-25 15:09:43.774252+00:00,2026-09-25 15:09:43.774252+00:00,0.354914,2.817583978090467,180.6344366193505,True,True,False,False,True,False,True,False,False,True,True,True,False,False,True,False
156,2026-09-25 13:40:39.264497+00:00,2026-09-25 15:09:44.142273+00:00,100.006,True,False,False,False,True,False,True,False,True,False,False,False,False,False,False,False,False,False,False,False,False,False,False,True,True,True,False,True,False,True,False,True,False,False,False,False,False,False,False,False,True,True,False,True,False,False,False,False,False,False,False,True,False,False,False,True,False,False,False,True,True,True,False,True,False,False,False,False,False,True,True,False,False,False,False,True,False,False,False,0,175,0,992,2026-09-25 15:09:44.042267+00:00,2026-09-25 15:09:44.056268+00:00,2026-09-25 15:09:44.057268+00:00,2026-09-25 15:09:44.058268+00:00,2026-09-25 15:09:44.059268+00:00,2026-09-25 15:09:44.060268+00:00,2026-09-25 15:09:44.061268+00:00,2026-09-25 15:09:44.063269+00:00,2026-09-25 15:09:44.064269+00:00,2026-09-25 15:09:44.065269+00:00,2026-09-25 15:09:44.066269+00:00,2026-09-25 15:09:44.067269+00:00,2026-09-25 15:09:44.068269+00:00,2026-09-25 15:09:44.069269+00:00,2026-09-25 15:09:44.070269+00:00,2026-09-25 15:09:44.071269+00:00,2026-09-25 15:09:44.072269+00:00,2026-09-25 15:09:44.073269+00:00,2026-09-25 15:09:44.074269+00:00,2026-09-25 15:09:44.075269+00:00,2026-09-25 15:09:44.076269+00:00,2026-09-25 15:09:44.077269+00:00,2026-09-25 15:09:44.078269+00:00,2026-09-25 15:09:44.079269+00:00,2026-09-25 15:09:44.080269+00:00,2026-09-25 15:09:44.081270+00:00,2026-09-25 15:09:44.082270+00:00,2026-09-25 15:09:44.083270+00:00,2026-09-25 15:09:44.084270+00:00,2026-09-25 15:09:44.085270+00:00,2026-09-25 15:09:44.086270+00:00,2026-09-25 15:09:44.087270+00:00,2026-09-25 15:09:44.088270+00:00,2026-09-25 15:09:44.089270+00:00,2026-09-25 15:09:44.090270+00:00,2026-09-25 15:09:44.091270+00:00,2026-09-25 15:09:44.092270+00:00,2026-09-25 15:09:44.094270+00:00,2026-09-25 15:09:44.107271+00:00,2026-09-25 15:09:44.097270+00:00,2026-09-25 15:09:44.098271+00:00,2026-09-25 15:09:44.099271+00:00,2026-09-25 15:09:44.100271+00:00,2026-09-25 15:09:44.101271+00:00,2026-09-25 15:09:44.113271+00:00,2026-09-25 15:09:44.103271+00:00,2026-09-25 15:09:44.104271+00:00,2026-09-25 15:09:44.105271+00:00,2026-09-25 15:09:44.106271+00:00,2026-09-25 15:09:44.096270+00:00,2026-09-25 15:09:44.108271+00:00,2026-09-25 15:09:44.109271+00:00,2026-09-25 15:09:44.110271+00:00,2026-09-25 15:09:44.111271+00:00,2026-09-25 15:09:44.112271+00:00,2026-09-25 15:09:44.102271+00:00,2026-09-25 15:09:44.114271+00:00,2026-09-25 15:09:44.115272+00:00,2026-09-25 15:09:44.116272+00:00,2026-09-25 15:09:44.117272+00:00,2026-09-25 15:09:44.118272+00:00,2026-09-25 15:09:44.119272+00:00,2026-09-25 15:09:44.120272+00:00,2026-09-25 15:09:44.121272+00:00,2026-09-25 15:09:44.122272+00:00,2026-09-25 15:09:44.123272+00:00,2026-09-25 15:09:44.125272+00:00,2026-09-25 15:09:44.127272+00:00,2026-09-25 15:09:44.128272+00:00,2026-09-25 15:09:44.129272+00:00,2026-09-25 15:09:44.130272+00:00,2026-09-25 15:09:44.131272+00:00,2026-09-25 15:09:44.132272+00:00,2026-09-25 15:09:44.133273+00:00,2026-09-25 15:09:44.134273+00:00,2026-09-25 15:09:44.135273+00:00,2026-09-25 15:09:44.136273+00:00,2026-09-25 15:09:44.137273+00:00,2026-09-25 15:09:44.138273+00:00,2026-09-25 15:09:44.139273+00:00,2026-09-25 15:09:44.140273+00:00,2026-09-25 15:09:44.141273+00:00,2026-09-25 15:09:44.142273+00:00,2026-09-25 15:09:44.142273+00:00,0.438175,2.282193187653335,180.5461842261396,True,True,False,False,False,False,True,False,False,True,True,True,False,False,False,False
157,2026-09-25 13:40:39.657380+00:00,2026-09-25 15:09:44.604299+00:00,123.007,True,False,False,False,True,False,True,False,True,False,False,False,False,False,False,False,False,False,False,False,False,False,False,True,True,False,False,True,False,True,False,False,False,False,False,False,False,False,False,False,True,True,False,True,False,False,False,False,False,False,False,True,False,False,False,True,False,False,False,True,True,True,False,True,False,False,False,False,True,True,True,False,False,False,False,True,False,True,False,0,175,0,1084,2026-09-25 15:09:44.481292+00:00,2026-09-25 15:09:44.489293+00:00,2026-09-25 15:09:44.504294+00:00,2026-09-25 15:09:44.505294+00:00,2026-09-25 15:09:44.506294+00:00,2026-09-25 15:09:44.507294+00:00,2026-09-25 15:09:44.508294+00:00,2026-09-25 15:09:44.509294+00:00,2026-09-25 15:09:44.510294+00:00,2026-09-25 15:09:44.511294+00:00,2026-09-25 15:09:44.512294+00:00,2026-09-25 15:09:44.502294+00:00,2026-09-25 15:09:44.503294+00:00,2026-09-25 15:09:44.491293+00:00,2026-09-25 15:09:44.493293+00:00,2026-09-25 15:09:44.494293+00:00,2026-09-25 15:09:44.495293+00:00,2026-09-25 15:09:44.496293+00:00,2026-09-25 15:09:44.497293+00:00,2026-09-25 15:09:44.498293+00:00,2026-09-25 15:09:44.500294+00:00,2026-09-25 15:09:44.501294+00:00,2026-09-25 15:09:44.513294+00:00,2026-09-25 15:09:44.514294+00:00,2026-09-25 15:09:44.561297+00:00,2026-09-25 15:09:44.564297+00:00,2026-09-25 15:09:44.565297+00:00,2026-09-25 15:09:44.566297+00:00,2026-09-25 15:09:44.553297+00:00,2026-09-25 15:09:44.554297+00:00,2026-09-25 15:09:44.555297+00:00,2026-09-25 15:09:44.556297+00:00,2026-09-25 15:09:44.557297+00:00,2026-09-25 15:09:44.558297+00:00,2026-09-25 15:09:44.544296+00:00,2026-09-25 15:09:44.516294+00:00,2026-09-25 15:09:44.518295+00:00,2026-09-25 15:09:44.520295+00:00,2026-09-25 15:09:44.522295+00:00,2026-09-25 15:09:44.529295+00:00,2026-09-25 15:09:44.531295+00:00,2026-09-25 15:09:44.535296+00:00,2026-09-25 15:09:44.538296+00:00,2026-09-25 15:09:44.541296+00:00,2026-09-25 15:09:44.543296+00:00,2026-09-25 15:09:44.559297+00:00,2026-09-25 15:09:44.546296+00:00,2026-09-25 15:09:44.548296+00:00,2026-09-25 15:09:44.550296+00:00,2026-09-25 15:09:44.552296+00:00,2026-09-25 15:09:44.567297+00:00,2026-09-25 15:09:44.568297+00:00,2026-09-25 15:09:44.569297+00:00,2026-09-25 15:09:44.570298+00:00,2026-09-25 15:09:44.571298+00:00,2026-09-25 15:09:44.572298+00:00,2026-09-25 15:09:44.573298+00:00,2026-09-25 15:09:44.574298+00:00,2026-09-25 15:09:44.575298+00:00,2026-09-25 15:09:44.576298+00:00,2026-09-25 15:09:44.592299+00:00,2026-09-25 15:09:44.579298+00:00,2026-09-25 15:09:44.580298+00:00,2026-09-25 15:09:44.581298+00:00,2026-09-25 15:09:44.582298+00:00,2026-09-25 15:09:44.583298+00:00,2026-09-25 15:09:44.584298+00:00,2026-09-25 15:09:44.599299+00:00,2026-09-25 15:09:44.600299+00:00,2026-09-25 15:09:44.601299+00:00,2026-09-25 15:09:44.591299+00:00,2026-09-25 15:09:44.578298+00:00,2026-09-25 15:09:44.593299+00:00,2026-09-25 15:09:44.594299+00:00,2026-09-25 15:09:44.595299+00:00,2026-09-25 15:09:44.596299+00:00,2026-09-25 15:09:44.597299+00:00,2026-09-25 15:09:44.598299+00:00,2026-09-25 15:09:44.586298+00:00,2026-09-25 15:09:44.588299+00:00,2026-09-25 15:09:44.590299+00:00,2026-09-25 15:09:44.602299+00:00,2026-09-25 15:09:44.604299+00:00,2026-09-25 15:09:44.604299+00:00,0.392883,2.5452870192907304,180.43503899972228,False,True,False,False,True,False,True,False,False,True,True,True,False,False,False,True
158,2026-09-25 13:40:40.033871+00:00,2026-09-25 15:09:44.990322+00:00,118.007,True,False,False,False,True,False,True,False,True,False,False,False,False,False,False,False,False,False,False,False,False,False,False,True,True,False,False,True,False,True,False,False,False,False,False,False,False,False,False,False,True,True,False,True,False,False,False,False,False,False,False,True,False,False,False,True,False,False,False,True,True,True,False,True,False,False,False,False,True,True,True,False,False,False,False,False,False,False,False,1,175,0,1157,2026-09-25 15:09:44.872315+00:00,2026-09-25 15:09:44.878315+00:00,2026-09-25 15:09:44.879315+00:00,2026-09-25 15:09:44.881315+00:00,2026-09-25 15:09:44.882315+00:00,2026-09-25 15:09:44.883315+00:00,2026-09-25 15:09:44.884315+00:00,2026-09-25 15:09:44.885316+00:00,2026-09-25 15:09:44.886316+00:00,2026-09-25 15:09:44.887316+00:00,2026-09-25 15:09:44.888316+00:00,2026-09-25 15:09:44.889316+00:00,2026-09-25 15:09:44.890316+00:00,2026-09-25 15:09:44.891316+00:00,2026-09-25 15:09:44.892316+00:00,2026-09-25 15:09:44.905317+00:00,2026-09-25 15:09:44.895316+00:00,2026-09-25 15:09:44.896316+00:00,2026-09-25 15:09:44.897316+00:00,2026-09-25 15:09:44.898316+00:00,2026-09-25 15:09:44.899316+00:00,2026-09-25 15:09:44.900316+00:00,2026-09-25 15:09:44.901316+00:00,2026-09-25 15:09:44.902317+00:00,2026-09-25 15:09:44.903317+00:00,2026-09-25 15:09:44.904317+00:00,2026-09-25 15:09:44.894316+00:00,2026-09-25 15:09:44.906317+00:00,2026-09-25 15:09:44.907317+00:00,2026-09-25 15:09:44.908317+00:00,2026-09-25 15:09:44.909317+00:00,2026-09-25 15:09:44.910317+00:00,2026-09-25 15:09:44.911317+00:00,2026-09-25 15:09:44.912317+00:00,2026-09-25 15:09:44.913317+00:00,2026-09-25 15:09:44.914317+00:00,2026-09-25 15:09:44.916317+00:00,2026-09-25 15:09:44.917317+00:00,2026-09-25 15:09:44.918317+00:00,2026-09-25 15:09:44.919317+00:00,2026-09-25 15:09:44.920318+00:00,2026-09-25 15:09:44.921318+00:00,2026-09-25 15:09:44.922318+00:00,2026-09-25 15:09:44.923318+00:00,2026-09-25 15:09:44.924318+00:00,2026-09-25 15:09:44.925318+00:00,2026-09-25 15:09:44.926318+00:00,2026-09-25 15:09:44.927318+00:00,2026-09-25 15:09:44.928318+00:00,2026-09-25 15:09:44.929318+00:00,2026-09-25 15:09:44.930318+00:00,2026-09-25 15:09:44.945319+00:00,2026-09-25 15:09:44.934318+00:00,2026-09-25 15:09:44.936318+00:00,2026-09-25 15:09:44.937319+00:00,2026-09-25 15:09:44.938319+00:00,2026-09-25 15:09:44.939319+00:00,2026-09-25 15:09:44.940319+00:00,2026-09-25 15:09:44.941319+00:00,2026-09-25 15:09:44.942319+00:00,2026-09-25 15:09:44.943319+00:00,2026-09-25 15:09:44.944319+00:00,2026-09-25 15:09:44.932318+00:00,2026-09-25 15:09:44.946319+00:00,2026-09-25 15:09:44.947319+00:00,2026-09-25 15:09:44.948319+00:00,2026-09-25 15:09:44.949319+00:00,2026-09-25 15:09:44.950319+00:00,2026-09-25 15:09:44.968320+00:00,2026-09-25 15:09:44.984321+00:00,2026-09-25 15:09:44.956320+00:00,2026-09-25 15:09:44.958320+00:00,2026-09-25 15:09:44.959320+00:00,2026-09-25 15:09:44.960320+00:00,2026-09-25 15:09:44.961320+00:00,2026-09-25 15:09:44.962320+00:00,2026-09-25 15:09:44.963320+00:00,2026-09-25 15:09:44.964320+00:00,2026-09-25 15:09:44.990322+00:00,2026-09-25 15:09:44.952319+00:00,2026-09-25 15:09:44.954319+00:00,2026-09-25 15:09:44.971320+00:00,2026-09-25 15:09:44.972321+00:00,2026-09-25 15:09:44.990322+00:00,0.376491,2.656105989253395,180.3421108664794,False,True,False,False,False,False,True,False,False,True,True,True,False,False,False,True
159,2026-09-25 13:40:40.392549+00:00,2026-09-25 15:09:45.353342+00:00,104.006,True,False,False,False,True,False,True,False,True,False,False,False,False,False,False,False,False,False,False,False,False,False,False,True,True,False,False,True,False,True,False,False,False,False,False,False,False,False,False,False,True,True,False,True,False,False,False,False,False,False,False,True,False,False,False,True,False,False,True,False,True,True,False,True,False,False,False,False,True,True,True,False,False,False,False,False,False,False,False,0,175,0,1233,2026-09-25 15:09:45.249336+00:00,2026-09-25 15:09:45.253337+00:00,2026-09-25 15:09:45.255337+00:00,2026-09-25 15:09:45.268337+00:00,2026-09-25 15:09:45.258337+00:00,2026-09-25 15:09:45.259337+00:00,2026-09-25 15:09:45.260337+00:00,2026-09-25 15:09:45.261337+00:00,2026-09-25 15:09:45.262337+00:00,2026-09-25 15:09:45.263337+00:00,2026-09-25 15:09:45.264337+00:00,2026-09-25 15:09:45.265337+00:00,2026-09-25 15:09:45.266337+00:00,2026-09-25 15:09:45.267337+00:00,2026-09-25 15:09:45.257337+00:00,2026-09-25 15:09:45.269338+00:00,2026-09-25 15:09:45.271338+00:00,2026-09-25 15:09:45.272338+00:00,2026-09-25 15:09:45.273338+00:00,2026-09-25 15:09:45.274338+00:00,2026-09-25 15:09:45.275338+00:00,2026-09-25 15:09:45.277338+00:00,2026-09-25 15:09:45.278338+00:00,2026-09-25 15:09:45.279338+00:00,2026-09-25 15:09:45.280338+00:00,2026-09-25 15:09:45.281338+00:00,2026-09-25 15:09:45.282338+00:00,2026-09-25 15:09:45.283338+00:00,2026-09-25 15:09:45.284338+00:00,2026-09-25 15:09:45.285338+00:00,2026-09-25 15:09:45.286338+00:00,2026-09-25 15:09:45.287339+00:00,2026-09-25 15:09:45.302339+00:00,2026-09-25 15:09:45.290339+00:00,2026-09-25 15:09:45.291339+00:00,2026-09-25 15:09:45.292339+00:00,2026-09-25 15:09:45.293339+00:00,2026-09-25 15:09:45.307340+00:00,2026-09-25 15:09:45.296339+00:00,2026-09-25 15:09:45.298339+00:00,2026-09-25 15:09:45.299339+00:00,2026-09-25 15:09:45.300339+00:00,2026-09-25 15:09:45.301339+00:00,2026-09-25 15:09:45.289339+00:00,2026-09-25 15:09:45.303339+00:00,2026-09-25 15:09:45.304340+00:00,2026-09-25 15:09:45.305340+00:00,2026-09-25 15:09:45.306340+00:00,2026-09-25 15:09:45.295339+00:00,2026-09-25 15:09:45.308340+00:00,2026-09-25 15:09:45.309340+00:00,2026-09-25 15:09:45.310340+00:00,2026-09-25 15:09:45.311340+00:00,2026-09-25 15:09:45.327341+00:00,2026-09-25 15:09:45.314340+00:00,2026-09-25 15:09:45.315340+00:00,2026-09-25 15:09:45.316340+00:00,2026-09-25 15:09:45.318340+00:00,2026-09-25 15:09:45.319340+00:00,2026-09-25 15:09:45.320340+00:00,2026-09-25 15:09:45.321340+00:00,2026-09-25 15:09:45.322341+00:00,2026-09-25 15:09:45.324341+00:00,2026-09-25 15:09:45.341342+00:00,2026-09-25 15:09:45.313340+00:00,2026-09-25 15:09:45.328341+00:00,2026-09-25 15:09:45.329341+00:00,2026-09-25 15:09:45.330341+00:00,2026-09-25 15:09:45.331341+00:00,2026-09-25 15:09:45.332341+00:00,2026-09-25 15:09:45.334341+00:00,2026-09-25 15:09:45.335341+00:00,2026-09-25 15:09:45.337341+00:00,2026-09-25 15:09:45.353342+00:00,2026-09-25 15:09:45.326341+00:00,2026-09-25 15:09:45.343342+00:00,2026-09-25 15:09:45.344342+00:00,2026-09-25 15:09:45.345342+00:00,2026-09-25 15:09:45.347342+00:00,2026-09-25 15:09:45.348342+00:00,2026-09-25 15:09:45.349342+00:00,2026-09-25 15:09:45.350342+00:00,2026-09-25 15:09:45.351342+00:00,2026-09-25 15:09:45.353342+00:00,0.358678,2.7880159920597305,180.25485749695633,False,True,False,False,False,False,True,False,False,True,True,True,False,False,False,True
160,2026-09-25 13:40:40.875944+00:00,2026-09-25 15:09:45.825369+00:00,200.011,True,False,False,False,True,False,True,False,True,False,False,False,False,False,False,False,False,False,False,False,False,False,False,True,True,False,False,True,False,True,False,False,False,False,False,False,False,False,False,False,True,True,False,True,False,False,False,False,False,False,False,True,False,False,False,True,False,False,False,True,True,True,False,True,False,False,False,False,True,True,True,False,False,False,False,False,False,False,False,0,175,0,1327,2026-09-25 15:09:45.625358+00:00,2026-09-25 15:09:45.661360+00:00,2026-09-25 15:09:45.685361+00:00,2026-09-25 15:09:45.665360+00:00,2026-09-25 15:09:45.667360+00:00,2026-09-25 15:09:45.669360+00:00,2026-09-25 15:09:45.693362+00:00,2026-09-25 15:09:45.673361+00:00,2026-09-25 15:09:45.675361+00:00,2026-09-25 15:09:45.677361+00:00,2026-09-25 15:09:45.679361+00:00,2026-09-25 15:09:45.681361+00:00,2026-09-25 15:09:45.683361+00:00,2026-09-25 15:09:45.663360+00:00,2026-09-25 15:09:45.687361+00:00,2026-09-25 15:09:45.689362+00:00,2026-09-25 15:09:45.691362+00:00,2026-09-25 15:09:45.695362+00:00,2026-09-25 15:09:45.697362+00:00,2026-09-25 15:09:45.699362+00:00,2026-09-25 15:09:45.701362+00:00,2026-09-25 15:09:45.703362+00:00,2026-09-25 15:09:45.705362+00:00,2026-09-25 15:09:45.707363+00:00,2026-09-25 15:09:45.709363+00:00,2026-09-25 15:09:45.711363+00:00,2026-09-25 15:09:45.713363+00:00,2026-09-25 15:09:45.715363+00:00,2026-09-25 15:09:45.717363+00:00,2026-09-25 15:09:45.719363+00:00,2026-09-25 15:09:45.721363+00:00,2026-09-25 15:09:45.723363+00:00,2026-09-25 15:09:45.725364+00:00,2026-09-25 15:09:45.727364+00:00,2026-09-25 15:09:45.729364+00:00,2026-09-25 15:09:45.731364+00:00,2026-09-25 15:09:45.733364+00:00,2026-09-25 15:09:45.735364+00:00,2026-09-25 15:09:45.737364+00:00,2026-09-25 15:09:45.739364+00:00,2026-09-25 15:09:45.741365+00:00,2026-09-25 15:09:45.743365+00:00,2026-09-25 15:09:45.745365+00:00,2026-09-25 15:09:45.747365+00:00,2026-09-25 15:09:45.749365+00:00,2026-09-25 15:09:45.751365+00:00,2026-09-25 15:09:45.753365+00:00,2026-09-25 15:09:45.755365+00:00,2026-09-25 15:09:45.779367+00:00,2026-09-25 15:09:45.759366+00:00,2026-09-25 15:09:45.761366+00:00,2026-09-25 15:09:45.763366+00:00,2026-09-25 15:09:45.765366+00:00,2026-09-25 15:09:45.767366+00:00,2026-09-25 15:09:45.769366+00:00,2026-09-25 15:09:45.771366+00:00,2026-09-25 15:09:45.773366+00:00,2026-09-25 15:09:45.775366+00:00,2026-09-25 15:09:45.777367+00:00,2026-09-25 15:09:45.757365+00:00,2026-09-25 15:09:45.781367+00:00,2026-09-25 15:09:45.783367+00:00,2026-09-25 15:09:45.785367+00:00,2026-09-25 15:09:45.787367+00:00,2026-09-25 15:09:45.789367+00:00,2026-09-25 15:09:45.791367+00:00,2026-09-25 15:09:45.815369+00:00,2026-09-25 15:09:45.817369+00:00,2026-09-25 15:09:45.819369+00:00,2026-09-25 15:09:45.799368+00:00,2026-09-25 15:09:45.801368+00:00,2026-09-25 15:09:45.803368+00:00,2026-09-25 15:09:45.805368+00:00,2026-09-25 15:09:45.807368+00:00,2026-09-25 15:09:45.809368+00:00,2026-09-25 15:09:45.811369+00:00,2026-09-25 15:09:45.813369+00:00,2026-09-25 15:09:45.793367+00:00,2026-09-25 15:09:45.795368+00:00,2026-09-25 15:09:45.797368+00:00,2026-09-25 15:09:45.821369+00:00,2026-09-25 15:09:45.823369+00:00,2026-09-25 15:09:45.825369+00:00,2026-09-25 15:09:45.825369+00:00,0.483395,2.0687015794536556,180.14188215006692,False,True,False,False,False,False,True,False,False,True,True,True,False,False,False,True
161,2026-09-25 13:40:41.314877+00:00,2026-09-25 15:09:46.210391+00:00,116.006,True,False,False,False,True,False,True,False,True,False,False,False,False,False,False,False,False,False,False,False,False,False,False,True,True,False,False,True,False,True,False,False,False,False,False,False,False,False,False,False,True,True,False,True,False,False,False,False,False,False,False,False,False,False,False,True,False,False,False,True,True,True,False,True,False,False,False,False,True,True,True,False,False,False,False,False,False,False,False,1,0,0,0,2026-09-25 15:09:46.094385+00:00,2026-09-25 15:09:46.128387+00:00,2026-09-25 15:09:46.129387+00:00,2026-09-25 15:09:46.130387+00:00,2026-09-25 15:09:46.142387+00:00,2026-09-25 15:09:46.132387+00:00,2026-09-25 15:09:46.133387+00:00,2026-09-25 15:09:46.134387+00:00,2026-09-25 15:09:46.135387+00:00,2026-09-25 15:09:46.136387+00:00,2026-09-25 15:09:46.137387+00:00,2026-09-25 15:09:46.138387+00:00,2026-09-25 15:09:46.139387+00:00,2026-09-25 15:09:46.140387+00:00,2026-09-25 15:09:46.141387+00:00,2026-09-25 15:09:46.131387+00:00,2026-09-25 15:09:46.143388+00:00,2026-09-25 15:09:46.144388+00:00,2026-09-25 15:09:46.145388+00:00,2026-09-25 15:09:46.146388+00:00,2026-09-25 15:09:46.147388+00:00,2026-09-25 15:09:46.148388+00:00,2026-09-25 15:09:46.149388+00:00,2026-09-25 15:09:46.150388+00:00,2026-09-25 15:09:46.151388+00:00,2026-09-25 15:09:46.152388+00:00,2026-09-25 15:09:46.153388+00:00,2026-09-25 15:09:46.154388+00:00,2026-09-25 15:09:46.155388+00:00,2026-09-25 15:09:46.156388+00:00,2026-09-25 15:09:46.157388+00:00,2026-09-25 15:09:46.158388+00:00,2026-09-25 15:09:46.159388+00:00,2026-09-25 15:09:46.160388+00:00,2026-09-25 15:09:46.161389+00:00,2026-09-25 15:09:46.162389+00:00,2026-09-25 15:09:46.163389+00:00,2026-09-25 15:09:46.164389+00:00,2026-09-25 15:09:46.165389+00:00,2026-09-25 15:09:46.166389+00:00,2026-09-25 15:09:46.167389+00:00,2026-09-25 15:09:46.168389+00:00,2026-09-25 15:09:46.169389+00:00,2026-09-25 15:09:46.170389+00:00,2026-09-25 15:09:46.171389+00:00,2026-09-25 15:09:46.172389+00:00,2026-09-25 15:09:46.173389+00:00,2026-09-25 15:09:46.174389+00:00,2026-09-25 15:09:46.175389+00:00,2026-09-25 15:09:46.176389+00:00,2026-09-25 15:09:46.177389+00:00,2026-09-25 15:09:46.178390+00:00,2026-09-25 15:09:46.179390+00:00,2026-09-25 15:09:46.180390+00:00,2026-09-25 15:09:46.182390+00:00,2026-09-25 15:09:46.183390+00:00,2026-09-25 15:09:46.184390+00:00,2026-09-25 15:09:46.196391+00:00,2026-09-25 15:09:46.186390+00:00,2026-09-25 15:09:46.187390+00:00,2026-09-25 15:09:46.188390+00:00,2026-09-25 15:09:46.189390+00:00,2026-09-25 15:09:46.190390+00:00,2026-09-25 15:09:46.191390+00:00,2026-09-25 15:09:46.192390+00:00,2026-09-25 15:09:46.193390+00:00,2026-09-25 15:09:46.194390+00:00,2026-09-25 15:09:46.195390+00:00,2026-09-25 15:09:46.185390+00:00,2026-09-25 15:09:46.197391+00:00,2026-09-25 15:09:46.198391+00:00,2026-09-25 15:09:46.210391+00:00,2026-09-25 15:09:46.200391+00:00,2026-09-25 15:09:46.201391+00:00,2026-09-25 15:09:46.202391+00:00,2026-09-25 15:09:46.203391+00:00,2026-09-25 15:09:46.204391+00:00,2026-09-25 15:09:46.205391+00:00,2026-09-25 15:09:46.206391+00:00,2026-09-25 15:09:46.207391+00:00,2026-09-25 15:09:46.208391+00:00,2026-09-25 15:09:46.209391+00:00,2026-09-25 15:09:46.199391+00:00,2026-09-25 15:09:46.210391+00:00,0.438933,2.2782520339095034,180.05036274760377,False,False,False,False,False,False,True,False,False,True,True,True,False,False,False,True
162,2026-09-25 13:40:41.796068+00:00,2026-09-25 15:09:46.666417+00:00,114.006,True,False,False,False,True,False,True,False,True,False,False,False,False,False,False,False,False,False,False,False,False,False,False,True,True,False,False,True,False,True,False,False,False,False,False,False,False,False,False,False,True,True,False,True,False,False,False,False,False,False,False,False,False,False,False,True,False,False,False,True,True,True,False,True,False,False,False,False,True,True,True,False,False,False,False,False,False,False,False,0,0,0,0,2026-09-25 15:09:46.552411+00:00,2026-09-25 15:09:46.583413+00:00,2026-09-25 15:09:46.584413+00:00,2026-09-25 15:09:46.585413+00:00,2026-09-25 15:09:46.586413+00:00,2026-09-25 15:09:46.587413+00:00,2026-09-25 15:09:46.588413+00:00,2026-09-25 15:09:46.601414+00:00,2026-09-25 15:09:46.591413+00:00,2026-09-25 15:09:46.592413+00:00,2026-09-25 15:09:46.593413+00:00,2026-09-25 15:09:46.594413+00:00,2026-09-25 15:09:46.595413+00:00,2026-09-25 15:09:46.596413+00:00,2026-09-25 15:09:46.597413+00:00,2026-09-25 15:09:46.598414+00:00,2026-09-25 15:09:46.599414+00:00,2026-09-25 15:09:46.600414+00:00,2026-09-25 15:09:46.589413+00:00,2026-09-25 15:09:46.602414+00:00,2026-09-25 15:09:46.603414+00:00,2026-09-25 15:09:46.604414+00:00,2026-09-25 15:09:46.605414+00:00,2026-09-25 15:09:46.606414+00:00,2026-09-25 15:09:46.607414+00:00,2026-09-25 15:09:46.608414+00:00,2026-09-25 15:09:46.609414+00:00,2026-09-25 15:09:46.610414+00:00,2026-09-25 15:09:46.611414+00:00,2026-09-25 15:09:46.612414+00:00,2026-09-25 15:09:46.613414+00:00,2026-09-25 15:09:46.614414+00:00,2026-09-25 15:09:46.615415+00:00,2026-09-25 15:09:46.616415+00:00,2026-09-25 15:09:46.617415+00:00,2026-09-25 15:09:46.618415+00:00,2026-09-25 15:09:46.619415+00:00,2026-09-25 15:09:46.620415+00:00,2026-09-25 15:09:46.621415+00:00,2026-09-25 15:09:46.622415+00:00,2026-09-25 15:09:46.623415+00:00,2026-09-25 15:09:46.624415+00:00,2026-09-25 15:09:46.625415+00:00,2026-09-25 15:09:46.626415+00:00,2026-09-25 15:09:46.627415+00:00,2026-09-25 15:09:46.628415+00:00,2026-09-25 15:09:46.629415+00:00,2026-09-25 15:09:46.630415+00:00,2026-09-25 15:09:46.631415+00:00,2026-09-25 15:09:46.632415+00:00,2026-09-25 15:09:46.633416+00:00,2026-09-25 15:09:46.634416+00:00,2026-09-25 15:09:46.636416+00:00,2026-09-25 15:09:46.637416+00:00,2026-09-25 15:09:46.649416+00:00,2026-09-25 15:09:46.639416+00:00,2026-09-25 15:09:46.662417+00:00,2026-09-25 15:09:46.641416+00:00,2026-09-25 15:09:46.642416+00:00,2026-09-25 15:09:46.643416+00:00,2026-09-25 15:09:46.644416+00:00,2026-09-25 15:09:46.645416+00:00,2026-09-25 15:09:46.646416+00:00,2026-09-25 15:09:46.647416+00:00,2026-09-25 15:09:46.648416+00:00,2026-09-25 15:09:46.638416+00:00,2026-09-25 15:09:46.650417+00:00,2026-09-25 15:09:46.640416+00:00,2026-09-25 15:09:46.652417+00:00,2026-09-25 15:09:46.653417+00:00,2026-09-25 15:09:46.654417+00:00,2026-09-25 15:09:46.655417+00:00,2026-09-25 15:09:46.656417+00:00,2026-09-25 15:09:46.657417+00:00,2026-09-25 15:09:46.658417+00:00,2026-09-25 15:09:46.659417+00:00,2026-09-25 15:09:46.660417+00:00,2026-09-25 15:09:46.661417+00:00,2026-09-25 15:09:46.651417+00:00,2026-09-25 15:09:46.663417+00:00,2026-09-25 15:09:46.664417+00:00,2026-09-25 15:09:46.665417+00:00,2026-09-25 15:09:46.666417+00:00,2026-09-25 15:09:46.666417+00:00,0.481191,2.078176857006885,179.9429864229748,False,False,False,False,False,False,True,False,False,True,True,True,False,False,False,True
163,2026-09-25 13:40:42.192737+00:00,2026-09-25 15:09:47.133444+00:00,111.006,True,False,False,False,True,False,True,False,True,False,False,False,False,False,False,False,False,False,False,False,False,False,False,True,True,False,False,True,False,True,False,False,False,False,False,False,False,False,False,False,True,True,False,False,False,False,False,True,False,False,False,False,False,False,True,True,False,False,False,True,True,True,False,True,False,False,False,False,True,True,True,False,False,False,False,False,False,False,False,0,0,45,0,2026-09-25 15:09:47.022438+00:00,2026-09-25 15:09:47.046439+00:00,2026-09-25 15:09:47.047439+00:00,2026-09-25 15:09:47.048439+00:00,2026-09-25 15:09:47.049439+00:00,2026-09-25 15:09:47.050439+00:00,2026-09-25 15:09:47.051439+00:00,2026-09-25 15:09:47.063440+00:00,2026-09-25 15:09:47.064440+00:00,2026-09-25 15:09:47.054440+00:00,2026-09-25 15:09:47.055440+00:00,2026-09-25 15:09:47.056440+00:00,2026-09-25 15:09:47.057440+00:00,2026-09-25 15:09:47.058440+00:00,2026-09-25 15:09:47.059440+00:00,2026-09-25 15:09:47.060440+00:00,2026-09-25 15:09:47.061440+00:00,2026-09-25 15:09:47.062440+00:00,2026-09-25 15:09:47.052439+00:00,2026-09-25 15:09:47.053440+00:00,2026-09-25 15:09:47.065440+00:00,2026-09-25 15:09:47.066440+00:00,2026-09-25 15:09:47.067440+00:00,2026-09-25 15:09:47.068440+00:00,2026-09-25 15:09:47.069440+00:00,2026-09-25 15:09:47.070441+00:00,2026-09-25 15:09:47.071441+00:00,2026-09-25 15:09:47.072441+00:00,2026-09-25 15:09:47.073441+00:00,2026-09-25 15:09:47.074441+00:00,2026-09-25 15:09:47.075441+00:00,2026-09-25 15:09:47.076441+00:00,2026-09-25 15:09:47.077441+00:00,2026-09-25 15:09:47.078441+00:00,2026-09-25 15:09:47.079441+00:00,2026-09-25 15:09:47.080441+00:00,2026-09-25 15:09:47.081441+00:00,2026-09-25 15:09:47.082441+00:00,2026-09-25 15:09:47.083441+00:00,2026-09-25 15:09:47.084441+00:00,2026-09-25 15:09:47.085441+00:00,2026-09-25 15:09:47.086441+00:00,2026-09-25 15:09:47.087441+00:00,2026-09-25 15:09:47.088442+00:00,2026-09-25 15:09:47.089442+00:00,2026-09-25 15:09:47.090442+00:00,2026-09-25 15:09:47.091442+00:00,2026-09-25 15:09:47.092442+00:00,2026-09-25 15:09:47.093442+00:00,2026-09-25 15:09:47.094442+00:00,2026-09-25 15:09:47.095442+00:00,2026-09-25 15:09:47.096442+00:00,2026-09-25 15:09:47.097442+00:00,2026-09-25 15:09:47.098442+00:00,2026-09-25 15:09:47.099442+00:00,2026-09-25 15:09:47.100442+00:00,2026-09-25 15:09:47.101442+00:00,2026-09-25 15:09:47.102442+00:00,2026-09-25 15:09:47.104442+00:00,2026-09-25 15:09:47.116443+00:00,2026-09-25 15:09:47.106443+00:00,2026-09-25 15:09:47.107443+00:00,2026-09-25 15:09:47.108443+00:00,2026-09-25 15:09:47.109443+00:00,2026-09-25 15:09:47.110443+00:00,2026-09-25 15:09:47.111443+00:00,2026-09-25 15:09:47.112443+00:00,2026-09-25 15:09:47.113443+00:00,2026-09-25 15:09:47.125444+00:00,2026-09-25 15:09:47.115443+00:00,2026-09-25 15:09:47.105443+00:00,2026-09-25 15:09:47.117443+00:00,2026-09-25 15:09:47.118443+00:00,2026-09-25 15:09:47.119443+00:00,2026-09-25 15:09:47.120443+00:00,2026-09-25 15:09:47.121443+00:00,2026-09-25 15:09:47.122444+00:00,2026-09-25 15:09:47.123444+00:00,2026-09-25 15:09:47.124444+00:00,2026-09-25 15:09:47.114443+00:00,2026-09-25 15:09:47.126444+00:00,2026-09-25 15:09:47.127444+00:00,2026-09-25 15:09:47.133444+00:00,2026-09-25 15:09:47.133444+00:00,0.396669,2.52099357398738,179.83448133567032,False,True,False,False,False,False,True,False,False,True,True,True,False,False,False,True
164,2026-09-25 13:40:42.590988+00:00,2026-09-25 15:09:47.547468+00:00,114.007,True,False,False,False,True,False,True,False,True,False,False,False,False,False,False,False,False,False,False,False,False,False,False,True,True,False,False,True,False,True,False,False,False,False,False,False,False,False,False,False,True,True,False,False,False,False,False,True,False,False,False,False,False,False,True,True,False,False,False,True,True,True,False,True,False,False,False,False,True,True,True,False,False,False,False,False,False,False,False,0,0,133,0,2026-09-25 15:09:47.433461+00:00,2026-09-25 15:09:47.459463+00:00,2026-09-25 15:09:47.460463+00:00,2026-09-25 15:09:47.461463+00:00,2026-09-25 15:09:47.462463+00:00,2026-09-25 15:09:47.463463+00:00,2026-09-25 15:09:47.464463+00:00,2026-09-25 15:09:47.465463+00:00,2026-09-25 15:09:47.466463+00:00,2026-09-25 15:09:47.467463+00:00,2026-09-25 15:09:47.468463+00:00,2026-09-25 15:09:47.469463+00:00,2026-09-25 15:09:47.470463+00:00,2026-09-25 15:09:47.471463+00:00,2026-09-25 15:09:47.472464+00:00,2026-09-25 15:09:47.473464+00:00,2026-09-25 15:09:47.474464+00:00,2026-09-25 15:09:47.475464+00:00,2026-09-25 15:09:47.476464+00:00,2026-09-25 15:09:47.477464+00:00,2026-09-25 15:09:47.478464+00:00,2026-09-25 15:09:47.479464+00:00,2026-09-25 15:09:47.480464+00:00,2026-09-25 15:09:47.481464+00:00,2026-09-25 15:09:47.482464+00:00,2026-09-25 15:09:47.483464+00:00,2026-09-25 15:09:47.495465+00:00,2026-09-25 15:09:47.496465+00:00,2026-09-25 15:09:47.497465+00:00,2026-09-25 15:09:47.498465+00:00,2026-09-25 15:09:47.488464+00:00,2026-09-25 15:09:47.489464+00:00,2026-09-25 15:09:47.490465+00:00,2026-09-25 15:09:47.491465+00:00,2026-09-25 15:09:47.492465+00:00,2026-09-25 15:09:47.493465+00:00,2026-09-25 15:09:47.505465+00:00,2026-09-25 15:09:47.484464+00:00,2026-09-25 15:09:47.485464+00:00,2026-09-25 15:09:47.486464+00:00,2026-09-25 15:09:47.487464+00:00,2026-09-25 15:09:47.499465+00:00,2026-09-25 15:09:47.500465+00:00,2026-09-25 15:09:47.501465+00:00,2026-09-25 15:09:47.502465+00:00,2026-09-25 15:09:47.503465+00:00,2026-09-25 15:09:47.504465+00:00,2026-09-25 15:09:47.494465+00:00,2026-09-25 15:09:47.506465+00:00,2026-09-25 15:09:47.507466+00:00,2026-09-25 15:09:47.508466+00:00,2026-09-25 15:09:47.509466+00:00,2026-09-25 15:09:47.510466+00:00,2026-09-25 15:09:47.511466+00:00,2026-09-25 15:09:47.512466+00:00,2026-09-25 15:09:47.513466+00:00,2026-09-25 15:09:47.514466+00:00,2026-09-25 15:09:47.515466+00:00,2026-09-25 15:09:47.516466+00:00,2026-09-25 15:09:47.517466+00:00,2026-09-25 15:09:47.518466+00:00,2026-09-25 15:09:47.519466+00:00,2026-09-25 15:09:47.520466+00:00,2026-09-25 15:09:47.521466+00:00,2026-09-25 15:09:47.522466+00:00,2026-09-25 15:09:47.523466+00:00,2026-09-25 15:09:47.524466+00:00,2026-09-25 15:09:47.525467+00:00,2026-09-25 15:09:47.526467+00:00,2026-09-25 15:09:47.527467+00:00,2026-09-25 15:09:47.528467+00:00,2026-09-25 15:09:47.529467+00:00,2026-09-25 15:09:47.530467+00:00,2026-09-25 15:09:47.531467+00:00,2026-09-25 15:09:47.532467+00:00,2026-09-25 15:09:47.533467+00:00,2026-09-25 15:09:47.534467+00:00,2026-09-25 15:09:47.535467+00:00,2026-09-25 15:09:47.547468+00:00,2026-09-25 15:09:47.537467+00:00,2026-09-25 15:09:47.538467+00:00,2026-09-25 15:09:47.539467+00:00,2026-09-25 15:09:47.540467+00:00,2026-09-25 15:09:47.547468+00:00,0.398251,2.5109792568003595,179.7397930464415,False,True,False,False,False,False,True,False,False,True,True,True,False,False,False,True
165,2026-09-25 13:40:42.960615+00:00,2026-09-25 15:09:47.906488+00:00,97.005,True,False,False,False,True,False,True,False,True,False,False,False,False,False,False,False,False,False,False,False,False,False,False,True,True,False,False,True,False,True,False,False,False,False,False,False,False,False,False,False,True,True,False,False,False,False,True,False,False,False,False,False,True,True,True,False,False,False,False,True,True,True,False,True,False,False,False,False,True,True,True,False,False,False,False,False,False,False,False,0,0,0,0,2026-09-25 15:09:47.809483+00:00,2026-09-25 15:09:47.825484+00:00,2026-09-25 15:09:47.826484+00:00,2026-09-25 15:09:47.827484+00:00,2026-09-25 15:09:47.828484+00:00,2026-09-25 15:09:47.829484+00:00,2026-09-25 15:09:47.830484+00:00,2026-09-25 15:09:47.831484+00:00,2026-09-25 15:09:47.832484+00:00,2026-09-25 15:09:47.833484+00:00,2026-09-25 15:09:47.834484+00:00,2026-09-25 15:09:47.835484+00:00,2026-09-25 15:09:47.836484+00:00,2026-09-25 15:09:47.848485+00:00,2026-09-25 15:09:47.838484+00:00,2026-09-25 15:09:47.839485+00:00,2026-09-25 15:09:47.840485+00:00,2026-09-25 15:09:47.841485+00:00,2026-09-25 15:09:47.842485+00:00,2026-09-25 15:09:47.843485+00:00,2026-09-25 15:09:47.844485+00:00,2026-09-25 15:09:47.845485+00:00,2026-09-25 15:09:47.846485+00:00,2026-09-25 15:09:47.847485+00:00,2026-09-25 15:09:47.837484+00:00,2026-09-25 15:09:47.849485+00:00,2026-09-25 15:09:47.850485+00:00,2026-09-25 15:09:47.851485+00:00,2026-09-25 15:09:47.852485+00:00,2026-09-25 15:09:47.853485+00:00,2026-09-25 15:09:47.854485+00:00,2026-09-25 15:09:47.855485+00:00,2026-09-25 15:09:47.856485+00:00,2026-09-25 15:09:47.857486+00:00,2026-09-25 15:09:47.858486+00:00,2026-09-25 15:09:47.859486+00:00,2026-09-25 15:09:47.860486+00:00,2026-09-25 15:09:47.872486+00:00,2026-09-25 15:09:47.862486+00:00,2026-09-25 15:09:47.863486+00:00,2026-09-25 15:09:47.864486+00:00,2026-09-25 15:09:47.865486+00:00,2026-09-25 15:09:47.866486+00:00,2026-09-25 15:09:47.867486+00:00,2026-09-25 15:09:47.868486+00:00,2026-09-25 15:09:47.869486+00:00,2026-09-25 15:09:47.870486+00:00,2026-09-25 15:09:47.871486+00:00,2026-09-25 15:09:47.861486+00:00,2026-09-25 15:09:47.873486+00:00,2026-09-25 15:09:47.874487+00:00,2026-09-25 15:09:47.875487+00:00,2026-09-25 15:09:47.876487+00:00,2026-09-25 15:09:47.877487+00:00,2026-09-25 15:09:47.878487+00:00,2026-09-25 15:09:47.879487+00:00,2026-09-25 15:09:47.880487+00:00,2026-09-25 15:09:47.881487+00:00,2026-09-25 15:09:47.882487+00:00,2026-09-25 15:09:47.883487+00:00,2026-09-25 15:09:47.884487+00:00,2026-09-25 15:09:47.885487+00:00,2026-09-25 15:09:47.886487+00:00,2026-09-25 15:09:47.887487+00:00,2026-09-25 15:09:47.888487+00:00,2026-09-25 15:09:47.889487+00:00,2026-09-25 15:09:47.890487+00:00,2026-09-25 15:09:47.891487+00:00,2026-09-25 15:09:47.892488+00:00,2026-09-25 15:09:47.904488+00:00,2026-09-25 15:09:47.894488+00:00,2026-09-25 15:09:47.895488+00:00,2026-09-25 15:09:47.896488+00:00,2026-09-25 15:09:47.897488+00:00,2026-09-25 15:09:47.898488+00:00,2026-09-25 15:09:47.899488+00:00,2026-09-25 15:09:47.900488+00:00,2026-09-25 15:09:47.901488+00:00,2026-09-25 15:09:47.902488+00:00,2026-09-25 15:09:47.903488+00:00,2026-09-25 15:09:47.893488+00:00,2026-09-25 15:09:47.905488+00:00,2026-09-25 15:09:47.906488+00:00,2026-09-25 15:09:47.906488+00:00,0.369627,2.7054300686908697,179.65901012548414,False,True,False,False,False,False,True,False,False,True,True,True,False,False,False,True
166,2026-09-25 13:40:43.322318+00:00,2026-09-25 15:09:48.263509+00:00,86.005,True,False,False,False,True,False,True,False,True,False,False,False,False,False,False,False,False,False,False,False,False,False,False,True,True,False,False,True,False,True,False,False,False,False,False,False,False,False,False,False,True,True,False,False,False,False,True,False,False,False,False,False,True,True,True,True,False,False,False,True,True,True,False,True,False,False,False,False,True,True,True,False,False,False,False,False,False,False,False,0,0,0,0,2026-09-25 15:09:48.177504+00:00,2026-09-25 15:09:48.182504+00:00,2026-09-25 15:09:48.183504+00:00,2026-09-25 15:09:48.184504+00:00,2026-09-25 15:09:48.185504+00:00,2026-09-25 15:09:48.186504+00:00,2026-09-25 15:09:48.187504+00:00,2026-09-25 15:09:48.188504+00:00,2026-09-25 15:09:48.189505+00:00,2026-09-25 15:09:48.190505+00:00,2026-09-25 15:09:48.191505+00:00,2026-09-25 15:09:48.192505+00:00,2026-09-25 15:09:48.193505+00:00,2026-09-25 15:09:48.194505+00:00,2026-09-25 15:09:48.195505+00:00,2026-09-25 15:09:48.207506+00:00,2026-09-25 15:09:48.197505+00:00,2026-09-25 15:09:48.209506+00:00,2026-09-25 15:09:48.199505+00:00,2026-09-25 15:09:48.200505+00:00,2026-09-25 15:09:48.201505+00:00,2026-09-25 15:09:48.213506+00:00,2026-09-25 15:09:48.203505+00:00,2026-09-25 15:09:48.204505+00:00,2026-09-25 15:09:48.205505+00:00,2026-09-25 15:09:48.206506+00:00,2026-09-25 15:09:48.196505+00:00,2026-09-25 15:09:48.208506+00:00,2026-09-25 15:09:48.198505+00:00,2026-09-25 15:09:48.210506+00:00,2026-09-25 15:09:48.211506+00:00,2026-09-25 15:09:48.212506+00:00,2026-09-25 15:09:48.202505+00:00,2026-09-25 15:09:48.214506+00:00,2026-09-25 15:09:48.215506+00:00,2026-09-25 15:09:48.216506+00:00,2026-09-25 15:09:48.217506+00:00,2026-09-25 15:09:48.218506+00:00,2026-09-25 15:09:48.219506+00:00,2026-09-25 15:09:48.220506+00:00,2026-09-25 15:09:48.221506+00:00,2026-09-25 15:09:48.222506+00:00,2026-09-25 15:09:48.223506+00:00,2026-09-25 15:09:48.224507+00:00,2026-09-25 15:09:48.225507+00:00,2026-09-25 15:09:48.226507+00:00,2026-09-25 15:09:48.227507+00:00,2026-09-25 15:09:48.228507+00:00,2026-09-25 15:09:48.229507+00:00,2026-09-25 15:09:48.230507+00:00,2026-09-25 15:09:48.231507+00:00,2026-09-25 15:09:48.232507+00:00,2026-09-25 15:09:48.233507+00:00,2026-09-25 15:09:48.234507+00:00,2026-09-25 15:09:48.235507+00:00,2026-09-25 15:09:48.236507+00:00,2026-09-25 15:09:48.237507+00:00,2026-09-25 15:09:48.238507+00:00,2026-09-25 15:09:48.239507+00:00,2026-09-25 15:09:48.240507+00:00,2026-09-25 15:09:48.241508+00:00,2026-09-25 15:09:48.242508+00:00,2026-09-25 15:09:48.243508+00:00,2026-09-25 15:09:48.244508+00:00,2026-09-25 15:09:48.245508+00:00,2026-09-25 15:09:48.246508+00:00,2026-09-25 15:09:48.247508+00:00,2026-09-25 15:09:48.248508+00:00,2026-09-25 15:09:48.249508+00:00,2026-09-25 15:09:48.250508+00:00,2026-09-25 15:09:48.251508+00:00,2026-09-25 15:09:48.252508+00:00,2026-09-25 15:09:48.253508+00:00,2026-09-25 15:09:48.254508+00:00,2026-09-25 15:09:48.255508+00:00,2026-09-25 15:09:48.256508+00:00,2026-09-25 15:09:48.257508+00:00,2026-09-25 15:09:48.258508+00:00,2026-09-25 15:09:48.259509+00:00,2026-09-25 15:09:48.260509+00:00,2026-09-25 15:09:48.261509+00:00,2026-09-25 15:09:48.262509+00:00,2026-09-25 15:09:48.263509+00:00,2026-09-25 15:09:48.263509+00:00,0.361703,2.764699214548953,179.58004704938577,False,True,False,False,False,False,True,False,False,True,True,True,False,False,False,True
167,2026-09-25 13:40:43.791690+00:00,2026-09-25 15:09:48.751537+00:00,87.005,True,False,False,False,True,False,True,False,True,False,False,False,False,False,False,False,False,False,False,False,False,False,False,True,True,False,False,True,False,True,False,False,False,False,False,False,False,False,False,False,True,True,False,True,False,False,False,False,True,False,False,False,True,True,False,True,False,True,False,True,True,True,False,True,False,False,False,False,True,True,True,False,False,False,False,False,False,False,False,0,0,0,0,2026-09-25 15:09:48.664532+00:00,2026-09-25 15:09:48.670532+00:00,2026-09-25 15:09:48.671532+00:00,2026-09-25 15:09:48.683533+00:00,2026-09-25 15:09:48.673532+00:00,2026-09-25 15:09:48.674532+00:00,2026-09-25 15:09:48.675532+00:00,2026-09-25 15:09:48.676532+00:00,2026-09-25 15:09:48.677532+00:00,2026-09-25 15:09:48.678533+00:00,2026-09-25 15:09:48.679533+00:00,2026-09-25 15:09:48.680533+00:00,2026-09-25 15:09:48.681533+00:00,2026-09-25 15:09:48.682533+00:00,2026-09-25 15:09:48.672532+00:00,2026-09-25 15:09:48.684533+00:00,2026-09-25 15:09:48.685533+00:00,2026-09-25 15:09:48.686533+00:00,2026-09-25 15:09:48.687533+00:00,2026-09-25 15:09:48.688533+00:00,2026-09-25 15:09:48.689533+00:00,2026-09-25 15:09:48.690533+00:00,2026-09-25 15:09:48.691533+00:00,2026-09-25 15:09:48.692533+00:00,2026-09-25 15:09:48.693533+00:00,2026-09-25 15:09:48.694533+00:00,2026-09-25 15:09:48.695533+00:00,2026-09-25 15:09:48.696534+00:00,2026-09-25 15:09:48.708534+00:00,2026-09-25 15:09:48.698534+00:00,2026-09-25 15:09:48.699534+00:00,2026-09-25 15:09:48.700534+00:00,2026-09-25 15:09:48.701534+00:00,2026-09-25 15:09:48.702534+00:00,2026-09-25 15:09:48.703534+00:00,2026-09-25 15:09:48.704534+00:00,2026-09-25 15:09:48.705534+00:00,2026-09-25 15:09:48.706534+00:00,2026-09-25 15:09:48.707534+00:00,2026-09-25 15:09:48.697534+00:00,2026-09-25 15:09:48.709534+00:00,2026-09-25 15:09:48.710534+00:00,2026-09-25 15:09:48.711534+00:00,2026-09-25 15:09:48.712534+00:00,2026-09-25 15:09:48.713535+00:00,2026-09-25 15:09:48.725535+00:00,2026-09-25 15:09:48.726535+00:00,2026-09-25 15:09:48.727535+00:00,2026-09-25 15:09:48.728535+00:00,2026-09-25 15:09:48.729535+00:00,2026-09-25 15:09:48.719535+00:00,2026-09-25 15:09:48.720535+00:00,2026-09-25 15:09:48.721535+00:00,2026-09-25 15:09:48.722535+00:00,2026-09-25 15:09:48.723535+00:00,2026-09-25 15:09:48.724535+00:00,2026-09-25 15:09:48.714535+00:00,2026-09-25 15:09:48.715535+00:00,2026-09-25 15:09:48.716535+00:00,2026-09-25 15:09:48.717535+00:00,2026-09-25 15:09:48.718535+00:00,2026-09-25 15:09:48.730535+00:00,2026-09-25 15:09:48.731536+00:00,2026-09-25 15:09:48.732536+00:00,2026-09-25 15:09:48.733536+00:00,2026-09-25 15:09:48.734536+00:00,2026-09-25 15:09:48.735536+00:00,2026-09-25 15:09:48.736536+00:00,2026-09-25 15:09:48.737536+00:00,2026-09-25 15:09:48.738536+00:00,2026-09-25 15:09:48.739536+00:00,2026-09-25 15:09:48.740536+00:00,2026-09-25 15:09:48.741536+00:00,2026-09-25 15:09:48.742536+00:00,2026-09-25 15:09:48.743536+00:00,2026-09-25 15:09:48.744536+00:00,2026-09-25 15:09:48.745536+00:00,2026-09-25 15:09:48.746536+00:00,2026-09-25 15:09:48.747536+00:00,2026-09-25 15:09:48.748537+00:00,2026-09-25 15:09:48.749537+00:00,2026-09-25 15:09:48.750537+00:00,2026-09-25 15:09:48.751537+00:00,2026-09-25 15:09:48.751537+00:00,0.469372,2.130506293515591,179.4745661814376,False,True,False,False,False,False,True,False,False,True,True,True,False,False,False,True
168,2026-09-25 13:40:44.182917+00:00,2026-09-25 15:09:49.100557+00:00,92.006,True,False,False,False,True,False,True,False,True,False,False,False,False,False,False,False,False,False,False,False,False,False,False,True,True,False,False,True,False,True,False,False,False,False,False,False,False,False,False,False,True,True,False,True,False,False,False,False,True,False,False,False,True,True,False,True,False,False,False,True,True,True,False,True,False,False,False,False,True,True,True,False,False,False,False,False,False,False,False,0,0,0,0,2026-09-25 15:09:49.008551+00:00,2026-09-25 15:09:49.019552+00:00,2026-09-25 15:09:49.020552+00:00,2026-09-25 15:09:49.021552+00:00,2026-09-25 15:09:49.022552+00:00,2026-09-25 15:09:49.023552+00:00,2026-09-25 15:09:49.024552+00:00,2026-09-25 15:09:49.025552+00:00,2026-09-25 15:09:49.026552+00:00,2026-09-25 15:09:49.027552+00:00,2026-09-25 15:09:49.028553+00:00,2026-09-25 15:09:49.029553+00:00,2026-09-25 15:09:49.030553+00:00,2026-09-25 15:09:49.042553+00:00,2026-09-25 15:09:49.032553+00:00,2026-09-25 15:09:49.033553+00:00,2026-09-25 15:09:49.034553+00:00,2026-09-25 15:09:49.035553+00:00,2026-09-25 15:09:49.036553+00:00,2026-09-25 15:09:49.037553+00:00,2026-09-25 15:09:49.038553+00:00,2026-09-25 15:09:49.039553+00:00,2026-09-25 15:09:49.040553+00:00,2026-09-25 15:09:49.041553+00:00,2026-09-25 15:09:49.031553+00:00,2026-09-25 15:09:49.043553+00:00,2026-09-25 15:09:49.044553+00:00,2026-09-25 15:09:49.045553+00:00,2026-09-25 15:09:49.046554+00:00,2026-09-25 15:09:49.047554+00:00,2026-09-25 15:09:49.048554+00:00,2026-09-25 15:09:49.049554+00:00,2026-09-25 15:09:49.050554+00:00,2026-09-25 15:09:49.051554+00:00,2026-09-25 15:09:49.052554+00:00,2026-09-25 15:09:49.053554+00:00,2026-09-25 15:09:49.054554+00:00,2026-09-25 15:09:49.055554+00:00,2026-09-25 15:09:49.056554+00:00,2026-09-25 15:09:49.057554+00:00,2026-09-25 15:09:49.058554+00:00,2026-09-25 15:09:49.059554+00:00,2026-09-25 15:09:49.060554+00:00,2026-09-25 15:09:49.061554+00:00,2026-09-25 15:09:49.062554+00:00,2026-09-25 15:09:49.063555+00:00,2026-09-25 15:09:49.064555+00:00,2026-09-25 15:09:49.065555+00:00,2026-09-25 15:09:49.066555+00:00,2026-09-25 15:09:49.067555+00:00,2026-09-25 15:09:49.068555+00:00,2026-09-25 15:09:49.069555+00:00,2026-09-25 15:09:49.070555+00:00,2026-09-25 15:09:49.071555+00:00,2026-09-25 15:09:49.072555+00:00,2026-09-25 15:09:49.073555+00:00,2026-09-25 15:09:49.074555+00:00,2026-09-25 15:09:49.075555+00:00,2026-09-25 15:09:49.076555+00:00,2026-09-25 15:09:49.077555+00:00,2026-09-25 15:09:49.078555+00:00,2026-09-25 15:09:49.079555+00:00,2026-09-25 15:09:49.091556+00:00,2026-09-25 15:09:49.081556+00:00,2026-09-25 15:09:49.082556+00:00,2026-09-25 15:09:49.083556+00:00,2026-09-25 15:09:49.084556+00:00,2026-09-25 15:09:49.085556+00:00,2026-09-25 15:09:49.086556+00:00,2026-09-25 15:09:49.087556+00:00,2026-09-25 15:09:49.088556+00:00,2026-09-25 15:09:49.089556+00:00,2026-09-25 15:09:49.090556+00:00,2026-09-25 15:09:49.080555+00:00,2026-09-25 15:09:49.092556+00:00,2026-09-25 15:09:49.093556+00:00,2026-09-25 15:09:49.094556+00:00,2026-09-25 15:09:49.095556+00:00,2026-09-25 15:09:49.096556+00:00,2026-09-25 15:09:49.097556+00:00,2026-09-25 15:09:49.098557+00:00,2026-09-25 15:09:49.099557+00:00,2026-09-25 15:09:49.100557+00:00,2026-09-25 15:09:49.100557+00:00,0.391227,2.5560608035743955,179.40103792991036,False,True,False,False,False,False,True,False,False,True,True,True,False,False,False,True
169,2026-09-25 13:40:44.547082+00:00,2026-09-25 15:09:49.499579+00:00,91.005,True,False,False,False,True,False,True,False,True,False,False,False,False,False,False,False,False,False,False,False,False,False,False,True,True,False,False,True,False,True,False,False,False,False,False,False,False,False,False,False,True,True,False,True,False,False,False,False,True,False,False,False,True,True,False,True,False,True,False,True,True,True,False,True,False,False,False,False,True,True,True,False,False,False,False,False,False,False,False,0,3,0,0,2026-09-25 15:09:49.408574+00:00,2026-09-25 15:09:49.414575+00:00,2026-09-25 15:09:49.420575+00:00,2026-09-25 15:09:49.416575+00:00,2026-09-25 15:09:49.417575+00:00,2026-09-25 15:09:49.418575+00:00,2026-09-25 15:09:49.419575+00:00,2026-09-25 15:09:49.415575+00:00,2026-09-25 15:09:49.421575+00:00,2026-09-25 15:09:49.422575+00:00,2026-09-25 15:09:49.423575+00:00,2026-09-25 15:09:49.424575+00:00,2026-09-25 15:09:49.425575+00:00,2026-09-25 15:09:49.426575+00:00,2026-09-25 15:09:49.427575+00:00,2026-09-25 15:09:49.428575+00:00,2026-09-25 15:09:49.430576+00:00,2026-09-25 15:09:49.431576+00:00,2026-09-25 15:09:49.432576+00:00,2026-09-25 15:09:49.433576+00:00,2026-09-25 15:09:49.434576+00:00,2026-09-25 15:09:49.435576+00:00,2026-09-25 15:09:49.436576+00:00,2026-09-25 15:09:49.437576+00:00,2026-09-25 15:09:49.438576+00:00,2026-09-25 15:09:49.439576+00:00,2026-09-25 15:09:49.440576+00:00,2026-09-25 15:09:49.441576+00:00,2026-09-25 15:09:49.442576+00:00,2026-09-25 15:09:49.443576+00:00,2026-09-25 15:09:49.444576+00:00,2026-09-25 15:09:49.445576+00:00,2026-09-25 15:09:49.446576+00:00,2026-09-25 15:09:49.447576+00:00,2026-09-25 15:09:49.448577+00:00,2026-09-25 15:09:49.449577+00:00,2026-09-25 15:09:49.450577+00:00,2026-09-25 15:09:49.451577+00:00,2026-09-25 15:09:49.452577+00:00,2026-09-25 15:09:49.453577+00:00,2026-09-25 15:09:49.454577+00:00,2026-09-25 15:09:49.455577+00:00,2026-09-25 15:09:49.456577+00:00,2026-09-25 15:09:49.457577+00:00,2026-09-25 15:09:49.458577+00:00,2026-09-25 15:09:49.459577+00:00,2026-09-25 15:09:49.460577+00:00,2026-09-25 15:09:49.461577+00:00,2026-09-25 15:09:49.462577+00:00,2026-09-25 15:09:49.463577+00:00,2026-09-25 15:09:49.464577+00:00,2026-09-25 15:09:49.465578+00:00,2026-09-25 15:09:49.466578+00:00,2026-09-25 15:09:49.467578+00:00,2026-09-25 15:09:49.468578+00:00,2026-09-25 15:09:49.469578+00:00,2026-09-25 15:09:49.470578+00:00,2026-09-25 15:09:49.471578+00:00,2026-09-25 15:09:49.472578+00:00,2026-09-25 15:09:49.473578+00:00,2026-09-25 15:09:49.474578+00:00,2026-09-25 15:09:49.475578+00:00,2026-09-25 15:09:49.476578+00:00,2026-09-25 15:09:49.477578+00:00,2026-09-25 15:09:49.478578+00:00,2026-09-25 15:09:49.479578+00:00,2026-09-25 15:09:49.480578+00:00,2026-09-25 15:09:49.481578+00:00,2026-09-25 15:09:49.482578+00:00,2026-09-25 15:09:49.483579+00:00,2026-09-25 15:09:49.484579+00:00,2026-09-25 15:09:49.499579+00:00,2026-09-25 15:09:49.486579+00:00,2026-09-25 15:09:49.487579+00:00,2026-09-25 15:09:49.488579+00:00,2026-09-25 15:09:49.489579+00:00,2026-09-25 15:09:49.490579+00:00,2026-09-25 15:09:49.491579+00:00,2026-09-25 15:09:49.494579+00:00,2026-09-25 15:09:49.496579+00:00,2026-09-25 15:09:49.497579+00:00,2026-09-25 15:09:49.498579+00:00,2026-09-25 15:09:49.485579+00:00,2026-09-25 15:09:49.499579+00:00,0.364165,2.7460079908832533,179.31909411824486,False,True,False,False,False,False,True,False,False,True,True,True,False,False,False,True
170,2026-09-25 13:40:44.910202+00:00,2026-09-25 15:09:49.867601+00:00,95.006,True,False,False,False,True,False,True,False,True,False,False,False,False,False,False,False,False,False,False,False,False,False,False,True,True,True,False,True,False,True,False,False,True,False,False,False,False,False,False,False,True,True,False,True,False,False,False,False,False,True,True,False,True,True,False,True,True,True,False,False,True,True,False,True,False,False,False,False,True,True,True,False,False,False,False,False,False,False,False,0,76,0,84,2026-09-25 15:09:49.772595+00:00,2026-09-25 15:09:49.786596+00:00,2026-09-25 15:09:49.787596+00:00,2026-09-25 15:09:49.788596+00:00,2026-09-25 15:09:49.789596+00:00,2026-09-25 15:09:49.790596+00:00,2026-09-25 15:09:49.791596+00:00,2026-09-25 15:09:49.792596+00:00,2026-09-25 15:09:49.793596+00:00,2026-09-25 15:09:49.794596+00:00,2026-09-25 15:09:49.795596+00:00,2026-09-25 15:09:49.796596+00:00,2026-09-25 15:09:49.797597+00:00,2026-09-25 15:09:49.798597+00:00,2026-09-25 15:09:49.799597+00:00,2026-09-25 15:09:49.800597+00:00,2026-09-25 15:09:49.801597+00:00,2026-09-25 15:09:49.802597+00:00,2026-09-25 15:09:49.803597+00:00,2026-09-25 15:09:49.804597+00:00,2026-09-25 15:09:49.805597+00:00,2026-09-25 15:09:49.806597+00:00,2026-09-25 15:09:49.807597+00:00,2026-09-25 15:09:49.808597+00:00,2026-09-25 15:09:49.809597+00:00,2026-09-25 15:09:49.810597+00:00,2026-09-25 15:09:49.811597+00:00,2026-09-25 15:09:49.812597+00:00,2026-09-25 15:09:49.813597+00:00,2026-09-25 15:09:49.814597+00:00,2026-09-25 15:09:49.815598+00:00,2026-09-25 15:09:49.816598+00:00,2026-09-25 15:09:49.817598+00:00,2026-09-25 15:09:49.818598+00:00,2026-09-25 15:09:49.819598+00:00,2026-09-25 15:09:49.820598+00:00,2026-09-25 15:09:49.821598+00:00,2026-09-25 15:09:49.822598+00:00,2026-09-25 15:09:49.823598+00:00,2026-09-25 15:09:49.824598+00:00,2026-09-25 15:09:49.825598+00:00,2026-09-25 15:09:49.826598+00:00,2026-09-25 15:09:49.827598+00:00,2026-09-25 15:09:49.828598+00:00,2026-09-25 15:09:49.829598+00:00,2026-09-25 15:09:49.830598+00:00,2026-09-25 15:09:49.831598+00:00,2026-09-25 15:09:49.843599+00:00,2026-09-25 15:09:49.833599+00:00,2026-09-25 15:09:49.834599+00:00,2026-09-25 15:09:49.835599+00:00,2026-09-25 15:09:49.836599+00:00,2026-09-25 15:09:49.837599+00:00,2026-09-25 15:09:49.838599+00:00,2026-09-25 15:09:49.839599+00:00,2026-09-25 15:09:49.840599+00:00,2026-09-25 15:09:49.841599+00:00,2026-09-25 15:09:49.842599+00:00,2026-09-25 15:09:49.832599+00:00,2026-09-25 15:09:49.844599+00:00,2026-09-25 15:09:49.856600+00:00,2026-09-25 15:09:49.846599+00:00,2026-09-25 15:09:49.847599+00:00,2026-09-25 15:09:49.848599+00:00,2026-09-25 15:09:49.849599+00:00,2026-09-25 15:09:49.850600+00:00,2026-09-25 15:09:49.851600+00:00,2026-09-25 15:09:49.852600+00:00,2026-09-25 15:09:49.853600+00:00,2026-09-25 15:09:49.854600+00:00,2026-09-25 15:09:49.855600+00:00,2026-09-25 15:09:49.845599+00:00,2026-09-25 15:09:49.857600+00:00,2026-09-25 15:09:49.858600+00:00,2026-09-25 15:09:49.859600+00:00,2026-09-25 15:09:49.860600+00:00,2026-09-25 15:09:49.861600+00:00,2026-09-25 15:09:49.862600+00:00,2026-09-25 15:09:49.863600+00:00,2026-09-25 15:09:49.864600+00:00,2026-09-25 15:09:49.865600+00:00,2026-09-25 15:09:49.866600+00:00,2026-09-25 15:09:49.867601+00:00,2026-09-25 15:09:49.867601+00:00,0.36312,2.7539105529852392,179.24565735089442,True,True,False,False,False,False,True,False,False,True,True,True,False,False,False,False
171,2026-09-25 13:40:45.268215+00:00,2026-09-25 15:09:50.227621+00:00,97.005,True,False,False,False,True,False,True,False,True,False,False,False,False,False,False,False,False,False,False,False,False,False,False,True,False,True,False,True,False,True,False,False,True,False,False,False,False,False,False,False,True,True,False,True,False,False,False,False,False,True,True,False,True,True,False,True,False,False,True,True,True,True,False,True,False,False,False,False,True,True,True,False,False,False,False,False,False,False,False,0,151,0,166,2026-09-25 15:09:50.130616+00:00,2026-09-25 15:09:50.141616+00:00,2026-09-25 15:09:50.142616+00:00,2026-09-25 15:09:50.143616+00:00,2026-09-25 15:09:50.144616+00:00,2026-09-25 15:09:50.146616+00:00,2026-09-25 15:09:50.159617+00:00,2026-09-25 15:09:50.149617+00:00,2026-09-25 15:09:50.150617+00:00,2026-09-25 15:09:50.151617+00:00,2026-09-25 15:09:50.152617+00:00,2026-09-25 15:09:50.153617+00:00,2026-09-25 15:09:50.154617+00:00,2026-09-25 15:09:50.155617+00:00,2026-09-25 15:09:50.156617+00:00,2026-09-25 15:09:50.157617+00:00,2026-09-25 15:09:50.158617+00:00,2026-09-25 15:09:50.148617+00:00,2026-09-25 15:09:50.160617+00:00,2026-09-25 15:09:50.161617+00:00,2026-09-25 15:09:50.162617+00:00,2026-09-25 15:09:50.174618+00:00,2026-09-25 15:09:50.164618+00:00,2026-09-25 15:09:50.165618+00:00,2026-09-25 15:09:50.166618+00:00,2026-09-25 15:09:50.180618+00:00,2026-09-25 15:09:50.168618+00:00,2026-09-25 15:09:50.169618+00:00,2026-09-25 15:09:50.170618+00:00,2026-09-25 15:09:50.171618+00:00,2026-09-25 15:09:50.172618+00:00,2026-09-25 15:09:50.173618+00:00,2026-09-25 15:09:50.163617+00:00,2026-09-25 15:09:50.175618+00:00,2026-09-25 15:09:50.176618+00:00,2026-09-25 15:09:50.177618+00:00,2026-09-25 15:09:50.181618+00:00,2026-09-25 15:09:50.182619+00:00,2026-09-25 15:09:50.183619+00:00,2026-09-25 15:09:50.184619+00:00,2026-09-25 15:09:50.185619+00:00,2026-09-25 15:09:50.186619+00:00,2026-09-25 15:09:50.187619+00:00,2026-09-25 15:09:50.188619+00:00,2026-09-25 15:09:50.189619+00:00,2026-09-25 15:09:50.190619+00:00,2026-09-25 15:09:50.191619+00:00,2026-09-25 15:09:50.192619+00:00,2026-09-25 15:09:50.193619+00:00,2026-09-25 15:09:50.205620+00:00,2026-09-25 15:09:50.195619+00:00,2026-09-25 15:09:50.196619+00:00,2026-09-25 15:09:50.197619+00:00,2026-09-25 15:09:50.198619+00:00,2026-09-25 15:09:50.199620+00:00,2026-09-25 15:09:50.200620+00:00,2026-09-25 15:09:50.201620+00:00,2026-09-25 15:09:50.202620+00:00,2026-09-25 15:09:50.203620+00:00,2026-09-25 15:09:50.204620+00:00,2026-09-25 15:09:50.194619+00:00,2026-09-25 15:09:50.206620+00:00,2026-09-25 15:09:50.207620+00:00,2026-09-25 15:09:50.208620+00:00,2026-09-25 15:09:50.209620+00:00,2026-09-25 15:09:50.210620+00:00,2026-09-25 15:09:50.211620+00:00,2026-09-25 15:09:50.212620+00:00,2026-09-25 15:09:50.213620+00:00,2026-09-25 15:09:50.214620+00:00,2026-09-25 15:09:50.215620+00:00,2026-09-25 15:09:50.216620+00:00,2026-09-25 15:09:50.217621+00:00,2026-09-25 15:09:50.218621+00:00,2026-09-25 15:09:50.219621+00:00,2026-09-25 15:09:50.220621+00:00,2026-09-25 15:09:50.221621+00:00,2026-09-25 15:09:50.222621+00:00,2026-09-25 15:09:50.223621+00:00,2026-09-25 15:09:50.224621+00:00,2026-09-25 15:09:50.225621+00:00,2026-09-25 15:09:50.226621+00:00,2026-09-25 15:09:50.227621+00:00,2026-09-25 15:09:50.227621+00:00,0.358013,2.7931946605290867,179.17592747571692,True,True,False,False,False,False,True,False,False,True,True,True,False,False,True,False
172,2026-09-25 13:40:45.645492+00:00,2026-09-25 15:09:50.577641+00:00,93.005,True,False,False,False,True,False,True,False,True,False,False,False,False,False,False,False,False,False,False,False,False,False,False,True,False,True,False,True,False,True,False,False,False,False,False,False,True,False,False,False,True,True,False,True,False,False,False,False,False,True,True,False,True,True,False,True,False,False,False,True,True,True,False,True,False,False,False,False,True,True,True,False,False,False,False,False,False,False,False,0,224,0,246,2026-09-25 15:09:50.484636+00:00,2026-09-25 15:09:50.496636+00:00,2026-09-25 15:09:50.497637+00:00,2026-09-25 15:09:50.498637+00:00,2026-09-25 15:09:50.499637+00:00,2026-09-25 15:09:50.500637+00:00,2026-09-25 15:09:50.501637+00:00,2026-09-25 15:09:50.502637+00:00,2026-09-25 15:09:50.503637+00:00,2026-09-25 15:09:50.504637+00:00,2026-09-25 15:09:50.505637+00:00,2026-09-25 15:09:50.506637+00:00,2026-09-25 15:09:50.507637+00:00,2026-09-25 15:09:50.508637+00:00,2026-09-25 15:09:50.509637+00:00,2026-09-25 15:09:50.510637+00:00,2026-09-25 15:09:50.511637+00:00,2026-09-25 15:09:50.512637+00:00,2026-09-25 15:09:50.513637+00:00,2026-09-25 15:09:50.514638+00:00,2026-09-25 15:09:50.515638+00:00,2026-09-25 15:09:50.516638+00:00,2026-09-25 15:09:50.517638+00:00,2026-09-25 15:09:50.518638+00:00,2026-09-25 15:09:50.519638+00:00,2026-09-25 15:09:50.520638+00:00,2026-09-25 15:09:50.521638+00:00,2026-09-25 15:09:50.522638+00:00,2026-09-25 15:09:50.523638+00:00,2026-09-25 15:09:50.524638+00:00,2026-09-25 15:09:50.525638+00:00,2026-09-25 15:09:50.526638+00:00,2026-09-25 15:09:50.527638+00:00,2026-09-25 15:09:50.528638+00:00,2026-09-25 15:09:50.529638+00:00,2026-09-25 15:09:50.530638+00:00,2026-09-25 15:09:50.531638+00:00,2026-09-25 15:09:50.532639+00:00,2026-09-25 15:09:50.533639+00:00,2026-09-25 15:09:50.534639+00:00,2026-09-25 15:09:50.535639+00:00,2026-09-25 15:09:50.536639+00:00,2026-09-25 15:09:50.537639+00:00,2026-09-25 15:09:50.538639+00:00,2026-09-25 15:09:50.539639+00:00,2026-09-25 15:09:50.540639+00:00,2026-09-25 15:09:50.541639+00:00,2026-09-25 15:09:50.553640+00:00,2026-09-25 15:09:50.543639+00:00,2026-09-25 15:09:50.544639+00:00,2026-09-25 15:09:50.545639+00:00,2026-09-25 15:09:50.546639+00:00,2026-09-25 15:09:50.558640+00:00,2026-09-25 15:09:50.559640+00:00,2026-09-25 15:09:50.549640+00:00,2026-09-25 15:09:50.550640+00:00,2026-09-25 15:09:50.551640+00:00,2026-09-25 15:09:50.552640+00:00,2026-09-25 15:09:50.542639+00:00,2026-09-25 15:09:50.554640+00:00,2026-09-25 15:09:50.555640+00:00,2026-09-25 15:09:50.556640+00:00,2026-09-25 15:09:50.557640+00:00,2026-09-25 15:09:50.547639+00:00,2026-09-25 15:09:50.548639+00:00,2026-09-25 15:09:50.560640+00:00,2026-09-25 15:09:50.561640+00:00,2026-09-25 15:09:50.562640+00:00,2026-09-25 15:09:50.563640+00:00,2026-09-25 15:09:50.564640+00:00,2026-09-25 15:09:50.565640+00:00,2026-09-25 15:09:50.566640+00:00,2026-09-25 15:09:50.567641+00:00,2026-09-25 15:09:50.568641+00:00,2026-09-25 15:09:50.569641+00:00,2026-09-25 15:09:50.570641+00:00,2026-09-25 15:09:50.571641+00:00,2026-09-25 15:09:50.572641+00:00,2026-09-25 15:09:50.573641+00:00,2026-09-25 15:09:50.574641+00:00,2026-09-25 15:09:50.575641+00:00,2026-09-25 15:09:50.576641+00:00,2026-09-25 15:09:50.577641+00:00,2026-09-25 15:09:50.577641+00:00,0.377277,2.65057239110786,179.11023998144117,True,True,False,False,False,False,True,False,False,True,True,True,False,False,True,False
173,2026-09-25 13:40:46.009591+00:00,2026-09-25 15:09:50.957663+00:00,97.006,True,False,False,False,True,False,True,False,True,False,False,False,False,False,False,False,False,False,False,False,False,False,False,True,False,True,False,True,False,True,False,False,False,False,False,False,False,False,True,False,True,False,False,True,False,False,False,False,False,True,True,False,True,True,False,True,False,False,False,False,True,True,False,True,False,False,False,False,True,True,True,False,False,False,False,False,False,False,False,0,303,0,332,2026-09-25 15:09:50.860657+00:00,2026-09-25 15:09:50.874658+00:00,2026-09-25 15:09:50.875658+00:00,2026-09-25 15:09:50.876658+00:00,2026-09-25 15:09:50.877658+00:00,2026-09-25 15:09:50.878658+00:00,2026-09-25 15:09:50.879658+00:00,2026-09-25 15:09:50.880658+00:00,2026-09-25 15:09:50.881659+00:00,2026-09-25 15:09:50.882659+00:00,2026-09-25 15:09:50.883659+00:00,2026-09-25 15:09:50.884659+00:00,2026-09-25 15:09:50.885659+00:00,2026-09-25 15:09:50.886659+00:00,2026-09-25 15:09:50.887659+00:00,2026-09-25 15:09:50.888659+00:00,2026-09-25 15:09:50.900660+00:00,2026-09-25 15:09:50.890659+00:00,2026-09-25 15:09:50.891659+00:00,2026-09-25 15:09:50.892659+00:00,2026-09-25 15:09:50.904660+00:00,2026-09-25 15:09:50.894659+00:00,2026-09-25 15:09:50.895659+00:00,2026-09-25 15:09:50.896659+00:00,2026-09-25 15:09:50.897659+00:00,2026-09-25 15:09:50.909660+00:00,2026-09-25 15:09:50.899660+00:00,2026-09-25 15:09:50.889659+00:00,2026-09-25 15:09:50.901660+00:00,2026-09-25 15:09:50.902660+00:00,2026-09-25 15:09:50.903660+00:00,2026-09-25 15:09:50.893659+00:00,2026-09-25 15:09:50.905660+00:00,2026-09-25 15:09:50.906660+00:00,2026-09-25 15:09:50.907660+00:00,2026-09-25 15:09:50.908660+00:00,2026-09-25 15:09:50.898659+00:00,2026-09-25 15:09:50.921661+00:00,2026-09-25 15:09:50.911660+00:00,2026-09-25 15:09:50.912660+00:00,2026-09-25 15:09:50.913660+00:00,2026-09-25 15:09:50.914660+00:00,2026-09-25 15:09:50.915660+00:00,2026-09-25 15:09:50.916661+00:00,2026-09-25 15:09:50.917661+00:00,2026-09-25 15:09:50.918661+00:00,2026-09-25 15:09:50.919661+00:00,2026-09-25 15:09:50.920661+00:00,2026-09-25 15:09:50.910660+00:00,2026-09-25 15:09:50.922661+00:00,2026-09-25 15:09:50.923661+00:00,2026-09-25 15:09:50.924661+00:00,2026-09-25 15:09:50.925661+00:00,2026-09-25 15:09:50.926661+00:00,2026-09-25 15:09:50.927661+00:00,2026-09-25 15:09:50.929661+00:00,2026-09-25 15:09:50.930661+00:00,2026-09-25 15:09:50.931661+00:00,2026-09-25 15:09:50.932661+00:00,2026-09-25 15:09:50.933661+00:00,2026-09-25 15:09:50.934662+00:00,2026-09-25 15:09:50.935662+00:00,2026-09-25 15:09:50.936662+00:00,2026-09-25 15:09:50.937662+00:00,2026-09-25 15:09:50.938662+00:00,2026-09-25 15:09:50.939662+00:00,2026-09-25 15:09:50.940662+00:00,2026-09-25 15:09:50.941662+00:00,2026-09-25 15:09:50.942662+00:00,2026-09-25 15:09:50.943662+00:00,2026-09-25 15:09:50.944662+00:00,2026-09-25 15:09:50.945662+00:00,2026-09-25 15:09:50.946662+00:00,2026-09-25 15:09:50.947662+00:00,2026-09-25 15:09:50.948662+00:00,2026-09-25 15:09:50.949662+00:00,2026-09-25 15:09:50.950662+00:00,2026-09-25 15:09:50.951663+00:00,2026-09-25 15:09:50.952663+00:00,2026-09-25 15:09:50.957663+00:00,2026-09-25 15:09:50.954663+00:00,2026-09-25 15:09:50.955663+00:00,2026-09-25 15:09:50.956663+00:00,2026-09-25 15:09:50.957663+00:00,0.364099,2.7465057580493215,179.0413834707201,True,True,False,False,False,False,True,False,False,True,True,True,False,False,True,False
174,2026-09-25 13:40:46.382547+00:00,2026-09-25 15:09:51.324684+00:00,92.005,True,False,False,False,True,False,True,False,True,False,False,False,False,False,False,False,False,False,False,False,False,False,False,True,False,True,False,False,False,True,False,False,False,False,False,False,False,False,True,False,True,False,False,True,False,False,False,False,False,True,True,False,True,True,False,True,False,False,False,False,True,True,False,True,False,False,False,False,True,True,True,False,False,False,False,False,False,False,False,0,379,0,417,2026-09-25 15:09:51.232679+00:00,2026-09-25 15:09:51.242679+00:00,2026-09-25 15:09:51.254680+00:00,2026-09-25 15:09:51.244679+00:00,2026-09-25 15:09:51.245679+00:00,2026-09-25 15:09:51.246679+00:00,2026-09-25 15:09:51.247679+00:00,2026-09-25 15:09:51.248680+00:00,2026-09-25 15:09:51.249680+00:00,2026-09-25 15:09:51.250680+00:00,2026-09-25 15:09:51.251680+00:00,2026-09-25 15:09:51.252680+00:00,2026-09-25 15:09:51.253680+00:00,2026-09-25 15:09:51.243679+00:00,2026-09-25 15:09:51.255680+00:00,2026-09-25 15:09:51.267681+00:00,2026-09-25 15:09:51.268681+00:00,2026-09-25 15:09:51.258680+00:00,2026-09-25 15:09:51.259680+00:00,2026-09-25 15:09:51.260680+00:00,2026-09-25 15:09:51.261680+00:00,2026-09-25 15:09:51.262680+00:00,2026-09-25 15:09:51.274681+00:00,2026-09-25 15:09:51.264680+00:00,2026-09-25 15:09:51.265680+00:00,2026-09-25 15:09:51.266681+00:00,2026-09-25 15:09:51.256680+00:00,2026-09-25 15:09:51.257680+00:00,2026-09-25 15:09:51.280681+00:00,2026-09-25 15:09:51.270681+00:00,2026-09-25 15:09:51.271681+00:00,2026-09-25 15:09:51.272681+00:00,2026-09-25 15:09:51.273681+00:00,2026-09-25 15:09:51.263680+00:00,2026-09-25 15:09:51.275681+00:00,2026-09-25 15:09:51.276681+00:00,2026-09-25 15:09:51.277681+00:00,2026-09-25 15:09:51.278681+00:00,2026-09-25 15:09:51.279681+00:00,2026-09-25 15:09:51.269681+00:00,2026-09-25 15:09:51.292682+00:00,2026-09-25 15:09:51.282681+00:00,2026-09-25 15:09:51.283682+00:00,2026-09-25 15:09:51.284682+00:00,2026-09-25 15:09:51.285682+00:00,2026-09-25 15:09:51.286682+00:00,2026-09-25 15:09:51.287682+00:00,2026-09-25 15:09:51.288682+00:00,2026-09-25 15:09:51.289682+00:00,2026-09-25 15:09:51.290682+00:00,2026-09-25 15:09:51.291682+00:00,2026-09-25 15:09:51.281681+00:00,2026-09-25 15:09:51.305683+00:00,2026-09-25 15:09:51.294682+00:00,2026-09-25 15:09:51.295682+00:00,2026-09-25 15:09:51.296682+00:00,2026-09-25 15:09:51.297682+00:00,2026-09-25 15:09:51.298682+00:00,2026-09-25 15:09:51.299682+00:00,2026-09-25 15:09:51.312683+00:00,2026-09-25 15:09:51.302683+00:00,2026-09-25 15:09:51.303683+00:00,2026-09-25 15:09:51.304683+00:00,2026-09-25 15:09:51.293682+00:00,2026-09-25 15:09:51.306683+00:00,2026-09-25 15:09:51.307683+00:00,2026-09-25 15:09:51.308683+00:00,2026-09-25 15:09:51.309683+00:00,2026-09-25 15:09:51.310683+00:00,2026-09-25 15:09:51.311683+00:00,2026-09-25 15:09:51.301683+00:00,2026-09-25 15:09:51.313683+00:00,2026-09-25 15:09:51.314683+00:00,2026-09-25 15:09:51.315683+00:00,2026-09-25 15:09:51.316683+00:00,2026-09-25 15:09:51.317683+00:00,2026-09-25 15:09:51.318684+00:00,2026-09-25 15:09:51.319684+00:00,2026-09-25 15:09:51.320684+00:00,2026-09-25 15:09:51.321684+00:00,2026-09-25 15:09:51.322684+00:00,2026-09-25 15:09:51.323684+00:00,2026-09-25 15:09:51.324684+00:00,2026-09-25 15:09:51.324684+00:00,0.372956,2.6812814380248606,178.97741801163724,True,True,False,False,False,False,True,False,False,True,True,True,False,False,True,False
175,2026-09-25 13:40:46.748576+00:00,2026-09-25 15:09:51.688705+00:00,90.005,True,False,False,False,True,False,True,False,True,False,False,False,False,False,False,False,False,False,False,False,False,False,False,True,True,True,False,False,False,True,False,False,False,False,False,False,False,False,True,False,True,False,False,True,False,False,False,False,False,True,False,False,True,True,False,True,False,False,False,True,True,True,False,True,False,False,False,False,True,True,True,False,False,False,False,False,False,False,False,0,455,0,457,2026-09-25 15:09:51.598700+00:00,2026-09-25 15:09:51.605700+00:00,2026-09-25 15:09:51.606700+00:00,2026-09-25 15:09:51.607700+00:00,2026-09-25 15:09:51.608700+00:00,2026-09-25 15:09:51.609700+00:00,2026-09-25 15:09:51.610700+00:00,2026-09-25 15:09:51.611700+00:00,2026-09-25 15:09:51.612700+00:00,2026-09-25 15:09:51.613700+00:00,2026-09-25 15:09:51.614700+00:00,2026-09-25 15:09:51.615701+00:00,2026-09-25 15:09:51.616701+00:00,2026-09-25 15:09:51.617701+00:00,2026-09-25 15:09:51.618701+00:00,2026-09-25 15:09:51.619701+00:00,2026-09-25 15:09:51.620701+00:00,2026-09-25 15:09:51.621701+00:00,2026-09-25 15:09:51.622701+00:00,2026-09-25 15:09:51.623701+00:00,2026-09-25 15:09:51.624701+00:00,2026-09-25 15:09:51.625701+00:00,2026-09-25 15:09:51.626701+00:00,2026-09-25 15:09:51.627701+00:00,2026-09-25 15:09:51.628701+00:00,2026-09-25 15:09:51.629701+00:00,2026-09-25 15:09:51.630701+00:00,2026-09-25 15:09:51.631701+00:00,2026-09-25 15:09:51.632701+00:00,2026-09-25 15:09:51.633702+00:00,2026-09-25 15:09:51.634702+00:00,2026-09-25 15:09:51.635702+00:00,2026-09-25 15:09:51.636702+00:00,2026-09-25 15:09:51.637702+00:00,2026-09-25 15:09:51.638702+00:00,2026-09-25 15:09:51.639702+00:00,2026-09-25 15:09:51.640702+00:00,2026-09-25 15:09:51.641702+00:00,2026-09-25 15:09:51.642702+00:00,2026-09-25 15:09:51.643702+00:00,2026-09-25 15:09:51.644702+00:00,2026-09-25 15:09:51.645702+00:00,2026-09-25 15:09:51.646702+00:00,2026-09-25 15:09:51.647702+00:00,2026-09-25 15:09:51.648702+00:00,2026-09-25 15:09:51.649702+00:00,2026-09-25 15:09:51.650703+00:00,2026-09-25 15:09:51.651703+00:00,2026-09-25 15:09:51.652703+00:00,2026-09-25 15:09:51.653703+00:00,2026-09-25 15:09:51.654703+00:00,2026-09-25 15:09:51.655703+00:00,2026-09-25 15:09:51.656703+00:00,2026-09-25 15:09:51.657703+00:00,2026-09-25 15:09:51.658703+00:00,2026-09-25 15:09:51.660703+00:00,2026-09-25 15:09:51.672704+00:00,2026-09-25 15:09:51.662703+00:00,2026-09-25 15:09:51.663703+00:00,2026-09-25 15:09:51.664703+00:00,2026-09-25 15:09:51.665703+00:00,2026-09-25 15:09:51.666703+00:00,2026-09-25 15:09:51.667703+00:00,2026-09-25 15:09:51.668704+00:00,2026-09-25 15:09:51.669704+00:00,2026-09-25 15:09:51.682704+00:00,2026-09-25 15:09:51.683704+00:00,2026-09-25 15:09:51.661703+00:00,2026-09-25 15:09:51.673704+00:00,2026-09-25 15:09:51.674704+00:00,2026-09-25 15:09:51.675704+00:00,2026-09-25 15:09:51.676704+00:00,2026-09-25 15:09:51.678704+00:00,2026-09-25 15:09:51.679704+00:00,2026-09-25 15:09:51.680704+00:00,2026-09-25 15:09:51.681704+00:00,2026-09-25 15:09:51.670704+00:00,2026-09-25 15:09:51.671704+00:00,2026-09-25 15:09:51.684704+00:00,2026-09-25 15:09:51.685705+00:00,2026-09-25 15:09:51.686705+00:00,2026-09-25 15:09:51.687705+00:00,2026-09-25 15:09:51.688705+00:00,2026-09-25 15:09:51.688705+00:00,0.366029,2.732023965314224,178.9165295879319,True,True,False,False,False,False,True,False,False,True,True,True,False,False,False,False
176,2026-09-25 13:40:47.094614+00:00,2026-09-25 15:09:52.048725+00:00,86.005,True,False,False,False,True,False,True,False,True,False,False,False,False,False,False,False,False,False,False,False,False,False,False,True,True,True,False,False,False,True,False,False,False,False,False,False,False,False,True,False,True,False,False,True,False,False,False,False,False,True,False,False,True,True,False,True,False,False,False,True,True,True,False,True,False,False,False,False,True,True,True,False,False,False,False,False,False,False,False,0,530,0,457,2026-09-25 15:09:51.962720+00:00,2026-09-25 15:09:51.967721+00:00,2026-09-25 15:09:51.968721+00:00,2026-09-25 15:09:51.969721+00:00,2026-09-25 15:09:51.970721+00:00,2026-09-25 15:09:51.971721+00:00,2026-09-25 15:09:51.972721+00:00,2026-09-25 15:09:51.973721+00:00,2026-09-25 15:09:51.985722+00:00,2026-09-25 15:09:51.975721+00:00,2026-09-25 15:09:51.976721+00:00,2026-09-25 15:09:51.977721+00:00,2026-09-25 15:09:51.978721+00:00,2026-09-25 15:09:51.979721+00:00,2026-09-25 15:09:51.980721+00:00,2026-09-25 15:09:51.981721+00:00,2026-09-25 15:09:51.982721+00:00,2026-09-25 15:09:51.983722+00:00,2026-09-25 15:09:51.984722+00:00,2026-09-25 15:09:51.974721+00:00,2026-09-25 15:09:51.986722+00:00,2026-09-25 15:09:51.987722+00:00,2026-09-25 15:09:51.988722+00:00,2026-09-25 15:09:51.989722+00:00,2026-09-25 15:09:51.990722+00:00,2026-09-25 15:09:51.991722+00:00,2026-09-25 15:09:51.992722+00:00,2026-09-25 15:09:51.993722+00:00,2026-09-25 15:09:51.994722+00:00,2026-09-25 15:09:51.995722+00:00,2026-09-25 15:09:51.996722+00:00,2026-09-25 15:09:51.997722+00:00,2026-09-25 15:09:51.998722+00:00,2026-09-25 15:09:51.999722+00:00,2026-09-25 15:09:52.000723+00:00,2026-09-25 15:09:52.001723+00:00,2026-09-25 15:09:52.002723+00:00,2026-09-25 15:09:52.003723+00:00,2026-09-25 15:09:52.004723+00:00,2026-09-25 15:09:52.005723+00:00,2026-09-25 15:09:52.006723+00:00,2026-09-25 15:09:52.007723+00:00,2026-09-25 15:09:52.008723+00:00,2026-09-25 15:09:52.009723+00:00,2026-09-25 15:09:52.010723+00:00,2026-09-25 15:09:52.011723+00:00,2026-09-25 15:09:52.012723+00:00,2026-09-25 15:09:52.024724+00:00,2026-09-25 15:09:52.014723+00:00,2026-09-25 15:09:52.015723+00:00,2026-09-25 15:09:52.016723+00:00,2026-09-25 15:09:52.017723+00:00,2026-09-25 15:09:52.018724+00:00,2026-09-25 15:09:52.019724+00:00,2026-09-25 15:09:52.020724+00:00,2026-09-25 15:09:52.021724+00:00,2026-09-25 15:09:52.022724+00:00,2026-09-25 15:09:52.023724+00:00,2026-09-25 15:09:52.013723+00:00,2026-09-25 15:09:52.025724+00:00,2026-09-25 15:09:52.026724+00:00,2026-09-25 15:09:52.027724+00:00,2026-09-25 15:09:52.028724+00:00,2026-09-25 15:09:52.029724+00:00,2026-09-25 15:09:52.030724+00:00,2026-09-25 15:09:52.031724+00:00,2026-09-25 15:09:52.032724+00:00,2026-09-25 15:09:52.033724+00:00,2026-09-25 15:09:52.034724+00:00,2026-09-25 15:09:52.035725+00:00,2026-09-25 15:09:52.036725+00:00,2026-09-25 15:09:52.037725+00:00,2026-09-25 15:09:52.038725+00:00,2026-09-25 15:09:52.039725+00:00,2026-09-25 15:09:52.040725+00:00,2026-09-25 15:09:52.041725+00:00,2026-09-25 15:09:52.042725+00:00,2026-09-25 15:09:52.043725+00:00,2026-09-25 15:09:52.044725+00:00,2026-09-25 15:09:52.045725+00:00,2026-09-25 15:09:52.046725+00:00,2026-09-25 15:09:52.047725+00:00,2026-09-25 15:09:52.048725+00:00,2026-09-25 15:09:52.048725+00:00,0.346038,2.889856027372716,178.8588944258207,True,True,False,False,False,False,True,False,False,True,True,True,False,False,False,False
177,2026-09-25 13:40:47.444530+00:00,2026-09-25 15:09:52.398745+00:00,90.005,True,False,False,False,True,False,True,False,True,False,False,False,False,False,False,False,False,False,False,False,False,False,False,True,True,True,False,False,False,True,False,False,False,False,False,False,False,False,True,False,True,False,False,True,False,False,False,False,False,True,False,False,True,True,False,True,False,False,False,True,True,True,False,True,False,False,False,False,True,True,True,False,False,False,False,False,False,False,False,0,603,0,457,2026-09-25 15:09:52.308740+00:00,2026-09-25 15:09:52.316741+00:00,2026-09-25 15:09:52.317741+00:00,2026-09-25 15:09:52.318741+00:00,2026-09-25 15:09:52.319741+00:00,2026-09-25 15:09:52.320741+00:00,2026-09-25 15:09:52.321741+00:00,2026-09-25 15:09:52.322741+00:00,2026-09-25 15:09:52.323741+00:00,2026-09-25 15:09:52.324741+00:00,2026-09-25 15:09:52.325741+00:00,2026-09-25 15:09:52.326741+00:00,2026-09-25 15:09:52.327741+00:00,2026-09-25 15:09:52.328741+00:00,2026-09-25 15:09:52.329741+00:00,2026-09-25 15:09:52.330741+00:00,2026-09-25 15:09:52.331741+00:00,2026-09-25 15:09:52.332742+00:00,2026-09-25 15:09:52.333742+00:00,2026-09-25 15:09:52.334742+00:00,2026-09-25 15:09:52.335742+00:00,2026-09-25 15:09:52.336742+00:00,2026-09-25 15:09:52.337742+00:00,2026-09-25 15:09:52.338742+00:00,2026-09-25 15:09:52.339742+00:00,2026-09-25 15:09:52.340742+00:00,2026-09-25 15:09:52.341742+00:00,2026-09-25 15:09:52.342742+00:00,2026-09-25 15:09:52.343742+00:00,2026-09-25 15:09:52.344742+00:00,2026-09-25 15:09:52.345742+00:00,2026-09-25 15:09:52.346742+00:00,2026-09-25 15:09:52.347742+00:00,2026-09-25 15:09:52.348742+00:00,2026-09-25 15:09:52.349742+00:00,2026-09-25 15:09:52.350743+00:00,2026-09-25 15:09:52.351743+00:00,2026-09-25 15:09:52.352743+00:00,2026-09-25 15:09:52.353743+00:00,2026-09-25 15:09:52.354743+00:00,2026-09-25 15:09:52.355743+00:00,2026-09-25 15:09:52.356743+00:00,2026-09-25 15:09:52.357743+00:00,2026-09-25 15:09:52.358743+00:00,2026-09-25 15:09:52.359743+00:00,2026-09-25 15:09:52.360743+00:00,2026-09-25 15:09:52.361743+00:00,2026-09-25 15:09:52.362743+00:00,2026-09-25 15:09:52.363743+00:00,2026-09-25 15:09:52.364743+00:00,2026-09-25 15:09:52.365743+00:00,2026-09-25 15:09:52.366743+00:00,2026-09-25 15:09:52.367744+00:00,2026-09-25 15:09:52.368744+00:00,2026-09-25 15:09:52.369744+00:00,2026-09-25 15:09:52.370744+00:00,2026-09-25 15:09:52.371744+00:00,2026-09-25 15:09:52.372744+00:00,2026-09-25 15:09:52.373744+00:00,2026-09-25 15:09:52.374744+00:00,2026-09-25 15:09:52.375744+00:00,2026-09-25 15:09:52.376744+00:00,2026-09-25 15:09:52.377744+00:00,2026-09-25 15:09:52.378744+00:00,2026-09-25 15:09:52.379744+00:00,2026-09-25 15:09:52.380744+00:00,2026-09-25 15:09:52.381744+00:00,2026-09-25 15:09:52.382744+00:00,2026-09-25 15:09:52.383744+00:00,2026-09-25 15:09:52.384744+00:00,2026-09-25 15:09:52.385745+00:00,2026-09-25 15:09:52.386745+00:00,2026-09-25 15:09:52.387745+00:00,2026-09-25 15:09:52.388745+00:00,2026-09-25 15:09:52.389745+00:00,2026-09-25 15:09:52.390745+00:00,2026-09-25 15:09:52.391745+00:00,2026-09-25 15:09:52.392745+00:00,2026-09-25 15:09:52.393745+00:00,2026-09-25 15:09:52.394745+00:00,2026-09-25 15:09:52.395745+00:00,2026-09-25 15:09:52.398745+00:00,2026-09-25 15:09:52.397745+00:00,2026-09-25 15:09:52.398745+00:00,0.349916,2.8578287360395067,178.80539358336975,True,True,False,False,False,False,True,False,False,True,True,True,False,False,False,False
178,2026-09-25 13:40:47.803325+00:00,2026-09-25 15:09:52.749765+00:00,90.005,True,False,False,False,True,False,True,False,True,False,False,False,False,False,False,False,False,False,False,False,False,False,False,True,True,True,False,False,False,True,False,False,False,False,False,False,False,False,True,False,True,False,False,True,False,False,False,False,False,True,False,False,True,True,False,True,True,True,False,True,True,True,False,True,False,False,False,False,True,True,True,False,False,False,False,False,False,False,False,0,676,0,457,2026-09-25 15:09:52.659760+00:00,2026-09-25 15:09:52.664761+00:00,2026-09-25 15:09:52.665761+00:00,2026-09-25 15:09:52.666761+00:00,2026-09-25 15:09:52.667761+00:00,2026-09-25 15:09:52.668761+00:00,2026-09-25 15:09:52.669761+00:00,2026-09-25 15:09:52.670761+00:00,2026-09-25 15:09:52.671761+00:00,2026-09-25 15:09:52.673761+00:00,2026-09-25 15:09:52.687762+00:00,2026-09-25 15:09:52.688762+00:00,2026-09-25 15:09:52.677761+00:00,2026-09-25 15:09:52.679761+00:00,2026-09-25 15:09:52.680761+00:00,2026-09-25 15:09:52.681761+00:00,2026-09-25 15:09:52.682762+00:00,2026-09-25 15:09:52.683762+00:00,2026-09-25 15:09:52.684762+00:00,2026-09-25 15:09:52.685762+00:00,2026-09-25 15:09:52.686762+00:00,2026-09-25 15:09:52.675761+00:00,2026-09-25 15:09:52.676761+00:00,2026-09-25 15:09:52.689762+00:00,2026-09-25 15:09:52.690762+00:00,2026-09-25 15:09:52.691762+00:00,2026-09-25 15:09:52.692762+00:00,2026-09-25 15:09:52.693762+00:00,2026-09-25 15:09:52.694762+00:00,2026-09-25 15:09:52.695762+00:00,2026-09-25 15:09:52.696762+00:00,2026-09-25 15:09:52.697762+00:00,2026-09-25 15:09:52.698762+00:00,2026-09-25 15:09:52.699763+00:00,2026-09-25 15:09:52.700763+00:00,2026-09-25 15:09:52.701763+00:00,2026-09-25 15:09:52.702763+00:00,2026-09-25 15:09:52.703763+00:00,2026-09-25 15:09:52.704763+00:00,2026-09-25 15:09:52.705763+00:00,2026-09-25 15:09:52.706763+00:00,2026-09-25 15:09:52.707763+00:00,2026-09-25 15:09:52.708763+00:00,2026-09-25 15:09:52.709763+00:00,2026-09-25 15:09:52.710763+00:00,2026-09-25 15:09:52.711763+00:00,2026-09-25 15:09:52.712763+00:00,2026-09-25 15:09:52.713763+00:00,2026-09-25 15:09:52.726764+00:00,2026-09-25 15:09:52.715763+00:00,2026-09-25 15:09:52.716763+00:00,2026-09-25 15:09:52.717764+00:00,2026-09-25 15:09:52.718764+00:00,2026-09-25 15:09:52.731764+00:00,2026-09-25 15:09:52.732764+00:00,2026-09-25 15:09:52.722764+00:00,2026-09-25 15:09:52.723764+00:00,2026-09-25 15:09:52.724764+00:00,2026-09-25 15:09:52.725764+00:00,2026-09-25 15:09:52.714763+00:00,2026-09-25 15:09:52.727764+00:00,2026-09-25 15:09:52.728764+00:00,2026-09-25 15:09:52.729764+00:00,2026-09-25 15:09:52.730764+00:00,2026-09-25 15:09:52.720764+00:00,2026-09-25 15:09:52.721764+00:00,2026-09-25 15:09:52.733764+00:00,2026-09-25 15:09:52.734765+00:00,2026-09-25 15:09:52.735765+00:00,2026-09-25 15:09:52.736765+00:00,2026-09-25 15:09:52.737765+00:00,2026-09-25 15:09:52.738765+00:00,2026-09-25 15:09:52.739765+00:00,2026-09-25 15:09:52.740765+00:00,2026-09-25 15:09:52.741765+00:00,2026-09-25 15:09:52.742765+00:00,2026-09-25 15:09:52.743765+00:00,2026-09-25 15:09:52.744765+00:00,2026-09-25 15:09:52.745765+00:00,2026-09-25 15:09:52.746765+00:00,2026-09-25 15:09:52.747765+00:00,2026-09-25 15:09:52.748765+00:00,2026-09-25 15:09:52.749765+00:00,2026-09-25 15:09:52.749765+00:00,0.358795,2.787106843740855,178.75430934408362,True,True,False,False,False,False,True,False,False,True,True,True,False,False,False,False
179,2026-09-25 13:40:48.200732+00:00,2026-09-25 15:09:53.121787+00:00,95.006,True,False,False,False,True,False,True,False,True,False,False,False,False,False,False,False,False,False,False,False,False,False,False,True,True,True,False,False,False,True,False,False,False,False,False,False,False,False,True,False,True,False,False,True,False,False,False,False,False,True,False,False,True,True,False,True,False,False,False,True,True,True,False,True,False,False,False,False,True,True,True,False,False,False,False,False,False,False,False,0,754,0,457,2026-09-25 15:09:53.026781+00:00,2026-09-25 15:09:53.040782+00:00,2026-09-25 15:09:53.041782+00:00,2026-09-25 15:09:53.042782+00:00,2026-09-25 15:09:53.043782+00:00,2026-09-25 15:09:53.044782+00:00,2026-09-25 15:09:53.045782+00:00,2026-09-25 15:09:53.046782+00:00,2026-09-25 15:09:53.047782+00:00,2026-09-25 15:09:53.048782+00:00,2026-09-25 15:09:53.049783+00:00,2026-09-25 15:09:53.050783+00:00,2026-09-25 15:09:53.051783+00:00,2026-09-25 15:09:53.052783+00:00,2026-09-25 15:09:53.053783+00:00,2026-09-25 15:09:53.054783+00:00,2026-09-25 15:09:53.055783+00:00,2026-09-25 15:09:53.056783+00:00,2026-09-25 15:09:53.057783+00:00,2026-09-25 15:09:53.058783+00:00,2026-09-25 15:09:53.059783+00:00,2026-09-25 15:09:53.060783+00:00,2026-09-25 15:09:53.061783+00:00,2026-09-25 15:09:53.062783+00:00,2026-09-25 15:09:53.063783+00:00,2026-09-25 15:09:53.075784+00:00,2026-09-25 15:09:53.065783+00:00,2026-09-25 15:09:53.066783+00:00,2026-09-25 15:09:53.067784+00:00,2026-09-25 15:09:53.068784+00:00,2026-09-25 15:09:53.069784+00:00,2026-09-25 15:09:53.070784+00:00,2026-09-25 15:09:53.071784+00:00,2026-09-25 15:09:53.072784+00:00,2026-09-25 15:09:53.073784+00:00,2026-09-25 15:09:53.074784+00:00,2026-09-25 15:09:53.064783+00:00,2026-09-25 15:09:53.076784+00:00,2026-09-25 15:09:53.077784+00:00,2026-09-25 15:09:53.078784+00:00,2026-09-25 15:09:53.079784+00:00,2026-09-25 15:09:53.080784+00:00,2026-09-25 15:09:53.081784+00:00,2026-09-25 15:09:53.082784+00:00,2026-09-25 15:09:53.083784+00:00,2026-09-25 15:09:53.084785+00:00,2026-09-25 15:09:53.085785+00:00,2026-09-25 15:09:53.086785+00:00,2026-09-25 15:09:53.098785+00:00,2026-09-25 15:09:53.088785+00:00,2026-09-25 15:09:53.089785+00:00,2026-09-25 15:09:53.090785+00:00,2026-09-25 15:09:53.091785+00:00,2026-09-25 15:09:53.092785+00:00,2026-09-25 15:09:53.093785+00:00,2026-09-25 15:09:53.105786+00:00,2026-09-25 15:09:53.095785+00:00,2026-09-25 15:09:53.096785+00:00,2026-09-25 15:09:53.097785+00:00,2026-09-25 15:09:53.087785+00:00,2026-09-25 15:09:53.099785+00:00,2026-09-25 15:09:53.100785+00:00,2026-09-25 15:09:53.101785+00:00,2026-09-25 15:09:53.102786+00:00,2026-09-25 15:09:53.103786+00:00,2026-09-25 15:09:53.104786+00:00,2026-09-25 15:09:53.094785+00:00,2026-09-25 15:09:53.106786+00:00,2026-09-25 15:09:53.107786+00:00,2026-09-25 15:09:53.108786+00:00,2026-09-25 15:09:53.109786+00:00,2026-09-25 15:09:53.110786+00:00,2026-09-25 15:09:53.111786+00:00,2026-09-25 15:09:53.112786+00:00,2026-09-25 15:09:53.113786+00:00,2026-09-25 15:09:53.114786+00:00,2026-09-25 15:09:53.115786+00:00,2026-09-25 15:09:53.116786+00:00,2026-09-25 15:09:53.117786+00:00,2026-09-25 15:09:53.118786+00:00,2026-09-25 15:09:53.119787+00:00,2026-09-25 15:09:53.120787+00:00,2026-09-25 15:09:53.121787+00:00,2026-09-25 15:09:53.121787+00:00,0.397407,2.516311992491325,178.70303651093562,True,True,False,False,False,False,True,False,False,True,True,True,False,False,False,False
180,2026-09-25 13:40:48.566366+00:00,2026-09-25 15:09:53.506809+00:00,89.005,True,False,False,False,True,False,True,False,True,False,False,False,False,False,False,False,False,False,False,False,False,False,False,True,True,True,False,False,False,True,False,False,False,False,False,False,False,False,True,False,True,False,False,True,False,False,False,False,False,True,False,False,True,True,False,True,False,True,False,True,True,True,False,True,False,False,False,False,True,True,True,False,False,False,False,False,False,False,False,0,834,0,457,2026-09-25 15:09:53.417804+00:00,2026-09-25 15:09:53.424804+00:00,2026-09-25 15:09:53.425804+00:00,2026-09-25 15:09:53.426804+00:00,2026-09-25 15:09:53.427804+00:00,2026-09-25 15:09:53.428804+00:00,2026-09-25 15:09:53.429804+00:00,2026-09-25 15:09:53.430804+00:00,2026-09-25 15:09:53.431804+00:00,2026-09-25 15:09:53.432804+00:00,2026-09-25 15:09:53.433804+00:00,2026-09-25 15:09:53.434805+00:00,2026-09-25 15:09:53.435805+00:00,2026-09-25 15:09:53.436805+00:00,2026-09-25 15:09:53.437805+00:00,2026-09-25 15:09:53.438805+00:00,2026-09-25 15:09:53.439805+00:00,2026-09-25 15:09:53.440805+00:00,2026-09-25 15:09:53.441805+00:00,2026-09-25 15:09:53.442805+00:00,2026-09-25 15:09:53.443805+00:00,2026-09-25 15:09:53.444805+00:00,2026-09-25 15:09:53.445805+00:00,2026-09-25 15:09:53.446805+00:00,2026-09-25 15:09:53.447805+00:00,2026-09-25 15:09:53.448805+00:00,2026-09-25 15:09:53.449805+00:00,2026-09-25 15:09:53.450805+00:00,2026-09-25 15:09:53.451806+00:00,2026-09-25 15:09:53.452806+00:00,2026-09-25 15:09:53.453806+00:00,2026-09-25 15:09:53.454806+00:00,2026-09-25 15:09:53.455806+00:00,2026-09-25 15:09:53.456806+00:00,2026-09-25 15:09:53.457806+00:00,2026-09-25 15:09:53.458806+00:00,2026-09-25 15:09:53.459806+00:00,2026-09-25 15:09:53.460806+00:00,2026-09-25 15:09:53.461806+00:00,2026-09-25 15:09:53.462806+00:00,2026-09-25 15:09:53.463806+00:00,2026-09-25 15:09:53.464806+00:00,2026-09-25 15:09:53.465806+00:00,2026-09-25 15:09:53.466806+00:00,2026-09-25 15:09:53.467806+00:00,2026-09-25 15:09:53.468806+00:00,2026-09-25 15:09:53.469807+00:00,2026-09-25 15:09:53.470807+00:00,2026-09-25 15:09:53.471807+00:00,2026-09-25 15:09:53.472807+00:00,2026-09-25 15:09:53.473807+00:00,2026-09-25 15:09:53.474807+00:00,2026-09-25 15:09:53.475807+00:00,2026-09-25 15:09:53.476807+00:00,2026-09-25 15:09:53.477807+00:00,2026-09-25 15:09:53.478807+00:00,2026-09-25 15:09:53.479807+00:00,2026-09-25 15:09:53.480807+00:00,2026-09-25 15:09:53.481807+00:00,2026-09-25 15:09:53.482807+00:00,2026-09-25 15:09:53.495808+00:00,2026-09-25 15:09:53.496808+00:00,2026-09-25 15:09:53.497808+00:00,2026-09-25 15:09:53.498808+00:00,2026-09-25 15:09:53.488808+00:00,2026-09-25 15:09:53.489808+00:00,2026-09-25 15:09:53.490808+00:00,2026-09-25 15:09:53.491808+00:00,2026-09-25 15:09:53.492808+00:00,2026-09-25 15:09:53.493808+00:00,2026-09-25 15:09:53.494808+00:00,2026-09-25 15:09:53.483807+00:00,2026-09-25 15:09:53.484807+00:00,2026-09-25 15:09:53.485807+00:00,2026-09-25 15:09:53.487808+00:00,2026-09-25 15:09:53.499808+00:00,2026-09-25 15:09:53.500808+00:00,2026-09-25 15:09:53.501808+00:00,2026-09-25 15:09:53.502808+00:00,2026-09-25 15:09:53.503808+00:00,2026-09-25 15:09:53.504809+00:00,2026-09-25 15:09:53.505809+00:00,2026-09-25 15:09:53.506809+00:00,2026-09-25 15:09:53.506809+00:00,0.365634,2.734975412571041,178.65313631912622,True,True,False,False,False,False,True,False,False,True,True,True,False,False,False,False
181,2026-09-25 13:40:48.916330+00:00,2026-09-25 15:09:53.868829+00:00,88.005,True,False,False,False,True,False,True,False,True,False,False,False,False,False,False,False,False,False,False,False,False,False,False,True,True,True,False,False,False,True,False,False,False,False,False,False,False,False,True,False,True,False,False,False,False,False,False,True,False,False,False,False,True,True,False,False,False,False,False,True,True,True,False,True,False,False,False,False,True,True,True,False,False,False,False,False,False,False,False,0,0,34,0,2026-09-25 15:09:53.780824+00:00,2026-09-25 15:09:53.785825+00:00,2026-09-25 15:09:53.786825+00:00,2026-09-25 15:09:53.787825+00:00,2026-09-25 15:09:53.788825+00:00,2026-09-25 15:09:53.789825+00:00,2026-09-25 15:09:53.790825+00:00,2026-09-25 15:09:53.791825+00:00,2026-09-25 15:09:53.792825+00:00,2026-09-25 15:09:53.793825+00:00,2026-09-25 15:09:53.794825+00:00,2026-09-25 15:09:53.795825+00:00,2026-09-25 15:09:53.808826+00:00,2026-09-25 15:09:53.798825+00:00,2026-09-25 15:09:53.799825+00:00,2026-09-25 15:09:53.800825+00:00,2026-09-25 15:09:53.801826+00:00,2026-09-25 15:09:53.802826+00:00,2026-09-25 15:09:53.803826+00:00,2026-09-25 15:09:53.804826+00:00,2026-09-25 15:09:53.805826+00:00,2026-09-25 15:09:53.806826+00:00,2026-09-25 15:09:53.807826+00:00,2026-09-25 15:09:53.797825+00:00,2026-09-25 15:09:53.809826+00:00,2026-09-25 15:09:53.810826+00:00,2026-09-25 15:09:53.811826+00:00,2026-09-25 15:09:53.812826+00:00,2026-09-25 15:09:53.813826+00:00,2026-09-25 15:09:53.814826+00:00,2026-09-25 15:09:53.815826+00:00,2026-09-25 15:09:53.816826+00:00,2026-09-25 15:09:53.817826+00:00,2026-09-25 15:09:53.818827+00:00,2026-09-25 15:09:53.819827+00:00,2026-09-25 15:09:53.820827+00:00,2026-09-25 15:09:53.821827+00:00,2026-09-25 15:09:53.822827+00:00,2026-09-25 15:09:53.823827+00:00,2026-09-25 15:09:53.824827+00:00,2026-09-25 15:09:53.825827+00:00,2026-09-25 15:09:53.826827+00:00,2026-09-25 15:09:53.827827+00:00,2026-09-25 15:09:53.828827+00:00,2026-09-25 15:09:53.829827+00:00,2026-09-25 15:09:53.830827+00:00,2026-09-25 15:09:53.831827+00:00,2026-09-25 15:09:53.832827+00:00,2026-09-25 15:09:53.833827+00:00,2026-09-25 15:09:53.834827+00:00,2026-09-25 15:09:53.835827+00:00,2026-09-25 15:09:53.836828+00:00,2026-09-25 15:09:53.848828+00:00,2026-09-25 15:09:53.838828+00:00,2026-09-25 15:09:53.839828+00:00,2026-09-25 15:09:53.840828+00:00,2026-09-25 15:09:53.841828+00:00,2026-09-25 15:09:53.842828+00:00,2026-09-25 15:09:53.843828+00:00,2026-09-25 15:09:53.844828+00:00,2026-09-25 15:09:53.845828+00:00,2026-09-25 15:09:53.846828+00:00,2026-09-25 15:09:53.847828+00:00,2026-09-25 15:09:53.837828+00:00,2026-09-25 15:09:53.849828+00:00,2026-09-25 15:09:53.850828+00:00,2026-09-25 15:09:53.851828+00:00,2026-09-25 15:09:53.852828+00:00,2026-09-25 15:09:53.853829+00:00,2026-09-25 15:09:53.854829+00:00,2026-09-25 15:09:53.855829+00:00,2026-09-25 15:09:53.856829+00:00,2026-09-25 15:09:53.857829+00:00,2026-09-25 15:09:53.858829+00:00,2026-09-25 15:09:53.860829+00:00,2026-09-25 15:09:53.861829+00:00,2026-09-25 15:09:53.862829+00:00,2026-09-25 15:09:53.863829+00:00,2026-09-25 15:09:53.864829+00:00,2026-09-25 15:09:53.865829+00:00,2026-09-25 15:09:53.866829+00:00,2026-09-25 15:09:53.867829+00:00,2026-09-25 15:09:53.868829+00:00,2026-09-25 15:09:53.868829+00:00,0.349964,2.857436764924392,178.60919721715487,True,True,False,False,False,False,True,False,False,True,True,True,False,False,False,False
182,2026-09-25 13:40:49.272491+00:00,2026-09-25 15:09:54.232850+00:00,102.006,True,False,False,False,True,False,True,False,True,False,False,False,False,False,False,False,False,False,False,False,False,False,False,True,True,True,False,False,True,True,False,False,False,False,False,False,True,False,False,False,True,True,False,False,False,False,False,True,False,False,False,False,True,True,False,False,False,False,False,True,True,True,False,True,False,False,False,False,True,True,True,False,False,False,False,False,False,False,False,0,0,113,0,2026-09-25 15:09:54.130844+00:00,2026-09-25 15:09:54.136845+00:00,2026-09-25 15:09:54.148845+00:00,2026-09-25 15:09:54.138845+00:00,2026-09-25 15:09:54.151846+00:00,2026-09-25 15:09:54.141845+00:00,2026-09-25 15:09:54.142845+00:00,2026-09-25 15:09:54.143845+00:00,2026-09-25 15:09:54.144845+00:00,2026-09-25 15:09:54.145845+00:00,2026-09-25 15:09:54.146845+00:00,2026-09-25 15:09:54.147845+00:00,2026-09-25 15:09:54.137845+00:00,2026-09-25 15:09:54.149845+00:00,2026-09-25 15:09:54.150846+00:00,2026-09-25 15:09:54.140845+00:00,2026-09-25 15:09:54.152846+00:00,2026-09-25 15:09:54.153846+00:00,2026-09-25 15:09:54.154846+00:00,2026-09-25 15:09:54.166846+00:00,2026-09-25 15:09:54.156846+00:00,2026-09-25 15:09:54.157846+00:00,2026-09-25 15:09:54.158846+00:00,2026-09-25 15:09:54.159846+00:00,2026-09-25 15:09:54.160846+00:00,2026-09-25 15:09:54.161846+00:00,2026-09-25 15:09:54.162846+00:00,2026-09-25 15:09:54.163846+00:00,2026-09-25 15:09:54.164846+00:00,2026-09-25 15:09:54.165846+00:00,2026-09-25 15:09:54.155846+00:00,2026-09-25 15:09:54.167846+00:00,2026-09-25 15:09:54.168847+00:00,2026-09-25 15:09:54.169847+00:00,2026-09-25 15:09:54.171847+00:00,2026-09-25 15:09:54.172847+00:00,2026-09-25 15:09:54.173847+00:00,2026-09-25 15:09:54.174847+00:00,2026-09-25 15:09:54.175847+00:00,2026-09-25 15:09:54.177847+00:00,2026-09-25 15:09:54.178847+00:00,2026-09-25 15:09:54.179847+00:00,2026-09-25 15:09:54.180847+00:00,2026-09-25 15:09:54.181847+00:00,2026-09-25 15:09:54.182847+00:00,2026-09-25 15:09:54.183847+00:00,2026-09-25 15:09:54.184847+00:00,2026-09-25 15:09:54.185848+00:00,2026-09-25 15:09:54.197848+00:00,2026-09-25 15:09:54.187848+00:00,2026-09-25 15:09:54.188848+00:00,2026-09-25 15:09:54.189848+00:00,2026-09-25 15:09:54.190848+00:00,2026-09-25 15:09:54.191848+00:00,2026-09-25 15:09:54.192848+00:00,2026-09-25 15:09:54.193848+00:00,2026-09-25 15:09:54.194848+00:00,2026-09-25 15:09:54.195848+00:00,2026-09-25 15:09:54.196848+00:00,2026-09-25 15:09:54.186848+00:00,2026-09-25 15:09:54.198848+00:00,2026-09-25 15:09:54.199848+00:00,2026-09-25 15:09:54.201848+00:00,2026-09-25 15:09:54.214849+00:00,2026-09-25 15:09:54.215849+00:00,2026-09-25 15:09:54.205849+00:00,2026-09-25 15:09:54.206849+00:00,2026-09-25 15:09:54.207849+00:00,2026-09-25 15:09:54.219849+00:00,2026-09-25 15:09:54.209849+00:00,2026-09-25 15:09:54.210849+00:00,2026-09-25 15:09:54.211849+00:00,2026-09-25 15:09:54.212849+00:00,2026-09-25 15:09:54.213849+00:00,2026-09-25 15:09:54.203849+00:00,2026-09-25 15:09:54.204849+00:00,2026-09-25 15:09:54.216849+00:00,2026-09-25 15:09:54.227850+00:00,2026-09-25 15:09:54.229850+00:00,2026-09-25 15:09:54.208849+00:00,2026-09-25 15:09:54.220850+00:00,2026-09-25 15:09:54.232850+00:00,2026-09-25 15:09:54.222850+00:00,2026-09-25 15:09:54.232850+00:00,0.356161,2.8077189810226275,178.56796104540052,True,True,False,False,False,False,True,False,False,True,True,True,False,False,False,False
183,2026-09-25 13:40:49.674707+00:00,2026-09-25 15:09:54.634873+00:00,142.00799999999998,True,False,False,False,True,False,True,False,True,False,False,False,False,False,False,False,False,False,False,False,False,False,False,True,True,True,False,False,True,True,False,False,False,False,False,False,True,False,False,False,True,True,False,False,False,False,False,True,False,False,False,False,True,True,False,False,False,False,False,True,True,True,False,True,False,False,False,False,True,True,True,False,False,False,False,False,False,False,False,0,0,198,0,2026-09-25 15:09:54.492865+00:00,2026-09-25 15:09:54.521867+00:00,2026-09-25 15:09:54.555869+00:00,2026-09-25 15:09:54.524867+00:00,2026-09-25 15:09:54.525867+00:00,2026-09-25 15:09:54.526867+00:00,2026-09-25 15:09:54.527867+00:00,2026-09-25 15:09:54.528867+00:00,2026-09-25 15:09:54.566869+00:00,2026-09-25 15:09:54.579870+00:00,2026-09-25 15:09:54.580870+00:00,2026-09-25 15:09:54.581870+00:00,2026-09-25 15:09:54.582870+00:00,2026-09-25 15:09:54.523867+00:00,2026-09-25 15:09:54.573870+00:00,2026-09-25 15:09:54.574870+00:00,2026-09-25 15:09:54.575870+00:00,2026-09-25 15:09:54.576870+00:00,2026-09-25 15:09:54.577870+00:00,2026-09-25 15:09:54.530867+00:00,2026-09-25 15:09:54.532867+00:00,2026-09-25 15:09:54.533867+00:00,2026-09-25 15:09:54.534867+00:00,2026-09-25 15:09:54.541868+00:00,2026-09-25 15:09:54.572870+00:00,2026-09-25 15:09:54.559869+00:00,2026-09-25 15:09:54.561869+00:00,2026-09-25 15:09:54.562869+00:00,2026-09-25 15:09:54.563869+00:00,2026-09-25 15:09:54.565869+00:00,2026-09-25 15:09:54.578870+00:00,2026-09-25 15:09:54.568869+00:00,2026-09-25 15:09:54.569869+00:00,2026-09-25 15:09:54.570870+00:00,2026-09-25 15:09:54.571870+00:00,2026-09-25 15:09:54.583870+00:00,2026-09-25 15:09:54.584870+00:00,2026-09-25 15:09:54.585870+00:00,2026-09-25 15:09:54.586870+00:00,2026-09-25 15:09:54.587870+00:00,2026-09-25 15:09:54.589871+00:00,2026-09-25 15:09:54.590871+00:00,2026-09-25 15:09:54.602871+00:00,2026-09-25 15:09:54.592871+00:00,2026-09-25 15:09:54.593871+00:00,2026-09-25 15:09:54.594871+00:00,2026-09-25 15:09:54.595871+00:00,2026-09-25 15:09:54.596871+00:00,2026-09-25 15:09:54.609872+00:00,2026-09-25 15:09:54.598871+00:00,2026-09-25 15:09:54.599871+00:00,2026-09-25 15:09:54.600871+00:00,2026-09-25 15:09:54.601871+00:00,2026-09-25 15:09:54.591871+00:00,2026-09-25 15:09:54.615872+00:00,2026-09-25 15:09:54.604871+00:00,2026-09-25 15:09:54.605872+00:00,2026-09-25 15:09:54.606872+00:00,2026-09-25 15:09:54.619872+00:00,2026-09-25 15:09:54.597871+00:00,2026-09-25 15:09:54.610872+00:00,2026-09-25 15:09:54.611872+00:00,2026-09-25 15:09:54.612872+00:00,2026-09-25 15:09:54.613872+00:00,2026-09-25 15:09:54.614872+00:00,2026-09-25 15:09:54.603871+00:00,2026-09-25 15:09:54.616872+00:00,2026-09-25 15:09:54.617872+00:00,2026-09-25 15:09:54.618872+00:00,2026-09-25 15:09:54.608872+00:00,2026-09-25 15:09:54.620872+00:00,2026-09-25 15:09:54.621872+00:00,2026-09-25 15:09:54.622873+00:00,2026-09-25 15:09:54.634873+00:00,2026-09-25 15:09:54.624873+00:00,2026-09-25 15:09:54.625873+00:00,2026-09-25 15:09:54.626873+00:00,2026-09-25 15:09:54.627873+00:00,2026-09-25 15:09:54.628873+00:00,2026-09-25 15:09:54.629873+00:00,2026-09-25 15:09:54.630873+00:00,2026-09-25 15:09:54.631873+00:00,2026-09-25 15:09:54.632873+00:00,2026-09-25 15:09:54.634873+00:00,0.402216,2.486226306263301,178.52588132949398,True,True,False,False,False,False,True,False,False,True,True,True,False,False,False,False
184,2026-09-25 13:40:50.043829+00:00,2026-09-25 15:09:54.986893+00:00,96.005,True,False,False,False,True,False,True,False,True,False,False,False,False,False,False,False,False,False,False,False,False,False,False,True,True,True,False,False,True,True,False,False,False,False,False,False,True,False,False,False,True,False,True,False,False,False,False,True,False,False,False,False,True,True,True,True,False,False,False,True,True,True,False,True,False,False,False,False,True,True,True,False,False,False,False,False,False,False,False,0,0,274,0,2026-09-25 15:09:54.890888+00:00,2026-09-25 15:09:54.896888+00:00,2026-09-25 15:09:54.898888+00:00,2026-09-25 15:09:54.899888+00:00,2026-09-25 15:09:54.900888+00:00,2026-09-25 15:09:54.901888+00:00,2026-09-25 15:09:54.902889+00:00,2026-09-25 15:09:54.903889+00:00,2026-09-25 15:09:54.904889+00:00,2026-09-25 15:09:54.905889+00:00,2026-09-25 15:09:54.906889+00:00,2026-09-25 15:09:54.907889+00:00,2026-09-25 15:09:54.908889+00:00,2026-09-25 15:09:54.909889+00:00,2026-09-25 15:09:54.910889+00:00,2026-09-25 15:09:54.911889+00:00,2026-09-25 15:09:54.912889+00:00,2026-09-25 15:09:54.913889+00:00,2026-09-25 15:09:54.928890+00:00,2026-09-25 15:09:54.916889+00:00,2026-09-25 15:09:54.917889+00:00,2026-09-25 15:09:54.918889+00:00,2026-09-25 15:09:54.920890+00:00,2026-09-25 15:09:54.921890+00:00,2026-09-25 15:09:54.922890+00:00,2026-09-25 15:09:54.923890+00:00,2026-09-25 15:09:54.924890+00:00,2026-09-25 15:09:54.925890+00:00,2026-09-25 15:09:54.926890+00:00,2026-09-25 15:09:54.915889+00:00,2026-09-25 15:09:54.929890+00:00,2026-09-25 15:09:54.930890+00:00,2026-09-25 15:09:54.931890+00:00,2026-09-25 15:09:54.932890+00:00,2026-09-25 15:09:54.933890+00:00,2026-09-25 15:09:54.934890+00:00,2026-09-25 15:09:54.935890+00:00,2026-09-25 15:09:54.936890+00:00,2026-09-25 15:09:54.937891+00:00,2026-09-25 15:09:54.938891+00:00,2026-09-25 15:09:54.939891+00:00,2026-09-25 15:09:54.940891+00:00,2026-09-25 15:09:54.941891+00:00,2026-09-25 15:09:54.942891+00:00,2026-09-25 15:09:54.943891+00:00,2026-09-25 15:09:54.956892+00:00,2026-09-25 15:09:54.946891+00:00,2026-09-25 15:09:54.947891+00:00,2026-09-25 15:09:54.948891+00:00,2026-09-25 15:09:54.949891+00:00,2026-09-25 15:09:54.950891+00:00,2026-09-25 15:09:54.951891+00:00,2026-09-25 15:09:54.952891+00:00,2026-09-25 15:09:54.953891+00:00,2026-09-25 15:09:54.954891+00:00,2026-09-25 15:09:54.955892+00:00,2026-09-25 15:09:54.945891+00:00,2026-09-25 15:09:54.983893+00:00,2026-09-25 15:09:54.959892+00:00,2026-09-25 15:09:54.960892+00:00,2026-09-25 15:09:54.961892+00:00,2026-09-25 15:09:54.962892+00:00,2026-09-25 15:09:54.963892+00:00,2026-09-25 15:09:54.964892+00:00,2026-09-25 15:09:54.965892+00:00,2026-09-25 15:09:54.967892+00:00,2026-09-25 15:09:54.968892+00:00,2026-09-25 15:09:54.969892+00:00,2026-09-25 15:09:54.958892+00:00,2026-09-25 15:09:54.972893+00:00,2026-09-25 15:09:54.973893+00:00,2026-09-25 15:09:54.974893+00:00,2026-09-25 15:09:54.975893+00:00,2026-09-25 15:09:54.976893+00:00,2026-09-25 15:09:54.977893+00:00,2026-09-25 15:09:54.978893+00:00,2026-09-25 15:09:54.979893+00:00,2026-09-25 15:09:54.980893+00:00,2026-09-25 15:09:54.982893+00:00,2026-09-25 15:09:54.971892+00:00,2026-09-25 15:09:54.984893+00:00,2026-09-25 15:09:54.985893+00:00,2026-09-25 15:09:54.986893+00:00,2026-09-25 15:09:54.986893+00:00,0.369122,2.70913139829108,178.49203402837222,True,True,False,False,False,False,True,False,False,True,True,True,False,False,False,False
185,2026-09-25 13:40:50.397497+00:00,2026-09-25 15:09:55.356914+00:00,98.005,True,False,False,False,True,False,True,False,True,False,False,False,False,False,False,False,False,False,False,False,False,False,False,True,True,True,False,False,True,True,False,False,False,False,False,False,True,False,False,False,True,False,True,False,False,False,False,True,False,False,False,False,True,True,True,True,False,False,False,True,True,True,False,True,False,False,False,False,True,True,True,False,False,False,False,False,False,False,False,1,0,354,0,2026-09-25 15:09:55.258909+00:00,2026-09-25 15:09:55.265909+00:00,2026-09-25 15:09:55.279910+00:00,2026-09-25 15:09:55.268909+00:00,2026-09-25 15:09:55.269910+00:00,2026-09-25 15:09:55.270910+00:00,2026-09-25 15:09:55.271910+00:00,2026-09-25 15:09:55.272910+00:00,2026-09-25 15:09:55.273910+00:00,2026-09-25 15:09:55.274910+00:00,2026-09-25 15:09:55.275910+00:00,2026-09-25 15:09:55.277910+00:00,2026-09-25 15:09:55.278910+00:00,2026-09-25 15:09:55.267909+00:00,2026-09-25 15:09:55.280910+00:00,2026-09-25 15:09:55.281910+00:00,2026-09-25 15:09:55.282910+00:00,2026-09-25 15:09:55.283910+00:00,2026-09-25 15:09:55.284910+00:00,2026-09-25 15:09:55.285910+00:00,2026-09-25 15:09:55.286910+00:00,2026-09-25 15:09:55.287911+00:00,2026-09-25 15:09:55.288911+00:00,2026-09-25 15:09:55.289911+00:00,2026-09-25 15:09:55.290911+00:00,2026-09-25 15:09:55.291911+00:00,2026-09-25 15:09:55.292911+00:00,2026-09-25 15:09:55.294911+00:00,2026-09-25 15:09:55.296911+00:00,2026-09-25 15:09:55.298911+00:00,2026-09-25 15:09:55.299911+00:00,2026-09-25 15:09:55.300911+00:00,2026-09-25 15:09:55.301911+00:00,2026-09-25 15:09:55.302911+00:00,2026-09-25 15:09:55.303911+00:00,2026-09-25 15:09:55.304912+00:00,2026-09-25 15:09:55.317912+00:00,2026-09-25 15:09:55.307912+00:00,2026-09-25 15:09:55.308912+00:00,2026-09-25 15:09:55.309912+00:00,2026-09-25 15:09:55.310912+00:00,2026-09-25 15:09:55.311912+00:00,2026-09-25 15:09:55.312912+00:00,2026-09-25 15:09:55.313912+00:00,2026-09-25 15:09:55.314912+00:00,2026-09-25 15:09:55.315912+00:00,2026-09-25 15:09:55.316912+00:00,2026-09-25 15:09:55.306912+00:00,2026-09-25 15:09:55.318912+00:00,2026-09-25 15:09:55.332913+00:00,2026-09-25 15:09:55.321912+00:00,2026-09-25 15:09:55.322913+00:00,2026-09-25 15:09:55.323913+00:00,2026-09-25 15:09:55.324913+00:00,2026-09-25 15:09:55.326913+00:00,2026-09-25 15:09:55.327913+00:00,2026-09-25 15:09:55.328913+00:00,2026-09-25 15:09:55.329913+00:00,2026-09-25 15:09:55.330913+00:00,2026-09-25 15:09:55.331913+00:00,2026-09-25 15:09:55.320912+00:00,2026-09-25 15:09:55.333913+00:00,2026-09-25 15:09:55.334913+00:00,2026-09-25 15:09:55.335913+00:00,2026-09-25 15:09:55.336913+00:00,2026-09-25 15:09:55.337913+00:00,2026-09-25 15:09:55.338913+00:00,2026-09-25 15:09:55.339914+00:00,2026-09-25 15:09:55.340914+00:00,2026-09-25 15:09:55.341914+00:00,2026-09-25 15:09:55.342914+00:00,2026-09-25 15:09:55.343914+00:00,2026-09-25 15:09:55.344914+00:00,2026-09-25 15:09:55.345914+00:00,2026-09-25 15:09:55.346914+00:00,2026-09-25 15:09:55.347914+00:00,2026-09-25 15:09:55.348914+00:00,2026-09-25 15:09:55.350914+00:00,2026-09-25 15:09:55.351914+00:00,2026-09-25 15:09:55.352914+00:00,2026-09-25 15:09:55.353914+00:00,2026-09-25 15:09:55.355914+00:00,2026-09-25 15:09:55.356914+00:00,2026-09-25 15:09:55.356914+00:00,0.353668,2.827510546614339,178.45948010708142,True,True,False,False,False,False,True,False,False,True,True,True,False,False,False,False
186,2026-09-25 13:40:50.876752+00:00,2026-09-25 15:09:55.835942+00:00,219.013,True,False,False,False,True,False,True,False,False,False,False,False,False,False,False,False,False,False,True,False,False,True,False,True,True,True,False,False,True,True,False,False,False,False,False,False,True,False,False,False,True,True,False,False,False,False,False,True,False,False,False,False,True,True,True,False,False,False,False,True,True,True,False,True,False,False,False,False,True,True,True,False,False,False,False,False,False,False,False,0,0,457,0,2026-09-25 15:09:55.616929+00:00,2026-09-25 15:09:55.650931+00:00,2026-09-25 15:09:55.652931+00:00,2026-09-25 15:09:55.654932+00:00,2026-09-25 15:09:55.656932+00:00,2026-09-25 15:09:55.658932+00:00,2026-09-25 15:09:55.660932+00:00,2026-09-25 15:09:55.684933+00:00,2026-09-25 15:09:55.688933+00:00,2026-09-25 15:09:55.666932+00:00,2026-09-25 15:09:55.668932+00:00,2026-09-25 15:09:55.670932+00:00,2026-09-25 15:09:55.672933+00:00,2026-09-25 15:09:55.674933+00:00,2026-09-25 15:09:55.676933+00:00,2026-09-25 15:09:55.678933+00:00,2026-09-25 15:09:55.680933+00:00,2026-09-25 15:09:55.682933+00:00,2026-09-25 15:09:55.662932+00:00,2026-09-25 15:09:55.664932+00:00,2026-09-25 15:09:55.690934+00:00,2026-09-25 15:09:55.692934+00:00,2026-09-25 15:09:55.694934+00:00,2026-09-25 15:09:55.696934+00:00,2026-09-25 15:09:55.698934+00:00,2026-09-25 15:09:55.722935+00:00,2026-09-25 15:09:55.724936+00:00,2026-09-25 15:09:55.704934+00:00,2026-09-25 15:09:55.706935+00:00,2026-09-25 15:09:55.708935+00:00,2026-09-25 15:09:55.710935+00:00,2026-09-25 15:09:55.712935+00:00,2026-09-25 15:09:55.714935+00:00,2026-09-25 15:09:55.738936+00:00,2026-09-25 15:09:55.740936+00:00,2026-09-25 15:09:55.720935+00:00,2026-09-25 15:09:55.700934+00:00,2026-09-25 15:09:55.702934+00:00,2026-09-25 15:09:55.726936+00:00,2026-09-25 15:09:55.728936+00:00,2026-09-25 15:09:55.730936+00:00,2026-09-25 15:09:55.732936+00:00,2026-09-25 15:09:55.734936+00:00,2026-09-25 15:09:55.736936+00:00,2026-09-25 15:09:55.716935+00:00,2026-09-25 15:09:55.718935+00:00,2026-09-25 15:09:55.742937+00:00,2026-09-25 15:09:55.744937+00:00,2026-09-25 15:09:55.746937+00:00,2026-09-25 15:09:55.748937+00:00,2026-09-25 15:09:55.750937+00:00,2026-09-25 15:09:55.752937+00:00,2026-09-25 15:09:55.754937+00:00,2026-09-25 15:09:55.756937+00:00,2026-09-25 15:09:55.803940+00:00,2026-09-25 15:09:55.760938+00:00,2026-09-25 15:09:55.785939+00:00,2026-09-25 15:09:55.765938+00:00,2026-09-25 15:09:55.767938+00:00,2026-09-25 15:09:55.791939+00:00,2026-09-25 15:09:55.771938+00:00,2026-09-25 15:09:55.773938+00:00,2026-09-25 15:09:55.775938+00:00,2026-09-25 15:09:55.777939+00:00,2026-09-25 15:09:55.779939+00:00,2026-09-25 15:09:55.758937+00:00,2026-09-25 15:09:55.783939+00:00,2026-09-25 15:09:55.763938+00:00,2026-09-25 15:09:55.787939+00:00,2026-09-25 15:09:55.789939+00:00,2026-09-25 15:09:55.769938+00:00,2026-09-25 15:09:55.793939+00:00,2026-09-25 15:09:55.795940+00:00,2026-09-25 15:09:55.797940+00:00,2026-09-25 15:09:55.799940+00:00,2026-09-25 15:09:55.801940+00:00,2026-09-25 15:09:55.781939+00:00,2026-09-25 15:09:55.805940+00:00,2026-09-25 15:09:55.807940+00:00,2026-09-25 15:09:55.825941+00:00,2026-09-25 15:09:55.811941+00:00,2026-09-25 15:09:55.835942+00:00,2026-09-25 15:09:55.815941+00:00,2026-09-25 15:09:55.835942+00:00,0.479255,2.0865718667515205,175.42193301272812,True,True,True,False,False,True,True,False,False,True,True,True,False,False,False,False
187,2026-09-25 13:40:51.334339+00:00,2026-09-25 15:09:56.284968+00:00,187.011,True,False,False,False,True,False,True,False,False,False,False,False,False,False,False,False,False,False,True,False,False,True,False,True,True,True,False,False,True,True,False,False,False,False,False,False,True,False,False,False,True,True,False,False,False,False,True,False,False,False,False,False,False,False,True,False,False,False,False,True,True,True,False,True,False,False,False,False,True,True,True,False,False,False,False,False,False,False,False,0,0,0,0,2026-09-25 15:09:56.097957+00:00,2026-09-25 15:09:56.136959+00:00,2026-09-25 15:09:56.138959+00:00,2026-09-25 15:09:56.140959+00:00,2026-09-25 15:09:56.142959+00:00,2026-09-25 15:09:56.144960+00:00,2026-09-25 15:09:56.146960+00:00,2026-09-25 15:09:56.148960+00:00,2026-09-25 15:09:56.150960+00:00,2026-09-25 15:09:56.152960+00:00,2026-09-25 15:09:56.154960+00:00,2026-09-25 15:09:56.156960+00:00,2026-09-25 15:09:56.158960+00:00,2026-09-25 15:09:56.160960+00:00,2026-09-25 15:09:56.162961+00:00,2026-09-25 15:09:56.186962+00:00,2026-09-25 15:09:56.166961+00:00,2026-09-25 15:09:56.190962+00:00,2026-09-25 15:09:56.170961+00:00,2026-09-25 15:09:56.172961+00:00,2026-09-25 15:09:56.174961+00:00,2026-09-25 15:09:56.176961+00:00,2026-09-25 15:09:56.178962+00:00,2026-09-25 15:09:56.180962+00:00,2026-09-25 15:09:56.182962+00:00,2026-09-25 15:09:56.184962+00:00,2026-09-25 15:09:56.188962+00:00,2026-09-25 15:09:56.168961+00:00,2026-09-25 15:09:56.192962+00:00,2026-09-25 15:09:56.194962+00:00,2026-09-25 15:09:56.196963+00:00,2026-09-25 15:09:56.198963+00:00,2026-09-25 15:09:56.200963+00:00,2026-09-25 15:09:56.202963+00:00,2026-09-25 15:09:56.204963+00:00,2026-09-25 15:09:56.206963+00:00,2026-09-25 15:09:56.208963+00:00,2026-09-25 15:09:56.210963+00:00,2026-09-25 15:09:56.212963+00:00,2026-09-25 15:09:56.214964+00:00,2026-09-25 15:09:56.215964+00:00,2026-09-25 15:09:56.217964+00:00,2026-09-25 15:09:56.218964+00:00,2026-09-25 15:09:56.220964+00:00,2026-09-25 15:09:56.221964+00:00,2026-09-25 15:09:56.223964+00:00,2026-09-25 15:09:56.224964+00:00,2026-09-25 15:09:56.226964+00:00,2026-09-25 15:09:56.227964+00:00,2026-09-25 15:09:56.229964+00:00,2026-09-25 15:09:56.252966+00:00,2026-09-25 15:09:56.232965+00:00,2026-09-25 15:09:56.234965+00:00,2026-09-25 15:09:56.236965+00:00,2026-09-25 15:09:56.238965+00:00,2026-09-25 15:09:56.240965+00:00,2026-09-25 15:09:56.242965+00:00,2026-09-25 15:09:56.244965+00:00,2026-09-25 15:09:56.246965+00:00,2026-09-25 15:09:56.248966+00:00,2026-09-25 15:09:56.250966+00:00,2026-09-25 15:09:56.230964+00:00,2026-09-25 15:09:56.253966+00:00,2026-09-25 15:09:56.254966+00:00,2026-09-25 15:09:56.255966+00:00,2026-09-25 15:09:56.276967+00:00,2026-09-25 15:09:56.277967+00:00,2026-09-25 15:09:56.264966+00:00,2026-09-25 15:09:56.266967+00:00,2026-09-25 15:09:56.267967+00:00,2026-09-25 15:09:56.268967+00:00,2026-09-25 15:09:56.282967+00:00,2026-09-25 15:09:56.272967+00:00,2026-09-25 15:09:56.284968+00:00,2026-09-25 15:09:56.274967+00:00,2026-09-25 15:09:56.275967+00:00,2026-09-25 15:09:56.261966+00:00,2026-09-25 15:09:56.263966+00:00,2026-09-25 15:09:56.278967+00:00,2026-09-25 15:09:56.279967+00:00,2026-09-25 15:09:56.280967+00:00,2026-09-25 15:09:56.281967+00:00,2026-09-25 15:09:56.270967+00:00,2026-09-25 15:09:56.284968+00:00,0.457587,2.1853767698820112,175.39142156732674,True,True,True,False,False,True,True,False,False,True,True,True,False,False,False,False
188,2026-09-25 13:40:51.723378+00:00,2026-09-25 15:09:56.665989+00:00,113.006,True,False,False,False,True,False,True,False,False,False,False,False,False,False,False,False,False,False,True,False,False,True,False,True,True,True,False,False,True,True,False,False,False,False,False,False,True,False,False,False,True,False,True,False,False,False,True,False,True,False,False,False,False,False,True,False,True,False,False,True,True,True,False,True,False,False,False,False,True,True,True,False,False,False,False,False,False,False,False,0,0,0,0,2026-09-25 15:09:56.552983+00:00,2026-09-25 15:09:56.582985+00:00,2026-09-25 15:09:56.583985+00:00,2026-09-25 15:09:56.584985+00:00,2026-09-25 15:09:56.585985+00:00,2026-09-25 15:09:56.586985+00:00,2026-09-25 15:09:56.587985+00:00,2026-09-25 15:09:56.588985+00:00,2026-09-25 15:09:56.589985+00:00,2026-09-25 15:09:56.590985+00:00,2026-09-25 15:09:56.591985+00:00,2026-09-25 15:09:56.603986+00:00,2026-09-25 15:09:56.593985+00:00,2026-09-25 15:09:56.594985+00:00,2026-09-25 15:09:56.595985+00:00,2026-09-25 15:09:56.596985+00:00,2026-09-25 15:09:56.597985+00:00,2026-09-25 15:09:56.598986+00:00,2026-09-25 15:09:56.599986+00:00,2026-09-25 15:09:56.600986+00:00,2026-09-25 15:09:56.601986+00:00,2026-09-25 15:09:56.602986+00:00,2026-09-25 15:09:56.592985+00:00,2026-09-25 15:09:56.604986+00:00,2026-09-25 15:09:56.605986+00:00,2026-09-25 15:09:56.606986+00:00,2026-09-25 15:09:56.607986+00:00,2026-09-25 15:09:56.608986+00:00,2026-09-25 15:09:56.609986+00:00,2026-09-25 15:09:56.610986+00:00,2026-09-25 15:09:56.611986+00:00,2026-09-25 15:09:56.612986+00:00,2026-09-25 15:09:56.613986+00:00,2026-09-25 15:09:56.614986+00:00,2026-09-25 15:09:56.615987+00:00,2026-09-25 15:09:56.616987+00:00,2026-09-25 15:09:56.617987+00:00,2026-09-25 15:09:56.618987+00:00,2026-09-25 15:09:56.619987+00:00,2026-09-25 15:09:56.620987+00:00,2026-09-25 15:09:56.621987+00:00,2026-09-25 15:09:56.622987+00:00,2026-09-25 15:09:56.623987+00:00,2026-09-25 15:09:56.624987+00:00,2026-09-25 15:09:56.636988+00:00,2026-09-25 15:09:56.626987+00:00,2026-09-25 15:09:56.627987+00:00,2026-09-25 15:09:56.628987+00:00,2026-09-25 15:09:56.629987+00:00,2026-09-25 15:09:56.630987+00:00,2026-09-25 15:09:56.631987+00:00,2026-09-25 15:09:56.632987+00:00,2026-09-25 15:09:56.633988+00:00,2026-09-25 15:09:56.634988+00:00,2026-09-25 15:09:56.635988+00:00,2026-09-25 15:09:56.625987+00:00,2026-09-25 15:09:56.637988+00:00,2026-09-25 15:09:56.638988+00:00,2026-09-25 15:09:56.639988+00:00,2026-09-25 15:09:56.640988+00:00,2026-09-25 15:09:56.641988+00:00,2026-09-25 15:09:56.642988+00:00,2026-09-25 15:09:56.643988+00:00,2026-09-25 15:09:56.644988+00:00,2026-09-25 15:09:56.645988+00:00,2026-09-25 15:09:56.646988+00:00,2026-09-25 15:09:56.647988+00:00,2026-09-25 15:09:56.648988+00:00,2026-09-25 15:09:56.649988+00:00,2026-09-25 15:09:56.650989+00:00,2026-09-25 15:09:56.665989+00:00,2026-09-25 15:09:56.652989+00:00,2026-09-25 15:09:56.653989+00:00,2026-09-25 15:09:56.654989+00:00,2026-09-25 15:09:56.655989+00:00,2026-09-25 15:09:56.656989+00:00,2026-09-25 15:09:56.657989+00:00,2026-09-25 15:09:56.658989+00:00,2026-09-25 15:09:56.659989+00:00,2026-09-25 15:09:56.660989+00:00,2026-09-25 15:09:56.661989+00:00,2026-09-25 15:09:56.651989+00:00,2026-09-25 15:09:56.663989+00:00,2026-09-25 15:09:56.665989+00:00,0.389039,2.570436382984739,175.3690515522722,True,True,True,False,False,True,True,False,False,True,True,True,False,False,False,False
189,2026-09-25 13:40:52.127645+00:00,2026-09-25 15:09:57.064012+00:00,124.007,True,False,False,False,True,False,True,False,False,False,False,False,False,False,False,False,False,False,True,False,False,True,False,True,True,True,False,False,True,True,False,False,False,False,False,False,True,False,False,False,True,True,False,False,False,False,True,False,True,False,False,False,False,False,True,False,False,False,False,True,True,True,False,True,False,False,False,False,True,True,True,False,False,False,False,False,False,False,False,1,0,0,0,2026-09-25 15:09:56.940005+00:00,2026-09-25 15:09:56.983007+00:00,2026-09-25 15:09:56.984008+00:00,2026-09-25 15:09:56.985008+00:00,2026-09-25 15:09:56.986008+00:00,2026-09-25 15:09:56.987008+00:00,2026-09-25 15:09:56.988008+00:00,2026-09-25 15:09:56.989008+00:00,2026-09-25 15:09:56.990008+00:00,2026-09-25 15:09:56.991008+00:00,2026-09-25 15:09:56.992008+00:00,2026-09-25 15:09:56.993008+00:00,2026-09-25 15:09:56.994008+00:00,2026-09-25 15:09:57.017009+00:00,2026-09-25 15:09:56.996008+00:00,2026-09-25 15:09:56.997008+00:00,2026-09-25 15:09:56.998008+00:00,2026-09-25 15:09:56.999008+00:00,2026-09-25 15:09:57.000008+00:00,2026-09-25 15:09:57.001009+00:00,2026-09-25 15:09:57.002009+00:00,2026-09-25 15:09:57.003009+00:00,2026-09-25 15:09:57.004009+00:00,2026-09-25 15:09:57.005009+00:00,2026-09-25 15:09:56.995008+00:00,2026-09-25 15:09:57.007009+00:00,2026-09-25 15:09:57.008009+00:00,2026-09-25 15:09:57.009009+00:00,2026-09-25 15:09:57.010009+00:00,2026-09-25 15:09:57.011009+00:00,2026-09-25 15:09:57.012009+00:00,2026-09-25 15:09:57.013009+00:00,2026-09-25 15:09:57.014009+00:00,2026-09-25 15:09:57.015009+00:00,2026-09-25 15:09:57.016009+00:00,2026-09-25 15:09:57.006009+00:00,2026-09-25 15:09:57.018009+00:00,2026-09-25 15:09:57.019010+00:00,2026-09-25 15:09:57.020010+00:00,2026-09-25 15:09:57.021010+00:00,2026-09-25 15:09:57.022010+00:00,2026-09-25 15:09:57.023010+00:00,2026-09-25 15:09:57.024010+00:00,2026-09-25 15:09:57.025010+00:00,2026-09-25 15:09:57.037011+00:00,2026-09-25 15:09:57.027010+00:00,2026-09-25 15:09:57.028010+00:00,2026-09-25 15:09:57.029010+00:00,2026-09-25 15:09:57.030010+00:00,2026-09-25 15:09:57.031010+00:00,2026-09-25 15:09:57.032010+00:00,2026-09-25 15:09:57.033010+00:00,2026-09-25 15:09:57.034010+00:00,2026-09-25 15:09:57.035010+00:00,2026-09-25 15:09:57.036011+00:00,2026-09-25 15:09:57.026010+00:00,2026-09-25 15:09:57.038011+00:00,2026-09-25 15:09:57.039011+00:00,2026-09-25 15:09:57.040011+00:00,2026-09-25 15:09:57.041011+00:00,2026-09-25 15:09:57.042011+00:00,2026-09-25 15:09:57.043011+00:00,2026-09-25 15:09:57.044011+00:00,2026-09-25 15:09:57.045011+00:00,2026-09-25 15:09:57.046011+00:00,2026-09-25 15:09:57.047011+00:00,2026-09-25 15:09:57.048011+00:00,2026-09-25 15:09:57.049011+00:00,2026-09-25 15:09:57.050011+00:00,2026-09-25 15:09:57.051011+00:00,2026-09-25 15:09:57.052011+00:00,2026-09-25 15:09:57.053011+00:00,2026-09-25 15:09:57.054012+00:00,2026-09-25 15:09:57.055012+00:00,2026-09-25 15:09:57.056012+00:00,2026-09-25 15:09:57.057012+00:00,2026-09-25 15:09:57.058012+00:00,2026-09-25 15:09:57.059012+00:00,2026-09-25 15:09:57.060012+00:00,2026-09-25 15:09:57.061012+00:00,2026-09-25 15:09:57.062012+00:00,2026-09-25 15:09:57.063012+00:00,2026-09-25 15:09:57.064012+00:00,2026-09-25 15:09:57.064012+00:00,0.404267,2.4736127361372557,175.3490899541794,True,True,True,False,False,True,True,False,False,True,True,True,False,False,False,False
190,2026-09-25 13:40:52.505744+00:00,2026-09-25 15:09:57.448034+00:00,99.006,True,False,False,False,True,False,False,False,False,False,False,False,False,True,False,False,False,False,True,False,False,True,False,True,True,True,False,False,True,True,False,False,False,False,False,False,True,False,False,False,True,False,True,False,False,False,True,False,True,False,False,False,False,False,False,False,True,False,False,True,True,True,False,True,False,False,False,False,True,True,True,False,False,False,False,False,False,False,False,0,0,0,0,2026-09-25 15:09:57.349028+00:00,2026-09-25 15:09:57.366029+00:00,2026-09-25 15:09:57.367029+00:00,2026-09-25 15:09:57.368030+00:00,2026-09-25 15:09:57.369030+00:00,2026-09-25 15:09:57.370030+00:00,2026-09-25 15:09:57.371030+00:00,2026-09-25 15:09:57.372030+00:00,2026-09-25 15:09:57.373030+00:00,2026-09-25 15:09:57.374030+00:00,2026-09-25 15:09:57.375030+00:00,2026-09-25 15:09:57.376030+00:00,2026-09-25 15:09:57.377030+00:00,2026-09-25 15:09:57.389031+00:00,2026-09-25 15:09:57.379030+00:00,2026-09-25 15:09:57.380030+00:00,2026-09-25 15:09:57.381030+00:00,2026-09-25 15:09:57.382030+00:00,2026-09-25 15:09:57.383030+00:00,2026-09-25 15:09:57.384030+00:00,2026-09-25 15:09:57.385030+00:00,2026-09-25 15:09:57.386031+00:00,2026-09-25 15:09:57.387031+00:00,2026-09-25 15:09:57.388031+00:00,2026-09-25 15:09:57.378030+00:00,2026-09-25 15:09:57.390031+00:00,2026-09-25 15:09:57.402031+00:00,2026-09-25 15:09:57.392031+00:00,2026-09-25 15:09:57.393031+00:00,2026-09-25 15:09:57.394031+00:00,2026-09-25 15:09:57.395031+00:00,2026-09-25 15:09:57.396031+00:00,2026-09-25 15:09:57.397031+00:00,2026-09-25 15:09:57.398031+00:00,2026-09-25 15:09:57.399031+00:00,2026-09-25 15:09:57.400031+00:00,2026-09-25 15:09:57.401031+00:00,2026-09-25 15:09:57.391031+00:00,2026-09-25 15:09:57.403032+00:00,2026-09-25 15:09:57.404032+00:00,2026-09-25 15:09:57.405032+00:00,2026-09-25 15:09:57.406032+00:00,2026-09-25 15:09:57.407032+00:00,2026-09-25 15:09:57.408032+00:00,2026-09-25 15:09:57.409032+00:00,2026-09-25 15:09:57.410032+00:00,2026-09-25 15:09:57.411032+00:00,2026-09-25 15:09:57.412032+00:00,2026-09-25 15:09:57.424033+00:00,2026-09-25 15:09:57.414032+00:00,2026-09-25 15:09:57.415032+00:00,2026-09-25 15:09:57.416032+00:00,2026-09-25 15:09:57.417032+00:00,2026-09-25 15:09:57.418032+00:00,2026-09-25 15:09:57.419032+00:00,2026-09-25 15:09:57.420032+00:00,2026-09-25 15:09:57.421033+00:00,2026-09-25 15:09:57.422033+00:00,2026-09-25 15:09:57.423033+00:00,2026-09-25 15:09:57.425033+00:00,2026-09-25 15:09:57.426033+00:00,2026-09-25 15:09:57.427033+00:00,2026-09-25 15:09:57.428033+00:00,2026-09-25 15:09:57.429033+00:00,2026-09-25 15:09:57.430033+00:00,2026-09-25 15:09:57.431033+00:00,2026-09-25 15:09:57.432033+00:00,2026-09-25 15:09:57.433033+00:00,2026-09-25 15:09:57.434033+00:00,2026-09-25 15:09:57.435033+00:00,2026-09-25 15:09:57.436033+00:00,2026-09-25 15:09:57.437033+00:00,2026-09-25 15:09:57.438034+00:00,2026-09-25 15:09:57.439034+00:00,2026-09-25 15:09:57.440034+00:00,2026-09-25 15:09:57.441034+00:00,2026-09-25 15:09:57.442034+00:00,2026-09-25 15:09:57.443034+00:00,2026-09-25 15:09:57.444034+00:00,2026-09-25 15:09:57.445034+00:00,2026-09-25 15:09:57.446034+00:00,2026-09-25 15:09:57.447034+00:00,2026-09-25 15:09:57.448034+00:00,2026-09-25 15:09:57.448034+00:00,0.378099,2.644809957180527,175.3330774037757,True,True,True,False,False,True,True,False,False,True,True,True,False,False,False,False
191,2026-09-25 13:40:52.869579+00:00,2026-09-25 15:09:57.811055+00:00,91.005,True,False,False,False,True,False,False,False,True,False,False,False,False,True,False,False,False,False,True,False,False,True,False,False,True,True,False,False,True,True,False,False,False,True,False,True,False,False,False,True,False,False,True,False,False,False,True,False,True,False,False,False,False,False,True,False,False,True,False,True,True,True,False,True,False,False,False,False,True,True,True,False,False,False,False,False,False,False,False,0,0,0,0,2026-09-25 15:09:57.720050+00:00,2026-09-25 15:09:57.729050+00:00,2026-09-25 15:09:57.730050+00:00,2026-09-25 15:09:57.731050+00:00,2026-09-25 15:09:57.732050+00:00,2026-09-25 15:09:57.733050+00:00,2026-09-25 15:09:57.734050+00:00,2026-09-25 15:09:57.735051+00:00,2026-09-25 15:09:57.736051+00:00,2026-09-25 15:09:57.737051+00:00,2026-09-25 15:09:57.738051+00:00,2026-09-25 15:09:57.739051+00:00,2026-09-25 15:09:57.740051+00:00,2026-09-25 15:09:57.741051+00:00,2026-09-25 15:09:57.742051+00:00,2026-09-25 15:09:57.743051+00:00,2026-09-25 15:09:57.766052+00:00,2026-09-25 15:09:57.745051+00:00,2026-09-25 15:09:57.746051+00:00,2026-09-25 15:09:57.747051+00:00,2026-09-25 15:09:57.748051+00:00,2026-09-25 15:09:57.749051+00:00,2026-09-25 15:09:57.750051+00:00,2026-09-25 15:09:57.751051+00:00,2026-09-25 15:09:57.752051+00:00,2026-09-25 15:09:57.753052+00:00,2026-09-25 15:09:57.765052+00:00,2026-09-25 15:09:57.744051+00:00,2026-09-25 15:09:57.756052+00:00,2026-09-25 15:09:57.768052+00:00,2026-09-25 15:09:57.769052+00:00,2026-09-25 15:09:57.759052+00:00,2026-09-25 15:09:57.760052+00:00,2026-09-25 15:09:57.761052+00:00,2026-09-25 15:09:57.762052+00:00,2026-09-25 15:09:57.763052+00:00,2026-09-25 15:09:57.764052+00:00,2026-09-25 15:09:57.754052+00:00,2026-09-25 15:09:57.755052+00:00,2026-09-25 15:09:57.767052+00:00,2026-09-25 15:09:57.757052+00:00,2026-09-25 15:09:57.758052+00:00,2026-09-25 15:09:57.770053+00:00,2026-09-25 15:09:57.771053+00:00,2026-09-25 15:09:57.772053+00:00,2026-09-25 15:09:57.773053+00:00,2026-09-25 15:09:57.774053+00:00,2026-09-25 15:09:57.775053+00:00,2026-09-25 15:09:57.776053+00:00,2026-09-25 15:09:57.777053+00:00,2026-09-25 15:09:57.778053+00:00,2026-09-25 15:09:57.779053+00:00,2026-09-25 15:09:57.780053+00:00,2026-09-25 15:09:57.781053+00:00,2026-09-25 15:09:57.782053+00:00,2026-09-25 15:09:57.783053+00:00,2026-09-25 15:09:57.784053+00:00,2026-09-25 15:09:57.785053+00:00,2026-09-25 15:09:57.786053+00:00,2026-09-25 15:09:57.787053+00:00,2026-09-25 15:09:57.788054+00:00,2026-09-25 15:09:57.789054+00:00,2026-09-25 15:09:57.802054+00:00,2026-09-25 15:09:57.803054+00:00,2026-09-25 15:09:57.793054+00:00,2026-09-25 15:09:57.794054+00:00,2026-09-25 15:09:57.795054+00:00,2026-09-25 15:09:57.796054+00:00,2026-09-25 15:09:57.797054+00:00,2026-09-25 15:09:57.798054+00:00,2026-09-25 15:09:57.799054+00:00,2026-09-25 15:09:57.800054+00:00,2026-09-25 15:09:57.801054+00:00,2026-09-25 15:09:57.791054+00:00,2026-09-25 15:09:57.792054+00:00,2026-09-25 15:09:57.804054+00:00,2026-09-25 15:09:57.805055+00:00,2026-09-25 15:09:57.806055+00:00,2026-09-25 15:09:57.807055+00:00,2026-09-25 15:09:57.808055+00:00,2026-09-25 15:09:57.809055+00:00,2026-09-25 15:09:57.810055+00:00,2026-09-25 15:09:57.811055+00:00,2026-09-25 15:09:57.811055+00:00,0.363835,2.74849863262193,175.32081640357822,True,True,True,False,False,False,True,False,False,True,True,True,False,False,False,False
192,2026-09-25 13:40:53.220788+00:00,2026-09-25 15:09:58.172076+00:00,87.005,True,False,False,False,True,False,False,False,True,False,False,False,False,True,False,False,False,False,True,False,False,True,False,False,True,True,False,False,True,True,False,False,False,True,False,True,False,False,False,False,False,False,False,False,False,False,True,False,True,False,False,False,False,False,True,False,True,False,False,True,True,True,False,True,False,False,False,False,True,True,True,False,False,False,False,False,False,False,False,0,0,0,0,2026-09-25 15:09:58.085071+00:00,2026-09-25 15:09:58.090071+00:00,2026-09-25 15:09:58.099071+00:00,2026-09-25 15:09:58.092071+00:00,2026-09-25 15:09:58.093071+00:00,2026-09-25 15:09:58.094071+00:00,2026-09-25 15:09:58.095071+00:00,2026-09-25 15:09:58.096071+00:00,2026-09-25 15:09:58.097071+00:00,2026-09-25 15:09:58.098071+00:00,2026-09-25 15:09:58.091071+00:00,2026-09-25 15:09:58.100071+00:00,2026-09-25 15:09:58.101071+00:00,2026-09-25 15:09:58.102071+00:00,2026-09-25 15:09:58.103072+00:00,2026-09-25 15:09:58.104072+00:00,2026-09-25 15:09:58.105072+00:00,2026-09-25 15:09:58.106072+00:00,2026-09-25 15:09:58.107072+00:00,2026-09-25 15:09:58.108072+00:00,2026-09-25 15:09:58.109072+00:00,2026-09-25 15:09:58.110072+00:00,2026-09-25 15:09:58.111072+00:00,2026-09-25 15:09:58.112072+00:00,2026-09-25 15:09:58.113072+00:00,2026-09-25 15:09:58.114072+00:00,2026-09-25 15:09:58.115072+00:00,2026-09-25 15:09:58.116072+00:00,2026-09-25 15:09:58.117072+00:00,2026-09-25 15:09:58.118072+00:00,2026-09-25 15:09:58.119072+00:00,2026-09-25 15:09:58.120073+00:00,2026-09-25 15:09:58.121073+00:00,2026-09-25 15:09:58.122073+00:00,2026-09-25 15:09:58.123073+00:00,2026-09-25 15:09:58.124073+00:00,2026-09-25 15:09:58.125073+00:00,2026-09-25 15:09:58.126073+00:00,2026-09-25 15:09:58.127073+00:00,2026-09-25 15:09:58.128073+00:00,2026-09-25 15:09:58.129073+00:00,2026-09-25 15:09:58.130073+00:00,2026-09-25 15:09:58.131073+00:00,2026-09-25 15:09:58.132073+00:00,2026-09-25 15:09:58.133073+00:00,2026-09-25 15:09:58.145074+00:00,2026-09-25 15:09:58.135073+00:00,2026-09-25 15:09:58.136073+00:00,2026-09-25 15:09:58.137074+00:00,2026-09-25 15:09:58.149074+00:00,2026-09-25 15:09:58.139074+00:00,2026-09-25 15:09:58.151074+00:00,2026-09-25 15:09:58.141074+00:00,2026-09-25 15:09:58.142074+00:00,2026-09-25 15:09:58.143074+00:00,2026-09-25 15:09:58.144074+00:00,2026-09-25 15:09:58.134073+00:00,2026-09-25 15:09:58.146074+00:00,2026-09-25 15:09:58.147074+00:00,2026-09-25 15:09:58.148074+00:00,2026-09-25 15:09:58.138074+00:00,2026-09-25 15:09:58.150074+00:00,2026-09-25 15:09:58.140074+00:00,2026-09-25 15:09:58.152074+00:00,2026-09-25 15:09:58.153074+00:00,2026-09-25 15:09:58.154074+00:00,2026-09-25 15:09:58.155075+00:00,2026-09-25 15:09:58.167075+00:00,2026-09-25 15:09:58.157075+00:00,2026-09-25 15:09:58.158075+00:00,2026-09-25 15:09:58.159075+00:00,2026-09-25 15:09:58.160075+00:00,2026-09-25 15:09:58.161075+00:00,2026-09-25 15:09:58.172076+00:00,2026-09-25 15:09:58.163075+00:00,2026-09-25 15:09:58.164075+00:00,2026-09-25 15:09:58.165075+00:00,2026-09-25 15:09:58.166075+00:00,2026-09-25 15:09:58.156075+00:00,2026-09-25 15:09:58.168075+00:00,2026-09-25 15:09:58.169075+00:00,2026-09-25 15:09:58.170075+00:00,2026-09-25 15:09:58.171075+00:00,2026-09-25 15:09:58.172076+00:00,0.351209,2.84730744371585,175.31133425475605,True,True,True,False,False,False,True,False,False,True,True,True,False,False,False,False
193,2026-09-25 13:40:53.643983+00:00,2026-09-25 15:09:58.525096+00:00,89.005,True,False,False,False,True,False,False,False,True,False,False,False,False,True,False,False,False,False,True,False,False,True,False,False,True,True,False,False,True,True,False,False,False,True,False,True,False,False,False,True,False,False,False,False,False,False,True,False,True,False,False,False,False,False,False,False,False,False,False,True,True,True,False,True,False,False,False,False,True,True,True,False,False,False,False,False,False,False,False,0,0,0,0,2026-09-25 15:09:58.436091+00:00,2026-09-25 15:09:58.442091+00:00,2026-09-25 15:09:58.443091+00:00,2026-09-25 15:09:58.444091+00:00,2026-09-25 15:09:58.445091+00:00,2026-09-25 15:09:58.457092+00:00,2026-09-25 15:09:58.447091+00:00,2026-09-25 15:09:58.448091+00:00,2026-09-25 15:09:58.449091+00:00,2026-09-25 15:09:58.450091+00:00,2026-09-25 15:09:58.451091+00:00,2026-09-25 15:09:58.452092+00:00,2026-09-25 15:09:58.453092+00:00,2026-09-25 15:09:58.454092+00:00,2026-09-25 15:09:58.455092+00:00,2026-09-25 15:09:58.467092+00:00,2026-09-25 15:09:58.446091+00:00,2026-09-25 15:09:58.458092+00:00,2026-09-25 15:09:58.459092+00:00,2026-09-25 15:09:58.460092+00:00,2026-09-25 15:09:58.461092+00:00,2026-09-25 15:09:58.462092+00:00,2026-09-25 15:09:58.463092+00:00,2026-09-25 15:09:58.464092+00:00,2026-09-25 15:09:58.465092+00:00,2026-09-25 15:09:58.466092+00:00,2026-09-25 15:09:58.456092+00:00,2026-09-25 15:09:58.468092+00:00,2026-09-25 15:09:58.469092+00:00,2026-09-25 15:09:58.470093+00:00,2026-09-25 15:09:58.471093+00:00,2026-09-25 15:09:58.472093+00:00,2026-09-25 15:09:58.473093+00:00,2026-09-25 15:09:58.474093+00:00,2026-09-25 15:09:58.486093+00:00,2026-09-25 15:09:58.476093+00:00,2026-09-25 15:09:58.477093+00:00,2026-09-25 15:09:58.478093+00:00,2026-09-25 15:09:58.479093+00:00,2026-09-25 15:09:58.480093+00:00,2026-09-25 15:09:58.481093+00:00,2026-09-25 15:09:58.482093+00:00,2026-09-25 15:09:58.483093+00:00,2026-09-25 15:09:58.484093+00:00,2026-09-25 15:09:58.485093+00:00,2026-09-25 15:09:58.475093+00:00,2026-09-25 15:09:58.487094+00:00,2026-09-25 15:09:58.488094+00:00,2026-09-25 15:09:58.489094+00:00,2026-09-25 15:09:58.490094+00:00,2026-09-25 15:09:58.491094+00:00,2026-09-25 15:09:58.492094+00:00,2026-09-25 15:09:58.493094+00:00,2026-09-25 15:09:58.506095+00:00,2026-09-25 15:09:58.507095+00:00,2026-09-25 15:09:58.497094+00:00,2026-09-25 15:09:58.498094+00:00,2026-09-25 15:09:58.499094+00:00,2026-09-25 15:09:58.500094+00:00,2026-09-25 15:09:58.501094+00:00,2026-09-25 15:09:58.502094+00:00,2026-09-25 15:09:58.503094+00:00,2026-09-25 15:09:58.504094+00:00,2026-09-25 15:09:58.505095+00:00,2026-09-25 15:09:58.494094+00:00,2026-09-25 15:09:58.496094+00:00,2026-09-25 15:09:58.508095+00:00,2026-09-25 15:09:58.509095+00:00,2026-09-25 15:09:58.510095+00:00,2026-09-25 15:09:58.511095+00:00,2026-09-25 15:09:58.512095+00:00,2026-09-25 15:09:58.513095+00:00,2026-09-25 15:09:58.514095+00:00,2026-09-25 15:09:58.515095+00:00,2026-09-25 15:09:58.516095+00:00,2026-09-25 15:09:58.518095+00:00,2026-09-25 15:09:58.519095+00:00,2026-09-25 15:09:58.520095+00:00,2026-09-25 15:09:58.521095+00:00,2026-09-25 15:09:58.522096+00:00,2026-09-25 15:09:58.523096+00:00,2026-09-25 15:09:58.524096+00:00,2026-09-25 15:09:58.525096+00:00,2026-09-25 15:09:58.525096+00:00,0.423195,2.362976878271246,175.30461257074654,True,True,True,False,False,False,True,False,False,True,True,True,False,False,False,False
194,2026-09-25 13:40:53.991504+00:00,2026-09-25 15:09:58.948120+00:00,90.005,True,False,False,False,True,False,False,False,True,False,False,False,False,True,False,False,False,False,True,False,False,True,False,False,True,True,False,False,True,True,False,False,False,True,False,True,False,False,False,False,True,False,False,False,False,False,True,False,True,False,False,False,False,False,True,True,False,True,False,True,True,True,False,True,False,False,False,False,True,True,True,False,False,False,False,False,False,False,False,0,0,0,0,2026-09-25 15:09:58.858115+00:00,2026-09-25 15:09:58.866115+00:00,2026-09-25 15:09:58.867115+00:00,2026-09-25 15:09:58.879116+00:00,2026-09-25 15:09:58.880116+00:00,2026-09-25 15:09:58.870115+00:00,2026-09-25 15:09:58.871115+00:00,2026-09-25 15:09:58.872116+00:00,2026-09-25 15:09:58.873116+00:00,2026-09-25 15:09:58.874116+00:00,2026-09-25 15:09:58.875116+00:00,2026-09-25 15:09:58.876116+00:00,2026-09-25 15:09:58.877116+00:00,2026-09-25 15:09:58.878116+00:00,2026-09-25 15:09:58.868115+00:00,2026-09-25 15:09:58.869115+00:00,2026-09-25 15:09:58.881116+00:00,2026-09-25 15:09:58.882116+00:00,2026-09-25 15:09:58.883116+00:00,2026-09-25 15:09:58.884116+00:00,2026-09-25 15:09:58.885116+00:00,2026-09-25 15:09:58.886116+00:00,2026-09-25 15:09:58.887116+00:00,2026-09-25 15:09:58.888116+00:00,2026-09-25 15:09:58.889117+00:00,2026-09-25 15:09:58.890117+00:00,2026-09-25 15:09:58.891117+00:00,2026-09-25 15:09:58.892117+00:00,2026-09-25 15:09:58.893117+00:00,2026-09-25 15:09:58.905117+00:00,2026-09-25 15:09:58.895117+00:00,2026-09-25 15:09:58.896117+00:00,2026-09-25 15:09:58.897117+00:00,2026-09-25 15:09:58.898117+00:00,2026-09-25 15:09:58.899117+00:00,2026-09-25 15:09:58.900117+00:00,2026-09-25 15:09:58.901117+00:00,2026-09-25 15:09:58.902117+00:00,2026-09-25 15:09:58.903117+00:00,2026-09-25 15:09:58.904117+00:00,2026-09-25 15:09:58.894117+00:00,2026-09-25 15:09:58.906117+00:00,2026-09-25 15:09:58.907118+00:00,2026-09-25 15:09:58.919118+00:00,2026-09-25 15:09:58.909118+00:00,2026-09-25 15:09:58.910118+00:00,2026-09-25 15:09:58.911118+00:00,2026-09-25 15:09:58.912118+00:00,2026-09-25 15:09:58.913118+00:00,2026-09-25 15:09:58.914118+00:00,2026-09-25 15:09:58.915118+00:00,2026-09-25 15:09:58.916118+00:00,2026-09-25 15:09:58.917118+00:00,2026-09-25 15:09:58.918118+00:00,2026-09-25 15:09:58.908118+00:00,2026-09-25 15:09:58.920118+00:00,2026-09-25 15:09:58.921118+00:00,2026-09-25 15:09:58.922118+00:00,2026-09-25 15:09:58.924119+00:00,2026-09-25 15:09:58.925119+00:00,2026-09-25 15:09:58.926119+00:00,2026-09-25 15:09:58.927119+00:00,2026-09-25 15:09:58.928119+00:00,2026-09-25 15:09:58.929119+00:00,2026-09-25 15:09:58.930119+00:00,2026-09-25 15:09:58.931119+00:00,2026-09-25 15:09:58.943120+00:00,2026-09-25 15:09:58.933119+00:00,2026-09-25 15:09:58.934119+00:00,2026-09-25 15:09:58.935119+00:00,2026-09-25 15:09:58.936119+00:00,2026-09-25 15:09:58.937119+00:00,2026-09-25 15:09:58.938119+00:00,2026-09-25 15:09:58.939119+00:00,2026-09-25 15:09:58.940119+00:00,2026-09-25 15:09:58.941119+00:00,2026-09-25 15:09:58.942120+00:00,2026-09-25 15:09:58.932119+00:00,2026-09-25 15:09:58.944120+00:00,2026-09-25 15:09:58.945120+00:00,2026-09-25 15:09:58.946120+00:00,2026-09-25 15:09:58.947120+00:00,2026-09-25 15:09:58.948120+00:00,2026-09-25 15:09:58.948120+00:00,0.347521,2.877523948193059,175.29978090662902,True,True,True,False,False,False,True,False,False,True,True,True,False,False,False,False
195,2026-09-25 13:40:54.362147+00:00,2026-09-25 15:09:59.316141+00:00,111.006,True,False,False,False,True,True,False,False,True,False,False,False,False,False,False,False,False,False,False,False,False,False,False,False,True,True,False,False,True,True,False,False,False,True,False,True,False,False,False,False,True,False,False,True,False,False,False,False,True,False,False,False,False,False,False,True,True,False,False,True,True,True,False,True,False,False,False,False,True,True,True,False,False,False,False,False,False,False,False,0,0,0,0,2026-09-25 15:09:59.205135+00:00,2026-09-25 15:09:59.218135+00:00,2026-09-25 15:09:59.219135+00:00,2026-09-25 15:09:59.232136+00:00,2026-09-25 15:09:59.222136+00:00,2026-09-25 15:09:59.223136+00:00,2026-09-25 15:09:59.224136+00:00,2026-09-25 15:09:59.225136+00:00,2026-09-25 15:09:59.226136+00:00,2026-09-25 15:09:59.227136+00:00,2026-09-25 15:09:59.228136+00:00,2026-09-25 15:09:59.240137+00:00,2026-09-25 15:09:59.230136+00:00,2026-09-25 15:09:59.231136+00:00,2026-09-25 15:09:59.221136+00:00,2026-09-25 15:09:59.233136+00:00,2026-09-25 15:09:59.234136+00:00,2026-09-25 15:09:59.235136+00:00,2026-09-25 15:09:59.236136+00:00,2026-09-25 15:09:59.237136+00:00,2026-09-25 15:09:59.238136+00:00,2026-09-25 15:09:59.239137+00:00,2026-09-25 15:09:59.229136+00:00,2026-09-25 15:09:59.241137+00:00,2026-09-25 15:09:59.242137+00:00,2026-09-25 15:09:59.243137+00:00,2026-09-25 15:09:59.244137+00:00,2026-09-25 15:09:59.245137+00:00,2026-09-25 15:09:59.246137+00:00,2026-09-25 15:09:59.247137+00:00,2026-09-25 15:09:59.248137+00:00,2026-09-25 15:09:59.249137+00:00,2026-09-25 15:09:59.250137+00:00,2026-09-25 15:09:59.251137+00:00,2026-09-25 15:09:59.252137+00:00,2026-09-25 15:09:59.253137+00:00,2026-09-25 15:09:59.254137+00:00,2026-09-25 15:09:59.255137+00:00,2026-09-25 15:09:59.256138+00:00,2026-09-25 15:09:59.268138+00:00,2026-09-25 15:09:59.269138+00:00,2026-09-25 15:09:59.259138+00:00,2026-09-25 15:09:59.260138+00:00,2026-09-25 15:09:59.261138+00:00,2026-09-25 15:09:59.262138+00:00,2026-09-25 15:09:59.263138+00:00,2026-09-25 15:09:59.264138+00:00,2026-09-25 15:09:59.265138+00:00,2026-09-25 15:09:59.266138+00:00,2026-09-25 15:09:59.267138+00:00,2026-09-25 15:09:59.257138+00:00,2026-09-25 15:09:59.258138+00:00,2026-09-25 15:09:59.270138+00:00,2026-09-25 15:09:59.272138+00:00,2026-09-25 15:09:59.285139+00:00,2026-09-25 15:09:59.275139+00:00,2026-09-25 15:09:59.276139+00:00,2026-09-25 15:09:59.277139+00:00,2026-09-25 15:09:59.278139+00:00,2026-09-25 15:09:59.279139+00:00,2026-09-25 15:09:59.280139+00:00,2026-09-25 15:09:59.281139+00:00,2026-09-25 15:09:59.282139+00:00,2026-09-25 15:09:59.283139+00:00,2026-09-25 15:09:59.284139+00:00,2026-09-25 15:09:59.274139+00:00,2026-09-25 15:09:59.286139+00:00,2026-09-25 15:09:59.287139+00:00,2026-09-25 15:09:59.288139+00:00,2026-09-25 15:09:59.316141+00:00,2026-09-25 15:09:59.290139+00:00,2026-09-25 15:09:59.291140+00:00,2026-09-25 15:09:59.292140+00:00,2026-09-25 15:09:59.293140+00:00,2026-09-25 15:09:59.294140+00:00,2026-09-25 15:09:59.295140+00:00,2026-09-25 15:09:59.296140+00:00,2026-09-25 15:09:59.297140+00:00,2026-09-25 15:09:59.298140+00:00,2026-09-25 15:09:59.299140+00:00,2026-09-25 15:09:59.289139+00:00,2026-09-25 15:09:59.301140+00:00,2026-09-25 15:09:59.314141+00:00,2026-09-25 15:09:59.316141+00:00,0.370643,2.698013991900562,178.2983389441705,True,True,False,False,False,False,True,False,False,True,True,True,False,False,False,False
196,2026-09-25 13:40:54.757139+00:00,2026-09-25 15:09:59.717164+00:00,99.006,True,False,False,False,True,True,False,False,True,False,False,False,False,False,False,False,False,True,False,False,False,False,False,False,True,True,False,False,True,True,False,False,False,True,False,True,False,False,False,False,True,True,False,True,False,False,False,False,True,False,False,False,False,False,False,True,False,True,False,True,True,True,False,True,False,False,False,False,True,True,True,False,False,False,False,False,False,False,False,0,0,0,0,2026-09-25 15:09:59.618158+00:00,2026-09-25 15:09:59.626159+00:00,2026-09-25 15:09:59.637159+00:00,2026-09-25 15:09:59.628159+00:00,2026-09-25 15:09:59.629159+00:00,2026-09-25 15:09:59.630159+00:00,2026-09-25 15:09:59.631159+00:00,2026-09-25 15:09:59.632159+00:00,2026-09-25 15:09:59.633159+00:00,2026-09-25 15:09:59.634159+00:00,2026-09-25 15:09:59.627159+00:00,2026-09-25 15:09:59.635159+00:00,2026-09-25 15:09:59.636159+00:00,2026-09-25 15:09:59.638159+00:00,2026-09-25 15:09:59.639159+00:00,2026-09-25 15:09:59.640159+00:00,2026-09-25 15:09:59.641160+00:00,2026-09-25 15:09:59.642160+00:00,2026-09-25 15:09:59.643160+00:00,2026-09-25 15:09:59.644160+00:00,2026-09-25 15:09:59.645160+00:00,2026-09-25 15:09:59.646160+00:00,2026-09-25 15:09:59.647160+00:00,2026-09-25 15:09:59.648160+00:00,2026-09-25 15:09:59.649160+00:00,2026-09-25 15:09:59.650160+00:00,2026-09-25 15:09:59.651160+00:00,2026-09-25 15:09:59.652160+00:00,2026-09-25 15:09:59.653160+00:00,2026-09-25 15:09:59.654160+00:00,2026-09-25 15:09:59.655160+00:00,2026-09-25 15:09:59.656160+00:00,2026-09-25 15:09:59.657160+00:00,2026-09-25 15:09:59.658161+00:00,2026-09-25 15:09:59.659161+00:00,2026-09-25 15:09:59.660161+00:00,2026-09-25 15:09:59.661161+00:00,2026-09-25 15:09:59.662161+00:00,2026-09-25 15:09:59.663161+00:00,2026-09-25 15:09:59.664161+00:00,2026-09-25 15:09:59.665161+00:00,2026-09-25 15:09:59.666161+00:00,2026-09-25 15:09:59.679162+00:00,2026-09-25 15:09:59.680162+00:00,2026-09-25 15:09:59.681162+00:00,2026-09-25 15:09:59.682162+00:00,2026-09-25 15:09:59.683162+00:00,2026-09-25 15:09:59.673161+00:00,2026-09-25 15:09:59.674161+00:00,2026-09-25 15:09:59.686162+00:00,2026-09-25 15:09:59.676162+00:00,2026-09-25 15:09:59.677162+00:00,2026-09-25 15:09:59.678162+00:00,2026-09-25 15:09:59.667161+00:00,2026-09-25 15:09:59.668161+00:00,2026-09-25 15:09:59.669161+00:00,2026-09-25 15:09:59.670161+00:00,2026-09-25 15:09:59.671161+00:00,2026-09-25 15:09:59.684162+00:00,2026-09-25 15:09:59.685162+00:00,2026-09-25 15:09:59.675161+00:00,2026-09-25 15:09:59.687162+00:00,2026-09-25 15:09:59.688162+00:00,2026-09-25 15:09:59.689162+00:00,2026-09-25 15:09:59.690162+00:00,2026-09-25 15:09:59.691162+00:00,2026-09-25 15:09:59.692162+00:00,2026-09-25 15:09:59.693163+00:00,2026-09-25 15:09:59.694163+00:00,2026-09-25 15:09:59.695163+00:00,2026-09-25 15:09:59.696163+00:00,2026-09-25 15:09:59.697163+00:00,2026-09-25 15:09:59.698163+00:00,2026-09-25 15:09:59.699163+00:00,2026-09-25 15:09:59.700163+00:00,2026-09-25 15:09:59.701163+00:00,2026-09-25 15:09:59.702163+00:00,2026-09-25 15:09:59.714164+00:00,2026-09-25 15:09:59.704163+00:00,2026-09-25 15:09:59.705163+00:00,2026-09-25 15:09:59.717164+00:00,2026-09-25 15:09:59.707163+00:00,2026-09-25 15:09:59.708163+00:00,2026-09-25 15:09:59.717164+00:00,0.394992,2.531696844493053,179.09957698056616,True,True,True,False,False,False,True,False,False,True,True,True,False,False,False,False
197,2026-09-25 13:40:55.123828+00:00,2026-09-25 15:10:00.082185+00:00,106.006,True,False,False,False,True,True,False,False,True,False,False,False,False,False,False,False,False,True,False,False,False,False,False,False,True,True,False,False,True,True,False,False,False,True,False,True,False,False,False,True,False,False,False,True,False,False,False,False,True,False,False,False,False,False,False,True,True,False,False,True,True,True,False,True,False,False,False,False,True,True,True,False,False,False,False,False,False,False,False,0,0,0,0,2026-09-25 15:09:59.976179+00:00,2026-09-25 15:09:59.980179+00:00,2026-09-25 15:09:59.981179+00:00,2026-09-25 15:09:59.982179+00:00,2026-09-25 15:09:59.983179+00:00,2026-09-25 15:09:59.984179+00:00,2026-09-25 15:09:59.985179+00:00,2026-09-25 15:09:59.986179+00:00,2026-09-25 15:09:59.987179+00:00,2026-09-25 15:09:59.988179+00:00,2026-09-25 15:09:59.989179+00:00,2026-09-25 15:09:59.990179+00:00,2026-09-25 15:09:59.991180+00:00,2026-09-25 15:09:59.992180+00:00,2026-09-25 15:09:59.993180+00:00,2026-09-25 15:09:59.994180+00:00,2026-09-25 15:09:59.995180+00:00,2026-09-25 15:09:59.996180+00:00,2026-09-25 15:09:59.997180+00:00,2026-09-25 15:09:59.998180+00:00,2026-09-25 15:09:59.999180+00:00,2026-09-25 15:10:00.000180+00:00,2026-09-25 15:10:00.001180+00:00,2026-09-25 15:10:00.002180+00:00,2026-09-25 15:10:00.003180+00:00,2026-09-25 15:10:00.004180+00:00,2026-09-25 15:10:00.005180+00:00,2026-09-25 15:10:00.006180+00:00,2026-09-25 15:10:00.007180+00:00,2026-09-25 15:10:00.008181+00:00,2026-09-25 15:10:00.009181+00:00,2026-09-25 15:10:00.010181+00:00,2026-09-25 15:10:00.011181+00:00,2026-09-25 15:10:00.012181+00:00,2026-09-25 15:10:00.013181+00:00,2026-09-25 15:10:00.014181+00:00,2026-09-25 15:10:00.015181+00:00,2026-09-25 15:10:00.016181+00:00,2026-09-25 15:10:00.028182+00:00,2026-09-25 15:10:00.018181+00:00,2026-09-25 15:10:00.019181+00:00,2026-09-25 15:10:00.020181+00:00,2026-09-25 15:10:00.021181+00:00,2026-09-25 15:10:00.022181+00:00,2026-09-25 15:10:00.023181+00:00,2026-09-25 15:10:00.035182+00:00,2026-09-25 15:10:00.025181+00:00,2026-09-25 15:10:00.026182+00:00,2026-09-25 15:10:00.027182+00:00,2026-09-25 15:10:00.017181+00:00,2026-09-25 15:10:00.040182+00:00,2026-09-25 15:10:00.030182+00:00,2026-09-25 15:10:00.031182+00:00,2026-09-25 15:10:00.032182+00:00,2026-09-25 15:10:00.033182+00:00,2026-09-25 15:10:00.034182+00:00,2026-09-25 15:10:00.024181+00:00,2026-09-25 15:10:00.036182+00:00,2026-09-25 15:10:00.037182+00:00,2026-09-25 15:10:00.038182+00:00,2026-09-25 15:10:00.039182+00:00,2026-09-25 15:10:00.029182+00:00,2026-09-25 15:10:00.041182+00:00,2026-09-25 15:10:00.042182+00:00,2026-09-25 15:10:00.043183+00:00,2026-09-25 15:10:00.044183+00:00,2026-09-25 15:10:00.045183+00:00,2026-09-25 15:10:00.046183+00:00,2026-09-25 15:10:00.047183+00:00,2026-09-25 15:10:00.048183+00:00,2026-09-25 15:10:00.049183+00:00,2026-09-25 15:10:00.050183+00:00,2026-09-25 15:10:00.051183+00:00,2026-09-25 15:10:00.052183+00:00,2026-09-25 15:10:00.053183+00:00,2026-09-25 15:10:00.054183+00:00,2026-09-25 15:10:00.055183+00:00,2026-09-25 15:10:00.056183+00:00,2026-09-25 15:10:00.057183+00:00,2026-09-25 15:10:00.068184+00:00,2026-09-25 15:10:00.059183+00:00,2026-09-25 15:10:00.082185+00:00,2026-09-25 15:10:00.061184+00:00,2026-09-25 15:10:00.082185+00:00,0.366689,2.727106621687588,179.10314299524543,True,True,True,False,False,False,True,False,False,True,True,True,False,False,False,False
198,2026-09-25 13:40:55.492027+00:00,2026-09-25 15:10:00.446206+00:00,101.006,True,False,False,False,True,True,False,False,True,False,False,False,False,False,False,False,False,True,False,False,False,False,False,False,True,True,False,False,True,True,False,False,False,True,False,True,False,False,False,False,True,True,True,True,False,False,False,False,True,False,False,False,False,False,False,True,False,True,False,True,True,True,False,True,False,False,False,False,True,True,True,False,False,False,False,False,False,False,False,0,0,0,0,2026-09-25 15:10:00.345200+00:00,2026-09-25 15:10:00.362201+00:00,2026-09-25 15:10:00.364201+00:00,2026-09-25 15:10:00.366201+00:00,2026-09-25 15:10:00.378202+00:00,2026-09-25 15:10:00.368201+00:00,2026-09-25 15:10:00.391202+00:00,2026-09-25 15:10:00.370201+00:00,2026-09-25 15:10:00.371201+00:00,2026-09-25 15:10:00.372201+00:00,2026-09-25 15:10:00.373201+00:00,2026-09-25 15:10:00.374201+00:00,2026-09-25 15:10:00.375202+00:00,2026-09-25 15:10:00.376202+00:00,2026-09-25 15:10:00.377202+00:00,2026-09-25 15:10:00.367201+00:00,2026-09-25 15:10:00.379202+00:00,2026-09-25 15:10:00.369201+00:00,2026-09-25 15:10:00.381202+00:00,2026-09-25 15:10:00.382202+00:00,2026-09-25 15:10:00.383202+00:00,2026-09-25 15:10:00.384202+00:00,2026-09-25 15:10:00.385202+00:00,2026-09-25 15:10:00.386202+00:00,2026-09-25 15:10:00.387202+00:00,2026-09-25 15:10:00.388202+00:00,2026-09-25 15:10:00.389202+00:00,2026-09-25 15:10:00.390202+00:00,2026-09-25 15:10:00.380202+00:00,2026-09-25 15:10:00.392202+00:00,2026-09-25 15:10:00.393203+00:00,2026-09-25 15:10:00.394203+00:00,2026-09-25 15:10:00.395203+00:00,2026-09-25 15:10:00.396203+00:00,2026-09-25 15:10:00.397203+00:00,2026-09-25 15:10:00.398203+00:00,2026-09-25 15:10:00.399203+00:00,2026-09-25 15:10:00.400203+00:00,2026-09-25 15:10:00.401203+00:00,2026-09-25 15:10:00.402203+00:00,2026-09-25 15:10:00.403203+00:00,2026-09-25 15:10:00.404203+00:00,2026-09-25 15:10:00.405203+00:00,2026-09-25 15:10:00.406203+00:00,2026-09-25 15:10:00.407203+00:00,2026-09-25 15:10:00.408203+00:00,2026-09-25 15:10:00.409203+00:00,2026-09-25 15:10:00.410204+00:00,2026-09-25 15:10:00.411204+00:00,2026-09-25 15:10:00.412204+00:00,2026-09-25 15:10:00.425204+00:00,2026-09-25 15:10:00.437205+00:00,2026-09-25 15:10:00.427204+00:00,2026-09-25 15:10:00.428205+00:00,2026-09-25 15:10:00.417204+00:00,2026-09-25 15:10:00.418204+00:00,2026-09-25 15:10:00.419204+00:00,2026-09-25 15:10:00.420204+00:00,2026-09-25 15:10:00.421204+00:00,2026-09-25 15:10:00.423204+00:00,2026-09-25 15:10:00.424204+00:00,2026-09-25 15:10:00.413204+00:00,2026-09-25 15:10:00.414204+00:00,2026-09-25 15:10:00.415204+00:00,2026-09-25 15:10:00.416204+00:00,2026-09-25 15:10:00.429205+00:00,2026-09-25 15:10:00.430205+00:00,2026-09-25 15:10:00.431205+00:00,2026-09-25 15:10:00.432205+00:00,2026-09-25 15:10:00.433205+00:00,2026-09-25 15:10:00.434205+00:00,2026-09-25 15:10:00.435205+00:00,2026-09-25 15:10:00.436205+00:00,2026-09-25 15:10:00.426204+00:00,2026-09-25 15:10:00.438205+00:00,2026-09-25 15:10:00.439205+00:00,2026-09-25 15:10:00.440205+00:00,2026-09-25 15:10:00.441205+00:00,2026-09-25 15:10:00.442205+00:00,2026-09-25 15:10:00.443205+00:00,2026-09-25 15:10:00.444205+00:00,2026-09-25 15:10:00.445206+00:00,2026-09-25 15:10:00.446206+00:00,2026-09-25 15:10:00.446206+00:00,0.368199,2.715922639659532,179.10890528407327,True,True,True,False,False,False,True,False,False,True,True,True,False,False,False,False
199,2026-09-25 13:40:55.851325+00:00,2026-09-25 15:10:00.811226+00:00,101.005,True,False,False,False,True,True,False,False,True,False,False,False,False,False,False,False,False,True,False,False,False,False,False,False,True,True,False,False,True,True,False,False,False,True,False,True,False,False,False,True,False,True,True,True,False,False,False,False,True,False,False,False,False,False,False,True,False,False,False,True,True,True,False,True,False,False,False,False,True,True,True,False,False,False,False,False,False,False,False,0,0,0,0,2026-09-25 15:10:00.710221+00:00,2026-09-25 15:10:00.728222+00:00,2026-09-25 15:10:00.729222+00:00,2026-09-25 15:10:00.730222+00:00,2026-09-25 15:10:00.731222+00:00,2026-09-25 15:10:00.732222+00:00,2026-09-25 15:10:00.733222+00:00,2026-09-25 15:10:00.734222+00:00,2026-09-25 15:10:00.735222+00:00,2026-09-25 15:10:00.736222+00:00,2026-09-25 15:10:00.737222+00:00,2026-09-25 15:10:00.738222+00:00,2026-09-25 15:10:00.739222+00:00,2026-09-25 15:10:00.740222+00:00,2026-09-25 15:10:00.741222+00:00,2026-09-25 15:10:00.742223+00:00,2026-09-25 15:10:00.743223+00:00,2026-09-25 15:10:00.744223+00:00,2026-09-25 15:10:00.745223+00:00,2026-09-25 15:10:00.746223+00:00,2026-09-25 15:10:00.747223+00:00,2026-09-25 15:10:00.748223+00:00,2026-09-25 15:10:00.749223+00:00,2026-09-25 15:10:00.750223+00:00,2026-09-25 15:10:00.751223+00:00,2026-09-25 15:10:00.752223+00:00,2026-09-25 15:10:00.753223+00:00,2026-09-25 15:10:00.754223+00:00,2026-09-25 15:10:00.755223+00:00,2026-09-25 15:10:00.756223+00:00,2026-09-25 15:10:00.768224+00:00,2026-09-25 15:10:00.769224+00:00,2026-09-25 15:10:00.759223+00:00,2026-09-25 15:10:00.760224+00:00,2026-09-25 15:10:00.761224+00:00,2026-09-25 15:10:00.762224+00:00,2026-09-25 15:10:00.763224+00:00,2026-09-25 15:10:00.764224+00:00,2026-09-25 15:10:00.765224+00:00,2026-09-25 15:10:00.766224+00:00,2026-09-25 15:10:00.767224+00:00,2026-09-25 15:10:00.757223+00:00,2026-09-25 15:10:00.758223+00:00,2026-09-25 15:10:00.770224+00:00,2026-09-25 15:10:00.771224+00:00,2026-09-25 15:10:00.772224+00:00,2026-09-25 15:10:00.773224+00:00,2026-09-25 15:10:00.774224+00:00,2026-09-25 15:10:00.775224+00:00,2026-09-25 15:10:00.776224+00:00,2026-09-25 15:10:00.777225+00:00,2026-09-25 15:10:00.778225+00:00,2026-09-25 15:10:00.779225+00:00,2026-09-25 15:10:00.780225+00:00,2026-09-25 15:10:00.781225+00:00,2026-09-25 15:10:00.782225+00:00,2026-09-25 15:10:00.783225+00:00,2026-09-25 15:10:00.784225+00:00,2026-09-25 15:10:00.785225+00:00,2026-09-25 15:10:00.799226+00:00,2026-09-25 15:10:00.800226+00:00,2026-09-25 15:10:00.790225+00:00,2026-09-25 15:10:00.791225+00:00,2026-09-25 15:10:00.792225+00:00,2026-09-25 15:10:00.793225+00:00,2026-09-25 15:10:00.794225+00:00,2026-09-25 15:10:00.795226+00:00,2026-09-25 15:10:00.796226+00:00,2026-09-25 15:10:00.797226+00:00,2026-09-25 15:10:00.798226+00:00,2026-09-25 15:10:00.787225+00:00,2026-09-25 15:10:00.789225+00:00,2026-09-25 15:10:00.801226+00:00,2026-09-25 15:10:00.802226+00:00,2026-09-25 15:10:00.803226+00:00,2026-09-25 15:10:00.804226+00:00,2026-09-25 15:10:00.805226+00:00,2026-09-25 15:10:00.806226+00:00,2026-09-25 15:10:00.807226+00:00,2026-09-25 15:10:00.808226+00:00,2026-09-25 15:10:00.809226+00:00,2026-09-25 15:10:00.810226+00:00,2026-09-25 15:10:00.811226+00:00,2026-09-25 15:10:00.811226+00:00,0.359298,2.7832050275815616,179.11678358245922,True,True,True,False,False,False,True,False,False,True,True,True,False,False,False,False
200,2026-09-25 13:40:56.208050+00:00,2026-09-25 15:10:01.152246+00:00,87.005,True,False,False,False,True,True,False,False,True,False,False,False,False,False,False,False,False,True,False,False,False,False,False,False,True,True,False,False,True,True,False,False,False,True,False,True,False,False,False,False,False,False,False,True,False,False,False,False,True,False,False,False,False,False,False,True,False,True,False,True,True,True,False,True,False,False,False,False,True,True,True,False,False,False,False,False,False,False,False,0,0,0,0,2026-09-25 15:10:01.065241+00:00,2026-09-25 15:10:01.071241+00:00,2026-09-25 15:10:01.072241+00:00,2026-09-25 15:10:01.073241+00:00,2026-09-25 15:10:01.074241+00:00,2026-09-25 15:10:01.075242+00:00,2026-09-25 15:10:01.076242+00:00,2026-09-25 15:10:01.077242+00:00,2026-09-25 15:10:01.078242+00:00,2026-09-25 15:10:01.079242+00:00,2026-09-25 15:10:01.080242+00:00,2026-09-25 15:10:01.081242+00:00,2026-09-25 15:10:01.082242+00:00,2026-09-25 15:10:01.083242+00:00,2026-09-25 15:10:01.084242+00:00,2026-09-25 15:10:01.085242+00:00,2026-09-25 15:10:01.086242+00:00,2026-09-25 15:10:01.087242+00:00,2026-09-25 15:10:01.088242+00:00,2026-09-25 15:10:01.089242+00:00,2026-09-25 15:10:01.090242+00:00,2026-09-25 15:10:01.091242+00:00,2026-09-25 15:10:01.092243+00:00,2026-09-25 15:10:01.093243+00:00,2026-09-25 15:10:01.094243+00:00,2026-09-25 15:10:01.095243+00:00,2026-09-25 15:10:01.096243+00:00,2026-09-25 15:10:01.097243+00:00,2026-09-25 15:10:01.098243+00:00,2026-09-25 15:10:01.099243+00:00,2026-09-25 15:10:01.100243+00:00,2026-09-25 15:10:01.101243+00:00,2026-09-25 15:10:01.102243+00:00,2026-09-25 15:10:01.103243+00:00,2026-09-25 15:10:01.104243+00:00,2026-09-25 15:10:01.105243+00:00,2026-09-25 15:10:01.106243+00:00,2026-09-25 15:10:01.107243+00:00,2026-09-25 15:10:01.108243+00:00,2026-09-25 15:10:01.109243+00:00,2026-09-25 15:10:01.110244+00:00,2026-09-25 15:10:01.111244+00:00,2026-09-25 15:10:01.112244+00:00,2026-09-25 15:10:01.113244+00:00,2026-09-25 15:10:01.114244+00:00,2026-09-25 15:10:01.115244+00:00,2026-09-25 15:10:01.116244+00:00,2026-09-25 15:10:01.117244+00:00,2026-09-25 15:10:01.118244+00:00,2026-09-25 15:10:01.119244+00:00,2026-09-25 15:10:01.120244+00:00,2026-09-25 15:10:01.121244+00:00,2026-09-25 15:10:01.122244+00:00,2026-09-25 15:10:01.123244+00:00,2026-09-25 15:10:01.124244+00:00,2026-09-25 15:10:01.125244+00:00,2026-09-25 15:10:01.126244+00:00,2026-09-25 15:10:01.127245+00:00,2026-09-25 15:10:01.128245+00:00,2026-09-25 15:10:01.129245+00:00,2026-09-25 15:10:01.130245+00:00,2026-09-25 15:10:01.131245+00:00,2026-09-25 15:10:01.132245+00:00,2026-09-25 15:10:01.133245+00:00,2026-09-25 15:10:01.145246+00:00,2026-09-25 15:10:01.135245+00:00,2026-09-25 15:10:01.136245+00:00,2026-09-25 15:10:01.137245+00:00,2026-09-25 15:10:01.138245+00:00,2026-09-25 15:10:01.139245+00:00,2026-09-25 15:10:01.140245+00:00,2026-09-25 15:10:01.141245+00:00,2026-09-25 15:10:01.142245+00:00,2026-09-25 15:10:01.143245+00:00,2026-09-25 15:10:01.144246+00:00,2026-09-25 15:10:01.134245+00:00,2026-09-25 15:10:01.146246+00:00,2026-09-25 15:10:01.147246+00:00,2026-09-25 15:10:01.148246+00:00,2026-09-25 15:10:01.149246+00:00,2026-09-25 15:10:01.150246+00:00,2026-09-25 15:10:01.151246+00:00,2026-09-25 15:10:01.152246+00:00,2026-09-25 15:10:01.152246+00:00,0.356725,2.8032798374097694,179.12594015451063,True,True,True,False,False,False,True,False,False,True,True,True,False,False,False,False
201,2026-09-25 13:40:56.549318+00:00,2026-09-25 15:10:01.509266+00:00,88.005,True,False,False,False,True,True,False,False,True,False,False,False,False,False,False,False,False,True,False,False,False,False,False,False,True,True,False,False,True,True,False,False,False,True,False,False,False,False,False,False,True,True,False,True,True,False,False,False,False,False,True,False,False,False,False,True,False,True,True,True,True,True,False,True,False,False,False,False,True,True,True,False,False,False,False,False,False,False,False,0,0,0,0,2026-09-25 15:10:01.421261+00:00,2026-09-25 15:10:01.428262+00:00,2026-09-25 15:10:01.429262+00:00,2026-09-25 15:10:01.430262+00:00,2026-09-25 15:10:01.442263+00:00,2026-09-25 15:10:01.432262+00:00,2026-09-25 15:10:01.433262+00:00,2026-09-25 15:10:01.445263+00:00,2026-09-25 15:10:01.435262+00:00,2026-09-25 15:10:01.436262+00:00,2026-09-25 15:10:01.437262+00:00,2026-09-25 15:10:01.438262+00:00,2026-09-25 15:10:01.439262+00:00,2026-09-25 15:10:01.451263+00:00,2026-09-25 15:10:01.441262+00:00,2026-09-25 15:10:01.431262+00:00,2026-09-25 15:10:01.443263+00:00,2026-09-25 15:10:01.444263+00:00,2026-09-25 15:10:01.434262+00:00,2026-09-25 15:10:01.446263+00:00,2026-09-25 15:10:01.447263+00:00,2026-09-25 15:10:01.448263+00:00,2026-09-25 15:10:01.449263+00:00,2026-09-25 15:10:01.450263+00:00,2026-09-25 15:10:01.440262+00:00,2026-09-25 15:10:01.452263+00:00,2026-09-25 15:10:01.453263+00:00,2026-09-25 15:10:01.454263+00:00,2026-09-25 15:10:01.455263+00:00,2026-09-25 15:10:01.456263+00:00,2026-09-25 15:10:01.457263+00:00,2026-09-25 15:10:01.458263+00:00,2026-09-25 15:10:01.459264+00:00,2026-09-25 15:10:01.460264+00:00,2026-09-25 15:10:01.461264+00:00,2026-09-25 15:10:01.462264+00:00,2026-09-25 15:10:01.463264+00:00,2026-09-25 15:10:01.464264+00:00,2026-09-25 15:10:01.465264+00:00,2026-09-25 15:10:01.466264+00:00,2026-09-25 15:10:01.467264+00:00,2026-09-25 15:10:01.468264+00:00,2026-09-25 15:10:01.469264+00:00,2026-09-25 15:10:01.470264+00:00,2026-09-25 15:10:01.471264+00:00,2026-09-25 15:10:01.472264+00:00,2026-09-25 15:10:01.473264+00:00,2026-09-25 15:10:01.474264+00:00,2026-09-25 15:10:01.475264+00:00,2026-09-25 15:10:01.476264+00:00,2026-09-25 15:10:01.477265+00:00,2026-09-25 15:10:01.478265+00:00,2026-09-25 15:10:01.479265+00:00,2026-09-25 15:10:01.480265+00:00,2026-09-25 15:10:01.481265+00:00,2026-09-25 15:10:01.482265+00:00,2026-09-25 15:10:01.483265+00:00,2026-09-25 15:10:01.484265+00:00,2026-09-25 15:10:01.485265+00:00,2026-09-25 15:10:01.486265+00:00,2026-09-25 15:10:01.498266+00:00,2026-09-25 15:10:01.488265+00:00,2026-09-25 15:10:01.489265+00:00,2026-09-25 15:10:01.490265+00:00,2026-09-25 15:10:01.491265+00:00,2026-09-25 15:10:01.492265+00:00,2026-09-25 15:10:01.493265+00:00,2026-09-25 15:10:01.494266+00:00,2026-09-25 15:10:01.495266+00:00,2026-09-25 15:10:01.496266+00:00,2026-09-25 15:10:01.497266+00:00,2026-09-25 15:10:01.487265+00:00,2026-09-25 15:10:01.499266+00:00,2026-09-25 15:10:01.500266+00:00,2026-09-25 15:10:01.501266+00:00,2026-09-25 15:10:01.502266+00:00,2026-09-25 15:10:01.503266+00:00,2026-09-25 15:10:01.504266+00:00,2026-09-25 15:10:01.505266+00:00,2026-09-25 15:10:01.506266+00:00,2026-09-25 15:10:01.507266+00:00,2026-09-25 15:10:01.508266+00:00,2026-09-25 15:10:01.509266+00:00,2026-09-25 15:10:01.509266+00:00,0.341268,2.930248367851659,179.13727402635803,True,True,True,False,False,False,True,False,False,True,True,True,False,False,False,False
202,2026-09-25 13:40:56.898459+00:00,2026-09-25 15:10:01.852286+00:00,90.005,True,False,False,False,True,True,False,False,True,False,False,False,False,False,False,False,False,True,False,False,False,False,False,False,True,True,False,False,True,True,False,False,False,True,False,False,False,False,False,False,False,True,False,True,True,False,False,False,False,False,True,False,False,False,False,True,False,True,True,True,True,True,False,True,False,False,False,False,True,True,True,False,False,False,False,False,False,False,False,0,0,0,0,2026-09-25 15:10:01.762281+00:00,2026-09-25 15:10:01.768281+00:00,2026-09-25 15:10:01.769281+00:00,2026-09-25 15:10:01.770281+00:00,2026-09-25 15:10:01.771281+00:00,2026-09-25 15:10:01.783282+00:00,2026-09-25 15:10:01.773281+00:00,2026-09-25 15:10:01.774282+00:00,2026-09-25 15:10:01.775282+00:00,2026-09-25 15:10:01.776282+00:00,2026-09-25 15:10:01.777282+00:00,2026-09-25 15:10:01.778282+00:00,2026-09-25 15:10:01.779282+00:00,2026-09-25 15:10:01.780282+00:00,2026-09-25 15:10:01.781282+00:00,2026-09-25 15:10:01.782282+00:00,2026-09-25 15:10:01.772281+00:00,2026-09-25 15:10:01.784282+00:00,2026-09-25 15:10:01.785282+00:00,2026-09-25 15:10:01.786282+00:00,2026-09-25 15:10:01.787282+00:00,2026-09-25 15:10:01.788282+00:00,2026-09-25 15:10:01.789282+00:00,2026-09-25 15:10:01.790282+00:00,2026-09-25 15:10:01.791283+00:00,2026-09-25 15:10:01.792283+00:00,2026-09-25 15:10:01.793283+00:00,2026-09-25 15:10:01.794283+00:00,2026-09-25 15:10:01.795283+00:00,2026-09-25 15:10:01.796283+00:00,2026-09-25 15:10:01.797283+00:00,2026-09-25 15:10:01.798283+00:00,2026-09-25 15:10:01.811284+00:00,2026-09-25 15:10:01.801283+00:00,2026-09-25 15:10:01.802283+00:00,2026-09-25 15:10:01.803283+00:00,2026-09-25 15:10:01.804283+00:00,2026-09-25 15:10:01.805283+00:00,2026-09-25 15:10:01.806283+00:00,2026-09-25 15:10:01.807283+00:00,2026-09-25 15:10:01.808283+00:00,2026-09-25 15:10:01.809284+00:00,2026-09-25 15:10:01.810284+00:00,2026-09-25 15:10:01.800283+00:00,2026-09-25 15:10:01.812284+00:00,2026-09-25 15:10:01.813284+00:00,2026-09-25 15:10:01.814284+00:00,2026-09-25 15:10:01.815284+00:00,2026-09-25 15:10:01.816284+00:00,2026-09-25 15:10:01.817284+00:00,2026-09-25 15:10:01.818284+00:00,2026-09-25 15:10:01.819284+00:00,2026-09-25 15:10:01.820284+00:00,2026-09-25 15:10:01.821284+00:00,2026-09-25 15:10:01.822284+00:00,2026-09-25 15:10:01.823284+00:00,2026-09-25 15:10:01.824284+00:00,2026-09-25 15:10:01.825284+00:00,2026-09-25 15:10:01.826285+00:00,2026-09-25 15:10:01.827285+00:00,2026-09-25 15:10:01.828285+00:00,2026-09-25 15:10:01.829285+00:00,2026-09-25 15:10:01.841285+00:00,2026-09-25 15:10:01.831285+00:00,2026-09-25 15:10:01.832285+00:00,2026-09-25 15:10:01.833285+00:00,2026-09-25 15:10:01.834285+00:00,2026-09-25 15:10:01.835285+00:00,2026-09-25 15:10:01.836285+00:00,2026-09-25 15:10:01.837285+00:00,2026-09-25 15:10:01.838285+00:00,2026-09-25 15:10:01.839285+00:00,2026-09-25 15:10:01.840285+00:00,2026-09-25 15:10:01.830285+00:00,2026-09-25 15:10:01.842285+00:00,2026-09-25 15:10:01.843285+00:00,2026-09-25 15:10:01.844286+00:00,2026-09-25 15:10:01.845286+00:00,2026-09-25 15:10:01.848286+00:00,2026-09-25 15:10:01.849286+00:00,2026-09-25 15:10:01.850286+00:00,2026-09-25 15:10:01.851286+00:00,2026-09-25 15:10:01.852286+00:00,2026-09-25 15:10:01.852286+00:00,0.349141,2.864172354435601,179.1497381551135,True,True,True,False,False,False,True,False,False,True,True,True,False,False,False,False
203,2026-09-25 13:40:57.249108+00:00,2026-09-25 15:10:02.208306+00:00,86.005,True,False,False,False,True,True,False,False,True,False,False,False,False,False,False,False,False,True,False,False,False,False,False,False,True,True,False,False,True,True,False,False,False,True,False,False,False,False,False,True,False,True,False,True,True,False,False,False,False,False,True,False,False,False,False,True,False,True,True,True,True,True,False,True,False,False,False,False,True,True,True,False,False,False,False,False,False,False,False,0,0,0,0,2026-09-25 15:10:02.122301+00:00,2026-09-25 15:10:02.126302+00:00,2026-09-25 15:10:02.137302+00:00,2026-09-25 15:10:02.128302+00:00,2026-09-25 15:10:02.129302+00:00,2026-09-25 15:10:02.130302+00:00,2026-09-25 15:10:02.131302+00:00,2026-09-25 15:10:02.132302+00:00,2026-09-25 15:10:02.133302+00:00,2026-09-25 15:10:02.134302+00:00,2026-09-25 15:10:02.135302+00:00,2026-09-25 15:10:02.136302+00:00,2026-09-25 15:10:02.127302+00:00,2026-09-25 15:10:02.138302+00:00,2026-09-25 15:10:02.139302+00:00,2026-09-25 15:10:02.140302+00:00,2026-09-25 15:10:02.141303+00:00,2026-09-25 15:10:02.142303+00:00,2026-09-25 15:10:02.143303+00:00,2026-09-25 15:10:02.144303+00:00,2026-09-25 15:10:02.145303+00:00,2026-09-25 15:10:02.146303+00:00,2026-09-25 15:10:02.147303+00:00,2026-09-25 15:10:02.148303+00:00,2026-09-25 15:10:02.149303+00:00,2026-09-25 15:10:02.161304+00:00,2026-09-25 15:10:02.151303+00:00,2026-09-25 15:10:02.152303+00:00,2026-09-25 15:10:02.153303+00:00,2026-09-25 15:10:02.154303+00:00,2026-09-25 15:10:02.155303+00:00,2026-09-25 15:10:02.156303+00:00,2026-09-25 15:10:02.157303+00:00,2026-09-25 15:10:02.158304+00:00,2026-09-25 15:10:02.159304+00:00,2026-09-25 15:10:02.160304+00:00,2026-09-25 15:10:02.150303+00:00,2026-09-25 15:10:02.162304+00:00,2026-09-25 15:10:02.163304+00:00,2026-09-25 15:10:02.164304+00:00,2026-09-25 15:10:02.165304+00:00,2026-09-25 15:10:02.166304+00:00,2026-09-25 15:10:02.167304+00:00,2026-09-25 15:10:02.168304+00:00,2026-09-25 15:10:02.169304+00:00,2026-09-25 15:10:02.170304+00:00,2026-09-25 15:10:02.172304+00:00,2026-09-25 15:10:02.173304+00:00,2026-09-25 15:10:02.174304+00:00,2026-09-25 15:10:02.175304+00:00,2026-09-25 15:10:02.176305+00:00,2026-09-25 15:10:02.177305+00:00,2026-09-25 15:10:02.178305+00:00,2026-09-25 15:10:02.179305+00:00,2026-09-25 15:10:02.180305+00:00,2026-09-25 15:10:02.181305+00:00,2026-09-25 15:10:02.182305+00:00,2026-09-25 15:10:02.183305+00:00,2026-09-25 15:10:02.184305+00:00,2026-09-25 15:10:02.185305+00:00,2026-09-25 15:10:02.186305+00:00,2026-09-25 15:10:02.187305+00:00,2026-09-25 15:10:02.188305+00:00,2026-09-25 15:10:02.189305+00:00,2026-09-25 15:10:02.190305+00:00,2026-09-25 15:10:02.191305+00:00,2026-09-25 15:10:02.192305+00:00,2026-09-25 15:10:02.193306+00:00,2026-09-25 15:10:02.205306+00:00,2026-09-25 15:10:02.195306+00:00,2026-09-25 15:10:02.196306+00:00,2026-09-25 15:10:02.197306+00:00,2026-09-25 15:10:02.198306+00:00,2026-09-25 15:10:02.199306+00:00,2026-09-25 15:10:02.200306+00:00,2026-09-25 15:10:02.201306+00:00,2026-09-25 15:10:02.202306+00:00,2026-09-25 15:10:02.203306+00:00,2026-09-25 15:10:02.204306+00:00,2026-09-25 15:10:02.194306+00:00,2026-09-25 15:10:02.206306+00:00,2026-09-25 15:10:02.207306+00:00,2026-09-25 15:10:02.208306+00:00,2026-09-25 15:10:02.208306+00:00,0.350649,2.8518547037065556,179.16418798099374,True,True,True,False,False,False,True,False,False,True,True,True,False,False,False,False
204,2026-09-25 13:40:57.621473+00:00,2026-09-25 15:10:02.571327+00:00,108.006,True,False,False,False,True,True,False,False,True,False,False,False,False,False,False,False,False,True,False,False,False,False,False,False,True,True,False,False,True,True,False,False,False,True,False,False,False,False,False,True,True,True,False,True,True,False,False,False,False,False,True,False,False,False,False,True,False,True,True,True,True,True,False,True,False,False,False,False,True,True,True,False,False,False,False,False,False,False,False,0,0,0,0,2026-09-25 15:10:02.463321+00:00,2026-09-25 15:10:02.490322+00:00,2026-09-25 15:10:02.491323+00:00,2026-09-25 15:10:02.492323+00:00,2026-09-25 15:10:02.493323+00:00,2026-09-25 15:10:02.494323+00:00,2026-09-25 15:10:02.495323+00:00,2026-09-25 15:10:02.496323+00:00,2026-09-25 15:10:02.497323+00:00,2026-09-25 15:10:02.498323+00:00,2026-09-25 15:10:02.499323+00:00,2026-09-25 15:10:02.500323+00:00,2026-09-25 15:10:02.501323+00:00,2026-09-25 15:10:02.513324+00:00,2026-09-25 15:10:02.503323+00:00,2026-09-25 15:10:02.504323+00:00,2026-09-25 15:10:02.505323+00:00,2026-09-25 15:10:02.506323+00:00,2026-09-25 15:10:02.507323+00:00,2026-09-25 15:10:02.508324+00:00,2026-09-25 15:10:02.509324+00:00,2026-09-25 15:10:02.510324+00:00,2026-09-25 15:10:02.511324+00:00,2026-09-25 15:10:02.512324+00:00,2026-09-25 15:10:02.502323+00:00,2026-09-25 15:10:02.514324+00:00,2026-09-25 15:10:02.515324+00:00,2026-09-25 15:10:02.516324+00:00,2026-09-25 15:10:02.517324+00:00,2026-09-25 15:10:02.518324+00:00,2026-09-25 15:10:02.519324+00:00,2026-09-25 15:10:02.520324+00:00,2026-09-25 15:10:02.521324+00:00,2026-09-25 15:10:02.522324+00:00,2026-09-25 15:10:02.523324+00:00,2026-09-25 15:10:02.524324+00:00,2026-09-25 15:10:02.525324+00:00,2026-09-25 15:10:02.526325+00:00,2026-09-25 15:10:02.527325+00:00,2026-09-25 15:10:02.528325+00:00,2026-09-25 15:10:02.529325+00:00,2026-09-25 15:10:02.530325+00:00,2026-09-25 15:10:02.531325+00:00,2026-09-25 15:10:02.532325+00:00,2026-09-25 15:10:02.533325+00:00,2026-09-25 15:10:02.534325+00:00,2026-09-25 15:10:02.535325+00:00,2026-09-25 15:10:02.536325+00:00,2026-09-25 15:10:02.537325+00:00,2026-09-25 15:10:02.538325+00:00,2026-09-25 15:10:02.539325+00:00,2026-09-25 15:10:02.540325+00:00,2026-09-25 15:10:02.541325+00:00,2026-09-25 15:10:02.542325+00:00,2026-09-25 15:10:02.543326+00:00,2026-09-25 15:10:02.544326+00:00,2026-09-25 15:10:02.545326+00:00,2026-09-25 15:10:02.546326+00:00,2026-09-25 15:10:02.547326+00:00,2026-09-25 15:10:02.548326+00:00,2026-09-25 15:10:02.549326+00:00,2026-09-25 15:10:02.550326+00:00,2026-09-25 15:10:02.551326+00:00,2026-09-25 15:10:02.552326+00:00,2026-09-25 15:10:02.553326+00:00,2026-09-25 15:10:02.554326+00:00,2026-09-25 15:10:02.555326+00:00,2026-09-25 15:10:02.556326+00:00,2026-09-25 15:10:02.557326+00:00,2026-09-25 15:10:02.558326+00:00,2026-09-25 15:10:02.559326+00:00,2026-09-25 15:10:02.560326+00:00,2026-09-25 15:10:02.561327+00:00,2026-09-25 15:10:02.562327+00:00,2026-09-25 15:10:02.563327+00:00,2026-09-25 15:10:02.564327+00:00,2026-09-25 15:10:02.565327+00:00,2026-09-25 15:10:02.566327+00:00,2026-09-25 15:10:02.567327+00:00,2026-09-25 15:10:02.568327+00:00,2026-09-25 15:10:02.569327+00:00,2026-09-25 15:10:02.570327+00:00,2026-09-25 15:10:02.571327+00:00,2026-09-25 15:10:02.571327+00:00,0.372365,2.6855370402696277,179.18038025056603,True,True,True,False,False,False,True,False,False,True,True,True,False,False,False,False
205,2026-09-25 13:40:57.969206+00:00,2026-09-25 15:10:02.928348+00:00,92.006,True,False,False,False,True,True,False,False,True,False,False,False,False,False,False,False,False,True,False,False,False,False,False,False,True,True,False,False,True,True,False,False,False,True,False,False,False,False,False,True,False,True,False,True,True,False,False,False,False,False,True,False,False,False,False,True,False,True,False,False,True,True,False,True,False,False,False,False,True,True,True,False,False,False,False,False,False,False,False,0,0,0,0,2026-09-25 15:10:02.836342+00:00,2026-09-25 15:10:02.845343+00:00,2026-09-25 15:10:02.846343+00:00,2026-09-25 15:10:02.847343+00:00,2026-09-25 15:10:02.859344+00:00,2026-09-25 15:10:02.849343+00:00,2026-09-25 15:10:02.850343+00:00,2026-09-25 15:10:02.851343+00:00,2026-09-25 15:10:02.852343+00:00,2026-09-25 15:10:02.865344+00:00,2026-09-25 15:10:02.854343+00:00,2026-09-25 15:10:02.855343+00:00,2026-09-25 15:10:02.856343+00:00,2026-09-25 15:10:02.857343+00:00,2026-09-25 15:10:02.858344+00:00,2026-09-25 15:10:02.848343+00:00,2026-09-25 15:10:02.861344+00:00,2026-09-25 15:10:02.873344+00:00,2026-09-25 15:10:02.863344+00:00,2026-09-25 15:10:02.886345+00:00,2026-09-25 15:10:02.853343+00:00,2026-09-25 15:10:02.866344+00:00,2026-09-25 15:10:02.867344+00:00,2026-09-25 15:10:02.868344+00:00,2026-09-25 15:10:02.869344+00:00,2026-09-25 15:10:02.870344+00:00,2026-09-25 15:10:02.871344+00:00,2026-09-25 15:10:02.872344+00:00,2026-09-25 15:10:02.862344+00:00,2026-09-25 15:10:02.874344+00:00,2026-09-25 15:10:02.864344+00:00,2026-09-25 15:10:02.876345+00:00,2026-09-25 15:10:02.877345+00:00,2026-09-25 15:10:02.878345+00:00,2026-09-25 15:10:02.879345+00:00,2026-09-25 15:10:02.880345+00:00,2026-09-25 15:10:02.881345+00:00,2026-09-25 15:10:02.882345+00:00,2026-09-25 15:10:02.883345+00:00,2026-09-25 15:10:02.884345+00:00,2026-09-25 15:10:02.885345+00:00,2026-09-25 15:10:02.875345+00:00,2026-09-25 15:10:02.887345+00:00,2026-09-25 15:10:02.888345+00:00,2026-09-25 15:10:02.889345+00:00,2026-09-25 15:10:02.890345+00:00,2026-09-25 15:10:02.891345+00:00,2026-09-25 15:10:02.892345+00:00,2026-09-25 15:10:02.893346+00:00,2026-09-25 15:10:02.905346+00:00,2026-09-25 15:10:02.895346+00:00,2026-09-25 15:10:02.896346+00:00,2026-09-25 15:10:02.897346+00:00,2026-09-25 15:10:02.898346+00:00,2026-09-25 15:10:02.899346+00:00,2026-09-25 15:10:02.900346+00:00,2026-09-25 15:10:02.901346+00:00,2026-09-25 15:10:02.902346+00:00,2026-09-25 15:10:02.903346+00:00,2026-09-25 15:10:02.904346+00:00,2026-09-25 15:10:02.894346+00:00,2026-09-25 15:10:02.906346+00:00,2026-09-25 15:10:02.907346+00:00,2026-09-25 15:10:02.908346+00:00,2026-09-25 15:10:02.920347+00:00,2026-09-25 15:10:02.910347+00:00,2026-09-25 15:10:02.911347+00:00,2026-09-25 15:10:02.912347+00:00,2026-09-25 15:10:02.913347+00:00,2026-09-25 15:10:02.914347+00:00,2026-09-25 15:10:02.915347+00:00,2026-09-25 15:10:02.916347+00:00,2026-09-25 15:10:02.917347+00:00,2026-09-25 15:10:02.918347+00:00,2026-09-25 15:10:02.919347+00:00,2026-09-25 15:10:02.921347+00:00,2026-09-25 15:10:02.922347+00:00,2026-09-25 15:10:02.923347+00:00,2026-09-25 15:10:02.924347+00:00,2026-09-25 15:10:02.925347+00:00,2026-09-25 15:10:02.926347+00:00,2026-09-25 15:10:02.927347+00:00,2026-09-25 15:10:02.928348+00:00,2026-09-25 15:10:02.928348+00:00,0.347733,2.8757696278466525,179.1976091231708,True,True,True,False,False,False,True,False,False,True,True,True,False,False,False,False
206,2026-09-25 13:40:58.369404+00:00,2026-09-25 15:10:03.270367+00:00,87.005,True,False,False,False,True,True,False,False,True,False,False,False,False,False,False,False,False,True,False,False,False,False,False,False,True,True,False,False,True,True,False,False,False,True,False,False,False,False,False,False,False,True,False,True,True,False,False,False,False,False,True,False,False,False,False,True,False,True,True,False,True,True,False,True,False,False,False,False,True,True,True,False,False,False,False,False,False,False,False,0,0,0,0,2026-09-25 15:10:03.183362+00:00,2026-09-25 15:10:03.188362+00:00,2026-09-25 15:10:03.189362+00:00,2026-09-25 15:10:03.190363+00:00,2026-09-25 15:10:03.191363+00:00,2026-09-25 15:10:03.192363+00:00,2026-09-25 15:10:03.193363+00:00,2026-09-25 15:10:03.194363+00:00,2026-09-25 15:10:03.195363+00:00,2026-09-25 15:10:03.196363+00:00,2026-09-25 15:10:03.197363+00:00,2026-09-25 15:10:03.198363+00:00,2026-09-25 15:10:03.199363+00:00,2026-09-25 15:10:03.200363+00:00,2026-09-25 15:10:03.201363+00:00,2026-09-25 15:10:03.202363+00:00,2026-09-25 15:10:03.203363+00:00,2026-09-25 15:10:03.215364+00:00,2026-09-25 15:10:03.205363+00:00,2026-09-25 15:10:03.206363+00:00,2026-09-25 15:10:03.207364+00:00,2026-09-25 15:10:03.230365+00:00,2026-09-25 15:10:03.209364+00:00,2026-09-25 15:10:03.221364+00:00,2026-09-25 15:10:03.211364+00:00,2026-09-25 15:10:03.212364+00:00,2026-09-25 15:10:03.213364+00:00,2026-09-25 15:10:03.214364+00:00,2026-09-25 15:10:03.204363+00:00,2026-09-25 15:10:03.216364+00:00,2026-09-25 15:10:03.217364+00:00,2026-09-25 15:10:03.218364+00:00,2026-09-25 15:10:03.208364+00:00,2026-09-25 15:10:03.220364+00:00,2026-09-25 15:10:03.210364+00:00,2026-09-25 15:10:03.222364+00:00,2026-09-25 15:10:03.223364+00:00,2026-09-25 15:10:03.224364+00:00,2026-09-25 15:10:03.225365+00:00,2026-09-25 15:10:03.226365+00:00,2026-09-25 15:10:03.227365+00:00,2026-09-25 15:10:03.228365+00:00,2026-09-25 15:10:03.229365+00:00,2026-09-25 15:10:03.219364+00:00,2026-09-25 15:10:03.231365+00:00,2026-09-25 15:10:03.232365+00:00,2026-09-25 15:10:03.233365+00:00,2026-09-25 15:10:03.245366+00:00,2026-09-25 15:10:03.235365+00:00,2026-09-25 15:10:03.236365+00:00,2026-09-25 15:10:03.237365+00:00,2026-09-25 15:10:03.238365+00:00,2026-09-25 15:10:03.239365+00:00,2026-09-25 15:10:03.240365+00:00,2026-09-25 15:10:03.241365+00:00,2026-09-25 15:10:03.242366+00:00,2026-09-25 15:10:03.243366+00:00,2026-09-25 15:10:03.244366+00:00,2026-09-25 15:10:03.234365+00:00,2026-09-25 15:10:03.246366+00:00,2026-09-25 15:10:03.247366+00:00,2026-09-25 15:10:03.248366+00:00,2026-09-25 15:10:03.249366+00:00,2026-09-25 15:10:03.250366+00:00,2026-09-25 15:10:03.251366+00:00,2026-09-25 15:10:03.252366+00:00,2026-09-25 15:10:03.253366+00:00,2026-09-25 15:10:03.254366+00:00,2026-09-25 15:10:03.255366+00:00,2026-09-25 15:10:03.268367+00:00,2026-09-25 15:10:03.269367+00:00,2026-09-25 15:10:03.258366+00:00,2026-09-25 15:10:03.259366+00:00,2026-09-25 15:10:03.260367+00:00,2026-09-25 15:10:03.261367+00:00,2026-09-25 15:10:03.262367+00:00,2026-09-25 15:10:03.263367+00:00,2026-09-25 15:10:03.264367+00:00,2026-09-25 15:10:03.266367+00:00,2026-09-25 15:10:03.267367+00:00,2026-09-25 15:10:03.256366+00:00,2026-09-25 15:10:03.257366+00:00,2026-09-25 15:10:03.270367+00:00,2026-09-25 15:10:03.270367+00:00,0.400198,2.4987631122594314,179.21520324442037,True,True,True,False,False,False,True,False,False,True,True,True,False,False,False,False
207,2026-09-25 13:40:58.760227+00:00,2026-09-25 15:10:03.697392+00:00,109.007,True,False,False,False,True,True,False,False,True,False,False,False,False,False,False,False,False,True,False,False,False,False,False,False,True,True,False,False,True,True,False,False,False,True,False,False,False,False,False,True,False,True,False,True,True,False,False,False,False,False,True,False,False,False,False,True,False,True,False,False,True,True,False,True,False,False,False,False,True,True,True,False,False,False,False,False,False,False,False,0,0,0,0,2026-09-25 15:10:03.588385+00:00,2026-09-25 15:10:03.613387+00:00,2026-09-25 15:10:03.614387+00:00,2026-09-25 15:10:03.615387+00:00,2026-09-25 15:10:03.616387+00:00,2026-09-25 15:10:03.617387+00:00,2026-09-25 15:10:03.618387+00:00,2026-09-25 15:10:03.619387+00:00,2026-09-25 15:10:03.620387+00:00,2026-09-25 15:10:03.621387+00:00,2026-09-25 15:10:03.622387+00:00,2026-09-25 15:10:03.623387+00:00,2026-09-25 15:10:03.624387+00:00,2026-09-25 15:10:03.625387+00:00,2026-09-25 15:10:03.626387+00:00,2026-09-25 15:10:03.627388+00:00,2026-09-25 15:10:03.628388+00:00,2026-09-25 15:10:03.629388+00:00,2026-09-25 15:10:03.630388+00:00,2026-09-25 15:10:03.631388+00:00,2026-09-25 15:10:03.632388+00:00,2026-09-25 15:10:03.633388+00:00,2026-09-25 15:10:03.634388+00:00,2026-09-25 15:10:03.646389+00:00,2026-09-25 15:10:03.636388+00:00,2026-09-25 15:10:03.637388+00:00,2026-09-25 15:10:03.638388+00:00,2026-09-25 15:10:03.639388+00:00,2026-09-25 15:10:03.640388+00:00,2026-09-25 15:10:03.641388+00:00,2026-09-25 15:10:03.642388+00:00,2026-09-25 15:10:03.643388+00:00,2026-09-25 15:10:03.644389+00:00,2026-09-25 15:10:03.645389+00:00,2026-09-25 15:10:03.635388+00:00,2026-09-25 15:10:03.647389+00:00,2026-09-25 15:10:03.648389+00:00,2026-09-25 15:10:03.649389+00:00,2026-09-25 15:10:03.650389+00:00,2026-09-25 15:10:03.651389+00:00,2026-09-25 15:10:03.652389+00:00,2026-09-25 15:10:03.653389+00:00,2026-09-25 15:10:03.654389+00:00,2026-09-25 15:10:03.656389+00:00,2026-09-25 15:10:03.657389+00:00,2026-09-25 15:10:03.658389+00:00,2026-09-25 15:10:03.659389+00:00,2026-09-25 15:10:03.660389+00:00,2026-09-25 15:10:03.661389+00:00,2026-09-25 15:10:03.662390+00:00,2026-09-25 15:10:03.663390+00:00,2026-09-25 15:10:03.664390+00:00,2026-09-25 15:10:03.665390+00:00,2026-09-25 15:10:03.666390+00:00,2026-09-25 15:10:03.667390+00:00,2026-09-25 15:10:03.668390+00:00,2026-09-25 15:10:03.669390+00:00,2026-09-25 15:10:03.671390+00:00,2026-09-25 15:10:03.672390+00:00,2026-09-25 15:10:03.673390+00:00,2026-09-25 15:10:03.674390+00:00,2026-09-25 15:10:03.675390+00:00,2026-09-25 15:10:03.676390+00:00,2026-09-25 15:10:03.677390+00:00,2026-09-25 15:10:03.678390+00:00,2026-09-25 15:10:03.679391+00:00,2026-09-25 15:10:03.680391+00:00,2026-09-25 15:10:03.693391+00:00,2026-09-25 15:10:03.683391+00:00,2026-09-25 15:10:03.684391+00:00,2026-09-25 15:10:03.685391+00:00,2026-09-25 15:10:03.686391+00:00,2026-09-25 15:10:03.687391+00:00,2026-09-25 15:10:03.688391+00:00,2026-09-25 15:10:03.689391+00:00,2026-09-25 15:10:03.690391+00:00,2026-09-25 15:10:03.691391+00:00,2026-09-25 15:10:03.692391+00:00,2026-09-25 15:10:03.682391+00:00,2026-09-25 15:10:03.694391+00:00,2026-09-25 15:10:03.695391+00:00,2026-09-25 15:10:03.696391+00:00,2026-09-25 15:10:03.697392+00:00,2026-09-25 15:10:03.697392+00:00,0.390823,2.558703044600753,179.23848265259628,True,True,True,False,False,False,True,False,False,True,True,True,False,False,False,False
208,2026-09-25 13:40:59.123519+00:00,2026-09-25 15:10:04.070413+00:00,94.006,True,False,False,False,True,True,False,False,True,False,False,False,False,False,False,False,False,True,False,False,False,False,False,False,True,True,False,False,True,True,False,False,False,True,False,False,False,False,False,False,True,True,False,True,True,False,False,False,False,False,True,False,False,False,False,True,False,True,False,False,True,True,False,True,False,False,False,False,True,True,True,False,False,False,False,False,False,False,False,0,0,0,0,2026-09-25 15:10:03.976407+00:00,2026-09-25 15:10:03.988408+00:00,2026-09-25 15:10:03.989408+00:00,2026-09-25 15:10:03.990408+00:00,2026-09-25 15:10:03.991408+00:00,2026-09-25 15:10:03.992408+00:00,2026-09-25 15:10:04.004409+00:00,2026-09-25 15:10:03.994409+00:00,2026-09-25 15:10:03.995409+00:00,2026-09-25 15:10:03.996409+00:00,2026-09-25 15:10:03.997409+00:00,2026-09-25 15:10:03.998409+00:00,2026-09-25 15:10:03.999409+00:00,2026-09-25 15:10:04.000409+00:00,2026-09-25 15:10:04.001409+00:00,2026-09-25 15:10:04.002409+00:00,2026-09-25 15:10:04.003409+00:00,2026-09-25 15:10:03.993408+00:00,2026-09-25 15:10:04.005409+00:00,2026-09-25 15:10:04.006409+00:00,2026-09-25 15:10:04.007409+00:00,2026-09-25 15:10:04.008409+00:00,2026-09-25 15:10:04.009409+00:00,2026-09-25 15:10:04.010409+00:00,2026-09-25 15:10:04.011409+00:00,2026-09-25 15:10:04.012410+00:00,2026-09-25 15:10:04.013410+00:00,2026-09-25 15:10:04.025410+00:00,2026-09-25 15:10:04.015410+00:00,2026-09-25 15:10:04.016410+00:00,2026-09-25 15:10:04.017410+00:00,2026-09-25 15:10:04.018410+00:00,2026-09-25 15:10:04.019410+00:00,2026-09-25 15:10:04.020410+00:00,2026-09-25 15:10:04.021410+00:00,2026-09-25 15:10:04.022410+00:00,2026-09-25 15:10:04.023410+00:00,2026-09-25 15:10:04.024410+00:00,2026-09-25 15:10:04.014410+00:00,2026-09-25 15:10:04.026410+00:00,2026-09-25 15:10:04.027410+00:00,2026-09-25 15:10:04.028410+00:00,2026-09-25 15:10:04.029411+00:00,2026-09-25 15:10:04.030411+00:00,2026-09-25 15:10:04.031411+00:00,2026-09-25 15:10:04.044411+00:00,2026-09-25 15:10:04.034411+00:00,2026-09-25 15:10:04.035411+00:00,2026-09-25 15:10:04.036411+00:00,2026-09-25 15:10:04.037411+00:00,2026-09-25 15:10:04.038411+00:00,2026-09-25 15:10:04.039411+00:00,2026-09-25 15:10:04.040411+00:00,2026-09-25 15:10:04.041411+00:00,2026-09-25 15:10:04.042411+00:00,2026-09-25 15:10:04.043411+00:00,2026-09-25 15:10:04.033411+00:00,2026-09-25 15:10:04.056412+00:00,2026-09-25 15:10:04.046411+00:00,2026-09-25 15:10:04.047412+00:00,2026-09-25 15:10:04.059412+00:00,2026-09-25 15:10:04.049412+00:00,2026-09-25 15:10:04.050412+00:00,2026-09-25 15:10:04.051412+00:00,2026-09-25 15:10:04.052412+00:00,2026-09-25 15:10:04.053412+00:00,2026-09-25 15:10:04.054412+00:00,2026-09-25 15:10:04.055412+00:00,2026-09-25 15:10:04.045411+00:00,2026-09-25 15:10:04.057412+00:00,2026-09-25 15:10:04.058412+00:00,2026-09-25 15:10:04.048412+00:00,2026-09-25 15:10:04.060412+00:00,2026-09-25 15:10:04.061412+00:00,2026-09-25 15:10:04.062412+00:00,2026-09-25 15:10:04.063412+00:00,2026-09-25 15:10:04.064413+00:00,2026-09-25 15:10:04.065413+00:00,2026-09-25 15:10:04.066413+00:00,2026-09-25 15:10:04.067413+00:00,2026-09-25 15:10:04.068413+00:00,2026-09-25 15:10:04.069413+00:00,2026-09-25 15:10:04.070413+00:00,2026-09-25 15:10:04.070413+00:00,0.363292,2.7526067185624785,179.25983877873043,True,True,True,False,False,False,True,False,False,True,True,True,False,False,False,False
209,2026-09-25 13:40:59.494822+00:00,2026-09-25 15:10:04.452435+00:00,111.007,True,False,False,False,True,True,False,False,True,False,False,False,False,False,False,False,False,True,False,False,False,False,False,False,True,True,False,False,True,True,False,False,False,True,False,False,False,False,False,False,False,True,False,True,True,False,False,False,False,False,True,False,False,False,False,True,False,True,False,False,True,True,False,True,False,False,False,False,True,True,True,False,False,False,False,False,False,False,False,0,0,0,0,2026-09-25 15:10:04.341428+00:00,2026-09-25 15:10:04.365430+00:00,2026-09-25 15:10:04.366430+00:00,2026-09-25 15:10:04.367430+00:00,2026-09-25 15:10:04.368430+00:00,2026-09-25 15:10:04.369430+00:00,2026-09-25 15:10:04.370430+00:00,2026-09-25 15:10:04.371430+00:00,2026-09-25 15:10:04.372430+00:00,2026-09-25 15:10:04.373430+00:00,2026-09-25 15:10:04.375430+00:00,2026-09-25 15:10:04.377430+00:00,2026-09-25 15:10:04.378430+00:00,2026-09-25 15:10:04.379431+00:00,2026-09-25 15:10:04.380431+00:00,2026-09-25 15:10:04.381431+00:00,2026-09-25 15:10:04.393431+00:00,2026-09-25 15:10:04.383431+00:00,2026-09-25 15:10:04.384431+00:00,2026-09-25 15:10:04.385431+00:00,2026-09-25 15:10:04.386431+00:00,2026-09-25 15:10:04.387431+00:00,2026-09-25 15:10:04.388431+00:00,2026-09-25 15:10:04.389431+00:00,2026-09-25 15:10:04.390431+00:00,2026-09-25 15:10:04.391431+00:00,2026-09-25 15:10:04.392431+00:00,2026-09-25 15:10:04.382431+00:00,2026-09-25 15:10:04.406432+00:00,2026-09-25 15:10:04.395431+00:00,2026-09-25 15:10:04.396432+00:00,2026-09-25 15:10:04.397432+00:00,2026-09-25 15:10:04.398432+00:00,2026-09-25 15:10:04.399432+00:00,2026-09-25 15:10:04.400432+00:00,2026-09-25 15:10:04.401432+00:00,2026-09-25 15:10:04.402432+00:00,2026-09-25 15:10:04.403432+00:00,2026-09-25 15:10:04.405432+00:00,2026-09-25 15:10:04.394431+00:00,2026-09-25 15:10:04.407432+00:00,2026-09-25 15:10:04.408432+00:00,2026-09-25 15:10:04.409432+00:00,2026-09-25 15:10:04.410432+00:00,2026-09-25 15:10:04.411432+00:00,2026-09-25 15:10:04.412432+00:00,2026-09-25 15:10:04.413432+00:00,2026-09-25 15:10:04.414433+00:00,2026-09-25 15:10:04.415433+00:00,2026-09-25 15:10:04.416433+00:00,2026-09-25 15:10:04.417433+00:00,2026-09-25 15:10:04.418433+00:00,2026-09-25 15:10:04.420433+00:00,2026-09-25 15:10:04.422433+00:00,2026-09-25 15:10:04.423433+00:00,2026-09-25 15:10:04.424433+00:00,2026-09-25 15:10:04.425433+00:00,2026-09-25 15:10:04.438434+00:00,2026-09-25 15:10:04.427433+00:00,2026-09-25 15:10:04.428433+00:00,2026-09-25 15:10:04.429433+00:00,2026-09-25 15:10:04.430433+00:00,2026-09-25 15:10:04.431434+00:00,2026-09-25 15:10:04.432434+00:00,2026-09-25 15:10:04.433434+00:00,2026-09-25 15:10:04.434434+00:00,2026-09-25 15:10:04.447434+00:00,2026-09-25 15:10:04.437434+00:00,2026-09-25 15:10:04.426433+00:00,2026-09-25 15:10:04.439434+00:00,2026-09-25 15:10:04.440434+00:00,2026-09-25 15:10:04.441434+00:00,2026-09-25 15:10:04.442434+00:00,2026-09-25 15:10:04.443434+00:00,2026-09-25 15:10:04.444434+00:00,2026-09-25 15:10:04.445434+00:00,2026-09-25 15:10:04.446434+00:00,2026-09-25 15:10:04.436434+00:00,2026-09-25 15:10:04.448434+00:00,2026-09-25 15:10:04.449435+00:00,2026-09-25 15:10:04.450435+00:00,2026-09-25 15:10:04.451435+00:00,2026-09-25 15:10:04.452435+00:00,2026-09-25 15:10:04.452435+00:00,0.371303,2.693218207232368,179.28252284630318,True,True,True,False,False,False,True,False,False,True,True,True,False,False,False,False
210,2026-09-25 13:40:59.858127+00:00,2026-09-25 15:10:04.816456+00:00,96.006,True,False,False,False,True,True,False,False,True,False,False,False,False,False,False,False,False,False,True,False,False,True,False,False,True,True,False,False,True,True,False,False,False,True,False,False,False,False,False,True,False,True,False,True,True,False,False,False,False,False,True,False,False,False,False,True,False,True,False,False,True,True,False,True,False,False,False,False,True,True,True,False,False,False,False,False,False,False,False,0,0,0,0,2026-09-25 15:10:04.720450+00:00,2026-09-25 15:10:04.732451+00:00,2026-09-25 15:10:04.733451+00:00,2026-09-25 15:10:04.734451+00:00,2026-09-25 15:10:04.758452+00:00,2026-09-25 15:10:04.737451+00:00,2026-09-25 15:10:04.738451+00:00,2026-09-25 15:10:04.739451+00:00,2026-09-25 15:10:04.740451+00:00,2026-09-25 15:10:04.741451+00:00,2026-09-25 15:10:04.742451+00:00,2026-09-25 15:10:04.743451+00:00,2026-09-25 15:10:04.744451+00:00,2026-09-25 15:10:04.745451+00:00,2026-09-25 15:10:04.746452+00:00,2026-09-25 15:10:04.736451+00:00,2026-09-25 15:10:04.748452+00:00,2026-09-25 15:10:04.749452+00:00,2026-09-25 15:10:04.750452+00:00,2026-09-25 15:10:04.751452+00:00,2026-09-25 15:10:04.752452+00:00,2026-09-25 15:10:04.753452+00:00,2026-09-25 15:10:04.754452+00:00,2026-09-25 15:10:04.755452+00:00,2026-09-25 15:10:04.767453+00:00,2026-09-25 15:10:04.768453+00:00,2026-09-25 15:10:04.747452+00:00,2026-09-25 15:10:04.759452+00:00,2026-09-25 15:10:04.760452+00:00,2026-09-25 15:10:04.761452+00:00,2026-09-25 15:10:04.762452+00:00,2026-09-25 15:10:04.774453+00:00,2026-09-25 15:10:04.764453+00:00,2026-09-25 15:10:04.765453+00:00,2026-09-25 15:10:04.766453+00:00,2026-09-25 15:10:04.756452+00:00,2026-09-25 15:10:04.757452+00:00,2026-09-25 15:10:04.769453+00:00,2026-09-25 15:10:04.770453+00:00,2026-09-25 15:10:04.771453+00:00,2026-09-25 15:10:04.772453+00:00,2026-09-25 15:10:04.773453+00:00,2026-09-25 15:10:04.763453+00:00,2026-09-25 15:10:04.775453+00:00,2026-09-25 15:10:04.776453+00:00,2026-09-25 15:10:04.777453+00:00,2026-09-25 15:10:04.778453+00:00,2026-09-25 15:10:04.779453+00:00,2026-09-25 15:10:04.780453+00:00,2026-09-25 15:10:04.782454+00:00,2026-09-25 15:10:04.783454+00:00,2026-09-25 15:10:04.784454+00:00,2026-09-25 15:10:04.785454+00:00,2026-09-25 15:10:04.786454+00:00,2026-09-25 15:10:04.787454+00:00,2026-09-25 15:10:04.788454+00:00,2026-09-25 15:10:04.789454+00:00,2026-09-25 15:10:04.790454+00:00,2026-09-25 15:10:04.791454+00:00,2026-09-25 15:10:04.792454+00:00,2026-09-25 15:10:04.793454+00:00,2026-09-25 15:10:04.795454+00:00,2026-09-25 15:10:04.796454+00:00,2026-09-25 15:10:04.797454+00:00,2026-09-25 15:10:04.798455+00:00,2026-09-25 15:10:04.799455+00:00,2026-09-25 15:10:04.800455+00:00,2026-09-25 15:10:04.801455+00:00,2026-09-25 15:10:04.802455+00:00,2026-09-25 15:10:04.803455+00:00,2026-09-25 15:10:04.804455+00:00,2026-09-25 15:10:04.805455+00:00,2026-09-25 15:10:04.806455+00:00,2026-09-25 15:10:04.807455+00:00,2026-09-25 15:10:04.808455+00:00,2026-09-25 15:10:04.809455+00:00,2026-09-25 15:10:04.810455+00:00,2026-09-25 15:10:04.811455+00:00,2026-09-25 15:10:04.812455+00:00,2026-09-25 15:10:04.813455+00:00,2026-09-25 15:10:04.814455+00:00,2026-09-25 15:10:04.815455+00:00,2026-09-25 15:10:04.816456+00:00,2026-09-25 15:10:04.816456+00:00,0.363305,2.7525082231183164,175.5047468011289,True,True,True,False,False,False,True,False,False,True,True,True,False,False,False,False
211,2026-09-25 13:41:00.255610+00:00,2026-09-25 15:10:05.214478+00:00,88.005,True,False,False,False,True,False,False,False,True,False,False,False,False,False,True,False,False,False,True,False,False,True,False,False,True,True,False,False,True,True,False,False,False,True,False,False,False,False,False,False,False,True,False,True,True,True,False,False,False,False,False,False,False,False,False,True,False,True,False,False,True,True,False,True,False,False,False,False,True,True,True,False,False,False,False,False,False,False,False,0,0,0,0,2026-09-25 15:10:05.126473+00:00,2026-09-25 15:10:05.127473+00:00,2026-09-25 15:10:05.128473+00:00,2026-09-25 15:10:05.129473+00:00,2026-09-25 15:10:05.130474+00:00,2026-09-25 15:10:05.131474+00:00,2026-09-25 15:10:05.133474+00:00,2026-09-25 15:10:05.134474+00:00,2026-09-25 15:10:05.135474+00:00,2026-09-25 15:10:05.136474+00:00,2026-09-25 15:10:05.137474+00:00,2026-09-25 15:10:05.138474+00:00,2026-09-25 15:10:05.139474+00:00,2026-09-25 15:10:05.140474+00:00,2026-09-25 15:10:05.141474+00:00,2026-09-25 15:10:05.142474+00:00,2026-09-25 15:10:05.143474+00:00,2026-09-25 15:10:05.168476+00:00,2026-09-25 15:10:05.146474+00:00,2026-09-25 15:10:05.147474+00:00,2026-09-25 15:10:05.148475+00:00,2026-09-25 15:10:05.149475+00:00,2026-09-25 15:10:05.150475+00:00,2026-09-25 15:10:05.151475+00:00,2026-09-25 15:10:05.152475+00:00,2026-09-25 15:10:05.153475+00:00,2026-09-25 15:10:05.155475+00:00,2026-09-25 15:10:05.156475+00:00,2026-09-25 15:10:05.145474+00:00,2026-09-25 15:10:05.158475+00:00,2026-09-25 15:10:05.159475+00:00,2026-09-25 15:10:05.160475+00:00,2026-09-25 15:10:05.161475+00:00,2026-09-25 15:10:05.162475+00:00,2026-09-25 15:10:05.163475+00:00,2026-09-25 15:10:05.164475+00:00,2026-09-25 15:10:05.165476+00:00,2026-09-25 15:10:05.166476+00:00,2026-09-25 15:10:05.167476+00:00,2026-09-25 15:10:05.169476+00:00,2026-09-25 15:10:05.170476+00:00,2026-09-25 15:10:05.171476+00:00,2026-09-25 15:10:05.172476+00:00,2026-09-25 15:10:05.173476+00:00,2026-09-25 15:10:05.174476+00:00,2026-09-25 15:10:05.175476+00:00,2026-09-25 15:10:05.176476+00:00,2026-09-25 15:10:05.177476+00:00,2026-09-25 15:10:05.178476+00:00,2026-09-25 15:10:05.179476+00:00,2026-09-25 15:10:05.180476+00:00,2026-09-25 15:10:05.181476+00:00,2026-09-25 15:10:05.182476+00:00,2026-09-25 15:10:05.183477+00:00,2026-09-25 15:10:05.184477+00:00,2026-09-25 15:10:05.185477+00:00,2026-09-25 15:10:05.186477+00:00,2026-09-25 15:10:05.187477+00:00,2026-09-25 15:10:05.188477+00:00,2026-09-25 15:10:05.189477+00:00,2026-09-25 15:10:05.190477+00:00,2026-09-25 15:10:05.191477+00:00,2026-09-25 15:10:05.192477+00:00,2026-09-25 15:10:05.193477+00:00,2026-09-25 15:10:05.194477+00:00,2026-09-25 15:10:05.208478+00:00,2026-09-25 15:10:05.197477+00:00,2026-09-25 15:10:05.198477+00:00,2026-09-25 15:10:05.199477+00:00,2026-09-25 15:10:05.201478+00:00,2026-09-25 15:10:05.202478+00:00,2026-09-25 15:10:05.203478+00:00,2026-09-25 15:10:05.204478+00:00,2026-09-25 15:10:05.205478+00:00,2026-09-25 15:10:05.206478+00:00,2026-09-25 15:10:05.207478+00:00,2026-09-25 15:10:05.196477+00:00,2026-09-25 15:10:05.209478+00:00,2026-09-25 15:10:05.210478+00:00,2026-09-25 15:10:05.211478+00:00,2026-09-25 15:10:05.212478+00:00,2026-09-25 15:10:05.213478+00:00,2026-09-25 15:10:05.214478+00:00,2026-09-25 15:10:05.214478+00:00,0.397483,2.515830865722559,175.5295472108694,True,False,True,False,False,False,True,False,False,True,True,True,False,False,False,False
212,2026-09-25 13:41:00.716463+00:00,2026-09-25 15:10:05.662504+00:00,104.006,True,False,False,False,True,False,False,False,True,False,False,False,False,False,True,False,False,False,True,False,False,True,False,False,True,True,False,False,True,True,False,False,False,True,False,False,False,False,False,True,False,True,False,True,True,True,False,False,False,False,False,False,False,False,False,True,False,True,False,False,True,True,False,True,False,False,False,False,True,True,True,False,False,False,False,False,False,False,False,0,0,0,0,2026-09-25 15:10:05.558498+00:00,2026-09-25 15:10:05.570499+00:00,2026-09-25 15:10:05.572499+00:00,2026-09-25 15:10:05.587500+00:00,2026-09-25 15:10:05.575499+00:00,2026-09-25 15:10:05.576499+00:00,2026-09-25 15:10:05.578499+00:00,2026-09-25 15:10:05.580499+00:00,2026-09-25 15:10:05.581499+00:00,2026-09-25 15:10:05.582499+00:00,2026-09-25 15:10:05.583499+00:00,2026-09-25 15:10:05.584499+00:00,2026-09-25 15:10:05.585500+00:00,2026-09-25 15:10:05.586500+00:00,2026-09-25 15:10:05.574499+00:00,2026-09-25 15:10:05.588500+00:00,2026-09-25 15:10:05.589500+00:00,2026-09-25 15:10:05.590500+00:00,2026-09-25 15:10:05.591500+00:00,2026-09-25 15:10:05.593500+00:00,2026-09-25 15:10:05.594500+00:00,2026-09-25 15:10:05.595500+00:00,2026-09-25 15:10:05.596500+00:00,2026-09-25 15:10:05.597500+00:00,2026-09-25 15:10:05.598500+00:00,2026-09-25 15:10:05.599500+00:00,2026-09-25 15:10:05.600500+00:00,2026-09-25 15:10:05.601500+00:00,2026-09-25 15:10:05.602500+00:00,2026-09-25 15:10:05.603501+00:00,2026-09-25 15:10:05.604501+00:00,2026-09-25 15:10:05.617501+00:00,2026-09-25 15:10:05.607501+00:00,2026-09-25 15:10:05.608501+00:00,2026-09-25 15:10:05.609501+00:00,2026-09-25 15:10:05.610501+00:00,2026-09-25 15:10:05.611501+00:00,2026-09-25 15:10:05.612501+00:00,2026-09-25 15:10:05.613501+00:00,2026-09-25 15:10:05.614501+00:00,2026-09-25 15:10:05.615501+00:00,2026-09-25 15:10:05.616501+00:00,2026-09-25 15:10:05.606501+00:00,2026-09-25 15:10:05.618501+00:00,2026-09-25 15:10:05.619501+00:00,2026-09-25 15:10:05.620502+00:00,2026-09-25 15:10:05.634502+00:00,2026-09-25 15:10:05.623502+00:00,2026-09-25 15:10:05.624502+00:00,2026-09-25 15:10:05.625502+00:00,2026-09-25 15:10:05.626502+00:00,2026-09-25 15:10:05.627502+00:00,2026-09-25 15:10:05.628502+00:00,2026-09-25 15:10:05.629502+00:00,2026-09-25 15:10:05.630502+00:00,2026-09-25 15:10:05.631502+00:00,2026-09-25 15:10:05.632502+00:00,2026-09-25 15:10:05.622502+00:00,2026-09-25 15:10:05.635502+00:00,2026-09-25 15:10:05.636502+00:00,2026-09-25 15:10:05.637503+00:00,2026-09-25 15:10:05.638503+00:00,2026-09-25 15:10:05.639503+00:00,2026-09-25 15:10:05.640503+00:00,2026-09-25 15:10:05.642503+00:00,2026-09-25 15:10:05.643503+00:00,2026-09-25 15:10:05.644503+00:00,2026-09-25 15:10:05.645503+00:00,2026-09-25 15:10:05.646503+00:00,2026-09-25 15:10:05.647503+00:00,2026-09-25 15:10:05.648503+00:00,2026-09-25 15:10:05.649503+00:00,2026-09-25 15:10:05.650503+00:00,2026-09-25 15:10:05.651503+00:00,2026-09-25 15:10:05.652503+00:00,2026-09-25 15:10:05.653503+00:00,2026-09-25 15:10:05.655504+00:00,2026-09-25 15:10:05.656504+00:00,2026-09-25 15:10:05.658504+00:00,2026-09-25 15:10:05.659504+00:00,2026-09-25 15:10:05.660504+00:00,2026-09-25 15:10:05.661504+00:00,2026-09-25 15:10:05.662504+00:00,2026-09-25 15:10:05.662504+00:00,0.460853,2.1698893139460957,175.55785192707472,True,False,True,False,False,False,True,False,False,True,True,True,False,False,False,False
213,2026-09-25 13:41:01.161789+00:00,2026-09-25 15:10:06.114530+00:00,170.01,True,False,False,False,True,False,False,False,True,False,False,False,False,False,True,False,False,False,True,False,False,True,False,False,True,True,False,False,True,True,False,False,False,True,False,False,False,False,False,False,True,True,False,True,True,True,False,False,False,False,False,False,False,False,False,True,False,True,False,False,True,True,False,True,False,False,False,False,True,True,True,False,False,False,False,False,False,False,False,0,0,0,0,2026-09-25 15:10:05.950520+00:00,2026-09-25 15:10:05.952521+00:00,2026-09-25 15:10:05.954521+00:00,2026-09-25 15:10:05.956521+00:00,2026-09-25 15:10:05.958521+00:00,2026-09-25 15:10:05.960521+00:00,2026-09-25 15:10:05.962521+00:00,2026-09-25 15:10:05.944520+00:00,2026-09-25 15:10:05.988523+00:00,2026-09-25 15:10:05.968521+00:00,2026-09-25 15:10:05.970522+00:00,2026-09-25 15:10:05.972522+00:00,2026-09-25 15:10:05.974522+00:00,2026-09-25 15:10:05.976522+00:00,2026-09-25 15:10:05.978522+00:00,2026-09-25 15:10:05.980522+00:00,2026-09-25 15:10:05.982522+00:00,2026-09-25 15:10:05.984522+00:00,2026-09-25 15:10:05.986522+00:00,2026-09-25 15:10:05.966521+00:00,2026-09-25 15:10:05.990523+00:00,2026-09-25 15:10:05.992523+00:00,2026-09-25 15:10:05.994523+00:00,2026-09-25 15:10:06.018524+00:00,2026-09-25 15:10:05.998523+00:00,2026-09-25 15:10:06.000523+00:00,2026-09-25 15:10:06.002523+00:00,2026-09-25 15:10:06.004523+00:00,2026-09-25 15:10:06.006524+00:00,2026-09-25 15:10:06.008524+00:00,2026-09-25 15:10:06.010524+00:00,2026-09-25 15:10:06.012524+00:00,2026-09-25 15:10:06.014524+00:00,2026-09-25 15:10:06.016524+00:00,2026-09-25 15:10:05.996523+00:00,2026-09-25 15:10:06.020524+00:00,2026-09-25 15:10:06.022525+00:00,2026-09-25 15:10:06.024525+00:00,2026-09-25 15:10:06.026525+00:00,2026-09-25 15:10:06.028525+00:00,2026-09-25 15:10:06.030525+00:00,2026-09-25 15:10:06.032525+00:00,2026-09-25 15:10:06.034525+00:00,2026-09-25 15:10:06.036525+00:00,2026-09-25 15:10:06.038525+00:00,2026-09-25 15:10:06.040526+00:00,2026-09-25 15:10:06.042526+00:00,2026-09-25 15:10:06.044526+00:00,2026-09-25 15:10:06.046526+00:00,2026-09-25 15:10:06.048526+00:00,2026-09-25 15:10:06.050526+00:00,2026-09-25 15:10:06.052526+00:00,2026-09-25 15:10:06.054526+00:00,2026-09-25 15:10:06.056526+00:00,2026-09-25 15:10:06.058527+00:00,2026-09-25 15:10:06.060527+00:00,2026-09-25 15:10:06.084528+00:00,2026-09-25 15:10:06.064527+00:00,2026-09-25 15:10:06.088528+00:00,2026-09-25 15:10:06.068527+00:00,2026-09-25 15:10:06.070527+00:00,2026-09-25 15:10:06.072527+00:00,2026-09-25 15:10:06.074527+00:00,2026-09-25 15:10:06.076528+00:00,2026-09-25 15:10:06.100529+00:00,2026-09-25 15:10:06.080528+00:00,2026-09-25 15:10:06.082528+00:00,2026-09-25 15:10:06.062527+00:00,2026-09-25 15:10:06.086528+00:00,2026-09-25 15:10:06.066527+00:00,2026-09-25 15:10:06.090528+00:00,2026-09-25 15:10:06.092529+00:00,2026-09-25 15:10:06.094529+00:00,2026-09-25 15:10:06.096529+00:00,2026-09-25 15:10:06.098529+00:00,2026-09-25 15:10:06.078528+00:00,2026-09-25 15:10:06.102529+00:00,2026-09-25 15:10:06.104529+00:00,2026-09-25 15:10:06.106529+00:00,2026-09-25 15:10:06.108529+00:00,2026-09-25 15:10:06.110530+00:00,2026-09-25 15:10:06.112530+00:00,2026-09-25 15:10:06.114530+00:00,2026-09-25 15:10:06.114530+00:00,0.445326,2.2455459595891547,175.58655448257107,True,False,True,False,False,False,True,False,False,True,True,True,False,False,False,False
214,2026-09-25 13:41:01.699999+00:00,2026-09-25 15:10:06.569556+00:00,174.01,True,False,False,False,True,False,False,False,False,False,False,False,False,False,True,False,False,False,True,False,False,True,False,False,True,True,False,False,True,True,False,False,False,True,False,False,False,False,False,True,False,True,False,True,True,True,False,False,False,False,False,False,False,False,False,True,False,True,False,False,True,True,False,True,False,False,False,False,True,True,True,False,False,False,False,False,False,False,False,0,0,0,0,2026-09-25 15:10:06.395546+00:00,2026-09-25 15:10:06.420547+00:00,2026-09-25 15:10:06.422547+00:00,2026-09-25 15:10:06.424548+00:00,2026-09-25 15:10:06.404546+00:00,2026-09-25 15:10:06.428548+00:00,2026-09-25 15:10:06.432548+00:00,2026-09-25 15:10:06.434548+00:00,2026-09-25 15:10:06.436548+00:00,2026-09-25 15:10:06.438548+00:00,2026-09-25 15:10:06.440548+00:00,2026-09-25 15:10:06.442549+00:00,2026-09-25 15:10:06.444549+00:00,2026-09-25 15:10:06.446549+00:00,2026-09-25 15:10:06.448549+00:00,2026-09-25 15:10:06.450549+00:00,2026-09-25 15:10:06.452549+00:00,2026-09-25 15:10:06.454549+00:00,2026-09-25 15:10:06.456549+00:00,2026-09-25 15:10:06.458549+00:00,2026-09-25 15:10:06.460550+00:00,2026-09-25 15:10:06.462550+00:00,2026-09-25 15:10:06.464550+00:00,2026-09-25 15:10:06.488551+00:00,2026-09-25 15:10:06.468550+00:00,2026-09-25 15:10:06.470550+00:00,2026-09-25 15:10:06.472550+00:00,2026-09-25 15:10:06.474550+00:00,2026-09-25 15:10:06.476550+00:00,2026-09-25 15:10:06.478551+00:00,2026-09-25 15:10:06.502552+00:00,2026-09-25 15:10:06.482551+00:00,2026-09-25 15:10:06.484551+00:00,2026-09-25 15:10:06.486551+00:00,2026-09-25 15:10:06.466550+00:00,2026-09-25 15:10:06.490551+00:00,2026-09-25 15:10:06.492551+00:00,2026-09-25 15:10:06.494552+00:00,2026-09-25 15:10:06.496552+00:00,2026-09-25 15:10:06.498552+00:00,2026-09-25 15:10:06.500552+00:00,2026-09-25 15:10:06.480551+00:00,2026-09-25 15:10:06.526553+00:00,2026-09-25 15:10:06.506552+00:00,2026-09-25 15:10:06.508552+00:00,2026-09-25 15:10:06.510552+00:00,2026-09-25 15:10:06.512553+00:00,2026-09-25 15:10:06.514553+00:00,2026-09-25 15:10:06.516553+00:00,2026-09-25 15:10:06.518553+00:00,2026-09-25 15:10:06.520553+00:00,2026-09-25 15:10:06.522553+00:00,2026-09-25 15:10:06.524553+00:00,2026-09-25 15:10:06.504552+00:00,2026-09-25 15:10:06.528553+00:00,2026-09-25 15:10:06.530554+00:00,2026-09-25 15:10:06.532554+00:00,2026-09-25 15:10:06.534554+00:00,2026-09-25 15:10:06.535554+00:00,2026-09-25 15:10:06.536554+00:00,2026-09-25 15:10:06.537554+00:00,2026-09-25 15:10:06.539554+00:00,2026-09-25 15:10:06.541554+00:00,2026-09-25 15:10:06.543554+00:00,2026-09-25 15:10:06.545554+00:00,2026-09-25 15:10:06.547555+00:00,2026-09-25 15:10:06.549555+00:00,2026-09-25 15:10:06.551555+00:00,2026-09-25 15:10:06.553555+00:00,2026-09-25 15:10:06.554555+00:00,2026-09-25 15:10:06.555555+00:00,2026-09-25 15:10:06.556555+00:00,2026-09-25 15:10:06.557555+00:00,2026-09-25 15:10:06.559555+00:00,2026-09-25 15:10:06.560555+00:00,2026-09-25 15:10:06.561555+00:00,2026-09-25 15:10:06.562555+00:00,2026-09-25 15:10:06.563555+00:00,2026-09-25 15:10:06.564556+00:00,2026-09-25 15:10:06.565556+00:00,2026-09-25 15:10:06.566556+00:00,2026-09-25 15:10:06.567556+00:00,2026-09-25 15:10:06.569556+00:00,2026-09-25 15:10:06.569556+00:00,0.53821,1.8580108136229354,175.6153091925456,True,False,True,False,False,True,True,False,False,True,True,True,False,False,False,False
215,2026-09-25 13:41:02.054481+00:00,2026-09-25 15:10:07.010581+00:00,95.005,True,False,False,False,True,False,True,False,False,False,False,False,False,False,False,True,False,False,False,False,False,False,False,False,True,True,False,False,True,True,False,False,False,True,False,False,False,False,False,False,True,True,False,True,True,True,False,False,False,False,False,False,False,False,False,True,False,True,False,False,True,True,False,True,False,False,False,False,True,True,True,False,False,False,False,False,False,False,False,0,0,0,0,2026-09-25 15:10:06.915576+00:00,2026-09-25 15:10:06.929576+00:00,2026-09-25 15:10:06.934577+00:00,2026-09-25 15:10:06.931577+00:00,2026-09-25 15:10:06.932577+00:00,2026-09-25 15:10:06.933577+00:00,2026-09-25 15:10:06.930576+00:00,2026-09-25 15:10:06.935577+00:00,2026-09-25 15:10:06.936577+00:00,2026-09-25 15:10:06.937577+00:00,2026-09-25 15:10:06.938577+00:00,2026-09-25 15:10:06.939577+00:00,2026-09-25 15:10:06.940577+00:00,2026-09-25 15:10:06.941577+00:00,2026-09-25 15:10:06.942577+00:00,2026-09-25 15:10:06.943577+00:00,2026-09-25 15:10:06.944577+00:00,2026-09-25 15:10:06.945577+00:00,2026-09-25 15:10:06.946577+00:00,2026-09-25 15:10:06.947577+00:00,2026-09-25 15:10:06.948577+00:00,2026-09-25 15:10:06.949578+00:00,2026-09-25 15:10:06.961578+00:00,2026-09-25 15:10:06.951578+00:00,2026-09-25 15:10:06.952578+00:00,2026-09-25 15:10:06.953578+00:00,2026-09-25 15:10:06.965578+00:00,2026-09-25 15:10:06.955578+00:00,2026-09-25 15:10:06.956578+00:00,2026-09-25 15:10:06.957578+00:00,2026-09-25 15:10:06.958578+00:00,2026-09-25 15:10:06.959578+00:00,2026-09-25 15:10:06.960578+00:00,2026-09-25 15:10:06.950578+00:00,2026-09-25 15:10:06.962578+00:00,2026-09-25 15:10:06.963578+00:00,2026-09-25 15:10:06.964578+00:00,2026-09-25 15:10:06.954578+00:00,2026-09-25 15:10:06.966579+00:00,2026-09-25 15:10:06.967579+00:00,2026-09-25 15:10:06.968579+00:00,2026-09-25 15:10:06.969579+00:00,2026-09-25 15:10:06.970579+00:00,2026-09-25 15:10:06.971579+00:00,2026-09-25 15:10:06.972579+00:00,2026-09-25 15:10:06.973579+00:00,2026-09-25 15:10:06.974579+00:00,2026-09-25 15:10:06.975579+00:00,2026-09-25 15:10:06.976579+00:00,2026-09-25 15:10:06.977579+00:00,2026-09-25 15:10:06.978579+00:00,2026-09-25 15:10:06.990580+00:00,2026-09-25 15:10:06.980579+00:00,2026-09-25 15:10:06.981579+00:00,2026-09-25 15:10:06.993580+00:00,2026-09-25 15:10:06.983579+00:00,2026-09-25 15:10:06.984580+00:00,2026-09-25 15:10:06.985580+00:00,2026-09-25 15:10:06.986580+00:00,2026-09-25 15:10:06.987580+00:00,2026-09-25 15:10:06.988580+00:00,2026-09-25 15:10:06.989580+00:00,2026-09-25 15:10:06.979579+00:00,2026-09-25 15:10:06.991580+00:00,2026-09-25 15:10:06.992580+00:00,2026-09-25 15:10:06.982579+00:00,2026-09-25 15:10:06.994580+00:00,2026-09-25 15:10:06.995580+00:00,2026-09-25 15:10:06.996580+00:00,2026-09-25 15:10:06.997580+00:00,2026-09-25 15:10:06.998580+00:00,2026-09-25 15:10:06.999580+00:00,2026-09-25 15:10:07.000580+00:00,2026-09-25 15:10:07.001581+00:00,2026-09-25 15:10:07.002581+00:00,2026-09-25 15:10:07.003581+00:00,2026-09-25 15:10:07.004581+00:00,2026-09-25 15:10:07.005581+00:00,2026-09-25 15:10:07.006581+00:00,2026-09-25 15:10:07.007581+00:00,2026-09-25 15:10:07.008581+00:00,2026-09-25 15:10:07.009581+00:00,2026-09-25 15:10:07.010581+00:00,2026-09-25 15:10:07.010581+00:00,0.354482,2.8210177103491856,178.64277837195252,True,False,True,False,False,True,True,False,False,True,True,True,False,False,False,False
216,2026-09-25 13:41:02.484223+00:00,2026-09-25 15:10:07.363601+00:00,93.005,True,False,False,False,False,False,True,False,False,False,False,False,False,False,False,True,False,False,False,False,False,False,False,False,True,True,False,False,True,True,False,False,False,True,False,False,False,False,False,False,False,True,False,True,True,True,False,False,False,False,False,False,False,False,False,True,False,True,False,False,True,True,False,True,False,False,False,False,True,True,True,False,False,False,False,False,False,False,False,0,0,0,0,2026-09-25 15:10:07.270596+00:00,2026-09-25 15:10:07.282597+00:00,2026-09-25 15:10:07.283597+00:00,2026-09-25 15:10:07.284597+00:00,2026-09-25 15:10:07.285597+00:00,2026-09-25 15:10:07.286597+00:00,2026-09-25 15:10:07.287597+00:00,2026-09-25 15:10:07.288597+00:00,2026-09-25 15:10:07.289597+00:00,2026-09-25 15:10:07.301598+00:00,2026-09-25 15:10:07.291597+00:00,2026-09-25 15:10:07.292597+00:00,2026-09-25 15:10:07.293597+00:00,2026-09-25 15:10:07.294597+00:00,2026-09-25 15:10:07.295597+00:00,2026-09-25 15:10:07.296597+00:00,2026-09-25 15:10:07.297597+00:00,2026-09-25 15:10:07.298598+00:00,2026-09-25 15:10:07.299598+00:00,2026-09-25 15:10:07.300598+00:00,2026-09-25 15:10:07.290597+00:00,2026-09-25 15:10:07.302598+00:00,2026-09-25 15:10:07.303598+00:00,2026-09-25 15:10:07.304598+00:00,2026-09-25 15:10:07.305598+00:00,2026-09-25 15:10:07.306598+00:00,2026-09-25 15:10:07.307598+00:00,2026-09-25 15:10:07.308598+00:00,2026-09-25 15:10:07.309598+00:00,2026-09-25 15:10:07.310598+00:00,2026-09-25 15:10:07.311598+00:00,2026-09-25 15:10:07.312598+00:00,2026-09-25 15:10:07.313598+00:00,2026-09-25 15:10:07.314598+00:00,2026-09-25 15:10:07.315598+00:00,2026-09-25 15:10:07.316599+00:00,2026-09-25 15:10:07.317599+00:00,2026-09-25 15:10:07.318599+00:00,2026-09-25 15:10:07.319599+00:00,2026-09-25 15:10:07.320599+00:00,2026-09-25 15:10:07.321599+00:00,2026-09-25 15:10:07.322599+00:00,2026-09-25 15:10:07.323599+00:00,2026-09-25 15:10:07.324599+00:00,2026-09-25 15:10:07.325599+00:00,2026-09-25 15:10:07.326599+00:00,2026-09-25 15:10:07.327599+00:00,2026-09-25 15:10:07.328599+00:00,2026-09-25 15:10:07.329599+00:00,2026-09-25 15:10:07.330599+00:00,2026-09-25 15:10:07.331599+00:00,2026-09-25 15:10:07.343600+00:00,2026-09-25 15:10:07.333600+00:00,2026-09-25 15:10:07.334600+00:00,2026-09-25 15:10:07.335600+00:00,2026-09-25 15:10:07.336600+00:00,2026-09-25 15:10:07.337600+00:00,2026-09-25 15:10:07.338600+00:00,2026-09-25 15:10:07.339600+00:00,2026-09-25 15:10:07.340600+00:00,2026-09-25 15:10:07.341600+00:00,2026-09-25 15:10:07.342600+00:00,2026-09-25 15:10:07.332599+00:00,2026-09-25 15:10:07.344600+00:00,2026-09-25 15:10:07.345600+00:00,2026-09-25 15:10:07.346600+00:00,2026-09-25 15:10:07.347600+00:00,2026-09-25 15:10:07.348600+00:00,2026-09-25 15:10:07.349600+00:00,2026-09-25 15:10:07.350600+00:00,2026-09-25 15:10:07.351601+00:00,2026-09-25 15:10:07.352601+00:00,2026-09-25 15:10:07.353601+00:00,2026-09-25 15:10:07.354601+00:00,2026-09-25 15:10:07.355601+00:00,2026-09-25 15:10:07.356601+00:00,2026-09-25 15:10:07.357601+00:00,2026-09-25 15:10:07.358601+00:00,2026-09-25 15:10:07.359601+00:00,2026-09-25 15:10:07.360601+00:00,2026-09-25 15:10:07.361601+00:00,2026-09-25 15:10:07.362601+00:00,2026-09-25 15:10:07.363601+00:00,2026-09-25 15:10:07.363601+00:00,0.429742,2.326977581897976,178.66430867614974,True,False,True,False,False,True,True,False,False,True,True,True,False,False,False,False
217,2026-09-25 13:41:02.850847+00:00,2026-09-25 15:10:07.801626+00:00,103.006,True,False,False,False,False,False,True,False,False,False,False,False,False,False,False,True,False,False,False,False,False,False,False,False,True,True,False,False,True,True,False,False,False,True,False,False,False,False,False,False,False,True,False,True,True,True,False,False,False,False,False,False,False,False,False,True,False,True,False,False,True,True,False,True,False,False,False,False,True,True,True,False,False,False,False,False,False,False,False,0,0,0,0,2026-09-25 15:10:07.698620+00:00,2026-09-25 15:10:07.720622+00:00,2026-09-25 15:10:07.721622+00:00,2026-09-25 15:10:07.733622+00:00,2026-09-25 15:10:07.723622+00:00,2026-09-25 15:10:07.724622+00:00,2026-09-25 15:10:07.725622+00:00,2026-09-25 15:10:07.726622+00:00,2026-09-25 15:10:07.727622+00:00,2026-09-25 15:10:07.728622+00:00,2026-09-25 15:10:07.729622+00:00,2026-09-25 15:10:07.730622+00:00,2026-09-25 15:10:07.731622+00:00,2026-09-25 15:10:07.732622+00:00,2026-09-25 15:10:07.722622+00:00,2026-09-25 15:10:07.734622+00:00,2026-09-25 15:10:07.735623+00:00,2026-09-25 15:10:07.736623+00:00,2026-09-25 15:10:07.748623+00:00,2026-09-25 15:10:07.749623+00:00,2026-09-25 15:10:07.739623+00:00,2026-09-25 15:10:07.740623+00:00,2026-09-25 15:10:07.741623+00:00,2026-09-25 15:10:07.742623+00:00,2026-09-25 15:10:07.743623+00:00,2026-09-25 15:10:07.744623+00:00,2026-09-25 15:10:07.745623+00:00,2026-09-25 15:10:07.746623+00:00,2026-09-25 15:10:07.747623+00:00,2026-09-25 15:10:07.737623+00:00,2026-09-25 15:10:07.738623+00:00,2026-09-25 15:10:07.750623+00:00,2026-09-25 15:10:07.751623+00:00,2026-09-25 15:10:07.752623+00:00,2026-09-25 15:10:07.753624+00:00,2026-09-25 15:10:07.754624+00:00,2026-09-25 15:10:07.755624+00:00,2026-09-25 15:10:07.767624+00:00,2026-09-25 15:10:07.768624+00:00,2026-09-25 15:10:07.758624+00:00,2026-09-25 15:10:07.759624+00:00,2026-09-25 15:10:07.760624+00:00,2026-09-25 15:10:07.761624+00:00,2026-09-25 15:10:07.762624+00:00,2026-09-25 15:10:07.763624+00:00,2026-09-25 15:10:07.764624+00:00,2026-09-25 15:10:07.765624+00:00,2026-09-25 15:10:07.766624+00:00,2026-09-25 15:10:07.756624+00:00,2026-09-25 15:10:07.757624+00:00,2026-09-25 15:10:07.769624+00:00,2026-09-25 15:10:07.770625+00:00,2026-09-25 15:10:07.771625+00:00,2026-09-25 15:10:07.772625+00:00,2026-09-25 15:10:07.773625+00:00,2026-09-25 15:10:07.774625+00:00,2026-09-25 15:10:07.775625+00:00,2026-09-25 15:10:07.776625+00:00,2026-09-25 15:10:07.777625+00:00,2026-09-25 15:10:07.778625+00:00,2026-09-25 15:10:07.779625+00:00,2026-09-25 15:10:07.791626+00:00,2026-09-25 15:10:07.781625+00:00,2026-09-25 15:10:07.793626+00:00,2026-09-25 15:10:07.783625+00:00,2026-09-25 15:10:07.784625+00:00,2026-09-25 15:10:07.785625+00:00,2026-09-25 15:10:07.786625+00:00,2026-09-25 15:10:07.787625+00:00,2026-09-25 15:10:07.788626+00:00,2026-09-25 15:10:07.789626+00:00,2026-09-25 15:10:07.790626+00:00,2026-09-25 15:10:07.780625+00:00,2026-09-25 15:10:07.792626+00:00,2026-09-25 15:10:07.782625+00:00,2026-09-25 15:10:07.794626+00:00,2026-09-25 15:10:07.795626+00:00,2026-09-25 15:10:07.796626+00:00,2026-09-25 15:10:07.797626+00:00,2026-09-25 15:10:07.798626+00:00,2026-09-25 15:10:07.799626+00:00,2026-09-25 15:10:07.800626+00:00,2026-09-25 15:10:07.801626+00:00,2026-09-25 15:10:07.801626+00:00,0.366624,2.7275901195775507,178.6902513239128,True,False,True,False,False,True,True,False,False,True,True,True,False,False,False,False
218,2026-09-25 13:41:03.218576+00:00,2026-09-25 15:10:08.163647+00:00,96.006,True,False,False,False,False,False,True,False,False,False,False,False,False,False,False,True,False,False,False,False,False,False,False,False,True,True,False,False,True,True,False,False,False,True,False,False,False,False,False,False,False,True,False,True,True,True,False,False,False,False,False,False,False,False,False,True,False,True,False,False,True,True,False,True,False,False,False,False,True,True,True,False,False,False,False,False,False,False,False,0,0,0,0,2026-09-25 15:10:08.067641+00:00,2026-09-25 15:10:08.082642+00:00,2026-09-25 15:10:08.088643+00:00,2026-09-25 15:10:08.084642+00:00,2026-09-25 15:10:08.085643+00:00,2026-09-25 15:10:08.097643+00:00,2026-09-25 15:10:08.087643+00:00,2026-09-25 15:10:08.083642+00:00,2026-09-25 15:10:08.089643+00:00,2026-09-25 15:10:08.090643+00:00,2026-09-25 15:10:08.091643+00:00,2026-09-25 15:10:08.092643+00:00,2026-09-25 15:10:08.093643+00:00,2026-09-25 15:10:08.094643+00:00,2026-09-25 15:10:08.095643+00:00,2026-09-25 15:10:08.096643+00:00,2026-09-25 15:10:08.086643+00:00,2026-09-25 15:10:08.098643+00:00,2026-09-25 15:10:08.099643+00:00,2026-09-25 15:10:08.100643+00:00,2026-09-25 15:10:08.101643+00:00,2026-09-25 15:10:08.102643+00:00,2026-09-25 15:10:08.103644+00:00,2026-09-25 15:10:08.104644+00:00,2026-09-25 15:10:08.105644+00:00,2026-09-25 15:10:08.106644+00:00,2026-09-25 15:10:08.107644+00:00,2026-09-25 15:10:08.108644+00:00,2026-09-25 15:10:08.109644+00:00,2026-09-25 15:10:08.110644+00:00,2026-09-25 15:10:08.111644+00:00,2026-09-25 15:10:08.112644+00:00,2026-09-25 15:10:08.113644+00:00,2026-09-25 15:10:08.114644+00:00,2026-09-25 15:10:08.115644+00:00,2026-09-25 15:10:08.116644+00:00,2026-09-25 15:10:08.128645+00:00,2026-09-25 15:10:08.118644+00:00,2026-09-25 15:10:08.119644+00:00,2026-09-25 15:10:08.120645+00:00,2026-09-25 15:10:08.121645+00:00,2026-09-25 15:10:08.122645+00:00,2026-09-25 15:10:08.123645+00:00,2026-09-25 15:10:08.124645+00:00,2026-09-25 15:10:08.125645+00:00,2026-09-25 15:10:08.126645+00:00,2026-09-25 15:10:08.127645+00:00,2026-09-25 15:10:08.117644+00:00,2026-09-25 15:10:08.129645+00:00,2026-09-25 15:10:08.130645+00:00,2026-09-25 15:10:08.131645+00:00,2026-09-25 15:10:08.132645+00:00,2026-09-25 15:10:08.133645+00:00,2026-09-25 15:10:08.134645+00:00,2026-09-25 15:10:08.135645+00:00,2026-09-25 15:10:08.136645+00:00,2026-09-25 15:10:08.137646+00:00,2026-09-25 15:10:08.138646+00:00,2026-09-25 15:10:08.139646+00:00,2026-09-25 15:10:08.140646+00:00,2026-09-25 15:10:08.152646+00:00,2026-09-25 15:10:08.142646+00:00,2026-09-25 15:10:08.143646+00:00,2026-09-25 15:10:08.144646+00:00,2026-09-25 15:10:08.145646+00:00,2026-09-25 15:10:08.146646+00:00,2026-09-25 15:10:08.147646+00:00,2026-09-25 15:10:08.148646+00:00,2026-09-25 15:10:08.149646+00:00,2026-09-25 15:10:08.150646+00:00,2026-09-25 15:10:08.151646+00:00,2026-09-25 15:10:08.141646+00:00,2026-09-25 15:10:08.153646+00:00,2026-09-25 15:10:08.154646+00:00,2026-09-25 15:10:08.155647+00:00,2026-09-25 15:10:08.156647+00:00,2026-09-25 15:10:08.157647+00:00,2026-09-25 15:10:08.158647+00:00,2026-09-25 15:10:08.159647+00:00,2026-09-25 15:10:08.160647+00:00,2026-09-25 15:10:08.161647+00:00,2026-09-25 15:10:08.162647+00:00,2026-09-25 15:10:08.163647+00:00,2026-09-25 15:10:08.163647+00:00,0.367729,2.7193939014872366,178.71088979402793,True,False,True,False,False,True,True,False,False,True,True,True,False,False,False,False
219,2026-09-25 13:41:03.587637+00:00,2026-09-25 15:10:08.532668+00:00,96.005,True,False,False,False,False,False,True,False,False,False,False,False,False,False,False,True,False,False,False,False,False,False,False,False,True,True,False,False,True,True,False,False,False,True,False,False,False,False,False,True,False,True,False,True,True,True,False,False,False,False,False,False,False,False,False,True,False,True,False,False,True,True,False,True,False,False,False,False,True,True,True,False,False,False,False,False,False,False,False,0,0,0,0,2026-09-25 15:10:08.436663+00:00,2026-09-25 15:10:08.451663+00:00,2026-09-25 15:10:08.452664+00:00,2026-09-25 15:10:08.453664+00:00,2026-09-25 15:10:08.454664+00:00,2026-09-25 15:10:08.455664+00:00,2026-09-25 15:10:08.467664+00:00,2026-09-25 15:10:08.457664+00:00,2026-09-25 15:10:08.458664+00:00,2026-09-25 15:10:08.459664+00:00,2026-09-25 15:10:08.460664+00:00,2026-09-25 15:10:08.461664+00:00,2026-09-25 15:10:08.462664+00:00,2026-09-25 15:10:08.463664+00:00,2026-09-25 15:10:08.464664+00:00,2026-09-25 15:10:08.465664+00:00,2026-09-25 15:10:08.466664+00:00,2026-09-25 15:10:08.456664+00:00,2026-09-25 15:10:08.468664+00:00,2026-09-25 15:10:08.469664+00:00,2026-09-25 15:10:08.470665+00:00,2026-09-25 15:10:08.471665+00:00,2026-09-25 15:10:08.472665+00:00,2026-09-25 15:10:08.473665+00:00,2026-09-25 15:10:08.474665+00:00,2026-09-25 15:10:08.475665+00:00,2026-09-25 15:10:08.487666+00:00,2026-09-25 15:10:08.477665+00:00,2026-09-25 15:10:08.489666+00:00,2026-09-25 15:10:08.479665+00:00,2026-09-25 15:10:08.480665+00:00,2026-09-25 15:10:08.481665+00:00,2026-09-25 15:10:08.482665+00:00,2026-09-25 15:10:08.483665+00:00,2026-09-25 15:10:08.484665+00:00,2026-09-25 15:10:08.485665+00:00,2026-09-25 15:10:08.486665+00:00,2026-09-25 15:10:08.476665+00:00,2026-09-25 15:10:08.488666+00:00,2026-09-25 15:10:08.478665+00:00,2026-09-25 15:10:08.490666+00:00,2026-09-25 15:10:08.502666+00:00,2026-09-25 15:10:08.492666+00:00,2026-09-25 15:10:08.493666+00:00,2026-09-25 15:10:08.494666+00:00,2026-09-25 15:10:08.495666+00:00,2026-09-25 15:10:08.496666+00:00,2026-09-25 15:10:08.497666+00:00,2026-09-25 15:10:08.498666+00:00,2026-09-25 15:10:08.499666+00:00,2026-09-25 15:10:08.500666+00:00,2026-09-25 15:10:08.501666+00:00,2026-09-25 15:10:08.491666+00:00,2026-09-25 15:10:08.503666+00:00,2026-09-25 15:10:08.504666+00:00,2026-09-25 15:10:08.505667+00:00,2026-09-25 15:10:08.506667+00:00,2026-09-25 15:10:08.518667+00:00,2026-09-25 15:10:08.508667+00:00,2026-09-25 15:10:08.520667+00:00,2026-09-25 15:10:08.521667+00:00,2026-09-25 15:10:08.511667+00:00,2026-09-25 15:10:08.512667+00:00,2026-09-25 15:10:08.513667+00:00,2026-09-25 15:10:08.514667+00:00,2026-09-25 15:10:08.515667+00:00,2026-09-25 15:10:08.516667+00:00,2026-09-25 15:10:08.517667+00:00,2026-09-25 15:10:08.507667+00:00,2026-09-25 15:10:08.519667+00:00,2026-09-25 15:10:08.509667+00:00,2026-09-25 15:10:08.510667+00:00,2026-09-25 15:10:08.522668+00:00,2026-09-25 15:10:08.523668+00:00,2026-09-25 15:10:08.524668+00:00,2026-09-25 15:10:08.525668+00:00,2026-09-25 15:10:08.526668+00:00,2026-09-25 15:10:08.527668+00:00,2026-09-25 15:10:08.528668+00:00,2026-09-25 15:10:08.529668+00:00,2026-09-25 15:10:08.530668+00:00,2026-09-25 15:10:08.531668+00:00,2026-09-25 15:10:08.532668+00:00,2026-09-25 15:10:08.532668+00:00,0.369061,2.7095791752582907,178.731035275358,True,False,True,False,False,True,True,False,False,True,True,True,False,False,False,False
220,2026-09-25 13:41:03.998444+00:00,2026-09-25 15:10:08.957692+00:00,105.006,True,False,False,False,False,False,True,False,False,False,False,False,False,False,False,True,False,False,False,False,False,False,False,False,True,True,False,False,False,True,False,False,False,False,False,False,False,True,False,True,False,True,False,True,True,True,False,False,False,False,False,False,False,False,False,True,False,True,False,False,True,True,False,True,False,False,False,False,True,True,True,False,False,False,False,False,False,False,False,0,0,0,0,2026-09-25 15:10:08.852686+00:00,2026-09-25 15:10:08.861687+00:00,2026-09-25 15:10:08.870687+00:00,2026-09-25 15:10:08.863687+00:00,2026-09-25 15:10:08.864687+00:00,2026-09-25 15:10:08.865687+00:00,2026-09-25 15:10:08.866687+00:00,2026-09-25 15:10:08.867687+00:00,2026-09-25 15:10:08.868687+00:00,2026-09-25 15:10:08.869687+00:00,2026-09-25 15:10:08.862687+00:00,2026-09-25 15:10:08.871687+00:00,2026-09-25 15:10:08.872688+00:00,2026-09-25 15:10:08.873688+00:00,2026-09-25 15:10:08.874688+00:00,2026-09-25 15:10:08.875688+00:00,2026-09-25 15:10:08.876688+00:00,2026-09-25 15:10:08.877688+00:00,2026-09-25 15:10:08.878688+00:00,2026-09-25 15:10:08.879688+00:00,2026-09-25 15:10:08.880688+00:00,2026-09-25 15:10:08.881688+00:00,2026-09-25 15:10:08.882688+00:00,2026-09-25 15:10:08.883688+00:00,2026-09-25 15:10:08.884688+00:00,2026-09-25 15:10:08.885688+00:00,2026-09-25 15:10:08.886688+00:00,2026-09-25 15:10:08.887688+00:00,2026-09-25 15:10:08.888688+00:00,2026-09-25 15:10:08.889689+00:00,2026-09-25 15:10:08.890689+00:00,2026-09-25 15:10:08.891689+00:00,2026-09-25 15:10:08.903689+00:00,2026-09-25 15:10:08.893689+00:00,2026-09-25 15:10:08.916690+00:00,2026-09-25 15:10:08.895689+00:00,2026-09-25 15:10:08.896689+00:00,2026-09-25 15:10:08.897689+00:00,2026-09-25 15:10:08.898689+00:00,2026-09-25 15:10:08.910690+00:00,2026-09-25 15:10:08.911690+00:00,2026-09-25 15:10:08.912690+00:00,2026-09-25 15:10:08.902689+00:00,2026-09-25 15:10:08.892689+00:00,2026-09-25 15:10:08.904689+00:00,2026-09-25 15:10:08.894689+00:00,2026-09-25 15:10:08.906689+00:00,2026-09-25 15:10:08.907690+00:00,2026-09-25 15:10:08.908690+00:00,2026-09-25 15:10:08.909690+00:00,2026-09-25 15:10:08.899689+00:00,2026-09-25 15:10:08.900689+00:00,2026-09-25 15:10:08.901689+00:00,2026-09-25 15:10:08.913690+00:00,2026-09-25 15:10:08.925691+00:00,2026-09-25 15:10:08.915690+00:00,2026-09-25 15:10:08.928691+00:00,2026-09-25 15:10:08.918690+00:00,2026-09-25 15:10:08.919690+00:00,2026-09-25 15:10:08.920690+00:00,2026-09-25 15:10:08.921690+00:00,2026-09-25 15:10:08.922690+00:00,2026-09-25 15:10:08.923690+00:00,2026-09-25 15:10:08.924691+00:00,2026-09-25 15:10:08.914690+00:00,2026-09-25 15:10:08.926691+00:00,2026-09-25 15:10:08.927691+00:00,2026-09-25 15:10:08.917690+00:00,2026-09-25 15:10:08.929691+00:00,2026-09-25 15:10:08.930691+00:00,2026-09-25 15:10:08.931691+00:00,2026-09-25 15:10:08.943692+00:00,2026-09-25 15:10:08.955692+00:00,2026-09-25 15:10:08.934691+00:00,2026-09-25 15:10:08.957692+00:00,2026-09-25 15:10:08.947692+00:00,2026-09-25 15:10:08.937691+00:00,2026-09-25 15:10:08.938691+00:00,2026-09-25 15:10:08.939691+00:00,2026-09-25 15:10:08.951692+00:00,2026-09-25 15:10:08.941691+00:00,2026-09-25 15:10:08.942692+00:00,2026-09-25 15:10:08.932691+00:00,2026-09-25 15:10:08.957692+00:00,0.410807,2.4342331070307957,178.7529497066767,True,False,True,False,False,True,True,False,False,True,True,True,False,False,False,False
221,2026-09-25 13:41:04.427344+00:00,2026-09-25 15:10:09.371716+00:00,144.008,True,False,False,False,False,False,True,False,False,False,False,False,False,False,False,True,False,False,False,False,False,False,False,False,True,True,False,False,False,True,False,False,False,False,False,False,False,True,False,True,False,True,False,True,True,True,False,False,False,False,False,False,False,False,False,True,False,True,False,False,True,True,False,True,False,False,False,False,True,True,True,False,False,False,False,False,False,False,False,0,0,0,0,2026-09-25 15:10:09.227708+00:00,2026-09-25 15:10:09.290711+00:00,2026-09-25 15:10:09.300712+00:00,2026-09-25 15:10:09.292712+00:00,2026-09-25 15:10:09.293712+00:00,2026-09-25 15:10:09.294712+00:00,2026-09-25 15:10:09.295712+00:00,2026-09-25 15:10:09.296712+00:00,2026-09-25 15:10:09.297712+00:00,2026-09-25 15:10:09.298712+00:00,2026-09-25 15:10:09.291712+00:00,2026-09-25 15:10:09.299712+00:00,2026-09-25 15:10:09.301712+00:00,2026-09-25 15:10:09.302712+00:00,2026-09-25 15:10:09.303712+00:00,2026-09-25 15:10:09.304712+00:00,2026-09-25 15:10:09.305712+00:00,2026-09-25 15:10:09.306712+00:00,2026-09-25 15:10:09.307712+00:00,2026-09-25 15:10:09.308712+00:00,2026-09-25 15:10:09.309713+00:00,2026-09-25 15:10:09.310713+00:00,2026-09-25 15:10:09.322713+00:00,2026-09-25 15:10:09.312713+00:00,2026-09-25 15:10:09.313713+00:00,2026-09-25 15:10:09.314713+00:00,2026-09-25 15:10:09.315713+00:00,2026-09-25 15:10:09.316713+00:00,2026-09-25 15:10:09.317713+00:00,2026-09-25 15:10:09.318713+00:00,2026-09-25 15:10:09.319713+00:00,2026-09-25 15:10:09.320713+00:00,2026-09-25 15:10:09.321713+00:00,2026-09-25 15:10:09.311713+00:00,2026-09-25 15:10:09.323713+00:00,2026-09-25 15:10:09.324713+00:00,2026-09-25 15:10:09.325713+00:00,2026-09-25 15:10:09.326714+00:00,2026-09-25 15:10:09.327714+00:00,2026-09-25 15:10:09.328714+00:00,2026-09-25 15:10:09.329714+00:00,2026-09-25 15:10:09.330714+00:00,2026-09-25 15:10:09.331714+00:00,2026-09-25 15:10:09.332714+00:00,2026-09-25 15:10:09.333714+00:00,2026-09-25 15:10:09.334714+00:00,2026-09-25 15:10:09.335714+00:00,2026-09-25 15:10:09.336714+00:00,2026-09-25 15:10:09.337714+00:00,2026-09-25 15:10:09.338714+00:00,2026-09-25 15:10:09.339714+00:00,2026-09-25 15:10:09.340714+00:00,2026-09-25 15:10:09.341714+00:00,2026-09-25 15:10:09.342714+00:00,2026-09-25 15:10:09.343714+00:00,2026-09-25 15:10:09.344715+00:00,2026-09-25 15:10:09.356715+00:00,2026-09-25 15:10:09.357715+00:00,2026-09-25 15:10:09.358715+00:00,2026-09-25 15:10:09.348715+00:00,2026-09-25 15:10:09.349715+00:00,2026-09-25 15:10:09.350715+00:00,2026-09-25 15:10:09.351715+00:00,2026-09-25 15:10:09.352715+00:00,2026-09-25 15:10:09.353715+00:00,2026-09-25 15:10:09.354715+00:00,2026-09-25 15:10:09.355715+00:00,2026-09-25 15:10:09.345715+00:00,2026-09-25 15:10:09.346715+00:00,2026-09-25 15:10:09.347715+00:00,2026-09-25 15:10:09.359715+00:00,2026-09-25 15:10:09.371716+00:00,2026-09-25 15:10:09.361716+00:00,2026-09-25 15:10:09.362716+00:00,2026-09-25 15:10:09.363716+00:00,2026-09-25 15:10:09.364716+00:00,2026-09-25 15:10:09.365716+00:00,2026-09-25 15:10:09.366716+00:00,2026-09-25 15:10:09.367716+00:00,2026-09-25 15:10:09.368716+00:00,2026-09-25 15:10:09.369716+00:00,2026-09-25 15:10:09.370716+00:00,2026-09-25 15:10:09.360715+00:00,2026-09-25 15:10:09.371716+00:00,0.4289,2.331545814875262,178.77279275996443,True,False,True,False,False,True,True,False,False,True,True,True,False,False,False,False
222,2026-09-25 13:41:04.871859+00:00,2026-09-25 15:10:09.730737+00:00,90.006,True,False,False,False,False,False,True,False,False,False,False,False,False,False,False,True,False,False,False,False,False,False,False,False,True,True,False,False,False,True,False,False,False,False,False,False,False,True,False,True,False,True,False,True,True,True,False,False,False,False,False,False,False,False,False,True,False,True,False,False,True,True,False,True,False,False,False,False,True,True,True,False,False,False,False,False,False,False,False,0,0,0,0,2026-09-25 15:10:09.640731+00:00,2026-09-25 15:10:09.648732+00:00,2026-09-25 15:10:09.649732+00:00,2026-09-25 15:10:09.650732+00:00,2026-09-25 15:10:09.651732+00:00,2026-09-25 15:10:09.652732+00:00,2026-09-25 15:10:09.653732+00:00,2026-09-25 15:10:09.654732+00:00,2026-09-25 15:10:09.655732+00:00,2026-09-25 15:10:09.656732+00:00,2026-09-25 15:10:09.657732+00:00,2026-09-25 15:10:09.658733+00:00,2026-09-25 15:10:09.659733+00:00,2026-09-25 15:10:09.660733+00:00,2026-09-25 15:10:09.661733+00:00,2026-09-25 15:10:09.662733+00:00,2026-09-25 15:10:09.663733+00:00,2026-09-25 15:10:09.664733+00:00,2026-09-25 15:10:09.666733+00:00,2026-09-25 15:10:09.667733+00:00,2026-09-25 15:10:09.668733+00:00,2026-09-25 15:10:09.669733+00:00,2026-09-25 15:10:09.670733+00:00,2026-09-25 15:10:09.671733+00:00,2026-09-25 15:10:09.672733+00:00,2026-09-25 15:10:09.673733+00:00,2026-09-25 15:10:09.674733+00:00,2026-09-25 15:10:09.675733+00:00,2026-09-25 15:10:09.676734+00:00,2026-09-25 15:10:09.677734+00:00,2026-09-25 15:10:09.678734+00:00,2026-09-25 15:10:09.679734+00:00,2026-09-25 15:10:09.680734+00:00,2026-09-25 15:10:09.681734+00:00,2026-09-25 15:10:09.682734+00:00,2026-09-25 15:10:09.683734+00:00,2026-09-25 15:10:09.684734+00:00,2026-09-25 15:10:09.685734+00:00,2026-09-25 15:10:09.686734+00:00,2026-09-25 15:10:09.687734+00:00,2026-09-25 15:10:09.688734+00:00,2026-09-25 15:10:09.689734+00:00,2026-09-25 15:10:09.690734+00:00,2026-09-25 15:10:09.691734+00:00,2026-09-25 15:10:09.692734+00:00,2026-09-25 15:10:09.693735+00:00,2026-09-25 15:10:09.694735+00:00,2026-09-25 15:10:09.695735+00:00,2026-09-25 15:10:09.696735+00:00,2026-09-25 15:10:09.697735+00:00,2026-09-25 15:10:09.698735+00:00,2026-09-25 15:10:09.699735+00:00,2026-09-25 15:10:09.700735+00:00,2026-09-25 15:10:09.701735+00:00,2026-09-25 15:10:09.702735+00:00,2026-09-25 15:10:09.703735+00:00,2026-09-25 15:10:09.704735+00:00,2026-09-25 15:10:09.705735+00:00,2026-09-25 15:10:09.706735+00:00,2026-09-25 15:10:09.707735+00:00,2026-09-25 15:10:09.719736+00:00,2026-09-25 15:10:09.709735+00:00,2026-09-25 15:10:09.710735+00:00,2026-09-25 15:10:09.711736+00:00,2026-09-25 15:10:09.712736+00:00,2026-09-25 15:10:09.713736+00:00,2026-09-25 15:10:09.714736+00:00,2026-09-25 15:10:09.715736+00:00,2026-09-25 15:10:09.716736+00:00,2026-09-25 15:10:09.717736+00:00,2026-09-25 15:10:09.718736+00:00,2026-09-25 15:10:09.708735+00:00,2026-09-25 15:10:09.720736+00:00,2026-09-25 15:10:09.721736+00:00,2026-09-25 15:10:09.722736+00:00,2026-09-25 15:10:09.723736+00:00,2026-09-25 15:10:09.724736+00:00,2026-09-25 15:10:09.725736+00:00,2026-09-25 15:10:09.726736+00:00,2026-09-25 15:10:09.727736+00:00,2026-09-25 15:10:09.728737+00:00,2026-09-25 15:10:09.729737+00:00,2026-09-25 15:10:09.730737+00:00,2026-09-25 15:10:09.730737+00:00,0.444515,2.2496428691945156,178.78866312499258,True,False,True,False,False,True,True,False,False,True,True,True,False,False,False,False
223,2026-09-25 13:41:05.220027+00:00,2026-09-25 15:10:10.176762+00:00,88.005,True,False,False,False,False,False,True,False,False,False,False,False,False,False,False,True,False,False,False,False,False,False,False,False,True,True,False,False,False,True,False,False,False,False,False,False,False,True,False,True,False,True,False,True,True,True,False,False,False,False,False,False,False,False,False,True,False,True,False,False,True,True,False,True,False,False,False,False,True,True,True,False,False,False,False,False,False,False,False,0,0,0,0,2026-09-25 15:10:10.088757+00:00,2026-09-25 15:10:10.094757+00:00,2026-09-25 15:10:10.100758+00:00,2026-09-25 15:10:10.096758+00:00,2026-09-25 15:10:10.097758+00:00,2026-09-25 15:10:10.098758+00:00,2026-09-25 15:10:10.099758+00:00,2026-09-25 15:10:10.095757+00:00,2026-09-25 15:10:10.101758+00:00,2026-09-25 15:10:10.102758+00:00,2026-09-25 15:10:10.103758+00:00,2026-09-25 15:10:10.104758+00:00,2026-09-25 15:10:10.105758+00:00,2026-09-25 15:10:10.106758+00:00,2026-09-25 15:10:10.107758+00:00,2026-09-25 15:10:10.108758+00:00,2026-09-25 15:10:10.109758+00:00,2026-09-25 15:10:10.110758+00:00,2026-09-25 15:10:10.111758+00:00,2026-09-25 15:10:10.112758+00:00,2026-09-25 15:10:10.113759+00:00,2026-09-25 15:10:10.114759+00:00,2026-09-25 15:10:10.115759+00:00,2026-09-25 15:10:10.116759+00:00,2026-09-25 15:10:10.117759+00:00,2026-09-25 15:10:10.118759+00:00,2026-09-25 15:10:10.119759+00:00,2026-09-25 15:10:10.120759+00:00,2026-09-25 15:10:10.121759+00:00,2026-09-25 15:10:10.122759+00:00,2026-09-25 15:10:10.123759+00:00,2026-09-25 15:10:10.124759+00:00,2026-09-25 15:10:10.136760+00:00,2026-09-25 15:10:10.126759+00:00,2026-09-25 15:10:10.127759+00:00,2026-09-25 15:10:10.128759+00:00,2026-09-25 15:10:10.129759+00:00,2026-09-25 15:10:10.130760+00:00,2026-09-25 15:10:10.131760+00:00,2026-09-25 15:10:10.132760+00:00,2026-09-25 15:10:10.133760+00:00,2026-09-25 15:10:10.134760+00:00,2026-09-25 15:10:10.135760+00:00,2026-09-25 15:10:10.125759+00:00,2026-09-25 15:10:10.137760+00:00,2026-09-25 15:10:10.138760+00:00,2026-09-25 15:10:10.139760+00:00,2026-09-25 15:10:10.140760+00:00,2026-09-25 15:10:10.141760+00:00,2026-09-25 15:10:10.142760+00:00,2026-09-25 15:10:10.143760+00:00,2026-09-25 15:10:10.144760+00:00,2026-09-25 15:10:10.145760+00:00,2026-09-25 15:10:10.146760+00:00,2026-09-25 15:10:10.147760+00:00,2026-09-25 15:10:10.148761+00:00,2026-09-25 15:10:10.149761+00:00,2026-09-25 15:10:10.150761+00:00,2026-09-25 15:10:10.151761+00:00,2026-09-25 15:10:10.152761+00:00,2026-09-25 15:10:10.153761+00:00,2026-09-25 15:10:10.165762+00:00,2026-09-25 15:10:10.155761+00:00,2026-09-25 15:10:10.156761+00:00,2026-09-25 15:10:10.157761+00:00,2026-09-25 15:10:10.158761+00:00,2026-09-25 15:10:10.159761+00:00,2026-09-25 15:10:10.160761+00:00,2026-09-25 15:10:10.161761+00:00,2026-09-25 15:10:10.162761+00:00,2026-09-25 15:10:10.163761+00:00,2026-09-25 15:10:10.164761+00:00,2026-09-25 15:10:10.166762+00:00,2026-09-25 15:10:10.167762+00:00,2026-09-25 15:10:10.168762+00:00,2026-09-25 15:10:10.169762+00:00,2026-09-25 15:10:10.170762+00:00,2026-09-25 15:10:10.171762+00:00,2026-09-25 15:10:10.172762+00:00,2026-09-25 15:10:10.173762+00:00,2026-09-25 15:10:10.174762+00:00,2026-09-25 15:10:10.175762+00:00,2026-09-25 15:10:10.176762+00:00,2026-09-25 15:10:10.176762+00:00,0.348168,2.8721766503527033,178.80648233656353,True,False,True,False,False,True,True,False,False,True,True,True,False,False,False,False
224,2026-09-25 13:41:05.695941+00:00,2026-09-25 15:10:10.543783+00:00,104.006,True,False,False,False,False,False,True,False,False,False,False,False,False,False,False,True,False,False,False,False,False,False,False,False,True,True,False,False,False,True,False,False,False,False,False,False,False,True,False,True,False,True,False,True,True,True,False,False,False,False,False,False,False,False,False,True,False,True,False,False,True,True,False,True,False,False,False,False,True,True,True,False,False,False,False,False,False,False,False,0,0,0,0,2026-09-25 15:10:10.439777+00:00,2026-09-25 15:10:10.462778+00:00,2026-09-25 15:10:10.463779+00:00,2026-09-25 15:10:10.464779+00:00,2026-09-25 15:10:10.465779+00:00,2026-09-25 15:10:10.466779+00:00,2026-09-25 15:10:10.467779+00:00,2026-09-25 15:10:10.468779+00:00,2026-09-25 15:10:10.469779+00:00,2026-09-25 15:10:10.470779+00:00,2026-09-25 15:10:10.471779+00:00,2026-09-25 15:10:10.472779+00:00,2026-09-25 15:10:10.473779+00:00,2026-09-25 15:10:10.474779+00:00,2026-09-25 15:10:10.475779+00:00,2026-09-25 15:10:10.476779+00:00,2026-09-25 15:10:10.477779+00:00,2026-09-25 15:10:10.478779+00:00,2026-09-25 15:10:10.479779+00:00,2026-09-25 15:10:10.480780+00:00,2026-09-25 15:10:10.481780+00:00,2026-09-25 15:10:10.482780+00:00,2026-09-25 15:10:10.483780+00:00,2026-09-25 15:10:10.484780+00:00,2026-09-25 15:10:10.485780+00:00,2026-09-25 15:10:10.486780+00:00,2026-09-25 15:10:10.487780+00:00,2026-09-25 15:10:10.488780+00:00,2026-09-25 15:10:10.489780+00:00,2026-09-25 15:10:10.490780+00:00,2026-09-25 15:10:10.491780+00:00,2026-09-25 15:10:10.492780+00:00,2026-09-25 15:10:10.493780+00:00,2026-09-25 15:10:10.494780+00:00,2026-09-25 15:10:10.495780+00:00,2026-09-25 15:10:10.496780+00:00,2026-09-25 15:10:10.497780+00:00,2026-09-25 15:10:10.498781+00:00,2026-09-25 15:10:10.499781+00:00,2026-09-25 15:10:10.500781+00:00,2026-09-25 15:10:10.501781+00:00,2026-09-25 15:10:10.502781+00:00,2026-09-25 15:10:10.503781+00:00,2026-09-25 15:10:10.515782+00:00,2026-09-25 15:10:10.505781+00:00,2026-09-25 15:10:10.517782+00:00,2026-09-25 15:10:10.507781+00:00,2026-09-25 15:10:10.508781+00:00,2026-09-25 15:10:10.509781+00:00,2026-09-25 15:10:10.521782+00:00,2026-09-25 15:10:10.511781+00:00,2026-09-25 15:10:10.512781+00:00,2026-09-25 15:10:10.524782+00:00,2026-09-25 15:10:10.514781+00:00,2026-09-25 15:10:10.504781+00:00,2026-09-25 15:10:10.516782+00:00,2026-09-25 15:10:10.506781+00:00,2026-09-25 15:10:10.518782+00:00,2026-09-25 15:10:10.530782+00:00,2026-09-25 15:10:10.520782+00:00,2026-09-25 15:10:10.510781+00:00,2026-09-25 15:10:10.522782+00:00,2026-09-25 15:10:10.523782+00:00,2026-09-25 15:10:10.513781+00:00,2026-09-25 15:10:10.525782+00:00,2026-09-25 15:10:10.526782+00:00,2026-09-25 15:10:10.527782+00:00,2026-09-25 15:10:10.528782+00:00,2026-09-25 15:10:10.529782+00:00,2026-09-25 15:10:10.519782+00:00,2026-09-25 15:10:10.531782+00:00,2026-09-25 15:10:10.532782+00:00,2026-09-25 15:10:10.533783+00:00,2026-09-25 15:10:10.534783+00:00,2026-09-25 15:10:10.535783+00:00,2026-09-25 15:10:10.536783+00:00,2026-09-25 15:10:10.537783+00:00,2026-09-25 15:10:10.538783+00:00,2026-09-25 15:10:10.539783+00:00,2026-09-25 15:10:10.540783+00:00,2026-09-25 15:10:10.541783+00:00,2026-09-25 15:10:10.542783+00:00,2026-09-25 15:10:10.543783+00:00,2026-09-25 15:10:10.543783+00:00,0.475914,2.101219968313603,178.8194422758491,True,False,True,False,False,True,True,False,False,True,True,True,False,False,False,False
225,2026-09-25 13:41:06.039333+00:00,2026-09-25 15:10:10.997809+00:00,89.005,True,False,False,False,False,False,True,False,False,False,False,False,False,False,False,True,False,False,False,False,False,False,False,False,True,True,False,False,False,True,False,False,False,False,False,False,False,True,False,True,False,True,False,True,True,True,False,False,False,False,False,False,False,False,False,True,False,True,False,False,True,True,False,True,False,False,False,False,True,True,True,False,False,False,False,False,False,False,False,0,0,0,0,2026-09-25 15:10:10.908804+00:00,2026-09-25 15:10:10.914804+00:00,2026-09-25 15:10:10.926805+00:00,2026-09-25 15:10:10.916804+00:00,2026-09-25 15:10:10.917805+00:00,2026-09-25 15:10:10.918805+00:00,2026-09-25 15:10:10.919805+00:00,2026-09-25 15:10:10.920805+00:00,2026-09-25 15:10:10.921805+00:00,2026-09-25 15:10:10.922805+00:00,2026-09-25 15:10:10.923805+00:00,2026-09-25 15:10:10.924805+00:00,2026-09-25 15:10:10.915804+00:00,2026-09-25 15:10:10.938806+00:00,2026-09-25 15:10:10.939806+00:00,2026-09-25 15:10:10.940806+00:00,2026-09-25 15:10:10.930805+00:00,2026-09-25 15:10:10.931805+00:00,2026-09-25 15:10:10.932805+00:00,2026-09-25 15:10:10.933805+00:00,2026-09-25 15:10:10.934805+00:00,2026-09-25 15:10:10.935806+00:00,2026-09-25 15:10:10.936806+00:00,2026-09-25 15:10:10.937806+00:00,2026-09-25 15:10:10.927805+00:00,2026-09-25 15:10:10.928805+00:00,2026-09-25 15:10:10.929805+00:00,2026-09-25 15:10:10.941806+00:00,2026-09-25 15:10:10.942806+00:00,2026-09-25 15:10:10.943806+00:00,2026-09-25 15:10:10.944806+00:00,2026-09-25 15:10:10.945806+00:00,2026-09-25 15:10:10.946806+00:00,2026-09-25 15:10:10.947806+00:00,2026-09-25 15:10:10.948806+00:00,2026-09-25 15:10:10.949806+00:00,2026-09-25 15:10:10.950806+00:00,2026-09-25 15:10:10.951806+00:00,2026-09-25 15:10:10.952807+00:00,2026-09-25 15:10:10.953807+00:00,2026-09-25 15:10:10.954807+00:00,2026-09-25 15:10:10.955807+00:00,2026-09-25 15:10:10.956807+00:00,2026-09-25 15:10:10.957807+00:00,2026-09-25 15:10:10.958807+00:00,2026-09-25 15:10:10.959807+00:00,2026-09-25 15:10:10.960807+00:00,2026-09-25 15:10:10.961807+00:00,2026-09-25 15:10:10.962807+00:00,2026-09-25 15:10:10.963807+00:00,2026-09-25 15:10:10.964807+00:00,2026-09-25 15:10:10.965807+00:00,2026-09-25 15:10:10.966807+00:00,2026-09-25 15:10:10.967807+00:00,2026-09-25 15:10:10.968807+00:00,2026-09-25 15:10:10.969807+00:00,2026-09-25 15:10:10.970808+00:00,2026-09-25 15:10:10.972808+00:00,2026-09-25 15:10:10.984808+00:00,2026-09-25 15:10:10.974808+00:00,2026-09-25 15:10:10.975808+00:00,2026-09-25 15:10:10.976808+00:00,2026-09-25 15:10:10.977808+00:00,2026-09-25 15:10:10.978808+00:00,2026-09-25 15:10:10.990809+00:00,2026-09-25 15:10:10.980808+00:00,2026-09-25 15:10:10.981808+00:00,2026-09-25 15:10:10.982808+00:00,2026-09-25 15:10:10.983808+00:00,2026-09-25 15:10:10.973808+00:00,2026-09-25 15:10:10.985808+00:00,2026-09-25 15:10:10.986808+00:00,2026-09-25 15:10:10.987809+00:00,2026-09-25 15:10:10.988809+00:00,2026-09-25 15:10:10.989809+00:00,2026-09-25 15:10:10.979808+00:00,2026-09-25 15:10:10.991809+00:00,2026-09-25 15:10:10.992809+00:00,2026-09-25 15:10:10.993809+00:00,2026-09-25 15:10:10.994809+00:00,2026-09-25 15:10:10.995809+00:00,2026-09-25 15:10:10.996809+00:00,2026-09-25 15:10:10.997809+00:00,2026-09-25 15:10:10.997809+00:00,0.343392,2.912123753611034,178.83318794433904,True,False,True,False,False,True,True,False,False,True,True,True,False,False,False,False
226,2026-09-25 13:41:06.389294+00:00,2026-09-25 15:10:11.344829+00:00,91.005,True,False,False,False,False,False,True,False,False,False,False,False,False,False,False,True,False,False,False,False,False,False,False,False,True,True,False,False,False,True,False,False,False,False,False,False,False,True,False,True,False,True,False,True,True,True,False,False,False,False,False,False,False,False,False,True,False,True,False,False,True,True,False,True,False,False,False,False,True,True,True,False,False,False,False,False,False,False,False,0,0,0,0,2026-09-25 15:10:11.253824+00:00,2026-09-25 15:10:11.263824+00:00,2026-09-25 15:10:11.274825+00:00,2026-09-25 15:10:11.265824+00:00,2026-09-25 15:10:11.266824+00:00,2026-09-25 15:10:11.267825+00:00,2026-09-25 15:10:11.268825+00:00,2026-09-25 15:10:11.264824+00:00,2026-09-25 15:10:11.269825+00:00,2026-09-25 15:10:11.281825+00:00,2026-09-25 15:10:11.282825+00:00,2026-09-25 15:10:11.283825+00:00,2026-09-25 15:10:11.284826+00:00,2026-09-25 15:10:11.286826+00:00,2026-09-25 15:10:11.276825+00:00,2026-09-25 15:10:11.288826+00:00,2026-09-25 15:10:11.278825+00:00,2026-09-25 15:10:11.279825+00:00,2026-09-25 15:10:11.291826+00:00,2026-09-25 15:10:11.270825+00:00,2026-09-25 15:10:11.271825+00:00,2026-09-25 15:10:11.272825+00:00,2026-09-25 15:10:11.273825+00:00,2026-09-25 15:10:11.285826+00:00,2026-09-25 15:10:11.275825+00:00,2026-09-25 15:10:11.287826+00:00,2026-09-25 15:10:11.277825+00:00,2026-09-25 15:10:11.289826+00:00,2026-09-25 15:10:11.290826+00:00,2026-09-25 15:10:11.280825+00:00,2026-09-25 15:10:11.292826+00:00,2026-09-25 15:10:11.293826+00:00,2026-09-25 15:10:11.294826+00:00,2026-09-25 15:10:11.295826+00:00,2026-09-25 15:10:11.296826+00:00,2026-09-25 15:10:11.297826+00:00,2026-09-25 15:10:11.298826+00:00,2026-09-25 15:10:11.310827+00:00,2026-09-25 15:10:11.300826+00:00,2026-09-25 15:10:11.301826+00:00,2026-09-25 15:10:11.302827+00:00,2026-09-25 15:10:11.303827+00:00,2026-09-25 15:10:11.304827+00:00,2026-09-25 15:10:11.305827+00:00,2026-09-25 15:10:11.306827+00:00,2026-09-25 15:10:11.307827+00:00,2026-09-25 15:10:11.308827+00:00,2026-09-25 15:10:11.309827+00:00,2026-09-25 15:10:11.299826+00:00,2026-09-25 15:10:11.311827+00:00,2026-09-25 15:10:11.312827+00:00,2026-09-25 15:10:11.313827+00:00,2026-09-25 15:10:11.314827+00:00,2026-09-25 15:10:11.326828+00:00,2026-09-25 15:10:11.316827+00:00,2026-09-25 15:10:11.317827+00:00,2026-09-25 15:10:11.318827+00:00,2026-09-25 15:10:11.319828+00:00,2026-09-25 15:10:11.320828+00:00,2026-09-25 15:10:11.321828+00:00,2026-09-25 15:10:11.322828+00:00,2026-09-25 15:10:11.323828+00:00,2026-09-25 15:10:11.324828+00:00,2026-09-25 15:10:11.325828+00:00,2026-09-25 15:10:11.315827+00:00,2026-09-25 15:10:11.327828+00:00,2026-09-25 15:10:11.328828+00:00,2026-09-25 15:10:11.329828+00:00,2026-09-25 15:10:11.330828+00:00,2026-09-25 15:10:11.331828+00:00,2026-09-25 15:10:11.332828+00:00,2026-09-25 15:10:11.333828+00:00,2026-09-25 15:10:11.334828+00:00,2026-09-25 15:10:11.335828+00:00,2026-09-25 15:10:11.336828+00:00,2026-09-25 15:10:11.337829+00:00,2026-09-25 15:10:11.338829+00:00,2026-09-25 15:10:11.339829+00:00,2026-09-25 15:10:11.340829+00:00,2026-09-25 15:10:11.341829+00:00,2026-09-25 15:10:11.342829+00:00,2026-09-25 15:10:11.343829+00:00,2026-09-25 15:10:11.344829+00:00,2026-09-25 15:10:11.344829+00:00,0.349961,2.857461259968968,178.84188787850613,True,False,True,False,False,True,True,False,False,True,True,True,False,False,False,False
227,2026-09-25 13:41:06.799097+00:00,2026-09-25 15:10:11.744852+00:00,87.005,True,False,False,False,False,False,True,False,False,False,False,False,False,False,False,True,False,False,False,False,False,False,False,False,True,True,False,False,False,True,False,False,False,False,False,False,False,True,False,True,False,True,False,True,True,True,False,False,False,False,False,False,False,False,False,True,False,True,False,False,True,True,False,True,False,False,False,False,True,True,True,False,False,False,False,False,False,False,False,0,0,0,0,2026-09-25 15:10:11.657847+00:00,2026-09-25 15:10:11.663847+00:00,2026-09-25 15:10:11.664847+00:00,2026-09-25 15:10:11.665847+00:00,2026-09-25 15:10:11.666847+00:00,2026-09-25 15:10:11.667847+00:00,2026-09-25 15:10:11.668847+00:00,2026-09-25 15:10:11.669848+00:00,2026-09-25 15:10:11.670848+00:00,2026-09-25 15:10:11.671848+00:00,2026-09-25 15:10:11.672848+00:00,2026-09-25 15:10:11.673848+00:00,2026-09-25 15:10:11.674848+00:00,2026-09-25 15:10:11.675848+00:00,2026-09-25 15:10:11.676848+00:00,2026-09-25 15:10:11.677848+00:00,2026-09-25 15:10:11.678848+00:00,2026-09-25 15:10:11.679848+00:00,2026-09-25 15:10:11.680848+00:00,2026-09-25 15:10:11.681848+00:00,2026-09-25 15:10:11.682848+00:00,2026-09-25 15:10:11.683848+00:00,2026-09-25 15:10:11.695849+00:00,2026-09-25 15:10:11.685848+00:00,2026-09-25 15:10:11.686849+00:00,2026-09-25 15:10:11.687849+00:00,2026-09-25 15:10:11.688849+00:00,2026-09-25 15:10:11.700849+00:00,2026-09-25 15:10:11.690849+00:00,2026-09-25 15:10:11.691849+00:00,2026-09-25 15:10:11.692849+00:00,2026-09-25 15:10:11.693849+00:00,2026-09-25 15:10:11.694849+00:00,2026-09-25 15:10:11.684848+00:00,2026-09-25 15:10:11.696849+00:00,2026-09-25 15:10:11.708850+00:00,2026-09-25 15:10:11.698849+00:00,2026-09-25 15:10:11.699849+00:00,2026-09-25 15:10:11.689849+00:00,2026-09-25 15:10:11.701849+00:00,2026-09-25 15:10:11.702849+00:00,2026-09-25 15:10:11.703849+00:00,2026-09-25 15:10:11.704850+00:00,2026-09-25 15:10:11.705850+00:00,2026-09-25 15:10:11.706850+00:00,2026-09-25 15:10:11.707850+00:00,2026-09-25 15:10:11.697849+00:00,2026-09-25 15:10:11.709850+00:00,2026-09-25 15:10:11.710850+00:00,2026-09-25 15:10:11.711850+00:00,2026-09-25 15:10:11.712850+00:00,2026-09-25 15:10:11.713850+00:00,2026-09-25 15:10:11.714850+00:00,2026-09-25 15:10:11.715850+00:00,2026-09-25 15:10:11.716850+00:00,2026-09-25 15:10:11.717850+00:00,2026-09-25 15:10:11.718850+00:00,2026-09-25 15:10:11.719850+00:00,2026-09-25 15:10:11.720850+00:00,2026-09-25 15:10:11.721851+00:00,2026-09-25 15:10:11.722851+00:00,2026-09-25 15:10:11.723851+00:00,2026-09-25 15:10:11.724851+00:00,2026-09-25 15:10:11.725851+00:00,2026-09-25 15:10:11.726851+00:00,2026-09-25 15:10:11.727851+00:00,2026-09-25 15:10:11.728851+00:00,2026-09-25 15:10:11.729851+00:00,2026-09-25 15:10:11.730851+00:00,2026-09-25 15:10:11.731851+00:00,2026-09-25 15:10:11.732851+00:00,2026-09-25 15:10:11.733851+00:00,2026-09-25 15:10:11.734851+00:00,2026-09-25 15:10:11.735851+00:00,2026-09-25 15:10:11.736851+00:00,2026-09-25 15:10:11.737851+00:00,2026-09-25 15:10:11.738851+00:00,2026-09-25 15:10:11.739852+00:00,2026-09-25 15:10:11.740852+00:00,2026-09-25 15:10:11.741852+00:00,2026-09-25 15:10:11.742852+00:00,2026-09-25 15:10:11.743852+00:00,2026-09-25 15:10:11.744852+00:00,2026-09-25 15:10:11.744852+00:00,0.409803,2.440196875083882,178.84987264622995,True,False,True,False,False,True,True,False,False,True,True,True,False,False,False,False
228,2026-09-25 13:41:07.187030+00:00,2026-09-25 15:10:12.125874+00:00,109.007,True,False,False,False,False,False,True,False,False,False,False,False,False,False,False,True,False,False,False,False,False,False,False,False,True,True,False,True,False,True,False,False,False,False,False,True,False,False,False,True,False,True,True,True,True,True,False,False,False,False,False,False,False,False,False,True,False,True,False,False,True,True,False,True,False,False,False,False,True,True,True,False,False,False,False,False,False,False,False,0,0,0,0,2026-09-25 15:10:12.016867+00:00,2026-09-25 15:10:12.044869+00:00,2026-09-25 15:10:12.045869+00:00,2026-09-25 15:10:12.046869+00:00,2026-09-25 15:10:12.047869+00:00,2026-09-25 15:10:12.059870+00:00,2026-09-25 15:10:12.049869+00:00,2026-09-25 15:10:12.050869+00:00,2026-09-25 15:10:12.051869+00:00,2026-09-25 15:10:12.052869+00:00,2026-09-25 15:10:12.053869+00:00,2026-09-25 15:10:12.054870+00:00,2026-09-25 15:10:12.055870+00:00,2026-09-25 15:10:12.056870+00:00,2026-09-25 15:10:12.057870+00:00,2026-09-25 15:10:12.058870+00:00,2026-09-25 15:10:12.048869+00:00,2026-09-25 15:10:12.060870+00:00,2026-09-25 15:10:12.061870+00:00,2026-09-25 15:10:12.062870+00:00,2026-09-25 15:10:12.063870+00:00,2026-09-25 15:10:12.064870+00:00,2026-09-25 15:10:12.065870+00:00,2026-09-25 15:10:12.066870+00:00,2026-09-25 15:10:12.067870+00:00,2026-09-25 15:10:12.068870+00:00,2026-09-25 15:10:12.069870+00:00,2026-09-25 15:10:12.070870+00:00,2026-09-25 15:10:12.071871+00:00,2026-09-25 15:10:12.072871+00:00,2026-09-25 15:10:12.073871+00:00,2026-09-25 15:10:12.074871+00:00,2026-09-25 15:10:12.075871+00:00,2026-09-25 15:10:12.076871+00:00,2026-09-25 15:10:12.077871+00:00,2026-09-25 15:10:12.078871+00:00,2026-09-25 15:10:12.090872+00:00,2026-09-25 15:10:12.080871+00:00,2026-09-25 15:10:12.081871+00:00,2026-09-25 15:10:12.082871+00:00,2026-09-25 15:10:12.083871+00:00,2026-09-25 15:10:12.084871+00:00,2026-09-25 15:10:12.085871+00:00,2026-09-25 15:10:12.086871+00:00,2026-09-25 15:10:12.087871+00:00,2026-09-25 15:10:12.088871+00:00,2026-09-25 15:10:12.089872+00:00,2026-09-25 15:10:12.079871+00:00,2026-09-25 15:10:12.091872+00:00,2026-09-25 15:10:12.092872+00:00,2026-09-25 15:10:12.093872+00:00,2026-09-25 15:10:12.094872+00:00,2026-09-25 15:10:12.095872+00:00,2026-09-25 15:10:12.096872+00:00,2026-09-25 15:10:12.097872+00:00,2026-09-25 15:10:12.098872+00:00,2026-09-25 15:10:12.099872+00:00,2026-09-25 15:10:12.100872+00:00,2026-09-25 15:10:12.101872+00:00,2026-09-25 15:10:12.113873+00:00,2026-09-25 15:10:12.103872+00:00,2026-09-25 15:10:12.104872+00:00,2026-09-25 15:10:12.105872+00:00,2026-09-25 15:10:12.106873+00:00,2026-09-25 15:10:12.107873+00:00,2026-09-25 15:10:12.108873+00:00,2026-09-25 15:10:12.109873+00:00,2026-09-25 15:10:12.110873+00:00,2026-09-25 15:10:12.111873+00:00,2026-09-25 15:10:12.112873+00:00,2026-09-25 15:10:12.102872+00:00,2026-09-25 15:10:12.114873+00:00,2026-09-25 15:10:12.115873+00:00,2026-09-25 15:10:12.116873+00:00,2026-09-25 15:10:12.117873+00:00,2026-09-25 15:10:12.118873+00:00,2026-09-25 15:10:12.119873+00:00,2026-09-25 15:10:12.120873+00:00,2026-09-25 15:10:12.121873+00:00,2026-09-25 15:10:12.122873+00:00,2026-09-25 15:10:12.123874+00:00,2026-09-25 15:10:12.124874+00:00,2026-09-25 15:10:12.125874+00:00,2026-09-25 15:10:12.125874+00:00,0.387933,2.577764717103211,178.85535612529577,True,False,True,False,False,True,True,False,False,True,True,True,False,False,False,False
229,2026-09-25 13:41:07.558132+00:00,2026-09-25 15:10:12.492895+00:00,92.006,True,False,False,False,False,False,True,False,False,False,False,False,False,False,False,True,False,False,False,False,False,False,False,False,True,True,False,False,False,True,False,False,False,False,False,False,False,False,True,True,False,True,False,True,True,True,False,False,False,False,False,False,False,False,False,True,False,True,False,False,True,True,False,True,False,False,False,False,True,True,True,False,False,False,False,False,False,False,False,0,0,0,0,2026-09-25 15:10:12.400889+00:00,2026-09-25 15:10:12.408890+00:00,2026-09-25 15:10:12.418890+00:00,2026-09-25 15:10:12.410890+00:00,2026-09-25 15:10:12.411890+00:00,2026-09-25 15:10:12.423891+00:00,2026-09-25 15:10:12.424891+00:00,2026-09-25 15:10:12.414890+00:00,2026-09-25 15:10:12.415890+00:00,2026-09-25 15:10:12.416890+00:00,2026-09-25 15:10:12.417890+00:00,2026-09-25 15:10:12.409890+00:00,2026-09-25 15:10:12.419890+00:00,2026-09-25 15:10:12.420890+00:00,2026-09-25 15:10:12.421891+00:00,2026-09-25 15:10:12.422891+00:00,2026-09-25 15:10:12.412890+00:00,2026-09-25 15:10:12.413890+00:00,2026-09-25 15:10:12.425891+00:00,2026-09-25 15:10:12.426891+00:00,2026-09-25 15:10:12.427891+00:00,2026-09-25 15:10:12.428891+00:00,2026-09-25 15:10:12.429891+00:00,2026-09-25 15:10:12.430891+00:00,2026-09-25 15:10:12.431891+00:00,2026-09-25 15:10:12.432891+00:00,2026-09-25 15:10:12.433891+00:00,2026-09-25 15:10:12.434891+00:00,2026-09-25 15:10:12.435891+00:00,2026-09-25 15:10:12.436891+00:00,2026-09-25 15:10:12.437891+00:00,2026-09-25 15:10:12.438892+00:00,2026-09-25 15:10:12.439892+00:00,2026-09-25 15:10:12.440892+00:00,2026-09-25 15:10:12.441892+00:00,2026-09-25 15:10:12.442892+00:00,2026-09-25 15:10:12.443892+00:00,2026-09-25 15:10:12.444892+00:00,2026-09-25 15:10:12.445892+00:00,2026-09-25 15:10:12.446892+00:00,2026-09-25 15:10:12.447892+00:00,2026-09-25 15:10:12.448892+00:00,2026-09-25 15:10:12.449892+00:00,2026-09-25 15:10:12.450892+00:00,2026-09-25 15:10:12.451892+00:00,2026-09-25 15:10:12.452892+00:00,2026-09-25 15:10:12.466893+00:00,2026-09-25 15:10:12.467893+00:00,2026-09-25 15:10:12.457893+00:00,2026-09-25 15:10:12.458893+00:00,2026-09-25 15:10:12.459893+00:00,2026-09-25 15:10:12.471893+00:00,2026-09-25 15:10:12.461893+00:00,2026-09-25 15:10:12.462893+00:00,2026-09-25 15:10:12.463893+00:00,2026-09-25 15:10:12.464893+00:00,2026-09-25 15:10:12.465893+00:00,2026-09-25 15:10:12.454892+00:00,2026-09-25 15:10:12.456893+00:00,2026-09-25 15:10:12.468893+00:00,2026-09-25 15:10:12.469893+00:00,2026-09-25 15:10:12.470893+00:00,2026-09-25 15:10:12.460893+00:00,2026-09-25 15:10:12.472893+00:00,2026-09-25 15:10:12.473894+00:00,2026-09-25 15:10:12.474894+00:00,2026-09-25 15:10:12.475894+00:00,2026-09-25 15:10:12.476894+00:00,2026-09-25 15:10:12.477894+00:00,2026-09-25 15:10:12.478894+00:00,2026-09-25 15:10:12.479894+00:00,2026-09-25 15:10:12.480894+00:00,2026-09-25 15:10:12.481894+00:00,2026-09-25 15:10:12.482894+00:00,2026-09-25 15:10:12.483894+00:00,2026-09-25 15:10:12.484894+00:00,2026-09-25 15:10:12.486894+00:00,2026-09-25 15:10:12.487894+00:00,2026-09-25 15:10:12.488894+00:00,2026-09-25 15:10:12.489894+00:00,2026-09-25 15:10:12.490894+00:00,2026-09-25 15:10:12.491895+00:00,2026-09-25 15:10:12.492895+00:00,2026-09-25 15:10:12.492895+00:00,0.371102,2.6946769351822413,178.85860768283507,True,False,True,False,False,True,True,False,False,True,True,True,False,False,False,False
230,2026-09-25 13:41:07.963725+00:00,2026-09-25 15:10:12.893918+00:00,121.007,True,False,False,False,False,False,True,False,False,False,False,False,False,False,False,True,False,False,False,False,False,False,False,False,True,True,False,False,False,True,False,False,False,False,False,False,False,False,True,True,False,True,False,True,True,True,False,False,False,False,False,False,False,False,False,True,False,True,False,False,True,True,False,True,False,False,False,False,True,True,True,False,False,False,False,False,False,False,False,0,0,0,0,2026-09-25 15:10:12.772911+00:00,2026-09-25 15:10:12.812913+00:00,2026-09-25 15:10:12.813913+00:00,2026-09-25 15:10:12.814913+00:00,2026-09-25 15:10:12.815913+00:00,2026-09-25 15:10:12.816913+00:00,2026-09-25 15:10:12.817913+00:00,2026-09-25 15:10:12.818913+00:00,2026-09-25 15:10:12.819913+00:00,2026-09-25 15:10:12.820913+00:00,2026-09-25 15:10:12.821913+00:00,2026-09-25 15:10:12.822913+00:00,2026-09-25 15:10:12.823914+00:00,2026-09-25 15:10:12.824914+00:00,2026-09-25 15:10:12.825914+00:00,2026-09-25 15:10:12.826914+00:00,2026-09-25 15:10:12.827914+00:00,2026-09-25 15:10:12.828914+00:00,2026-09-25 15:10:12.829914+00:00,2026-09-25 15:10:12.830914+00:00,2026-09-25 15:10:12.831914+00:00,2026-09-25 15:10:12.832914+00:00,2026-09-25 15:10:12.833914+00:00,2026-09-25 15:10:12.834914+00:00,2026-09-25 15:10:12.835914+00:00,2026-09-25 15:10:12.836914+00:00,2026-09-25 15:10:12.837914+00:00,2026-09-25 15:10:12.838914+00:00,2026-09-25 15:10:12.839914+00:00,2026-09-25 15:10:12.840915+00:00,2026-09-25 15:10:12.841915+00:00,2026-09-25 15:10:12.842915+00:00,2026-09-25 15:10:12.854915+00:00,2026-09-25 15:10:12.844915+00:00,2026-09-25 15:10:12.845915+00:00,2026-09-25 15:10:12.846915+00:00,2026-09-25 15:10:12.847915+00:00,2026-09-25 15:10:12.848915+00:00,2026-09-25 15:10:12.860916+00:00,2026-09-25 15:10:12.850915+00:00,2026-09-25 15:10:12.851915+00:00,2026-09-25 15:10:12.852915+00:00,2026-09-25 15:10:12.853915+00:00,2026-09-25 15:10:12.843915+00:00,2026-09-25 15:10:12.855915+00:00,2026-09-25 15:10:12.856915+00:00,2026-09-25 15:10:12.857915+00:00,2026-09-25 15:10:12.858916+00:00,2026-09-25 15:10:12.859916+00:00,2026-09-25 15:10:12.849915+00:00,2026-09-25 15:10:12.861916+00:00,2026-09-25 15:10:12.862916+00:00,2026-09-25 15:10:12.863916+00:00,2026-09-25 15:10:12.864916+00:00,2026-09-25 15:10:12.865916+00:00,2026-09-25 15:10:12.866916+00:00,2026-09-25 15:10:12.867916+00:00,2026-09-25 15:10:12.868916+00:00,2026-09-25 15:10:12.869916+00:00,2026-09-25 15:10:12.870916+00:00,2026-09-25 15:10:12.871916+00:00,2026-09-25 15:10:12.872916+00:00,2026-09-25 15:10:12.873916+00:00,2026-09-25 15:10:12.874916+00:00,2026-09-25 15:10:12.886917+00:00,2026-09-25 15:10:12.876917+00:00,2026-09-25 15:10:12.877917+00:00,2026-09-25 15:10:12.878917+00:00,2026-09-25 15:10:12.879917+00:00,2026-09-25 15:10:12.880917+00:00,2026-09-25 15:10:12.881917+00:00,2026-09-25 15:10:12.882917+00:00,2026-09-25 15:10:12.883917+00:00,2026-09-25 15:10:12.884917+00:00,2026-09-25 15:10:12.885917+00:00,2026-09-25 15:10:12.875917+00:00,2026-09-25 15:10:12.887917+00:00,2026-09-25 15:10:12.888917+00:00,2026-09-25 15:10:12.889917+00:00,2026-09-25 15:10:12.890917+00:00,2026-09-25 15:10:12.891917+00:00,2026-09-25 15:10:12.892917+00:00,2026-09-25 15:10:12.893918+00:00,2026-09-25 15:10:12.893918+00:00,0.405593,2.4655257857014297,178.85981109607843,True,False,True,False,False,True,True,False,False,True,True,True,False,False,False,False
231,2026-09-25 13:41:08.339292+00:00,2026-09-25 15:10:13.273939+00:00,92.005,True,False,False,False,False,False,True,False,False,False,False,False,False,False,False,True,False,False,False,False,False,False,False,False,True,True,False,False,False,True,False,False,False,False,False,False,False,False,True,True,False,True,False,True,True,True,False,False,False,False,False,False,False,False,False,True,False,True,False,False,True,True,False,True,False,False,False,False,True,True,True,False,False,False,False,False,False,False,False,0,0,0,0,2026-09-25 15:10:13.181934+00:00,2026-09-25 15:10:13.191935+00:00,2026-09-25 15:10:13.192935+00:00,2026-09-25 15:10:13.193935+00:00,2026-09-25 15:10:13.194935+00:00,2026-09-25 15:10:13.195935+00:00,2026-09-25 15:10:13.196935+00:00,2026-09-25 15:10:13.209936+00:00,2026-09-25 15:10:13.198935+00:00,2026-09-25 15:10:13.199935+00:00,2026-09-25 15:10:13.200935+00:00,2026-09-25 15:10:13.201935+00:00,2026-09-25 15:10:13.202935+00:00,2026-09-25 15:10:13.204935+00:00,2026-09-25 15:10:13.205935+00:00,2026-09-25 15:10:13.206935+00:00,2026-09-25 15:10:13.207936+00:00,2026-09-25 15:10:13.208936+00:00,2026-09-25 15:10:13.197935+00:00,2026-09-25 15:10:13.210936+00:00,2026-09-25 15:10:13.211936+00:00,2026-09-25 15:10:13.212936+00:00,2026-09-25 15:10:13.213936+00:00,2026-09-25 15:10:13.214936+00:00,2026-09-25 15:10:13.215936+00:00,2026-09-25 15:10:13.216936+00:00,2026-09-25 15:10:13.217936+00:00,2026-09-25 15:10:13.218936+00:00,2026-09-25 15:10:13.219936+00:00,2026-09-25 15:10:13.220936+00:00,2026-09-25 15:10:13.221936+00:00,2026-09-25 15:10:13.222936+00:00,2026-09-25 15:10:13.223936+00:00,2026-09-25 15:10:13.224936+00:00,2026-09-25 15:10:13.225937+00:00,2026-09-25 15:10:13.226937+00:00,2026-09-25 15:10:13.227937+00:00,2026-09-25 15:10:13.228937+00:00,2026-09-25 15:10:13.229937+00:00,2026-09-25 15:10:13.230937+00:00,2026-09-25 15:10:13.231937+00:00,2026-09-25 15:10:13.232937+00:00,2026-09-25 15:10:13.233937+00:00,2026-09-25 15:10:13.234937+00:00,2026-09-25 15:10:13.235937+00:00,2026-09-25 15:10:13.236937+00:00,2026-09-25 15:10:13.237937+00:00,2026-09-25 15:10:13.238937+00:00,2026-09-25 15:10:13.239937+00:00,2026-09-25 15:10:13.240937+00:00,2026-09-25 15:10:13.241937+00:00,2026-09-25 15:10:13.242938+00:00,2026-09-25 15:10:13.243938+00:00,2026-09-25 15:10:13.244938+00:00,2026-09-25 15:10:13.245938+00:00,2026-09-25 15:10:13.246938+00:00,2026-09-25 15:10:13.247938+00:00,2026-09-25 15:10:13.248938+00:00,2026-09-25 15:10:13.249938+00:00,2026-09-25 15:10:13.250938+00:00,2026-09-25 15:10:13.251938+00:00,2026-09-25 15:10:13.252938+00:00,2026-09-25 15:10:13.253938+00:00,2026-09-25 15:10:13.254938+00:00,2026-09-25 15:10:13.255938+00:00,2026-09-25 15:10:13.267939+00:00,2026-09-25 15:10:13.268939+00:00,2026-09-25 15:10:13.258938+00:00,2026-09-25 15:10:13.259938+00:00,2026-09-25 15:10:13.260939+00:00,2026-09-25 15:10:13.261939+00:00,2026-09-25 15:10:13.262939+00:00,2026-09-25 15:10:13.263939+00:00,2026-09-25 15:10:13.264939+00:00,2026-09-25 15:10:13.265939+00:00,2026-09-25 15:10:13.266939+00:00,2026-09-25 15:10:13.256938+00:00,2026-09-25 15:10:13.257938+00:00,2026-09-25 15:10:13.269939+00:00,2026-09-25 15:10:13.270939+00:00,2026-09-25 15:10:13.271939+00:00,2026-09-25 15:10:13.272939+00:00,2026-09-25 15:10:13.273939+00:00,2026-09-25 15:10:13.273939+00:00,0.375567,2.6626407538468504,178.8586285108814,True,False,True,False,False,True,True,False,False,True,True,True,False,False,False,False
232,2026-09-25 13:41:08.752001+00:00,2026-09-25 15:10:13.707964+00:00,87.005,True,False,False,False,False,False,True,False,False,False,False,False,False,False,False,True,False,False,False,False,False,False,False,False,True,True,False,False,False,True,False,False,False,False,False,False,False,False,True,True,False,True,False,True,True,True,False,False,False,False,False,False,False,False,False,True,False,True,False,False,True,True,False,True,False,False,False,False,True,True,True,False,False,False,False,False,False,False,False,0,0,0,0,2026-09-25 15:10:13.620959+00:00,2026-09-25 15:10:13.625959+00:00,2026-09-25 15:10:13.626959+00:00,2026-09-25 15:10:13.627960+00:00,2026-09-25 15:10:13.628960+00:00,2026-09-25 15:10:13.629960+00:00,2026-09-25 15:10:13.630960+00:00,2026-09-25 15:10:13.631960+00:00,2026-09-25 15:10:13.632960+00:00,2026-09-25 15:10:13.633960+00:00,2026-09-25 15:10:13.634960+00:00,2026-09-25 15:10:13.635960+00:00,2026-09-25 15:10:13.636960+00:00,2026-09-25 15:10:13.637960+00:00,2026-09-25 15:10:13.638960+00:00,2026-09-25 15:10:13.639960+00:00,2026-09-25 15:10:13.640960+00:00,2026-09-25 15:10:13.641960+00:00,2026-09-25 15:10:13.642960+00:00,2026-09-25 15:10:13.654961+00:00,2026-09-25 15:10:13.667962+00:00,2026-09-25 15:10:13.656961+00:00,2026-09-25 15:10:13.657961+00:00,2026-09-25 15:10:13.647961+00:00,2026-09-25 15:10:13.648961+00:00,2026-09-25 15:10:13.649961+00:00,2026-09-25 15:10:13.650961+00:00,2026-09-25 15:10:13.651961+00:00,2026-09-25 15:10:13.652961+00:00,2026-09-25 15:10:13.653961+00:00,2026-09-25 15:10:13.643960+00:00,2026-09-25 15:10:13.644961+00:00,2026-09-25 15:10:13.645961+00:00,2026-09-25 15:10:13.646961+00:00,2026-09-25 15:10:13.658961+00:00,2026-09-25 15:10:13.659961+00:00,2026-09-25 15:10:13.660961+00:00,2026-09-25 15:10:13.661961+00:00,2026-09-25 15:10:13.663962+00:00,2026-09-25 15:10:13.664962+00:00,2026-09-25 15:10:13.665962+00:00,2026-09-25 15:10:13.666962+00:00,2026-09-25 15:10:13.655961+00:00,2026-09-25 15:10:13.668962+00:00,2026-09-25 15:10:13.669962+00:00,2026-09-25 15:10:13.670962+00:00,2026-09-25 15:10:13.671962+00:00,2026-09-25 15:10:13.672962+00:00,2026-09-25 15:10:13.673962+00:00,2026-09-25 15:10:13.674962+00:00,2026-09-25 15:10:13.675962+00:00,2026-09-25 15:10:13.676962+00:00,2026-09-25 15:10:13.677962+00:00,2026-09-25 15:10:13.678962+00:00,2026-09-25 15:10:13.690963+00:00,2026-09-25 15:10:13.680963+00:00,2026-09-25 15:10:13.681963+00:00,2026-09-25 15:10:13.682963+00:00,2026-09-25 15:10:13.683963+00:00,2026-09-25 15:10:13.684963+00:00,2026-09-25 15:10:13.685963+00:00,2026-09-25 15:10:13.686963+00:00,2026-09-25 15:10:13.687963+00:00,2026-09-25 15:10:13.688963+00:00,2026-09-25 15:10:13.689963+00:00,2026-09-25 15:10:13.679963+00:00,2026-09-25 15:10:13.691963+00:00,2026-09-25 15:10:13.692963+00:00,2026-09-25 15:10:13.693963+00:00,2026-09-25 15:10:13.694963+00:00,2026-09-25 15:10:13.695963+00:00,2026-09-25 15:10:13.696963+00:00,2026-09-25 15:10:13.697964+00:00,2026-09-25 15:10:13.698964+00:00,2026-09-25 15:10:13.699964+00:00,2026-09-25 15:10:13.700964+00:00,2026-09-25 15:10:13.701964+00:00,2026-09-25 15:10:13.702964+00:00,2026-09-25 15:10:13.703964+00:00,2026-09-25 15:10:13.704964+00:00,2026-09-25 15:10:13.705964+00:00,2026-09-25 15:10:13.706964+00:00,2026-09-25 15:10:13.707964+00:00,2026-09-25 15:10:13.707964+00:00,0.412709,2.4230147634289536,178.85445163633082,True,False,True,False,False,True,True,False,False,True,True,True,False,False,False,False
233,2026-09-25 13:41:09.105812+00:00,2026-09-25 15:10:14.058984+00:00,92.005,True,False,False,False,False,False,True,False,False,False,False,False,False,False,False,True,False,False,False,False,False,False,False,False,True,True,False,False,False,True,False,False,False,False,False,False,False,False,True,True,False,True,False,True,True,True,False,False,False,False,False,False,False,False,False,True,False,True,False,False,True,True,False,True,False,False,False,False,True,True,True,False,False,False,False,False,False,False,False,0,0,0,0,2026-09-25 15:10:13.966979+00:00,2026-09-25 15:10:13.973979+00:00,2026-09-25 15:10:13.974979+00:00,2026-09-25 15:10:13.975979+00:00,2026-09-25 15:10:13.976979+00:00,2026-09-25 15:10:13.989980+00:00,2026-09-25 15:10:13.979980+00:00,2026-09-25 15:10:13.980980+00:00,2026-09-25 15:10:13.981980+00:00,2026-09-25 15:10:13.982980+00:00,2026-09-25 15:10:13.983980+00:00,2026-09-25 15:10:13.984980+00:00,2026-09-25 15:10:13.985980+00:00,2026-09-25 15:10:13.986980+00:00,2026-09-25 15:10:13.987980+00:00,2026-09-25 15:10:13.988980+00:00,2026-09-25 15:10:13.978980+00:00,2026-09-25 15:10:13.990980+00:00,2026-09-25 15:10:13.991980+00:00,2026-09-25 15:10:13.992980+00:00,2026-09-25 15:10:13.993980+00:00,2026-09-25 15:10:13.994981+00:00,2026-09-25 15:10:14.006981+00:00,2026-09-25 15:10:13.996981+00:00,2026-09-25 15:10:13.997981+00:00,2026-09-25 15:10:13.998981+00:00,2026-09-25 15:10:13.999981+00:00,2026-09-25 15:10:14.000981+00:00,2026-09-25 15:10:14.001981+00:00,2026-09-25 15:10:14.002981+00:00,2026-09-25 15:10:14.003981+00:00,2026-09-25 15:10:14.004981+00:00,2026-09-25 15:10:14.028982+00:00,2026-09-25 15:10:13.995981+00:00,2026-09-25 15:10:14.007981+00:00,2026-09-25 15:10:14.008981+00:00,2026-09-25 15:10:14.009981+00:00,2026-09-25 15:10:14.010981+00:00,2026-09-25 15:10:14.011981+00:00,2026-09-25 15:10:14.012982+00:00,2026-09-25 15:10:14.013982+00:00,2026-09-25 15:10:14.026982+00:00,2026-09-25 15:10:14.016982+00:00,2026-09-25 15:10:14.005981+00:00,2026-09-25 15:10:14.029983+00:00,2026-09-25 15:10:14.019982+00:00,2026-09-25 15:10:14.020982+00:00,2026-09-25 15:10:14.021982+00:00,2026-09-25 15:10:14.022982+00:00,2026-09-25 15:10:14.023982+00:00,2026-09-25 15:10:14.024982+00:00,2026-09-25 15:10:14.025982+00:00,2026-09-25 15:10:14.015982+00:00,2026-09-25 15:10:14.027982+00:00,2026-09-25 15:10:14.017982+00:00,2026-09-25 15:10:14.018982+00:00,2026-09-25 15:10:14.030983+00:00,2026-09-25 15:10:14.042983+00:00,2026-09-25 15:10:14.032983+00:00,2026-09-25 15:10:14.033983+00:00,2026-09-25 15:10:14.034983+00:00,2026-09-25 15:10:14.035983+00:00,2026-09-25 15:10:14.036983+00:00,2026-09-25 15:10:14.037983+00:00,2026-09-25 15:10:14.038983+00:00,2026-09-25 15:10:14.039983+00:00,2026-09-25 15:10:14.040983+00:00,2026-09-25 15:10:14.041983+00:00,2026-09-25 15:10:14.031983+00:00,2026-09-25 15:10:14.043983+00:00,2026-09-25 15:10:14.044983+00:00,2026-09-25 15:10:14.058984+00:00,2026-09-25 15:10:14.047984+00:00,2026-09-25 15:10:14.048984+00:00,2026-09-25 15:10:14.049984+00:00,2026-09-25 15:10:14.050984+00:00,2026-09-25 15:10:14.051984+00:00,2026-09-25 15:10:14.052984+00:00,2026-09-25 15:10:14.053984+00:00,2026-09-25 15:10:14.054984+00:00,2026-09-25 15:10:14.056984+00:00,2026-09-25 15:10:14.057984+00:00,2026-09-25 15:10:14.045983+00:00,2026-09-25 15:10:14.058984+00:00,0.353811,2.8263677500134254,178.84883358511536,True,False,True,False,False,True,True,False,False,True,True,True,False,False,False,False
234,2026-09-25 13:41:09.463993+00:00,2026-09-25 15:10:14.411004+00:00,91.005,True,False,False,False,False,False,True,False,False,False,False,False,False,False,False,True,False,False,False,False,False,False,False,False,True,True,False,False,False,True,False,False,False,False,False,False,False,False,True,True,False,True,False,True,True,True,False,False,False,False,False,False,False,False,False,True,False,True,False,False,True,True,False,True,False,False,False,False,True,True,True,False,False,False,False,False,False,False,False,0,0,0,0,2026-09-25 15:10:14.319999+00:00,2026-09-25 15:10:14.327000+00:00,2026-09-25 15:10:14.328000+00:00,2026-09-25 15:10:14.329000+00:00,2026-09-25 15:10:14.341000+00:00,2026-09-25 15:10:14.331000+00:00,2026-09-25 15:10:14.332000+00:00,2026-09-25 15:10:14.333000+00:00,2026-09-25 15:10:14.334000+00:00,2026-09-25 15:10:14.335000+00:00,2026-09-25 15:10:14.336000+00:00,2026-09-25 15:10:14.337000+00:00,2026-09-25 15:10:14.338000+00:00,2026-09-25 15:10:14.339000+00:00,2026-09-25 15:10:14.340000+00:00,2026-09-25 15:10:14.330000+00:00,2026-09-25 15:10:14.342000+00:00,2026-09-25 15:10:14.343000+00:00,2026-09-25 15:10:14.344000+00:00,2026-09-25 15:10:14.345001+00:00,2026-09-25 15:10:14.346001+00:00,2026-09-25 15:10:14.347001+00:00,2026-09-25 15:10:14.348001+00:00,2026-09-25 15:10:14.349001+00:00,2026-09-25 15:10:14.350001+00:00,2026-09-25 15:10:14.351001+00:00,2026-09-25 15:10:14.352001+00:00,2026-09-25 15:10:14.353001+00:00,2026-09-25 15:10:14.354001+00:00,2026-09-25 15:10:14.355001+00:00,2026-09-25 15:10:14.356001+00:00,2026-09-25 15:10:14.357001+00:00,2026-09-25 15:10:14.358001+00:00,2026-09-25 15:10:14.359001+00:00,2026-09-25 15:10:14.371002+00:00,2026-09-25 15:10:14.361001+00:00,2026-09-25 15:10:14.362002+00:00,2026-09-25 15:10:14.363002+00:00,2026-09-25 15:10:14.364002+00:00,2026-09-25 15:10:14.365002+00:00,2026-09-25 15:10:14.366002+00:00,2026-09-25 15:10:14.367002+00:00,2026-09-25 15:10:14.368002+00:00,2026-09-25 15:10:14.369002+00:00,2026-09-25 15:10:14.370002+00:00,2026-09-25 15:10:14.360001+00:00,2026-09-25 15:10:14.372002+00:00,2026-09-25 15:10:14.373002+00:00,2026-09-25 15:10:14.374002+00:00,2026-09-25 15:10:14.375002+00:00,2026-09-25 15:10:14.376002+00:00,2026-09-25 15:10:14.377002+00:00,2026-09-25 15:10:14.378002+00:00,2026-09-25 15:10:14.379002+00:00,2026-09-25 15:10:14.380003+00:00,2026-09-25 15:10:14.381003+00:00,2026-09-25 15:10:14.394003+00:00,2026-09-25 15:10:14.383003+00:00,2026-09-25 15:10:14.384003+00:00,2026-09-25 15:10:14.385003+00:00,2026-09-25 15:10:14.386003+00:00,2026-09-25 15:10:14.387003+00:00,2026-09-25 15:10:14.388003+00:00,2026-09-25 15:10:14.389003+00:00,2026-09-25 15:10:14.390003+00:00,2026-09-25 15:10:14.392003+00:00,2026-09-25 15:10:14.393003+00:00,2026-09-25 15:10:14.382003+00:00,2026-09-25 15:10:14.395003+00:00,2026-09-25 15:10:14.396003+00:00,2026-09-25 15:10:14.397004+00:00,2026-09-25 15:10:14.398004+00:00,2026-09-25 15:10:14.399004+00:00,2026-09-25 15:10:14.400004+00:00,2026-09-25 15:10:14.401004+00:00,2026-09-25 15:10:14.411004+00:00,2026-09-25 15:10:14.403004+00:00,2026-09-25 15:10:14.405004+00:00,2026-09-25 15:10:14.406004+00:00,2026-09-25 15:10:14.407004+00:00,2026-09-25 15:10:14.408004+00:00,2026-09-25 15:10:14.409004+00:00,2026-09-25 15:10:14.410004+00:00,2026-09-25 15:10:14.411004+00:00,0.358181,2.7918845499900886,178.8411651324607,True,False,True,False,False,True,True,False,False,True,True,True,False,False,False,False
235,2026-09-25 13:41:09.829050+00:00,2026-09-25 15:10:14.767025+00:00,88.005,True,False,False,False,False,False,True,False,False,False,False,False,False,False,False,True,False,False,False,False,False,False,False,False,True,True,False,False,False,True,False,False,False,False,False,False,False,False,True,True,False,True,False,True,True,True,False,False,False,False,False,False,False,False,False,True,False,True,False,False,True,True,False,True,False,False,False,False,True,True,True,False,False,False,False,False,False,False,False,0,0,0,0,2026-09-25 15:10:14.679020+00:00,2026-09-25 15:10:14.684020+00:00,2026-09-25 15:10:14.685020+00:00,2026-09-25 15:10:14.686020+00:00,2026-09-25 15:10:14.687020+00:00,2026-09-25 15:10:14.688020+00:00,2026-09-25 15:10:14.689020+00:00,2026-09-25 15:10:14.702021+00:00,2026-09-25 15:10:14.691020+00:00,2026-09-25 15:10:14.692020+00:00,2026-09-25 15:10:14.693020+00:00,2026-09-25 15:10:14.706021+00:00,2026-09-25 15:10:14.695021+00:00,2026-09-25 15:10:14.696021+00:00,2026-09-25 15:10:14.697021+00:00,2026-09-25 15:10:14.698021+00:00,2026-09-25 15:10:14.699021+00:00,2026-09-25 15:10:14.700021+00:00,2026-09-25 15:10:14.690020+00:00,2026-09-25 15:10:14.703021+00:00,2026-09-25 15:10:14.704021+00:00,2026-09-25 15:10:14.705021+00:00,2026-09-25 15:10:14.694021+00:00,2026-09-25 15:10:14.707021+00:00,2026-09-25 15:10:14.708021+00:00,2026-09-25 15:10:14.709021+00:00,2026-09-25 15:10:14.710021+00:00,2026-09-25 15:10:14.711021+00:00,2026-09-25 15:10:14.712022+00:00,2026-09-25 15:10:14.713022+00:00,2026-09-25 15:10:14.714022+00:00,2026-09-25 15:10:14.715022+00:00,2026-09-25 15:10:14.716022+00:00,2026-09-25 15:10:14.717022+00:00,2026-09-25 15:10:14.718022+00:00,2026-09-25 15:10:14.719022+00:00,2026-09-25 15:10:14.720022+00:00,2026-09-25 15:10:14.721022+00:00,2026-09-25 15:10:14.722022+00:00,2026-09-25 15:10:14.723022+00:00,2026-09-25 15:10:14.724022+00:00,2026-09-25 15:10:14.725022+00:00,2026-09-25 15:10:14.726022+00:00,2026-09-25 15:10:14.738023+00:00,2026-09-25 15:10:14.728022+00:00,2026-09-25 15:10:14.729023+00:00,2026-09-25 15:10:14.730023+00:00,2026-09-25 15:10:14.731023+00:00,2026-09-25 15:10:14.743023+00:00,2026-09-25 15:10:14.733023+00:00,2026-09-25 15:10:14.734023+00:00,2026-09-25 15:10:14.735023+00:00,2026-09-25 15:10:14.736023+00:00,2026-09-25 15:10:14.737023+00:00,2026-09-25 15:10:14.727022+00:00,2026-09-25 15:10:14.739023+00:00,2026-09-25 15:10:14.740023+00:00,2026-09-25 15:10:14.741023+00:00,2026-09-25 15:10:14.742023+00:00,2026-09-25 15:10:14.732023+00:00,2026-09-25 15:10:14.744023+00:00,2026-09-25 15:10:14.745023+00:00,2026-09-25 15:10:14.746023+00:00,2026-09-25 15:10:14.758024+00:00,2026-09-25 15:10:14.748024+00:00,2026-09-25 15:10:14.749024+00:00,2026-09-25 15:10:14.750024+00:00,2026-09-25 15:10:14.751024+00:00,2026-09-25 15:10:14.752024+00:00,2026-09-25 15:10:14.753024+00:00,2026-09-25 15:10:14.754024+00:00,2026-09-25 15:10:14.755024+00:00,2026-09-25 15:10:14.756024+00:00,2026-09-25 15:10:14.757024+00:00,2026-09-25 15:10:14.747024+00:00,2026-09-25 15:10:14.759024+00:00,2026-09-25 15:10:14.760024+00:00,2026-09-25 15:10:14.761024+00:00,2026-09-25 15:10:14.762024+00:00,2026-09-25 15:10:14.763024+00:00,2026-09-25 15:10:14.764025+00:00,2026-09-25 15:10:14.766025+00:00,2026-09-25 15:10:14.767025+00:00,2026-09-25 15:10:14.767025+00:00,0.365057,2.739298246575192,178.83132394744683,True,False,True,False,False,True,True,False,False,True,True,True,False,False,False,False
236,2026-09-25 13:41:10.199708+00:00,2026-09-25 15:10:15.135046+00:00,93.006,True,False,False,False,False,False,True,True,False,False,False,False,False,False,False,False,False,False,True,False,True,False,False,False,True,True,False,False,False,True,False,False,False,False,False,False,False,False,True,True,False,True,False,True,True,True,False,False,False,False,False,False,False,False,False,True,False,True,False,False,True,True,False,True,False,False,False,False,True,True,True,False,False,False,False,False,False,False,False,0,0,0,0,2026-09-25 15:10:15.042040+00:00,2026-09-25 15:10:15.049041+00:00,2026-09-25 15:10:15.050041+00:00,2026-09-25 15:10:15.051041+00:00,2026-09-25 15:10:15.052041+00:00,2026-09-25 15:10:15.053041+00:00,2026-09-25 15:10:15.054041+00:00,2026-09-25 15:10:15.055041+00:00,2026-09-25 15:10:15.056041+00:00,2026-09-25 15:10:15.057041+00:00,2026-09-25 15:10:15.058041+00:00,2026-09-25 15:10:15.059041+00:00,2026-09-25 15:10:15.060041+00:00,2026-09-25 15:10:15.074042+00:00,2026-09-25 15:10:15.063042+00:00,2026-09-25 15:10:15.064042+00:00,2026-09-25 15:10:15.065042+00:00,2026-09-25 15:10:15.066042+00:00,2026-09-25 15:10:15.067042+00:00,2026-09-25 15:10:15.068042+00:00,2026-09-25 15:10:15.069042+00:00,2026-09-25 15:10:15.071042+00:00,2026-09-25 15:10:15.072042+00:00,2026-09-25 15:10:15.073042+00:00,2026-09-25 15:10:15.061041+00:00,2026-09-25 15:10:15.075042+00:00,2026-09-25 15:10:15.077042+00:00,2026-09-25 15:10:15.078042+00:00,2026-09-25 15:10:15.079043+00:00,2026-09-25 15:10:15.080043+00:00,2026-09-25 15:10:15.081043+00:00,2026-09-25 15:10:15.082043+00:00,2026-09-25 15:10:15.083043+00:00,2026-09-25 15:10:15.084043+00:00,2026-09-25 15:10:15.085043+00:00,2026-09-25 15:10:15.086043+00:00,2026-09-25 15:10:15.087043+00:00,2026-09-25 15:10:15.088043+00:00,2026-09-25 15:10:15.089043+00:00,2026-09-25 15:10:15.090043+00:00,2026-09-25 15:10:15.092043+00:00,2026-09-25 15:10:15.093043+00:00,2026-09-25 15:10:15.094043+00:00,2026-09-25 15:10:15.095043+00:00,2026-09-25 15:10:15.096043+00:00,2026-09-25 15:10:15.097044+00:00,2026-09-25 15:10:15.098044+00:00,2026-09-25 15:10:15.099044+00:00,2026-09-25 15:10:15.100044+00:00,2026-09-25 15:10:15.101044+00:00,2026-09-25 15:10:15.102044+00:00,2026-09-25 15:10:15.103044+00:00,2026-09-25 15:10:15.104044+00:00,2026-09-25 15:10:15.105044+00:00,2026-09-25 15:10:15.106044+00:00,2026-09-25 15:10:15.107044+00:00,2026-09-25 15:10:15.108044+00:00,2026-09-25 15:10:15.109044+00:00,2026-09-25 15:10:15.110044+00:00,2026-09-25 15:10:15.111044+00:00,2026-09-25 15:10:15.112044+00:00,2026-09-25 15:10:15.113044+00:00,2026-09-25 15:10:15.114045+00:00,2026-09-25 15:10:15.115045+00:00,2026-09-25 15:10:15.116045+00:00,2026-09-25 15:10:15.117045+00:00,2026-09-25 15:10:15.118045+00:00,2026-09-25 15:10:15.119045+00:00,2026-09-25 15:10:15.120045+00:00,2026-09-25 15:10:15.133046+00:00,2026-09-25 15:10:15.123045+00:00,2026-09-25 15:10:15.124045+00:00,2026-09-25 15:10:15.125045+00:00,2026-09-25 15:10:15.126045+00:00,2026-09-25 15:10:15.127045+00:00,2026-09-25 15:10:15.128045+00:00,2026-09-25 15:10:15.129045+00:00,2026-09-25 15:10:15.130045+00:00,2026-09-25 15:10:15.131046+00:00,2026-09-25 15:10:15.132046+00:00,2026-09-25 15:10:15.122045+00:00,2026-09-25 15:10:15.134046+00:00,2026-09-25 15:10:15.135046+00:00,2026-09-25 15:10:15.135046+00:00,0.370658,2.6979048071267853,178.81894042960718,True,False,True,False,False,True,True,False,False,True,True,True,False,False,False,False
237,2026-09-25 13:41:10.554559+00:00,2026-09-25 15:10:15.511067+00:00,96.005,True,False,False,False,False,False,True,True,False,False,False,False,False,False,False,False,False,False,True,False,True,False,False,False,True,True,False,False,True,True,False,False,False,False,True,False,True,False,False,True,True,False,True,True,True,True,False,False,False,False,False,False,False,False,False,True,False,True,False,False,True,True,False,True,False,False,False,False,True,True,True,False,False,False,False,False,False,False,False,0,0,0,0,2026-09-25 15:10:15.415062+00:00,2026-09-25 15:10:15.421062+00:00,2026-09-25 15:10:15.422062+00:00,2026-09-25 15:10:15.423062+00:00,2026-09-25 15:10:15.424062+00:00,2026-09-25 15:10:15.425062+00:00,2026-09-25 15:10:15.426062+00:00,2026-09-25 15:10:15.427062+00:00,2026-09-25 15:10:15.428062+00:00,2026-09-25 15:10:15.429063+00:00,2026-09-25 15:10:15.430063+00:00,2026-09-25 15:10:15.431063+00:00,2026-09-25 15:10:15.457064+00:00,2026-09-25 15:10:15.434063+00:00,2026-09-25 15:10:15.435063+00:00,2026-09-25 15:10:15.436063+00:00,2026-09-25 15:10:15.437063+00:00,2026-09-25 15:10:15.438063+00:00,2026-09-25 15:10:15.439063+00:00,2026-09-25 15:10:15.440063+00:00,2026-09-25 15:10:15.441063+00:00,2026-09-25 15:10:15.442063+00:00,2026-09-25 15:10:15.443063+00:00,2026-09-25 15:10:15.433063+00:00,2026-09-25 15:10:15.446064+00:00,2026-09-25 15:10:15.447064+00:00,2026-09-25 15:10:15.448064+00:00,2026-09-25 15:10:15.449064+00:00,2026-09-25 15:10:15.451064+00:00,2026-09-25 15:10:15.452064+00:00,2026-09-25 15:10:15.453064+00:00,2026-09-25 15:10:15.454064+00:00,2026-09-25 15:10:15.455064+00:00,2026-09-25 15:10:15.456064+00:00,2026-09-25 15:10:15.445063+00:00,2026-09-25 15:10:15.458064+00:00,2026-09-25 15:10:15.459064+00:00,2026-09-25 15:10:15.460064+00:00,2026-09-25 15:10:15.461064+00:00,2026-09-25 15:10:15.462064+00:00,2026-09-25 15:10:15.463064+00:00,2026-09-25 15:10:15.464065+00:00,2026-09-25 15:10:15.465065+00:00,2026-09-25 15:10:15.466065+00:00,2026-09-25 15:10:15.467065+00:00,2026-09-25 15:10:15.468065+00:00,2026-09-25 15:10:15.469065+00:00,2026-09-25 15:10:15.470065+00:00,2026-09-25 15:10:15.471065+00:00,2026-09-25 15:10:15.487066+00:00,2026-09-25 15:10:15.488066+00:00,2026-09-25 15:10:15.476065+00:00,2026-09-25 15:10:15.478065+00:00,2026-09-25 15:10:15.479065+00:00,2026-09-25 15:10:15.480065+00:00,2026-09-25 15:10:15.493066+00:00,2026-09-25 15:10:15.494066+00:00,2026-09-25 15:10:15.484066+00:00,2026-09-25 15:10:15.485066+00:00,2026-09-25 15:10:15.486066+00:00,2026-09-25 15:10:15.473065+00:00,2026-09-25 15:10:15.475065+00:00,2026-09-25 15:10:15.489066+00:00,2026-09-25 15:10:15.490066+00:00,2026-09-25 15:10:15.491066+00:00,2026-09-25 15:10:15.492066+00:00,2026-09-25 15:10:15.481066+00:00,2026-09-25 15:10:15.483066+00:00,2026-09-25 15:10:15.495066+00:00,2026-09-25 15:10:15.510067+00:00,2026-09-25 15:10:15.500067+00:00,2026-09-25 15:10:15.501067+00:00,2026-09-25 15:10:15.502067+00:00,2026-09-25 15:10:15.503067+00:00,2026-09-25 15:10:15.504067+00:00,2026-09-25 15:10:15.505067+00:00,2026-09-25 15:10:15.506067+00:00,2026-09-25 15:10:15.507067+00:00,2026-09-25 15:10:15.508067+00:00,2026-09-25 15:10:15.509067+00:00,2026-09-25 15:10:15.496066+00:00,2026-09-25 15:10:15.498066+00:00,2026-09-25 15:10:15.511067+00:00,2026-09-25 15:10:15.511067+00:00,0.354851,2.818084209992363,178.80396934809195,True,False,True,False,False,True,True,False,False,True,True,True,False,False,False,False
238,2026-09-25 13:41:10.905883+00:00,2026-09-25 15:10:15.862087+00:00,95.005,True,False,False,False,False,False,True,True,False,False,False,False,False,False,False,False,False,False,True,True,False,False,False,False,True,True,False,False,True,True,False,False,False,False,True,False,True,False,False,False,True,True,False,True,True,True,False,False,False,False,False,False,False,False,False,True,False,True,False,False,True,True,False,True,False,False,False,False,True,True,True,False,False,False,False,False,False,False,False,0,0,0,0,2026-09-25 15:10:15.767082+00:00,2026-09-25 15:10:15.775082+00:00,2026-09-25 15:10:15.777082+00:00,2026-09-25 15:10:15.779083+00:00,2026-09-25 15:10:15.780083+00:00,2026-09-25 15:10:15.781083+00:00,2026-09-25 15:10:15.782083+00:00,2026-09-25 15:10:15.783083+00:00,2026-09-25 15:10:15.784083+00:00,2026-09-25 15:10:15.785083+00:00,2026-09-25 15:10:15.786083+00:00,2026-09-25 15:10:15.787083+00:00,2026-09-25 15:10:15.788083+00:00,2026-09-25 15:10:15.789083+00:00,2026-09-25 15:10:15.790083+00:00,2026-09-25 15:10:15.791083+00:00,2026-09-25 15:10:15.792083+00:00,2026-09-25 15:10:15.793083+00:00,2026-09-25 15:10:15.794083+00:00,2026-09-25 15:10:15.795083+00:00,2026-09-25 15:10:15.796084+00:00,2026-09-25 15:10:15.797084+00:00,2026-09-25 15:10:15.798084+00:00,2026-09-25 15:10:15.799084+00:00,2026-09-25 15:10:15.800084+00:00,2026-09-25 15:10:15.801084+00:00,2026-09-25 15:10:15.802084+00:00,2026-09-25 15:10:15.803084+00:00,2026-09-25 15:10:15.804084+00:00,2026-09-25 15:10:15.818085+00:00,2026-09-25 15:10:15.807084+00:00,2026-09-25 15:10:15.808084+00:00,2026-09-25 15:10:15.809084+00:00,2026-09-25 15:10:15.810084+00:00,2026-09-25 15:10:15.811084+00:00,2026-09-25 15:10:15.812084+00:00,2026-09-25 15:10:15.813085+00:00,2026-09-25 15:10:15.827085+00:00,2026-09-25 15:10:15.816085+00:00,2026-09-25 15:10:15.817085+00:00,2026-09-25 15:10:15.806084+00:00,2026-09-25 15:10:15.819085+00:00,2026-09-25 15:10:15.820085+00:00,2026-09-25 15:10:15.821085+00:00,2026-09-25 15:10:15.822085+00:00,2026-09-25 15:10:15.823085+00:00,2026-09-25 15:10:15.824085+00:00,2026-09-25 15:10:15.825085+00:00,2026-09-25 15:10:15.815085+00:00,2026-09-25 15:10:15.828085+00:00,2026-09-25 15:10:15.829085+00:00,2026-09-25 15:10:15.830085+00:00,2026-09-25 15:10:15.831086+00:00,2026-09-25 15:10:15.832086+00:00,2026-09-25 15:10:15.833086+00:00,2026-09-25 15:10:15.834086+00:00,2026-09-25 15:10:15.835086+00:00,2026-09-25 15:10:15.836086+00:00,2026-09-25 15:10:15.837086+00:00,2026-09-25 15:10:15.838086+00:00,2026-09-25 15:10:15.839086+00:00,2026-09-25 15:10:15.840086+00:00,2026-09-25 15:10:15.841086+00:00,2026-09-25 15:10:15.842086+00:00,2026-09-25 15:10:15.843086+00:00,2026-09-25 15:10:15.856087+00:00,2026-09-25 15:10:15.846086+00:00,2026-09-25 15:10:15.847086+00:00,2026-09-25 15:10:15.848087+00:00,2026-09-25 15:10:15.849087+00:00,2026-09-25 15:10:15.850087+00:00,2026-09-25 15:10:15.851087+00:00,2026-09-25 15:10:15.852087+00:00,2026-09-25 15:10:15.853087+00:00,2026-09-25 15:10:15.854087+00:00,2026-09-25 15:10:15.855087+00:00,2026-09-25 15:10:15.845086+00:00,2026-09-25 15:10:15.857087+00:00,2026-09-25 15:10:15.858087+00:00,2026-09-25 15:10:15.859087+00:00,2026-09-25 15:10:15.860087+00:00,2026-09-25 15:10:15.861087+00:00,2026-09-25 15:10:15.862087+00:00,2026-09-25 15:10:15.862087+00:00,0.351324,2.8463754255331257,178.78788967666654,True,False,True,False,False,True,True,False,False,True,True,True,False,False,False,False
239,2026-09-25 13:41:11.332497+00:00,2026-09-25 15:10:16.239109+00:00,109.006,True,False,False,False,False,False,True,False,True,False,False,False,False,False,False,False,True,False,True,True,False,False,False,False,True,True,False,False,True,True,False,False,False,False,True,False,True,False,False,False,False,False,True,True,True,True,False,False,False,False,False,False,False,False,False,True,False,True,False,False,True,True,False,True,False,False,False,False,True,True,True,False,False,False,False,False,False,False,False,0,0,0,0,2026-09-25 15:10:16.130103+00:00,2026-09-25 15:10:16.136103+00:00,2026-09-25 15:10:16.138103+00:00,2026-09-25 15:10:16.140103+00:00,2026-09-25 15:10:16.141103+00:00,2026-09-25 15:10:16.142103+00:00,2026-09-25 15:10:16.143103+00:00,2026-09-25 15:10:16.144103+00:00,2026-09-25 15:10:16.145104+00:00,2026-09-25 15:10:16.146104+00:00,2026-09-25 15:10:16.147104+00:00,2026-09-25 15:10:16.148104+00:00,2026-09-25 15:10:16.149104+00:00,2026-09-25 15:10:16.150104+00:00,2026-09-25 15:10:16.152104+00:00,2026-09-25 15:10:16.153104+00:00,2026-09-25 15:10:16.155104+00:00,2026-09-25 15:10:16.156104+00:00,2026-09-25 15:10:16.157104+00:00,2026-09-25 15:10:16.158104+00:00,2026-09-25 15:10:16.159104+00:00,2026-09-25 15:10:16.160104+00:00,2026-09-25 15:10:16.161104+00:00,2026-09-25 15:10:16.162104+00:00,2026-09-25 15:10:16.163105+00:00,2026-09-25 15:10:16.165105+00:00,2026-09-25 15:10:16.166105+00:00,2026-09-25 15:10:16.167105+00:00,2026-09-25 15:10:16.168105+00:00,2026-09-25 15:10:16.169105+00:00,2026-09-25 15:10:16.170105+00:00,2026-09-25 15:10:16.171105+00:00,2026-09-25 15:10:16.172105+00:00,2026-09-25 15:10:16.173105+00:00,2026-09-25 15:10:16.174105+00:00,2026-09-25 15:10:16.175105+00:00,2026-09-25 15:10:16.177105+00:00,2026-09-25 15:10:16.178105+00:00,2026-09-25 15:10:16.179105+00:00,2026-09-25 15:10:16.180106+00:00,2026-09-25 15:10:16.181106+00:00,2026-09-25 15:10:16.182106+00:00,2026-09-25 15:10:16.183106+00:00,2026-09-25 15:10:16.184106+00:00,2026-09-25 15:10:16.185106+00:00,2026-09-25 15:10:16.186106+00:00,2026-09-25 15:10:16.188106+00:00,2026-09-25 15:10:16.190106+00:00,2026-09-25 15:10:16.191106+00:00,2026-09-25 15:10:16.192106+00:00,2026-09-25 15:10:16.193106+00:00,2026-09-25 15:10:16.194106+00:00,2026-09-25 15:10:16.195106+00:00,2026-09-25 15:10:16.196106+00:00,2026-09-25 15:10:16.197106+00:00,2026-09-25 15:10:16.212107+00:00,2026-09-25 15:10:16.201107+00:00,2026-09-25 15:10:16.202107+00:00,2026-09-25 15:10:16.203107+00:00,2026-09-25 15:10:16.204107+00:00,2026-09-25 15:10:16.205107+00:00,2026-09-25 15:10:16.206107+00:00,2026-09-25 15:10:16.207107+00:00,2026-09-25 15:10:16.208107+00:00,2026-09-25 15:10:16.210107+00:00,2026-09-25 15:10:16.211107+00:00,2026-09-25 15:10:16.199107+00:00,2026-09-25 15:10:16.213107+00:00,2026-09-25 15:10:16.215108+00:00,2026-09-25 15:10:16.217108+00:00,2026-09-25 15:10:16.219108+00:00,2026-09-25 15:10:16.221108+00:00,2026-09-25 15:10:16.222108+00:00,2026-09-25 15:10:16.223108+00:00,2026-09-25 15:10:16.224108+00:00,2026-09-25 15:10:16.226108+00:00,2026-09-25 15:10:16.228108+00:00,2026-09-25 15:10:16.230108+00:00,2026-09-25 15:10:16.232108+00:00,2026-09-25 15:10:16.234109+00:00,2026-09-25 15:10:16.236109+00:00,2026-09-25 15:10:16.237109+00:00,2026-09-25 15:10:16.239109+00:00,2026-09-25 15:10:16.239109+00:00,0.426614,2.344039342356322,178.7683767712455,True,False,True,False,False,False,True,False,False,True,True,True,False,False,False,False
240,2026-09-25 13:41:11.823586+00:00,2026-09-25 15:10:16.771139+00:00,207.012,True,False,False,False,False,False,True,False,True,False,False,False,False,False,False,False,True,False,True,True,False,False,False,False,True,True,False,False,True,True,False,False,False,False,True,False,True,False,False,True,True,False,False,True,True,True,False,False,False,False,False,False,False,False,False,True,False,True,False,False,True,True,False,True,False,False,False,False,True,True,True,False,False,False,False,False,False,False,False,0,0,0,0,2026-09-25 15:10:16.564127+00:00,2026-09-25 15:10:16.607130+00:00,2026-09-25 15:10:16.609130+00:00,2026-09-25 15:10:16.611130+00:00,2026-09-25 15:10:16.613130+00:00,2026-09-25 15:10:16.615130+00:00,2026-09-25 15:10:16.617131+00:00,2026-09-25 15:10:16.619131+00:00,2026-09-25 15:10:16.621131+00:00,2026-09-25 15:10:16.623131+00:00,2026-09-25 15:10:16.625131+00:00,2026-09-25 15:10:16.627131+00:00,2026-09-25 15:10:16.629131+00:00,2026-09-25 15:10:16.631131+00:00,2026-09-25 15:10:16.633131+00:00,2026-09-25 15:10:16.635132+00:00,2026-09-25 15:10:16.637132+00:00,2026-09-25 15:10:16.639132+00:00,2026-09-25 15:10:16.641132+00:00,2026-09-25 15:10:16.643132+00:00,2026-09-25 15:10:16.645132+00:00,2026-09-25 15:10:16.647132+00:00,2026-09-25 15:10:16.649132+00:00,2026-09-25 15:10:16.673134+00:00,2026-09-25 15:10:16.653133+00:00,2026-09-25 15:10:16.655133+00:00,2026-09-25 15:10:16.657133+00:00,2026-09-25 15:10:16.659133+00:00,2026-09-25 15:10:16.661133+00:00,2026-09-25 15:10:16.663133+00:00,2026-09-25 15:10:16.665133+00:00,2026-09-25 15:10:16.667133+00:00,2026-09-25 15:10:16.669133+00:00,2026-09-25 15:10:16.671134+00:00,2026-09-25 15:10:16.675134+00:00,2026-09-25 15:10:16.677134+00:00,2026-09-25 15:10:16.679134+00:00,2026-09-25 15:10:16.681134+00:00,2026-09-25 15:10:16.683134+00:00,2026-09-25 15:10:16.685134+00:00,2026-09-25 15:10:16.687135+00:00,2026-09-25 15:10:16.689135+00:00,2026-09-25 15:10:16.713136+00:00,2026-09-25 15:10:16.693135+00:00,2026-09-25 15:10:16.695135+00:00,2026-09-25 15:10:16.697135+00:00,2026-09-25 15:10:16.699135+00:00,2026-09-25 15:10:16.701135+00:00,2026-09-25 15:10:16.703135+00:00,2026-09-25 15:10:16.705136+00:00,2026-09-25 15:10:16.707136+00:00,2026-09-25 15:10:16.709136+00:00,2026-09-25 15:10:16.711136+00:00,2026-09-25 15:10:16.691135+00:00,2026-09-25 15:10:16.715136+00:00,2026-09-25 15:10:16.717136+00:00,2026-09-25 15:10:16.719136+00:00,2026-09-25 15:10:16.721136+00:00,2026-09-25 15:10:16.723137+00:00,2026-09-25 15:10:16.725137+00:00,2026-09-25 15:10:16.727137+00:00,2026-09-25 15:10:16.729137+00:00,2026-09-25 15:10:16.731137+00:00,2026-09-25 15:10:16.733137+00:00,2026-09-25 15:10:16.735137+00:00,2026-09-25 15:10:16.737137+00:00,2026-09-25 15:10:16.739137+00:00,2026-09-25 15:10:16.741138+00:00,2026-09-25 15:10:16.743138+00:00,2026-09-25 15:10:16.745138+00:00,2026-09-25 15:10:16.747138+00:00,2026-09-25 15:10:16.749138+00:00,2026-09-25 15:10:16.751138+00:00,2026-09-25 15:10:16.753138+00:00,2026-09-25 15:10:16.755138+00:00,2026-09-25 15:10:16.757139+00:00,2026-09-25 15:10:16.759139+00:00,2026-09-25 15:10:16.761139+00:00,2026-09-25 15:10:16.763139+00:00,2026-09-25 15:10:16.765139+00:00,2026-09-25 15:10:16.767139+00:00,2026-09-25 15:10:16.769139+00:00,2026-09-25 15:10:16.771139+00:00,2026-09-25 15:10:16.771139+00:00,0.491089,2.0362907741773895,178.73695297040226,True,False,True,False,False,False,True,False,False,True,True,True,False,False,False,False
241,2026-09-25 13:41:12.194898+00:00,2026-09-25 15:10:17.139160+00:00,98.005,True,False,False,False,False,False,True,False,True,False,False,False,False,False,False,False,True,False,True,True,False,False,False,False,True,True,False,False,True,True,False,False,False,False,True,False,True,False,False,True,False,False,False,True,True,True,False,False,False,False,False,False,False,False,False,True,False,True,False,False,True,True,False,True,False,False,False,False,True,True,True,False,False,False,False,False,False,False,False,1,0,0,0,2026-09-25 15:10:17.041155+00:00,2026-09-25 15:10:17.058156+00:00,2026-09-25 15:10:17.059156+00:00,2026-09-25 15:10:17.071156+00:00,2026-09-25 15:10:17.061156+00:00,2026-09-25 15:10:17.062156+00:00,2026-09-25 15:10:17.063156+00:00,2026-09-25 15:10:17.064156+00:00,2026-09-25 15:10:17.065156+00:00,2026-09-25 15:10:17.066156+00:00,2026-09-25 15:10:17.067156+00:00,2026-09-25 15:10:17.068156+00:00,2026-09-25 15:10:17.069156+00:00,2026-09-25 15:10:17.070156+00:00,2026-09-25 15:10:17.060156+00:00,2026-09-25 15:10:17.072157+00:00,2026-09-25 15:10:17.073157+00:00,2026-09-25 15:10:17.074157+00:00,2026-09-25 15:10:17.075157+00:00,2026-09-25 15:10:17.076157+00:00,2026-09-25 15:10:17.077157+00:00,2026-09-25 15:10:17.078157+00:00,2026-09-25 15:10:17.079157+00:00,2026-09-25 15:10:17.080157+00:00,2026-09-25 15:10:17.081157+00:00,2026-09-25 15:10:17.082157+00:00,2026-09-25 15:10:17.083157+00:00,2026-09-25 15:10:17.084157+00:00,2026-09-25 15:10:17.085157+00:00,2026-09-25 15:10:17.086157+00:00,2026-09-25 15:10:17.087157+00:00,2026-09-25 15:10:17.088157+00:00,2026-09-25 15:10:17.089157+00:00,2026-09-25 15:10:17.090158+00:00,2026-09-25 15:10:17.091158+00:00,2026-09-25 15:10:17.092158+00:00,2026-09-25 15:10:17.093158+00:00,2026-09-25 15:10:17.094158+00:00,2026-09-25 15:10:17.095158+00:00,2026-09-25 15:10:17.096158+00:00,2026-09-25 15:10:17.097158+00:00,2026-09-25 15:10:17.098158+00:00,2026-09-25 15:10:17.099158+00:00,2026-09-25 15:10:17.100158+00:00,2026-09-25 15:10:17.101158+00:00,2026-09-25 15:10:17.102158+00:00,2026-09-25 15:10:17.114159+00:00,2026-09-25 15:10:17.104158+00:00,2026-09-25 15:10:17.116159+00:00,2026-09-25 15:10:17.106158+00:00,2026-09-25 15:10:17.107159+00:00,2026-09-25 15:10:17.108159+00:00,2026-09-25 15:10:17.109159+00:00,2026-09-25 15:10:17.110159+00:00,2026-09-25 15:10:17.111159+00:00,2026-09-25 15:10:17.112159+00:00,2026-09-25 15:10:17.113159+00:00,2026-09-25 15:10:17.103158+00:00,2026-09-25 15:10:17.115159+00:00,2026-09-25 15:10:17.105158+00:00,2026-09-25 15:10:17.117159+00:00,2026-09-25 15:10:17.118159+00:00,2026-09-25 15:10:17.119159+00:00,2026-09-25 15:10:17.120159+00:00,2026-09-25 15:10:17.121159+00:00,2026-09-25 15:10:17.122159+00:00,2026-09-25 15:10:17.123159+00:00,2026-09-25 15:10:17.124160+00:00,2026-09-25 15:10:17.125160+00:00,2026-09-25 15:10:17.126160+00:00,2026-09-25 15:10:17.127160+00:00,2026-09-25 15:10:17.128160+00:00,2026-09-25 15:10:17.129160+00:00,2026-09-25 15:10:17.130160+00:00,2026-09-25 15:10:17.131160+00:00,2026-09-25 15:10:17.132160+00:00,2026-09-25 15:10:17.133160+00:00,2026-09-25 15:10:17.134160+00:00,2026-09-25 15:10:17.135160+00:00,2026-09-25 15:10:17.136160+00:00,2026-09-25 15:10:17.137160+00:00,2026-09-25 15:10:17.138160+00:00,2026-09-25 15:10:17.139160+00:00,2026-09-25 15:10:17.139160+00:00,0.371312,2.6931529279958637,178.712610120629,True,False,True,False,False,False,True,False,False,True,True,True,False,False,False,False
242,2026-09-25 13:41:12.569278+00:00,2026-09-25 15:10:17.502181+00:00,92.005,True,False,False,False,False,False,True,False,True,False,False,False,False,False,False,False,True,False,True,True,False,False,False,False,True,True,False,False,True,True,False,False,False,False,True,False,True,False,False,False,False,True,False,True,True,True,False,False,False,False,False,False,False,False,False,True,False,True,False,False,True,True,False,True,False,False,False,False,True,True,True,False,False,False,False,False,False,False,False,0,0,0,0,2026-09-25 15:10:17.410176+00:00,2026-09-25 15:10:17.421176+00:00,2026-09-25 15:10:17.422177+00:00,2026-09-25 15:10:17.423177+00:00,2026-09-25 15:10:17.424177+00:00,2026-09-25 15:10:17.425177+00:00,2026-09-25 15:10:17.426177+00:00,2026-09-25 15:10:17.438177+00:00,2026-09-25 15:10:17.428177+00:00,2026-09-25 15:10:17.429177+00:00,2026-09-25 15:10:17.430177+00:00,2026-09-25 15:10:17.442178+00:00,2026-09-25 15:10:17.432177+00:00,2026-09-25 15:10:17.433177+00:00,2026-09-25 15:10:17.434177+00:00,2026-09-25 15:10:17.435177+00:00,2026-09-25 15:10:17.436177+00:00,2026-09-25 15:10:17.437177+00:00,2026-09-25 15:10:17.427177+00:00,2026-09-25 15:10:17.439178+00:00,2026-09-25 15:10:17.440178+00:00,2026-09-25 15:10:17.441178+00:00,2026-09-25 15:10:17.431177+00:00,2026-09-25 15:10:17.443178+00:00,2026-09-25 15:10:17.444178+00:00,2026-09-25 15:10:17.456178+00:00,2026-09-25 15:10:17.457179+00:00,2026-09-25 15:10:17.447178+00:00,2026-09-25 15:10:17.448178+00:00,2026-09-25 15:10:17.449178+00:00,2026-09-25 15:10:17.450178+00:00,2026-09-25 15:10:17.451178+00:00,2026-09-25 15:10:17.452178+00:00,2026-09-25 15:10:17.453178+00:00,2026-09-25 15:10:17.454178+00:00,2026-09-25 15:10:17.455178+00:00,2026-09-25 15:10:17.445178+00:00,2026-09-25 15:10:17.446178+00:00,2026-09-25 15:10:17.458179+00:00,2026-09-25 15:10:17.459179+00:00,2026-09-25 15:10:17.460179+00:00,2026-09-25 15:10:17.461179+00:00,2026-09-25 15:10:17.462179+00:00,2026-09-25 15:10:17.463179+00:00,2026-09-25 15:10:17.464179+00:00,2026-09-25 15:10:17.465179+00:00,2026-09-25 15:10:17.466179+00:00,2026-09-25 15:10:17.467179+00:00,2026-09-25 15:10:17.468179+00:00,2026-09-25 15:10:17.469179+00:00,2026-09-25 15:10:17.481180+00:00,2026-09-25 15:10:17.482180+00:00,2026-09-25 15:10:17.472179+00:00,2026-09-25 15:10:17.473179+00:00,2026-09-25 15:10:17.474180+00:00,2026-09-25 15:10:17.475180+00:00,2026-09-25 15:10:17.476180+00:00,2026-09-25 15:10:17.477180+00:00,2026-09-25 15:10:17.478180+00:00,2026-09-25 15:10:17.479180+00:00,2026-09-25 15:10:17.480180+00:00,2026-09-25 15:10:17.470179+00:00,2026-09-25 15:10:17.471179+00:00,2026-09-25 15:10:17.483180+00:00,2026-09-25 15:10:17.484180+00:00,2026-09-25 15:10:17.485180+00:00,2026-09-25 15:10:17.486180+00:00,2026-09-25 15:10:17.487180+00:00,2026-09-25 15:10:17.488180+00:00,2026-09-25 15:10:17.489180+00:00,2026-09-25 15:10:17.490180+00:00,2026-09-25 15:10:17.491180+00:00,2026-09-25 15:10:17.492181+00:00,2026-09-25 15:10:17.493181+00:00,2026-09-25 15:10:17.494181+00:00,2026-09-25 15:10:17.495181+00:00,2026-09-25 15:10:17.496181+00:00,2026-09-25 15:10:17.497181+00:00,2026-09-25 15:10:17.498181+00:00,2026-09-25 15:10:17.499181+00:00,2026-09-25 15:10:17.500181+00:00,2026-09-25 15:10:17.501181+00:00,2026-09-25 15:10:17.502181+00:00,2026-09-25 15:10:17.502181+00:00,0.37438,2.671082856990224,178.68656612903817,True,False,True,False,False,False,True,False,False,True,True,True,False,False,False,False
243,2026-09-25 13:41:12.961266+00:00,2026-09-25 15:10:17.878203+00:00,92.006,True,False,False,False,False,False,True,False,True,False,False,False,False,False,False,False,True,False,True,True,False,False,False,False,True,True,False,False,True,True,False,False,False,False,True,False,True,False,False,False,False,True,False,True,True,True,False,False,False,False,False,False,False,False,False,True,False,True,False,False,True,True,False,True,False,False,False,False,True,True,True,False,False,False,False,False,False,False,False,0,0,0,0,2026-09-25 15:10:17.786197+00:00,2026-09-25 15:10:17.797198+00:00,2026-09-25 15:10:17.798198+00:00,2026-09-25 15:10:17.799198+00:00,2026-09-25 15:10:17.800198+00:00,2026-09-25 15:10:17.801198+00:00,2026-09-25 15:10:17.802198+00:00,2026-09-25 15:10:17.803198+00:00,2026-09-25 15:10:17.804198+00:00,2026-09-25 15:10:17.805198+00:00,2026-09-25 15:10:17.806199+00:00,2026-09-25 15:10:17.807199+00:00,2026-09-25 15:10:17.808199+00:00,2026-09-25 15:10:17.809199+00:00,2026-09-25 15:10:17.810199+00:00,2026-09-25 15:10:17.811199+00:00,2026-09-25 15:10:17.812199+00:00,2026-09-25 15:10:17.813199+00:00,2026-09-25 15:10:17.814199+00:00,2026-09-25 15:10:17.815199+00:00,2026-09-25 15:10:17.816199+00:00,2026-09-25 15:10:17.817199+00:00,2026-09-25 15:10:17.818199+00:00,2026-09-25 15:10:17.819199+00:00,2026-09-25 15:10:17.820199+00:00,2026-09-25 15:10:17.832200+00:00,2026-09-25 15:10:17.822199+00:00,2026-09-25 15:10:17.823199+00:00,2026-09-25 15:10:17.824200+00:00,2026-09-25 15:10:17.825200+00:00,2026-09-25 15:10:17.826200+00:00,2026-09-25 15:10:17.827200+00:00,2026-09-25 15:10:17.828200+00:00,2026-09-25 15:10:17.829200+00:00,2026-09-25 15:10:17.830200+00:00,2026-09-25 15:10:17.831200+00:00,2026-09-25 15:10:17.821199+00:00,2026-09-25 15:10:17.833200+00:00,2026-09-25 15:10:17.834200+00:00,2026-09-25 15:10:17.835200+00:00,2026-09-25 15:10:17.836200+00:00,2026-09-25 15:10:17.848201+00:00,2026-09-25 15:10:17.838200+00:00,2026-09-25 15:10:17.839200+00:00,2026-09-25 15:10:17.840200+00:00,2026-09-25 15:10:17.841201+00:00,2026-09-25 15:10:17.842201+00:00,2026-09-25 15:10:17.843201+00:00,2026-09-25 15:10:17.844201+00:00,2026-09-25 15:10:17.845201+00:00,2026-09-25 15:10:17.846201+00:00,2026-09-25 15:10:17.847201+00:00,2026-09-25 15:10:17.837200+00:00,2026-09-25 15:10:17.849201+00:00,2026-09-25 15:10:17.850201+00:00,2026-09-25 15:10:17.851201+00:00,2026-09-25 15:10:17.852201+00:00,2026-09-25 15:10:17.853201+00:00,2026-09-25 15:10:17.854201+00:00,2026-09-25 15:10:17.855201+00:00,2026-09-25 15:10:17.856201+00:00,2026-09-25 15:10:17.857201+00:00,2026-09-25 15:10:17.858201+00:00,2026-09-25 15:10:17.859202+00:00,2026-09-25 15:10:17.860202+00:00,2026-09-25 15:10:17.872202+00:00,2026-09-25 15:10:17.862202+00:00,2026-09-25 15:10:17.863202+00:00,2026-09-25 15:10:17.864202+00:00,2026-09-25 15:10:17.865202+00:00,2026-09-25 15:10:17.866202+00:00,2026-09-25 15:10:17.867202+00:00,2026-09-25 15:10:17.868202+00:00,2026-09-25 15:10:17.869202+00:00,2026-09-25 15:10:17.870202+00:00,2026-09-25 15:10:17.871202+00:00,2026-09-25 15:10:17.861202+00:00,2026-09-25 15:10:17.873202+00:00,2026-09-25 15:10:17.874202+00:00,2026-09-25 15:10:17.875202+00:00,2026-09-25 15:10:17.876203+00:00,2026-09-25 15:10:17.877203+00:00,2026-09-25 15:10:17.878203+00:00,2026-09-25 15:10:17.878203+00:00,0.391988,2.5510985030153983,178.65752302768024,True,False,True,False,False,False,True,False,False,True,True,True,False,False,False,False
244,2026-09-25 13:41:13.312425+00:00,2026-09-25 15:10:18.268225+00:00,93.005,True,False,False,False,False,False,True,False,True,False,False,False,False,False,False,False,True,False,True,True,False,False,False,False,True,True,False,False,True,True,False,False,False,False,True,False,True,False,False,True,True,False,True,True,True,True,False,False,False,False,False,False,False,False,False,True,False,True,False,False,True,True,False,True,False,False,False,False,True,True,True,False,False,False,False,False,False,False,False,0,0,0,0,2026-09-25 15:10:18.175220+00:00,2026-09-25 15:10:18.187220+00:00,2026-09-25 15:10:18.190220+00:00,2026-09-25 15:10:18.200221+00:00,2026-09-25 15:10:18.188220+00:00,2026-09-25 15:10:18.191221+00:00,2026-09-25 15:10:18.192221+00:00,2026-09-25 15:10:18.193221+00:00,2026-09-25 15:10:18.194221+00:00,2026-09-25 15:10:18.195221+00:00,2026-09-25 15:10:18.196221+00:00,2026-09-25 15:10:18.197221+00:00,2026-09-25 15:10:18.198221+00:00,2026-09-25 15:10:18.199221+00:00,2026-09-25 15:10:18.189220+00:00,2026-09-25 15:10:18.201221+00:00,2026-09-25 15:10:18.202221+00:00,2026-09-25 15:10:18.203221+00:00,2026-09-25 15:10:18.204221+00:00,2026-09-25 15:10:18.205221+00:00,2026-09-25 15:10:18.206221+00:00,2026-09-25 15:10:18.207221+00:00,2026-09-25 15:10:18.208222+00:00,2026-09-25 15:10:18.209222+00:00,2026-09-25 15:10:18.210222+00:00,2026-09-25 15:10:18.222222+00:00,2026-09-25 15:10:18.212222+00:00,2026-09-25 15:10:18.213222+00:00,2026-09-25 15:10:18.214222+00:00,2026-09-25 15:10:18.215222+00:00,2026-09-25 15:10:18.216222+00:00,2026-09-25 15:10:18.217222+00:00,2026-09-25 15:10:18.218222+00:00,2026-09-25 15:10:18.219222+00:00,2026-09-25 15:10:18.220222+00:00,2026-09-25 15:10:18.221222+00:00,2026-09-25 15:10:18.211222+00:00,2026-09-25 15:10:18.223222+00:00,2026-09-25 15:10:18.224222+00:00,2026-09-25 15:10:18.225222+00:00,2026-09-25 15:10:18.226223+00:00,2026-09-25 15:10:18.227223+00:00,2026-09-25 15:10:18.228223+00:00,2026-09-25 15:10:18.229223+00:00,2026-09-25 15:10:18.230223+00:00,2026-09-25 15:10:18.231223+00:00,2026-09-25 15:10:18.232223+00:00,2026-09-25 15:10:18.233223+00:00,2026-09-25 15:10:18.234223+00:00,2026-09-25 15:10:18.235223+00:00,2026-09-25 15:10:18.236223+00:00,2026-09-25 15:10:18.248224+00:00,2026-09-25 15:10:18.238223+00:00,2026-09-25 15:10:18.239223+00:00,2026-09-25 15:10:18.240223+00:00,2026-09-25 15:10:18.241223+00:00,2026-09-25 15:10:18.242223+00:00,2026-09-25 15:10:18.243224+00:00,2026-09-25 15:10:18.244224+00:00,2026-09-25 15:10:18.245224+00:00,2026-09-25 15:10:18.246224+00:00,2026-09-25 15:10:18.247224+00:00,2026-09-25 15:10:18.237223+00:00,2026-09-25 15:10:18.249224+00:00,2026-09-25 15:10:18.250224+00:00,2026-09-25 15:10:18.251224+00:00,2026-09-25 15:10:18.252224+00:00,2026-09-25 15:10:18.253224+00:00,2026-09-25 15:10:18.254224+00:00,2026-09-25 15:10:18.255224+00:00,2026-09-25 15:10:18.256224+00:00,2026-09-25 15:10:18.268225+00:00,2026-09-25 15:10:18.258224+00:00,2026-09-25 15:10:18.259224+00:00,2026-09-25 15:10:18.260224+00:00,2026-09-25 15:10:18.261225+00:00,2026-09-25 15:10:18.262225+00:00,2026-09-25 15:10:18.263225+00:00,2026-09-25 15:10:18.264225+00:00,2026-09-25 15:10:18.265225+00:00,2026-09-25 15:10:18.266225+00:00,2026-09-25 15:10:18.267225+00:00,2026-09-25 15:10:18.257224+00:00,2026-09-25 15:10:18.268225+00:00,0.351159,2.8477128594169594,178.62525375999033,True,False,True,False,False,False,True,False,False,True,True,True,False,False,False,False
245,2026-09-25 13:41:13.673402+00:00,2026-09-25 15:10:18.631246+00:00,98.006,True,False,False,False,False,False,True,False,True,False,False,False,False,False,False,False,True,False,True,True,False,False,False,False,True,True,False,False,True,True,False,False,False,False,True,False,True,False,False,False,False,False,True,True,True,True,False,False,False,False,False,False,False,False,False,True,False,True,False,False,True,True,False,True,False,False,False,False,True,True,True,False,False,False,False,False,False,False,False,0,0,0,0,2026-09-25 15:10:18.533240+00:00,2026-09-25 15:10:18.550241+00:00,2026-09-25 15:10:18.551241+00:00,2026-09-25 15:10:18.552241+00:00,2026-09-25 15:10:18.553241+00:00,2026-09-25 15:10:18.565242+00:00,2026-09-25 15:10:18.555241+00:00,2026-09-25 15:10:18.556241+00:00,2026-09-25 15:10:18.557241+00:00,2026-09-25 15:10:18.558242+00:00,2026-09-25 15:10:18.559242+00:00,2026-09-25 15:10:18.560242+00:00,2026-09-25 15:10:18.561242+00:00,2026-09-25 15:10:18.562242+00:00,2026-09-25 15:10:18.563242+00:00,2026-09-25 15:10:18.564242+00:00,2026-09-25 15:10:18.554241+00:00,2026-09-25 15:10:18.566242+00:00,2026-09-25 15:10:18.567242+00:00,2026-09-25 15:10:18.568242+00:00,2026-09-25 15:10:18.580243+00:00,2026-09-25 15:10:18.581243+00:00,2026-09-25 15:10:18.571242+00:00,2026-09-25 15:10:18.572242+00:00,2026-09-25 15:10:18.573242+00:00,2026-09-25 15:10:18.574242+00:00,2026-09-25 15:10:18.575242+00:00,2026-09-25 15:10:18.576243+00:00,2026-09-25 15:10:18.577243+00:00,2026-09-25 15:10:18.578243+00:00,2026-09-25 15:10:18.579243+00:00,2026-09-25 15:10:18.569242+00:00,2026-09-25 15:10:18.570242+00:00,2026-09-25 15:10:18.582243+00:00,2026-09-25 15:10:18.583243+00:00,2026-09-25 15:10:18.584243+00:00,2026-09-25 15:10:18.585243+00:00,2026-09-25 15:10:18.597244+00:00,2026-09-25 15:10:18.598244+00:00,2026-09-25 15:10:18.599244+00:00,2026-09-25 15:10:18.589243+00:00,2026-09-25 15:10:18.590243+00:00,2026-09-25 15:10:18.591243+00:00,2026-09-25 15:10:18.592243+00:00,2026-09-25 15:10:18.593244+00:00,2026-09-25 15:10:18.594244+00:00,2026-09-25 15:10:18.595244+00:00,2026-09-25 15:10:18.596244+00:00,2026-09-25 15:10:18.586243+00:00,2026-09-25 15:10:18.587243+00:00,2026-09-25 15:10:18.588243+00:00,2026-09-25 15:10:18.611245+00:00,2026-09-25 15:10:18.612245+00:00,2026-09-25 15:10:18.602244+00:00,2026-09-25 15:10:18.603244+00:00,2026-09-25 15:10:18.604244+00:00,2026-09-25 15:10:18.605244+00:00,2026-09-25 15:10:18.606244+00:00,2026-09-25 15:10:18.607244+00:00,2026-09-25 15:10:18.608244+00:00,2026-09-25 15:10:18.609244+00:00,2026-09-25 15:10:18.610244+00:00,2026-09-25 15:10:18.600244+00:00,2026-09-25 15:10:18.601244+00:00,2026-09-25 15:10:18.613245+00:00,2026-09-25 15:10:18.614245+00:00,2026-09-25 15:10:18.615245+00:00,2026-09-25 15:10:18.627245+00:00,2026-09-25 15:10:18.617245+00:00,2026-09-25 15:10:18.618245+00:00,2026-09-25 15:10:18.630246+00:00,2026-09-25 15:10:18.620245+00:00,2026-09-25 15:10:18.621245+00:00,2026-09-25 15:10:18.622245+00:00,2026-09-25 15:10:18.623245+00:00,2026-09-25 15:10:18.624245+00:00,2026-09-25 15:10:18.625245+00:00,2026-09-25 15:10:18.626245+00:00,2026-09-25 15:10:18.616245+00:00,2026-09-25 15:10:18.628246+00:00,2026-09-25 15:10:18.629246+00:00,2026-09-25 15:10:18.619245+00:00,2026-09-25 15:10:18.631246+00:00,2026-09-25 15:10:18.631246+00:00,0.360977,2.7702596010272122,178.59333479293986,True,False,True,False,False,False,True,False,False,True,True,True,False,False,False,False
246,2026-09-25 13:41:14.033576+00:00,2026-09-25 15:10:18.992266+00:00,89.005,True,False,False,False,False,False,True,False,True,False,False,False,False,False,False,False,True,False,True,True,False,False,False,False,True,True,False,False,True,True,False,False,False,False,True,False,True,False,False,True,True,False,True,True,True,True,False,False,False,False,False,False,False,False,False,True,False,True,False,False,True,True,False,True,False,False,False,False,True,True,True,False,False,False,False,False,False,False,False,0,0,0,0,2026-09-25 15:10:18.909262+00:00,2026-09-25 15:10:18.911262+00:00,2026-09-25 15:10:18.912262+00:00,2026-09-25 15:10:18.913262+00:00,2026-09-25 15:10:18.903261+00:00,2026-09-25 15:10:18.915262+00:00,2026-09-25 15:10:18.905261+00:00,2026-09-25 15:10:18.917262+00:00,2026-09-25 15:10:18.907261+00:00,2026-09-25 15:10:18.919262+00:00,2026-09-25 15:10:18.920262+00:00,2026-09-25 15:10:18.921262+00:00,2026-09-25 15:10:18.922262+00:00,2026-09-25 15:10:18.923262+00:00,2026-09-25 15:10:18.924262+00:00,2026-09-25 15:10:18.925263+00:00,2026-09-25 15:10:18.926263+00:00,2026-09-25 15:10:18.927263+00:00,2026-09-25 15:10:18.928263+00:00,2026-09-25 15:10:18.940263+00:00,2026-09-25 15:10:18.930263+00:00,2026-09-25 15:10:18.931263+00:00,2026-09-25 15:10:18.932263+00:00,2026-09-25 15:10:18.933263+00:00,2026-09-25 15:10:18.934263+00:00,2026-09-25 15:10:18.935263+00:00,2026-09-25 15:10:18.936263+00:00,2026-09-25 15:10:18.937263+00:00,2026-09-25 15:10:18.938263+00:00,2026-09-25 15:10:18.939263+00:00,2026-09-25 15:10:18.929263+00:00,2026-09-25 15:10:18.941263+00:00,2026-09-25 15:10:18.942263+00:00,2026-09-25 15:10:18.943264+00:00,2026-09-25 15:10:18.944264+00:00,2026-09-25 15:10:18.956264+00:00,2026-09-25 15:10:18.946264+00:00,2026-09-25 15:10:18.947264+00:00,2026-09-25 15:10:18.948264+00:00,2026-09-25 15:10:18.949264+00:00,2026-09-25 15:10:18.950264+00:00,2026-09-25 15:10:18.951264+00:00,2026-09-25 15:10:18.952264+00:00,2026-09-25 15:10:18.953264+00:00,2026-09-25 15:10:18.965265+00:00,2026-09-25 15:10:18.955264+00:00,2026-09-25 15:10:18.945264+00:00,2026-09-25 15:10:18.957264+00:00,2026-09-25 15:10:18.958264+00:00,2026-09-25 15:10:18.959264+00:00,2026-09-25 15:10:18.960265+00:00,2026-09-25 15:10:18.961265+00:00,2026-09-25 15:10:18.962265+00:00,2026-09-25 15:10:18.963265+00:00,2026-09-25 15:10:18.964265+00:00,2026-09-25 15:10:18.954264+00:00,2026-09-25 15:10:18.966265+00:00,2026-09-25 15:10:18.967265+00:00,2026-09-25 15:10:18.968265+00:00,2026-09-25 15:10:18.969265+00:00,2026-09-25 15:10:18.970265+00:00,2026-09-25 15:10:18.971265+00:00,2026-09-25 15:10:18.972265+00:00,2026-09-25 15:10:18.973265+00:00,2026-09-25 15:10:18.974265+00:00,2026-09-25 15:10:18.986266+00:00,2026-09-25 15:10:18.976265+00:00,2026-09-25 15:10:18.977265+00:00,2026-09-25 15:10:18.978266+00:00,2026-09-25 15:10:18.979266+00:00,2026-09-25 15:10:18.980266+00:00,2026-09-25 15:10:18.981266+00:00,2026-09-25 15:10:18.982266+00:00,2026-09-25 15:10:18.983266+00:00,2026-09-25 15:10:18.984266+00:00,2026-09-25 15:10:18.985266+00:00,2026-09-25 15:10:18.975265+00:00,2026-09-25 15:10:18.987266+00:00,2026-09-25 15:10:18.988266+00:00,2026-09-25 15:10:18.989266+00:00,2026-09-25 15:10:18.990266+00:00,2026-09-25 15:10:18.991266+00:00,2026-09-25 15:10:18.992266+00:00,2026-09-25 15:10:18.992266+00:00,0.360174,2.7764358337914454,178.5598727449932,True,False,True,False,False,False,True,False,False,True,True,True,False,False,False,False
247,2026-09-25 13:41:14.412227+00:00,2026-09-25 15:10:19.370288+00:00,82.005,True,False,False,False,False,False,True,False,True,False,False,False,False,False,False,False,True,False,True,True,False,False,False,False,True,True,False,False,True,True,False,False,False,False,True,False,True,False,False,False,False,True,False,True,True,True,False,False,False,False,False,False,False,False,False,True,False,True,False,False,True,True,False,True,False,False,False,False,True,True,True,False,False,False,False,False,False,False,False,0,0,0,0,2026-09-25 15:10:19.288283+00:00,2026-09-25 15:10:19.289283+00:00,2026-09-25 15:10:19.301284+00:00,2026-09-25 15:10:19.291283+00:00,2026-09-25 15:10:19.292284+00:00,2026-09-25 15:10:19.293284+00:00,2026-09-25 15:10:19.294284+00:00,2026-09-25 15:10:19.295284+00:00,2026-09-25 15:10:19.296284+00:00,2026-09-25 15:10:19.308284+00:00,2026-09-25 15:10:19.298284+00:00,2026-09-25 15:10:19.299284+00:00,2026-09-25 15:10:19.300284+00:00,2026-09-25 15:10:19.290283+00:00,2026-09-25 15:10:19.302284+00:00,2026-09-25 15:10:19.303284+00:00,2026-09-25 15:10:19.304284+00:00,2026-09-25 15:10:19.305284+00:00,2026-09-25 15:10:19.306284+00:00,2026-09-25 15:10:19.307284+00:00,2026-09-25 15:10:19.297284+00:00,2026-09-25 15:10:19.309284+00:00,2026-09-25 15:10:19.310285+00:00,2026-09-25 15:10:19.311285+00:00,2026-09-25 15:10:19.312285+00:00,2026-09-25 15:10:19.313285+00:00,2026-09-25 15:10:19.314285+00:00,2026-09-25 15:10:19.315285+00:00,2026-09-25 15:10:19.316285+00:00,2026-09-25 15:10:19.317285+00:00,2026-09-25 15:10:19.318285+00:00,2026-09-25 15:10:19.319285+00:00,2026-09-25 15:10:19.320285+00:00,2026-09-25 15:10:19.321285+00:00,2026-09-25 15:10:19.322285+00:00,2026-09-25 15:10:19.323285+00:00,2026-09-25 15:10:19.324285+00:00,2026-09-25 15:10:19.325285+00:00,2026-09-25 15:10:19.326285+00:00,2026-09-25 15:10:19.327286+00:00,2026-09-25 15:10:19.328286+00:00,2026-09-25 15:10:19.329286+00:00,2026-09-25 15:10:19.330286+00:00,2026-09-25 15:10:19.331286+00:00,2026-09-25 15:10:19.332286+00:00,2026-09-25 15:10:19.333286+00:00,2026-09-25 15:10:19.334286+00:00,2026-09-25 15:10:19.335286+00:00,2026-09-25 15:10:19.336286+00:00,2026-09-25 15:10:19.337286+00:00,2026-09-25 15:10:19.338286+00:00,2026-09-25 15:10:19.339286+00:00,2026-09-25 15:10:19.340286+00:00,2026-09-25 15:10:19.341286+00:00,2026-09-25 15:10:19.342286+00:00,2026-09-25 15:10:19.343286+00:00,2026-09-25 15:10:19.344286+00:00,2026-09-25 15:10:19.345287+00:00,2026-09-25 15:10:19.346287+00:00,2026-09-25 15:10:19.347287+00:00,2026-09-25 15:10:19.348287+00:00,2026-09-25 15:10:19.349287+00:00,2026-09-25 15:10:19.350287+00:00,2026-09-25 15:10:19.351287+00:00,2026-09-25 15:10:19.352287+00:00,2026-09-25 15:10:19.353287+00:00,2026-09-25 15:10:19.354287+00:00,2026-09-25 15:10:19.355287+00:00,2026-09-25 15:10:19.356287+00:00,2026-09-25 15:10:19.357287+00:00,2026-09-25 15:10:19.358287+00:00,2026-09-25 15:10:19.359287+00:00,2026-09-25 15:10:19.360287+00:00,2026-09-25 15:10:19.361287+00:00,2026-09-25 15:10:19.362288+00:00,2026-09-25 15:10:19.363288+00:00,2026-09-25 15:10:19.364288+00:00,2026-09-25 15:10:19.365288+00:00,2026-09-25 15:10:19.366288+00:00,2026-09-25 15:10:19.367288+00:00,2026-09-25 15:10:19.368288+00:00,2026-09-25 15:10:19.369288+00:00,2026-09-25 15:10:19.370288+00:00,2026-09-25 15:10:19.370288+00:00,0.378651,2.640954335258589,178.5230923651796,True,False,True,False,False,False,True,False,False,True,True,True,False,False,False,False
248,2026-09-25 13:41:14.792543+00:00,2026-09-25 15:10:19.751310+00:00,89.005,True,False,False,False,False,False,True,False,True,False,False,False,False,False,False,False,True,False,True,True,False,False,False,False,True,True,False,False,True,True,False,False,False,False,True,False,True,False,False,True,False,True,False,True,True,True,False,False,False,False,False,False,False,False,False,True,False,True,False,False,True,True,False,True,False,False,False,False,True,True,True,False,False,False,False,False,False,False,False,0,0,0,0,2026-09-25 15:10:19.662305+00:00,2026-09-25 15:10:19.670305+00:00,2026-09-25 15:10:19.671305+00:00,2026-09-25 15:10:19.672305+00:00,2026-09-25 15:10:19.673305+00:00,2026-09-25 15:10:19.674305+00:00,2026-09-25 15:10:19.675305+00:00,2026-09-25 15:10:19.676305+00:00,2026-09-25 15:10:19.677306+00:00,2026-09-25 15:10:19.678306+00:00,2026-09-25 15:10:19.690306+00:00,2026-09-25 15:10:19.680306+00:00,2026-09-25 15:10:19.692306+00:00,2026-09-25 15:10:19.693306+00:00,2026-09-25 15:10:19.694307+00:00,2026-09-25 15:10:19.706307+00:00,2026-09-25 15:10:19.707307+00:00,2026-09-25 15:10:19.686306+00:00,2026-09-25 15:10:19.687306+00:00,2026-09-25 15:10:19.688306+00:00,2026-09-25 15:10:19.689306+00:00,2026-09-25 15:10:19.679306+00:00,2026-09-25 15:10:19.691306+00:00,2026-09-25 15:10:19.681306+00:00,2026-09-25 15:10:19.682306+00:00,2026-09-25 15:10:19.683306+00:00,2026-09-25 15:10:19.684306+00:00,2026-09-25 15:10:19.685306+00:00,2026-09-25 15:10:19.697307+00:00,2026-09-25 15:10:19.698307+00:00,2026-09-25 15:10:19.699307+00:00,2026-09-25 15:10:19.700307+00:00,2026-09-25 15:10:19.701307+00:00,2026-09-25 15:10:19.702307+00:00,2026-09-25 15:10:19.703307+00:00,2026-09-25 15:10:19.704307+00:00,2026-09-25 15:10:19.705307+00:00,2026-09-25 15:10:19.695307+00:00,2026-09-25 15:10:19.696307+00:00,2026-09-25 15:10:19.708307+00:00,2026-09-25 15:10:19.709307+00:00,2026-09-25 15:10:19.710307+00:00,2026-09-25 15:10:19.711307+00:00,2026-09-25 15:10:19.712308+00:00,2026-09-25 15:10:19.713308+00:00,2026-09-25 15:10:19.714308+00:00,2026-09-25 15:10:19.715308+00:00,2026-09-25 15:10:19.716308+00:00,2026-09-25 15:10:19.717308+00:00,2026-09-25 15:10:19.718308+00:00,2026-09-25 15:10:19.719308+00:00,2026-09-25 15:10:19.720308+00:00,2026-09-25 15:10:19.721308+00:00,2026-09-25 15:10:19.722308+00:00,2026-09-25 15:10:19.723308+00:00,2026-09-25 15:10:19.724308+00:00,2026-09-25 15:10:19.725308+00:00,2026-09-25 15:10:19.726308+00:00,2026-09-25 15:10:19.727308+00:00,2026-09-25 15:10:19.728308+00:00,2026-09-25 15:10:19.729309+00:00,2026-09-25 15:10:19.730309+00:00,2026-09-25 15:10:19.731309+00:00,2026-09-25 15:10:19.732309+00:00,2026-09-25 15:10:19.744309+00:00,2026-09-25 15:10:19.734309+00:00,2026-09-25 15:10:19.735309+00:00,2026-09-25 15:10:19.736309+00:00,2026-09-25 15:10:19.737309+00:00,2026-09-25 15:10:19.738309+00:00,2026-09-25 15:10:19.739309+00:00,2026-09-25 15:10:19.740309+00:00,2026-09-25 15:10:19.741309+00:00,2026-09-25 15:10:19.742309+00:00,2026-09-25 15:10:19.743309+00:00,2026-09-25 15:10:19.733309+00:00,2026-09-25 15:10:19.745309+00:00,2026-09-25 15:10:19.746309+00:00,2026-09-25 15:10:19.747310+00:00,2026-09-25 15:10:19.748310+00:00,2026-09-25 15:10:19.749310+00:00,2026-09-25 15:10:19.750310+00:00,2026-09-25 15:10:19.751310+00:00,2026-09-25 15:10:19.751310+00:00,0.380316,2.6293924000042073,178.4843240448527,True,False,True,False,False,False,True,False,False,True,True,True,False,False,False,False
249,2026-09-25 13:41:15.136137+00:00,2026-09-25 15:10:20.094329+00:00,89.005,True,False,False,False,False,False,True,False,True,False,False,False,False,False,False,False,True,False,True,True,False,False,False,False,True,True,True,False,True,True,False,False,False,False,True,False,False,False,False,False,False,True,False,True,True,True,False,False,False,False,False,False,False,False,False,True,False,True,False,False,True,True,False,True,False,False,False,False,True,True,True,False,False,False,False,False,False,False,False,0,0,0,0,2026-09-25 15:10:20.005324+00:00,2026-09-25 15:10:20.012325+00:00,2026-09-25 15:10:20.013325+00:00,2026-09-25 15:10:20.014325+00:00,2026-09-25 15:10:20.015325+00:00,2026-09-25 15:10:20.016325+00:00,2026-09-25 15:10:20.017325+00:00,2026-09-25 15:10:20.018325+00:00,2026-09-25 15:10:20.019325+00:00,2026-09-25 15:10:20.020325+00:00,2026-09-25 15:10:20.032326+00:00,2026-09-25 15:10:20.022325+00:00,2026-09-25 15:10:20.023325+00:00,2026-09-25 15:10:20.024325+00:00,2026-09-25 15:10:20.025325+00:00,2026-09-25 15:10:20.026325+00:00,2026-09-25 15:10:20.027326+00:00,2026-09-25 15:10:20.028326+00:00,2026-09-25 15:10:20.029326+00:00,2026-09-25 15:10:20.030326+00:00,2026-09-25 15:10:20.031326+00:00,2026-09-25 15:10:20.021325+00:00,2026-09-25 15:10:20.033326+00:00,2026-09-25 15:10:20.034326+00:00,2026-09-25 15:10:20.035326+00:00,2026-09-25 15:10:20.036326+00:00,2026-09-25 15:10:20.037326+00:00,2026-09-25 15:10:20.038326+00:00,2026-09-25 15:10:20.039326+00:00,2026-09-25 15:10:20.040326+00:00,2026-09-25 15:10:20.041326+00:00,2026-09-25 15:10:20.042326+00:00,2026-09-25 15:10:20.043326+00:00,2026-09-25 15:10:20.044327+00:00,2026-09-25 15:10:20.045327+00:00,2026-09-25 15:10:20.046327+00:00,2026-09-25 15:10:20.047327+00:00,2026-09-25 15:10:20.048327+00:00,2026-09-25 15:10:20.049327+00:00,2026-09-25 15:10:20.050327+00:00,2026-09-25 15:10:20.062328+00:00,2026-09-25 15:10:20.052327+00:00,2026-09-25 15:10:20.053327+00:00,2026-09-25 15:10:20.054327+00:00,2026-09-25 15:10:20.055327+00:00,2026-09-25 15:10:20.056327+00:00,2026-09-25 15:10:20.057327+00:00,2026-09-25 15:10:20.058327+00:00,2026-09-25 15:10:20.059327+00:00,2026-09-25 15:10:20.060327+00:00,2026-09-25 15:10:20.061327+00:00,2026-09-25 15:10:20.051327+00:00,2026-09-25 15:10:20.063328+00:00,2026-09-25 15:10:20.064328+00:00,2026-09-25 15:10:20.065328+00:00,2026-09-25 15:10:20.066328+00:00,2026-09-25 15:10:20.068328+00:00,2026-09-25 15:10:20.080329+00:00,2026-09-25 15:10:20.070328+00:00,2026-09-25 15:10:20.071328+00:00,2026-09-25 15:10:20.072328+00:00,2026-09-25 15:10:20.073328+00:00,2026-09-25 15:10:20.074328+00:00,2026-09-25 15:10:20.075328+00:00,2026-09-25 15:10:20.076328+00:00,2026-09-25 15:10:20.077328+00:00,2026-09-25 15:10:20.078328+00:00,2026-09-25 15:10:20.079329+00:00,2026-09-25 15:10:20.069328+00:00,2026-09-25 15:10:20.081329+00:00,2026-09-25 15:10:20.082329+00:00,2026-09-25 15:10:20.083329+00:00,2026-09-25 15:10:20.084329+00:00,2026-09-25 15:10:20.085329+00:00,2026-09-25 15:10:20.086329+00:00,2026-09-25 15:10:20.087329+00:00,2026-09-25 15:10:20.088329+00:00,2026-09-25 15:10:20.089329+00:00,2026-09-25 15:10:20.090329+00:00,2026-09-25 15:10:20.091329+00:00,2026-09-25 15:10:20.092329+00:00,2026-09-25 15:10:20.093329+00:00,2026-09-25 15:10:20.094329+00:00,2026-09-25 15:10:20.094329+00:00,0.343594,2.9104117068400495,178.4480634484324,True,False,True,False,False,False,True,False,False,True,True,True,False,False,False,False
250,2026-09-25 13:41:15.498347+00:00,2026-09-25 15:10:20.440349+00:00,90.005,True,False,False,False,False,False,True,False,True,False,False,False,False,False,False,False,True,False,True,True,False,False,False,False,True,True,True,False,True,True,False,False,False,False,True,False,False,False,False,False,False,True,False,True,True,True,False,False,False,False,False,False,False,False,False,True,False,True,False,False,True,True,False,True,False,False,False,False,True,True,True,False,False,False,False,False,False,False,False,0,0,0,0,2026-09-25 15:10:20.350344+00:00,2026-09-25 15:10:20.358344+00:00,2026-09-25 15:10:20.359345+00:00,2026-09-25 15:10:20.360345+00:00,2026-09-25 15:10:20.361345+00:00,2026-09-25 15:10:20.362345+00:00,2026-09-25 15:10:20.363345+00:00,2026-09-25 15:10:20.364345+00:00,2026-09-25 15:10:20.365345+00:00,2026-09-25 15:10:20.366345+00:00,2026-09-25 15:10:20.367345+00:00,2026-09-25 15:10:20.368345+00:00,2026-09-25 15:10:20.369345+00:00,2026-09-25 15:10:20.370345+00:00,2026-09-25 15:10:20.371345+00:00,2026-09-25 15:10:20.372345+00:00,2026-09-25 15:10:20.373345+00:00,2026-09-25 15:10:20.374345+00:00,2026-09-25 15:10:20.375345+00:00,2026-09-25 15:10:20.376346+00:00,2026-09-25 15:10:20.377346+00:00,2026-09-25 15:10:20.378346+00:00,2026-09-25 15:10:20.379346+00:00,2026-09-25 15:10:20.380346+00:00,2026-09-25 15:10:20.381346+00:00,2026-09-25 15:10:20.382346+00:00,2026-09-25 15:10:20.383346+00:00,2026-09-25 15:10:20.384346+00:00,2026-09-25 15:10:20.385346+00:00,2026-09-25 15:10:20.386346+00:00,2026-09-25 15:10:20.387346+00:00,2026-09-25 15:10:20.388346+00:00,2026-09-25 15:10:20.389346+00:00,2026-09-25 15:10:20.390346+00:00,2026-09-25 15:10:20.391346+00:00,2026-09-25 15:10:20.392346+00:00,2026-09-25 15:10:20.393346+00:00,2026-09-25 15:10:20.405347+00:00,2026-09-25 15:10:20.395347+00:00,2026-09-25 15:10:20.396347+00:00,2026-09-25 15:10:20.397347+00:00,2026-09-25 15:10:20.409347+00:00,2026-09-25 15:10:20.399347+00:00,2026-09-25 15:10:20.400347+00:00,2026-09-25 15:10:20.401347+00:00,2026-09-25 15:10:20.402347+00:00,2026-09-25 15:10:20.403347+00:00,2026-09-25 15:10:20.404347+00:00,2026-09-25 15:10:20.394347+00:00,2026-09-25 15:10:20.406347+00:00,2026-09-25 15:10:20.407347+00:00,2026-09-25 15:10:20.408347+00:00,2026-09-25 15:10:20.410347+00:00,2026-09-25 15:10:20.411348+00:00,2026-09-25 15:10:20.412348+00:00,2026-09-25 15:10:20.413348+00:00,2026-09-25 15:10:20.414348+00:00,2026-09-25 15:10:20.415348+00:00,2026-09-25 15:10:20.416348+00:00,2026-09-25 15:10:20.417348+00:00,2026-09-25 15:10:20.418348+00:00,2026-09-25 15:10:20.419348+00:00,2026-09-25 15:10:20.420348+00:00,2026-09-25 15:10:20.421348+00:00,2026-09-25 15:10:20.422348+00:00,2026-09-25 15:10:20.423348+00:00,2026-09-25 15:10:20.424348+00:00,2026-09-25 15:10:20.425348+00:00,2026-09-25 15:10:20.426348+00:00,2026-09-25 15:10:20.427348+00:00,2026-09-25 15:10:20.428348+00:00,2026-09-25 15:10:20.429349+00:00,2026-09-25 15:10:20.430349+00:00,2026-09-25 15:10:20.431349+00:00,2026-09-25 15:10:20.432349+00:00,2026-09-25 15:10:20.433349+00:00,2026-09-25 15:10:20.434349+00:00,2026-09-25 15:10:20.435349+00:00,2026-09-25 15:10:20.436349+00:00,2026-09-25 15:10:20.437349+00:00,2026-09-25 15:10:20.438349+00:00,2026-09-25 15:10:20.439349+00:00,2026-09-25 15:10:20.440349+00:00,2026-09-25 15:10:20.440349+00:00,0.36221,2.760829353137683,178.4102774536094,True,False,True,False,False,False,True,False,False,True,True,True,False,False,False,False
251,2026-09-25 13:41:15.900535+00:00,2026-09-25 15:10:20.830371+00:00,115.006,True,False,False,False,False,False,True,False,True,False,False,False,False,False,False,False,True,False,True,True,False,False,False,False,True,True,True,False,True,True,False,False,False,False,True,False,False,False,False,False,False,True,False,True,True,True,False,False,False,False,False,False,False,False,False,True,False,True,False,False,True,True,False,True,False,False,False,False,True,True,True,False,False,False,False,False,False,False,False,0,0,0,0,2026-09-25 15:10:20.715365+00:00,2026-09-25 15:10:20.749367+00:00,2026-09-25 15:10:20.755367+00:00,2026-09-25 15:10:20.751367+00:00,2026-09-25 15:10:20.752367+00:00,2026-09-25 15:10:20.753367+00:00,2026-09-25 15:10:20.754367+00:00,2026-09-25 15:10:20.750367+00:00,2026-09-25 15:10:20.767368+00:00,2026-09-25 15:10:20.768368+00:00,2026-09-25 15:10:20.758367+00:00,2026-09-25 15:10:20.759367+00:00,2026-09-25 15:10:20.760367+00:00,2026-09-25 15:10:20.761368+00:00,2026-09-25 15:10:20.762368+00:00,2026-09-25 15:10:20.763368+00:00,2026-09-25 15:10:20.764368+00:00,2026-09-25 15:10:20.765368+00:00,2026-09-25 15:10:20.766368+00:00,2026-09-25 15:10:20.756367+00:00,2026-09-25 15:10:20.757367+00:00,2026-09-25 15:10:20.769368+00:00,2026-09-25 15:10:20.770368+00:00,2026-09-25 15:10:20.771368+00:00,2026-09-25 15:10:20.772368+00:00,2026-09-25 15:10:20.773368+00:00,2026-09-25 15:10:20.774368+00:00,2026-09-25 15:10:20.775368+00:00,2026-09-25 15:10:20.776368+00:00,2026-09-25 15:10:20.777368+00:00,2026-09-25 15:10:20.778369+00:00,2026-09-25 15:10:20.779369+00:00,2026-09-25 15:10:20.780369+00:00,2026-09-25 15:10:20.781369+00:00,2026-09-25 15:10:20.782369+00:00,2026-09-25 15:10:20.783369+00:00,2026-09-25 15:10:20.784369+00:00,2026-09-25 15:10:20.785369+00:00,2026-09-25 15:10:20.786369+00:00,2026-09-25 15:10:20.787369+00:00,2026-09-25 15:10:20.788369+00:00,2026-09-25 15:10:20.789369+00:00,2026-09-25 15:10:20.790369+00:00,2026-09-25 15:10:20.791369+00:00,2026-09-25 15:10:20.792369+00:00,2026-09-25 15:10:20.793369+00:00,2026-09-25 15:10:20.794369+00:00,2026-09-25 15:10:20.795369+00:00,2026-09-25 15:10:20.796370+00:00,2026-09-25 15:10:20.797370+00:00,2026-09-25 15:10:20.798370+00:00,2026-09-25 15:10:20.799370+00:00,2026-09-25 15:10:20.800370+00:00,2026-09-25 15:10:20.801370+00:00,2026-09-25 15:10:20.802370+00:00,2026-09-25 15:10:20.803370+00:00,2026-09-25 15:10:20.804370+00:00,2026-09-25 15:10:20.805370+00:00,2026-09-25 15:10:20.806370+00:00,2026-09-25 15:10:20.807370+00:00,2026-09-25 15:10:20.819371+00:00,2026-09-25 15:10:20.809370+00:00,2026-09-25 15:10:20.810370+00:00,2026-09-25 15:10:20.811370+00:00,2026-09-25 15:10:20.812370+00:00,2026-09-25 15:10:20.813371+00:00,2026-09-25 15:10:20.814371+00:00,2026-09-25 15:10:20.815371+00:00,2026-09-25 15:10:20.816371+00:00,2026-09-25 15:10:20.817371+00:00,2026-09-25 15:10:20.818371+00:00,2026-09-25 15:10:20.808370+00:00,2026-09-25 15:10:20.820371+00:00,2026-09-25 15:10:20.821371+00:00,2026-09-25 15:10:20.822371+00:00,2026-09-25 15:10:20.823371+00:00,2026-09-25 15:10:20.824371+00:00,2026-09-25 15:10:20.825371+00:00,2026-09-25 15:10:20.826371+00:00,2026-09-25 15:10:20.827371+00:00,2026-09-25 15:10:20.828371+00:00,2026-09-25 15:10:20.829371+00:00,2026-09-25 15:10:20.830371+00:00,2026-09-25 15:10:20.830371+00:00,0.402188,2.486399395307667,178.36635531857155,True,False,True,False,False,False,True,False,False,True,True,True,False,False,False,False
252,2026-09-25 13:41:16.256395+00:00,2026-09-25 15:10:21.207393+00:00,91.005,True,False,False,False,False,False,True,False,True,False,False,False,False,False,False,False,True,False,True,True,False,False,False,False,True,True,True,False,True,True,False,False,False,False,True,False,False,False,False,False,False,True,False,True,True,True,False,False,False,False,False,False,False,False,False,True,False,True,False,False,True,True,False,True,False,False,False,False,True,True,True,False,False,False,False,False,False,False,False,0,0,0,0,2026-09-25 15:10:21.116388+00:00,2026-09-25 15:10:21.125388+00:00,2026-09-25 15:10:21.126388+00:00,2026-09-25 15:10:21.127388+00:00,2026-09-25 15:10:21.128389+00:00,2026-09-25 15:10:21.129389+00:00,2026-09-25 15:10:21.130389+00:00,2026-09-25 15:10:21.131389+00:00,2026-09-25 15:10:21.143389+00:00,2026-09-25 15:10:21.133389+00:00,2026-09-25 15:10:21.134389+00:00,2026-09-25 15:10:21.135389+00:00,2026-09-25 15:10:21.136389+00:00,2026-09-25 15:10:21.148390+00:00,2026-09-25 15:10:21.138389+00:00,2026-09-25 15:10:21.139389+00:00,2026-09-25 15:10:21.140389+00:00,2026-09-25 15:10:21.141389+00:00,2026-09-25 15:10:21.142389+00:00,2026-09-25 15:10:21.132389+00:00,2026-09-25 15:10:21.144389+00:00,2026-09-25 15:10:21.145390+00:00,2026-09-25 15:10:21.146390+00:00,2026-09-25 15:10:21.158390+00:00,2026-09-25 15:10:21.137389+00:00,2026-09-25 15:10:21.149390+00:00,2026-09-25 15:10:21.150390+00:00,2026-09-25 15:10:21.151390+00:00,2026-09-25 15:10:21.152390+00:00,2026-09-25 15:10:21.153390+00:00,2026-09-25 15:10:21.154390+00:00,2026-09-25 15:10:21.155390+00:00,2026-09-25 15:10:21.156390+00:00,2026-09-25 15:10:21.157390+00:00,2026-09-25 15:10:21.170391+00:00,2026-09-25 15:10:21.160390+00:00,2026-09-25 15:10:21.172391+00:00,2026-09-25 15:10:21.162390+00:00,2026-09-25 15:10:21.163391+00:00,2026-09-25 15:10:21.164391+00:00,2026-09-25 15:10:21.165391+00:00,2026-09-25 15:10:21.166391+00:00,2026-09-25 15:10:21.167391+00:00,2026-09-25 15:10:21.168391+00:00,2026-09-25 15:10:21.169391+00:00,2026-09-25 15:10:21.159390+00:00,2026-09-25 15:10:21.171391+00:00,2026-09-25 15:10:21.161390+00:00,2026-09-25 15:10:21.173391+00:00,2026-09-25 15:10:21.174391+00:00,2026-09-25 15:10:21.175391+00:00,2026-09-25 15:10:21.176391+00:00,2026-09-25 15:10:21.177391+00:00,2026-09-25 15:10:21.178391+00:00,2026-09-25 15:10:21.179391+00:00,2026-09-25 15:10:21.180392+00:00,2026-09-25 15:10:21.181392+00:00,2026-09-25 15:10:21.182392+00:00,2026-09-25 15:10:21.183392+00:00,2026-09-25 15:10:21.184392+00:00,2026-09-25 15:10:21.185392+00:00,2026-09-25 15:10:21.186392+00:00,2026-09-25 15:10:21.187392+00:00,2026-09-25 15:10:21.188392+00:00,2026-09-25 15:10:21.189392+00:00,2026-09-25 15:10:21.190392+00:00,2026-09-25 15:10:21.191392+00:00,2026-09-25 15:10:21.192392+00:00,2026-09-25 15:10:21.193392+00:00,2026-09-25 15:10:21.194392+00:00,2026-09-25 15:10:21.195392+00:00,2026-09-25 15:10:21.196392+00:00,2026-09-25 15:10:21.197392+00:00,2026-09-25 15:10:21.198393+00:00,2026-09-25 15:10:21.199393+00:00,2026-09-25 15:10:21.200393+00:00,2026-09-25 15:10:21.201393+00:00,2026-09-25 15:10:21.202393+00:00,2026-09-25 15:10:21.203393+00:00,2026-09-25 15:10:21.204393+00:00,2026-09-25 15:10:21.205393+00:00,2026-09-25 15:10:21.206393+00:00,2026-09-25 15:10:21.207393+00:00,2026-09-25 15:10:21.207393+00:00,0.35586,2.810093857134828,178.32269114039224,True,False,True,False,False,False,True,False,False,True,True,True,False,False,False,False
253,2026-09-25 13:41:16.724882+00:00,2026-09-25 15:10:21.681420+00:00,93.005,True,False,False,False,False,False,True,False,True,False,False,False,False,False,False,False,True,False,True,True,False,False,False,False,True,True,True,False,True,True,False,False,False,False,True,False,False,False,False,False,False,True,False,True,True,True,False,False,False,False,False,False,False,False,False,True,False,True,False,False,True,True,False,True,False,False,False,False,True,True,True,False,False,False,False,False,False,False,False,0,0,0,0,2026-09-25 15:10:21.588415+00:00,2026-09-25 15:10:21.598415+00:00,2026-09-25 15:10:21.599415+00:00,2026-09-25 15:10:21.600416+00:00,2026-09-25 15:10:21.601416+00:00,2026-09-25 15:10:21.602416+00:00,2026-09-25 15:10:21.603416+00:00,2026-09-25 15:10:21.604416+00:00,2026-09-25 15:10:21.605416+00:00,2026-09-25 15:10:21.606416+00:00,2026-09-25 15:10:21.607416+00:00,2026-09-25 15:10:21.608416+00:00,2026-09-25 15:10:21.609416+00:00,2026-09-25 15:10:21.610416+00:00,2026-09-25 15:10:21.611416+00:00,2026-09-25 15:10:21.623417+00:00,2026-09-25 15:10:21.613416+00:00,2026-09-25 15:10:21.614416+00:00,2026-09-25 15:10:21.615416+00:00,2026-09-25 15:10:21.616416+00:00,2026-09-25 15:10:21.617417+00:00,2026-09-25 15:10:21.618417+00:00,2026-09-25 15:10:21.619417+00:00,2026-09-25 15:10:21.620417+00:00,2026-09-25 15:10:21.621417+00:00,2026-09-25 15:10:21.622417+00:00,2026-09-25 15:10:21.612416+00:00,2026-09-25 15:10:21.624417+00:00,2026-09-25 15:10:21.625417+00:00,2026-09-25 15:10:21.626417+00:00,2026-09-25 15:10:21.628417+00:00,2026-09-25 15:10:21.640418+00:00,2026-09-25 15:10:21.630417+00:00,2026-09-25 15:10:21.642418+00:00,2026-09-25 15:10:21.632417+00:00,2026-09-25 15:10:21.633417+00:00,2026-09-25 15:10:21.634417+00:00,2026-09-25 15:10:21.635418+00:00,2026-09-25 15:10:21.636418+00:00,2026-09-25 15:10:21.648418+00:00,2026-09-25 15:10:21.638418+00:00,2026-09-25 15:10:21.639418+00:00,2026-09-25 15:10:21.629417+00:00,2026-09-25 15:10:21.641418+00:00,2026-09-25 15:10:21.631417+00:00,2026-09-25 15:10:21.666419+00:00,2026-09-25 15:10:21.644418+00:00,2026-09-25 15:10:21.645418+00:00,2026-09-25 15:10:21.646418+00:00,2026-09-25 15:10:21.647418+00:00,2026-09-25 15:10:21.637418+00:00,2026-09-25 15:10:21.649418+00:00,2026-09-25 15:10:21.650418+00:00,2026-09-25 15:10:21.651418+00:00,2026-09-25 15:10:21.652419+00:00,2026-09-25 15:10:21.653419+00:00,2026-09-25 15:10:21.643418+00:00,2026-09-25 15:10:21.655419+00:00,2026-09-25 15:10:21.668419+00:00,2026-09-25 15:10:21.669419+00:00,2026-09-25 15:10:21.671420+00:00,2026-09-25 15:10:21.660419+00:00,2026-09-25 15:10:21.673420+00:00,2026-09-25 15:10:21.674420+00:00,2026-09-25 15:10:21.663419+00:00,2026-09-25 15:10:21.664419+00:00,2026-09-25 15:10:21.665419+00:00,2026-09-25 15:10:21.654419+00:00,2026-09-25 15:10:21.667419+00:00,2026-09-25 15:10:21.656419+00:00,2026-09-25 15:10:21.657419+00:00,2026-09-25 15:10:21.658419+00:00,2026-09-25 15:10:21.659419+00:00,2026-09-25 15:10:21.672420+00:00,2026-09-25 15:10:21.661419+00:00,2026-09-25 15:10:21.662419+00:00,2026-09-25 15:10:21.675420+00:00,2026-09-25 15:10:21.676420+00:00,2026-09-25 15:10:21.677420+00:00,2026-09-25 15:10:21.678420+00:00,2026-09-25 15:10:21.679420+00:00,2026-09-25 15:10:21.680420+00:00,2026-09-25 15:10:21.681420+00:00,2026-09-25 15:10:21.681420+00:00,0.468487,2.1345309474969425,178.2663298348084,True,False,True,False,False,False,True,False,False,True,True,True,False,False,False,False
254,2026-09-25 13:41:17.078875+00:00,2026-09-25 15:10:22.028440+00:00,90.005,True,False,False,False,False,False,True,False,True,False,False,False,False,False,False,False,True,False,True,True,False,False,False,False,True,True,True,False,True,True,False,False,False,False,True,False,False,False,False,False,False,True,False,True,True,True,False,False,False,False,False,False,False,False,False,True,False,True,False,False,True,True,False,True,False,False,False,False,True,True,True,False,False,False,False,False,False,False,False,0,0,0,0,2026-09-25 15:10:21.938435+00:00,2026-09-25 15:10:21.947435+00:00,2026-09-25 15:10:21.948435+00:00,2026-09-25 15:10:21.949435+00:00,2026-09-25 15:10:21.950436+00:00,2026-09-25 15:10:21.951436+00:00,2026-09-25 15:10:21.952436+00:00,2026-09-25 15:10:21.953436+00:00,2026-09-25 15:10:21.954436+00:00,2026-09-25 15:10:21.955436+00:00,2026-09-25 15:10:21.956436+00:00,2026-09-25 15:10:21.957436+00:00,2026-09-25 15:10:21.958436+00:00,2026-09-25 15:10:21.959436+00:00,2026-09-25 15:10:21.960436+00:00,2026-09-25 15:10:21.961436+00:00,2026-09-25 15:10:21.962436+00:00,2026-09-25 15:10:21.963436+00:00,2026-09-25 15:10:21.964436+00:00,2026-09-25 15:10:21.965436+00:00,2026-09-25 15:10:21.966436+00:00,2026-09-25 15:10:21.967437+00:00,2026-09-25 15:10:21.968437+00:00,2026-09-25 15:10:21.969437+00:00,2026-09-25 15:10:21.981437+00:00,2026-09-25 15:10:21.971437+00:00,2026-09-25 15:10:21.983437+00:00,2026-09-25 15:10:21.973437+00:00,2026-09-25 15:10:21.974437+00:00,2026-09-25 15:10:21.986438+00:00,2026-09-25 15:10:21.976437+00:00,2026-09-25 15:10:21.977437+00:00,2026-09-25 15:10:21.978437+00:00,2026-09-25 15:10:21.979437+00:00,2026-09-25 15:10:21.980437+00:00,2026-09-25 15:10:21.970437+00:00,2026-09-25 15:10:21.982437+00:00,2026-09-25 15:10:21.972437+00:00,2026-09-25 15:10:21.984437+00:00,2026-09-25 15:10:21.985438+00:00,2026-09-25 15:10:21.975437+00:00,2026-09-25 15:10:21.987438+00:00,2026-09-25 15:10:21.988438+00:00,2026-09-25 15:10:21.989438+00:00,2026-09-25 15:10:21.990438+00:00,2026-09-25 15:10:21.991438+00:00,2026-09-25 15:10:21.992438+00:00,2026-09-25 15:10:21.993438+00:00,2026-09-25 15:10:21.994438+00:00,2026-09-25 15:10:21.995438+00:00,2026-09-25 15:10:21.996438+00:00,2026-09-25 15:10:21.997438+00:00,2026-09-25 15:10:21.998438+00:00,2026-09-25 15:10:21.999438+00:00,2026-09-25 15:10:22.000438+00:00,2026-09-25 15:10:22.001438+00:00,2026-09-25 15:10:22.002439+00:00,2026-09-25 15:10:22.003439+00:00,2026-09-25 15:10:22.004439+00:00,2026-09-25 15:10:22.005439+00:00,2026-09-25 15:10:22.006439+00:00,2026-09-25 15:10:22.007439+00:00,2026-09-25 15:10:22.008439+00:00,2026-09-25 15:10:22.009439+00:00,2026-09-25 15:10:22.010439+00:00,2026-09-25 15:10:22.011439+00:00,2026-09-25 15:10:22.012439+00:00,2026-09-25 15:10:22.013439+00:00,2026-09-25 15:10:22.014439+00:00,2026-09-25 15:10:22.015439+00:00,2026-09-25 15:10:22.016439+00:00,2026-09-25 15:10:22.028440+00:00,2026-09-25 15:10:22.018439+00:00,2026-09-25 15:10:22.019439+00:00,2026-09-25 15:10:22.020440+00:00,2026-09-25 15:10:22.021440+00:00,2026-09-25 15:10:22.022440+00:00,2026-09-25 15:10:22.023440+00:00,2026-09-25 15:10:22.024440+00:00,2026-09-25 15:10:22.025440+00:00,2026-09-25 15:10:22.026440+00:00,2026-09-25 15:10:22.027440+00:00,2026-09-25 15:10:22.017439+00:00,2026-09-25 15:10:22.028440+00:00,0.353993,2.8249146169557027,178.2241926197302,True,False,True,False,False,False,True,False,False,True,True,True,False,False,False,False
255,2026-09-25 13:41:17.454229+00:00,2026-09-25 15:10:22.412462+00:00,105.006,True,False,False,False,False,False,True,False,True,False,False,False,False,False,False,False,True,False,True,True,False,False,False,False,True,True,True,False,True,True,False,False,False,False,True,False,False,False,False,True,True,True,False,True,True,True,False,False,False,False,False,False,False,False,False,True,False,True,False,False,True,True,False,True,False,False,False,False,True,True,True,False,False,False,False,False,False,False,False,0,0,0,0,2026-09-25 15:10:22.307456+00:00,2026-09-25 15:10:22.330457+00:00,2026-09-25 15:10:22.331457+00:00,2026-09-25 15:10:22.332457+00:00,2026-09-25 15:10:22.333457+00:00,2026-09-25 15:10:22.334458+00:00,2026-09-25 15:10:22.335458+00:00,2026-09-25 15:10:22.336458+00:00,2026-09-25 15:10:22.337458+00:00,2026-09-25 15:10:22.338458+00:00,2026-09-25 15:10:22.350458+00:00,2026-09-25 15:10:22.340458+00:00,2026-09-25 15:10:22.341458+00:00,2026-09-25 15:10:22.342458+00:00,2026-09-25 15:10:22.343458+00:00,2026-09-25 15:10:22.344458+00:00,2026-09-25 15:10:22.345458+00:00,2026-09-25 15:10:22.346458+00:00,2026-09-25 15:10:22.347458+00:00,2026-09-25 15:10:22.348458+00:00,2026-09-25 15:10:22.349458+00:00,2026-09-25 15:10:22.339458+00:00,2026-09-25 15:10:22.351458+00:00,2026-09-25 15:10:22.352459+00:00,2026-09-25 15:10:22.353459+00:00,2026-09-25 15:10:22.354459+00:00,2026-09-25 15:10:22.355459+00:00,2026-09-25 15:10:22.356459+00:00,2026-09-25 15:10:22.357459+00:00,2026-09-25 15:10:22.358459+00:00,2026-09-25 15:10:22.359459+00:00,2026-09-25 15:10:22.360459+00:00,2026-09-25 15:10:22.361459+00:00,2026-09-25 15:10:22.362459+00:00,2026-09-25 15:10:22.363459+00:00,2026-09-25 15:10:22.364459+00:00,2026-09-25 15:10:22.365459+00:00,2026-09-25 15:10:22.366459+00:00,2026-09-25 15:10:22.367459+00:00,2026-09-25 15:10:22.368459+00:00,2026-09-25 15:10:22.369460+00:00,2026-09-25 15:10:22.370460+00:00,2026-09-25 15:10:22.371460+00:00,2026-09-25 15:10:22.372460+00:00,2026-09-25 15:10:22.373460+00:00,2026-09-25 15:10:22.374460+00:00,2026-09-25 15:10:22.375460+00:00,2026-09-25 15:10:22.376460+00:00,2026-09-25 15:10:22.377460+00:00,2026-09-25 15:10:22.378460+00:00,2026-09-25 15:10:22.379460+00:00,2026-09-25 15:10:22.402461+00:00,2026-09-25 15:10:22.381460+00:00,2026-09-25 15:10:22.382460+00:00,2026-09-25 15:10:22.383460+00:00,2026-09-25 15:10:22.384460+00:00,2026-09-25 15:10:22.385460+00:00,2026-09-25 15:10:22.386460+00:00,2026-09-25 15:10:22.387461+00:00,2026-09-25 15:10:22.388461+00:00,2026-09-25 15:10:22.400461+00:00,2026-09-25 15:10:22.401461+00:00,2026-09-25 15:10:22.380460+00:00,2026-09-25 15:10:22.403461+00:00,2026-09-25 15:10:22.393461+00:00,2026-09-25 15:10:22.394461+00:00,2026-09-25 15:10:22.395461+00:00,2026-09-25 15:10:22.396461+00:00,2026-09-25 15:10:22.397461+00:00,2026-09-25 15:10:22.398461+00:00,2026-09-25 15:10:22.399461+00:00,2026-09-25 15:10:22.389461+00:00,2026-09-25 15:10:22.390461+00:00,2026-09-25 15:10:22.391461+00:00,2026-09-25 15:10:22.392461+00:00,2026-09-25 15:10:22.404462+00:00,2026-09-25 15:10:22.405462+00:00,2026-09-25 15:10:22.406462+00:00,2026-09-25 15:10:22.408462+00:00,2026-09-25 15:10:22.409462+00:00,2026-09-25 15:10:22.410462+00:00,2026-09-25 15:10:22.411462+00:00,2026-09-25 15:10:22.412462+00:00,2026-09-25 15:10:22.412462+00:00,0.375354,2.6641517074548293,178.1768587256145,True,False,True,False,False,False,True,False,False,True,True,True,False,False,False,False
256,2026-09-25 13:41:17.803338+00:00,2026-09-25 15:10:22.757482+00:00,90.005,True,False,False,False,False,False,True,False,True,False,False,False,False,False,False,False,True,False,True,True,False,False,False,False,True,True,True,False,True,True,False,False,False,False,True,False,False,False,False,True,True,True,False,True,True,True,False,False,False,False,False,False,False,False,False,True,False,True,False,False,True,True,False,True,False,False,False,False,True,True,True,False,False,False,False,False,False,False,False,0,0,0,0,2026-09-25 15:10:22.667477+00:00,2026-09-25 15:10:22.676477+00:00,2026-09-25 15:10:22.677477+00:00,2026-09-25 15:10:22.678477+00:00,2026-09-25 15:10:22.679477+00:00,2026-09-25 15:10:22.680477+00:00,2026-09-25 15:10:22.681477+00:00,2026-09-25 15:10:22.682477+00:00,2026-09-25 15:10:22.683477+00:00,2026-09-25 15:10:22.684478+00:00,2026-09-25 15:10:22.685478+00:00,2026-09-25 15:10:22.686478+00:00,2026-09-25 15:10:22.687478+00:00,2026-09-25 15:10:22.699478+00:00,2026-09-25 15:10:22.689478+00:00,2026-09-25 15:10:22.690478+00:00,2026-09-25 15:10:22.691478+00:00,2026-09-25 15:10:22.692478+00:00,2026-09-25 15:10:22.693478+00:00,2026-09-25 15:10:22.694478+00:00,2026-09-25 15:10:22.695478+00:00,2026-09-25 15:10:22.696478+00:00,2026-09-25 15:10:22.697478+00:00,2026-09-25 15:10:22.698478+00:00,2026-09-25 15:10:22.688478+00:00,2026-09-25 15:10:22.700478+00:00,2026-09-25 15:10:22.701479+00:00,2026-09-25 15:10:22.702479+00:00,2026-09-25 15:10:22.703479+00:00,2026-09-25 15:10:22.704479+00:00,2026-09-25 15:10:22.705479+00:00,2026-09-25 15:10:22.706479+00:00,2026-09-25 15:10:22.707479+00:00,2026-09-25 15:10:22.708479+00:00,2026-09-25 15:10:22.709479+00:00,2026-09-25 15:10:22.710479+00:00,2026-09-25 15:10:22.711479+00:00,2026-09-25 15:10:22.712479+00:00,2026-09-25 15:10:22.713479+00:00,2026-09-25 15:10:22.714479+00:00,2026-09-25 15:10:22.715479+00:00,2026-09-25 15:10:22.716479+00:00,2026-09-25 15:10:22.717479+00:00,2026-09-25 15:10:22.718479+00:00,2026-09-25 15:10:22.719480+00:00,2026-09-25 15:10:22.720480+00:00,2026-09-25 15:10:22.721480+00:00,2026-09-25 15:10:22.722480+00:00,2026-09-25 15:10:22.723480+00:00,2026-09-25 15:10:22.724480+00:00,2026-09-25 15:10:22.725480+00:00,2026-09-25 15:10:22.726480+00:00,2026-09-25 15:10:22.727480+00:00,2026-09-25 15:10:22.728480+00:00,2026-09-25 15:10:22.729480+00:00,2026-09-25 15:10:22.741481+00:00,2026-09-25 15:10:22.731480+00:00,2026-09-25 15:10:22.732480+00:00,2026-09-25 15:10:22.733480+00:00,2026-09-25 15:10:22.734480+00:00,2026-09-25 15:10:22.735480+00:00,2026-09-25 15:10:22.736481+00:00,2026-09-25 15:10:22.737481+00:00,2026-09-25 15:10:22.738481+00:00,2026-09-25 15:10:22.739481+00:00,2026-09-25 15:10:22.740481+00:00,2026-09-25 15:10:22.730480+00:00,2026-09-25 15:10:22.742481+00:00,2026-09-25 15:10:22.743481+00:00,2026-09-25 15:10:22.744481+00:00,2026-09-25 15:10:22.745481+00:00,2026-09-25 15:10:22.746481+00:00,2026-09-25 15:10:22.747481+00:00,2026-09-25 15:10:22.748481+00:00,2026-09-25 15:10:22.749481+00:00,2026-09-25 15:10:22.750481+00:00,2026-09-25 15:10:22.751481+00:00,2026-09-25 15:10:22.752481+00:00,2026-09-25 15:10:22.753481+00:00,2026-09-25 15:10:22.754482+00:00,2026-09-25 15:10:22.755482+00:00,2026-09-25 15:10:22.756482+00:00,2026-09-25 15:10:22.757482+00:00,2026-09-25 15:10:22.757482+00:00,0.349109,2.864434889962734,178.13383392914704,True,False,True,False,False,False,True,False,False,True,True,True,False,False,False,False
257,2026-09-25 13:41:18.151841+00:00,2026-09-25 15:10:23.103501+00:00,87.004,True,False,False,False,False,False,True,False,True,False,False,False,False,False,False,False,True,False,True,True,False,False,False,False,True,True,True,False,True,True,False,False,False,False,True,False,False,False,False,False,False,True,False,True,True,True,False,False,False,False,False,False,False,False,False,True,False,True,False,False,True,True,False,True,False,False,False,False,True,True,True,False,False,False,False,False,False,False,False,0,0,0,0,2026-09-25 15:10:23.016497+00:00,2026-09-25 15:10:23.022497+00:00,2026-09-25 15:10:23.023497+00:00,2026-09-25 15:10:23.024497+00:00,2026-09-25 15:10:23.025497+00:00,2026-09-25 15:10:23.026497+00:00,2026-09-25 15:10:23.027497+00:00,2026-09-25 15:10:23.028497+00:00,2026-09-25 15:10:23.029497+00:00,2026-09-25 15:10:23.030497+00:00,2026-09-25 15:10:23.042498+00:00,2026-09-25 15:10:23.032497+00:00,2026-09-25 15:10:23.033497+00:00,2026-09-25 15:10:23.034498+00:00,2026-09-25 15:10:23.035498+00:00,2026-09-25 15:10:23.036498+00:00,2026-09-25 15:10:23.037498+00:00,2026-09-25 15:10:23.038498+00:00,2026-09-25 15:10:23.039498+00:00,2026-09-25 15:10:23.040498+00:00,2026-09-25 15:10:23.041498+00:00,2026-09-25 15:10:23.031497+00:00,2026-09-25 15:10:23.043498+00:00,2026-09-25 15:10:23.044498+00:00,2026-09-25 15:10:23.045498+00:00,2026-09-25 15:10:23.046498+00:00,2026-09-25 15:10:23.047498+00:00,2026-09-25 15:10:23.059499+00:00,2026-09-25 15:10:23.049498+00:00,2026-09-25 15:10:23.050498+00:00,2026-09-25 15:10:23.051499+00:00,2026-09-25 15:10:23.052499+00:00,2026-09-25 15:10:23.053499+00:00,2026-09-25 15:10:23.054499+00:00,2026-09-25 15:10:23.055499+00:00,2026-09-25 15:10:23.056499+00:00,2026-09-25 15:10:23.057499+00:00,2026-09-25 15:10:23.058499+00:00,2026-09-25 15:10:23.048498+00:00,2026-09-25 15:10:23.060499+00:00,2026-09-25 15:10:23.061499+00:00,2026-09-25 15:10:23.062499+00:00,2026-09-25 15:10:23.063499+00:00,2026-09-25 15:10:23.064499+00:00,2026-09-25 15:10:23.065499+00:00,2026-09-25 15:10:23.066499+00:00,2026-09-25 15:10:23.067499+00:00,2026-09-25 15:10:23.068499+00:00,2026-09-25 15:10:23.069500+00:00,2026-09-25 15:10:23.070500+00:00,2026-09-25 15:10:23.071500+00:00,2026-09-25 15:10:23.072500+00:00,2026-09-25 15:10:23.073500+00:00,2026-09-25 15:10:23.074500+00:00,2026-09-25 15:10:23.075500+00:00,2026-09-25 15:10:23.076500+00:00,2026-09-25 15:10:23.077500+00:00,2026-09-25 15:10:23.078500+00:00,2026-09-25 15:10:23.079500+00:00,2026-09-25 15:10:23.080500+00:00,2026-09-25 15:10:23.081500+00:00,2026-09-25 15:10:23.082500+00:00,2026-09-25 15:10:23.083500+00:00,2026-09-25 15:10:23.084500+00:00,2026-09-25 15:10:23.085500+00:00,2026-09-25 15:10:23.086501+00:00,2026-09-25 15:10:23.087501+00:00,2026-09-25 15:10:23.088501+00:00,2026-09-25 15:10:23.089501+00:00,2026-09-25 15:10:23.090501+00:00,2026-09-25 15:10:23.091501+00:00,2026-09-25 15:10:23.092501+00:00,2026-09-25 15:10:23.093501+00:00,2026-09-25 15:10:23.094501+00:00,2026-09-25 15:10:23.095501+00:00,2026-09-25 15:10:23.096501+00:00,2026-09-25 15:10:23.097501+00:00,2026-09-25 15:10:23.098501+00:00,2026-09-25 15:10:23.099501+00:00,2026-09-25 15:10:23.100501+00:00,2026-09-25 15:10:23.101501+00:00,2026-09-25 15:10:23.102501+00:00,2026-09-25 15:10:23.103501+00:00,2026-09-25 15:10:23.103501+00:00,0.348503,2.8694157582574613,178.09033960399736,True,False,True,False,False,False,True,False,False,True,True,True,False,False,False,False
258,2026-09-25 13:41:18.513432+00:00,2026-09-25 15:10:23.454522+00:00,89.006,True,False,False,False,False,False,True,False,True,False,False,False,False,False,False,False,True,False,True,True,False,False,False,False,True,True,True,False,True,True,False,False,False,False,True,False,False,False,False,True,True,True,False,True,True,True,False,False,False,False,False,False,False,False,False,True,False,True,False,False,True,True,False,True,False,False,False,False,True,True,True,False,False,False,False,False,False,False,False,0,0,0,0,2026-09-25 15:10:23.365516+00:00,2026-09-25 15:10:23.372517+00:00,2026-09-25 15:10:23.373517+00:00,2026-09-25 15:10:23.374517+00:00,2026-09-25 15:10:23.375517+00:00,2026-09-25 15:10:23.376517+00:00,2026-09-25 15:10:23.377517+00:00,2026-09-25 15:10:23.378517+00:00,2026-09-25 15:10:23.379517+00:00,2026-09-25 15:10:23.380517+00:00,2026-09-25 15:10:23.381517+00:00,2026-09-25 15:10:23.382517+00:00,2026-09-25 15:10:23.383518+00:00,2026-09-25 15:10:23.384518+00:00,2026-09-25 15:10:23.385518+00:00,2026-09-25 15:10:23.386518+00:00,2026-09-25 15:10:23.387518+00:00,2026-09-25 15:10:23.388518+00:00,2026-09-25 15:10:23.389518+00:00,2026-09-25 15:10:23.390518+00:00,2026-09-25 15:10:23.391518+00:00,2026-09-25 15:10:23.392518+00:00,2026-09-25 15:10:23.393518+00:00,2026-09-25 15:10:23.394518+00:00,2026-09-25 15:10:23.395518+00:00,2026-09-25 15:10:23.407519+00:00,2026-09-25 15:10:23.397518+00:00,2026-09-25 15:10:23.398518+00:00,2026-09-25 15:10:23.399518+00:00,2026-09-25 15:10:23.400518+00:00,2026-09-25 15:10:23.401519+00:00,2026-09-25 15:10:23.402519+00:00,2026-09-25 15:10:23.414519+00:00,2026-09-25 15:10:23.404519+00:00,2026-09-25 15:10:23.416519+00:00,2026-09-25 15:10:23.406519+00:00,2026-09-25 15:10:23.408519+00:00,2026-09-25 15:10:23.409519+00:00,2026-09-25 15:10:23.410519+00:00,2026-09-25 15:10:23.411519+00:00,2026-09-25 15:10:23.412519+00:00,2026-09-25 15:10:23.413519+00:00,2026-09-25 15:10:23.403519+00:00,2026-09-25 15:10:23.415519+00:00,2026-09-25 15:10:23.405519+00:00,2026-09-25 15:10:23.417519+00:00,2026-09-25 15:10:23.418520+00:00,2026-09-25 15:10:23.419520+00:00,2026-09-25 15:10:23.420520+00:00,2026-09-25 15:10:23.421520+00:00,2026-09-25 15:10:23.422520+00:00,2026-09-25 15:10:23.423520+00:00,2026-09-25 15:10:23.424520+00:00,2026-09-25 15:10:23.425520+00:00,2026-09-25 15:10:23.426520+00:00,2026-09-25 15:10:23.427520+00:00,2026-09-25 15:10:23.428520+00:00,2026-09-25 15:10:23.429520+00:00,2026-09-25 15:10:23.430520+00:00,2026-09-25 15:10:23.431520+00:00,2026-09-25 15:10:23.432520+00:00,2026-09-25 15:10:23.433520+00:00,2026-09-25 15:10:23.434520+00:00,2026-09-25 15:10:23.435520+00:00,2026-09-25 15:10:23.436521+00:00,2026-09-25 15:10:23.437521+00:00,2026-09-25 15:10:23.438521+00:00,2026-09-25 15:10:23.439521+00:00,2026-09-25 15:10:23.440521+00:00,2026-09-25 15:10:23.441521+00:00,2026-09-25 15:10:23.442521+00:00,2026-09-25 15:10:23.443521+00:00,2026-09-25 15:10:23.444521+00:00,2026-09-25 15:10:23.445521+00:00,2026-09-25 15:10:23.446521+00:00,2026-09-25 15:10:23.447521+00:00,2026-09-25 15:10:23.448521+00:00,2026-09-25 15:10:23.449521+00:00,2026-09-25 15:10:23.450521+00:00,2026-09-25 15:10:23.451521+00:00,2026-09-25 15:10:23.452521+00:00,2026-09-25 15:10:23.453522+00:00,2026-09-25 15:10:23.454522+00:00,2026-09-25 15:10:23.454522+00:00,0.361591,2.765555558628395,178.0459938317172,True,False,True,False,False,False,True,False,False,True,True,True,False,False,False,False
259,2026-09-25 13:41:18.896787+00:00,2026-09-25 15:10:23.836543+00:00,107.006,True,False,False,False,False,False,True,False,True,False,False,False,False,False,False,False,True,False,True,True,False,False,False,False,True,True,True,False,True,True,False,False,False,False,True,False,False,False,False,True,True,True,False,True,True,True,False,False,False,False,False,False,False,False,False,True,False,True,False,False,True,True,False,True,False,False,False,False,True,True,True,False,False,False,False,False,False,False,False,0,0,0,0,2026-09-25 15:10:23.729537+00:00,2026-09-25 15:10:23.753539+00:00,2026-09-25 15:10:23.754539+00:00,2026-09-25 15:10:23.756539+00:00,2026-09-25 15:10:23.769540+00:00,2026-09-25 15:10:23.759539+00:00,2026-09-25 15:10:23.760539+00:00,2026-09-25 15:10:23.761539+00:00,2026-09-25 15:10:23.762539+00:00,2026-09-25 15:10:23.763539+00:00,2026-09-25 15:10:23.764539+00:00,2026-09-25 15:10:23.765539+00:00,2026-09-25 15:10:23.766539+00:00,2026-09-25 15:10:23.767539+00:00,2026-09-25 15:10:23.768540+00:00,2026-09-25 15:10:23.758539+00:00,2026-09-25 15:10:23.770540+00:00,2026-09-25 15:10:23.771540+00:00,2026-09-25 15:10:23.772540+00:00,2026-09-25 15:10:23.773540+00:00,2026-09-25 15:10:23.774540+00:00,2026-09-25 15:10:23.775540+00:00,2026-09-25 15:10:23.776540+00:00,2026-09-25 15:10:23.777540+00:00,2026-09-25 15:10:23.778540+00:00,2026-09-25 15:10:23.779540+00:00,2026-09-25 15:10:23.780540+00:00,2026-09-25 15:10:23.781540+00:00,2026-09-25 15:10:23.782540+00:00,2026-09-25 15:10:23.783540+00:00,2026-09-25 15:10:23.784540+00:00,2026-09-25 15:10:23.785541+00:00,2026-09-25 15:10:23.786541+00:00,2026-09-25 15:10:23.787541+00:00,2026-09-25 15:10:23.788541+00:00,2026-09-25 15:10:23.789541+00:00,2026-09-25 15:10:23.790541+00:00,2026-09-25 15:10:23.791541+00:00,2026-09-25 15:10:23.792541+00:00,2026-09-25 15:10:23.793541+00:00,2026-09-25 15:10:23.794541+00:00,2026-09-25 15:10:23.795541+00:00,2026-09-25 15:10:23.796541+00:00,2026-09-25 15:10:23.797541+00:00,2026-09-25 15:10:23.798541+00:00,2026-09-25 15:10:23.799541+00:00,2026-09-25 15:10:23.800541+00:00,2026-09-25 15:10:23.801541+00:00,2026-09-25 15:10:23.802541+00:00,2026-09-25 15:10:23.803542+00:00,2026-09-25 15:10:23.804542+00:00,2026-09-25 15:10:23.805542+00:00,2026-09-25 15:10:23.806542+00:00,2026-09-25 15:10:23.807542+00:00,2026-09-25 15:10:23.808542+00:00,2026-09-25 15:10:23.809542+00:00,2026-09-25 15:10:23.810542+00:00,2026-09-25 15:10:23.811542+00:00,2026-09-25 15:10:23.812542+00:00,2026-09-25 15:10:23.813542+00:00,2026-09-25 15:10:23.814542+00:00,2026-09-25 15:10:23.815542+00:00,2026-09-25 15:10:23.816542+00:00,2026-09-25 15:10:23.817542+00:00,2026-09-25 15:10:23.818542+00:00,2026-09-25 15:10:23.819542+00:00,2026-09-25 15:10:23.820543+00:00,2026-09-25 15:10:23.821543+00:00,2026-09-25 15:10:23.822543+00:00,2026-09-25 15:10:23.823543+00:00,2026-09-25 15:10:23.824543+00:00,2026-09-25 15:10:23.825543+00:00,2026-09-25 15:10:23.826543+00:00,2026-09-25 15:10:23.827543+00:00,2026-09-25 15:10:23.828543+00:00,2026-09-25 15:10:23.829543+00:00,2026-09-25 15:10:23.830543+00:00,2026-09-25 15:10:23.831543+00:00,2026-09-25 15:10:23.832543+00:00,2026-09-25 15:10:23.833543+00:00,2026-09-25 15:10:23.834543+00:00,2026-09-25 15:10:23.835543+00:00,2026-09-25 15:10:23.836543+00:00,2026-09-25 15:10:23.836543+00:00,0.383355,2.6085482124923374,177.9976339035277,True,False,True,False,False,False,True,False,False,True,True,True,False,False,False,False
260,2026-09-25 13:41:19.254810+00:00,2026-09-25 15:10:24.212565+00:00,99.006,True,False,False,False,True,False,True,False,True,False,False,False,False,False,False,False,False,False,True,True,True,False,False,False,True,True,True,False,True,True,False,False,False,False,True,False,False,False,False,False,False,True,False,True,True,True,False,False,False,False,False,False,False,False,False,True,False,True,False,False,True,True,False,True,False,False,False,False,True,True,True,False,False,False,False,False,False,False,False,0,0,0,0,2026-09-25 15:10:24.113559+00:00,2026-09-25 15:10:24.127560+00:00,2026-09-25 15:10:24.128560+00:00,2026-09-25 15:10:24.129560+00:00,2026-09-25 15:10:24.130560+00:00,2026-09-25 15:10:24.131560+00:00,2026-09-25 15:10:24.132560+00:00,2026-09-25 15:10:24.133560+00:00,2026-09-25 15:10:24.134560+00:00,2026-09-25 15:10:24.135561+00:00,2026-09-25 15:10:24.136561+00:00,2026-09-25 15:10:24.137561+00:00,2026-09-25 15:10:24.138561+00:00,2026-09-25 15:10:24.139561+00:00,2026-09-25 15:10:24.140561+00:00,2026-09-25 15:10:24.141561+00:00,2026-09-25 15:10:24.142561+00:00,2026-09-25 15:10:24.143561+00:00,2026-09-25 15:10:24.144561+00:00,2026-09-25 15:10:24.145561+00:00,2026-09-25 15:10:24.146561+00:00,2026-09-25 15:10:24.147561+00:00,2026-09-25 15:10:24.148561+00:00,2026-09-25 15:10:24.161562+00:00,2026-09-25 15:10:24.150561+00:00,2026-09-25 15:10:24.151561+00:00,2026-09-25 15:10:24.152562+00:00,2026-09-25 15:10:24.153562+00:00,2026-09-25 15:10:24.154562+00:00,2026-09-25 15:10:24.155562+00:00,2026-09-25 15:10:24.157562+00:00,2026-09-25 15:10:24.158562+00:00,2026-09-25 15:10:24.159562+00:00,2026-09-25 15:10:24.160562+00:00,2026-09-25 15:10:24.149561+00:00,2026-09-25 15:10:24.174563+00:00,2026-09-25 15:10:24.175563+00:00,2026-09-25 15:10:24.165562+00:00,2026-09-25 15:10:24.166562+00:00,2026-09-25 15:10:24.167562+00:00,2026-09-25 15:10:24.168562+00:00,2026-09-25 15:10:24.169562+00:00,2026-09-25 15:10:24.170563+00:00,2026-09-25 15:10:24.171563+00:00,2026-09-25 15:10:24.172563+00:00,2026-09-25 15:10:24.173563+00:00,2026-09-25 15:10:24.163562+00:00,2026-09-25 15:10:24.164562+00:00,2026-09-25 15:10:24.188564+00:00,2026-09-25 15:10:24.189564+00:00,2026-09-25 15:10:24.178563+00:00,2026-09-25 15:10:24.179563+00:00,2026-09-25 15:10:24.180563+00:00,2026-09-25 15:10:24.181563+00:00,2026-09-25 15:10:24.182563+00:00,2026-09-25 15:10:24.183563+00:00,2026-09-25 15:10:24.184563+00:00,2026-09-25 15:10:24.186563+00:00,2026-09-25 15:10:24.187564+00:00,2026-09-25 15:10:24.176563+00:00,2026-09-25 15:10:24.177563+00:00,2026-09-25 15:10:24.190564+00:00,2026-09-25 15:10:24.191564+00:00,2026-09-25 15:10:24.192564+00:00,2026-09-25 15:10:24.193564+00:00,2026-09-25 15:10:24.194564+00:00,2026-09-25 15:10:24.195564+00:00,2026-09-25 15:10:24.196564+00:00,2026-09-25 15:10:24.197564+00:00,2026-09-25 15:10:24.198564+00:00,2026-09-25 15:10:24.199564+00:00,2026-09-25 15:10:24.200564+00:00,2026-09-25 15:10:24.201564+00:00,2026-09-25 15:10:24.203564+00:00,2026-09-25 15:10:24.204564+00:00,2026-09-25 15:10:24.205565+00:00,2026-09-25 15:10:24.206565+00:00,2026-09-25 15:10:24.207565+00:00,2026-09-25 15:10:24.208565+00:00,2026-09-25 15:10:24.209565+00:00,2026-09-25 15:10:24.210565+00:00,2026-09-25 15:10:24.211565+00:00,2026-09-25 15:10:24.212565+00:00,2026-09-25 15:10:24.212565+00:00,0.358023,2.793116643344143,177.95010049877158,True,False,True,False,False,False,True,False,False,True,True,True,False,False,False,False
261,2026-09-25 13:41:19.689332+00:00,2026-09-25 15:10:24.570585+00:00,102.005,True,False,False,False,True,False,True,False,True,False,False,False,False,False,False,False,False,False,True,False,True,False,False,False,True,True,True,False,True,True,False,False,False,False,True,False,False,False,False,True,True,True,False,True,True,True,False,False,False,False,False,False,False,False,False,True,False,True,False,False,True,True,False,True,False,False,False,False,True,True,True,False,False,False,False,False,False,False,False,0,0,0,0,2026-09-25 15:10:24.468580+00:00,2026-09-25 15:10:24.483580+00:00,2026-09-25 15:10:24.484580+00:00,2026-09-25 15:10:24.485581+00:00,2026-09-25 15:10:24.497581+00:00,2026-09-25 15:10:24.498581+00:00,2026-09-25 15:10:24.488581+00:00,2026-09-25 15:10:24.489581+00:00,2026-09-25 15:10:24.490581+00:00,2026-09-25 15:10:24.491581+00:00,2026-09-25 15:10:24.492581+00:00,2026-09-25 15:10:24.493581+00:00,2026-09-25 15:10:24.494581+00:00,2026-09-25 15:10:24.495581+00:00,2026-09-25 15:10:24.496581+00:00,2026-09-25 15:10:24.486581+00:00,2026-09-25 15:10:24.487581+00:00,2026-09-25 15:10:24.511582+00:00,2026-09-25 15:10:24.501581+00:00,2026-09-25 15:10:24.502582+00:00,2026-09-25 15:10:24.503582+00:00,2026-09-25 15:10:24.504582+00:00,2026-09-25 15:10:24.505582+00:00,2026-09-25 15:10:24.506582+00:00,2026-09-25 15:10:24.507582+00:00,2026-09-25 15:10:24.508582+00:00,2026-09-25 15:10:24.509582+00:00,2026-09-25 15:10:24.510582+00:00,2026-09-25 15:10:24.500581+00:00,2026-09-25 15:10:24.512582+00:00,2026-09-25 15:10:24.524583+00:00,2026-09-25 15:10:24.514582+00:00,2026-09-25 15:10:24.515582+00:00,2026-09-25 15:10:24.516582+00:00,2026-09-25 15:10:24.517582+00:00,2026-09-25 15:10:24.518582+00:00,2026-09-25 15:10:24.519582+00:00,2026-09-25 15:10:24.520583+00:00,2026-09-25 15:10:24.521583+00:00,2026-09-25 15:10:24.522583+00:00,2026-09-25 15:10:24.523583+00:00,2026-09-25 15:10:24.513582+00:00,2026-09-25 15:10:24.536583+00:00,2026-09-25 15:10:24.526583+00:00,2026-09-25 15:10:24.527583+00:00,2026-09-25 15:10:24.528583+00:00,2026-09-25 15:10:24.529583+00:00,2026-09-25 15:10:24.530583+00:00,2026-09-25 15:10:24.531583+00:00,2026-09-25 15:10:24.532583+00:00,2026-09-25 15:10:24.533583+00:00,2026-09-25 15:10:24.534583+00:00,2026-09-25 15:10:24.535583+00:00,2026-09-25 15:10:24.525583+00:00,2026-09-25 15:10:24.537584+00:00,2026-09-25 15:10:24.538584+00:00,2026-09-25 15:10:24.539584+00:00,2026-09-25 15:10:24.540584+00:00,2026-09-25 15:10:24.541584+00:00,2026-09-25 15:10:24.542584+00:00,2026-09-25 15:10:24.543584+00:00,2026-09-25 15:10:24.544584+00:00,2026-09-25 15:10:24.561585+00:00,2026-09-25 15:10:24.562585+00:00,2026-09-25 15:10:24.563585+00:00,2026-09-25 15:10:24.564585+00:00,2026-09-25 15:10:24.565585+00:00,2026-09-25 15:10:24.566585+00:00,2026-09-25 15:10:24.567585+00:00,2026-09-25 15:10:24.568585+00:00,2026-09-25 15:10:24.569585+00:00,2026-09-25 15:10:24.570585+00:00,2026-09-25 15:10:24.559585+00:00,2026-09-25 15:10:24.546584+00:00,2026-09-25 15:10:24.548584+00:00,2026-09-25 15:10:24.550584+00:00,2026-09-25 15:10:24.551584+00:00,2026-09-25 15:10:24.553584+00:00,2026-09-25 15:10:24.554584+00:00,2026-09-25 15:10:24.555585+00:00,2026-09-25 15:10:24.556585+00:00,2026-09-25 15:10:24.557585+00:00,2026-09-25 15:10:24.558585+00:00,2026-09-25 15:10:24.570585+00:00,0.434522,2.301379446840436,177.90506096773157,True,False,True,False,False,False,True,False,False,True,True,True,False,False,False,False
262,2026-09-25 13:41:20.106862+00:00,2026-09-25 15:10:25.024611+00:00,116.006,True,False,False,False,True,False,True,False,True,False,False,False,False,False,False,False,False,False,True,False,True,False,False,False,True,True,True,False,True,True,False,False,False,False,True,False,False,False,False,False,False,True,False,True,True,True,False,False,False,False,False,False,False,False,False,True,False,True,False,False,True,True,False,True,False,False,False,False,True,True,True,False,False,False,False,False,False,False,False,0,0,0,0,2026-09-25 15:10:24.908605+00:00,2026-09-25 15:10:24.932606+00:00,2026-09-25 15:10:24.933606+00:00,2026-09-25 15:10:24.934606+00:00,2026-09-25 15:10:24.936606+00:00,2026-09-25 15:10:24.937606+00:00,2026-09-25 15:10:24.938606+00:00,2026-09-25 15:10:24.939607+00:00,2026-09-25 15:10:24.940607+00:00,2026-09-25 15:10:24.941607+00:00,2026-09-25 15:10:24.942607+00:00,2026-09-25 15:10:24.943607+00:00,2026-09-25 15:10:24.944607+00:00,2026-09-25 15:10:24.945607+00:00,2026-09-25 15:10:24.946607+00:00,2026-09-25 15:10:24.947607+00:00,2026-09-25 15:10:24.948607+00:00,2026-09-25 15:10:24.949607+00:00,2026-09-25 15:10:24.950607+00:00,2026-09-25 15:10:24.951607+00:00,2026-09-25 15:10:24.952607+00:00,2026-09-25 15:10:24.953607+00:00,2026-09-25 15:10:24.954607+00:00,2026-09-25 15:10:24.955607+00:00,2026-09-25 15:10:24.956607+00:00,2026-09-25 15:10:24.957608+00:00,2026-09-25 15:10:24.958608+00:00,2026-09-25 15:10:24.971608+00:00,2026-09-25 15:10:24.960608+00:00,2026-09-25 15:10:24.961608+00:00,2026-09-25 15:10:24.962608+00:00,2026-09-25 15:10:24.963608+00:00,2026-09-25 15:10:24.964608+00:00,2026-09-25 15:10:24.966608+00:00,2026-09-25 15:10:24.967608+00:00,2026-09-25 15:10:24.968608+00:00,2026-09-25 15:10:24.969608+00:00,2026-09-25 15:10:24.970608+00:00,2026-09-25 15:10:24.959608+00:00,2026-09-25 15:10:24.972608+00:00,2026-09-25 15:10:24.973608+00:00,2026-09-25 15:10:24.974609+00:00,2026-09-25 15:10:24.975609+00:00,2026-09-25 15:10:24.976609+00:00,2026-09-25 15:10:24.977609+00:00,2026-09-25 15:10:24.978609+00:00,2026-09-25 15:10:24.979609+00:00,2026-09-25 15:10:24.980609+00:00,2026-09-25 15:10:24.982609+00:00,2026-09-25 15:10:24.983609+00:00,2026-09-25 15:10:24.984609+00:00,2026-09-25 15:10:24.985609+00:00,2026-09-25 15:10:24.986609+00:00,2026-09-25 15:10:24.987609+00:00,2026-09-25 15:10:24.988609+00:00,2026-09-25 15:10:24.989609+00:00,2026-09-25 15:10:25.002610+00:00,2026-09-25 15:10:24.991609+00:00,2026-09-25 15:10:24.992610+00:00,2026-09-25 15:10:24.993610+00:00,2026-09-25 15:10:24.994610+00:00,2026-09-25 15:10:24.995610+00:00,2026-09-25 15:10:24.996610+00:00,2026-09-25 15:10:24.998610+00:00,2026-09-25 15:10:24.999610+00:00,2026-09-25 15:10:25.000610+00:00,2026-09-25 15:10:25.001610+00:00,2026-09-25 15:10:24.990609+00:00,2026-09-25 15:10:25.003610+00:00,2026-09-25 15:10:25.004610+00:00,2026-09-25 15:10:25.005610+00:00,2026-09-25 15:10:25.017611+00:00,2026-09-25 15:10:25.007610+00:00,2026-09-25 15:10:25.019611+00:00,2026-09-25 15:10:25.009611+00:00,2026-09-25 15:10:25.010611+00:00,2026-09-25 15:10:25.011611+00:00,2026-09-25 15:10:25.012611+00:00,2026-09-25 15:10:25.024611+00:00,2026-09-25 15:10:25.014611+00:00,2026-09-25 15:10:25.015611+00:00,2026-09-25 15:10:25.016611+00:00,2026-09-25 15:10:25.006610+00:00,2026-09-25 15:10:25.024611+00:00,0.41753,2.3950374823365985,177.84848523594377,True,False,True,False,False,False,True,False,False,True,True,True,False,False,False,False
263,2026-09-25 13:41:20.511855+00:00,2026-09-25 15:10:25.445635+00:00,121.006,False,False,False,False,True,False,True,False,True,False,False,False,False,False,False,False,False,False,True,False,True,False,False,False,True,True,False,False,True,True,False,False,False,True,False,True,False,False,False,True,False,True,True,True,False,False,False,False,False,True,False,True,False,False,False,True,False,False,True,False,True,True,False,True,False,False,False,False,True,True,True,False,False,False,False,False,False,False,False,0,51,0,49,2026-09-25 15:10:25.324629+00:00,2026-09-25 15:10:25.353630+00:00,2026-09-25 15:10:25.354630+00:00,2026-09-25 15:10:25.356630+00:00,2026-09-25 15:10:25.357630+00:00,2026-09-25 15:10:25.358630+00:00,2026-09-25 15:10:25.359631+00:00,2026-09-25 15:10:25.360631+00:00,2026-09-25 15:10:25.361631+00:00,2026-09-25 15:10:25.362631+00:00,2026-09-25 15:10:25.363631+00:00,2026-09-25 15:10:25.364631+00:00,2026-09-25 15:10:25.365631+00:00,2026-09-25 15:10:25.366631+00:00,2026-09-25 15:10:25.367631+00:00,2026-09-25 15:10:25.368631+00:00,2026-09-25 15:10:25.369631+00:00,2026-09-25 15:10:25.370631+00:00,2026-09-25 15:10:25.371631+00:00,2026-09-25 15:10:25.372631+00:00,2026-09-25 15:10:25.385632+00:00,2026-09-25 15:10:25.375631+00:00,2026-09-25 15:10:25.387632+00:00,2026-09-25 15:10:25.388632+00:00,2026-09-25 15:10:25.389632+00:00,2026-09-25 15:10:25.390632+00:00,2026-09-25 15:10:25.391632+00:00,2026-09-25 15:10:25.381632+00:00,2026-09-25 15:10:25.382632+00:00,2026-09-25 15:10:25.383632+00:00,2026-09-25 15:10:25.384632+00:00,2026-09-25 15:10:25.374631+00:00,2026-09-25 15:10:25.397633+00:00,2026-09-25 15:10:25.376632+00:00,2026-09-25 15:10:25.377632+00:00,2026-09-25 15:10:25.378632+00:00,2026-09-25 15:10:25.379632+00:00,2026-09-25 15:10:25.380632+00:00,2026-09-25 15:10:25.392632+00:00,2026-09-25 15:10:25.393632+00:00,2026-09-25 15:10:25.394633+00:00,2026-09-25 15:10:25.395633+00:00,2026-09-25 15:10:25.396633+00:00,2026-09-25 15:10:25.386632+00:00,2026-09-25 15:10:25.398633+00:00,2026-09-25 15:10:25.399633+00:00,2026-09-25 15:10:25.400633+00:00,2026-09-25 15:10:25.401633+00:00,2026-09-25 15:10:25.402633+00:00,2026-09-25 15:10:25.404633+00:00,2026-09-25 15:10:25.405633+00:00,2026-09-25 15:10:25.407633+00:00,2026-09-25 15:10:25.408633+00:00,2026-09-25 15:10:25.409633+00:00,2026-09-25 15:10:25.410633+00:00,2026-09-25 15:10:25.411634+00:00,2026-09-25 15:10:25.413634+00:00,2026-09-25 15:10:25.414634+00:00,2026-09-25 15:10:25.415634+00:00,2026-09-25 15:10:25.416634+00:00,2026-09-25 15:10:25.417634+00:00,2026-09-25 15:10:25.418634+00:00,2026-09-25 15:10:25.419634+00:00,2026-09-25 15:10:25.420634+00:00,2026-09-25 15:10:25.421634+00:00,2026-09-25 15:10:25.422634+00:00,2026-09-25 15:10:25.423634+00:00,2026-09-25 15:10:25.424634+00:00,2026-09-25 15:10:25.425634+00:00,2026-09-25 15:10:25.426634+00:00,2026-09-25 15:10:25.427634+00:00,2026-09-25 15:10:25.428634+00:00,2026-09-25 15:10:25.429635+00:00,2026-09-25 15:10:25.430635+00:00,2026-09-25 15:10:25.431635+00:00,2026-09-25 15:10:25.432635+00:00,2026-09-25 15:10:25.445635+00:00,2026-09-25 15:10:25.435635+00:00,2026-09-25 15:10:25.436635+00:00,2026-09-25 15:10:25.437635+00:00,2026-09-25 15:10:25.438635+00:00,2026-09-25 15:10:25.439635+00:00,2026-09-25 15:10:25.440635+00:00,2026-09-25 15:10:25.445635+00:00,0.404993,2.469178479628043,177.79680815299255,True,True,True,False,False,False,True,False,False,True,True,True,False,False,False,False
264,2026-09-25 13:41:20.903393+00:00,2026-09-25 15:10:25.853659+00:00,107.006,False,False,False,False,True,False,True,False,True,False,False,False,False,False,False,False,False,False,True,False,True,False,False,False,True,True,False,False,True,True,False,False,False,True,False,False,False,False,False,False,True,True,False,True,False,False,False,False,False,True,False,True,False,False,False,True,True,True,True,False,True,True,False,True,False,False,False,False,True,True,True,False,False,False,False,False,False,False,False,1,134,0,129,2026-09-25 15:10:25.746653+00:00,2026-09-25 15:10:25.752653+00:00,2026-09-25 15:10:25.754653+00:00,2026-09-25 15:10:25.755653+00:00,2026-09-25 15:10:25.769654+00:00,2026-09-25 15:10:25.758653+00:00,2026-09-25 15:10:25.759653+00:00,2026-09-25 15:10:25.760653+00:00,2026-09-25 15:10:25.761654+00:00,2026-09-25 15:10:25.762654+00:00,2026-09-25 15:10:25.775654+00:00,2026-09-25 15:10:25.765654+00:00,2026-09-25 15:10:25.766654+00:00,2026-09-25 15:10:25.767654+00:00,2026-09-25 15:10:25.768654+00:00,2026-09-25 15:10:25.757653+00:00,2026-09-25 15:10:25.770654+00:00,2026-09-25 15:10:25.771654+00:00,2026-09-25 15:10:25.772654+00:00,2026-09-25 15:10:25.773654+00:00,2026-09-25 15:10:25.774654+00:00,2026-09-25 15:10:25.764654+00:00,2026-09-25 15:10:25.788655+00:00,2026-09-25 15:10:25.778655+00:00,2026-09-25 15:10:25.779655+00:00,2026-09-25 15:10:25.780655+00:00,2026-09-25 15:10:25.781655+00:00,2026-09-25 15:10:25.782655+00:00,2026-09-25 15:10:25.783655+00:00,2026-09-25 15:10:25.784655+00:00,2026-09-25 15:10:25.785655+00:00,2026-09-25 15:10:25.786655+00:00,2026-09-25 15:10:25.787655+00:00,2026-09-25 15:10:25.777654+00:00,2026-09-25 15:10:25.789655+00:00,2026-09-25 15:10:25.790655+00:00,2026-09-25 15:10:25.791655+00:00,2026-09-25 15:10:25.793655+00:00,2026-09-25 15:10:25.794655+00:00,2026-09-25 15:10:25.809656+00:00,2026-09-25 15:10:25.810656+00:00,2026-09-25 15:10:25.799656+00:00,2026-09-25 15:10:25.800656+00:00,2026-09-25 15:10:25.801656+00:00,2026-09-25 15:10:25.802656+00:00,2026-09-25 15:10:25.803656+00:00,2026-09-25 15:10:25.804656+00:00,2026-09-25 15:10:25.805656+00:00,2026-09-25 15:10:25.806656+00:00,2026-09-25 15:10:25.808656+00:00,2026-09-25 15:10:25.796656+00:00,2026-09-25 15:10:25.798656+00:00,2026-09-25 15:10:25.811656+00:00,2026-09-25 15:10:25.812656+00:00,2026-09-25 15:10:25.813657+00:00,2026-09-25 15:10:25.814657+00:00,2026-09-25 15:10:25.815657+00:00,2026-09-25 15:10:25.816657+00:00,2026-09-25 15:10:25.817657+00:00,2026-09-25 15:10:25.818657+00:00,2026-09-25 15:10:25.819657+00:00,2026-09-25 15:10:25.820657+00:00,2026-09-25 15:10:25.821657+00:00,2026-09-25 15:10:25.822657+00:00,2026-09-25 15:10:25.823657+00:00,2026-09-25 15:10:25.824657+00:00,2026-09-25 15:10:25.825657+00:00,2026-09-25 15:10:25.826657+00:00,2026-09-25 15:10:25.827657+00:00,2026-09-25 15:10:25.828657+00:00,2026-09-25 15:10:25.829657+00:00,2026-09-25 15:10:25.830657+00:00,2026-09-25 15:10:25.831658+00:00,2026-09-25 15:10:25.832658+00:00,2026-09-25 15:10:25.833658+00:00,2026-09-25 15:10:25.834658+00:00,2026-09-25 15:10:25.835658+00:00,2026-09-25 15:10:25.836658+00:00,2026-09-25 15:10:25.837658+00:00,2026-09-25 15:10:25.838658+00:00,2026-09-25 15:10:25.839658+00:00,2026-09-25 15:10:25.853659+00:00,2026-09-25 15:10:25.842658+00:00,2026-09-25 15:10:25.853659+00:00,0.391538,2.5540305155566,177.7476830441075,True,True,True,False,False,False,True,False,False,True,True,True,False,False,False,False
265,2026-09-25 13:41:21.273912+00:00,2026-09-25 15:10:26.231680+00:00,112.006,False,False,False,False,True,False,True,False,True,False,False,False,False,False,False,False,False,False,True,False,False,False,False,False,True,True,False,False,True,True,False,False,False,True,False,False,False,False,False,True,False,True,False,True,False,False,False,False,False,True,False,True,False,False,False,True,True,True,False,True,True,True,False,True,False,False,False,False,True,True,True,False,False,False,False,False,False,False,False,0,214,0,205,2026-09-25 15:10:26.119674+00:00,2026-09-25 15:10:26.129675+00:00,2026-09-25 15:10:26.131675+00:00,2026-09-25 15:10:26.133675+00:00,2026-09-25 15:10:26.134675+00:00,2026-09-25 15:10:26.147676+00:00,2026-09-25 15:10:26.137675+00:00,2026-09-25 15:10:26.138675+00:00,2026-09-25 15:10:26.139675+00:00,2026-09-25 15:10:26.140675+00:00,2026-09-25 15:10:26.141675+00:00,2026-09-25 15:10:26.142675+00:00,2026-09-25 15:10:26.143675+00:00,2026-09-25 15:10:26.144675+00:00,2026-09-25 15:10:26.145676+00:00,2026-09-25 15:10:26.146676+00:00,2026-09-25 15:10:26.136675+00:00,2026-09-25 15:10:26.148676+00:00,2026-09-25 15:10:26.149676+00:00,2026-09-25 15:10:26.150676+00:00,2026-09-25 15:10:26.165677+00:00,2026-09-25 15:10:26.179677+00:00,2026-09-25 15:10:26.155676+00:00,2026-09-25 15:10:26.156676+00:00,2026-09-25 15:10:26.158676+00:00,2026-09-25 15:10:26.159676+00:00,2026-09-25 15:10:26.160676+00:00,2026-09-25 15:10:26.161676+00:00,2026-09-25 15:10:26.162676+00:00,2026-09-25 15:10:26.163677+00:00,2026-09-25 15:10:26.164677+00:00,2026-09-25 15:10:26.152676+00:00,2026-09-25 15:10:26.154676+00:00,2026-09-25 15:10:26.180678+00:00,2026-09-25 15:10:26.170677+00:00,2026-09-25 15:10:26.171677+00:00,2026-09-25 15:10:26.172677+00:00,2026-09-25 15:10:26.173677+00:00,2026-09-25 15:10:26.174677+00:00,2026-09-25 15:10:26.175677+00:00,2026-09-25 15:10:26.176677+00:00,2026-09-25 15:10:26.177677+00:00,2026-09-25 15:10:26.178677+00:00,2026-09-25 15:10:26.167677+00:00,2026-09-25 15:10:26.169677+00:00,2026-09-25 15:10:26.181678+00:00,2026-09-25 15:10:26.182678+00:00,2026-09-25 15:10:26.183678+00:00,2026-09-25 15:10:26.185678+00:00,2026-09-25 15:10:26.199679+00:00,2026-09-25 15:10:26.188678+00:00,2026-09-25 15:10:26.202679+00:00,2026-09-25 15:10:26.191678+00:00,2026-09-25 15:10:26.192678+00:00,2026-09-25 15:10:26.193678+00:00,2026-09-25 15:10:26.194678+00:00,2026-09-25 15:10:26.195678+00:00,2026-09-25 15:10:26.196678+00:00,2026-09-25 15:10:26.197678+00:00,2026-09-25 15:10:26.198679+00:00,2026-09-25 15:10:26.187678+00:00,2026-09-25 15:10:26.200679+00:00,2026-09-25 15:10:26.190678+00:00,2026-09-25 15:10:26.203679+00:00,2026-09-25 15:10:26.204679+00:00,2026-09-25 15:10:26.205679+00:00,2026-09-25 15:10:26.206679+00:00,2026-09-25 15:10:26.207679+00:00,2026-09-25 15:10:26.208679+00:00,2026-09-25 15:10:26.209679+00:00,2026-09-25 15:10:26.210679+00:00,2026-09-25 15:10:26.211679+00:00,2026-09-25 15:10:26.212679+00:00,2026-09-25 15:10:26.213679+00:00,2026-09-25 15:10:26.214679+00:00,2026-09-25 15:10:26.216680+00:00,2026-09-25 15:10:26.231680+00:00,2026-09-25 15:10:26.220680+00:00,2026-09-25 15:10:26.221680+00:00,2026-09-25 15:10:26.222680+00:00,2026-09-25 15:10:26.223680+00:00,2026-09-25 15:10:26.224680+00:00,2026-09-25 15:10:26.225680+00:00,2026-09-25 15:10:26.231680+00:00,0.370519,2.6989169246381426,177.7032032854249,True,True,False,False,False,False,True,False,False,True,True,True,False,False,False,False
266,2026-09-25 13:41:21.803352+00:00,2026-09-25 15:10:26.751710+00:00,170.01,False,False,False,False,True,False,True,False,True,True,False,False,False,False,False,False,False,False,False,False,False,False,False,False,True,True,False,False,True,True,False,False,False,True,False,False,False,False,False,False,True,True,False,True,False,False,False,False,False,True,False,True,False,False,False,True,False,False,True,False,True,True,False,True,False,False,False,False,True,True,True,False,False,False,False,False,False,False,False,0,324,0,310,2026-09-25 15:10:26.581700+00:00,2026-09-25 15:10:26.587701+00:00,2026-09-25 15:10:26.589701+00:00,2026-09-25 15:10:26.591701+00:00,2026-09-25 15:10:26.593701+00:00,2026-09-25 15:10:26.595701+00:00,2026-09-25 15:10:26.597701+00:00,2026-09-25 15:10:26.599701+00:00,2026-09-25 15:10:26.601702+00:00,2026-09-25 15:10:26.603702+00:00,2026-09-25 15:10:26.605702+00:00,2026-09-25 15:10:26.629703+00:00,2026-09-25 15:10:26.631703+00:00,2026-09-25 15:10:26.611702+00:00,2026-09-25 15:10:26.613702+00:00,2026-09-25 15:10:26.615702+00:00,2026-09-25 15:10:26.617703+00:00,2026-09-25 15:10:26.619703+00:00,2026-09-25 15:10:26.621703+00:00,2026-09-25 15:10:26.623703+00:00,2026-09-25 15:10:26.625703+00:00,2026-09-25 15:10:26.627703+00:00,2026-09-25 15:10:26.607702+00:00,2026-09-25 15:10:26.609702+00:00,2026-09-25 15:10:26.633703+00:00,2026-09-25 15:10:26.635704+00:00,2026-09-25 15:10:26.637704+00:00,2026-09-25 15:10:26.639704+00:00,2026-09-25 15:10:26.641704+00:00,2026-09-25 15:10:26.643704+00:00,2026-09-25 15:10:26.645704+00:00,2026-09-25 15:10:26.647704+00:00,2026-09-25 15:10:26.649704+00:00,2026-09-25 15:10:26.651704+00:00,2026-09-25 15:10:26.653705+00:00,2026-09-25 15:10:26.655705+00:00,2026-09-25 15:10:26.657705+00:00,2026-09-25 15:10:26.659705+00:00,2026-09-25 15:10:26.685706+00:00,2026-09-25 15:10:26.663705+00:00,2026-09-25 15:10:26.665705+00:00,2026-09-25 15:10:26.669705+00:00,2026-09-25 15:10:26.671706+00:00,2026-09-25 15:10:26.673706+00:00,2026-09-25 15:10:26.675706+00:00,2026-09-25 15:10:26.677706+00:00,2026-09-25 15:10:26.679706+00:00,2026-09-25 15:10:26.681706+00:00,2026-09-25 15:10:26.683706+00:00,2026-09-25 15:10:26.661705+00:00,2026-09-25 15:10:26.687707+00:00,2026-09-25 15:10:26.689707+00:00,2026-09-25 15:10:26.691707+00:00,2026-09-25 15:10:26.715708+00:00,2026-09-25 15:10:26.695707+00:00,2026-09-25 15:10:26.719708+00:00,2026-09-25 15:10:26.699707+00:00,2026-09-25 15:10:26.701707+00:00,2026-09-25 15:10:26.703707+00:00,2026-09-25 15:10:26.705708+00:00,2026-09-25 15:10:26.707708+00:00,2026-09-25 15:10:26.709708+00:00,2026-09-25 15:10:26.711708+00:00,2026-09-25 15:10:26.713708+00:00,2026-09-25 15:10:26.693707+00:00,2026-09-25 15:10:26.717708+00:00,2026-09-25 15:10:26.697707+00:00,2026-09-25 15:10:26.721708+00:00,2026-09-25 15:10:26.723709+00:00,2026-09-25 15:10:26.725709+00:00,2026-09-25 15:10:26.727709+00:00,2026-09-25 15:10:26.729709+00:00,2026-09-25 15:10:26.731709+00:00,2026-09-25 15:10:26.733709+00:00,2026-09-25 15:10:26.735709+00:00,2026-09-25 15:10:26.737709+00:00,2026-09-25 15:10:26.739709+00:00,2026-09-25 15:10:26.741710+00:00,2026-09-25 15:10:26.743710+00:00,2026-09-25 15:10:26.745710+00:00,2026-09-25 15:10:26.747710+00:00,2026-09-25 15:10:26.749710+00:00,2026-09-25 15:10:26.751710+00:00,2026-09-25 15:10:26.751710+00:00,0.52944,1.888788153520701,177.64396326941767,True,True,True,False,False,False,True,False,False,True,True,True,False,False,False,False
267,2026-09-25 13:41:22.192222+00:00,2026-09-25 15:10:27.150733+00:00,133.00799999999998,False,False,False,False,True,False,True,False,True,True,False,False,False,False,False,False,False,False,False,False,False,False,False,False,True,True,False,False,True,True,False,False,False,True,False,False,False,False,False,True,False,True,False,True,False,False,False,False,False,False,False,True,False,False,False,True,False,False,False,True,True,True,False,True,False,False,False,False,True,True,True,False,False,False,False,False,False,False,False,0,385,0,390,2026-09-25 15:10:27.017725+00:00,2026-09-25 15:10:27.025726+00:00,2026-09-25 15:10:27.027726+00:00,2026-09-25 15:10:27.073729+00:00,2026-09-25 15:10:27.031726+00:00,2026-09-25 15:10:27.033726+00:00,2026-09-25 15:10:27.035726+00:00,2026-09-25 15:10:27.037727+00:00,2026-09-25 15:10:27.039727+00:00,2026-09-25 15:10:27.063728+00:00,2026-09-25 15:10:27.043727+00:00,2026-09-25 15:10:27.045727+00:00,2026-09-25 15:10:27.069728+00:00,2026-09-25 15:10:27.049727+00:00,2026-09-25 15:10:27.029726+00:00,2026-09-25 15:10:27.053727+00:00,2026-09-25 15:10:27.055728+00:00,2026-09-25 15:10:27.057728+00:00,2026-09-25 15:10:27.059728+00:00,2026-09-25 15:10:27.061728+00:00,2026-09-25 15:10:27.041727+00:00,2026-09-25 15:10:27.065728+00:00,2026-09-25 15:10:27.067728+00:00,2026-09-25 15:10:27.047727+00:00,2026-09-25 15:10:27.071728+00:00,2026-09-25 15:10:27.051727+00:00,2026-09-25 15:10:27.075729+00:00,2026-09-25 15:10:27.077729+00:00,2026-09-25 15:10:27.079729+00:00,2026-09-25 15:10:27.081729+00:00,2026-09-25 15:10:27.083729+00:00,2026-09-25 15:10:27.085729+00:00,2026-09-25 15:10:27.104730+00:00,2026-09-25 15:10:27.088729+00:00,2026-09-25 15:10:27.090730+00:00,2026-09-25 15:10:27.092730+00:00,2026-09-25 15:10:27.094730+00:00,2026-09-25 15:10:27.096730+00:00,2026-09-25 15:10:27.097730+00:00,2026-09-25 15:10:27.099730+00:00,2026-09-25 15:10:27.100730+00:00,2026-09-25 15:10:27.102730+00:00,2026-09-25 15:10:27.103730+00:00,2026-09-25 15:10:27.087729+00:00,2026-09-25 15:10:27.105730+00:00,2026-09-25 15:10:27.106730+00:00,2026-09-25 15:10:27.107731+00:00,2026-09-25 15:10:27.109731+00:00,2026-09-25 15:10:27.110731+00:00,2026-09-25 15:10:27.111731+00:00,2026-09-25 15:10:27.113731+00:00,2026-09-25 15:10:27.115731+00:00,2026-09-25 15:10:27.116731+00:00,2026-09-25 15:10:27.118731+00:00,2026-09-25 15:10:27.120731+00:00,2026-09-25 15:10:27.122731+00:00,2026-09-25 15:10:27.123731+00:00,2026-09-25 15:10:27.124732+00:00,2026-09-25 15:10:27.125732+00:00,2026-09-25 15:10:27.126732+00:00,2026-09-25 15:10:27.127732+00:00,2026-09-25 15:10:27.128732+00:00,2026-09-25 15:10:27.129732+00:00,2026-09-25 15:10:27.130732+00:00,2026-09-25 15:10:27.131732+00:00,2026-09-25 15:10:27.132732+00:00,2026-09-25 15:10:27.133732+00:00,2026-09-25 15:10:27.134732+00:00,2026-09-25 15:10:27.135732+00:00,2026-09-25 15:10:27.136732+00:00,2026-09-25 15:10:27.137732+00:00,2026-09-25 15:10:27.138732+00:00,2026-09-25 15:10:27.139732+00:00,2026-09-25 15:10:27.140732+00:00,2026-09-25 15:10:27.141732+00:00,2026-09-25 15:10:27.142733+00:00,2026-09-25 15:10:27.150733+00:00,2026-09-25 15:10:27.144733+00:00,2026-09-25 15:10:27.145733+00:00,2026-09-25 15:10:27.146733+00:00,2026-09-25 15:10:27.147733+00:00,2026-09-25 15:10:27.148733+00:00,2026-09-25 15:10:27.149733+00:00,2026-09-25 15:10:27.150733+00:00,0.38887,2.571553475454522,177.60028928427658,True,True,True,False,False,False,True,False,False,True,True,True,False,False,False,False
268,2026-09-25 13:41:22.555651+00:00,2026-09-25 15:10:27.496753+00:00,91.005,False,False,False,False,True,False,True,False,True,True,False,False,False,False,False,False,False,False,False,False,False,False,False,False,True,True,False,False,True,True,False,False,False,True,False,False,False,False,False,True,True,True,False,True,False,False,False,False,False,False,False,False,False,False,False,True,False,False,False,False,True,True,False,True,False,False,False,False,True,True,True,False,False,False,False,False,False,False,False,0,0,0,0,2026-09-25 15:10:27.405748+00:00,2026-09-25 15:10:27.415748+00:00,2026-09-25 15:10:27.416748+00:00,2026-09-25 15:10:27.417748+00:00,2026-09-25 15:10:27.418748+00:00,2026-09-25 15:10:27.419748+00:00,2026-09-25 15:10:27.420748+00:00,2026-09-25 15:10:27.421748+00:00,2026-09-25 15:10:27.422749+00:00,2026-09-25 15:10:27.423749+00:00,2026-09-25 15:10:27.424749+00:00,2026-09-25 15:10:27.425749+00:00,2026-09-25 15:10:27.426749+00:00,2026-09-25 15:10:27.427749+00:00,2026-09-25 15:10:27.428749+00:00,2026-09-25 15:10:27.440750+00:00,2026-09-25 15:10:27.430749+00:00,2026-09-25 15:10:27.431749+00:00,2026-09-25 15:10:27.432749+00:00,2026-09-25 15:10:27.433749+00:00,2026-09-25 15:10:27.434749+00:00,2026-09-25 15:10:27.435749+00:00,2026-09-25 15:10:27.436749+00:00,2026-09-25 15:10:27.437749+00:00,2026-09-25 15:10:27.438749+00:00,2026-09-25 15:10:27.439750+00:00,2026-09-25 15:10:27.429749+00:00,2026-09-25 15:10:27.441750+00:00,2026-09-25 15:10:27.442750+00:00,2026-09-25 15:10:27.443750+00:00,2026-09-25 15:10:27.444750+00:00,2026-09-25 15:10:27.445750+00:00,2026-09-25 15:10:27.446750+00:00,2026-09-25 15:10:27.447750+00:00,2026-09-25 15:10:27.448750+00:00,2026-09-25 15:10:27.449750+00:00,2026-09-25 15:10:27.450750+00:00,2026-09-25 15:10:27.451750+00:00,2026-09-25 15:10:27.452750+00:00,2026-09-25 15:10:27.453750+00:00,2026-09-25 15:10:27.454750+00:00,2026-09-25 15:10:27.455750+00:00,2026-09-25 15:10:27.456750+00:00,2026-09-25 15:10:27.457751+00:00,2026-09-25 15:10:27.458751+00:00,2026-09-25 15:10:27.459751+00:00,2026-09-25 15:10:27.460751+00:00,2026-09-25 15:10:27.461751+00:00,2026-09-25 15:10:27.462751+00:00,2026-09-25 15:10:27.463751+00:00,2026-09-25 15:10:27.464751+00:00,2026-09-25 15:10:27.465751+00:00,2026-09-25 15:10:27.466751+00:00,2026-09-25 15:10:27.467751+00:00,2026-09-25 15:10:27.468751+00:00,2026-09-25 15:10:27.469751+00:00,2026-09-25 15:10:27.470751+00:00,2026-09-25 15:10:27.471751+00:00,2026-09-25 15:10:27.472751+00:00,2026-09-25 15:10:27.473751+00:00,2026-09-25 15:10:27.474752+00:00,2026-09-25 15:10:27.475752+00:00,2026-09-25 15:10:27.487752+00:00,2026-09-25 15:10:27.477752+00:00,2026-09-25 15:10:27.478752+00:00,2026-09-25 15:10:27.479752+00:00,2026-09-25 15:10:27.480752+00:00,2026-09-25 15:10:27.481752+00:00,2026-09-25 15:10:27.482752+00:00,2026-09-25 15:10:27.483752+00:00,2026-09-25 15:10:27.495753+00:00,2026-09-25 15:10:27.485752+00:00,2026-09-25 15:10:27.486752+00:00,2026-09-25 15:10:27.476752+00:00,2026-09-25 15:10:27.488752+00:00,2026-09-25 15:10:27.489752+00:00,2026-09-25 15:10:27.490752+00:00,2026-09-25 15:10:27.491752+00:00,2026-09-25 15:10:27.492753+00:00,2026-09-25 15:10:27.493753+00:00,2026-09-25 15:10:27.494753+00:00,2026-09-25 15:10:27.484752+00:00,2026-09-25 15:10:27.496753+00:00,2026-09-25 15:10:27.496753+00:00,0.363429,2.751569082269164,177.56383796296322,True,False,True,False,False,False,True,False,False,True,True,True,False,False,False,False
269,2026-09-25 13:41:22.920030+00:00,2026-09-25 15:10:27.867774+00:00,101.006,False,False,False,True,True,False,True,False,True,False,False,False,True,False,False,False,False,False,False,False,False,False,False,False,True,True,False,False,True,True,False,False,False,True,False,False,False,False,False,True,False,True,False,True,False,False,False,False,False,False,False,False,False,False,False,True,False,False,False,True,True,True,False,True,False,False,False,False,True,True,True,False,False,False,False,False,False,False,False,0,0,0,0,2026-09-25 15:10:27.766768+00:00,2026-09-25 15:10:27.786769+00:00,2026-09-25 15:10:27.792770+00:00,2026-09-25 15:10:27.788769+00:00,2026-09-25 15:10:27.789770+00:00,2026-09-25 15:10:27.801770+00:00,2026-09-25 15:10:27.791770+00:00,2026-09-25 15:10:27.787769+00:00,2026-09-25 15:10:27.793770+00:00,2026-09-25 15:10:27.794770+00:00,2026-09-25 15:10:27.795770+00:00,2026-09-25 15:10:27.796770+00:00,2026-09-25 15:10:27.797770+00:00,2026-09-25 15:10:27.798770+00:00,2026-09-25 15:10:27.799770+00:00,2026-09-25 15:10:27.811771+00:00,2026-09-25 15:10:27.790770+00:00,2026-09-25 15:10:27.802770+00:00,2026-09-25 15:10:27.803770+00:00,2026-09-25 15:10:27.815771+00:00,2026-09-25 15:10:27.816771+00:00,2026-09-25 15:10:27.806771+00:00,2026-09-25 15:10:27.807771+00:00,2026-09-25 15:10:27.808771+00:00,2026-09-25 15:10:27.809771+00:00,2026-09-25 15:10:27.810771+00:00,2026-09-25 15:10:27.800770+00:00,2026-09-25 15:10:27.812771+00:00,2026-09-25 15:10:27.813771+00:00,2026-09-25 15:10:27.814771+00:00,2026-09-25 15:10:27.804770+00:00,2026-09-25 15:10:27.805770+00:00,2026-09-25 15:10:27.817771+00:00,2026-09-25 15:10:27.818771+00:00,2026-09-25 15:10:27.819771+00:00,2026-09-25 15:10:27.820771+00:00,2026-09-25 15:10:27.821771+00:00,2026-09-25 15:10:27.822771+00:00,2026-09-25 15:10:27.823771+00:00,2026-09-25 15:10:27.824772+00:00,2026-09-25 15:10:27.825772+00:00,2026-09-25 15:10:27.826772+00:00,2026-09-25 15:10:27.827772+00:00,2026-09-25 15:10:27.828772+00:00,2026-09-25 15:10:27.829772+00:00,2026-09-25 15:10:27.830772+00:00,2026-09-25 15:10:27.831772+00:00,2026-09-25 15:10:27.832772+00:00,2026-09-25 15:10:27.833772+00:00,2026-09-25 15:10:27.834772+00:00,2026-09-25 15:10:27.835772+00:00,2026-09-25 15:10:27.836772+00:00,2026-09-25 15:10:27.837772+00:00,2026-09-25 15:10:27.838772+00:00,2026-09-25 15:10:27.839772+00:00,2026-09-25 15:10:27.840772+00:00,2026-09-25 15:10:27.841773+00:00,2026-09-25 15:10:27.842773+00:00,2026-09-25 15:10:27.843773+00:00,2026-09-25 15:10:27.844773+00:00,2026-09-25 15:10:27.845773+00:00,2026-09-25 15:10:27.846773+00:00,2026-09-25 15:10:27.847773+00:00,2026-09-25 15:10:27.848773+00:00,2026-09-25 15:10:27.849773+00:00,2026-09-25 15:10:27.850773+00:00,2026-09-25 15:10:27.851773+00:00,2026-09-25 15:10:27.852773+00:00,2026-09-25 15:10:27.853773+00:00,2026-09-25 15:10:27.854773+00:00,2026-09-25 15:10:27.855773+00:00,2026-09-25 15:10:27.856773+00:00,2026-09-25 15:10:27.857773+00:00,2026-09-25 15:10:27.858773+00:00,2026-09-25 15:10:27.859774+00:00,2026-09-25 15:10:27.860774+00:00,2026-09-25 15:10:27.861774+00:00,2026-09-25 15:10:27.862774+00:00,2026-09-25 15:10:27.863774+00:00,2026-09-25 15:10:27.864774+00:00,2026-09-25 15:10:27.865774+00:00,2026-09-25 15:10:27.866774+00:00,2026-09-25 15:10:27.867774+00:00,2026-09-25 15:10:27.867774+00:00,0.364379,2.7443952587827507,177.52637053656474,True,False,True,False,False,False,True,False,False,True,True,True,False,False,False,False
270,2026-09-25 13:41:23.278102+00:00,2026-09-25 15:10:28.227795+00:00,91.006,False,False,False,True,True,False,True,False,True,False,False,False,True,False,False,False,False,False,False,False,False,False,False,False,True,True,False,False,True,True,False,False,False,True,False,False,False,False,False,True,False,True,False,True,False,False,False,False,False,False,False,False,False,False,False,True,False,False,False,True,True,True,False,True,False,False,False,False,True,True,True,False,False,False,False,False,False,False,False,0,0,0,0,2026-09-25 15:10:28.136789+00:00,2026-09-25 15:10:28.144790+00:00,2026-09-25 15:10:28.145790+00:00,2026-09-25 15:10:28.146790+00:00,2026-09-25 15:10:28.147790+00:00,2026-09-25 15:10:28.148790+00:00,2026-09-25 15:10:28.149790+00:00,2026-09-25 15:10:28.150790+00:00,2026-09-25 15:10:28.151790+00:00,2026-09-25 15:10:28.152790+00:00,2026-09-25 15:10:28.153790+00:00,2026-09-25 15:10:28.154790+00:00,2026-09-25 15:10:28.155790+00:00,2026-09-25 15:10:28.156791+00:00,2026-09-25 15:10:28.168791+00:00,2026-09-25 15:10:28.158791+00:00,2026-09-25 15:10:28.159791+00:00,2026-09-25 15:10:28.160791+00:00,2026-09-25 15:10:28.161791+00:00,2026-09-25 15:10:28.162791+00:00,2026-09-25 15:10:28.163791+00:00,2026-09-25 15:10:28.164791+00:00,2026-09-25 15:10:28.165791+00:00,2026-09-25 15:10:28.166791+00:00,2026-09-25 15:10:28.167791+00:00,2026-09-25 15:10:28.157791+00:00,2026-09-25 15:10:28.169791+00:00,2026-09-25 15:10:28.170791+00:00,2026-09-25 15:10:28.171791+00:00,2026-09-25 15:10:28.172791+00:00,2026-09-25 15:10:28.185792+00:00,2026-09-25 15:10:28.174792+00:00,2026-09-25 15:10:28.175792+00:00,2026-09-25 15:10:28.176792+00:00,2026-09-25 15:10:28.177792+00:00,2026-09-25 15:10:28.190792+00:00,2026-09-25 15:10:28.191793+00:00,2026-09-25 15:10:28.181792+00:00,2026-09-25 15:10:28.182792+00:00,2026-09-25 15:10:28.183792+00:00,2026-09-25 15:10:28.184792+00:00,2026-09-25 15:10:28.173792+00:00,2026-09-25 15:10:28.186792+00:00,2026-09-25 15:10:28.187792+00:00,2026-09-25 15:10:28.188792+00:00,2026-09-25 15:10:28.189792+00:00,2026-09-25 15:10:28.178792+00:00,2026-09-25 15:10:28.180792+00:00,2026-09-25 15:10:28.192793+00:00,2026-09-25 15:10:28.193793+00:00,2026-09-25 15:10:28.194793+00:00,2026-09-25 15:10:28.195793+00:00,2026-09-25 15:10:28.196793+00:00,2026-09-25 15:10:28.197793+00:00,2026-09-25 15:10:28.198793+00:00,2026-09-25 15:10:28.199793+00:00,2026-09-25 15:10:28.200793+00:00,2026-09-25 15:10:28.201793+00:00,2026-09-25 15:10:28.213794+00:00,2026-09-25 15:10:28.203793+00:00,2026-09-25 15:10:28.204793+00:00,2026-09-25 15:10:28.205793+00:00,2026-09-25 15:10:28.206793+00:00,2026-09-25 15:10:28.207793+00:00,2026-09-25 15:10:28.208794+00:00,2026-09-25 15:10:28.209794+00:00,2026-09-25 15:10:28.222794+00:00,2026-09-25 15:10:28.211794+00:00,2026-09-25 15:10:28.212794+00:00,2026-09-25 15:10:28.202793+00:00,2026-09-25 15:10:28.214794+00:00,2026-09-25 15:10:28.215794+00:00,2026-09-25 15:10:28.216794+00:00,2026-09-25 15:10:28.217794+00:00,2026-09-25 15:10:28.218794+00:00,2026-09-25 15:10:28.219794+00:00,2026-09-25 15:10:28.221794+00:00,2026-09-25 15:10:28.210794+00:00,2026-09-25 15:10:28.223794+00:00,2026-09-25 15:10:28.224794+00:00,2026-09-25 15:10:28.225794+00:00,2026-09-25 15:10:28.226795+00:00,2026-09-25 15:10:28.227795+00:00,2026-09-25 15:10:28.227795+00:00,0.358072,2.7927344221273933,177.49175504047193,True,False,True,False,False,False,True,False,False,True,True,True,False,False,False,False
271,2026-09-25 13:41:23.714630+00:00,2026-09-25 15:10:28.581815+00:00,91.005,False,False,False,True,True,False,True,False,True,False,False,False,True,False,False,False,False,False,False,False,False,False,False,False,True,True,False,False,True,True,False,False,False,True,False,False,False,False,False,False,True,True,False,False,False,False,False,True,False,False,False,False,False,False,True,True,False,False,False,True,True,True,False,True,False,False,False,False,True,True,True,False,False,False,False,False,False,False,False,0,0,27,0,2026-09-25 15:10:28.490810+00:00,2026-09-25 15:10:28.500810+00:00,2026-09-25 15:10:28.501810+00:00,2026-09-25 15:10:28.502810+00:00,2026-09-25 15:10:28.503810+00:00,2026-09-25 15:10:28.504810+00:00,2026-09-25 15:10:28.505810+00:00,2026-09-25 15:10:28.517811+00:00,2026-09-25 15:10:28.507811+00:00,2026-09-25 15:10:28.508811+00:00,2026-09-25 15:10:28.509811+00:00,2026-09-25 15:10:28.510811+00:00,2026-09-25 15:10:28.511811+00:00,2026-09-25 15:10:28.523812+00:00,2026-09-25 15:10:28.513811+00:00,2026-09-25 15:10:28.514811+00:00,2026-09-25 15:10:28.515811+00:00,2026-09-25 15:10:28.516811+00:00,2026-09-25 15:10:28.506811+00:00,2026-09-25 15:10:28.529812+00:00,2026-09-25 15:10:28.519811+00:00,2026-09-25 15:10:28.520811+00:00,2026-09-25 15:10:28.521811+00:00,2026-09-25 15:10:28.522811+00:00,2026-09-25 15:10:28.512811+00:00,2026-09-25 15:10:28.524812+00:00,2026-09-25 15:10:28.525812+00:00,2026-09-25 15:10:28.526812+00:00,2026-09-25 15:10:28.527812+00:00,2026-09-25 15:10:28.528812+00:00,2026-09-25 15:10:28.518811+00:00,2026-09-25 15:10:28.530812+00:00,2026-09-25 15:10:28.531812+00:00,2026-09-25 15:10:28.532812+00:00,2026-09-25 15:10:28.533812+00:00,2026-09-25 15:10:28.534812+00:00,2026-09-25 15:10:28.535812+00:00,2026-09-25 15:10:28.536812+00:00,2026-09-25 15:10:28.548813+00:00,2026-09-25 15:10:28.549813+00:00,2026-09-25 15:10:28.550813+00:00,2026-09-25 15:10:28.551813+00:00,2026-09-25 15:10:28.541813+00:00,2026-09-25 15:10:28.542813+00:00,2026-09-25 15:10:28.543813+00:00,2026-09-25 15:10:28.544813+00:00,2026-09-25 15:10:28.545813+00:00,2026-09-25 15:10:28.546813+00:00,2026-09-25 15:10:28.547813+00:00,2026-09-25 15:10:28.537812+00:00,2026-09-25 15:10:28.538812+00:00,2026-09-25 15:10:28.539812+00:00,2026-09-25 15:10:28.540812+00:00,2026-09-25 15:10:28.552813+00:00,2026-09-25 15:10:28.553813+00:00,2026-09-25 15:10:28.554813+00:00,2026-09-25 15:10:28.555813+00:00,2026-09-25 15:10:28.556813+00:00,2026-09-25 15:10:28.557813+00:00,2026-09-25 15:10:28.558814+00:00,2026-09-25 15:10:28.559814+00:00,2026-09-25 15:10:28.560814+00:00,2026-09-25 15:10:28.561814+00:00,2026-09-25 15:10:28.562814+00:00,2026-09-25 15:10:28.563814+00:00,2026-09-25 15:10:28.564814+00:00,2026-09-25 15:10:28.565814+00:00,2026-09-25 15:10:28.566814+00:00,2026-09-25 15:10:28.567814+00:00,2026-09-25 15:10:28.579815+00:00,2026-09-25 15:10:28.569814+00:00,2026-09-25 15:10:28.570814+00:00,2026-09-25 15:10:28.571814+00:00,2026-09-25 15:10:28.572814+00:00,2026-09-25 15:10:28.573814+00:00,2026-09-25 15:10:28.574814+00:00,2026-09-25 15:10:28.575814+00:00,2026-09-25 15:10:28.576815+00:00,2026-09-25 15:10:28.577815+00:00,2026-09-25 15:10:28.578815+00:00,2026-09-25 15:10:28.568814+00:00,2026-09-25 15:10:28.580815+00:00,2026-09-25 15:10:28.581815+00:00,2026-09-25 15:10:28.581815+00:00,0.436528,2.290803797236374,177.45952158462615,True,True,True,False,False,False,True,False,False,True,True,True,False,False,False,False
272,2026-09-25 13:41:24.068203+00:00,2026-09-25 15:10:29.025840+00:00,88.005,False,False,False,True,True,False,True,False,True,False,False,False,True,False,False,False,False,False,False,False,False,False,False,False,True,True,False,False,True,True,False,False,False,True,False,False,False,False,False,True,False,True,False,False,False,False,False,True,False,False,False,False,False,False,False,False,False,False,False,True,True,True,False,True,False,False,False,False,True,True,True,False,False,False,False,False,False,False,False,0,0,123,0,2026-09-25 15:10:28.937835+00:00,2026-09-25 15:10:28.944836+00:00,2026-09-25 15:10:28.945836+00:00,2026-09-25 15:10:28.946836+00:00,2026-09-25 15:10:28.947836+00:00,2026-09-25 15:10:28.948836+00:00,2026-09-25 15:10:28.949836+00:00,2026-09-25 15:10:28.950836+00:00,2026-09-25 15:10:28.951836+00:00,2026-09-25 15:10:28.952836+00:00,2026-09-25 15:10:28.953836+00:00,2026-09-25 15:10:28.954836+00:00,2026-09-25 15:10:28.955836+00:00,2026-09-25 15:10:28.956836+00:00,2026-09-25 15:10:28.957836+00:00,2026-09-25 15:10:28.958836+00:00,2026-09-25 15:10:28.959836+00:00,2026-09-25 15:10:28.960837+00:00,2026-09-25 15:10:28.961837+00:00,2026-09-25 15:10:28.962837+00:00,2026-09-25 15:10:28.963837+00:00,2026-09-25 15:10:28.964837+00:00,2026-09-25 15:10:28.965837+00:00,2026-09-25 15:10:28.966837+00:00,2026-09-25 15:10:28.967837+00:00,2026-09-25 15:10:28.968837+00:00,2026-09-25 15:10:28.969837+00:00,2026-09-25 15:10:28.970837+00:00,2026-09-25 15:10:28.971837+00:00,2026-09-25 15:10:28.972837+00:00,2026-09-25 15:10:28.973837+00:00,2026-09-25 15:10:28.974837+00:00,2026-09-25 15:10:28.975837+00:00,2026-09-25 15:10:28.976837+00:00,2026-09-25 15:10:28.977837+00:00,2026-09-25 15:10:28.978838+00:00,2026-09-25 15:10:28.979838+00:00,2026-09-25 15:10:28.980838+00:00,2026-09-25 15:10:28.981838+00:00,2026-09-25 15:10:28.982838+00:00,2026-09-25 15:10:28.983838+00:00,2026-09-25 15:10:28.984838+00:00,2026-09-25 15:10:28.985838+00:00,2026-09-25 15:10:28.986838+00:00,2026-09-25 15:10:28.987838+00:00,2026-09-25 15:10:28.988838+00:00,2026-09-25 15:10:28.989838+00:00,2026-09-25 15:10:28.990838+00:00,2026-09-25 15:10:28.991838+00:00,2026-09-25 15:10:28.992838+00:00,2026-09-25 15:10:28.993838+00:00,2026-09-25 15:10:28.994838+00:00,2026-09-25 15:10:28.995839+00:00,2026-09-25 15:10:28.996839+00:00,2026-09-25 15:10:28.997839+00:00,2026-09-25 15:10:28.998839+00:00,2026-09-25 15:10:28.999839+00:00,2026-09-25 15:10:29.000839+00:00,2026-09-25 15:10:29.001839+00:00,2026-09-25 15:10:29.002839+00:00,2026-09-25 15:10:29.003839+00:00,2026-09-25 15:10:29.004839+00:00,2026-09-25 15:10:29.005839+00:00,2026-09-25 15:10:29.006839+00:00,2026-09-25 15:10:29.007839+00:00,2026-09-25 15:10:29.008839+00:00,2026-09-25 15:10:29.009839+00:00,2026-09-25 15:10:29.010839+00:00,2026-09-25 15:10:29.011839+00:00,2026-09-25 15:10:29.012839+00:00,2026-09-25 15:10:29.013840+00:00,2026-09-25 15:10:29.014840+00:00,2026-09-25 15:10:29.015840+00:00,2026-09-25 15:10:29.016840+00:00,2026-09-25 15:10:29.017840+00:00,2026-09-25 15:10:29.018840+00:00,2026-09-25 15:10:29.019840+00:00,2026-09-25 15:10:29.020840+00:00,2026-09-25 15:10:29.021840+00:00,2026-09-25 15:10:29.022840+00:00,2026-09-25 15:10:29.023840+00:00,2026-09-25 15:10:29.024840+00:00,2026-09-25 15:10:29.025840+00:00,2026-09-25 15:10:29.025840+00:00,0.353573,2.828270258192792,177.42181598084142,True,True,True,False,False,False,True,False,False,True,True,True,False,False,False,False
273,2026-09-25 13:41:24.423136+00:00,2026-09-25 15:10:29.371860+00:00,90.005,False,False,False,True,True,False,True,False,True,True,False,False,False,False,False,False,False,False,False,False,False,False,False,False,True,True,False,False,True,True,False,False,False,True,False,False,False,False,False,True,False,True,False,False,False,False,False,True,False,False,False,False,False,False,False,False,False,False,False,True,True,True,False,True,False,False,False,False,True,True,True,False,False,False,False,False,False,False,False,0,0,197,0,2026-09-25 15:10:29.281855+00:00,2026-09-25 15:10:29.290855+00:00,2026-09-25 15:10:29.291855+00:00,2026-09-25 15:10:29.292856+00:00,2026-09-25 15:10:29.293856+00:00,2026-09-25 15:10:29.294856+00:00,2026-09-25 15:10:29.295856+00:00,2026-09-25 15:10:29.296856+00:00,2026-09-25 15:10:29.297856+00:00,2026-09-25 15:10:29.298856+00:00,2026-09-25 15:10:29.299856+00:00,2026-09-25 15:10:29.300856+00:00,2026-09-25 15:10:29.301856+00:00,2026-09-25 15:10:29.302856+00:00,2026-09-25 15:10:29.303856+00:00,2026-09-25 15:10:29.304856+00:00,2026-09-25 15:10:29.305856+00:00,2026-09-25 15:10:29.306856+00:00,2026-09-25 15:10:29.307856+00:00,2026-09-25 15:10:29.308856+00:00,2026-09-25 15:10:29.309856+00:00,2026-09-25 15:10:29.310857+00:00,2026-09-25 15:10:29.311857+00:00,2026-09-25 15:10:29.312857+00:00,2026-09-25 15:10:29.313857+00:00,2026-09-25 15:10:29.314857+00:00,2026-09-25 15:10:29.315857+00:00,2026-09-25 15:10:29.316857+00:00,2026-09-25 15:10:29.317857+00:00,2026-09-25 15:10:29.318857+00:00,2026-09-25 15:10:29.319857+00:00,2026-09-25 15:10:29.320857+00:00,2026-09-25 15:10:29.321857+00:00,2026-09-25 15:10:29.322857+00:00,2026-09-25 15:10:29.323857+00:00,2026-09-25 15:10:29.324857+00:00,2026-09-25 15:10:29.325857+00:00,2026-09-25 15:10:29.326857+00:00,2026-09-25 15:10:29.327858+00:00,2026-09-25 15:10:29.339858+00:00,2026-09-25 15:10:29.329858+00:00,2026-09-25 15:10:29.330858+00:00,2026-09-25 15:10:29.331858+00:00,2026-09-25 15:10:29.332858+00:00,2026-09-25 15:10:29.333858+00:00,2026-09-25 15:10:29.334858+00:00,2026-09-25 15:10:29.335858+00:00,2026-09-25 15:10:29.336858+00:00,2026-09-25 15:10:29.337858+00:00,2026-09-25 15:10:29.338858+00:00,2026-09-25 15:10:29.328858+00:00,2026-09-25 15:10:29.340858+00:00,2026-09-25 15:10:29.341858+00:00,2026-09-25 15:10:29.342858+00:00,2026-09-25 15:10:29.343858+00:00,2026-09-25 15:10:29.344858+00:00,2026-09-25 15:10:29.345859+00:00,2026-09-25 15:10:29.346859+00:00,2026-09-25 15:10:29.347859+00:00,2026-09-25 15:10:29.348859+00:00,2026-09-25 15:10:29.349859+00:00,2026-09-25 15:10:29.350859+00:00,2026-09-25 15:10:29.351859+00:00,2026-09-25 15:10:29.352859+00:00,2026-09-25 15:10:29.353859+00:00,2026-09-25 15:10:29.354859+00:00,2026-09-25 15:10:29.355859+00:00,2026-09-25 15:10:29.356859+00:00,2026-09-25 15:10:29.357859+00:00,2026-09-25 15:10:29.358859+00:00,2026-09-25 15:10:29.359859+00:00,2026-09-25 15:10:29.360859+00:00,2026-09-25 15:10:29.361859+00:00,2026-09-25 15:10:29.362860+00:00,2026-09-25 15:10:29.363860+00:00,2026-09-25 15:10:29.364860+00:00,2026-09-25 15:10:29.365860+00:00,2026-09-25 15:10:29.366860+00:00,2026-09-25 15:10:29.367860+00:00,2026-09-25 15:10:29.368860+00:00,2026-09-25 15:10:29.369860+00:00,2026-09-25 15:10:29.370860+00:00,2026-09-25 15:10:29.371860+00:00,2026-09-25 15:10:29.371860+00:00,0.354933,2.8174331493549487,177.3946748457158,True,True,True,False,False,False,True,False,False,True,True,True,False,False,False,False
274,2026-09-25 13:41:24.795644+00:00,2026-09-25 15:10:29.751882+00:00,111.007,False,False,False,False,True,False,True,False,True,True,False,False,False,False,False,False,False,False,False,False,False,False,False,False,True,True,False,False,False,True,False,False,False,False,False,False,False,True,False,False,True,True,False,False,False,False,False,True,False,False,False,False,False,False,True,False,False,False,False,True,True,True,False,True,False,False,False,False,True,True,True,False,False,False,False,False,False,False,False,0,0,277,0,2026-09-25 15:10:29.640875+00:00,2026-09-25 15:10:29.665877+00:00,2026-09-25 15:10:29.666877+00:00,2026-09-25 15:10:29.667877+00:00,2026-09-25 15:10:29.668877+00:00,2026-09-25 15:10:29.669877+00:00,2026-09-25 15:10:29.681878+00:00,2026-09-25 15:10:29.682878+00:00,2026-09-25 15:10:29.672877+00:00,2026-09-25 15:10:29.673877+00:00,2026-09-25 15:10:29.674877+00:00,2026-09-25 15:10:29.675877+00:00,2026-09-25 15:10:29.676877+00:00,2026-09-25 15:10:29.677878+00:00,2026-09-25 15:10:29.678878+00:00,2026-09-25 15:10:29.679878+00:00,2026-09-25 15:10:29.680878+00:00,2026-09-25 15:10:29.670877+00:00,2026-09-25 15:10:29.671877+00:00,2026-09-25 15:10:29.683878+00:00,2026-09-25 15:10:29.684878+00:00,2026-09-25 15:10:29.685878+00:00,2026-09-25 15:10:29.686878+00:00,2026-09-25 15:10:29.687878+00:00,2026-09-25 15:10:29.688878+00:00,2026-09-25 15:10:29.689878+00:00,2026-09-25 15:10:29.690878+00:00,2026-09-25 15:10:29.691878+00:00,2026-09-25 15:10:29.703879+00:00,2026-09-25 15:10:29.693878+00:00,2026-09-25 15:10:29.694879+00:00,2026-09-25 15:10:29.695879+00:00,2026-09-25 15:10:29.696879+00:00,2026-09-25 15:10:29.708879+00:00,2026-09-25 15:10:29.709879+00:00,2026-09-25 15:10:29.699879+00:00,2026-09-25 15:10:29.700879+00:00,2026-09-25 15:10:29.701879+00:00,2026-09-25 15:10:29.702879+00:00,2026-09-25 15:10:29.692878+00:00,2026-09-25 15:10:29.704879+00:00,2026-09-25 15:10:29.705879+00:00,2026-09-25 15:10:29.706879+00:00,2026-09-25 15:10:29.718880+00:00,2026-09-25 15:10:29.697879+00:00,2026-09-25 15:10:29.698879+00:00,2026-09-25 15:10:29.710879+00:00,2026-09-25 15:10:29.722880+00:00,2026-09-25 15:10:29.712880+00:00,2026-09-25 15:10:29.713880+00:00,2026-09-25 15:10:29.714880+00:00,2026-09-25 15:10:29.715880+00:00,2026-09-25 15:10:29.716880+00:00,2026-09-25 15:10:29.717880+00:00,2026-09-25 15:10:29.707879+00:00,2026-09-25 15:10:29.719880+00:00,2026-09-25 15:10:29.720880+00:00,2026-09-25 15:10:29.721880+00:00,2026-09-25 15:10:29.711879+00:00,2026-09-25 15:10:29.723880+00:00,2026-09-25 15:10:29.735881+00:00,2026-09-25 15:10:29.725880+00:00,2026-09-25 15:10:29.726880+00:00,2026-09-25 15:10:29.727880+00:00,2026-09-25 15:10:29.728880+00:00,2026-09-25 15:10:29.751882+00:00,2026-09-25 15:10:29.741881+00:00,2026-09-25 15:10:29.742881+00:00,2026-09-25 15:10:29.743881+00:00,2026-09-25 15:10:29.744881+00:00,2026-09-25 15:10:29.734881+00:00,2026-09-25 15:10:29.724880+00:00,2026-09-25 15:10:29.736881+00:00,2026-09-25 15:10:29.737881+00:00,2026-09-25 15:10:29.749882+00:00,2026-09-25 15:10:29.750882+00:00,2026-09-25 15:10:29.729881+00:00,2026-09-25 15:10:29.730881+00:00,2026-09-25 15:10:29.731881+00:00,2026-09-25 15:10:29.732881+00:00,2026-09-25 15:10:29.733881+00:00,2026-09-25 15:10:29.745881+00:00,2026-09-25 15:10:29.746881+00:00,2026-09-25 15:10:29.751882+00:00,0.372508,2.6845061045668817,177.3672698361787,True,True,True,False,False,False,True,False,False,True,True,True,False,False,False,False
275,2026-09-25 13:41:25.141526+00:00,2026-09-25 15:10:30.093901+00:00,85.005,False,True,False,False,True,False,True,False,True,False,False,False,False,False,False,False,False,False,True,False,False,False,True,False,True,True,False,False,False,True,False,False,False,False,False,False,False,True,False,False,True,True,False,False,False,False,False,True,False,False,False,False,False,False,True,False,False,False,False,True,True,True,False,True,False,False,False,False,True,True,True,False,False,False,False,False,False,False,False,0,0,352,0,2026-09-25 15:10:30.008896+00:00,2026-09-25 15:10:30.012897+00:00,2026-09-25 15:10:30.013897+00:00,2026-09-25 15:10:30.014897+00:00,2026-09-25 15:10:30.015897+00:00,2026-09-25 15:10:30.016897+00:00,2026-09-25 15:10:30.017897+00:00,2026-09-25 15:10:30.018897+00:00,2026-09-25 15:10:30.030898+00:00,2026-09-25 15:10:30.020897+00:00,2026-09-25 15:10:30.032898+00:00,2026-09-25 15:10:30.022897+00:00,2026-09-25 15:10:30.023897+00:00,2026-09-25 15:10:30.024897+00:00,2026-09-25 15:10:30.025897+00:00,2026-09-25 15:10:30.026897+00:00,2026-09-25 15:10:30.027898+00:00,2026-09-25 15:10:30.028898+00:00,2026-09-25 15:10:30.029898+00:00,2026-09-25 15:10:30.019897+00:00,2026-09-25 15:10:30.031898+00:00,2026-09-25 15:10:30.021897+00:00,2026-09-25 15:10:30.033898+00:00,2026-09-25 15:10:30.034898+00:00,2026-09-25 15:10:30.035898+00:00,2026-09-25 15:10:30.036898+00:00,2026-09-25 15:10:30.037898+00:00,2026-09-25 15:10:30.038898+00:00,2026-09-25 15:10:30.039898+00:00,2026-09-25 15:10:30.040898+00:00,2026-09-25 15:10:30.041898+00:00,2026-09-25 15:10:30.042898+00:00,2026-09-25 15:10:30.043898+00:00,2026-09-25 15:10:30.044899+00:00,2026-09-25 15:10:30.045899+00:00,2026-09-25 15:10:30.046899+00:00,2026-09-25 15:10:30.047899+00:00,2026-09-25 15:10:30.048899+00:00,2026-09-25 15:10:30.049899+00:00,2026-09-25 15:10:30.050899+00:00,2026-09-25 15:10:30.051899+00:00,2026-09-25 15:10:30.052899+00:00,2026-09-25 15:10:30.053899+00:00,2026-09-25 15:10:30.054899+00:00,2026-09-25 15:10:30.055899+00:00,2026-09-25 15:10:30.056899+00:00,2026-09-25 15:10:30.057899+00:00,2026-09-25 15:10:30.058899+00:00,2026-09-25 15:10:30.059899+00:00,2026-09-25 15:10:30.060899+00:00,2026-09-25 15:10:30.061899+00:00,2026-09-25 15:10:30.062900+00:00,2026-09-25 15:10:30.063900+00:00,2026-09-25 15:10:30.064900+00:00,2026-09-25 15:10:30.065900+00:00,2026-09-25 15:10:30.077900+00:00,2026-09-25 15:10:30.067900+00:00,2026-09-25 15:10:30.068900+00:00,2026-09-25 15:10:30.069900+00:00,2026-09-25 15:10:30.070900+00:00,2026-09-25 15:10:30.071900+00:00,2026-09-25 15:10:30.072900+00:00,2026-09-25 15:10:30.073900+00:00,2026-09-25 15:10:30.074900+00:00,2026-09-25 15:10:30.075900+00:00,2026-09-25 15:10:30.076900+00:00,2026-09-25 15:10:30.066900+00:00,2026-09-25 15:10:30.078900+00:00,2026-09-25 15:10:30.079901+00:00,2026-09-25 15:10:30.080901+00:00,2026-09-25 15:10:30.081901+00:00,2026-09-25 15:10:30.093901+00:00,2026-09-25 15:10:30.083901+00:00,2026-09-25 15:10:30.084901+00:00,2026-09-25 15:10:30.085901+00:00,2026-09-25 15:10:30.086901+00:00,2026-09-25 15:10:30.087901+00:00,2026-09-25 15:10:30.088901+00:00,2026-09-25 15:10:30.089901+00:00,2026-09-25 15:10:30.090901+00:00,2026-09-25 15:10:30.091901+00:00,2026-09-25 15:10:30.092901+00:00,2026-09-25 15:10:30.082901+00:00,2026-09-25 15:10:30.093901+00:00,0.345882,2.8911594127477,177.34486572953753,True,True,True,False,False,False,True,False,False,True,True,True,False,False,False,False
276,2026-09-25 13:41:25.490794+00:00,2026-09-25 15:10:30.448922+00:00,96.006,False,True,False,False,True,False,True,False,True,False,False,False,False,False,False,False,False,False,True,False,False,False,True,False,True,True,False,False,False,True,False,False,False,False,False,False,False,True,False,False,True,True,False,False,False,False,False,True,False,False,False,False,False,False,False,False,False,False,False,True,True,True,False,True,False,False,False,False,True,True,True,False,False,False,False,False,False,False,False,0,0,429,0,2026-09-25 15:10:30.352916+00:00,2026-09-25 15:10:30.356916+00:00,2026-09-25 15:10:30.366917+00:00,2026-09-25 15:10:30.358916+00:00,2026-09-25 15:10:30.359917+00:00,2026-09-25 15:10:30.360917+00:00,2026-09-25 15:10:30.361917+00:00,2026-09-25 15:10:30.362917+00:00,2026-09-25 15:10:30.363917+00:00,2026-09-25 15:10:30.375917+00:00,2026-09-25 15:10:30.365917+00:00,2026-09-25 15:10:30.357916+00:00,2026-09-25 15:10:30.367917+00:00,2026-09-25 15:10:30.368917+00:00,2026-09-25 15:10:30.369917+00:00,2026-09-25 15:10:30.370917+00:00,2026-09-25 15:10:30.371917+00:00,2026-09-25 15:10:30.372917+00:00,2026-09-25 15:10:30.373917+00:00,2026-09-25 15:10:30.374917+00:00,2026-09-25 15:10:30.364917+00:00,2026-09-25 15:10:30.376918+00:00,2026-09-25 15:10:30.377918+00:00,2026-09-25 15:10:30.378918+00:00,2026-09-25 15:10:30.379918+00:00,2026-09-25 15:10:30.380918+00:00,2026-09-25 15:10:30.381918+00:00,2026-09-25 15:10:30.382918+00:00,2026-09-25 15:10:30.383918+00:00,2026-09-25 15:10:30.384918+00:00,2026-09-25 15:10:30.385918+00:00,2026-09-25 15:10:30.386918+00:00,2026-09-25 15:10:30.387918+00:00,2026-09-25 15:10:30.388918+00:00,2026-09-25 15:10:30.389918+00:00,2026-09-25 15:10:30.390918+00:00,2026-09-25 15:10:30.402919+00:00,2026-09-25 15:10:30.392918+00:00,2026-09-25 15:10:30.393918+00:00,2026-09-25 15:10:30.394919+00:00,2026-09-25 15:10:30.395919+00:00,2026-09-25 15:10:30.396919+00:00,2026-09-25 15:10:30.397919+00:00,2026-09-25 15:10:30.398919+00:00,2026-09-25 15:10:30.399919+00:00,2026-09-25 15:10:30.400919+00:00,2026-09-25 15:10:30.401919+00:00,2026-09-25 15:10:30.403919+00:00,2026-09-25 15:10:30.415920+00:00,2026-09-25 15:10:30.405919+00:00,2026-09-25 15:10:30.406919+00:00,2026-09-25 15:10:30.407919+00:00,2026-09-25 15:10:30.408919+00:00,2026-09-25 15:10:30.409919+00:00,2026-09-25 15:10:30.410919+00:00,2026-09-25 15:10:30.411920+00:00,2026-09-25 15:10:30.412920+00:00,2026-09-25 15:10:30.413920+00:00,2026-09-25 15:10:30.414920+00:00,2026-09-25 15:10:30.404919+00:00,2026-09-25 15:10:30.416920+00:00,2026-09-25 15:10:30.417920+00:00,2026-09-25 15:10:30.418920+00:00,2026-09-25 15:10:30.419920+00:00,2026-09-25 15:10:30.420920+00:00,2026-09-25 15:10:30.421920+00:00,2026-09-25 15:10:30.422920+00:00,2026-09-25 15:10:30.423920+00:00,2026-09-25 15:10:30.424920+00:00,2026-09-25 15:10:30.425920+00:00,2026-09-25 15:10:30.426920+00:00,2026-09-25 15:10:30.427920+00:00,2026-09-25 15:10:30.428920+00:00,2026-09-25 15:10:30.429921+00:00,2026-09-25 15:10:30.430921+00:00,2026-09-25 15:10:30.431921+00:00,2026-09-25 15:10:30.432921+00:00,2026-09-25 15:10:30.433921+00:00,2026-09-25 15:10:30.434921+00:00,2026-09-25 15:10:30.435921+00:00,2026-09-25 15:10:30.436921+00:00,2026-09-25 15:10:30.448922+00:00,2026-09-25 15:10:30.438921+00:00,2026-09-25 15:10:30.448922+00:00,0.349268,2.863130890891808,177.3239802434548,True,True,True,False,False,False,True,False,False,True,True,True,False,False,False,False
277,2026-09-25 13:41:25.847104+00:00,2026-09-25 15:10:30.804942+00:00,101.006,False,True,False,False,True,False,True,False,True,False,False,True,False,False,False,False,False,False,True,False,False,False,False,False,True,True,False,False,False,True,False,False,False,False,False,False,False,True,False,False,True,True,False,False,False,False,False,True,False,False,False,False,False,False,False,False,False,False,False,True,True,True,False,True,False,False,False,False,False,True,True,False,False,False,True,False,False,False,False,0,0,505,0,2026-09-25 15:10:30.703936+00:00,2026-09-25 15:10:30.723937+00:00,2026-09-25 15:10:30.724937+00:00,2026-09-25 15:10:30.725937+00:00,2026-09-25 15:10:30.726938+00:00,2026-09-25 15:10:30.727938+00:00,2026-09-25 15:10:30.728938+00:00,2026-09-25 15:10:30.729938+00:00,2026-09-25 15:10:30.730938+00:00,2026-09-25 15:10:30.731938+00:00,2026-09-25 15:10:30.732938+00:00,2026-09-25 15:10:30.733938+00:00,2026-09-25 15:10:30.734938+00:00,2026-09-25 15:10:30.735938+00:00,2026-09-25 15:10:30.736938+00:00,2026-09-25 15:10:30.737938+00:00,2026-09-25 15:10:30.738938+00:00,2026-09-25 15:10:30.739938+00:00,2026-09-25 15:10:30.740938+00:00,2026-09-25 15:10:30.741938+00:00,2026-09-25 15:10:30.742938+00:00,2026-09-25 15:10:30.743939+00:00,2026-09-25 15:10:30.744939+00:00,2026-09-25 15:10:30.745939+00:00,2026-09-25 15:10:30.746939+00:00,2026-09-25 15:10:30.747939+00:00,2026-09-25 15:10:30.748939+00:00,2026-09-25 15:10:30.749939+00:00,2026-09-25 15:10:30.750939+00:00,2026-09-25 15:10:30.751939+00:00,2026-09-25 15:10:30.763940+00:00,2026-09-25 15:10:30.775940+00:00,2026-09-25 15:10:30.754939+00:00,2026-09-25 15:10:30.755939+00:00,2026-09-25 15:10:30.767940+00:00,2026-09-25 15:10:30.768940+00:00,2026-09-25 15:10:30.758939+00:00,2026-09-25 15:10:30.759939+00:00,2026-09-25 15:10:30.760939+00:00,2026-09-25 15:10:30.761940+00:00,2026-09-25 15:10:30.762940+00:00,2026-09-25 15:10:30.752939+00:00,2026-09-25 15:10:30.753939+00:00,2026-09-25 15:10:30.765940+00:00,2026-09-25 15:10:30.766940+00:00,2026-09-25 15:10:30.756939+00:00,2026-09-25 15:10:30.757939+00:00,2026-09-25 15:10:30.769940+00:00,2026-09-25 15:10:30.770940+00:00,2026-09-25 15:10:30.771940+00:00,2026-09-25 15:10:30.772940+00:00,2026-09-25 15:10:30.773940+00:00,2026-09-25 15:10:30.774940+00:00,2026-09-25 15:10:30.764940+00:00,2026-09-25 15:10:30.776940+00:00,2026-09-25 15:10:30.777940+00:00,2026-09-25 15:10:30.778941+00:00,2026-09-25 15:10:30.779941+00:00,2026-09-25 15:10:30.780941+00:00,2026-09-25 15:10:30.781941+00:00,2026-09-25 15:10:30.782941+00:00,2026-09-25 15:10:30.783941+00:00,2026-09-25 15:10:30.795941+00:00,2026-09-25 15:10:30.785941+00:00,2026-09-25 15:10:30.797942+00:00,2026-09-25 15:10:30.787941+00:00,2026-09-25 15:10:30.799942+00:00,2026-09-25 15:10:30.789941+00:00,2026-09-25 15:10:30.790941+00:00,2026-09-25 15:10:30.791941+00:00,2026-09-25 15:10:30.792941+00:00,2026-09-25 15:10:30.793941+00:00,2026-09-25 15:10:30.794941+00:00,2026-09-25 15:10:30.784941+00:00,2026-09-25 15:10:30.796942+00:00,2026-09-25 15:10:30.786941+00:00,2026-09-25 15:10:30.798942+00:00,2026-09-25 15:10:30.788941+00:00,2026-09-25 15:10:30.800942+00:00,2026-09-25 15:10:30.801942+00:00,2026-09-25 15:10:30.802942+00:00,2026-09-25 15:10:30.803942+00:00,2026-09-25 15:10:30.804942+00:00,2026-09-25 15:10:30.804942+00:00,0.35631,2.8065448626196288,177.30556039697163,True,True,True,False,True,False,True,False,False,True,True,True,False,False,False,False
278,2026-09-25 13:41:26.248402+00:00,2026-09-25 15:10:31.200965+00:00,86.005,False,True,False,False,True,False,True,False,True,False,False,True,False,False,False,False,False,False,True,False,False,False,False,False,True,True,False,False,False,True,False,False,False,False,False,False,False,True,False,False,True,True,False,False,False,False,False,True,False,False,False,False,False,False,True,True,False,False,False,True,True,True,False,True,False,False,False,False,False,True,True,False,False,False,True,False,False,False,False,0,0,588,0,2026-09-25 15:10:31.114960+00:00,2026-09-25 15:10:31.115960+00:00,2026-09-25 15:10:31.116960+00:00,2026-09-25 15:10:31.117960+00:00,2026-09-25 15:10:31.118960+00:00,2026-09-25 15:10:31.119960+00:00,2026-09-25 15:10:31.120960+00:00,2026-09-25 15:10:31.121960+00:00,2026-09-25 15:10:31.122960+00:00,2026-09-25 15:10:31.123960+00:00,2026-09-25 15:10:31.125960+00:00,2026-09-25 15:10:31.124960+00:00,2026-09-25 15:10:31.126960+00:00,2026-09-25 15:10:31.127960+00:00,2026-09-25 15:10:31.128961+00:00,2026-09-25 15:10:31.129961+00:00,2026-09-25 15:10:31.130961+00:00,2026-09-25 15:10:31.131961+00:00,2026-09-25 15:10:31.132961+00:00,2026-09-25 15:10:31.133961+00:00,2026-09-25 15:10:31.134961+00:00,2026-09-25 15:10:31.135961+00:00,2026-09-25 15:10:31.136961+00:00,2026-09-25 15:10:31.137961+00:00,2026-09-25 15:10:31.138961+00:00,2026-09-25 15:10:31.139961+00:00,2026-09-25 15:10:31.140961+00:00,2026-09-25 15:10:31.141961+00:00,2026-09-25 15:10:31.154962+00:00,2026-09-25 15:10:31.143961+00:00,2026-09-25 15:10:31.144961+00:00,2026-09-25 15:10:31.145962+00:00,2026-09-25 15:10:31.146962+00:00,2026-09-25 15:10:31.147962+00:00,2026-09-25 15:10:31.148962+00:00,2026-09-25 15:10:31.149962+00:00,2026-09-25 15:10:31.150962+00:00,2026-09-25 15:10:31.152962+00:00,2026-09-25 15:10:31.153962+00:00,2026-09-25 15:10:31.142961+00:00,2026-09-25 15:10:31.155962+00:00,2026-09-25 15:10:31.156962+00:00,2026-09-25 15:10:31.157962+00:00,2026-09-25 15:10:31.158962+00:00,2026-09-25 15:10:31.159962+00:00,2026-09-25 15:10:31.160962+00:00,2026-09-25 15:10:31.161962+00:00,2026-09-25 15:10:31.162962+00:00,2026-09-25 15:10:31.163963+00:00,2026-09-25 15:10:31.164963+00:00,2026-09-25 15:10:31.165963+00:00,2026-09-25 15:10:31.166963+00:00,2026-09-25 15:10:31.167963+00:00,2026-09-25 15:10:31.168963+00:00,2026-09-25 15:10:31.169963+00:00,2026-09-25 15:10:31.170963+00:00,2026-09-25 15:10:31.171963+00:00,2026-09-25 15:10:31.172963+00:00,2026-09-25 15:10:31.173963+00:00,2026-09-25 15:10:31.174963+00:00,2026-09-25 15:10:31.175963+00:00,2026-09-25 15:10:31.176963+00:00,2026-09-25 15:10:31.177963+00:00,2026-09-25 15:10:31.178963+00:00,2026-09-25 15:10:31.179963+00:00,2026-09-25 15:10:31.180964+00:00,2026-09-25 15:10:31.181964+00:00,2026-09-25 15:10:31.182964+00:00,2026-09-25 15:10:31.183964+00:00,2026-09-25 15:10:31.184964+00:00,2026-09-25 15:10:31.196964+00:00,2026-09-25 15:10:31.197964+00:00,2026-09-25 15:10:31.187964+00:00,2026-09-25 15:10:31.188964+00:00,2026-09-25 15:10:31.200965+00:00,2026-09-25 15:10:31.190964+00:00,2026-09-25 15:10:31.191964+00:00,2026-09-25 15:10:31.192964+00:00,2026-09-25 15:10:31.193964+00:00,2026-09-25 15:10:31.194964+00:00,2026-09-25 15:10:31.195964+00:00,2026-09-25 15:10:31.185964+00:00,2026-09-25 15:10:31.186964+00:00,2026-09-25 15:10:31.200965+00:00,0.401298,2.4919137399139792,177.28815667845362,True,True,True,False,True,False,True,False,False,True,True,True,False,False,False,False
279,2026-09-25 13:41:26.623032+00:00,2026-09-25 15:10:31.564985+00:00,101.005,False,True,False,False,True,False,True,False,True,False,False,True,False,False,False,False,False,False,True,False,False,False,False,False,True,True,False,False,False,True,False,False,False,False,False,False,False,True,False,False,True,True,False,False,False,False,False,True,False,False,False,False,False,False,True,True,False,False,False,True,True,True,False,True,False,False,False,False,False,True,True,False,False,False,True,False,False,False,False,0,0,669,0,2026-09-25 15:10:31.463980+00:00,2026-09-25 15:10:31.483981+00:00,2026-09-25 15:10:31.484981+00:00,2026-09-25 15:10:31.485981+00:00,2026-09-25 15:10:31.486981+00:00,2026-09-25 15:10:31.487981+00:00,2026-09-25 15:10:31.488981+00:00,2026-09-25 15:10:31.489981+00:00,2026-09-25 15:10:31.490981+00:00,2026-09-25 15:10:31.491981+00:00,2026-09-25 15:10:31.492981+00:00,2026-09-25 15:10:31.493981+00:00,2026-09-25 15:10:31.494981+00:00,2026-09-25 15:10:31.495982+00:00,2026-09-25 15:10:31.496982+00:00,2026-09-25 15:10:31.497982+00:00,2026-09-25 15:10:31.498982+00:00,2026-09-25 15:10:31.499982+00:00,2026-09-25 15:10:31.500982+00:00,2026-09-25 15:10:31.501982+00:00,2026-09-25 15:10:31.502982+00:00,2026-09-25 15:10:31.503982+00:00,2026-09-25 15:10:31.504982+00:00,2026-09-25 15:10:31.505982+00:00,2026-09-25 15:10:31.506982+00:00,2026-09-25 15:10:31.507982+00:00,2026-09-25 15:10:31.508982+00:00,2026-09-25 15:10:31.509982+00:00,2026-09-25 15:10:31.510982+00:00,2026-09-25 15:10:31.511982+00:00,2026-09-25 15:10:31.512982+00:00,2026-09-25 15:10:31.513983+00:00,2026-09-25 15:10:31.514983+00:00,2026-09-25 15:10:31.515983+00:00,2026-09-25 15:10:31.516983+00:00,2026-09-25 15:10:31.517983+00:00,2026-09-25 15:10:31.518983+00:00,2026-09-25 15:10:31.519983+00:00,2026-09-25 15:10:31.520983+00:00,2026-09-25 15:10:31.521983+00:00,2026-09-25 15:10:31.522983+00:00,2026-09-25 15:10:31.523983+00:00,2026-09-25 15:10:31.524983+00:00,2026-09-25 15:10:31.525983+00:00,2026-09-25 15:10:31.526983+00:00,2026-09-25 15:10:31.527983+00:00,2026-09-25 15:10:31.528983+00:00,2026-09-25 15:10:31.529983+00:00,2026-09-25 15:10:31.541984+00:00,2026-09-25 15:10:31.531984+00:00,2026-09-25 15:10:31.532984+00:00,2026-09-25 15:10:31.533984+00:00,2026-09-25 15:10:31.534984+00:00,2026-09-25 15:10:31.535984+00:00,2026-09-25 15:10:31.536984+00:00,2026-09-25 15:10:31.537984+00:00,2026-09-25 15:10:31.538984+00:00,2026-09-25 15:10:31.539984+00:00,2026-09-25 15:10:31.540984+00:00,2026-09-25 15:10:31.530984+00:00,2026-09-25 15:10:31.542984+00:00,2026-09-25 15:10:31.543984+00:00,2026-09-25 15:10:31.544984+00:00,2026-09-25 15:10:31.545984+00:00,2026-09-25 15:10:31.546984+00:00,2026-09-25 15:10:31.547984+00:00,2026-09-25 15:10:31.548985+00:00,2026-09-25 15:10:31.549985+00:00,2026-09-25 15:10:31.550985+00:00,2026-09-25 15:10:31.551985+00:00,2026-09-25 15:10:31.552985+00:00,2026-09-25 15:10:31.553985+00:00,2026-09-25 15:10:31.554985+00:00,2026-09-25 15:10:31.555985+00:00,2026-09-25 15:10:31.556985+00:00,2026-09-25 15:10:31.557985+00:00,2026-09-25 15:10:31.558985+00:00,2026-09-25 15:10:31.559985+00:00,2026-09-25 15:10:31.560985+00:00,2026-09-25 15:10:31.561985+00:00,2026-09-25 15:10:31.562985+00:00,2026-09-25 15:10:31.563985+00:00,2026-09-25 15:10:31.564985+00:00,2026-09-25 15:10:31.564985+00:00,0.37463,2.669300376371353,177.27512702934757,True,True,True,False,True,False,True,False,False,True,True,True,False,False,False,False
280,2026-09-25 13:41:27.016659+00:00,2026-09-25 15:10:31.965008+00:00,95.005,False,True,False,False,True,False,True,False,True,False,False,True,False,False,False,False,False,False,True,False,False,False,False,False,True,True,False,False,False,True,False,False,False,False,False,False,False,True,False,False,True,True,False,False,False,False,False,True,False,False,False,False,False,False,True,True,False,False,False,True,True,True,False,True,False,False,False,False,True,True,True,False,False,False,True,False,False,False,False,0,0,755,0,2026-09-25 15:10:31.870003+00:00,2026-09-25 15:10:31.883004+00:00,2026-09-25 15:10:31.884004+00:00,2026-09-25 15:10:31.885004+00:00,2026-09-25 15:10:31.886004+00:00,2026-09-25 15:10:31.887004+00:00,2026-09-25 15:10:31.888004+00:00,2026-09-25 15:10:31.889004+00:00,2026-09-25 15:10:31.890004+00:00,2026-09-25 15:10:31.891004+00:00,2026-09-25 15:10:31.892004+00:00,2026-09-25 15:10:31.893004+00:00,2026-09-25 15:10:31.894004+00:00,2026-09-25 15:10:31.895004+00:00,2026-09-25 15:10:31.908005+00:00,2026-09-25 15:10:31.897004+00:00,2026-09-25 15:10:31.898005+00:00,2026-09-25 15:10:31.899005+00:00,2026-09-25 15:10:31.900005+00:00,2026-09-25 15:10:31.901005+00:00,2026-09-25 15:10:31.903005+00:00,2026-09-25 15:10:31.904005+00:00,2026-09-25 15:10:31.905005+00:00,2026-09-25 15:10:31.906005+00:00,2026-09-25 15:10:31.907005+00:00,2026-09-25 15:10:31.896004+00:00,2026-09-25 15:10:31.909005+00:00,2026-09-25 15:10:31.910005+00:00,2026-09-25 15:10:31.911005+00:00,2026-09-25 15:10:31.912005+00:00,2026-09-25 15:10:31.913005+00:00,2026-09-25 15:10:31.914005+00:00,2026-09-25 15:10:31.915005+00:00,2026-09-25 15:10:31.916006+00:00,2026-09-25 15:10:31.917006+00:00,2026-09-25 15:10:31.918006+00:00,2026-09-25 15:10:31.919006+00:00,2026-09-25 15:10:31.920006+00:00,2026-09-25 15:10:31.921006+00:00,2026-09-25 15:10:31.922006+00:00,2026-09-25 15:10:31.923006+00:00,2026-09-25 15:10:31.924006+00:00,2026-09-25 15:10:31.925006+00:00,2026-09-25 15:10:31.926006+00:00,2026-09-25 15:10:31.927006+00:00,2026-09-25 15:10:31.928006+00:00,2026-09-25 15:10:31.929006+00:00,2026-09-25 15:10:31.930006+00:00,2026-09-25 15:10:31.931006+00:00,2026-09-25 15:10:31.932006+00:00,2026-09-25 15:10:31.933007+00:00,2026-09-25 15:10:31.934007+00:00,2026-09-25 15:10:31.935007+00:00,2026-09-25 15:10:31.936007+00:00,2026-09-25 15:10:31.937007+00:00,2026-09-25 15:10:31.938007+00:00,2026-09-25 15:10:31.939007+00:00,2026-09-25 15:10:31.940007+00:00,2026-09-25 15:10:31.941007+00:00,2026-09-25 15:10:31.942007+00:00,2026-09-25 15:10:31.943007+00:00,2026-09-25 15:10:31.944007+00:00,2026-09-25 15:10:31.945007+00:00,2026-09-25 15:10:31.946007+00:00,2026-09-25 15:10:31.947007+00:00,2026-09-25 15:10:31.948007+00:00,2026-09-25 15:10:31.949007+00:00,2026-09-25 15:10:31.950007+00:00,2026-09-25 15:10:31.951008+00:00,2026-09-25 15:10:31.952008+00:00,2026-09-25 15:10:31.953008+00:00,2026-09-25 15:10:31.954008+00:00,2026-09-25 15:10:31.955008+00:00,2026-09-25 15:10:31.956008+00:00,2026-09-25 15:10:31.957008+00:00,2026-09-25 15:10:31.958008+00:00,2026-09-25 15:10:31.959008+00:00,2026-09-25 15:10:31.960008+00:00,2026-09-25 15:10:31.961008+00:00,2026-09-25 15:10:31.962008+00:00,2026-09-25 15:10:31.963008+00:00,2026-09-25 15:10:31.964008+00:00,2026-09-25 15:10:31.965008+00:00,2026-09-25 15:10:31.965008+00:00,0.393627,2.540476136037416,177.2641938420972,True,True,True,False,True,False,True,False,False,True,True,True,False,False,False,False
281,2026-09-25 13:41:27.417526+00:00,2026-09-25 15:10:32.341030+00:00,104.006,False,True,False,False,True,False,True,False,True,False,False,True,False,False,False,False,False,False,True,False,False,False,False,False,True,True,False,False,False,True,False,False,False,False,False,False,False,True,False,False,True,True,False,False,False,False,True,False,False,False,False,False,True,True,True,False,False,False,False,True,True,True,False,True,False,False,False,False,True,True,True,False,False,False,True,False,False,False,False,0,0,0,0,2026-09-25 15:10:32.237024+00:00,2026-09-25 15:10:32.259025+00:00,2026-09-25 15:10:32.260025+00:00,2026-09-25 15:10:32.261025+00:00,2026-09-25 15:10:32.262025+00:00,2026-09-25 15:10:32.263025+00:00,2026-09-25 15:10:32.264025+00:00,2026-09-25 15:10:32.265026+00:00,2026-09-25 15:10:32.266026+00:00,2026-09-25 15:10:32.267026+00:00,2026-09-25 15:10:32.268026+00:00,2026-09-25 15:10:32.269026+00:00,2026-09-25 15:10:32.270026+00:00,2026-09-25 15:10:32.271026+00:00,2026-09-25 15:10:32.272026+00:00,2026-09-25 15:10:32.273026+00:00,2026-09-25 15:10:32.274026+00:00,2026-09-25 15:10:32.275026+00:00,2026-09-25 15:10:32.276026+00:00,2026-09-25 15:10:32.289027+00:00,2026-09-25 15:10:32.290027+00:00,2026-09-25 15:10:32.280026+00:00,2026-09-25 15:10:32.281026+00:00,2026-09-25 15:10:32.282026+00:00,2026-09-25 15:10:32.283027+00:00,2026-09-25 15:10:32.284027+00:00,2026-09-25 15:10:32.285027+00:00,2026-09-25 15:10:32.286027+00:00,2026-09-25 15:10:32.287027+00:00,2026-09-25 15:10:32.288027+00:00,2026-09-25 15:10:32.278026+00:00,2026-09-25 15:10:32.279026+00:00,2026-09-25 15:10:32.291027+00:00,2026-09-25 15:10:32.292027+00:00,2026-09-25 15:10:32.293027+00:00,2026-09-25 15:10:32.294027+00:00,2026-09-25 15:10:32.295027+00:00,2026-09-25 15:10:32.296027+00:00,2026-09-25 15:10:32.297027+00:00,2026-09-25 15:10:32.298027+00:00,2026-09-25 15:10:32.299027+00:00,2026-09-25 15:10:32.300028+00:00,2026-09-25 15:10:32.301028+00:00,2026-09-25 15:10:32.302028+00:00,2026-09-25 15:10:32.303028+00:00,2026-09-25 15:10:32.304028+00:00,2026-09-25 15:10:32.305028+00:00,2026-09-25 15:10:32.306028+00:00,2026-09-25 15:10:32.307028+00:00,2026-09-25 15:10:32.308028+00:00,2026-09-25 15:10:32.309028+00:00,2026-09-25 15:10:32.310028+00:00,2026-09-25 15:10:32.311028+00:00,2026-09-25 15:10:32.312028+00:00,2026-09-25 15:10:32.313028+00:00,2026-09-25 15:10:32.314028+00:00,2026-09-25 15:10:32.326029+00:00,2026-09-25 15:10:32.316028+00:00,2026-09-25 15:10:32.317028+00:00,2026-09-25 15:10:32.318029+00:00,2026-09-25 15:10:32.319029+00:00,2026-09-25 15:10:32.320029+00:00,2026-09-25 15:10:32.321029+00:00,2026-09-25 15:10:32.322029+00:00,2026-09-25 15:10:32.323029+00:00,2026-09-25 15:10:32.324029+00:00,2026-09-25 15:10:32.325029+00:00,2026-09-25 15:10:32.315028+00:00,2026-09-25 15:10:32.327029+00:00,2026-09-25 15:10:32.328029+00:00,2026-09-25 15:10:32.340030+00:00,2026-09-25 15:10:32.330029+00:00,2026-09-25 15:10:32.331029+00:00,2026-09-25 15:10:32.332029+00:00,2026-09-25 15:10:32.333029+00:00,2026-09-25 15:10:32.334029+00:00,2026-09-25 15:10:32.335030+00:00,2026-09-25 15:10:32.336030+00:00,2026-09-25 15:10:32.337030+00:00,2026-09-25 15:10:32.338030+00:00,2026-09-25 15:10:32.339030+00:00,2026-09-25 15:10:32.329029+00:00,2026-09-25 15:10:32.341030+00:00,2026-09-25 15:10:32.341030+00:00,0.400867,2.494592969738093,177.2572397664695,True,True,True,False,True,False,True,False,False,True,True,True,False,False,False,False
282,2026-09-25 13:41:27.785756+00:00,2026-09-25 15:10:32.743053+00:00,110.006,False,False,False,False,True,False,True,False,True,False,True,False,False,False,False,False,False,False,False,False,False,False,False,False,True,True,False,False,False,True,False,False,False,False,False,False,False,True,False,False,True,True,False,False,False,False,True,False,False,False,False,False,True,True,True,False,False,False,False,True,True,True,False,True,False,False,False,False,True,False,True,True,False,False,True,False,False,False,False,1,0,0,0,2026-09-25 15:10:32.633047+00:00,2026-09-25 15:10:32.648047+00:00,2026-09-25 15:10:32.649047+00:00,2026-09-25 15:10:32.650048+00:00,2026-09-25 15:10:32.651048+00:00,2026-09-25 15:10:32.663048+00:00,2026-09-25 15:10:32.653048+00:00,2026-09-25 15:10:32.654048+00:00,2026-09-25 15:10:32.655048+00:00,2026-09-25 15:10:32.656048+00:00,2026-09-25 15:10:32.657048+00:00,2026-09-25 15:10:32.658048+00:00,2026-09-25 15:10:32.659048+00:00,2026-09-25 15:10:32.660048+00:00,2026-09-25 15:10:32.661048+00:00,2026-09-25 15:10:32.662048+00:00,2026-09-25 15:10:32.652048+00:00,2026-09-25 15:10:32.664048+00:00,2026-09-25 15:10:32.665048+00:00,2026-09-25 15:10:32.666048+00:00,2026-09-25 15:10:32.679049+00:00,2026-09-25 15:10:32.668049+00:00,2026-09-25 15:10:32.669049+00:00,2026-09-25 15:10:32.670049+00:00,2026-09-25 15:10:32.671049+00:00,2026-09-25 15:10:32.672049+00:00,2026-09-25 15:10:32.685050+00:00,2026-09-25 15:10:32.675049+00:00,2026-09-25 15:10:32.676049+00:00,2026-09-25 15:10:32.677049+00:00,2026-09-25 15:10:32.678049+00:00,2026-09-25 15:10:32.667049+00:00,2026-09-25 15:10:32.680049+00:00,2026-09-25 15:10:32.681049+00:00,2026-09-25 15:10:32.682049+00:00,2026-09-25 15:10:32.683049+00:00,2026-09-25 15:10:32.684049+00:00,2026-09-25 15:10:32.674049+00:00,2026-09-25 15:10:32.686050+00:00,2026-09-25 15:10:32.687050+00:00,2026-09-25 15:10:32.688050+00:00,2026-09-25 15:10:32.689050+00:00,2026-09-25 15:10:32.701050+00:00,2026-09-25 15:10:32.691050+00:00,2026-09-25 15:10:32.692050+00:00,2026-09-25 15:10:32.693050+00:00,2026-09-25 15:10:32.694050+00:00,2026-09-25 15:10:32.695050+00:00,2026-09-25 15:10:32.696050+00:00,2026-09-25 15:10:32.697050+00:00,2026-09-25 15:10:32.698050+00:00,2026-09-25 15:10:32.699050+00:00,2026-09-25 15:10:32.700050+00:00,2026-09-25 15:10:32.690050+00:00,2026-09-25 15:10:32.702051+00:00,2026-09-25 15:10:32.703051+00:00,2026-09-25 15:10:32.704051+00:00,2026-09-25 15:10:32.705051+00:00,2026-09-25 15:10:32.706051+00:00,2026-09-25 15:10:32.707051+00:00,2026-09-25 15:10:32.708051+00:00,2026-09-25 15:10:32.709051+00:00,2026-09-25 15:10:32.710051+00:00,2026-09-25 15:10:32.711051+00:00,2026-09-25 15:10:32.712051+00:00,2026-09-25 15:10:32.713051+00:00,2026-09-25 15:10:32.714051+00:00,2026-09-25 15:10:32.715051+00:00,2026-09-25 15:10:32.716051+00:00,2026-09-25 15:10:32.728052+00:00,2026-09-25 15:10:32.729052+00:00,2026-09-25 15:10:32.730052+00:00,2026-09-25 15:10:32.743053+00:00,2026-09-25 15:10:32.721052+00:00,2026-09-25 15:10:32.722052+00:00,2026-09-25 15:10:32.723052+00:00,2026-09-25 15:10:32.724052+00:00,2026-09-25 15:10:32.725052+00:00,2026-09-25 15:10:32.726052+00:00,2026-09-25 15:10:32.727052+00:00,2026-09-25 15:10:32.717051+00:00,2026-09-25 15:10:32.718051+00:00,2026-09-25 15:10:32.719051+00:00,2026-09-25 15:10:32.743053+00:00,0.36823,2.7156939956005757,177.2534573061363,True,True,True,False,True,False,True,True,False,False,True,True,False,False,False,False
