snapshot_id,timestamp,source_timestamp_reference,sync_spread_ms,ms.turntable.transfer.source_ts,ms.turntable.transfer.server_ts,ms.turntable.conveyor.source_ts,ms.turntable.conveyor.server_ts,ms.sensor.conveyor.source_ts,ms.sensor.conveyor.server_ts,ms.turntable.saw.source_ts,ms.turntable.saw.server_ts,ms.transfer.turntable.source_ts,ms.transfer.turntable.server_ts,ms.oven.slider_inside.source_ts,ms.oven.slider_inside.server_ts,ms.oven.slider_outside.source_ts,ms.oven.slider_outside.server_ts,ms.transfer.oven.source_ts,ms.transfer.oven.server_ts,ms.sensor.oven.source_ts,ms.sensor.oven.server_ts,ms.motor.turntable_cw.source_ts,ms.motor.turntable_cw.server_ts,ms.motor.turntable_ccw.source_ts,ms.motor.turntable_ccw.server_ts,ms.motor.conveyor.source_ts,ms.motor.conveyor.server_ts,ms.motor.saw.source_ts,ms.motor.saw.server_ts,ms.motor.slider_in.source_ts,ms.motor.slider_in.server_ts,ms.motor.slider_out.source_ts,ms.motor.slider_out.server_ts,ms.motor.transfer_oven.source_ts,ms.motor.transfer_oven.server_ts,ms.motor.transfer_turntable.source_ts,ms.motor.transfer_turntable.server_ts,ms.process.burn.source_ts,ms.process.burn.server_ts,ms.air.compressor.source_ts,ms.air.compressor.server_ts,ms.valve.vacuum.source_ts,ms.valve.vacuum.server_ts,ms.valve.transfer.source_ts,ms.valve.transfer.server_ts,ms.valve.oven_door.source_ts,ms.valve.oven_door.server_ts,ms.valve.ejector.source_ts,ms.valve.ejector.server_ts,hbw.ref.horizontal.source_ts,hbw.ref.horizontal.server_ts,hbw.sensor.inside.source_ts,hbw.sensor.inside.server_ts,hbw.sensor.outside.source_ts,hbw.sensor.outside.server_ts,hbw.ref.vertical.source_ts,hbw.ref.vertical.server_ts,hbw.ref.cantilever_front.source_ts,hbw.ref.cantilever_front.server_ts,hbw.ref.cantilever_back.source_ts,hbw.ref.cantilever_back.server_ts,hbw.sensor.trail_bottom.source_ts,hbw.sensor.trail_bottom.server_ts,hbw.sensor.trail_top.source_ts,hbw.sensor.trail_top.server_ts,hbw.motor.conveyor_forward.source_ts,hbw.motor.conveyor_forward.server_ts,hbw.motor.conveyor_backward.source_ts,hbw.motor.conveyor_backward.server_ts,hbw.motor.crane_rack.source_ts,hbw.motor.crane_rack.server_ts,hbw.motor.crane_conveyor.source_ts,hbw.motor.crane_conveyor.server_ts,hbw.motor.crane_down.source_ts,hbw.motor.crane_down.server_ts,hbw.motor.crane_up.source_ts,hbw.motor.crane_up.server_ts,hbw.motor.cantilever_forward.source_ts,hbw.motor.cantilever_forward.server_ts,hbw.motor.cantilever_backward.source_ts,hbw.motor.cantilever_backward.server_ts,hbw.encoder.horizontal1.source_ts,hbw.encoder.horizontal1.server_ts,hbw.encoder.horizontal2.source_ts,hbw.encoder.horizontal2.server_ts,hbw.encoder.vertical1.source_ts,hbw.encoder.vertical1.server_ts,hbw.encoder.vertical2.source_ts,hbw.encoder.vertical2.server_ts,c.ref.vertical.source_ts,c.ref.vertical.server_ts,c.ref.horizontal.source_ts,c.ref.horizontal.server_ts,c.ref.rotate.source_ts,c.ref.rotate.server_ts,c.motor.up.source_ts,c.motor.up.server_ts,c.motor.down.source_ts,c.motor.down.server_ts,c.motor.backward.source_ts,c.motor.backward.server_ts,c.motor.forward.source_ts,c.motor.forward.server_ts,c.motor.cw.source_ts,c.motor.cw.server_ts,c.motor.ccw.source_ts,c.motor.ccw.server_ts,c.air.compressor.source_ts,c.air.compressor.server_ts,c.valve.vacuum.source_ts,c.valve.vacuum.server_ts,c.encoder.vertical1.source_ts,c.encoder.vertical1.server_ts,c.encoder.vertical2.source_ts,c.encoder.vertical2.server_ts,c.encoder.horizontal1.source_ts,c.encoder.horizontal1.server_ts,c.encoder.horizontal2.source_ts,c.encoder.horizontal2.server_ts,c.encoder.rotate1.source_ts,c.encoder.rotate1.server_ts,c.encoder.rotate2.source_ts,c.encoder.rotate2.server_ts,pm.sensor.entry.source_ts,pm.sensor.entry.server_ts,pm.sensor.tool.source_ts,pm.sensor.tool.server_ts,pm.ref.top.source_ts,pm.ref.top.server_ts,pm.ref.bottom.source_ts,pm.ref.bottom.server_ts,pm.motor.conveyor_forward.source_ts,pm.motor.conveyor_forward.server_ts,pm.motor.conveyor_backward.source_ts,pm.motor.conveyor_backward.server_ts,pm.motor.tool_up.source_ts,pm.motor.tool_up.server_ts,pm.motor.tool_down.source_ts,pm.motor.tool_down.server_ts,sl.sensor.pulse.source_ts,sl.sensor.pulse.server_ts,sl.sensor.before_color.source_ts,sl.sensor.before_color.server_ts,sl.sensor.after_color.source_ts,sl.sensor.after_color.server_ts,sl.sensor.white.source_ts,sl.sensor.white.server_ts,sl.sensor.red.source_ts,sl.sensor.red.server_ts,sl.sensor.blue.source_ts,sl.sensor.blue.server_ts,sl.motor.conveyor.source_ts,sl.motor.conveyor.server_ts,sl.air.compressor.source_ts,sl.air.compressor.server_ts,sl.valve.white.source_ts,sl.valve.white.server_ts,sl.valve.red.source_ts,sl.valve.red.server_ts,sl.valve.blue.source_ts,sl.valve.blue.server_ts,sl.sensor.color_value.source_ts,sl.sensor.color_value.server_ts,local.crane_coord_h.source_ts,local.crane_coord_h.server_ts,local.crane_coord_v.source_ts,local.crane_coord_v.server_ts,local.crane_coord_r.source_ts,local.crane_coord_r.server_ts
1,2026-09-25T13:31:16.557276+00:00,2026-09-25T15:00:21.549095+00:00,185.011,2026-09-25T15:00:21.364084+00:00,,2026-09-25T15:00:21.399086+00:00,,2026-09-25T15:00:21.390085+00:00,,2026-09-25T15:00:21.403086+00:00,,2026-09-25T15:00:21.405086+00:00,,2026-09-25T15:00:21.407086+00:00,,2026-09-25T15:00:21.409087+00:00,,2026-09-25T15:00:21.411087+00:00,,2026-09-25T15:00:21.413087+00:00,,2026-09-25T15:00:21.415087+00:00,,2026-09-25T15:00:21.417087+00:00,,2026-09-25T15:00:21.419087+00:00,,2026-09-25T15:00:21.421087+00:00,,2026-09-25T15:00:21.423087+00:00,,2026-09-25T15:00:21.425087+00:00,,2026-09-25T15:00:21.427088+00:00,,2026-09-25T15:00:21.429088+00:00,,2026-09-25T15:00:21.431088+00:00,,2026-09-25T15:00:21.433088+00:00,,2026-09-25T15:00:21.424087+00:00,,2026-09-25T15:00:21.448089+00:00,,2026-09-25T15:00:21.440088+00:00,,2026-09-25T15:00:21.442088+00:00,,2026-09-25T15:00:21.444089+00:00,,2026-09-25T15:00:21.446089+00:00,,2026-09-25T15:00:21.437088+00:00,,2026-09-25T15:00:21.450089+00:00,,2026-09-25T15:00:21.452089+00:00,,2026-09-25T15:00:21.454089+00:00,,2026-09-25T15:00:21.456089+00:00,,2026-09-25T15:00:21.458089+00:00,,2026-09-25T15:00:21.460089+00:00,,2026-09-25T15:00:21.462090+00:00,,2026-09-25T15:00:21.464090+00:00,,2026-09-25T15:00:21.466090+00:00,,2026-09-25T15:00:21.468090+00:00,,2026-09-25T15:00:21.470090+00:00,,2026-09-25T15:00:21.472090+00:00,,2026-09-25T15:00:21.474090+00:00,,2026-09-25T15:00:21.487091+00:00,,2026-09-25T15:00:21.489091+00:00,,2026-09-25T15:00:21.480091+00:00,,2026-09-25T15:00:21.482091+00:00,,2026-09-25T15:00:21.484091+00:00,,2026-09-25T15:00:21.486091+00:00,,2026-09-25T15:00:21.488091+00:00,,2026-09-25T15:00:21.513092+00:00,,2026-09-25T15:00:21.493091+00:00,,2026-09-25T15:00:21.506092+00:00,,2026-09-25T15:00:21.508092+00:00,,2026-09-25T15:00:21.499092+00:00,,2026-09-25T15:00:21.501092+00:00,,2026-09-25T15:00:21.503092+00:00,,2026-09-25T15:00:21.505092+00:00,,2026-09-25T15:00:21.518093+00:00,,2026-09-25T15:00:21.509092+00:00,,2026-09-25T15:00:21.511092+00:00,,2026-09-25T15:00:21.502092+00:00,,2026-09-25T15:00:21.515093+00:00,,2026-09-25T15:00:21.517093+00:00,,2026-09-25T15:00:21.519093+00:00,,2026-09-25T15:00:21.521093+00:00,,2026-09-25T15:00:21.523093+00:00,,2026-09-25T15:00:21.525093+00:00,,2026-09-25T15:00:21.527093+00:00,,2026-09-25T15:00:21.529093+00:00,,2026-09-25T15:00:21.531094+00:00,,2026-09-25T15:00:21.533094+00:00,,2026-09-25T15:00:21.534094+00:00,,2026-09-25T15:00:21.524093+00:00,,2026-09-25T15:00:21.536094+00:00,,2026-09-25T15:00:21.537094+00:00,,2026-09-25T15:00:21.538094+00:00,,2026-09-25T15:00:21.528093+00:00,,2026-09-25T15:00:21.541094+00:00,,2026-09-25T15:00:21.542094+00:00,,2026-09-25T15:00:21.543094+00:00,,2026-09-25T15:00:21.544094+00:00,,2026-09-25T15:00:21.545094+00:00,,2026-09-25T15:00:21.546094+00:00,,2026-09-25T15:00:21.547094+00:00,,2026-09-25T15:00:21.548094+00:00,,2026-09-25T15:00:21.549095+00:00,
2,2026-09-25T13:31:16.990793+00:00,2026-09-25T15:00:21.980119+00:00,141.00799999999998,2026-09-25T15:00:21.839111+00:00,,2026-09-25T15:00:21.854112+00:00,,2026-09-25T15:00:21.855112+00:00,,2026-09-25T15:00:21.856112+00:00,,2026-09-25T15:00:21.857112+00:00,,2026-09-25T15:00:21.858112+00:00,,2026-09-25T15:00:21.870113+00:00,,2026-09-25T15:00:21.871113+00:00,,2026-09-25T15:00:21.872113+00:00,,2026-09-25T15:00:21.862112+00:00,,2026-09-25T15:00:21.863113+00:00,,2026-09-25T15:00:21.864113+00:00,,2026-09-25T15:00:21.865113+00:00,,2026-09-25T15:00:21.866113+00:00,,2026-09-25T15:00:21.867113+00:00,,2026-09-25T15:00:21.868113+00:00,,2026-09-25T15:00:21.869113+00:00,,2026-09-25T15:00:21.859112+00:00,,2026-09-25T15:00:21.860112+00:00,,2026-09-25T15:00:21.861112+00:00,,2026-09-25T15:00:21.873113+00:00,,2026-09-25T15:00:21.874113+00:00,,2026-09-25T15:00:21.875113+00:00,,2026-09-25T15:00:21.876113+00:00,,2026-09-25T15:00:21.889114+00:00,,2026-09-25T15:00:21.878113+00:00,,2026-09-25T15:00:21.879113+00:00,,2026-09-25T15:00:21.880113+00:00,,2026-09-25T15:00:21.881114+00:00,,2026-09-25T15:00:21.882114+00:00,,2026-09-25T15:00:21.883114+00:00,,2026-09-25T15:00:21.884114+00:00,,2026-09-25T15:00:21.885114+00:00,,2026-09-25T15:00:21.886114+00:00,,2026-09-25T15:00:21.887114+00:00,,2026-09-25T15:00:21.888114+00:00,,2026-09-25T15:00:21.890114+00:00,,2026-09-25T15:00:21.891114+00:00,,2026-09-25T15:00:21.892114+00:00,,2026-09-25T15:00:21.893114+00:00,,2026-09-25T15:00:21.894114+00:00,,2026-09-25T15:00:21.895114+00:00,,2026-09-25T15:00:21.909115+00:00,,2026-09-25T15:00:21.900115+00:00,,2026-09-25T15:00:21.902115+00:00,,2026-09-25T15:00:21.904115+00:00,,2026-09-25T15:00:21.906115+00:00,,2026-09-25T15:00:21.908115+00:00,,2026-09-25T15:00:21.910115+00:00,,2026-09-25T15:00:21.912115+00:00,,2026-09-25T15:00:21.914115+00:00,,2026-09-25T15:00:21.916116+00:00,,2026-09-25T15:00:21.918116+00:00,,2026-09-25T15:00:21.920116+00:00,,2026-09-25T15:00:21.922116+00:00,,2026-09-25T15:00:21.924116+00:00,,2026-09-25T15:00:21.926116+00:00,,2026-09-25T15:00:21.928116+00:00,,2026-09-25T15:00:21.930116+00:00,,2026-09-25T15:00:21.932116+00:00,,2026-09-25T15:00:21.934117+00:00,,2026-09-25T15:00:21.936117+00:00,,2026-09-25T15:00:21.939117+00:00,,2026-09-25T15:00:21.941117+00:00,,2026-09-25T15:00:21.943117+00:00,,2026-09-25T15:00:21.945117+00:00,,2026-09-25T15:00:21.947117+00:00,,2026-09-25T15:00:21.949117+00:00,,2026-09-25T15:00:21.951118+00:00,,2026-09-25T15:00:21.953118+00:00,,2026-09-25T15:00:21.955118+00:00,,2026-09-25T15:00:21.957118+00:00,,2026-09-25T15:00:21.971119+00:00,,2026-09-25T15:00:21.962118+00:00,,2026-09-25T15:00:21.964118+00:00,,2026-09-25T15:00:21.966118+00:00,,2026-09-25T15:00:21.968119+00:00,,2026-09-25T15:00:21.970119+00:00,,2026-09-25T15:00:21.972119+00:00,,2026-09-25T15:00:21.974119+00:00,,2026-09-25T15:00:21.976119+00:00,,2026-09-25T15:00:21.978119+00:00,,2026-09-25T15:00:21.980119+00:00,
3,2026-09-25T13:31:17.365826+00:00,2026-09-25T15:00:22.349140+00:00,110.006,2026-09-25T15:00:22.239134+00:00,,2026-09-25T15:00:22.263135+00:00,,2026-09-25T15:00:22.289137+00:00,,2026-09-25T15:00:22.265136+00:00,,2026-09-25T15:00:22.266136+00:00,,2026-09-25T15:00:22.267136+00:00,,2026-09-25T15:00:22.268136+00:00,,2026-09-25T15:00:22.269136+00:00,,2026-09-25T15:00:22.270136+00:00,,2026-09-25T15:00:22.284137+00:00,,2026-09-25T15:00:22.285137+00:00,,2026-09-25T15:00:22.286137+00:00,,2026-09-25T15:00:22.276136+00:00,,2026-09-25T15:00:22.264135+00:00,,2026-09-25T15:00:22.278136+00:00,,2026-09-25T15:00:22.279136+00:00,,2026-09-25T15:00:22.280136+00:00,,2026-09-25T15:00:22.281136+00:00,,2026-09-25T15:00:22.282136+00:00,,2026-09-25T15:00:22.283137+00:00,,2026-09-25T15:00:22.272136+00:00,,2026-09-25T15:00:22.273136+00:00,,2026-09-25T15:00:22.274136+00:00,,2026-09-25T15:00:22.299137+00:00,,2026-09-25T15:00:22.277136+00:00,,2026-09-25T15:00:22.290137+00:00,,2026-09-25T15:00:22.291137+00:00,,2026-09-25T15:00:22.292137+00:00,,2026-09-25T15:00:22.293137+00:00,,2026-09-25T15:00:22.294137+00:00,,2026-09-25T15:00:22.295137+00:00,,2026-09-25T15:00:22.296137+00:00,,2026-09-25T15:00:22.297137+00:00,,2026-09-25T15:00:22.298137+00:00,,2026-09-25T15:00:22.287137+00:00,,2026-09-25T15:00:22.300138+00:00,,2026-09-25T15:00:22.301138+00:00,,2026-09-25T15:00:22.302138+00:00,,2026-09-25T15:00:22.303138+00:00,,2026-09-25T15:00:22.304138+00:00,,2026-09-25T15:00:22.305138+00:00,,2026-09-25T15:00:22.306138+00:00,,2026-09-25T15:00:22.307138+00:00,,2026-09-25T15:00:22.308138+00:00,,2026-09-25T15:00:22.309138+00:00,,2026-09-25T15:00:22.310138+00:00,,2026-09-25T15:00:22.311138+00:00,,2026-09-25T15:00:22.312138+00:00,,2026-09-25T15:00:22.347140+00:00,,2026-09-25T15:00:22.314138+00:00,,2026-09-25T15:00:22.315138+00:00,,2026-09-25T15:00:22.316138+00:00,,2026-09-25T15:00:22.317138+00:00,,2026-09-25T15:00:22.318139+00:00,,2026-09-25T15:00:22.319139+00:00,,2026-09-25T15:00:22.320139+00:00,,2026-09-25T15:00:22.321139+00:00,,2026-09-25T15:00:22.333139+00:00,,2026-09-25T15:00:22.335140+00:00,,2026-09-25T15:00:22.313138+00:00,,2026-09-25T15:00:22.325139+00:00,,2026-09-25T15:00:22.326139+00:00,,2026-09-25T15:00:22.339140+00:00,,2026-09-25T15:00:22.328139+00:00,,2026-09-25T15:00:22.329139+00:00,,2026-09-25T15:00:22.330139+00:00,,2026-09-25T15:00:22.331139+00:00,,2026-09-25T15:00:22.332139+00:00,,2026-09-25T15:00:22.322139+00:00,,2026-09-25T15:00:22.323139+00:00,,2026-09-25T15:00:22.324139+00:00,,2026-09-25T15:00:22.337140+00:00,,2026-09-25T15:00:22.338140+00:00,,2026-09-25T15:00:22.340140+00:00,,2026-09-25T15:00:22.341140+00:00,,2026-09-25T15:00:22.342140+00:00,,2026-09-25T15:00:22.343140+00:00,,2026-09-25T15:00:22.344140+00:00,,2026-09-25T15:00:22.345140+00:00,,2026-09-25T15:00:22.346140+00:00,,2026-09-25T15:00:22.336140+00:00,,2026-09-25T15:00:22.348140+00:00,,2026-09-25T15:00:22.349140+00:00,
3,2026-09-25T13:31:17.365826+00:00,2026-09-25T15:00:22.349140+00:00,110.006,2026-09-25T15:00:22.239134+00:00,,2026-09-25T15:00:22.263135+00:00,,2026-09-25T15:00:22.289137+00:00,,2026-09-25T15:00:22.265136+00:00,,2026-09-25T15:00:22.266136+00:00,,2026-09-25T15:00:22.267136+00:00,,2026-09-25T15:00:22.268136+00:00,,2026-09-25T15:00:22.269136+00:00,,2026-09-25T15:00:22.270136+00:00,,2026-09-25T15:00:22.284137+00:00,,2026-09-25T15:00:22.285137+00:00,,2026-09-25T15:00:22.286137+00:00,,2026-09-25T15:00:22.276136+00:00,,2026-09-25T15:00:22.264135+00:00,,2026-09-25T15:00:22.278136+00:00,,2026-09-25T15:00:22.279136+00:00,,2026-09-25T15:00:22.280136+00:00,,2026-09-25T15:00:22.281136+00:00,,2026-09-25T15:00:22.282136+00:00,,2026-09-25T15:00:22.283137+00:00,,2026-09-25T15:00:22.272136+00:00,,2026-09-25T15:00:22.273136+00:00,,2026-09-25T15:00:22.274136+00:00,,2026-09-25T15:00:22.299137+00:00,,2026-09-25T15:00:22.277136+00:00,,2026-09-25T15:00:22.290137+00:00,,2026-09-25T15:00:22.291137+00:00,,2026-09-25T15:00:22.292137+00:00,,2026-09-25T15:00:22.293137+00:00,,2026-09-25T15:00:22.294137+00:00,,2026-09-25T15:00:22.295137+00:00,,2026-09-25T15:00:22.296137+00:00,,2026-09-25T15:00:22.297137+00:00,,2026-09-25T15:00:22.298137+00:00,,2026-09-25T15:00:22.287137+00:00,,2026-09-25T15:00:22.300138+00:00,,2026-09-25T15:00:22.301138+00:00,,2026-09-25T15:00:22.302138+00:00,,2026-09-25T15:00:22.303138+00:00,,2026-09-25T15:00:22.304138+00:00,,2026-09-25T15:00:22.305138+00:00,,2026-09-25T15:00:22.306138+00:00,,2026-09-25T15:00:22.307138+00:00,,2026-09-25T15:00:22.308138+00:00,,2026-09-25T15:00:22.309138+00:00,,2026-09-25T15:00:22.310138+00:00,,2026-09-25T15:00:22.311138+00:00,,2026-09-25T15:00:22.312138+00:00,,2026-09-25T15:00:22.347140+00:00,,2026-09-25T15:00:22.314138+00:00,,2026-09-25T15:00:22.315138+00:00,,2026-09-25T15:00:22.316138+00:00,,2026-09-25T15:00:22.317138+00:00,,2026-09-25T15:00:22.318139+00:00,,2026-09-25T15:00:22.319139+00:00,,2026-09-25T15:00:22.320139+00:00,,2026-09-25T15:00:22.321139+00:00,,2026-09-25T15:00:22.333139+00:00,,2026-09-25T15:00:22.335140+00:00,,2026-09-25T15:00:22.313138+00:00,,2026-09-25T15:00:22.325139+00:00,,2026-09-25T15:00:22.326139+00:00,,2026-09-25T15:00:22.339140+00:00,,2026-09-25T15:00:22.328139+00:00,,2026-09-25T15:00:22.329139+00:00,,2026-09-25T15:00:22.330139+00:00,,2026-09-25T15:00:22.331139+00:00,,2026-09-25T15:00:22.332139+00:00,,2026-09-25T15:00:22.322139+00:00,,2026-09-25T15:00:22.323139+00:00,,2026-09-25T15:00:22.324139+00:00,,2026-09-25T15:00:22.337140+00:00,,2026-09-25T15:00:22.338140+00:00,,2026-09-25T15:00:22.340140+00:00,,2026-09-25T15:00:22.341140+00:00,,2026-09-25T15:00:22.342140+00:00,,2026-09-25T15:00:22.343140+00:00,,2026-09-25T15:00:22.344140+00:00,,2026-09-25T15:00:22.345140+00:00,,2026-09-25T15:00:22.346140+00:00,,2026-09-25T15:00:22.336140+00:00,,2026-09-25T15:00:22.348140+00:00,,2026-09-25T15:00:22.349140+00:00,
4,2026-09-25T13:31:17.797391+00:00,2026-09-25T15:00:22.789165+00:00,109.006,2026-09-25T15:00:22.680159+00:00,,2026-09-25T15:00:22.686160+00:00,,2026-09-25T15:00:22.688160+00:00,,2026-09-25T15:00:22.689160+00:00,,2026-09-25T15:00:22.691160+00:00,,2026-09-25T15:00:22.692160+00:00,,2026-09-25T15:00:22.708161+00:00,,2026-09-25T15:00:22.696160+00:00,,2026-09-25T15:00:22.697160+00:00,,2026-09-25T15:00:22.698160+00:00,,2026-09-25T15:00:22.699160+00:00,,2026-09-25T15:00:22.714161+00:00,,2026-09-25T15:00:22.715161+00:00,,2026-09-25T15:00:22.716161+00:00,,2026-09-25T15:00:22.717161+00:00,,2026-09-25T15:00:22.706161+00:00,,2026-09-25T15:00:22.707161+00:00,,2026-09-25T15:00:22.694160+00:00,,2026-09-25T15:00:22.710161+00:00,,2026-09-25T15:00:22.711161+00:00,,2026-09-25T15:00:22.712161+00:00,,2026-09-25T15:00:22.713161+00:00,,2026-09-25T15:00:22.700160+00:00,,2026-09-25T15:00:22.701160+00:00,,2026-09-25T15:00:22.703161+00:00,,2026-09-25T15:00:22.705161+00:00,,2026-09-25T15:00:22.718161+00:00,,2026-09-25T15:00:22.719161+00:00,,2026-09-25T15:00:22.720162+00:00,,2026-09-25T15:00:22.721162+00:00,,2026-09-25T15:00:22.722162+00:00,,2026-09-25T15:00:22.723162+00:00,,2026-09-25T15:00:22.724162+00:00,,2026-09-25T15:00:22.725162+00:00,,2026-09-25T15:00:22.726162+00:00,,2026-09-25T15:00:22.738163+00:00,,2026-09-25T15:00:22.728162+00:00,,2026-09-25T15:00:22.729162+00:00,,2026-09-25T15:00:22.730162+00:00,,2026-09-25T15:00:22.731162+00:00,,2026-09-25T15:00:22.732162+00:00,,2026-09-25T15:00:22.733162+00:00,,2026-09-25T15:00:22.734162+00:00,,2026-09-25T15:00:22.746163+00:00,,2026-09-25T15:00:22.736162+00:00,,2026-09-25T15:00:22.737163+00:00,,2026-09-25T15:00:22.739163+00:00,,2026-09-25T15:00:22.740163+00:00,,2026-09-25T15:00:22.741163+00:00,,2026-09-25T15:00:22.742163+00:00,,2026-09-25T15:00:22.743163+00:00,,2026-09-25T15:00:22.744163+00:00,,2026-09-25T15:00:22.745163+00:00,,2026-09-25T15:00:22.735162+00:00,,2026-09-25T15:00:22.747163+00:00,,2026-09-25T15:00:22.748163+00:00,,2026-09-25T15:00:22.749163+00:00,,2026-09-25T15:00:22.750163+00:00,,2026-09-25T15:00:22.762164+00:00,,2026-09-25T15:00:22.752163+00:00,,2026-09-25T15:00:22.754163+00:00,,2026-09-25T15:00:22.755164+00:00,,2026-09-25T15:00:22.756164+00:00,,2026-09-25T15:00:22.768164+00:00,,2026-09-25T15:00:22.769164+00:00,,2026-09-25T15:00:22.759164+00:00,,2026-09-25T15:00:22.760164+00:00,,2026-09-25T15:00:22.761164+00:00,,2026-09-25T15:00:22.751163+00:00,,2026-09-25T15:00:22.763164+00:00,,2026-09-25T15:00:22.764164+00:00,,2026-09-25T15:00:22.765164+00:00,,2026-09-25T15:00:22.766164+00:00,,2026-09-25T15:00:22.767164+00:00,,2026-09-25T15:00:22.757164+00:00,,2026-09-25T15:00:22.758164+00:00,,2026-09-25T15:00:22.771164+00:00,,2026-09-25T15:00:22.773165+00:00,,2026-09-25T15:00:22.774165+00:00,,2026-09-25T15:00:22.775165+00:00,,2026-09-25T15:00:22.776165+00:00,,2026-09-25T15:00:22.789165+00:00,,2026-09-25T15:00:22.778165+00:00,
5,2026-09-25T13:31:18.154841+00:00,2026-09-25T15:00:23.145186+00:00,100.006,2026-09-25T15:00:23.045180+00:00,,2026-09-25T15:00:23.051180+00:00,,2026-09-25T15:00:23.052181+00:00,,2026-09-25T15:00:23.053181+00:00,,2026-09-25T15:00:23.054181+00:00,,2026-09-25T15:00:23.055181+00:00,,2026-09-25T15:00:23.056181+00:00,,2026-09-25T15:00:23.057181+00:00,,2026-09-25T15:00:23.058181+00:00,,2026-09-25T15:00:23.059181+00:00,,2026-09-25T15:00:23.060181+00:00,,2026-09-25T15:00:23.061181+00:00,,2026-09-25T15:00:23.062181+00:00,,2026-09-25T15:00:23.063181+00:00,,2026-09-25T15:00:23.064181+00:00,,2026-09-25T15:00:23.065181+00:00,,2026-09-25T15:00:23.066181+00:00,,2026-09-25T15:00:23.078182+00:00,,2026-09-25T15:00:23.068181+00:00,,2026-09-25T15:00:23.069181+00:00,,2026-09-25T15:00:23.070182+00:00,,2026-09-25T15:00:23.071182+00:00,,2026-09-25T15:00:23.072182+00:00,,2026-09-25T15:00:23.073182+00:00,,2026-09-25T15:00:23.074182+00:00,,2026-09-25T15:00:23.075182+00:00,,2026-09-25T15:00:23.076182+00:00,,2026-09-25T15:00:23.089183+00:00,,2026-09-25T15:00:23.067181+00:00,,2026-09-25T15:00:23.079182+00:00,,2026-09-25T15:00:23.080182+00:00,,2026-09-25T15:00:23.081182+00:00,,2026-09-25T15:00:23.083182+00:00,,2026-09-25T15:00:23.084182+00:00,,2026-09-25T15:00:23.085182+00:00,,2026-09-25T15:00:23.086182+00:00,,2026-09-25T15:00:23.087183+00:00,,2026-09-25T15:00:23.088183+00:00,,2026-09-25T15:00:23.090183+00:00,,2026-09-25T15:00:23.091183+00:00,,2026-09-25T15:00:23.092183+00:00,,2026-09-25T15:00:23.093183+00:00,,2026-09-25T15:00:23.094183+00:00,,2026-09-25T15:00:23.095183+00:00,,2026-09-25T15:00:23.096183+00:00,,2026-09-25T15:00:23.097183+00:00,,2026-09-25T15:00:23.098183+00:00,,2026-09-25T15:00:23.099183+00:00,,2026-09-25T15:00:23.100183+00:00,,2026-09-25T15:00:23.101183+00:00,,2026-09-25T15:00:23.102183+00:00,,2026-09-25T15:00:23.103183+00:00,,2026-09-25T15:00:23.104184+00:00,,2026-09-25T15:00:23.105184+00:00,,2026-09-25T15:00:23.106184+00:00,,2026-09-25T15:00:23.107184+00:00,,2026-09-25T15:00:23.108184+00:00,,2026-09-25T15:00:23.109184+00:00,,2026-09-25T15:00:23.110184+00:00,,2026-09-25T15:00:23.111184+00:00,,2026-09-25T15:00:23.112184+00:00,,2026-09-25T15:00:23.113184+00:00,,2026-09-25T15:00:23.114184+00:00,,2026-09-25T15:00:23.115184+00:00,,2026-09-25T15:00:23.116184+00:00,,2026-09-25T15:00:23.117184+00:00,,2026-09-25T15:00:23.118184+00:00,,2026-09-25T15:00:23.119184+00:00,,2026-09-25T15:00:23.120184+00:00,,2026-09-25T15:00:23.121184+00:00,,2026-09-25T15:00:23.122185+00:00,,2026-09-25T15:00:23.145186+00:00,,2026-09-25T15:00:23.124185+00:00,,2026-09-25T15:00:23.125185+00:00,,2026-09-25T15:00:23.126185+00:00,,2026-09-25T15:00:23.136185+00:00,,2026-09-25T15:00:23.128185+00:00,,2026-09-25T15:00:23.129185+00:00,,2026-09-25T15:00:23.130185+00:00,,2026-09-25T15:00:23.131185+00:00,,2026-09-25T15:00:23.132185+00:00,,2026-09-25T15:00:23.133185+00:00,,2026-09-25T15:00:23.123185+00:00,
6,2026-09-25T13:31:18.510767+00:00,2026-09-25T15:00:23.502206+00:00,102.006,2026-09-25T15:00:23.400200+00:00,,2026-09-25T15:00:23.408201+00:00,,2026-09-25T15:00:23.409201+00:00,,2026-09-25T15:00:23.410201+00:00,,2026-09-25T15:00:23.411201+00:00,,2026-09-25T15:00:23.412201+00:00,,2026-09-25T15:00:23.413201+00:00,,2026-09-25T15:00:23.414201+00:00,,2026-09-25T15:00:23.415201+00:00,,2026-09-25T15:00:23.416201+00:00,,2026-09-25T15:00:23.417201+00:00,,2026-09-25T15:00:23.430202+00:00,,2026-09-25T15:00:23.419202+00:00,,2026-09-25T15:00:23.420202+00:00,,2026-09-25T15:00:23.421202+00:00,,2026-09-25T15:00:23.422202+00:00,,2026-09-25T15:00:23.423202+00:00,,2026-09-25T15:00:23.424202+00:00,,2026-09-25T15:00:23.425202+00:00,,2026-09-25T15:00:23.438203+00:00,,2026-09-25T15:00:23.428202+00:00,,2026-09-25T15:00:23.429202+00:00,,2026-09-25T15:00:23.418201+00:00,,2026-09-25T15:00:23.431202+00:00,,2026-09-25T15:00:23.432202+00:00,,2026-09-25T15:00:23.433202+00:00,,2026-09-25T15:00:23.434202+00:00,,2026-09-25T15:00:23.435202+00:00,,2026-09-25T15:00:23.436202+00:00,,2026-09-25T15:00:23.437203+00:00,,2026-09-25T15:00:23.439203+00:00,,2026-09-25T15:00:23.440203+00:00,,2026-09-25T15:00:23.441203+00:00,,2026-09-25T15:00:23.442203+00:00,,2026-09-25T15:00:23.443203+00:00,,2026-09-25T15:00:23.444203+00:00,,2026-09-25T15:00:23.445203+00:00,,2026-09-25T15:00:23.446203+00:00,,2026-09-25T15:00:23.447203+00:00,,2026-09-25T15:00:23.448203+00:00,,2026-09-25T15:00:23.449203+00:00,,2026-09-25T15:00:23.450203+00:00,,2026-09-25T15:00:23.451203+00:00,,2026-09-25T15:00:23.464204+00:00,,2026-09-25T15:00:23.453203+00:00,,2026-09-25T15:00:23.454204+00:00,,2026-09-25T15:00:23.455204+00:00,,2026-09-25T15:00:23.456204+00:00,,2026-09-25T15:00:23.457204+00:00,,2026-09-25T15:00:23.459204+00:00,,2026-09-25T15:00:23.460204+00:00,,2026-09-25T15:00:23.461204+00:00,,2026-09-25T15:00:23.462204+00:00,,2026-09-25T15:00:23.463204+00:00,,2026-09-25T15:00:23.452203+00:00,,2026-09-25T15:00:23.465204+00:00,,2026-09-25T15:00:23.466204+00:00,,2026-09-25T15:00:23.467204+00:00,,2026-09-25T15:00:23.468204+00:00,,2026-09-25T15:00:23.469204+00:00,,2026-09-25T15:00:23.470204+00:00,,2026-09-25T15:00:23.471204+00:00,,2026-09-25T15:00:23.473205+00:00,,2026-09-25T15:00:23.474205+00:00,,2026-09-25T15:00:23.475205+00:00,,2026-09-25T15:00:23.488205+00:00,,2026-09-25T15:00:23.477205+00:00,,2026-09-25T15:00:23.478205+00:00,,2026-09-25T15:00:23.479205+00:00,,2026-09-25T15:00:23.480205+00:00,,2026-09-25T15:00:23.481205+00:00,,2026-09-25T15:00:23.482205+00:00,,2026-09-25T15:00:23.483205+00:00,,2026-09-25T15:00:23.484205+00:00,,2026-09-25T15:00:23.485205+00:00,,2026-09-25T15:00:23.499206+00:00,,2026-09-25T15:00:23.489206+00:00,,2026-09-25T15:00:23.502206+00:00,,2026-09-25T15:00:23.491206+00:00,,2026-09-25T15:00:23.492206+00:00,,2026-09-25T15:00:23.493206+00:00,,2026-09-25T15:00:23.494206+00:00,,2026-09-25T15:00:23.495206+00:00,
7,2026-09-25T13:31:18.872933+00:00,2026-09-25T15:00:23.855226+00:00,98.005,2026-09-25T15:00:23.757221+00:00,,2026-09-25T15:00:23.764221+00:00,,2026-09-25T15:00:23.765221+00:00,,2026-09-25T15:00:23.766221+00:00,,2026-09-25T15:00:23.767221+00:00,,2026-09-25T15:00:23.768221+00:00,,2026-09-25T15:00:23.770222+00:00,,2026-09-25T15:00:23.771222+00:00,,2026-09-25T15:00:23.772222+00:00,,2026-09-25T15:00:23.773222+00:00,,2026-09-25T15:00:23.774222+00:00,,2026-09-25T15:00:23.775222+00:00,,2026-09-25T15:00:23.789223+00:00,,2026-09-25T15:00:23.777222+00:00,,2026-09-25T15:00:23.778222+00:00,,2026-09-25T15:00:23.779222+00:00,,2026-09-25T15:00:23.780222+00:00,,2026-09-25T15:00:23.781222+00:00,,2026-09-25T15:00:23.782222+00:00,,2026-09-25T15:00:23.783222+00:00,,2026-09-25T15:00:23.797223+00:00,,2026-09-25T15:00:23.787223+00:00,,2026-09-25T15:00:23.788223+00:00,,2026-09-25T15:00:23.790223+00:00,,2026-09-25T15:00:23.791223+00:00,,2026-09-25T15:00:23.792223+00:00,,2026-09-25T15:00:23.793223+00:00,,2026-09-25T15:00:23.794223+00:00,,2026-09-25T15:00:23.795223+00:00,,2026-09-25T15:00:23.796223+00:00,,2026-09-25T15:00:23.785222+00:00,,2026-09-25T15:00:23.798223+00:00,,2026-09-25T15:00:23.799223+00:00,,2026-09-25T15:00:23.800223+00:00,,2026-09-25T15:00:23.801223+00:00,,2026-09-25T15:00:23.802223+00:00,,2026-09-25T15:00:23.803223+00:00,,2026-09-25T15:00:23.804224+00:00,,2026-09-25T15:00:23.805224+00:00,,2026-09-25T15:00:23.806224+00:00,,2026-09-25T15:00:23.807224+00:00,,2026-09-25T15:00:23.808224+00:00,,2026-09-25T15:00:23.809224+00:00,,2026-09-25T15:00:23.823225+00:00,,2026-09-25T15:00:23.812224+00:00,,2026-09-25T15:00:23.813224+00:00,,2026-09-25T15:00:23.814224+00:00,,2026-09-25T15:00:23.815224+00:00,,2026-09-25T15:00:23.829225+00:00,,2026-09-25T15:00:23.818224+00:00,,2026-09-25T15:00:23.819224+00:00,,2026-09-25T15:00:23.820224+00:00,,2026-09-25T15:00:23.821225+00:00,,2026-09-25T15:00:23.822225+00:00,,2026-09-25T15:00:23.811224+00:00,,2026-09-25T15:00:23.824225+00:00,,2026-09-25T15:00:23.825225+00:00,,2026-09-25T15:00:23.827225+00:00,,2026-09-25T15:00:23.828225+00:00,,2026-09-25T15:00:23.817224+00:00,,2026-09-25T15:00:23.830225+00:00,,2026-09-25T15:00:23.832225+00:00,,2026-09-25T15:00:23.833225+00:00,,2026-09-25T15:00:23.834225+00:00,,2026-09-25T15:00:23.835225+00:00,,2026-09-25T15:00:23.836225+00:00,,2026-09-25T15:00:23.837225+00:00,,2026-09-25T15:00:23.838225+00:00,,2026-09-25T15:00:23.840226+00:00,,2026-09-25T15:00:23.841226+00:00,,2026-09-25T15:00:23.842226+00:00,,2026-09-25T15:00:23.843226+00:00,,2026-09-25T15:00:23.844226+00:00,,2026-09-25T15:00:23.845226+00:00,,2026-09-25T15:00:23.846226+00:00,,2026-09-25T15:00:23.847226+00:00,,2026-09-25T15:00:23.848226+00:00,,2026-09-25T15:00:23.849226+00:00,,2026-09-25T15:00:23.850226+00:00,,2026-09-25T15:00:23.851226+00:00,,2026-09-25T15:00:23.853226+00:00,,2026-09-25T15:00:23.854226+00:00,,2026-09-25T15:00:23.855226+00:00,
8,2026-09-25T13:31:19.289442+00:00,2026-09-25T15:00:24.276251+00:00,151.00900000000001,2026-09-25T15:00:24.125242+00:00,,2026-09-25T15:00:24.179245+00:00,,2026-09-25T15:00:24.194246+00:00,,2026-09-25T15:00:24.182245+00:00,,2026-09-25T15:00:24.183245+00:00,,2026-09-25T15:00:24.184245+00:00,,2026-09-25T15:00:24.185245+00:00,,2026-09-25T15:00:24.186245+00:00,,2026-09-25T15:00:24.188246+00:00,,2026-09-25T15:00:24.189246+00:00,,2026-09-25T15:00:24.202246+00:00,,2026-09-25T15:00:24.192246+00:00,,2026-09-25T15:00:24.193246+00:00,,2026-09-25T15:00:24.181245+00:00,,2026-09-25T15:00:24.195246+00:00,,2026-09-25T15:00:24.196246+00:00,,2026-09-25T15:00:24.197246+00:00,,2026-09-25T15:00:24.198246+00:00,,2026-09-25T15:00:24.199246+00:00,,2026-09-25T15:00:24.200246+00:00,,2026-09-25T15:00:24.201246+00:00,,2026-09-25T15:00:24.191246+00:00,,2026-09-25T15:00:24.203246+00:00,,2026-09-25T15:00:24.204246+00:00,,2026-09-25T15:00:24.218247+00:00,,2026-09-25T15:00:24.219247+00:00,,2026-09-25T15:00:24.209247+00:00,,2026-09-25T15:00:24.210247+00:00,,2026-09-25T15:00:24.211247+00:00,,2026-09-25T15:00:24.212247+00:00,,2026-09-25T15:00:24.213247+00:00,,2026-09-25T15:00:24.214247+00:00,,2026-09-25T15:00:24.215247+00:00,,2026-09-25T15:00:24.216247+00:00,,2026-09-25T15:00:24.217247+00:00,,2026-09-25T15:00:24.206247+00:00,,2026-09-25T15:00:24.208247+00:00,,2026-09-25T15:00:24.221247+00:00,,2026-09-25T15:00:24.235248+00:00,,2026-09-25T15:00:24.225248+00:00,,2026-09-25T15:00:24.237248+00:00,,2026-09-25T15:00:24.227248+00:00,,2026-09-25T15:00:24.228248+00:00,,2026-09-25T15:00:24.229248+00:00,,2026-09-25T15:00:24.230248+00:00,,2026-09-25T15:00:24.231248+00:00,,2026-09-25T15:00:24.232248+00:00,,2026-09-25T15:00:24.233248+00:00,,2026-09-25T15:00:24.234248+00:00,,2026-09-25T15:00:24.223248+00:00,,2026-09-25T15:00:24.236248+00:00,,2026-09-25T15:00:24.238248+00:00,,2026-09-25T15:00:24.239248+00:00,,2026-09-25T15:00:24.240248+00:00,,2026-09-25T15:00:24.241249+00:00,,2026-09-25T15:00:24.242249+00:00,,2026-09-25T15:00:24.243249+00:00,,2026-09-25T15:00:24.272250+00:00,,2026-09-25T15:00:24.246249+00:00,,2026-09-25T15:00:24.247249+00:00,,2026-09-25T15:00:24.248249+00:00,,2026-09-25T15:00:24.249249+00:00,,2026-09-25T15:00:24.250249+00:00,,2026-09-25T15:00:24.251249+00:00,,2026-09-25T15:00:24.252249+00:00,,2026-09-25T15:00:24.253249+00:00,,2026-09-25T15:00:24.254249+00:00,,2026-09-25T15:00:24.255249+00:00,,2026-09-25T15:00:24.245249+00:00,,2026-09-25T15:00:24.258250+00:00,,2026-09-25T15:00:24.259250+00:00,,2026-09-25T15:00:24.260250+00:00,,2026-09-25T15:00:24.261250+00:00,,2026-09-25T15:00:24.263250+00:00,,2026-09-25T15:00:24.265250+00:00,,2026-09-25T15:00:24.267250+00:00,,2026-09-25T15:00:24.269250+00:00,,2026-09-25T15:00:24.270250+00:00,,2026-09-25T15:00:24.271250+00:00,,2026-09-25T15:00:24.257249+00:00,,2026-09-25T15:00:24.273250+00:00,,2026-09-25T15:00:24.274250+00:00,,2026-09-25T15:00:24.276251+00:00,
9,2026-09-25T13:31:19.758798+00:00,2026-09-25T15:00:24.732277+00:00,191.011,2026-09-25T15:00:24.541266+00:00,,2026-09-25T15:00:24.562267+00:00,,2026-09-25T15:00:24.564267+00:00,,2026-09-25T15:00:24.566267+00:00,,2026-09-25T15:00:24.568267+00:00,,2026-09-25T15:00:24.570267+00:00,,2026-09-25T15:00:24.572267+00:00,,2026-09-25T15:00:24.574268+00:00,,2026-09-25T15:00:24.600269+00:00,,2026-09-25T15:00:24.578268+00:00,,2026-09-25T15:00:24.580268+00:00,,2026-09-25T15:00:24.582268+00:00,,2026-09-25T15:00:24.584268+00:00,,2026-09-25T15:00:24.586268+00:00,,2026-09-25T15:00:24.588268+00:00,,2026-09-25T15:00:24.590269+00:00,,2026-09-25T15:00:24.592269+00:00,,2026-09-25T15:00:24.594269+00:00,,2026-09-25T15:00:24.618270+00:00,,2026-09-25T15:00:24.598269+00:00,,2026-09-25T15:00:24.602269+00:00,,2026-09-25T15:00:24.604269+00:00,,2026-09-25T15:00:24.606269+00:00,,2026-09-25T15:00:24.608270+00:00,,2026-09-25T15:00:24.610270+00:00,,2026-09-25T15:00:24.612270+00:00,,2026-09-25T15:00:24.614270+00:00,,2026-09-25T15:00:24.616270+00:00,,2026-09-25T15:00:24.596269+00:00,,2026-09-25T15:00:24.620270+00:00,,2026-09-25T15:00:24.644272+00:00,,2026-09-25T15:00:24.624270+00:00,,2026-09-25T15:00:24.650272+00:00,,2026-09-25T15:00:24.628271+00:00,,2026-09-25T15:00:24.630271+00:00,,2026-09-25T15:00:24.632271+00:00,,2026-09-25T15:00:24.634271+00:00,,2026-09-25T15:00:24.636271+00:00,,2026-09-25T15:00:24.638271+00:00,,2026-09-25T15:00:24.640271+00:00,,2026-09-25T15:00:24.642271+00:00,,2026-09-25T15:00:24.622270+00:00,,2026-09-25T15:00:24.646272+00:00,,2026-09-25T15:00:24.648272+00:00,,2026-09-25T15:00:24.652272+00:00,,2026-09-25T15:00:24.654272+00:00,,2026-09-25T15:00:24.656272+00:00,,2026-09-25T15:00:24.658272+00:00,,2026-09-25T15:00:24.660273+00:00,,2026-09-25T15:00:24.662273+00:00,,2026-09-25T15:00:24.664273+00:00,,2026-09-25T15:00:24.666273+00:00,,2026-09-25T15:00:24.668273+00:00,,2026-09-25T15:00:24.670273+00:00,,2026-09-25T15:00:24.672273+00:00,,2026-09-25T15:00:24.674273+00:00,,2026-09-25T15:00:24.676273+00:00,,2026-09-25T15:00:24.678274+00:00,,2026-09-25T15:00:24.680274+00:00,,2026-09-25T15:00:24.682274+00:00,,2026-09-25T15:00:24.684274+00:00,,2026-09-25T15:00:24.686274+00:00,,2026-09-25T15:00:24.688274+00:00,,2026-09-25T15:00:24.690274+00:00,,2026-09-25T15:00:24.692274+00:00,,2026-09-25T15:00:24.694274+00:00,,2026-09-25T15:00:24.720276+00:00,,2026-09-25T15:00:24.700275+00:00,,2026-09-25T15:00:24.702275+00:00,,2026-09-25T15:00:24.704275+00:00,,2026-09-25T15:00:24.706275+00:00,,2026-09-25T15:00:24.708275+00:00,,2026-09-25T15:00:24.710275+00:00,,2026-09-25T15:00:24.712275+00:00,,2026-09-25T15:00:24.714276+00:00,,2026-09-25T15:00:24.716276+00:00,,2026-09-25T15:00:24.718276+00:00,,2026-09-25T15:00:24.696275+00:00,,2026-09-25T15:00:24.722276+00:00,,2026-09-25T15:00:24.724276+00:00,,2026-09-25T15:00:24.732277+00:00,,2026-09-25T15:00:24.728276+00:00,,2026-09-25T15:00:24.730277+00:00,
10,2026-09-25T13:31:20.179725+00:00,2026-09-25T15:00:25.165301+00:00,130.007,2026-09-25T15:00:25.035294+00:00,,2026-09-25T15:00:25.051295+00:00,,2026-09-25T15:00:25.053295+00:00,,2026-09-25T15:00:25.055295+00:00,,2026-09-25T15:00:25.057295+00:00,,2026-09-25T15:00:25.059295+00:00,,2026-09-25T15:00:25.060295+00:00,,2026-09-25T15:00:25.062295+00:00,,2026-09-25T15:00:25.086297+00:00,,2026-09-25T15:00:25.066296+00:00,,2026-09-25T15:00:25.068296+00:00,,2026-09-25T15:00:25.070296+00:00,,2026-09-25T15:00:25.072296+00:00,,2026-09-25T15:00:25.074296+00:00,,2026-09-25T15:00:25.095297+00:00,,2026-09-25T15:00:25.078296+00:00,,2026-09-25T15:00:25.080297+00:00,,2026-09-25T15:00:25.082297+00:00,,2026-09-25T15:00:25.084297+00:00,,2026-09-25T15:00:25.064296+00:00,,2026-09-25T15:00:25.088297+00:00,,2026-09-25T15:00:25.089297+00:00,,2026-09-25T15:00:25.090297+00:00,,2026-09-25T15:00:25.092297+00:00,,2026-09-25T15:00:25.093297+00:00,,2026-09-25T15:00:25.096297+00:00,,2026-09-25T15:00:25.098298+00:00,,2026-09-25T15:00:25.100298+00:00,,2026-09-25T15:00:25.101298+00:00,,2026-09-25T15:00:25.102298+00:00,,2026-09-25T15:00:25.103298+00:00,,2026-09-25T15:00:25.104298+00:00,,2026-09-25T15:00:25.106298+00:00,,2026-09-25T15:00:25.107298+00:00,,2026-09-25T15:00:25.108298+00:00,,2026-09-25T15:00:25.109298+00:00,,2026-09-25T15:00:25.111298+00:00,,2026-09-25T15:00:25.112298+00:00,,2026-09-25T15:00:25.113298+00:00,,2026-09-25T15:00:25.114298+00:00,,2026-09-25T15:00:25.115299+00:00,,2026-09-25T15:00:25.116299+00:00,,2026-09-25T15:00:25.117299+00:00,,2026-09-25T15:00:25.118299+00:00,,2026-09-25T15:00:25.119299+00:00,,2026-09-25T15:00:25.120299+00:00,,2026-09-25T15:00:25.121299+00:00,,2026-09-25T15:00:25.122299+00:00,,2026-09-25T15:00:25.123299+00:00,,2026-09-25T15:00:25.124299+00:00,,2026-09-25T15:00:25.139300+00:00,,2026-09-25T15:00:25.127299+00:00,,2026-09-25T15:00:25.128299+00:00,,2026-09-25T15:00:25.130299+00:00,,2026-09-25T15:00:25.131299+00:00,,2026-09-25T15:00:25.132300+00:00,,2026-09-25T15:00:25.134300+00:00,,2026-09-25T15:00:25.135300+00:00,,2026-09-25T15:00:25.136300+00:00,,2026-09-25T15:00:25.137300+00:00,,2026-09-25T15:00:25.138300+00:00,,2026-09-25T15:00:25.140300+00:00,,2026-09-25T15:00:25.155301+00:00,,2026-09-25T15:00:25.144300+00:00,,2026-09-25T15:00:25.145300+00:00,,2026-09-25T15:00:25.147300+00:00,,2026-09-25T15:00:25.148300+00:00,,2026-09-25T15:00:25.149300+00:00,,2026-09-25T15:00:25.150301+00:00,,2026-09-25T15:00:25.151301+00:00,,2026-09-25T15:00:25.152301+00:00,,2026-09-25T15:00:25.153301+00:00,,2026-09-25T15:00:25.154301+00:00,,2026-09-25T15:00:25.142300+00:00,,2026-09-25T15:00:25.156301+00:00,,2026-09-25T15:00:25.157301+00:00,,2026-09-25T15:00:25.158301+00:00,,2026-09-25T15:00:25.160301+00:00,,2026-09-25T15:00:25.161301+00:00,,2026-09-25T15:00:25.162301+00:00,,2026-09-25T15:00:25.163301+00:00,,2026-09-25T15:00:25.164301+00:00,,2026-09-25T15:00:25.165301+00:00,
11,2026-09-25T13:31:20.628898+00:00,2026-09-25T15:00:25.620327+00:00,106.006,2026-09-25T15:00:25.514321+00:00,,2026-09-25T15:00:25.521322+00:00,,2026-09-25T15:00:25.522322+00:00,,2026-09-25T15:00:25.523322+00:00,,2026-09-25T15:00:25.524322+00:00,,2026-09-25T15:00:25.525322+00:00,,2026-09-25T15:00:25.526322+00:00,,2026-09-25T15:00:25.527322+00:00,,2026-09-25T15:00:25.528322+00:00,,2026-09-25T15:00:25.529322+00:00,,2026-09-25T15:00:25.530322+00:00,,2026-09-25T15:00:25.531322+00:00,,2026-09-25T15:00:25.532322+00:00,,2026-09-25T15:00:25.533322+00:00,,2026-09-25T15:00:25.534322+00:00,,2026-09-25T15:00:25.535323+00:00,,2026-09-25T15:00:25.537323+00:00,,2026-09-25T15:00:25.571325+00:00,,2026-09-25T15:00:25.539323+00:00,,2026-09-25T15:00:25.540323+00:00,,2026-09-25T15:00:25.541323+00:00,,2026-09-25T15:00:25.542323+00:00,,2026-09-25T15:00:25.543323+00:00,,2026-09-25T15:00:25.544323+00:00,,2026-09-25T15:00:25.545323+00:00,,2026-09-25T15:00:25.546323+00:00,,2026-09-25T15:00:25.547323+00:00,,2026-09-25T15:00:25.548323+00:00,,2026-09-25T15:00:25.538323+00:00,,2026-09-25T15:00:25.550323+00:00,,2026-09-25T15:00:25.551323+00:00,,2026-09-25T15:00:25.552324+00:00,,2026-09-25T15:00:25.553324+00:00,,2026-09-25T15:00:25.565324+00:00,,2026-09-25T15:00:25.555324+00:00,,2026-09-25T15:00:25.556324+00:00,,2026-09-25T15:00:25.568324+00:00,,2026-09-25T15:00:25.569324+00:00,,2026-09-25T15:00:25.570325+00:00,,2026-09-25T15:00:25.549323+00:00,,2026-09-25T15:00:25.561324+00:00,,2026-09-25T15:00:25.562324+00:00,,2026-09-25T15:00:25.563324+00:00,,2026-09-25T15:00:25.564324+00:00,,2026-09-25T15:00:25.554324+00:00,,2026-09-25T15:00:25.566324+00:00,,2026-09-25T15:00:25.567324+00:00,,2026-09-25T15:00:25.557324+00:00,,2026-09-25T15:00:25.558324+00:00,,2026-09-25T15:00:25.559324+00:00,,2026-09-25T15:00:25.560324+00:00,,2026-09-25T15:00:25.572325+00:00,,2026-09-25T15:00:25.573325+00:00,,2026-09-25T15:00:25.574325+00:00,,2026-09-25T15:00:25.586325+00:00,,2026-09-25T15:00:25.576325+00:00,,2026-09-25T15:00:25.577325+00:00,,2026-09-25T15:00:25.578325+00:00,,2026-09-25T15:00:25.579325+00:00,,2026-09-25T15:00:25.580325+00:00,,2026-09-25T15:00:25.581325+00:00,,2026-09-25T15:00:25.582325+00:00,,2026-09-25T15:00:25.583325+00:00,,2026-09-25T15:00:25.584325+00:00,,2026-09-25T15:00:25.585325+00:00,,2026-09-25T15:00:25.587326+00:00,,2026-09-25T15:00:25.588326+00:00,,2026-09-25T15:00:25.589326+00:00,,2026-09-25T15:00:25.590326+00:00,,2026-09-25T15:00:25.591326+00:00,,2026-09-25T15:00:25.592326+00:00,,2026-09-25T15:00:25.593326+00:00,,2026-09-25T15:00:25.605327+00:00,,2026-09-25T15:00:25.595326+00:00,,2026-09-25T15:00:25.596326+00:00,,2026-09-25T15:00:25.597326+00:00,,2026-09-25T15:00:25.620327+00:00,,2026-09-25T15:00:25.599326+00:00,,2026-09-25T15:00:25.600326+00:00,,2026-09-25T15:00:25.601326+00:00,,2026-09-25T15:00:25.602326+00:00,,2026-09-25T15:00:25.603326+00:00,,2026-09-25T15:00:25.604327+00:00,
12,2026-09-25T13:31:21.020962+00:00,2026-09-25T15:00:25.973348+00:00,96.006,2026-09-25T15:00:25.877342+00:00,,2026-09-25T15:00:25.891343+00:00,,2026-09-25T15:00:25.897343+00:00,,2026-09-25T15:00:25.893343+00:00,,2026-09-25T15:00:25.894343+00:00,,2026-09-25T15:00:25.892343+00:00,,2026-09-25T15:00:25.895343+00:00,,2026-09-25T15:00:25.896343+00:00,,2026-09-25T15:00:25.898343+00:00,,2026-09-25T15:00:25.899343+00:00,,2026-09-25T15:00:25.900343+00:00,,2026-09-25T15:00:25.901343+00:00,,2026-09-25T15:00:25.902344+00:00,,2026-09-25T15:00:25.903344+00:00,,2026-09-25T15:00:25.904344+00:00,,2026-09-25T15:00:25.905344+00:00,,2026-09-25T15:00:25.906344+00:00,,2026-09-25T15:00:25.907344+00:00,,2026-09-25T15:00:25.908344+00:00,,2026-09-25T15:00:25.909344+00:00,,2026-09-25T15:00:25.910344+00:00,,2026-09-25T15:00:25.911344+00:00,,2026-09-25T15:00:25.912344+00:00,,2026-09-25T15:00:25.913344+00:00,,2026-09-25T15:00:25.914344+00:00,,2026-09-25T15:00:25.915344+00:00,,2026-09-25T15:00:25.916344+00:00,,2026-09-25T15:00:25.917344+00:00,,2026-09-25T15:00:25.918344+00:00,,2026-09-25T15:00:25.919345+00:00,,2026-09-25T15:00:25.920345+00:00,,2026-09-25T15:00:25.921345+00:00,,2026-09-25T15:00:25.922345+00:00,,2026-09-25T15:00:25.923345+00:00,,2026-09-25T15:00:25.924345+00:00,,2026-09-25T15:00:25.925345+00:00,,2026-09-25T15:00:25.926345+00:00,,2026-09-25T15:00:25.927345+00:00,,2026-09-25T15:00:25.928345+00:00,,2026-09-25T15:00:25.929345+00:00,,2026-09-25T15:00:25.930345+00:00,,2026-09-25T15:00:25.931345+00:00,,2026-09-25T15:00:25.932345+00:00,,2026-09-25T15:00:25.933345+00:00,,2026-09-25T15:00:25.934345+00:00,,2026-09-25T15:00:25.935345+00:00,,2026-09-25T15:00:25.937346+00:00,,2026-09-25T15:00:25.938346+00:00,,2026-09-25T15:00:25.939346+00:00,,2026-09-25T15:00:25.940346+00:00,,2026-09-25T15:00:25.941346+00:00,,2026-09-25T15:00:25.942346+00:00,,2026-09-25T15:00:25.943346+00:00,,2026-09-25T15:00:25.944346+00:00,,2026-09-25T15:00:25.945346+00:00,,2026-09-25T15:00:25.946346+00:00,,2026-09-25T15:00:25.947346+00:00,,2026-09-25T15:00:25.948346+00:00,,2026-09-25T15:00:25.949346+00:00,,2026-09-25T15:00:25.950346+00:00,,2026-09-25T15:00:25.951346+00:00,,2026-09-25T15:00:25.952346+00:00,,2026-09-25T15:00:25.964347+00:00,,2026-09-25T15:00:25.965347+00:00,,2026-09-25T15:00:25.955347+00:00,,2026-09-25T15:00:25.956347+00:00,,2026-09-25T15:00:25.957347+00:00,,2026-09-25T15:00:25.958347+00:00,,2026-09-25T15:00:25.959347+00:00,,2026-09-25T15:00:25.960347+00:00,,2026-09-25T15:00:25.961347+00:00,,2026-09-25T15:00:25.962347+00:00,,2026-09-25T15:00:25.963347+00:00,,2026-09-25T15:00:25.953346+00:00,,2026-09-25T15:00:25.954347+00:00,,2026-09-25T15:00:25.966347+00:00,,2026-09-25T15:00:25.967347+00:00,,2026-09-25T15:00:25.968347+00:00,,2026-09-25T15:00:25.969347+00:00,,2026-09-25T15:00:25.970347+00:00,,2026-09-25T15:00:25.971347+00:00,,2026-09-25T15:00:25.972348+00:00,,2026-09-25T15:00:25.973348+00:00,
13,2026-09-25T13:31:21.393877+00:00,2026-09-25T15:00:26.385371+00:00,88.005,2026-09-25T15:00:26.297366+00:00,,2026-09-25T15:00:26.301366+00:00,,2026-09-25T15:00:26.310367+00:00,,2026-09-25T15:00:26.303366+00:00,,2026-09-25T15:00:26.304367+00:00,,2026-09-25T15:00:26.305367+00:00,,2026-09-25T15:00:26.306367+00:00,,2026-09-25T15:00:26.307367+00:00,,2026-09-25T15:00:26.308367+00:00,,2026-09-25T15:00:26.309367+00:00,,2026-09-25T15:00:26.302366+00:00,,2026-09-25T15:00:26.311367+00:00,,2026-09-25T15:00:26.312367+00:00,,2026-09-25T15:00:26.335368+00:00,,2026-09-25T15:00:26.314367+00:00,,2026-09-25T15:00:26.315367+00:00,,2026-09-25T15:00:26.316367+00:00,,2026-09-25T15:00:26.317367+00:00,,2026-09-25T15:00:26.318367+00:00,,2026-09-25T15:00:26.319367+00:00,,2026-09-25T15:00:26.320367+00:00,,2026-09-25T15:00:26.321368+00:00,,2026-09-25T15:00:26.322368+00:00,,2026-09-25T15:00:26.323368+00:00,,2026-09-25T15:00:26.313367+00:00,,2026-09-25T15:00:26.325368+00:00,,2026-09-25T15:00:26.326368+00:00,,2026-09-25T15:00:26.327368+00:00,,2026-09-25T15:00:26.350369+00:00,,2026-09-25T15:00:26.329368+00:00,,2026-09-25T15:00:26.330368+00:00,,2026-09-25T15:00:26.331368+00:00,,2026-09-25T15:00:26.332368+00:00,,2026-09-25T15:00:26.333368+00:00,,2026-09-25T15:00:26.334368+00:00,,2026-09-25T15:00:26.336368+00:00,,2026-09-25T15:00:26.337368+00:00,,2026-09-25T15:00:26.338368+00:00,,2026-09-25T15:00:26.328368+00:00,,2026-09-25T15:00:26.351369+00:00,,2026-09-25T15:00:26.341369+00:00,,2026-09-25T15:00:26.342369+00:00,,2026-09-25T15:00:26.343369+00:00,,2026-09-25T15:00:26.344369+00:00,,2026-09-25T15:00:26.345369+00:00,,2026-09-25T15:00:26.346369+00:00,,2026-09-25T15:00:26.347369+00:00,,2026-09-25T15:00:26.348369+00:00,,2026-09-25T15:00:26.349369+00:00,,2026-09-25T15:00:26.339369+00:00,,2026-09-25T15:00:26.340369+00:00,,2026-09-25T15:00:26.352369+00:00,,2026-09-25T15:00:26.353369+00:00,,2026-09-25T15:00:26.354369+00:00,,2026-09-25T15:00:26.355369+00:00,,2026-09-25T15:00:26.356370+00:00,,2026-09-25T15:00:26.357370+00:00,,2026-09-25T15:00:26.358370+00:00,,2026-09-25T15:00:26.359370+00:00,,2026-09-25T15:00:26.360370+00:00,,2026-09-25T15:00:26.361370+00:00,,2026-09-25T15:00:26.362370+00:00,,2026-09-25T15:00:26.363370+00:00,,2026-09-25T15:00:26.364370+00:00,,2026-09-25T15:00:26.365370+00:00,,2026-09-25T15:00:26.366370+00:00,,2026-09-25T15:00:26.367370+00:00,,2026-09-25T15:00:26.368370+00:00,,2026-09-25T15:00:26.369370+00:00,,2026-09-25T15:00:26.381371+00:00,,2026-09-25T15:00:26.371370+00:00,,2026-09-25T15:00:26.372370+00:00,,2026-09-25T15:00:26.373370+00:00,,2026-09-25T15:00:26.385371+00:00,,2026-09-25T15:00:26.375371+00:00,,2026-09-25T15:00:26.376371+00:00,,2026-09-25T15:00:26.377371+00:00,,2026-09-25T15:00:26.378371+00:00,,2026-09-25T15:00:26.379371+00:00,,2026-09-25T15:00:26.380371+00:00,,2026-09-25T15:00:26.370370+00:00,,2026-09-25T15:00:26.382371+00:00,,2026-09-25T15:00:26.383371+00:00,
14,2026-09-25T13:31:21.746750+00:00,2026-09-25T15:00:26.732391+00:00,93.00500000000001,2026-09-25T15:00:26.639386+00:00,,2026-09-25T15:00:26.648386+00:00,,2026-09-25T15:00:26.656387+00:00,,2026-09-25T15:00:26.650386+00:00,,2026-09-25T15:00:26.651386+00:00,,2026-09-25T15:00:26.652386+00:00,,2026-09-25T15:00:26.653387+00:00,,2026-09-25T15:00:26.654387+00:00,,2026-09-25T15:00:26.655387+00:00,,2026-09-25T15:00:26.649386+00:00,,2026-09-25T15:00:26.657387+00:00,,2026-09-25T15:00:26.658387+00:00,,2026-09-25T15:00:26.659387+00:00,,2026-09-25T15:00:26.660387+00:00,,2026-09-25T15:00:26.661387+00:00,,2026-09-25T15:00:26.662387+00:00,,2026-09-25T15:00:26.663387+00:00,,2026-09-25T15:00:26.664387+00:00,,2026-09-25T15:00:26.665387+00:00,,2026-09-25T15:00:26.666387+00:00,,2026-09-25T15:00:26.667387+00:00,,2026-09-25T15:00:26.668387+00:00,,2026-09-25T15:00:26.669387+00:00,,2026-09-25T15:00:26.681388+00:00,,2026-09-25T15:00:26.671388+00:00,,2026-09-25T15:00:26.672388+00:00,,2026-09-25T15:00:26.673388+00:00,,2026-09-25T15:00:26.685388+00:00,,2026-09-25T15:00:26.675388+00:00,,2026-09-25T15:00:26.676388+00:00,,2026-09-25T15:00:26.677388+00:00,,2026-09-25T15:00:26.678388+00:00,,2026-09-25T15:00:26.679388+00:00,,2026-09-25T15:00:26.680388+00:00,,2026-09-25T15:00:26.670387+00:00,,2026-09-25T15:00:26.682388+00:00,,2026-09-25T15:00:26.683388+00:00,,2026-09-25T15:00:26.684388+00:00,,2026-09-25T15:00:26.697389+00:00,,2026-09-25T15:00:26.687388+00:00,,2026-09-25T15:00:26.688389+00:00,,2026-09-25T15:00:26.689389+00:00,,2026-09-25T15:00:26.690389+00:00,,2026-09-25T15:00:26.691389+00:00,,2026-09-25T15:00:26.692389+00:00,,2026-09-25T15:00:26.693389+00:00,,2026-09-25T15:00:26.694389+00:00,,2026-09-25T15:00:26.695389+00:00,,2026-09-25T15:00:26.707390+00:00,,2026-09-25T15:00:26.686388+00:00,,2026-09-25T15:00:26.698389+00:00,,2026-09-25T15:00:26.699389+00:00,,2026-09-25T15:00:26.700389+00:00,,2026-09-25T15:00:26.701389+00:00,,2026-09-25T15:00:26.702389+00:00,,2026-09-25T15:00:26.703389+00:00,,2026-09-25T15:00:26.704389+00:00,,2026-09-25T15:00:26.705389+00:00,,2026-09-25T15:00:26.706390+00:00,,2026-09-25T15:00:26.696389+00:00,,2026-09-25T15:00:26.708390+00:00,,2026-09-25T15:00:26.709390+00:00,,2026-09-25T15:00:26.710390+00:00,,2026-09-25T15:00:26.711390+00:00,,2026-09-25T15:00:26.712390+00:00,,2026-09-25T15:00:26.713390+00:00,,2026-09-25T15:00:26.714390+00:00,,2026-09-25T15:00:26.715390+00:00,,2026-09-25T15:00:26.716390+00:00,,2026-09-25T15:00:26.728391+00:00,,2026-09-25T15:00:26.729391+00:00,,2026-09-25T15:00:26.719390+00:00,,2026-09-25T15:00:26.720390+00:00,,2026-09-25T15:00:26.721390+00:00,,2026-09-25T15:00:26.722390+00:00,,2026-09-25T15:00:26.723391+00:00,,2026-09-25T15:00:26.732391+00:00,,2026-09-25T15:00:26.725391+00:00,,2026-09-25T15:00:26.726391+00:00,,2026-09-25T15:00:26.727391+00:00,,2026-09-25T15:00:26.717390+00:00,,2026-09-25T15:00:26.718390+00:00,,2026-09-25T15:00:26.730391+00:00,
15,2026-09-25T13:31:22.113173+00:00,2026-09-25T15:00:27.091412+00:00,98.006,2026-09-25T15:00:26.993406+00:00,,2026-09-25T15:00:27.008407+00:00,,2026-09-25T15:00:27.009407+00:00,,2026-09-25T15:00:27.021408+00:00,,2026-09-25T15:00:27.011407+00:00,,2026-09-25T15:00:27.012407+00:00,,2026-09-25T15:00:27.013407+00:00,,2026-09-25T15:00:27.014407+00:00,,2026-09-25T15:00:27.015407+00:00,,2026-09-25T15:00:27.016407+00:00,,2026-09-25T15:00:27.017407+00:00,,2026-09-25T15:00:27.018407+00:00,,2026-09-25T15:00:27.019407+00:00,,2026-09-25T15:00:27.020407+00:00,,2026-09-25T15:00:27.010407+00:00,,2026-09-25T15:00:27.022408+00:00,,2026-09-25T15:00:27.023408+00:00,,2026-09-25T15:00:27.024408+00:00,,2026-09-25T15:00:27.037408+00:00,,2026-09-25T15:00:27.038409+00:00,,2026-09-25T15:00:27.039409+00:00,,2026-09-25T15:00:27.040409+00:00,,2026-09-25T15:00:27.041409+00:00,,2026-09-25T15:00:27.030408+00:00,,2026-09-25T15:00:27.031408+00:00,,2026-09-25T15:00:27.032408+00:00,,2026-09-25T15:00:27.033408+00:00,,2026-09-25T15:00:27.034408+00:00,,2026-09-25T15:00:27.036408+00:00,,2026-09-25T15:00:27.025408+00:00,,2026-09-25T15:00:27.026408+00:00,,2026-09-25T15:00:27.027408+00:00,,2026-09-25T15:00:27.028408+00:00,,2026-09-25T15:00:27.029408+00:00,,2026-09-25T15:00:27.042409+00:00,,2026-09-25T15:00:27.043409+00:00,,2026-09-25T15:00:27.044409+00:00,,2026-09-25T15:00:27.045409+00:00,,2026-09-25T15:00:27.046409+00:00,,2026-09-25T15:00:27.047409+00:00,,2026-09-25T15:00:27.048409+00:00,,2026-09-25T15:00:27.049409+00:00,,2026-09-25T15:00:27.050409+00:00,,2026-09-25T15:00:27.051409+00:00,,2026-09-25T15:00:27.052409+00:00,,2026-09-25T15:00:27.053409+00:00,,2026-09-25T15:00:27.065410+00:00,,2026-09-25T15:00:27.055409+00:00,,2026-09-25T15:00:27.056410+00:00,,2026-09-25T15:00:27.057410+00:00,,2026-09-25T15:00:27.058410+00:00,,2026-09-25T15:00:27.059410+00:00,,2026-09-25T15:00:27.071410+00:00,,2026-09-25T15:00:27.061410+00:00,,2026-09-25T15:00:27.062410+00:00,,2026-09-25T15:00:27.063410+00:00,,2026-09-25T15:00:27.064410+00:00,,2026-09-25T15:00:27.054409+00:00,,2026-09-25T15:00:27.066410+00:00,,2026-09-25T15:00:27.067410+00:00,,2026-09-25T15:00:27.068410+00:00,,2026-09-25T15:00:27.069410+00:00,,2026-09-25T15:00:27.070410+00:00,,2026-09-25T15:00:27.060410+00:00,,2026-09-25T15:00:27.072410+00:00,,2026-09-25T15:00:27.073411+00:00,,2026-09-25T15:00:27.085411+00:00,,2026-09-25T15:00:27.075411+00:00,,2026-09-25T15:00:27.076411+00:00,,2026-09-25T15:00:27.077411+00:00,,2026-09-25T15:00:27.078411+00:00,,2026-09-25T15:00:27.079411+00:00,,2026-09-25T15:00:27.080411+00:00,,2026-09-25T15:00:27.081411+00:00,,2026-09-25T15:00:27.082411+00:00,,2026-09-25T15:00:27.083411+00:00,,2026-09-25T15:00:27.084411+00:00,,2026-09-25T15:00:27.086411+00:00,,2026-09-25T15:00:27.087411+00:00,,2026-09-25T15:00:27.088411+00:00,,2026-09-25T15:00:27.089411+00:00,,2026-09-25T15:00:27.090412+00:00,,2026-09-25T15:00:27.091412+00:00,
16,2026-09-25T13:31:22.459859+00:00,2026-09-25T15:00:27.450432+00:00,91.005,2026-09-25T15:00:27.359427+00:00,,2026-09-25T15:00:27.367427+00:00,,2026-09-25T15:00:27.368427+00:00,,2026-09-25T15:00:27.369427+00:00,,2026-09-25T15:00:27.370428+00:00,,2026-09-25T15:00:27.371428+00:00,,2026-09-25T15:00:27.372428+00:00,,2026-09-25T15:00:27.373428+00:00,,2026-09-25T15:00:27.374428+00:00,,2026-09-25T15:00:27.375428+00:00,,2026-09-25T15:00:27.376428+00:00,,2026-09-25T15:00:27.377428+00:00,,2026-09-25T15:00:27.378428+00:00,,2026-09-25T15:00:27.402429+00:00,,2026-09-25T15:00:27.380428+00:00,,2026-09-25T15:00:27.381428+00:00,,2026-09-25T15:00:27.382428+00:00,,2026-09-25T15:00:27.383428+00:00,,2026-09-25T15:00:27.384428+00:00,,2026-09-25T15:00:27.386428+00:00,,2026-09-25T15:00:27.387428+00:00,,2026-09-25T15:00:27.388429+00:00,,2026-09-25T15:00:27.389429+00:00,,2026-09-25T15:00:27.390429+00:00,,2026-09-25T15:00:27.379428+00:00,,2026-09-25T15:00:27.392429+00:00,,2026-09-25T15:00:27.393429+00:00,,2026-09-25T15:00:27.394429+00:00,,2026-09-25T15:00:27.395429+00:00,,2026-09-25T15:00:27.396429+00:00,,2026-09-25T15:00:27.397429+00:00,,2026-09-25T15:00:27.398429+00:00,,2026-09-25T15:00:27.399429+00:00,,2026-09-25T15:00:27.400429+00:00,,2026-09-25T15:00:27.401429+00:00,,2026-09-25T15:00:27.391429+00:00,,2026-09-25T15:00:27.403429+00:00,,2026-09-25T15:00:27.415430+00:00,,2026-09-25T15:00:27.405430+00:00,,2026-09-25T15:00:27.406430+00:00,,2026-09-25T15:00:27.407430+00:00,,2026-09-25T15:00:27.408430+00:00,,2026-09-25T15:00:27.409430+00:00,,2026-09-25T15:00:27.410430+00:00,,2026-09-25T15:00:27.411430+00:00,,2026-09-25T15:00:27.412430+00:00,,2026-09-25T15:00:27.413430+00:00,,2026-09-25T15:00:27.414430+00:00,,2026-09-25T15:00:27.404429+00:00,,2026-09-25T15:00:27.416430+00:00,,2026-09-25T15:00:27.417430+00:00,,2026-09-25T15:00:27.418430+00:00,,2026-09-25T15:00:27.419430+00:00,,2026-09-25T15:00:27.420430+00:00,,2026-09-25T15:00:27.421430+00:00,,2026-09-25T15:00:27.422430+00:00,,2026-09-25T15:00:27.434431+00:00,,2026-09-25T15:00:27.424431+00:00,,2026-09-25T15:00:27.425431+00:00,,2026-09-25T15:00:27.426431+00:00,,2026-09-25T15:00:27.427431+00:00,,2026-09-25T15:00:27.428431+00:00,,2026-09-25T15:00:27.429431+00:00,,2026-09-25T15:00:27.441432+00:00,,2026-09-25T15:00:27.431431+00:00,,2026-09-25T15:00:27.432431+00:00,,2026-09-25T15:00:27.433431+00:00,,2026-09-25T15:00:27.435431+00:00,,2026-09-25T15:00:27.436431+00:00,,2026-09-25T15:00:27.437431+00:00,,2026-09-25T15:00:27.438431+00:00,,2026-09-25T15:00:27.439431+00:00,,2026-09-25T15:00:27.440432+00:00,,2026-09-25T15:00:27.430431+00:00,,2026-09-25T15:00:27.442432+00:00,,2026-09-25T15:00:27.443432+00:00,,2026-09-25T15:00:27.444432+00:00,,2026-09-25T15:00:27.445432+00:00,,2026-09-25T15:00:27.446432+00:00,,2026-09-25T15:00:27.447432+00:00,,2026-09-25T15:00:27.448432+00:00,,2026-09-25T15:00:27.449432+00:00,,2026-09-25T15:00:27.450432+00:00,
17,2026-09-25T13:31:22.820585+00:00,2026-09-25T15:00:27.810453+00:00,102.006,2026-09-25T15:00:27.708447+00:00,,2026-09-25T15:00:27.720448+00:00,,2026-09-25T15:00:27.721448+00:00,,2026-09-25T15:00:27.722448+00:00,,2026-09-25T15:00:27.734448+00:00,,2026-09-25T15:00:27.724448+00:00,,2026-09-25T15:00:27.725448+00:00,,2026-09-25T15:00:27.726448+00:00,,2026-09-25T15:00:27.727448+00:00,,2026-09-25T15:00:27.728448+00:00,,2026-09-25T15:00:27.729448+00:00,,2026-09-25T15:00:27.730448+00:00,,2026-09-25T15:00:27.742449+00:00,,2026-09-25T15:00:27.743449+00:00,,2026-09-25T15:00:27.733448+00:00,,2026-09-25T15:00:27.735448+00:00,,2026-09-25T15:00:27.736448+00:00,,2026-09-25T15:00:27.737449+00:00,,2026-09-25T15:00:27.738449+00:00,,2026-09-25T15:00:27.739449+00:00,,2026-09-25T15:00:27.740449+00:00,,2026-09-25T15:00:27.741449+00:00,,2026-09-25T15:00:27.731448+00:00,,2026-09-25T15:00:27.732448+00:00,,2026-09-25T15:00:27.744449+00:00,,2026-09-25T15:00:27.745449+00:00,,2026-09-25T15:00:27.746449+00:00,,2026-09-25T15:00:27.747449+00:00,,2026-09-25T15:00:27.748449+00:00,,2026-09-25T15:00:27.749449+00:00,,2026-09-25T15:00:27.750449+00:00,,2026-09-25T15:00:27.751449+00:00,,2026-09-25T15:00:27.752449+00:00,,2026-09-25T15:00:27.753449+00:00,,2026-09-25T15:00:27.754449+00:00,,2026-09-25T15:00:27.755450+00:00,,2026-09-25T15:00:27.767450+00:00,,2026-09-25T15:00:27.768450+00:00,,2026-09-25T15:00:27.758450+00:00,,2026-09-25T15:00:27.759450+00:00,,2026-09-25T15:00:27.760450+00:00,,2026-09-25T15:00:27.761450+00:00,,2026-09-25T15:00:27.762450+00:00,,2026-09-25T15:00:27.763450+00:00,,2026-09-25T15:00:27.764450+00:00,,2026-09-25T15:00:27.765450+00:00,,2026-09-25T15:00:27.766450+00:00,,2026-09-25T15:00:27.756450+00:00,,2026-09-25T15:00:27.757450+00:00,,2026-09-25T15:00:27.769450+00:00,,2026-09-25T15:00:27.770450+00:00,,2026-09-25T15:00:27.771450+00:00,,2026-09-25T15:00:27.772451+00:00,,2026-09-25T15:00:27.797452+00:00,,2026-09-25T15:00:27.774451+00:00,,2026-09-25T15:00:27.775451+00:00,,2026-09-25T15:00:27.776451+00:00,,2026-09-25T15:00:27.777451+00:00,,2026-09-25T15:00:27.791452+00:00,,2026-09-25T15:00:27.792452+00:00,,2026-09-25T15:00:27.793452+00:00,,2026-09-25T15:00:27.794452+00:00,,2026-09-25T15:00:27.795452+00:00,,2026-09-25T15:00:27.796452+00:00,,2026-09-25T15:00:27.798452+00:00,,2026-09-25T15:00:27.788451+00:00,,2026-09-25T15:00:27.789451+00:00,,2026-09-25T15:00:27.790452+00:00,,2026-09-25T15:00:27.780451+00:00,,2026-09-25T15:00:27.781451+00:00,,2026-09-25T15:00:27.782451+00:00,,2026-09-25T15:00:27.783451+00:00,,2026-09-25T15:00:27.784451+00:00,,2026-09-25T15:00:27.785451+00:00,,2026-09-25T15:00:27.786451+00:00,,2026-09-25T15:00:27.787451+00:00,,2026-09-25T15:00:27.799452+00:00,,2026-09-25T15:00:27.800452+00:00,,2026-09-25T15:00:27.801452+00:00,,2026-09-25T15:00:27.802452+00:00,,2026-09-25T15:00:27.803452+00:00,,2026-09-25T15:00:27.804452+00:00,,2026-09-25T15:00:27.810453+00:00,
18,2026-09-25T13:31:23.168181+00:00,2026-09-25T15:00:28.154472+00:00,88.005,2026-09-25T15:00:28.066467+00:00,,2026-09-25T15:00:28.071468+00:00,,2026-09-25T15:00:28.081468+00:00,,2026-09-25T15:00:28.073468+00:00,,2026-09-25T15:00:28.074468+00:00,,2026-09-25T15:00:28.075468+00:00,,2026-09-25T15:00:28.076468+00:00,,2026-09-25T15:00:28.077468+00:00,,2026-09-25T15:00:28.078468+00:00,,2026-09-25T15:00:28.079468+00:00,,2026-09-25T15:00:28.080468+00:00,,2026-09-25T15:00:28.072468+00:00,,2026-09-25T15:00:28.082468+00:00,,2026-09-25T15:00:28.083468+00:00,,2026-09-25T15:00:28.085468+00:00,,2026-09-25T15:00:28.086468+00:00,,2026-09-25T15:00:28.087469+00:00,,2026-09-25T15:00:28.088469+00:00,,2026-09-25T15:00:28.089469+00:00,,2026-09-25T15:00:28.090469+00:00,,2026-09-25T15:00:28.091469+00:00,,2026-09-25T15:00:28.092469+00:00,,2026-09-25T15:00:28.093469+00:00,,2026-09-25T15:00:28.094469+00:00,,2026-09-25T15:00:28.095469+00:00,,2026-09-25T15:00:28.096469+00:00,,2026-09-25T15:00:28.097469+00:00,,2026-09-25T15:00:28.098469+00:00,,2026-09-25T15:00:28.099469+00:00,,2026-09-25T15:00:28.100469+00:00,,2026-09-25T15:00:28.101469+00:00,,2026-09-25T15:00:28.102469+00:00,,2026-09-25T15:00:28.103469+00:00,,2026-09-25T15:00:28.104470+00:00,,2026-09-25T15:00:28.116470+00:00,,2026-09-25T15:00:28.106470+00:00,,2026-09-25T15:00:28.107470+00:00,,2026-09-25T15:00:28.108470+00:00,,2026-09-25T15:00:28.109470+00:00,,2026-09-25T15:00:28.110470+00:00,,2026-09-25T15:00:28.111470+00:00,,2026-09-25T15:00:28.112470+00:00,,2026-09-25T15:00:28.113470+00:00,,2026-09-25T15:00:28.114470+00:00,,2026-09-25T15:00:28.115470+00:00,,2026-09-25T15:00:28.105470+00:00,,2026-09-25T15:00:28.117470+00:00,,2026-09-25T15:00:28.118470+00:00,,2026-09-25T15:00:28.119470+00:00,,2026-09-25T15:00:28.120470+00:00,,2026-09-25T15:00:28.121470+00:00,,2026-09-25T15:00:28.133471+00:00,,2026-09-25T15:00:28.123471+00:00,,2026-09-25T15:00:28.124471+00:00,,2026-09-25T15:00:28.125471+00:00,,2026-09-25T15:00:28.138471+00:00,,2026-09-25T15:00:28.127471+00:00,,2026-09-25T15:00:28.128471+00:00,,2026-09-25T15:00:28.129471+00:00,,2026-09-25T15:00:28.130471+00:00,,2026-09-25T15:00:28.131471+00:00,,2026-09-25T15:00:28.132471+00:00,,2026-09-25T15:00:28.122471+00:00,,2026-09-25T15:00:28.135471+00:00,,2026-09-25T15:00:28.136471+00:00,,2026-09-25T15:00:28.137471+00:00,,2026-09-25T15:00:28.126471+00:00,,2026-09-25T15:00:28.139472+00:00,,2026-09-25T15:00:28.140472+00:00,,2026-09-25T15:00:28.141472+00:00,,2026-09-25T15:00:28.142472+00:00,,2026-09-25T15:00:28.143472+00:00,,2026-09-25T15:00:28.144472+00:00,,2026-09-25T15:00:28.145472+00:00,,2026-09-25T15:00:28.146472+00:00,,2026-09-25T15:00:28.147472+00:00,,2026-09-25T15:00:28.148472+00:00,,2026-09-25T15:00:28.149472+00:00,,2026-09-25T15:00:28.150472+00:00,,2026-09-25T15:00:28.151472+00:00,,2026-09-25T15:00:28.152472+00:00,,2026-09-25T15:00:28.153472+00:00,,2026-09-25T15:00:28.154472+00:00,
19,2026-09-25T13:31:23.514074+00:00,2026-09-25T15:00:28.505492+00:00,92.00500000000001,2026-09-25T15:00:28.413487+00:00,,2026-09-25T15:00:28.422488+00:00,,2026-09-25T15:00:28.434488+00:00,,2026-09-25T15:00:28.424488+00:00,,2026-09-25T15:00:28.425488+00:00,,2026-09-25T15:00:28.426488+00:00,,2026-09-25T15:00:28.427488+00:00,,2026-09-25T15:00:28.428488+00:00,,2026-09-25T15:00:28.429488+00:00,,2026-09-25T15:00:28.423488+00:00,,2026-09-25T15:00:28.432488+00:00,,2026-09-25T15:00:28.431488+00:00,,2026-09-25T15:00:28.433488+00:00,,2026-09-25T15:00:28.435488+00:00,,2026-09-25T15:00:28.436488+00:00,,2026-09-25T15:00:28.437489+00:00,,2026-09-25T15:00:28.438489+00:00,,2026-09-25T15:00:28.439489+00:00,,2026-09-25T15:00:28.440489+00:00,,2026-09-25T15:00:28.441489+00:00,,2026-09-25T15:00:28.442489+00:00,,2026-09-25T15:00:28.454490+00:00,,2026-09-25T15:00:28.444489+00:00,,2026-09-25T15:00:28.445489+00:00,,2026-09-25T15:00:28.446489+00:00,,2026-09-25T15:00:28.447489+00:00,,2026-09-25T15:00:28.448489+00:00,,2026-09-25T15:00:28.449489+00:00,,2026-09-25T15:00:28.450489+00:00,,2026-09-25T15:00:28.451489+00:00,,2026-09-25T15:00:28.452489+00:00,,2026-09-25T15:00:28.453489+00:00,,2026-09-25T15:00:28.443489+00:00,,2026-09-25T15:00:28.455490+00:00,,2026-09-25T15:00:28.456490+00:00,,2026-09-25T15:00:28.457490+00:00,,2026-09-25T15:00:28.458490+00:00,,2026-09-25T15:00:28.459490+00:00,,2026-09-25T15:00:28.460490+00:00,,2026-09-25T15:00:28.461490+00:00,,2026-09-25T15:00:28.462490+00:00,,2026-09-25T15:00:28.463490+00:00,,2026-09-25T15:00:28.475491+00:00,,2026-09-25T15:00:28.465490+00:00,,2026-09-25T15:00:28.466490+00:00,,2026-09-25T15:00:28.467490+00:00,,2026-09-25T15:00:28.468490+00:00,,2026-09-25T15:00:28.469490+00:00,,2026-09-25T15:00:28.470490+00:00,,2026-09-25T15:00:28.471490+00:00,,2026-09-25T15:00:28.472491+00:00,,2026-09-25T15:00:28.484491+00:00,,2026-09-25T15:00:28.474491+00:00,,2026-09-25T15:00:28.464490+00:00,,2026-09-25T15:00:28.476491+00:00,,2026-09-25T15:00:28.477491+00:00,,2026-09-25T15:00:28.478491+00:00,,2026-09-25T15:00:28.479491+00:00,,2026-09-25T15:00:28.480491+00:00,,2026-09-25T15:00:28.481491+00:00,,2026-09-25T15:00:28.482491+00:00,,2026-09-25T15:00:28.483491+00:00,,2026-09-25T15:00:28.485491+00:00,,2026-09-25T15:00:28.486491+00:00,,2026-09-25T15:00:28.487491+00:00,,2026-09-25T15:00:28.488491+00:00,,2026-09-25T15:00:28.489492+00:00,,2026-09-25T15:00:28.490492+00:00,,2026-09-25T15:00:28.491492+00:00,,2026-09-25T15:00:28.492492+00:00,,2026-09-25T15:00:28.493492+00:00,,2026-09-25T15:00:28.494492+00:00,,2026-09-25T15:00:28.495492+00:00,,2026-09-25T15:00:28.496492+00:00,,2026-09-25T15:00:28.497492+00:00,,2026-09-25T15:00:28.498492+00:00,,2026-09-25T15:00:28.499492+00:00,,2026-09-25T15:00:28.500492+00:00,,2026-09-25T15:00:28.501492+00:00,,2026-09-25T15:00:28.502492+00:00,,2026-09-25T15:00:28.503492+00:00,,2026-09-25T15:00:28.504492+00:00,,2026-09-25T15:00:28.505492+00:00,
20,2026-09-25T13:31:23.875236+00:00,2026-09-25T15:00:28.865513+00:00,98.006,2026-09-25T15:00:28.767507+00:00,,2026-09-25T15:00:28.781508+00:00,,2026-09-25T15:00:28.782508+00:00,,2026-09-25T15:00:28.783508+00:00,,2026-09-25T15:00:28.784508+00:00,,2026-09-25T15:00:28.785508+00:00,,2026-09-25T15:00:28.786509+00:00,,2026-09-25T15:00:28.787509+00:00,,2026-09-25T15:00:28.788509+00:00,,2026-09-25T15:00:28.789509+00:00,,2026-09-25T15:00:28.790509+00:00,,2026-09-25T15:00:28.793509+00:00,,2026-09-25T15:00:28.805510+00:00,,2026-09-25T15:00:28.806510+00:00,,2026-09-25T15:00:28.796509+00:00,,2026-09-25T15:00:28.797509+00:00,,2026-09-25T15:00:28.798509+00:00,,2026-09-25T15:00:28.799509+00:00,,2026-09-25T15:00:28.800509+00:00,,2026-09-25T15:00:28.801509+00:00,,2026-09-25T15:00:28.802509+00:00,,2026-09-25T15:00:28.803509+00:00,,2026-09-25T15:00:28.804510+00:00,,2026-09-25T15:00:28.794509+00:00,,2026-09-25T15:00:28.795509+00:00,,2026-09-25T15:00:28.807510+00:00,,2026-09-25T15:00:28.808510+00:00,,2026-09-25T15:00:28.809510+00:00,,2026-09-25T15:00:28.810510+00:00,,2026-09-25T15:00:28.811510+00:00,,2026-09-25T15:00:28.812510+00:00,,2026-09-25T15:00:28.813510+00:00,,2026-09-25T15:00:28.814510+00:00,,2026-09-25T15:00:28.815510+00:00,,2026-09-25T15:00:28.816510+00:00,,2026-09-25T15:00:28.817510+00:00,,2026-09-25T15:00:28.829511+00:00,,2026-09-25T15:00:28.819510+00:00,,2026-09-25T15:00:28.820510+00:00,,2026-09-25T15:00:28.821511+00:00,,2026-09-25T15:00:28.822511+00:00,,2026-09-25T15:00:28.823511+00:00,,2026-09-25T15:00:28.824511+00:00,,2026-09-25T15:00:28.825511+00:00,,2026-09-25T15:00:28.838511+00:00,,2026-09-25T15:00:28.827511+00:00,,2026-09-25T15:00:28.828511+00:00,,2026-09-25T15:00:28.818510+00:00,,2026-09-25T15:00:28.830511+00:00,,2026-09-25T15:00:28.831511+00:00,,2026-09-25T15:00:28.832511+00:00,,2026-09-25T15:00:28.833511+00:00,,2026-09-25T15:00:28.835511+00:00,,2026-09-25T15:00:28.836511+00:00,,2026-09-25T15:00:28.837511+00:00,,2026-09-25T15:00:28.826511+00:00,,2026-09-25T15:00:28.839512+00:00,,2026-09-25T15:00:28.840512+00:00,,2026-09-25T15:00:28.841512+00:00,,2026-09-25T15:00:28.842512+00:00,,2026-09-25T15:00:28.843512+00:00,,2026-09-25T15:00:28.844512+00:00,,2026-09-25T15:00:28.845512+00:00,,2026-09-25T15:00:28.846512+00:00,,2026-09-25T15:00:28.847512+00:00,,2026-09-25T15:00:28.848512+00:00,,2026-09-25T15:00:28.849512+00:00,,2026-09-25T15:00:28.850512+00:00,,2026-09-25T15:00:28.851512+00:00,,2026-09-25T15:00:28.852512+00:00,,2026-09-25T15:00:28.853512+00:00,,2026-09-25T15:00:28.854512+00:00,,2026-09-25T15:00:28.855512+00:00,,2026-09-25T15:00:28.856513+00:00,,2026-09-25T15:00:28.857513+00:00,,2026-09-25T15:00:28.858513+00:00,,2026-09-25T15:00:28.859513+00:00,,2026-09-25T15:00:28.860513+00:00,,2026-09-25T15:00:28.861513+00:00,,2026-09-25T15:00:28.862513+00:00,,2026-09-25T15:00:28.863513+00:00,,2026-09-25T15:00:28.864513+00:00,,2026-09-25T15:00:28.865513+00:00,
21,2026-09-25T13:31:24.240670+00:00,2026-09-25T15:00:29.215533+00:00,90.005,2026-09-25T15:00:29.125528+00:00,,2026-09-25T15:00:29.133528+00:00,,2026-09-25T15:00:29.134528+00:00,,2026-09-25T15:00:29.135528+00:00,,2026-09-25T15:00:29.136529+00:00,,2026-09-25T15:00:29.137529+00:00,,2026-09-25T15:00:29.138529+00:00,,2026-09-25T15:00:29.139529+00:00,,2026-09-25T15:00:29.140529+00:00,,2026-09-25T15:00:29.141529+00:00,,2026-09-25T15:00:29.153530+00:00,,2026-09-25T15:00:29.143529+00:00,,2026-09-25T15:00:29.144529+00:00,,2026-09-25T15:00:29.145529+00:00,,2026-09-25T15:00:29.146529+00:00,,2026-09-25T15:00:29.147529+00:00,,2026-09-25T15:00:29.148529+00:00,,2026-09-25T15:00:29.149529+00:00,,2026-09-25T15:00:29.161530+00:00,,2026-09-25T15:00:29.151529+00:00,,2026-09-25T15:00:29.152529+00:00,,2026-09-25T15:00:29.142529+00:00,,2026-09-25T15:00:29.154530+00:00,,2026-09-25T15:00:29.155530+00:00,,2026-09-25T15:00:29.156530+00:00,,2026-09-25T15:00:29.157530+00:00,,2026-09-25T15:00:29.158530+00:00,,2026-09-25T15:00:29.159530+00:00,,2026-09-25T15:00:29.160530+00:00,,2026-09-25T15:00:29.150529+00:00,,2026-09-25T15:00:29.162530+00:00,,2026-09-25T15:00:29.163530+00:00,,2026-09-25T15:00:29.164530+00:00,,2026-09-25T15:00:29.165530+00:00,,2026-09-25T15:00:29.166530+00:00,,2026-09-25T15:00:29.167530+00:00,,2026-09-25T15:00:29.168530+00:00,,2026-09-25T15:00:29.169530+00:00,,2026-09-25T15:00:29.170530+00:00,,2026-09-25T15:00:29.171531+00:00,,2026-09-25T15:00:29.183531+00:00,,2026-09-25T15:00:29.173531+00:00,,2026-09-25T15:00:29.174531+00:00,,2026-09-25T15:00:29.175531+00:00,,2026-09-25T15:00:29.176531+00:00,,2026-09-25T15:00:29.177531+00:00,,2026-09-25T15:00:29.178531+00:00,,2026-09-25T15:00:29.179531+00:00,,2026-09-25T15:00:29.180531+00:00,,2026-09-25T15:00:29.181531+00:00,,2026-09-25T15:00:29.193532+00:00,,2026-09-25T15:00:29.184531+00:00,,2026-09-25T15:00:29.185531+00:00,,2026-09-25T15:00:29.186531+00:00,,2026-09-25T15:00:29.187531+00:00,,2026-09-25T15:00:29.188532+00:00,,2026-09-25T15:00:29.189532+00:00,,2026-09-25T15:00:29.190532+00:00,,2026-09-25T15:00:29.191532+00:00,,2026-09-25T15:00:29.192532+00:00,,2026-09-25T15:00:29.182531+00:00,,2026-09-25T15:00:29.194532+00:00,,2026-09-25T15:00:29.206533+00:00,,2026-09-25T15:00:29.196532+00:00,,2026-09-25T15:00:29.197532+00:00,,2026-09-25T15:00:29.209533+00:00,,2026-09-25T15:00:29.210533+00:00,,2026-09-25T15:00:29.200532+00:00,,2026-09-25T15:00:29.201532+00:00,,2026-09-25T15:00:29.202532+00:00,,2026-09-25T15:00:29.203532+00:00,,2026-09-25T15:00:29.204532+00:00,,2026-09-25T15:00:29.205532+00:00,,2026-09-25T15:00:29.195532+00:00,,2026-09-25T15:00:29.207533+00:00,,2026-09-25T15:00:29.208533+00:00,,2026-09-25T15:00:29.198532+00:00,,2026-09-25T15:00:29.199532+00:00,,2026-09-25T15:00:29.211533+00:00,,2026-09-25T15:00:29.212533+00:00,,2026-09-25T15:00:29.213533+00:00,,2026-09-25T15:00:29.214533+00:00,,2026-09-25T15:00:29.215533+00:00,
22,2026-09-25T13:31:24.584442+00:00,2026-09-25T15:00:29.575554+00:00,89.005,2026-09-25T15:00:29.486549+00:00,,2026-09-25T15:00:29.492549+00:00,,2026-09-25T15:00:29.503550+00:00,,2026-09-25T15:00:29.494549+00:00,,2026-09-25T15:00:29.495549+00:00,,2026-09-25T15:00:29.496549+00:00,,2026-09-25T15:00:29.497549+00:00,,2026-09-25T15:00:29.498549+00:00,,2026-09-25T15:00:29.499549+00:00,,2026-09-25T15:00:29.500549+00:00,,2026-09-25T15:00:29.501549+00:00,,2026-09-25T15:00:29.502549+00:00,,2026-09-25T15:00:29.493549+00:00,,2026-09-25T15:00:29.504550+00:00,,2026-09-25T15:00:29.505550+00:00,,2026-09-25T15:00:29.506550+00:00,,2026-09-25T15:00:29.507550+00:00,,2026-09-25T15:00:29.508550+00:00,,2026-09-25T15:00:29.509550+00:00,,2026-09-25T15:00:29.510550+00:00,,2026-09-25T15:00:29.511550+00:00,,2026-09-25T15:00:29.512550+00:00,,2026-09-25T15:00:29.513550+00:00,,2026-09-25T15:00:29.514550+00:00,,2026-09-25T15:00:29.515550+00:00,,2026-09-25T15:00:29.516550+00:00,,2026-09-25T15:00:29.517550+00:00,,2026-09-25T15:00:29.518550+00:00,,2026-09-25T15:00:29.519550+00:00,,2026-09-25T15:00:29.520550+00:00,,2026-09-25T15:00:29.521551+00:00,,2026-09-25T15:00:29.533551+00:00,,2026-09-25T15:00:29.523551+00:00,,2026-09-25T15:00:29.524551+00:00,,2026-09-25T15:00:29.525551+00:00,,2026-09-25T15:00:29.526551+00:00,,2026-09-25T15:00:29.527551+00:00,,2026-09-25T15:00:29.528551+00:00,,2026-09-25T15:00:29.529551+00:00,,2026-09-25T15:00:29.530551+00:00,,2026-09-25T15:00:29.531551+00:00,,2026-09-25T15:00:29.532551+00:00,,2026-09-25T15:00:29.534551+00:00,,2026-09-25T15:00:29.546552+00:00,,2026-09-25T15:00:29.536551+00:00,,2026-09-25T15:00:29.537551+00:00,,2026-09-25T15:00:29.538552+00:00,,2026-09-25T15:00:29.539552+00:00,,2026-09-25T15:00:29.551552+00:00,,2026-09-25T15:00:29.541552+00:00,,2026-09-25T15:00:29.542552+00:00,,2026-09-25T15:00:29.543552+00:00,,2026-09-25T15:00:29.544552+00:00,,2026-09-25T15:00:29.545552+00:00,,2026-09-25T15:00:29.535551+00:00,,2026-09-25T15:00:29.547552+00:00,,2026-09-25T15:00:29.548552+00:00,,2026-09-25T15:00:29.549552+00:00,,2026-09-25T15:00:29.550552+00:00,,2026-09-25T15:00:29.540552+00:00,,2026-09-25T15:00:29.552552+00:00,,2026-09-25T15:00:29.553552+00:00,,2026-09-25T15:00:29.554552+00:00,,2026-09-25T15:00:29.555552+00:00,,2026-09-25T15:00:29.556553+00:00,,2026-09-25T15:00:29.557553+00:00,,2026-09-25T15:00:29.558553+00:00,,2026-09-25T15:00:29.559553+00:00,,2026-09-25T15:00:29.560553+00:00,,2026-09-25T15:00:29.561553+00:00,,2026-09-25T15:00:29.562553+00:00,,2026-09-25T15:00:29.563553+00:00,,2026-09-25T15:00:29.564553+00:00,,2026-09-25T15:00:29.565553+00:00,,2026-09-25T15:00:29.566553+00:00,,2026-09-25T15:00:29.567553+00:00,,2026-09-25T15:00:29.568553+00:00,,2026-09-25T15:00:29.569553+00:00,,2026-09-25T15:00:29.570553+00:00,,2026-09-25T15:00:29.571553+00:00,,2026-09-25T15:00:29.575554+00:00,,2026-09-25T15:00:29.573554+00:00,,2026-09-25T15:00:29.574554+00:00,
23,2026-09-25T13:31:24.989553+00:00,2026-09-25T15:00:29.943575+00:00,99.006,2026-09-25T15:00:29.844569+00:00,,2026-09-25T15:00:29.859570+00:00,,2026-09-25T15:00:29.860570+00:00,,2026-09-25T15:00:29.861570+00:00,,2026-09-25T15:00:29.862570+00:00,,2026-09-25T15:00:29.863570+00:00,,2026-09-25T15:00:29.864570+00:00,,2026-09-25T15:00:29.865570+00:00,,2026-09-25T15:00:29.866570+00:00,,2026-09-25T15:00:29.867570+00:00,,2026-09-25T15:00:29.868570+00:00,,2026-09-25T15:00:29.869570+00:00,,2026-09-25T15:00:29.870571+00:00,,2026-09-25T15:00:29.871571+00:00,,2026-09-25T15:00:29.883571+00:00,,2026-09-25T15:00:29.873571+00:00,,2026-09-25T15:00:29.874571+00:00,,2026-09-25T15:00:29.875571+00:00,,2026-09-25T15:00:29.876571+00:00,,2026-09-25T15:00:29.877571+00:00,,2026-09-25T15:00:29.878571+00:00,,2026-09-25T15:00:29.879571+00:00,,2026-09-25T15:00:29.880571+00:00,,2026-09-25T15:00:29.881571+00:00,,2026-09-25T15:00:29.882571+00:00,,2026-09-25T15:00:29.907573+00:00,,2026-09-25T15:00:29.897572+00:00,,2026-09-25T15:00:29.887571+00:00,,2026-09-25T15:00:29.888572+00:00,,2026-09-25T15:00:29.889572+00:00,,2026-09-25T15:00:29.890572+00:00,,2026-09-25T15:00:29.891572+00:00,,2026-09-25T15:00:29.892572+00:00,,2026-09-25T15:00:29.893572+00:00,,2026-09-25T15:00:29.894572+00:00,,2026-09-25T15:00:29.895572+00:00,,2026-09-25T15:00:29.884571+00:00,,2026-09-25T15:00:29.886571+00:00,,2026-09-25T15:00:29.898572+00:00,,2026-09-25T15:00:29.899572+00:00,,2026-09-25T15:00:29.900572+00:00,,2026-09-25T15:00:29.901572+00:00,,2026-09-25T15:00:29.902572+00:00,,2026-09-25T15:00:29.903572+00:00,,2026-09-25T15:00:29.904572+00:00,,2026-09-25T15:00:29.905573+00:00,,2026-09-25T15:00:29.906573+00:00,,2026-09-25T15:00:29.896572+00:00,,2026-09-25T15:00:29.908573+00:00,,2026-09-25T15:00:29.909573+00:00,,2026-09-25T15:00:29.910573+00:00,,2026-09-25T15:00:29.911573+00:00,,2026-09-25T15:00:29.912573+00:00,,2026-09-25T15:00:29.913573+00:00,,2026-09-25T15:00:29.914573+00:00,,2026-09-25T15:00:29.915573+00:00,,2026-09-25T15:00:29.916573+00:00,,2026-09-25T15:00:29.917573+00:00,,2026-09-25T15:00:29.929574+00:00,,2026-09-25T15:00:29.919573+00:00,,2026-09-25T15:00:29.920573+00:00,,2026-09-25T15:00:29.921573+00:00,,2026-09-25T15:00:29.922573+00:00,,2026-09-25T15:00:29.923574+00:00,,2026-09-25T15:00:29.924574+00:00,,2026-09-25T15:00:29.925574+00:00,,2026-09-25T15:00:29.926574+00:00,,2026-09-25T15:00:29.927574+00:00,,2026-09-25T15:00:29.928574+00:00,,2026-09-25T15:00:29.918573+00:00,,2026-09-25T15:00:29.942575+00:00,,2026-09-25T15:00:29.931574+00:00,,2026-09-25T15:00:29.932574+00:00,,2026-09-25T15:00:29.934574+00:00,,2026-09-25T15:00:29.935574+00:00,,2026-09-25T15:00:29.936574+00:00,,2026-09-25T15:00:29.937574+00:00,,2026-09-25T15:00:29.938574+00:00,,2026-09-25T15:00:29.939574+00:00,,2026-09-25T15:00:29.940575+00:00,,2026-09-25T15:00:29.941575+00:00,,2026-09-25T15:00:29.930574+00:00,,2026-09-25T15:00:29.943575+00:00,
24,2026-09-25T13:31:25.362867+00:00,2026-09-25T15:00:30.343598+00:00,104.006,2026-09-25T15:00:30.239592+00:00,,2026-09-25T15:00:30.259593+00:00,,2026-09-25T15:00:30.260593+00:00,,2026-09-25T15:00:30.261593+00:00,,2026-09-25T15:00:30.262593+00:00,,2026-09-25T15:00:30.263593+00:00,,2026-09-25T15:00:30.264593+00:00,,2026-09-25T15:00:30.265593+00:00,,2026-09-25T15:00:30.266593+00:00,,2026-09-25T15:00:30.267593+00:00,,2026-09-25T15:00:30.268593+00:00,,2026-09-25T15:00:30.269593+00:00,,2026-09-25T15:00:30.270593+00:00,,2026-09-25T15:00:30.282594+00:00,,2026-09-25T15:00:30.272594+00:00,,2026-09-25T15:00:30.273594+00:00,,2026-09-25T15:00:30.285594+00:00,,2026-09-25T15:00:30.286594+00:00,,2026-09-25T15:00:30.276594+00:00,,2026-09-25T15:00:30.277594+00:00,,2026-09-25T15:00:30.278594+00:00,,2026-09-25T15:00:30.279594+00:00,,2026-09-25T15:00:30.280594+00:00,,2026-09-25T15:00:30.292595+00:00,,2026-09-25T15:00:30.283594+00:00,,2026-09-25T15:00:30.284594+00:00,,2026-09-25T15:00:30.274594+00:00,,2026-09-25T15:00:30.275594+00:00,,2026-09-25T15:00:30.287594+00:00,,2026-09-25T15:00:30.288594+00:00,,2026-09-25T15:00:30.300595+00:00,,2026-09-25T15:00:30.290595+00:00,,2026-09-25T15:00:30.302595+00:00,,2026-09-25T15:00:30.281594+00:00,,2026-09-25T15:00:30.293595+00:00,,2026-09-25T15:00:30.294595+00:00,,2026-09-25T15:00:30.295595+00:00,,2026-09-25T15:00:30.296595+00:00,,2026-09-25T15:00:30.297595+00:00,,2026-09-25T15:00:30.298595+00:00,,2026-09-25T15:00:30.299595+00:00,,2026-09-25T15:00:30.289594+00:00,,2026-09-25T15:00:30.301595+00:00,,2026-09-25T15:00:30.291595+00:00,,2026-09-25T15:00:30.303595+00:00,,2026-09-25T15:00:30.304595+00:00,,2026-09-25T15:00:30.317596+00:00,,2026-09-25T15:00:30.318596+00:00,,2026-09-25T15:00:30.308596+00:00,,2026-09-25T15:00:30.320596+00:00,,2026-09-25T15:00:30.310596+00:00,,2026-09-25T15:00:30.311596+00:00,,2026-09-25T15:00:30.312596+00:00,,2026-09-25T15:00:30.313596+00:00,,2026-09-25T15:00:30.314596+00:00,,2026-09-25T15:00:30.315596+00:00,,2026-09-25T15:00:30.316596+00:00,,2026-09-25T15:00:30.305595+00:00,,2026-09-25T15:00:30.306595+00:00,,2026-09-25T15:00:30.319596+00:00,,2026-09-25T15:00:30.309596+00:00,,2026-09-25T15:00:30.332597+00:00,,2026-09-25T15:00:30.322596+00:00,,2026-09-25T15:00:30.323596+00:00,,2026-09-25T15:00:30.324596+00:00,,2026-09-25T15:00:30.325597+00:00,,2026-09-25T15:00:30.326597+00:00,,2026-09-25T15:00:30.327597+00:00,,2026-09-25T15:00:30.328597+00:00,,2026-09-25T15:00:30.329597+00:00,,2026-09-25T15:00:30.330597+00:00,,2026-09-25T15:00:30.331597+00:00,,2026-09-25T15:00:30.333597+00:00,,2026-09-25T15:00:30.334597+00:00,,2026-09-25T15:00:30.335597+00:00,,2026-09-25T15:00:30.336597+00:00,,2026-09-25T15:00:30.337597+00:00,,2026-09-25T15:00:30.338597+00:00,,2026-09-25T15:00:30.339597+00:00,,2026-09-25T15:00:30.340597+00:00,,2026-09-25T15:00:30.341597+00:00,,2026-09-25T15:00:30.342598+00:00,,2026-09-25T15:00:30.343598+00:00,
25,2026-09-25T13:31:25.783704+00:00,2026-09-25T15:00:30.722619+00:00,113.006,2026-09-25T15:00:30.609613+00:00,,2026-09-25T15:00:30.639615+00:00,,2026-09-25T15:00:30.640615+00:00,,2026-09-25T15:00:30.641615+00:00,,2026-09-25T15:00:30.642615+00:00,,2026-09-25T15:00:30.643615+00:00,,2026-09-25T15:00:30.644615+00:00,,2026-09-25T15:00:30.645615+00:00,,2026-09-25T15:00:30.646615+00:00,,2026-09-25T15:00:30.647615+00:00,,2026-09-25T15:00:30.648615+00:00,,2026-09-25T15:00:30.649615+00:00,,2026-09-25T15:00:30.650615+00:00,,2026-09-25T15:00:30.651615+00:00,,2026-09-25T15:00:30.652615+00:00,,2026-09-25T15:00:30.653615+00:00,,2026-09-25T15:00:30.654615+00:00,,2026-09-25T15:00:30.655615+00:00,,2026-09-25T15:00:30.656615+00:00,,2026-09-25T15:00:30.657616+00:00,,2026-09-25T15:00:30.658616+00:00,,2026-09-25T15:00:30.681617+00:00,,2026-09-25T15:00:30.660616+00:00,,2026-09-25T15:00:30.661616+00:00,,2026-09-25T15:00:30.662616+00:00,,2026-09-25T15:00:30.663616+00:00,,2026-09-25T15:00:30.675617+00:00,,2026-09-25T15:00:30.665616+00:00,,2026-09-25T15:00:30.666616+00:00,,2026-09-25T15:00:30.667616+00:00,,2026-09-25T15:00:30.668616+00:00,,2026-09-25T15:00:30.669616+00:00,,2026-09-25T15:00:30.659616+00:00,,2026-09-25T15:00:30.682617+00:00,,2026-09-25T15:00:30.672616+00:00,,2026-09-25T15:00:30.673616+00:00,,2026-09-25T15:00:30.674617+00:00,,2026-09-25T15:00:30.664616+00:00,,2026-09-25T15:00:30.676617+00:00,,2026-09-25T15:00:30.677617+00:00,,2026-09-25T15:00:30.678617+00:00,,2026-09-25T15:00:30.679617+00:00,,2026-09-25T15:00:30.680617+00:00,,2026-09-25T15:00:30.670616+00:00,,2026-09-25T15:00:30.683617+00:00,,2026-09-25T15:00:30.684617+00:00,,2026-09-25T15:00:30.685617+00:00,,2026-09-25T15:00:30.686617+00:00,,2026-09-25T15:00:30.687617+00:00,,2026-09-25T15:00:30.688617+00:00,,2026-09-25T15:00:30.689617+00:00,,2026-09-25T15:00:30.701618+00:00,,2026-09-25T15:00:30.691617+00:00,,2026-09-25T15:00:30.692618+00:00,,2026-09-25T15:00:30.693618+00:00,,2026-09-25T15:00:30.694618+00:00,,2026-09-25T15:00:30.695618+00:00,,2026-09-25T15:00:30.707618+00:00,,2026-09-25T15:00:30.697618+00:00,,2026-09-25T15:00:30.698618+00:00,,2026-09-25T15:00:30.699618+00:00,,2026-09-25T15:00:30.700618+00:00,,2026-09-25T15:00:30.690617+00:00,,2026-09-25T15:00:30.702618+00:00,,2026-09-25T15:00:30.703618+00:00,,2026-09-25T15:00:30.704618+00:00,,2026-09-25T15:00:30.705618+00:00,,2026-09-25T15:00:30.706618+00:00,,2026-09-25T15:00:30.696618+00:00,,2026-09-25T15:00:30.708618+00:00,,2026-09-25T15:00:30.709619+00:00,,2026-09-25T15:00:30.710619+00:00,,2026-09-25T15:00:30.711619+00:00,,2026-09-25T15:00:30.712619+00:00,,2026-09-25T15:00:30.713619+00:00,,2026-09-25T15:00:30.714619+00:00,,2026-09-25T15:00:30.715619+00:00,,2026-09-25T15:00:30.716619+00:00,,2026-09-25T15:00:30.717619+00:00,,2026-09-25T15:00:30.718619+00:00,,2026-09-25T15:00:30.719619+00:00,,2026-09-25T15:00:30.720619+00:00,,2026-09-25T15:00:30.722619+00:00,
26,2026-09-25T13:31:26.192175+00:00,2026-09-25T15:00:31.133643+00:00,104.006,2026-09-25T15:00:31.029637+00:00,,2026-09-25T15:00:31.050638+00:00,,2026-09-25T15:00:31.062639+00:00,,2026-09-25T15:00:31.052638+00:00,,2026-09-25T15:00:31.053638+00:00,,2026-09-25T15:00:31.054638+00:00,,2026-09-25T15:00:31.055638+00:00,,2026-09-25T15:00:31.056638+00:00,,2026-09-25T15:00:31.057638+00:00,,2026-09-25T15:00:31.058638+00:00,,2026-09-25T15:00:31.059639+00:00,,2026-09-25T15:00:31.060639+00:00,,2026-09-25T15:00:31.072639+00:00,,2026-09-25T15:00:31.051638+00:00,,2026-09-25T15:00:31.063639+00:00,,2026-09-25T15:00:31.064639+00:00,,2026-09-25T15:00:31.065639+00:00,,2026-09-25T15:00:31.066639+00:00,,2026-09-25T15:00:31.067639+00:00,,2026-09-25T15:00:31.068639+00:00,,2026-09-25T15:00:31.069639+00:00,,2026-09-25T15:00:31.070639+00:00,,2026-09-25T15:00:31.082640+00:00,,2026-09-25T15:00:31.061639+00:00,,2026-09-25T15:00:31.073639+00:00,,2026-09-25T15:00:31.074639+00:00,,2026-09-25T15:00:31.075639+00:00,,2026-09-25T15:00:31.076639+00:00,,2026-09-25T15:00:31.077640+00:00,,2026-09-25T15:00:31.078640+00:00,,2026-09-25T15:00:31.079640+00:00,,2026-09-25T15:00:31.080640+00:00,,2026-09-25T15:00:31.081640+00:00,,2026-09-25T15:00:31.083640+00:00,,2026-09-25T15:00:31.084640+00:00,,2026-09-25T15:00:31.085640+00:00,,2026-09-25T15:00:31.086640+00:00,,2026-09-25T15:00:31.087640+00:00,,2026-09-25T15:00:31.088640+00:00,,2026-09-25T15:00:31.089640+00:00,,2026-09-25T15:00:31.090640+00:00,,2026-09-25T15:00:31.091640+00:00,,2026-09-25T15:00:31.092640+00:00,,2026-09-25T15:00:31.093640+00:00,,2026-09-25T15:00:31.094641+00:00,,2026-09-25T15:00:31.095641+00:00,,2026-09-25T15:00:31.096641+00:00,,2026-09-25T15:00:31.097641+00:00,,2026-09-25T15:00:31.098641+00:00,,2026-09-25T15:00:31.099641+00:00,,2026-09-25T15:00:31.100641+00:00,,2026-09-25T15:00:31.101641+00:00,,2026-09-25T15:00:31.102641+00:00,,2026-09-25T15:00:31.103641+00:00,,2026-09-25T15:00:31.104641+00:00,,2026-09-25T15:00:31.105641+00:00,,2026-09-25T15:00:31.106641+00:00,,2026-09-25T15:00:31.107641+00:00,,2026-09-25T15:00:31.108641+00:00,,2026-09-25T15:00:31.120642+00:00,,2026-09-25T15:00:31.110641+00:00,,2026-09-25T15:00:31.111642+00:00,,2026-09-25T15:00:31.112642+00:00,,2026-09-25T15:00:31.113642+00:00,,2026-09-25T15:00:31.114642+00:00,,2026-09-25T15:00:31.115642+00:00,,2026-09-25T15:00:31.127642+00:00,,2026-09-25T15:00:31.117642+00:00,,2026-09-25T15:00:31.118642+00:00,,2026-09-25T15:00:31.119642+00:00,,2026-09-25T15:00:31.109641+00:00,,2026-09-25T15:00:31.132643+00:00,,2026-09-25T15:00:31.122642+00:00,,2026-09-25T15:00:31.123642+00:00,,2026-09-25T15:00:31.124642+00:00,,2026-09-25T15:00:31.125642+00:00,,2026-09-25T15:00:31.126642+00:00,,2026-09-25T15:00:31.116642+00:00,,2026-09-25T15:00:31.128642+00:00,,2026-09-25T15:00:31.129643+00:00,,2026-09-25T15:00:31.130643+00:00,,2026-09-25T15:00:31.131643+00:00,,2026-09-25T15:00:31.133643+00:00,
27,2026-09-25T13:31:26.613457+00:00,2026-09-25T15:00:31.604670+00:00,90.005,2026-09-25T15:00:31.514665+00:00,,2026-09-25T15:00:31.521665+00:00,,2026-09-25T15:00:31.522665+00:00,,2026-09-25T15:00:31.523665+00:00,,2026-09-25T15:00:31.524665+00:00,,2026-09-25T15:00:31.525665+00:00,,2026-09-25T15:00:31.526665+00:00,,2026-09-25T15:00:31.527665+00:00,,2026-09-25T15:00:31.528665+00:00,,2026-09-25T15:00:31.529665+00:00,,2026-09-25T15:00:31.531666+00:00,,2026-09-25T15:00:31.532666+00:00,,2026-09-25T15:00:31.533666+00:00,,2026-09-25T15:00:31.534666+00:00,,2026-09-25T15:00:31.535666+00:00,,2026-09-25T15:00:31.536666+00:00,,2026-09-25T15:00:31.537666+00:00,,2026-09-25T15:00:31.549667+00:00,,2026-09-25T15:00:31.539666+00:00,,2026-09-25T15:00:31.540666+00:00,,2026-09-25T15:00:31.541666+00:00,,2026-09-25T15:00:31.542666+00:00,,2026-09-25T15:00:31.543666+00:00,,2026-09-25T15:00:31.544666+00:00,,2026-09-25T15:00:31.545666+00:00,,2026-09-25T15:00:31.546666+00:00,,2026-09-25T15:00:31.547666+00:00,,2026-09-25T15:00:31.548666+00:00,,2026-09-25T15:00:31.538666+00:00,,2026-09-25T15:00:31.550667+00:00,,2026-09-25T15:00:31.551667+00:00,,2026-09-25T15:00:31.563667+00:00,,2026-09-25T15:00:31.553667+00:00,,2026-09-25T15:00:31.554667+00:00,,2026-09-25T15:00:31.555667+00:00,,2026-09-25T15:00:31.556667+00:00,,2026-09-25T15:00:31.557667+00:00,,2026-09-25T15:00:31.558667+00:00,,2026-09-25T15:00:31.559667+00:00,,2026-09-25T15:00:31.560667+00:00,,2026-09-25T15:00:31.561667+00:00,,2026-09-25T15:00:31.562667+00:00,,2026-09-25T15:00:31.552667+00:00,,2026-09-25T15:00:31.575668+00:00,,2026-09-25T15:00:31.565667+00:00,,2026-09-25T15:00:31.566668+00:00,,2026-09-25T15:00:31.567668+00:00,,2026-09-25T15:00:31.568668+00:00,,2026-09-25T15:00:31.569668+00:00,,2026-09-25T15:00:31.570668+00:00,,2026-09-25T15:00:31.582668+00:00,,2026-09-25T15:00:31.572668+00:00,,2026-09-25T15:00:31.573668+00:00,,2026-09-25T15:00:31.574668+00:00,,2026-09-25T15:00:31.564667+00:00,,2026-09-25T15:00:31.576668+00:00,,2026-09-25T15:00:31.577668+00:00,,2026-09-25T15:00:31.578668+00:00,,2026-09-25T15:00:31.579668+00:00,,2026-09-25T15:00:31.580668+00:00,,2026-09-25T15:00:31.581668+00:00,,2026-09-25T15:00:31.583669+00:00,,2026-09-25T15:00:31.584669+00:00,,2026-09-25T15:00:31.585669+00:00,,2026-09-25T15:00:31.586669+00:00,,2026-09-25T15:00:31.587669+00:00,,2026-09-25T15:00:31.588669+00:00,,2026-09-25T15:00:31.589669+00:00,,2026-09-25T15:00:31.590669+00:00,,2026-09-25T15:00:31.591669+00:00,,2026-09-25T15:00:31.592669+00:00,,2026-09-25T15:00:31.593669+00:00,,2026-09-25T15:00:31.594669+00:00,,2026-09-25T15:00:31.595669+00:00,,2026-09-25T15:00:31.596669+00:00,,2026-09-25T15:00:31.597669+00:00,,2026-09-25T15:00:31.598669+00:00,,2026-09-25T15:00:31.599669+00:00,,2026-09-25T15:00:31.600669+00:00,,2026-09-25T15:00:31.601670+00:00,,2026-09-25T15:00:31.602670+00:00,,2026-09-25T15:00:31.603670+00:00,,2026-09-25T15:00:31.604670+00:00,
28,2026-09-25T13:31:26.993966+00:00,2026-09-25T15:00:31.980691+00:00,109.006,2026-09-25T15:00:31.871685+00:00,,2026-09-25T15:00:31.897686+00:00,,2026-09-25T15:00:31.898687+00:00,,2026-09-25T15:00:31.899687+00:00,,2026-09-25T15:00:31.900687+00:00,,2026-09-25T15:00:31.901687+00:00,,2026-09-25T15:00:31.902687+00:00,,2026-09-25T15:00:31.903687+00:00,,2026-09-25T15:00:31.904687+00:00,,2026-09-25T15:00:31.905687+00:00,,2026-09-25T15:00:31.906687+00:00,,2026-09-25T15:00:31.907687+00:00,,2026-09-25T15:00:31.908687+00:00,,2026-09-25T15:00:31.909687+00:00,,2026-09-25T15:00:31.910687+00:00,,2026-09-25T15:00:31.933689+00:00,,2026-09-25T15:00:31.912687+00:00,,2026-09-25T15:00:31.924688+00:00,,2026-09-25T15:00:31.914687+00:00,,2026-09-25T15:00:31.915687+00:00,,2026-09-25T15:00:31.916688+00:00,,2026-09-25T15:00:31.917688+00:00,,2026-09-25T15:00:31.918688+00:00,,2026-09-25T15:00:31.919688+00:00,,2026-09-25T15:00:31.931688+00:00,,2026-09-25T15:00:31.921688+00:00,,2026-09-25T15:00:31.911687+00:00,,2026-09-25T15:00:31.923688+00:00,,2026-09-25T15:00:31.913687+00:00,,2026-09-25T15:00:31.925688+00:00,,2026-09-25T15:00:31.926688+00:00,,2026-09-25T15:00:31.927688+00:00,,2026-09-25T15:00:31.928688+00:00,,2026-09-25T15:00:31.929688+00:00,,2026-09-25T15:00:31.930688+00:00,,2026-09-25T15:00:31.932688+00:00,,2026-09-25T15:00:31.922688+00:00,,2026-09-25T15:00:31.934689+00:00,,2026-09-25T15:00:31.935689+00:00,,2026-09-25T15:00:31.936689+00:00,,2026-09-25T15:00:31.937689+00:00,,2026-09-25T15:00:31.938689+00:00,,2026-09-25T15:00:31.939689+00:00,,2026-09-25T15:00:31.940689+00:00,,2026-09-25T15:00:31.941689+00:00,,2026-09-25T15:00:31.942689+00:00,,2026-09-25T15:00:31.943689+00:00,,2026-09-25T15:00:31.944689+00:00,,2026-09-25T15:00:31.945689+00:00,,2026-09-25T15:00:31.946689+00:00,,2026-09-25T15:00:31.947689+00:00,,2026-09-25T15:00:31.948689+00:00,,2026-09-25T15:00:31.949689+00:00,,2026-09-25T15:00:31.950689+00:00,,2026-09-25T15:00:31.951690+00:00,,2026-09-25T15:00:31.952690+00:00,,2026-09-25T15:00:31.953690+00:00,,2026-09-25T15:00:31.954690+00:00,,2026-09-25T15:00:31.955690+00:00,,2026-09-25T15:00:31.956690+00:00,,2026-09-25T15:00:31.957690+00:00,,2026-09-25T15:00:31.958690+00:00,,2026-09-25T15:00:31.959690+00:00,,2026-09-25T15:00:31.960690+00:00,,2026-09-25T15:00:31.961690+00:00,,2026-09-25T15:00:31.962690+00:00,,2026-09-25T15:00:31.963690+00:00,,2026-09-25T15:00:31.964690+00:00,,2026-09-25T15:00:31.965690+00:00,,2026-09-25T15:00:31.966690+00:00,,2026-09-25T15:00:31.967690+00:00,,2026-09-25T15:00:31.979691+00:00,,2026-09-25T15:00:31.969691+00:00,,2026-09-25T15:00:31.980691+00:00,,2026-09-25T15:00:31.971691+00:00,,2026-09-25T15:00:31.972691+00:00,,2026-09-25T15:00:31.973691+00:00,,2026-09-25T15:00:31.974691+00:00,,2026-09-25T15:00:31.975691+00:00,,2026-09-25T15:00:31.976691+00:00,,2026-09-25T15:00:31.977691+00:00,,2026-09-25T15:00:31.978691+00:00,,2026-09-25T15:00:31.968691+00:00,
29,2026-09-25T13:31:27.356253+00:00,2026-09-25T15:00:32.346712+00:00,97.005,2026-09-25T15:00:32.249707+00:00,,2026-09-25T15:00:32.261707+00:00,,2026-09-25T15:00:32.262707+00:00,,2026-09-25T15:00:32.263707+00:00,,2026-09-25T15:00:32.264707+00:00,,2026-09-25T15:00:32.265708+00:00,,2026-09-25T15:00:32.266708+00:00,,2026-09-25T15:00:32.267708+00:00,,2026-09-25T15:00:32.268708+00:00,,2026-09-25T15:00:32.269708+00:00,,2026-09-25T15:00:32.281708+00:00,,2026-09-25T15:00:32.271708+00:00,,2026-09-25T15:00:32.272708+00:00,,2026-09-25T15:00:32.273708+00:00,,2026-09-25T15:00:32.274708+00:00,,2026-09-25T15:00:32.275708+00:00,,2026-09-25T15:00:32.276708+00:00,,2026-09-25T15:00:32.277708+00:00,,2026-09-25T15:00:32.278708+00:00,,2026-09-25T15:00:32.290709+00:00,,2026-09-25T15:00:32.280708+00:00,,2026-09-25T15:00:32.282708+00:00,,2026-09-25T15:00:32.283709+00:00,,2026-09-25T15:00:32.284709+00:00,,2026-09-25T15:00:32.285709+00:00,,2026-09-25T15:00:32.286709+00:00,,2026-09-25T15:00:32.298709+00:00,,2026-09-25T15:00:32.288709+00:00,,2026-09-25T15:00:32.289709+00:00,,2026-09-25T15:00:32.279708+00:00,,2026-09-25T15:00:32.291709+00:00,,2026-09-25T15:00:32.292709+00:00,,2026-09-25T15:00:32.304710+00:00,,2026-09-25T15:00:32.294709+00:00,,2026-09-25T15:00:32.295709+00:00,,2026-09-25T15:00:32.296709+00:00,,2026-09-25T15:00:32.297709+00:00,,2026-09-25T15:00:32.287709+00:00,,2026-09-25T15:00:32.299709+00:00,,2026-09-25T15:00:32.300710+00:00,,2026-09-25T15:00:32.312710+00:00,,2026-09-25T15:00:32.313710+00:00,,2026-09-25T15:00:32.303710+00:00,,2026-09-25T15:00:32.293709+00:00,,2026-09-25T15:00:32.305710+00:00,,2026-09-25T15:00:32.306710+00:00,,2026-09-25T15:00:32.307710+00:00,,2026-09-25T15:00:32.308710+00:00,,2026-09-25T15:00:32.309710+00:00,,2026-09-25T15:00:32.310710+00:00,,2026-09-25T15:00:32.311710+00:00,,2026-09-25T15:00:32.301710+00:00,,2026-09-25T15:00:32.302710+00:00,,2026-09-25T15:00:32.314710+00:00,,2026-09-25T15:00:32.315710+00:00,,2026-09-25T15:00:32.316710+00:00,,2026-09-25T15:00:32.329711+00:00,,2026-09-25T15:00:32.319711+00:00,,2026-09-25T15:00:32.331711+00:00,,2026-09-25T15:00:32.321711+00:00,,2026-09-25T15:00:32.322711+00:00,,2026-09-25T15:00:32.323711+00:00,,2026-09-25T15:00:32.324711+00:00,,2026-09-25T15:00:32.325711+00:00,,2026-09-25T15:00:32.326711+00:00,,2026-09-25T15:00:32.327711+00:00,,2026-09-25T15:00:32.328711+00:00,,2026-09-25T15:00:32.318711+00:00,,2026-09-25T15:00:32.330711+00:00,,2026-09-25T15:00:32.332711+00:00,,2026-09-25T15:00:32.345712+00:00,,2026-09-25T15:00:32.335712+00:00,,2026-09-25T15:00:32.336712+00:00,,2026-09-25T15:00:32.337712+00:00,,2026-09-25T15:00:32.338712+00:00,,2026-09-25T15:00:32.339712+00:00,,2026-09-25T15:00:32.340712+00:00,,2026-09-25T15:00:32.341712+00:00,,2026-09-25T15:00:32.342712+00:00,,2026-09-25T15:00:32.343712+00:00,,2026-09-25T15:00:32.344712+00:00,,2026-09-25T15:00:32.333711+00:00,,2026-09-25T15:00:32.346712+00:00,
30,2026-09-25T13:31:27.717244+00:00,2026-09-25T15:00:32.697732+00:00,96.005,2026-09-25T15:00:32.601727+00:00,,2026-09-25T15:00:32.610727+00:00,,2026-09-25T15:00:32.611727+00:00,,2026-09-25T15:00:32.612727+00:00,,2026-09-25T15:00:32.614727+00:00,,2026-09-25T15:00:32.615728+00:00,,2026-09-25T15:00:32.616728+00:00,,2026-09-25T15:00:32.617728+00:00,,2026-09-25T15:00:32.618728+00:00,,2026-09-25T15:00:32.619728+00:00,,2026-09-25T15:00:32.643729+00:00,,2026-09-25T15:00:32.621728+00:00,,2026-09-25T15:00:32.622728+00:00,,2026-09-25T15:00:32.623728+00:00,,2026-09-25T15:00:32.624728+00:00,,2026-09-25T15:00:32.625728+00:00,,2026-09-25T15:00:32.626728+00:00,,2026-09-25T15:00:32.627728+00:00,,2026-09-25T15:00:32.628728+00:00,,2026-09-25T15:00:32.630728+00:00,,2026-09-25T15:00:32.642729+00:00,,2026-09-25T15:00:32.633729+00:00,,2026-09-25T15:00:32.634729+00:00,,2026-09-25T15:00:32.646729+00:00,,2026-09-25T15:00:32.636729+00:00,,2026-09-25T15:00:32.637729+00:00,,2026-09-25T15:00:32.638729+00:00,,2026-09-25T15:00:32.639729+00:00,,2026-09-25T15:00:32.640729+00:00,,2026-09-25T15:00:32.641729+00:00,,2026-09-25T15:00:32.631728+00:00,,2026-09-25T15:00:32.632729+00:00,,2026-09-25T15:00:32.644729+00:00,,2026-09-25T15:00:32.657730+00:00,,2026-09-25T15:00:32.635729+00:00,,2026-09-25T15:00:32.647729+00:00,,2026-09-25T15:00:32.648729+00:00,,2026-09-25T15:00:32.649729+00:00,,2026-09-25T15:00:32.650730+00:00,,2026-09-25T15:00:32.651730+00:00,,2026-09-25T15:00:32.652730+00:00,,2026-09-25T15:00:32.653730+00:00,,2026-09-25T15:00:32.654730+00:00,,2026-09-25T15:00:32.667731+00:00,,2026-09-25T15:00:32.645729+00:00,,2026-09-25T15:00:32.658730+00:00,,2026-09-25T15:00:32.659730+00:00,,2026-09-25T15:00:32.660730+00:00,,2026-09-25T15:00:32.661730+00:00,,2026-09-25T15:00:32.662730+00:00,,2026-09-25T15:00:32.663730+00:00,,2026-09-25T15:00:32.664730+00:00,,2026-09-25T15:00:32.665730+00:00,,2026-09-25T15:00:32.666730+00:00,,2026-09-25T15:00:32.656730+00:00,,2026-09-25T15:00:32.668731+00:00,,2026-09-25T15:00:32.669731+00:00,,2026-09-25T15:00:32.681731+00:00,,2026-09-25T15:00:32.671731+00:00,,2026-09-25T15:00:32.672731+00:00,,2026-09-25T15:00:32.673731+00:00,,2026-09-25T15:00:32.674731+00:00,,2026-09-25T15:00:32.675731+00:00,,2026-09-25T15:00:32.687732+00:00,,2026-09-25T15:00:32.677731+00:00,,2026-09-25T15:00:32.678731+00:00,,2026-09-25T15:00:32.679731+00:00,,2026-09-25T15:00:32.680731+00:00,,2026-09-25T15:00:32.682731+00:00,,2026-09-25T15:00:32.683731+00:00,,2026-09-25T15:00:32.684731+00:00,,2026-09-25T15:00:32.685732+00:00,,2026-09-25T15:00:32.686732+00:00,,2026-09-25T15:00:32.676731+00:00,,2026-09-25T15:00:32.688732+00:00,,2026-09-25T15:00:32.689732+00:00,,2026-09-25T15:00:32.690732+00:00,,2026-09-25T15:00:32.692732+00:00,,2026-09-25T15:00:32.693732+00:00,,2026-09-25T15:00:32.694732+00:00,,2026-09-25T15:00:32.695732+00:00,,2026-09-25T15:00:32.696732+00:00,,2026-09-25T15:00:32.697732+00:00,
31,2026-09-25T13:31:28.106332+00:00,2026-09-25T15:00:33.094755+00:00,105.006,2026-09-25T15:00:32.989749+00:00,,2026-09-25T15:00:33.008750+00:00,,2026-09-25T15:00:33.009750+00:00,,2026-09-25T15:00:33.021751+00:00,,2026-09-25T15:00:33.011750+00:00,,2026-09-25T15:00:33.012750+00:00,,2026-09-25T15:00:33.013750+00:00,,2026-09-25T15:00:33.014750+00:00,,2026-09-25T15:00:33.015750+00:00,,2026-09-25T15:00:33.016750+00:00,,2026-09-25T15:00:33.017751+00:00,,2026-09-25T15:00:33.018751+00:00,,2026-09-25T15:00:33.019751+00:00,,2026-09-25T15:00:33.032751+00:00,,2026-09-25T15:00:33.010750+00:00,,2026-09-25T15:00:33.022751+00:00,,2026-09-25T15:00:33.023751+00:00,,2026-09-25T15:00:33.024751+00:00,,2026-09-25T15:00:33.025751+00:00,,2026-09-25T15:00:33.026751+00:00,,2026-09-25T15:00:33.027751+00:00,,2026-09-25T15:00:33.028751+00:00,,2026-09-25T15:00:33.030751+00:00,,2026-09-25T15:00:33.031751+00:00,,2026-09-25T15:00:33.033751+00:00,,2026-09-25T15:00:33.034751+00:00,,2026-09-25T15:00:33.035752+00:00,,2026-09-25T15:00:33.036752+00:00,,2026-09-25T15:00:33.037752+00:00,,2026-09-25T15:00:33.038752+00:00,,2026-09-25T15:00:33.039752+00:00,,2026-09-25T15:00:33.040752+00:00,,2026-09-25T15:00:33.041752+00:00,,2026-09-25T15:00:33.042752+00:00,,2026-09-25T15:00:33.043752+00:00,,2026-09-25T15:00:33.044752+00:00,,2026-09-25T15:00:33.057753+00:00,,2026-09-25T15:00:33.046752+00:00,,2026-09-25T15:00:33.047752+00:00,,2026-09-25T15:00:33.048752+00:00,,2026-09-25T15:00:33.049752+00:00,,2026-09-25T15:00:33.062753+00:00,,2026-09-25T15:00:33.052753+00:00,,2026-09-25T15:00:33.053753+00:00,,2026-09-25T15:00:33.054753+00:00,,2026-09-25T15:00:33.055753+00:00,,2026-09-25T15:00:33.056753+00:00,,2026-09-25T15:00:33.045752+00:00,,2026-09-25T15:00:33.058753+00:00,,2026-09-25T15:00:33.059753+00:00,,2026-09-25T15:00:33.060753+00:00,,2026-09-25T15:00:33.073754+00:00,,2026-09-25T15:00:33.051752+00:00,,2026-09-25T15:00:33.063753+00:00,,2026-09-25T15:00:33.064753+00:00,,2026-09-25T15:00:33.065753+00:00,,2026-09-25T15:00:33.066753+00:00,,2026-09-25T15:00:33.067753+00:00,,2026-09-25T15:00:33.069753+00:00,,2026-09-25T15:00:33.092755+00:00,,2026-09-25T15:00:33.071754+00:00,,2026-09-25T15:00:33.072754+00:00,,2026-09-25T15:00:33.061753+00:00,,2026-09-25T15:00:33.074754+00:00,,2026-09-25T15:00:33.075754+00:00,,2026-09-25T15:00:33.076754+00:00,,2026-09-25T15:00:33.077754+00:00,,2026-09-25T15:00:33.078754+00:00,,2026-09-25T15:00:33.079754+00:00,,2026-09-25T15:00:33.080754+00:00,,2026-09-25T15:00:33.082754+00:00,,2026-09-25T15:00:33.083754+00:00,,2026-09-25T15:00:33.084754+00:00,,2026-09-25T15:00:33.085754+00:00,,2026-09-25T15:00:33.086754+00:00,,2026-09-25T15:00:33.087755+00:00,,2026-09-25T15:00:33.088755+00:00,,2026-09-25T15:00:33.089755+00:00,,2026-09-25T15:00:33.090755+00:00,,2026-09-25T15:00:33.091755+00:00,,2026-09-25T15:00:33.081754+00:00,,2026-09-25T15:00:33.093755+00:00,,2026-09-25T15:00:33.094755+00:00,
32,2026-09-25T13:31:28.529931+00:00,2026-09-25T15:00:33.495778+00:00,129.008,2026-09-25T15:00:33.366770+00:00,,2026-09-25T15:00:33.407773+00:00,,2026-09-25T15:00:33.408773+00:00,,2026-09-25T15:00:33.410773+00:00,,2026-09-25T15:00:33.411773+00:00,,2026-09-25T15:00:33.412773+00:00,,2026-09-25T15:00:33.413773+00:00,,2026-09-25T15:00:33.414773+00:00,,2026-09-25T15:00:33.415773+00:00,,2026-09-25T15:00:33.416773+00:00,,2026-09-25T15:00:33.417773+00:00,,2026-09-25T15:00:33.418773+00:00,,2026-09-25T15:00:33.431774+00:00,,2026-09-25T15:00:33.420774+00:00,,2026-09-25T15:00:33.421774+00:00,,2026-09-25T15:00:33.422774+00:00,,2026-09-25T15:00:33.423774+00:00,,2026-09-25T15:00:33.424774+00:00,,2026-09-25T15:00:33.425774+00:00,,2026-09-25T15:00:33.427774+00:00,,2026-09-25T15:00:33.428774+00:00,,2026-09-25T15:00:33.429774+00:00,,2026-09-25T15:00:33.430774+00:00,,2026-09-25T15:00:33.432774+00:00,,2026-09-25T15:00:33.433774+00:00,,2026-09-25T15:00:33.434774+00:00,,2026-09-25T15:00:33.436774+00:00,,2026-09-25T15:00:33.437775+00:00,,2026-09-25T15:00:33.438775+00:00,,2026-09-25T15:00:33.439775+00:00,,2026-09-25T15:00:33.440775+00:00,,2026-09-25T15:00:33.442775+00:00,,2026-09-25T15:00:33.443775+00:00,,2026-09-25T15:00:33.444775+00:00,,2026-09-25T15:00:33.445775+00:00,,2026-09-25T15:00:33.446775+00:00,,2026-09-25T15:00:33.447775+00:00,,2026-09-25T15:00:33.448775+00:00,,2026-09-25T15:00:33.449775+00:00,,2026-09-25T15:00:33.450775+00:00,,2026-09-25T15:00:33.451775+00:00,,2026-09-25T15:00:33.452775+00:00,,2026-09-25T15:00:33.453775+00:00,,2026-09-25T15:00:33.454776+00:00,,2026-09-25T15:00:33.455776+00:00,,2026-09-25T15:00:33.457776+00:00,,2026-09-25T15:00:33.458776+00:00,,2026-09-25T15:00:33.459776+00:00,,2026-09-25T15:00:33.460776+00:00,,2026-09-25T15:00:33.461776+00:00,,2026-09-25T15:00:33.462776+00:00,,2026-09-25T15:00:33.463776+00:00,,2026-09-25T15:00:33.464776+00:00,,2026-09-25T15:00:33.465776+00:00,,2026-09-25T15:00:33.466776+00:00,,2026-09-25T15:00:33.467776+00:00,,2026-09-25T15:00:33.468776+00:00,,2026-09-25T15:00:33.481777+00:00,,2026-09-25T15:00:33.470776+00:00,,2026-09-25T15:00:33.471776+00:00,,2026-09-25T15:00:33.472777+00:00,,2026-09-25T15:00:33.473777+00:00,,2026-09-25T15:00:33.474777+00:00,,2026-09-25T15:00:33.475777+00:00,,2026-09-25T15:00:33.476777+00:00,,2026-09-25T15:00:33.477777+00:00,,2026-09-25T15:00:33.478777+00:00,,2026-09-25T15:00:33.479777+00:00,,2026-09-25T15:00:33.480777+00:00,,2026-09-25T15:00:33.482777+00:00,,2026-09-25T15:00:33.483777+00:00,,2026-09-25T15:00:33.484777+00:00,,2026-09-25T15:00:33.485777+00:00,,2026-09-25T15:00:33.486777+00:00,,2026-09-25T15:00:33.487777+00:00,,2026-09-25T15:00:33.488777+00:00,,2026-09-25T15:00:33.489778+00:00,,2026-09-25T15:00:33.490778+00:00,,2026-09-25T15:00:33.491778+00:00,,2026-09-25T15:00:33.492778+00:00,,2026-09-25T15:00:33.493778+00:00,,2026-09-25T15:00:33.494778+00:00,,2026-09-25T15:00:33.495778+00:00,
33,2026-09-25T13:31:29.009033+00:00,2026-09-25T15:00:33.933803+00:00,133.00799999999998,2026-09-25T15:00:33.800795+00:00,,2026-09-25T15:00:33.842798+00:00,,2026-09-25T15:00:33.843798+00:00,,2026-09-25T15:00:33.844798+00:00,,2026-09-25T15:00:33.845798+00:00,,2026-09-25T15:00:33.846798+00:00,,2026-09-25T15:00:33.847798+00:00,,2026-09-25T15:00:33.860799+00:00,,2026-09-25T15:00:33.850798+00:00,,2026-09-25T15:00:33.851798+00:00,,2026-09-25T15:00:33.852798+00:00,,2026-09-25T15:00:33.853798+00:00,,2026-09-25T15:00:33.854798+00:00,,2026-09-25T15:00:33.855798+00:00,,2026-09-25T15:00:33.856799+00:00,,2026-09-25T15:00:33.857799+00:00,,2026-09-25T15:00:33.858799+00:00,,2026-09-25T15:00:33.859799+00:00,,2026-09-25T15:00:33.849798+00:00,,2026-09-25T15:00:33.876800+00:00,,2026-09-25T15:00:33.878800+00:00,,2026-09-25T15:00:33.867799+00:00,,2026-09-25T15:00:33.868799+00:00,,2026-09-25T15:00:33.881800+00:00,,2026-09-25T15:00:33.870799+00:00,,2026-09-25T15:00:33.871799+00:00,,2026-09-25T15:00:33.872799+00:00,,2026-09-25T15:00:33.873799+00:00,,2026-09-25T15:00:33.874800+00:00,,2026-09-25T15:00:33.875800+00:00,,2026-09-25T15:00:33.863799+00:00,,2026-09-25T15:00:33.865799+00:00,,2026-09-25T15:00:33.879800+00:00,,2026-09-25T15:00:33.880800+00:00,,2026-09-25T15:00:33.882800+00:00,,2026-09-25T15:00:33.883800+00:00,,2026-09-25T15:00:33.884800+00:00,,2026-09-25T15:00:33.885800+00:00,,2026-09-25T15:00:33.886800+00:00,,2026-09-25T15:00:33.887800+00:00,,2026-09-25T15:00:33.888800+00:00,,2026-09-25T15:00:33.889800+00:00,,2026-09-25T15:00:33.890800+00:00,,2026-09-25T15:00:33.891801+00:00,,2026-09-25T15:00:33.892801+00:00,,2026-09-25T15:00:33.893801+00:00,,2026-09-25T15:00:33.894801+00:00,,2026-09-25T15:00:33.895801+00:00,,2026-09-25T15:00:33.896801+00:00,,2026-09-25T15:00:33.897801+00:00,,2026-09-25T15:00:33.898801+00:00,,2026-09-25T15:00:33.899801+00:00,,2026-09-25T15:00:33.912802+00:00,,2026-09-25T15:00:33.901801+00:00,,2026-09-25T15:00:33.902801+00:00,,2026-09-25T15:00:33.915802+00:00,,2026-09-25T15:00:33.905801+00:00,,2026-09-25T15:00:33.906801+00:00,,2026-09-25T15:00:33.907801+00:00,,2026-09-25T15:00:33.908801+00:00,,2026-09-25T15:00:33.909802+00:00,,2026-09-25T15:00:33.910802+00:00,,2026-09-25T15:00:33.911802+00:00,,2026-09-25T15:00:33.900801+00:00,,2026-09-25T15:00:33.913802+00:00,,2026-09-25T15:00:33.914802+00:00,,2026-09-25T15:00:33.904801+00:00,,2026-09-25T15:00:33.916802+00:00,,2026-09-25T15:00:33.917802+00:00,,2026-09-25T15:00:33.918802+00:00,,2026-09-25T15:00:33.931803+00:00,,2026-09-25T15:00:33.920802+00:00,,2026-09-25T15:00:33.921802+00:00,,2026-09-25T15:00:33.922802+00:00,,2026-09-25T15:00:33.923802+00:00,,2026-09-25T15:00:33.925802+00:00,,2026-09-25T15:00:33.926803+00:00,,2026-09-25T15:00:33.927803+00:00,,2026-09-25T15:00:33.928803+00:00,,2026-09-25T15:00:33.929803+00:00,,2026-09-25T15:00:33.930803+00:00,,2026-09-25T15:00:33.932803+00:00,,2026-09-25T15:00:33.933803+00:00,
34,2026-09-25T13:31:29.389286+00:00,2026-09-25T15:00:34.373828+00:00,108.006,2026-09-25T15:00:34.265822+00:00,,2026-09-25T15:00:34.275822+00:00,,2026-09-25T15:00:34.276823+00:00,,2026-09-25T15:00:34.278823+00:00,,2026-09-25T15:00:34.279823+00:00,,2026-09-25T15:00:34.280823+00:00,,2026-09-25T15:00:34.281823+00:00,,2026-09-25T15:00:34.282823+00:00,,2026-09-25T15:00:34.283823+00:00,,2026-09-25T15:00:34.284823+00:00,,2026-09-25T15:00:34.285823+00:00,,2026-09-25T15:00:34.286823+00:00,,2026-09-25T15:00:34.287823+00:00,,2026-09-25T15:00:34.288823+00:00,,2026-09-25T15:00:34.289823+00:00,,2026-09-25T15:00:34.290823+00:00,,2026-09-25T15:00:34.291823+00:00,,2026-09-25T15:00:34.292823+00:00,,2026-09-25T15:00:34.293824+00:00,,2026-09-25T15:00:34.294824+00:00,,2026-09-25T15:00:34.310824+00:00,,2026-09-25T15:00:34.297824+00:00,,2026-09-25T15:00:34.298824+00:00,,2026-09-25T15:00:34.299824+00:00,,2026-09-25T15:00:34.300824+00:00,,2026-09-25T15:00:34.301824+00:00,,2026-09-25T15:00:34.302824+00:00,,2026-09-25T15:00:34.303824+00:00,,2026-09-25T15:00:34.304824+00:00,,2026-09-25T15:00:34.320825+00:00,,2026-09-25T15:00:34.321825+00:00,,2026-09-25T15:00:34.296824+00:00,,2026-09-25T15:00:34.311825+00:00,,2026-09-25T15:00:34.312825+00:00,,2026-09-25T15:00:34.313825+00:00,,2026-09-25T15:00:34.314825+00:00,,2026-09-25T15:00:34.316825+00:00,,2026-09-25T15:00:34.317825+00:00,,2026-09-25T15:00:34.318825+00:00,,2026-09-25T15:00:34.331826+00:00,,2026-09-25T15:00:34.306824+00:00,,2026-09-25T15:00:34.308824+00:00,,2026-09-25T15:00:34.322825+00:00,,2026-09-25T15:00:34.323825+00:00,,2026-09-25T15:00:34.324825+00:00,,2026-09-25T15:00:34.325825+00:00,,2026-09-25T15:00:34.326825+00:00,,2026-09-25T15:00:34.327825+00:00,,2026-09-25T15:00:34.328826+00:00,,2026-09-25T15:00:34.344826+00:00,,2026-09-25T15:00:34.332826+00:00,,2026-09-25T15:00:34.333826+00:00,,2026-09-25T15:00:34.334826+00:00,,2026-09-25T15:00:34.335826+00:00,,2026-09-25T15:00:34.336826+00:00,,2026-09-25T15:00:34.337826+00:00,,2026-09-25T15:00:34.353827+00:00,,2026-09-25T15:00:34.354827+00:00,,2026-09-25T15:00:34.342826+00:00,,2026-09-25T15:00:34.330826+00:00,,2026-09-25T15:00:34.357827+00:00,,2026-09-25T15:00:34.347827+00:00,,2026-09-25T15:00:34.348827+00:00,,2026-09-25T15:00:34.349827+00:00,,2026-09-25T15:00:34.350827+00:00,,2026-09-25T15:00:34.351827+00:00,,2026-09-25T15:00:34.352827+00:00,,2026-09-25T15:00:34.339826+00:00,,2026-09-25T15:00:34.341826+00:00,,2026-09-25T15:00:34.355827+00:00,,2026-09-25T15:00:34.356827+00:00,,2026-09-25T15:00:34.346827+00:00,,2026-09-25T15:00:34.358827+00:00,,2026-09-25T15:00:34.359827+00:00,,2026-09-25T15:00:34.360827+00:00,,2026-09-25T15:00:34.362827+00:00,,2026-09-25T15:00:34.364828+00:00,,2026-09-25T15:00:34.366828+00:00,,2026-09-25T15:00:34.367828+00:00,,2026-09-25T15:00:34.368828+00:00,,2026-09-25T15:00:34.373828+00:00,,2026-09-25T15:00:34.370828+00:00,,2026-09-25T15:00:34.371828+00:00,
35,2026-09-25T13:31:29.900111+00:00,2026-09-25T15:00:34.836855+00:00,159.01000000000002,2026-09-25T15:00:34.677845+00:00,,2026-09-25T15:00:34.683846+00:00,,2026-09-25T15:00:34.701847+00:00,,2026-09-25T15:00:34.687846+00:00,,2026-09-25T15:00:34.689846+00:00,,2026-09-25T15:00:34.691846+00:00,,2026-09-25T15:00:34.693846+00:00,,2026-09-25T15:00:34.695847+00:00,,2026-09-25T15:00:34.696847+00:00,,2026-09-25T15:00:34.697847+00:00,,2026-09-25T15:00:34.685846+00:00,,2026-09-25T15:00:34.698847+00:00,,2026-09-25T15:00:34.700847+00:00,,2026-09-25T15:00:34.702847+00:00,,2026-09-25T15:00:34.704847+00:00,,2026-09-25T15:00:34.705847+00:00,,2026-09-25T15:00:34.725848+00:00,,2026-09-25T15:00:34.708847+00:00,,2026-09-25T15:00:34.728848+00:00,,2026-09-25T15:00:34.712847+00:00,,2026-09-25T15:00:34.713848+00:00,,2026-09-25T15:00:34.715848+00:00,,2026-09-25T15:00:34.716848+00:00,,2026-09-25T15:00:34.717848+00:00,,2026-09-25T15:00:34.742849+00:00,,2026-09-25T15:00:34.721848+00:00,,2026-09-25T15:00:34.723848+00:00,,2026-09-25T15:00:34.707847+00:00,,2026-09-25T15:00:34.727848+00:00,,2026-09-25T15:00:34.710847+00:00,,2026-09-25T15:00:34.730849+00:00,,2026-09-25T15:00:34.732849+00:00,,2026-09-25T15:00:34.734849+00:00,,2026-09-25T15:00:34.779851+00:00,,2026-09-25T15:00:34.738849+00:00,,2026-09-25T15:00:34.740849+00:00,,2026-09-25T15:00:34.744849+00:00,,2026-09-25T15:00:34.746849+00:00,,2026-09-25T15:00:34.748850+00:00,,2026-09-25T15:00:34.750850+00:00,,2026-09-25T15:00:34.752850+00:00,,2026-09-25T15:00:34.775851+00:00,,2026-09-25T15:00:34.756850+00:00,,2026-09-25T15:00:34.736849+00:00,,2026-09-25T15:00:34.760850+00:00,,2026-09-25T15:00:34.762850+00:00,,2026-09-25T15:00:34.764850+00:00,,2026-09-25T15:00:34.766851+00:00,,2026-09-25T15:00:34.768851+00:00,,2026-09-25T15:00:34.770851+00:00,,2026-09-25T15:00:34.772851+00:00,,2026-09-25T15:00:34.773851+00:00,,2026-09-25T15:00:34.754850+00:00,,2026-09-25T15:00:34.777851+00:00,,2026-09-25T15:00:34.758850+00:00,,2026-09-25T15:00:34.781851+00:00,,2026-09-25T15:00:34.783852+00:00,,2026-09-25T15:00:34.785852+00:00,,2026-09-25T15:00:34.787852+00:00,,2026-09-25T15:00:34.789852+00:00,,2026-09-25T15:00:34.793852+00:00,,2026-09-25T15:00:34.795852+00:00,,2026-09-25T15:00:34.797852+00:00,,2026-09-25T15:00:34.798852+00:00,,2026-09-25T15:00:34.800853+00:00,,2026-09-25T15:00:34.802853+00:00,,2026-09-25T15:00:34.804853+00:00,,2026-09-25T15:00:34.828854+00:00,,2026-09-25T15:00:34.808853+00:00,,2026-09-25T15:00:34.810853+00:00,,2026-09-25T15:00:34.812853+00:00,,2026-09-25T15:00:34.814853+00:00,,2026-09-25T15:00:34.816853+00:00,,2026-09-25T15:00:34.818854+00:00,,2026-09-25T15:00:34.820854+00:00,,2026-09-25T15:00:34.822854+00:00,,2026-09-25T15:00:34.824854+00:00,,2026-09-25T15:00:34.826854+00:00,,2026-09-25T15:00:34.806853+00:00,,2026-09-25T15:00:34.830854+00:00,,2026-09-25T15:00:34.832854+00:00,,2026-09-25T15:00:34.834854+00:00,,2026-09-25T15:00:34.836855+00:00,
36,2026-09-25T13:31:30.354880+00:00,2026-09-25T15:00:35.345884+00:00,182.011,2026-09-25T15:00:35.163873+00:00,,2026-09-25T15:00:35.177874+00:00,,2026-09-25T15:00:35.179874+00:00,,2026-09-25T15:00:35.181874+00:00,,2026-09-25T15:00:35.183874+00:00,,2026-09-25T15:00:35.185875+00:00,,2026-09-25T15:00:35.187875+00:00,,2026-09-25T15:00:35.189875+00:00,,2026-09-25T15:00:35.191875+00:00,,2026-09-25T15:00:35.193875+00:00,,2026-09-25T15:00:35.195875+00:00,,2026-09-25T15:00:35.197875+00:00,,2026-09-25T15:00:35.199875+00:00,,2026-09-25T15:00:35.201875+00:00,,2026-09-25T15:00:35.203876+00:00,,2026-09-25T15:00:35.205876+00:00,,2026-09-25T15:00:35.207876+00:00,,2026-09-25T15:00:35.209876+00:00,,2026-09-25T15:00:35.211876+00:00,,2026-09-25T15:00:35.213876+00:00,,2026-09-25T15:00:35.215876+00:00,,2026-09-25T15:00:35.217876+00:00,,2026-09-25T15:00:35.241878+00:00,,2026-09-25T15:00:35.221877+00:00,,2026-09-25T15:00:35.223877+00:00,,2026-09-25T15:00:35.225877+00:00,,2026-09-25T15:00:35.227877+00:00,,2026-09-25T15:00:35.229877+00:00,,2026-09-25T15:00:35.231877+00:00,,2026-09-25T15:00:35.233877+00:00,,2026-09-25T15:00:35.235877+00:00,,2026-09-25T15:00:35.237878+00:00,,2026-09-25T15:00:35.239878+00:00,,2026-09-25T15:00:35.243878+00:00,,2026-09-25T15:00:35.245878+00:00,,2026-09-25T15:00:35.247878+00:00,,2026-09-25T15:00:35.249878+00:00,,2026-09-25T15:00:35.251878+00:00,,2026-09-25T15:00:35.253878+00:00,,2026-09-25T15:00:35.255879+00:00,,2026-09-25T15:00:35.279880+00:00,,2026-09-25T15:00:35.259879+00:00,,2026-09-25T15:00:35.261879+00:00,,2026-09-25T15:00:35.263879+00:00,,2026-09-25T15:00:35.265879+00:00,,2026-09-25T15:00:35.267879+00:00,,2026-09-25T15:00:35.291881+00:00,,2026-09-25T15:00:35.271879+00:00,,2026-09-25T15:00:35.273880+00:00,,2026-09-25T15:00:35.275880+00:00,,2026-09-25T15:00:35.277880+00:00,,2026-09-25T15:00:35.257879+00:00,,2026-09-25T15:00:35.281880+00:00,,2026-09-25T15:00:35.283880+00:00,,2026-09-25T15:00:35.285880+00:00,,2026-09-25T15:00:35.287880+00:00,,2026-09-25T15:00:35.289880+00:00,,2026-09-25T15:00:35.293881+00:00,,2026-09-25T15:00:35.295881+00:00,,2026-09-25T15:00:35.297881+00:00,,2026-09-25T15:00:35.299881+00:00,,2026-09-25T15:00:35.301881+00:00,,2026-09-25T15:00:35.303881+00:00,,2026-09-25T15:00:35.305881+00:00,,2026-09-25T15:00:35.307882+00:00,,2026-09-25T15:00:35.309882+00:00,,2026-09-25T15:00:35.311882+00:00,,2026-09-25T15:00:35.335883+00:00,,2026-09-25T15:00:35.315882+00:00,,2026-09-25T15:00:35.317882+00:00,,2026-09-25T15:00:35.341883+00:00,,2026-09-25T15:00:35.321882+00:00,,2026-09-25T15:00:35.323882+00:00,,2026-09-25T15:00:35.325883+00:00,,2026-09-25T15:00:35.327883+00:00,,2026-09-25T15:00:35.329883+00:00,,2026-09-25T15:00:35.331883+00:00,,2026-09-25T15:00:35.333883+00:00,,2026-09-25T15:00:35.313882+00:00,,2026-09-25T15:00:35.337883+00:00,,2026-09-25T15:00:35.339883+00:00,,2026-09-25T15:00:35.343884+00:00,,2026-09-25T15:00:35.345884+00:00,
37,2026-09-25T13:31:30.756846+00:00,2026-09-25T15:00:35.747907+00:00,92.006,2026-09-25T15:00:35.655901+00:00,,2026-09-25T15:00:35.664902+00:00,,2026-09-25T15:00:35.665902+00:00,,2026-09-25T15:00:35.666902+00:00,,2026-09-25T15:00:35.678903+00:00,,2026-09-25T15:00:35.668902+00:00,,2026-09-25T15:00:35.669902+00:00,,2026-09-25T15:00:35.670902+00:00,,2026-09-25T15:00:35.671902+00:00,,2026-09-25T15:00:35.672902+00:00,,2026-09-25T15:00:35.673902+00:00,,2026-09-25T15:00:35.674903+00:00,,2026-09-25T15:00:35.675903+00:00,,2026-09-25T15:00:35.676903+00:00,,2026-09-25T15:00:35.677903+00:00,,2026-09-25T15:00:35.667902+00:00,,2026-09-25T15:00:35.679903+00:00,,2026-09-25T15:00:35.681903+00:00,,2026-09-25T15:00:35.682903+00:00,,2026-09-25T15:00:35.683903+00:00,,2026-09-25T15:00:35.684903+00:00,,2026-09-25T15:00:35.685903+00:00,,2026-09-25T15:00:35.686903+00:00,,2026-09-25T15:00:35.698904+00:00,,2026-09-25T15:00:35.699904+00:00,,2026-09-25T15:00:35.700904+00:00,,2026-09-25T15:00:35.690903+00:00,,2026-09-25T15:00:35.702904+00:00,,2026-09-25T15:00:35.692904+00:00,,2026-09-25T15:00:35.704904+00:00,,2026-09-25T15:00:35.694904+00:00,,2026-09-25T15:00:35.695904+00:00,,2026-09-25T15:00:35.696904+00:00,,2026-09-25T15:00:35.697904+00:00,,2026-09-25T15:00:35.687903+00:00,,2026-09-25T15:00:35.688903+00:00,,2026-09-25T15:00:35.689903+00:00,,2026-09-25T15:00:35.701904+00:00,,2026-09-25T15:00:35.691903+00:00,,2026-09-25T15:00:35.703904+00:00,,2026-09-25T15:00:35.693904+00:00,,2026-09-25T15:00:35.705904+00:00,,2026-09-25T15:00:35.706904+00:00,,2026-09-25T15:00:35.707904+00:00,,2026-09-25T15:00:35.708904+00:00,,2026-09-25T15:00:35.709905+00:00,,2026-09-25T15:00:35.710905+00:00,,2026-09-25T15:00:35.711905+00:00,,2026-09-25T15:00:35.712905+00:00,,2026-09-25T15:00:35.713905+00:00,,2026-09-25T15:00:35.714905+00:00,,2026-09-25T15:00:35.715905+00:00,,2026-09-25T15:00:35.716905+00:00,,2026-09-25T15:00:35.717905+00:00,,2026-09-25T15:00:35.730906+00:00,,2026-09-25T15:00:35.719905+00:00,,2026-09-25T15:00:35.720905+00:00,,2026-09-25T15:00:35.721905+00:00,,2026-09-25T15:00:35.722905+00:00,,2026-09-25T15:00:35.723905+00:00,,2026-09-25T15:00:35.724905+00:00,,2026-09-25T15:00:35.725905+00:00,,2026-09-25T15:00:35.726905+00:00,,2026-09-25T15:00:35.727906+00:00,,2026-09-25T15:00:35.728906+00:00,,2026-09-25T15:00:35.718905+00:00,,2026-09-25T15:00:35.731906+00:00,,2026-09-25T15:00:35.732906+00:00,,2026-09-25T15:00:35.744907+00:00,,2026-09-25T15:00:35.734906+00:00,,2026-09-25T15:00:35.735906+00:00,,2026-09-25T15:00:35.747907+00:00,,2026-09-25T15:00:35.737906+00:00,,2026-09-25T15:00:35.738906+00:00,,2026-09-25T15:00:35.739906+00:00,,2026-09-25T15:00:35.740906+00:00,,2026-09-25T15:00:35.741906+00:00,,2026-09-25T15:00:35.742906+00:00,,2026-09-25T15:00:35.743906+00:00,,2026-09-25T15:00:35.733906+00:00,,2026-09-25T15:00:35.745907+00:00,,2026-09-25T15:00:35.746907+00:00,,2026-09-25T15:00:35.736906+00:00,
38,2026-09-25T13:31:31.103849+00:00,2026-09-25T15:00:36.092926+00:00,92.00500000000001,2026-09-25T15:00:36.000921+00:00,,2026-09-25T15:00:36.009922+00:00,,2026-09-25T15:00:36.010922+00:00,,2026-09-25T15:00:36.011922+00:00,,2026-09-25T15:00:36.012922+00:00,,2026-09-25T15:00:36.013922+00:00,,2026-09-25T15:00:36.014922+00:00,,2026-09-25T15:00:36.015922+00:00,,2026-09-25T15:00:36.016922+00:00,,2026-09-25T15:00:36.028923+00:00,,2026-09-25T15:00:36.018922+00:00,,2026-09-25T15:00:36.019922+00:00,,2026-09-25T15:00:36.020922+00:00,,2026-09-25T15:00:36.021922+00:00,,2026-09-25T15:00:36.033923+00:00,,2026-09-25T15:00:36.023922+00:00,,2026-09-25T15:00:36.024923+00:00,,2026-09-25T15:00:36.025923+00:00,,2026-09-25T15:00:36.026923+00:00,,2026-09-25T15:00:36.027923+00:00,,2026-09-25T15:00:36.029923+00:00,,2026-09-25T15:00:36.041923+00:00,,2026-09-25T15:00:36.031923+00:00,,2026-09-25T15:00:36.032923+00:00,,2026-09-25T15:00:36.022922+00:00,,2026-09-25T15:00:36.034923+00:00,,2026-09-25T15:00:36.035923+00:00,,2026-09-25T15:00:36.036923+00:00,,2026-09-25T15:00:36.037923+00:00,,2026-09-25T15:00:36.038923+00:00,,2026-09-25T15:00:36.039923+00:00,,2026-09-25T15:00:36.040923+00:00,,2026-09-25T15:00:36.030923+00:00,,2026-09-25T15:00:36.042924+00:00,,2026-09-25T15:00:36.043924+00:00,,2026-09-25T15:00:36.044924+00:00,,2026-09-25T15:00:36.056924+00:00,,2026-09-25T15:00:36.046924+00:00,,2026-09-25T15:00:36.047924+00:00,,2026-09-25T15:00:36.048924+00:00,,2026-09-25T15:00:36.049924+00:00,,2026-09-25T15:00:36.050924+00:00,,2026-09-25T15:00:36.051924+00:00,,2026-09-25T15:00:36.052924+00:00,,2026-09-25T15:00:36.053924+00:00,,2026-09-25T15:00:36.054924+00:00,,2026-09-25T15:00:36.055924+00:00,,2026-09-25T15:00:36.045924+00:00,,2026-09-25T15:00:36.057924+00:00,,2026-09-25T15:00:36.058924+00:00,,2026-09-25T15:00:36.059925+00:00,,2026-09-25T15:00:36.060925+00:00,,2026-09-25T15:00:36.061925+00:00,,2026-09-25T15:00:36.062925+00:00,,2026-09-25T15:00:36.063925+00:00,,2026-09-25T15:00:36.064925+00:00,,2026-09-25T15:00:36.065925+00:00,,2026-09-25T15:00:36.066925+00:00,,2026-09-25T15:00:36.078926+00:00,,2026-09-25T15:00:36.068925+00:00,,2026-09-25T15:00:36.069925+00:00,,2026-09-25T15:00:36.070925+00:00,,2026-09-25T15:00:36.071925+00:00,,2026-09-25T15:00:36.072925+00:00,,2026-09-25T15:00:36.073925+00:00,,2026-09-25T15:00:36.074925+00:00,,2026-09-25T15:00:36.075925+00:00,,2026-09-25T15:00:36.076925+00:00,,2026-09-25T15:00:36.077926+00:00,,2026-09-25T15:00:36.079926+00:00,,2026-09-25T15:00:36.091926+00:00,,2026-09-25T15:00:36.081926+00:00,,2026-09-25T15:00:36.082926+00:00,,2026-09-25T15:00:36.083926+00:00,,2026-09-25T15:00:36.084926+00:00,,2026-09-25T15:00:36.085926+00:00,,2026-09-25T15:00:36.086926+00:00,,2026-09-25T15:00:36.087926+00:00,,2026-09-25T15:00:36.088926+00:00,,2026-09-25T15:00:36.089926+00:00,,2026-09-25T15:00:36.090926+00:00,,2026-09-25T15:00:36.080926+00:00,,2026-09-25T15:00:36.092926+00:00,
39,2026-09-25T13:31:31.458892+00:00,2026-09-25T15:00:36.447947+00:00,86.005,2026-09-25T15:00:36.361942+00:00,,2026-09-25T15:00:36.363942+00:00,,2026-09-25T15:00:36.364942+00:00,,2026-09-25T15:00:36.365942+00:00,,2026-09-25T15:00:36.377943+00:00,,2026-09-25T15:00:36.367942+00:00,,2026-09-25T15:00:36.368942+00:00,,2026-09-25T15:00:36.369942+00:00,,2026-09-25T15:00:36.370942+00:00,,2026-09-25T15:00:36.371942+00:00,,2026-09-25T15:00:36.372942+00:00,,2026-09-25T15:00:36.385943+00:00,,2026-09-25T15:00:36.374943+00:00,,2026-09-25T15:00:36.375943+00:00,,2026-09-25T15:00:36.376943+00:00,,2026-09-25T15:00:36.366942+00:00,,2026-09-25T15:00:36.379943+00:00,,2026-09-25T15:00:36.380943+00:00,,2026-09-25T15:00:36.381943+00:00,,2026-09-25T15:00:36.382943+00:00,,2026-09-25T15:00:36.383943+00:00,,2026-09-25T15:00:36.384943+00:00,,2026-09-25T15:00:36.373942+00:00,,2026-09-25T15:00:36.386943+00:00,,2026-09-25T15:00:36.387943+00:00,,2026-09-25T15:00:36.388943+00:00,,2026-09-25T15:00:36.401944+00:00,,2026-09-25T15:00:36.391944+00:00,,2026-09-25T15:00:36.392944+00:00,,2026-09-25T15:00:36.393944+00:00,,2026-09-25T15:00:36.394944+00:00,,2026-09-25T15:00:36.395944+00:00,,2026-09-25T15:00:36.396944+00:00,,2026-09-25T15:00:36.397944+00:00,,2026-09-25T15:00:36.431946+00:00,,2026-09-25T15:00:36.399944+00:00,,2026-09-25T15:00:36.400944+00:00,,2026-09-25T15:00:36.390943+00:00,,2026-09-25T15:00:36.402944+00:00,,2026-09-25T15:00:36.403944+00:00,,2026-09-25T15:00:36.404944+00:00,,2026-09-25T15:00:36.405944+00:00,,2026-09-25T15:00:36.406944+00:00,,2026-09-25T15:00:36.407944+00:00,,2026-09-25T15:00:36.408944+00:00,,2026-09-25T15:00:36.398944+00:00,,2026-09-25T15:00:36.410945+00:00,,2026-09-25T15:00:36.411945+00:00,,2026-09-25T15:00:36.412945+00:00,,2026-09-25T15:00:36.413945+00:00,,2026-09-25T15:00:36.414945+00:00,,2026-09-25T15:00:36.415945+00:00,,2026-09-25T15:00:36.416945+00:00,,2026-09-25T15:00:36.428946+00:00,,2026-09-25T15:00:36.418945+00:00,,2026-09-25T15:00:36.419945+00:00,,2026-09-25T15:00:36.409945+00:00,,2026-09-25T15:00:36.421945+00:00,,2026-09-25T15:00:36.422945+00:00,,2026-09-25T15:00:36.423945+00:00,,2026-09-25T15:00:36.424945+00:00,,2026-09-25T15:00:36.425945+00:00,,2026-09-25T15:00:36.426946+00:00,,2026-09-25T15:00:36.427946+00:00,,2026-09-25T15:00:36.429946+00:00,,2026-09-25T15:00:36.430946+00:00,,2026-09-25T15:00:36.420945+00:00,,2026-09-25T15:00:36.432946+00:00,,2026-09-25T15:00:36.433946+00:00,,2026-09-25T15:00:36.434946+00:00,,2026-09-25T15:00:36.435946+00:00,,2026-09-25T15:00:36.436946+00:00,,2026-09-25T15:00:36.437946+00:00,,2026-09-25T15:00:36.438946+00:00,,2026-09-25T15:00:36.439946+00:00,,2026-09-25T15:00:36.440946+00:00,,2026-09-25T15:00:36.441946+00:00,,2026-09-25T15:00:36.442946+00:00,,2026-09-25T15:00:36.443946+00:00,,2026-09-25T15:00:36.444947+00:00,,2026-09-25T15:00:36.445947+00:00,,2026-09-25T15:00:36.446947+00:00,,2026-09-25T15:00:36.447947+00:00,
40,2026-09-25T13:31:31.867598+00:00,2026-09-25T15:00:36.804967+00:00,99.006,2026-09-25T15:00:36.705961+00:00,,2026-09-25T15:00:36.722962+00:00,,2026-09-25T15:00:36.723963+00:00,,2026-09-25T15:00:36.724963+00:00,,2026-09-25T15:00:36.725963+00:00,,2026-09-25T15:00:36.726963+00:00,,2026-09-25T15:00:36.727963+00:00,,2026-09-25T15:00:36.728963+00:00,,2026-09-25T15:00:36.729963+00:00,,2026-09-25T15:00:36.730963+00:00,,2026-09-25T15:00:36.731963+00:00,,2026-09-25T15:00:36.732963+00:00,,2026-09-25T15:00:36.733963+00:00,,2026-09-25T15:00:36.734963+00:00,,2026-09-25T15:00:36.735963+00:00,,2026-09-25T15:00:36.758965+00:00,,2026-09-25T15:00:36.737963+00:00,,2026-09-25T15:00:36.738963+00:00,,2026-09-25T15:00:36.739963+00:00,,2026-09-25T15:00:36.740963+00:00,,2026-09-25T15:00:36.741964+00:00,,2026-09-25T15:00:36.742964+00:00,,2026-09-25T15:00:36.743964+00:00,,2026-09-25T15:00:36.744964+00:00,,2026-09-25T15:00:36.745964+00:00,,2026-09-25T15:00:36.746964+00:00,,2026-09-25T15:00:36.736963+00:00,,2026-09-25T15:00:36.748964+00:00,,2026-09-25T15:00:36.749964+00:00,,2026-09-25T15:00:36.750964+00:00,,2026-09-25T15:00:36.751964+00:00,,2026-09-25T15:00:36.752964+00:00,,2026-09-25T15:00:36.753964+00:00,,2026-09-25T15:00:36.754964+00:00,,2026-09-25T15:00:36.755964+00:00,,2026-09-25T15:00:36.778966+00:00,,2026-09-25T15:00:36.768965+00:00,,2026-09-25T15:00:36.747964+00:00,,2026-09-25T15:00:36.759965+00:00,,2026-09-25T15:00:36.760965+00:00,,2026-09-25T15:00:36.761965+00:00,,2026-09-25T15:00:36.762965+00:00,,2026-09-25T15:00:36.763965+00:00,,2026-09-25T15:00:36.764965+00:00,,2026-09-25T15:00:36.765965+00:00,,2026-09-25T15:00:36.766965+00:00,,2026-09-25T15:00:36.756964+00:00,,2026-09-25T15:00:36.757964+00:00,,2026-09-25T15:00:36.769965+00:00,,2026-09-25T15:00:36.770965+00:00,,2026-09-25T15:00:36.771965+00:00,,2026-09-25T15:00:36.772965+00:00,,2026-09-25T15:00:36.773965+00:00,,2026-09-25T15:00:36.774965+00:00,,2026-09-25T15:00:36.775965+00:00,,2026-09-25T15:00:36.776966+00:00,,2026-09-25T15:00:36.777966+00:00,,2026-09-25T15:00:36.779966+00:00,,2026-09-25T15:00:36.780966+00:00,,2026-09-25T15:00:36.781966+00:00,,2026-09-25T15:00:36.782966+00:00,,2026-09-25T15:00:36.783966+00:00,,2026-09-25T15:00:36.784966+00:00,,2026-09-25T15:00:36.785966+00:00,,2026-09-25T15:00:36.786966+00:00,,2026-09-25T15:00:36.787966+00:00,,2026-09-25T15:00:36.788966+00:00,,2026-09-25T15:00:36.789966+00:00,,2026-09-25T15:00:36.801967+00:00,,2026-09-25T15:00:36.791966+00:00,,2026-09-25T15:00:36.792966+00:00,,2026-09-25T15:00:36.793967+00:00,,2026-09-25T15:00:36.794967+00:00,,2026-09-25T15:00:36.795967+00:00,,2026-09-25T15:00:36.796967+00:00,,2026-09-25T15:00:36.797967+00:00,,2026-09-25T15:00:36.798967+00:00,,2026-09-25T15:00:36.799967+00:00,,2026-09-25T15:00:36.800967+00:00,,2026-09-25T15:00:36.790966+00:00,,2026-09-25T15:00:36.802967+00:00,,2026-09-25T15:00:36.803967+00:00,,2026-09-25T15:00:36.804967+00:00,
41,2026-09-25T13:31:32.239937+00:00,2026-09-25T15:00:37.202990+00:00,89.005,2026-09-25T15:00:37.113985+00:00,,2026-09-25T15:00:37.120985+00:00,,2026-09-25T15:00:37.121985+00:00,,2026-09-25T15:00:37.122985+00:00,,2026-09-25T15:00:37.123985+00:00,,2026-09-25T15:00:37.124985+00:00,,2026-09-25T15:00:37.125986+00:00,,2026-09-25T15:00:37.126986+00:00,,2026-09-25T15:00:37.127986+00:00,,2026-09-25T15:00:37.128986+00:00,,2026-09-25T15:00:37.129986+00:00,,2026-09-25T15:00:37.130986+00:00,,2026-09-25T15:00:37.131986+00:00,,2026-09-25T15:00:37.132986+00:00,,2026-09-25T15:00:37.133986+00:00,,2026-09-25T15:00:37.134986+00:00,,2026-09-25T15:00:37.135986+00:00,,2026-09-25T15:00:37.136986+00:00,,2026-09-25T15:00:37.148987+00:00,,2026-09-25T15:00:37.138986+00:00,,2026-09-25T15:00:37.139986+00:00,,2026-09-25T15:00:37.140986+00:00,,2026-09-25T15:00:37.141986+00:00,,2026-09-25T15:00:37.142986+00:00,,2026-09-25T15:00:37.143987+00:00,,2026-09-25T15:00:37.144987+00:00,,2026-09-25T15:00:37.145987+00:00,,2026-09-25T15:00:37.146987+00:00,,2026-09-25T15:00:37.147987+00:00,,2026-09-25T15:00:37.137986+00:00,,2026-09-25T15:00:37.149987+00:00,,2026-09-25T15:00:37.150987+00:00,,2026-09-25T15:00:37.151987+00:00,,2026-09-25T15:00:37.152987+00:00,,2026-09-25T15:00:37.153987+00:00,,2026-09-25T15:00:37.154987+00:00,,2026-09-25T15:00:37.155987+00:00,,2026-09-25T15:00:37.156987+00:00,,2026-09-25T15:00:37.157987+00:00,,2026-09-25T15:00:37.158987+00:00,,2026-09-25T15:00:37.159987+00:00,,2026-09-25T15:00:37.160988+00:00,,2026-09-25T15:00:37.161988+00:00,,2026-09-25T15:00:37.162988+00:00,,2026-09-25T15:00:37.163988+00:00,,2026-09-25T15:00:37.164988+00:00,,2026-09-25T15:00:37.165988+00:00,,2026-09-25T15:00:37.166988+00:00,,2026-09-25T15:00:37.178989+00:00,,2026-09-25T15:00:37.168988+00:00,,2026-09-25T15:00:37.169988+00:00,,2026-09-25T15:00:37.170988+00:00,,2026-09-25T15:00:37.171988+00:00,,2026-09-25T15:00:37.172988+00:00,,2026-09-25T15:00:37.173988+00:00,,2026-09-25T15:00:37.174988+00:00,,2026-09-25T15:00:37.175988+00:00,,2026-09-25T15:00:37.176988+00:00,,2026-09-25T15:00:37.177988+00:00,,2026-09-25T15:00:37.179989+00:00,,2026-09-25T15:00:37.180989+00:00,,2026-09-25T15:00:37.181989+00:00,,2026-09-25T15:00:37.182989+00:00,,2026-09-25T15:00:37.183989+00:00,,2026-09-25T15:00:37.184989+00:00,,2026-09-25T15:00:37.196990+00:00,,2026-09-25T15:00:37.186989+00:00,,2026-09-25T15:00:37.187989+00:00,,2026-09-25T15:00:37.188989+00:00,,2026-09-25T15:00:37.189989+00:00,,2026-09-25T15:00:37.190989+00:00,,2026-09-25T15:00:37.191989+00:00,,2026-09-25T15:00:37.192989+00:00,,2026-09-25T15:00:37.193989+00:00,,2026-09-25T15:00:37.194989+00:00,,2026-09-25T15:00:37.195990+00:00,,2026-09-25T15:00:37.185989+00:00,,2026-09-25T15:00:37.197990+00:00,,2026-09-25T15:00:37.198990+00:00,,2026-09-25T15:00:37.199990+00:00,,2026-09-25T15:00:37.200990+00:00,,2026-09-25T15:00:37.201990+00:00,,2026-09-25T15:00:37.202990+00:00,
42,2026-09-25T13:31:32.620007+00:00,2026-09-25T15:00:37.577011+00:00,89.005,2026-09-25T15:00:37.488006+00:00,,2026-09-25T15:00:37.494007+00:00,,2026-09-25T15:00:37.495007+00:00,,2026-09-25T15:00:37.496007+00:00,,2026-09-25T15:00:37.497007+00:00,,2026-09-25T15:00:37.498007+00:00,,2026-09-25T15:00:37.499007+00:00,,2026-09-25T15:00:37.500007+00:00,,2026-09-25T15:00:37.501007+00:00,,2026-09-25T15:00:37.502007+00:00,,2026-09-25T15:00:37.503007+00:00,,2026-09-25T15:00:37.504007+00:00,,2026-09-25T15:00:37.505007+00:00,,2026-09-25T15:00:37.506007+00:00,,2026-09-25T15:00:37.507007+00:00,,2026-09-25T15:00:37.508007+00:00,,2026-09-25T15:00:37.509007+00:00,,2026-09-25T15:00:37.510007+00:00,,2026-09-25T15:00:37.511008+00:00,,2026-09-25T15:00:37.512008+00:00,,2026-09-25T15:00:37.513008+00:00,,2026-09-25T15:00:37.514008+00:00,,2026-09-25T15:00:37.526008+00:00,,2026-09-25T15:00:37.516008+00:00,,2026-09-25T15:00:37.528008+00:00,,2026-09-25T15:00:37.518008+00:00,,2026-09-25T15:00:37.519008+00:00,,2026-09-25T15:00:37.520008+00:00,,2026-09-25T15:00:37.521008+00:00,,2026-09-25T15:00:37.522008+00:00,,2026-09-25T15:00:37.523008+00:00,,2026-09-25T15:00:37.535009+00:00,,2026-09-25T15:00:37.525008+00:00,,2026-09-25T15:00:37.515008+00:00,,2026-09-25T15:00:37.527008+00:00,,2026-09-25T15:00:37.529009+00:00,,2026-09-25T15:00:37.530009+00:00,,2026-09-25T15:00:37.531009+00:00,,2026-09-25T15:00:37.532009+00:00,,2026-09-25T15:00:37.533009+00:00,,2026-09-25T15:00:37.534009+00:00,,2026-09-25T15:00:37.524008+00:00,,2026-09-25T15:00:37.536009+00:00,,2026-09-25T15:00:37.537009+00:00,,2026-09-25T15:00:37.538009+00:00,,2026-09-25T15:00:37.539009+00:00,,2026-09-25T15:00:37.540009+00:00,,2026-09-25T15:00:37.541009+00:00,,2026-09-25T15:00:37.542009+00:00,,2026-09-25T15:00:37.543009+00:00,,2026-09-25T15:00:37.544009+00:00,,2026-09-25T15:00:37.556010+00:00,,2026-09-25T15:00:37.546010+00:00,,2026-09-25T15:00:37.547010+00:00,,2026-09-25T15:00:37.548010+00:00,,2026-09-25T15:00:37.549010+00:00,,2026-09-25T15:00:37.550010+00:00,,2026-09-25T15:00:37.551010+00:00,,2026-09-25T15:00:37.552010+00:00,,2026-09-25T15:00:37.553010+00:00,,2026-09-25T15:00:37.554010+00:00,,2026-09-25T15:00:37.555010+00:00,,2026-09-25T15:00:37.545009+00:00,,2026-09-25T15:00:37.557010+00:00,,2026-09-25T15:00:37.558010+00:00,,2026-09-25T15:00:37.559010+00:00,,2026-09-25T15:00:37.560010+00:00,,2026-09-25T15:00:37.561010+00:00,,2026-09-25T15:00:37.562010+00:00,,2026-09-25T15:00:37.563010+00:00,,2026-09-25T15:00:37.564011+00:00,,2026-09-25T15:00:37.565011+00:00,,2026-09-25T15:00:37.566011+00:00,,2026-09-25T15:00:37.577011+00:00,,2026-09-25T15:00:37.568011+00:00,,2026-09-25T15:00:37.569011+00:00,,2026-09-25T15:00:37.570011+00:00,,2026-09-25T15:00:37.571011+00:00,,2026-09-25T15:00:37.572011+00:00,,2026-09-25T15:00:37.573011+00:00,,2026-09-25T15:00:37.574011+00:00,,2026-09-25T15:00:37.575011+00:00,,2026-09-25T15:00:37.576011+00:00,
43,2026-09-25T13:31:33.042265+00:00,2026-09-25T15:00:37.995035+00:00,122.007,2026-09-25T15:00:37.873028+00:00,,2026-09-25T15:00:37.910030+00:00,,2026-09-25T15:00:37.911030+00:00,,2026-09-25T15:00:37.912030+00:00,,2026-09-25T15:00:37.913031+00:00,,2026-09-25T15:00:37.914031+00:00,,2026-09-25T15:00:37.915031+00:00,,2026-09-25T15:00:37.916031+00:00,,2026-09-25T15:00:37.930031+00:00,,2026-09-25T15:00:37.920031+00:00,,2026-09-25T15:00:37.932032+00:00,,2026-09-25T15:00:37.922031+00:00,,2026-09-25T15:00:37.923031+00:00,,2026-09-25T15:00:37.924031+00:00,,2026-09-25T15:00:37.925031+00:00,,2026-09-25T15:00:37.926031+00:00,,2026-09-25T15:00:37.927031+00:00,,2026-09-25T15:00:37.928031+00:00,,2026-09-25T15:00:37.929031+00:00,,2026-09-25T15:00:37.931032+00:00,,2026-09-25T15:00:37.921031+00:00,,2026-09-25T15:00:37.933032+00:00,,2026-09-25T15:00:37.934032+00:00,,2026-09-25T15:00:37.935032+00:00,,2026-09-25T15:00:37.936032+00:00,,2026-09-25T15:00:37.937032+00:00,,2026-09-25T15:00:37.938032+00:00,,2026-09-25T15:00:37.939032+00:00,,2026-09-25T15:00:37.940032+00:00,,2026-09-25T15:00:37.941032+00:00,,2026-09-25T15:00:37.942032+00:00,,2026-09-25T15:00:37.943032+00:00,,2026-09-25T15:00:37.944032+00:00,,2026-09-25T15:00:37.945032+00:00,,2026-09-25T15:00:37.946032+00:00,,2026-09-25T15:00:37.947032+00:00,,2026-09-25T15:00:37.948033+00:00,,2026-09-25T15:00:37.949033+00:00,,2026-09-25T15:00:37.950033+00:00,,2026-09-25T15:00:37.951033+00:00,,2026-09-25T15:00:37.952033+00:00,,2026-09-25T15:00:37.953033+00:00,,2026-09-25T15:00:37.954033+00:00,,2026-09-25T15:00:37.955033+00:00,,2026-09-25T15:00:37.956033+00:00,,2026-09-25T15:00:37.957033+00:00,,2026-09-25T15:00:37.958033+00:00,,2026-09-25T15:00:37.959033+00:00,,2026-09-25T15:00:37.971034+00:00,,2026-09-25T15:00:37.961033+00:00,,2026-09-25T15:00:37.962033+00:00,,2026-09-25T15:00:37.963033+00:00,,2026-09-25T15:00:37.964033+00:00,,2026-09-25T15:00:37.965033+00:00,,2026-09-25T15:00:37.966034+00:00,,2026-09-25T15:00:37.979034+00:00,,2026-09-25T15:00:37.968034+00:00,,2026-09-25T15:00:37.969034+00:00,,2026-09-25T15:00:37.970034+00:00,,2026-09-25T15:00:37.960033+00:00,,2026-09-25T15:00:37.972034+00:00,,2026-09-25T15:00:37.973034+00:00,,2026-09-25T15:00:37.974034+00:00,,2026-09-25T15:00:37.975034+00:00,,2026-09-25T15:00:37.976034+00:00,,2026-09-25T15:00:37.977034+00:00,,2026-09-25T15:00:37.978034+00:00,,2026-09-25T15:00:37.980034+00:00,,2026-09-25T15:00:37.992035+00:00,,2026-09-25T15:00:37.982034+00:00,,2026-09-25T15:00:37.983035+00:00,,2026-09-25T15:00:37.984035+00:00,,2026-09-25T15:00:37.985035+00:00,,2026-09-25T15:00:37.986035+00:00,,2026-09-25T15:00:37.987035+00:00,,2026-09-25T15:00:37.988035+00:00,,2026-09-25T15:00:37.989035+00:00,,2026-09-25T15:00:37.990035+00:00,,2026-09-25T15:00:37.991035+00:00,,2026-09-25T15:00:37.981034+00:00,,2026-09-25T15:00:37.993035+00:00,,2026-09-25T15:00:37.994035+00:00,,2026-09-25T15:00:37.995035+00:00,
44,2026-09-25T13:31:33.395724+00:00,2026-09-25T15:00:38.384057+00:00,93.00500000000001,2026-09-25T15:00:38.291052+00:00,,2026-09-25T15:00:38.301053+00:00,,2026-09-25T15:00:38.302053+00:00,,2026-09-25T15:00:38.303053+00:00,,2026-09-25T15:00:38.304053+00:00,,2026-09-25T15:00:38.305053+00:00,,2026-09-25T15:00:38.306053+00:00,,2026-09-25T15:00:38.307053+00:00,,2026-09-25T15:00:38.308053+00:00,,2026-09-25T15:00:38.309053+00:00,,2026-09-25T15:00:38.310053+00:00,,2026-09-25T15:00:38.311053+00:00,,2026-09-25T15:00:38.312053+00:00,,2026-09-25T15:00:38.313053+00:00,,2026-09-25T15:00:38.314053+00:00,,2026-09-25T15:00:38.315054+00:00,,2026-09-25T15:00:38.316054+00:00,,2026-09-25T15:00:38.328054+00:00,,2026-09-25T15:00:38.318054+00:00,,2026-09-25T15:00:38.319054+00:00,,2026-09-25T15:00:38.320054+00:00,,2026-09-25T15:00:38.321054+00:00,,2026-09-25T15:00:38.322054+00:00,,2026-09-25T15:00:38.323054+00:00,,2026-09-25T15:00:38.324054+00:00,,2026-09-25T15:00:38.325054+00:00,,2026-09-25T15:00:38.326054+00:00,,2026-09-25T15:00:38.327054+00:00,,2026-09-25T15:00:38.329054+00:00,,2026-09-25T15:00:38.330054+00:00,,2026-09-25T15:00:38.342055+00:00,,2026-09-25T15:00:38.332054+00:00,,2026-09-25T15:00:38.333055+00:00,,2026-09-25T15:00:38.345055+00:00,,2026-09-25T15:00:38.335055+00:00,,2026-09-25T15:00:38.336055+00:00,,2026-09-25T15:00:38.337055+00:00,,2026-09-25T15:00:38.338055+00:00,,2026-09-25T15:00:38.339055+00:00,,2026-09-25T15:00:38.340055+00:00,,2026-09-25T15:00:38.341055+00:00,,2026-09-25T15:00:38.331054+00:00,,2026-09-25T15:00:38.343055+00:00,,2026-09-25T15:00:38.344055+00:00,,2026-09-25T15:00:38.334055+00:00,,2026-09-25T15:00:38.346055+00:00,,2026-09-25T15:00:38.347055+00:00,,2026-09-25T15:00:38.348055+00:00,,2026-09-25T15:00:38.349055+00:00,,2026-09-25T15:00:38.350056+00:00,,2026-09-25T15:00:38.351056+00:00,,2026-09-25T15:00:38.352056+00:00,,2026-09-25T15:00:38.353056+00:00,,2026-09-25T15:00:38.354056+00:00,,2026-09-25T15:00:38.355056+00:00,,2026-09-25T15:00:38.356056+00:00,,2026-09-25T15:00:38.357056+00:00,,2026-09-25T15:00:38.358056+00:00,,2026-09-25T15:00:38.370057+00:00,,2026-09-25T15:00:38.360056+00:00,,2026-09-25T15:00:38.361056+00:00,,2026-09-25T15:00:38.362056+00:00,,2026-09-25T15:00:38.363056+00:00,,2026-09-25T15:00:38.364056+00:00,,2026-09-25T15:00:38.365056+00:00,,2026-09-25T15:00:38.366056+00:00,,2026-09-25T15:00:38.378057+00:00,,2026-09-25T15:00:38.368057+00:00,,2026-09-25T15:00:38.369057+00:00,,2026-09-25T15:00:38.359056+00:00,,2026-09-25T15:00:38.371057+00:00,,2026-09-25T15:00:38.372057+00:00,,2026-09-25T15:00:38.373057+00:00,,2026-09-25T15:00:38.374057+00:00,,2026-09-25T15:00:38.375057+00:00,,2026-09-25T15:00:38.376057+00:00,,2026-09-25T15:00:38.377057+00:00,,2026-09-25T15:00:38.379057+00:00,,2026-09-25T15:00:38.380057+00:00,,2026-09-25T15:00:38.381057+00:00,,2026-09-25T15:00:38.382057+00:00,,2026-09-25T15:00:38.383057+00:00,,2026-09-25T15:00:38.384057+00:00,
45,2026-09-25T13:31:33.784630+00:00,2026-09-25T15:00:38.754079+00:00,112.00699999999999,2026-09-25T15:00:38.642072+00:00,,2026-09-25T15:00:38.647073+00:00,,2026-09-25T15:00:38.648073+00:00,,2026-09-25T15:00:38.649073+00:00,,2026-09-25T15:00:38.650073+00:00,,2026-09-25T15:00:38.651073+00:00,,2026-09-25T15:00:38.676074+00:00,,2026-09-25T15:00:38.677074+00:00,,2026-09-25T15:00:38.679074+00:00,,2026-09-25T15:00:38.680074+00:00,,2026-09-25T15:00:38.681074+00:00,,2026-09-25T15:00:38.670074+00:00,,2026-09-25T15:00:38.671074+00:00,,2026-09-25T15:00:38.672074+00:00,,2026-09-25T15:00:38.673074+00:00,,2026-09-25T15:00:38.674074+00:00,,2026-09-25T15:00:38.675074+00:00,,2026-09-25T15:00:38.652073+00:00,,2026-09-25T15:00:38.653073+00:00,,2026-09-25T15:00:38.656073+00:00,,2026-09-25T15:00:38.657073+00:00,,2026-09-25T15:00:38.658073+00:00,,2026-09-25T15:00:38.659073+00:00,,2026-09-25T15:00:38.660073+00:00,,2026-09-25T15:00:38.661073+00:00,,2026-09-25T15:00:38.662073+00:00,,2026-09-25T15:00:38.663073+00:00,,2026-09-25T15:00:38.664073+00:00,,2026-09-25T15:00:38.665074+00:00,,2026-09-25T15:00:38.666074+00:00,,2026-09-25T15:00:38.667074+00:00,,2026-09-25T15:00:38.668074+00:00,,2026-09-25T15:00:38.669074+00:00,,2026-09-25T15:00:38.682075+00:00,,2026-09-25T15:00:38.727077+00:00,,2026-09-25T15:00:38.729077+00:00,,2026-09-25T15:00:38.752079+00:00,,2026-09-25T15:00:38.731077+00:00,,2026-09-25T15:00:38.720077+00:00,,2026-09-25T15:00:38.721077+00:00,,2026-09-25T15:00:38.722077+00:00,,2026-09-25T15:00:38.723077+00:00,,2026-09-25T15:00:38.724077+00:00,,2026-09-25T15:00:38.713076+00:00,,2026-09-25T15:00:38.726077+00:00,,2026-09-25T15:00:38.683075+00:00,,2026-09-25T15:00:38.684075+00:00,,2026-09-25T15:00:38.686075+00:00,,2026-09-25T15:00:38.687075+00:00,,2026-09-25T15:00:38.688075+00:00,,2026-09-25T15:00:38.709076+00:00,,2026-09-25T15:00:38.710076+00:00,,2026-09-25T15:00:38.711076+00:00,,2026-09-25T15:00:38.712076+00:00,,2026-09-25T15:00:38.725077+00:00,,2026-09-25T15:00:38.714076+00:00,,2026-09-25T15:00:38.715076+00:00,,2026-09-25T15:00:38.716076+00:00,,2026-09-25T15:00:38.717077+00:00,,2026-09-25T15:00:38.719077+00:00,,2026-09-25T15:00:38.732077+00:00,,2026-09-25T15:00:38.733077+00:00,,2026-09-25T15:00:38.734077+00:00,,2026-09-25T15:00:38.735078+00:00,,2026-09-25T15:00:38.736078+00:00,,2026-09-25T15:00:38.737078+00:00,,2026-09-25T15:00:38.738078+00:00,,2026-09-25T15:00:38.739078+00:00,,2026-09-25T15:00:38.751078+00:00,,2026-09-25T15:00:38.730077+00:00,,2026-09-25T15:00:38.742078+00:00,,2026-09-25T15:00:38.743078+00:00,,2026-09-25T15:00:38.744078+00:00,,2026-09-25T15:00:38.745078+00:00,,2026-09-25T15:00:38.746078+00:00,,2026-09-25T15:00:38.747078+00:00,,2026-09-25T15:00:38.748078+00:00,,2026-09-25T15:00:38.749078+00:00,,2026-09-25T15:00:38.750078+00:00,,2026-09-25T15:00:38.740078+00:00,,2026-09-25T15:00:38.741078+00:00,,2026-09-25T15:00:38.753079+00:00,,2026-09-25T15:00:38.754079+00:00,
46,2026-09-25T13:31:34.133700+00:00,2026-09-25T15:00:39.124100+00:00,94.006,2026-09-25T15:00:39.030094+00:00,,2026-09-25T15:00:39.041095+00:00,,2026-09-25T15:00:39.042095+00:00,,2026-09-25T15:00:39.043095+00:00,,2026-09-25T15:00:39.044095+00:00,,2026-09-25T15:00:39.045095+00:00,,2026-09-25T15:00:39.046095+00:00,,2026-09-25T15:00:39.047095+00:00,,2026-09-25T15:00:39.048095+00:00,,2026-09-25T15:00:39.049095+00:00,,2026-09-25T15:00:39.050096+00:00,,2026-09-25T15:00:39.051096+00:00,,2026-09-25T15:00:39.052096+00:00,,2026-09-25T15:00:39.053096+00:00,,2026-09-25T15:00:39.054096+00:00,,2026-09-25T15:00:39.055096+00:00,,2026-09-25T15:00:39.056096+00:00,,2026-09-25T15:00:39.057096+00:00,,2026-09-25T15:00:39.058096+00:00,,2026-09-25T15:00:39.059096+00:00,,2026-09-25T15:00:39.060096+00:00,,2026-09-25T15:00:39.061096+00:00,,2026-09-25T15:00:39.062096+00:00,,2026-09-25T15:00:39.063096+00:00,,2026-09-25T15:00:39.064096+00:00,,2026-09-25T15:00:39.065096+00:00,,2026-09-25T15:00:39.077097+00:00,,2026-09-25T15:00:39.067097+00:00,,2026-09-25T15:00:39.068097+00:00,,2026-09-25T15:00:39.069097+00:00,,2026-09-25T15:00:39.070097+00:00,,2026-09-25T15:00:39.071097+00:00,,2026-09-25T15:00:39.072097+00:00,,2026-09-25T15:00:39.073097+00:00,,2026-09-25T15:00:39.074097+00:00,,2026-09-25T15:00:39.075097+00:00,,2026-09-25T15:00:39.076097+00:00,,2026-09-25T15:00:39.078097+00:00,,2026-09-25T15:00:39.079097+00:00,,2026-09-25T15:00:39.080097+00:00,,2026-09-25T15:00:39.081097+00:00,,2026-09-25T15:00:39.082097+00:00,,2026-09-25T15:00:39.083097+00:00,,2026-09-25T15:00:39.084098+00:00,,2026-09-25T15:00:39.085098+00:00,,2026-09-25T15:00:39.086098+00:00,,2026-09-25T15:00:39.087098+00:00,,2026-09-25T15:00:39.088098+00:00,,2026-09-25T15:00:39.089098+00:00,,2026-09-25T15:00:39.090098+00:00,,2026-09-25T15:00:39.091098+00:00,,2026-09-25T15:00:39.092098+00:00,,2026-09-25T15:00:39.093098+00:00,,2026-09-25T15:00:39.094098+00:00,,2026-09-25T15:00:39.095098+00:00,,2026-09-25T15:00:39.096098+00:00,,2026-09-25T15:00:39.097098+00:00,,2026-09-25T15:00:39.098098+00:00,,2026-09-25T15:00:39.110099+00:00,,2026-09-25T15:00:39.100098+00:00,,2026-09-25T15:00:39.101098+00:00,,2026-09-25T15:00:39.102099+00:00,,2026-09-25T15:00:39.103099+00:00,,2026-09-25T15:00:39.104099+00:00,,2026-09-25T15:00:39.105099+00:00,,2026-09-25T15:00:39.106099+00:00,,2026-09-25T15:00:39.107099+00:00,,2026-09-25T15:00:39.108099+00:00,,2026-09-25T15:00:39.109099+00:00,,2026-09-25T15:00:39.099098+00:00,,2026-09-25T15:00:39.111099+00:00,,2026-09-25T15:00:39.112099+00:00,,2026-09-25T15:00:39.113099+00:00,,2026-09-25T15:00:39.114099+00:00,,2026-09-25T15:00:39.115099+00:00,,2026-09-25T15:00:39.124100+00:00,,2026-09-25T15:00:39.117099+00:00,,2026-09-25T15:00:39.118099+00:00,,2026-09-25T15:00:39.119100+00:00,,2026-09-25T15:00:39.120100+00:00,,2026-09-25T15:00:39.121100+00:00,,2026-09-25T15:00:39.122100+00:00,,2026-09-25T15:00:39.123100+00:00,
47,2026-09-25T13:31:34.484493+00:00,2026-09-25T15:00:39.475120+00:00,89.005,2026-09-25T15:00:39.386115+00:00,,2026-09-25T15:00:39.391115+00:00,,2026-09-25T15:00:39.392115+00:00,,2026-09-25T15:00:39.393115+00:00,,2026-09-25T15:00:39.394115+00:00,,2026-09-25T15:00:39.395115+00:00,,2026-09-25T15:00:39.396115+00:00,,2026-09-25T15:00:39.397115+00:00,,2026-09-25T15:00:39.398115+00:00,,2026-09-25T15:00:39.399116+00:00,,2026-09-25T15:00:39.411116+00:00,,2026-09-25T15:00:39.412116+00:00,,2026-09-25T15:00:39.402116+00:00,,2026-09-25T15:00:39.403116+00:00,,2026-09-25T15:00:39.404116+00:00,,2026-09-25T15:00:39.405116+00:00,,2026-09-25T15:00:39.406116+00:00,,2026-09-25T15:00:39.407116+00:00,,2026-09-25T15:00:39.408116+00:00,,2026-09-25T15:00:39.409116+00:00,,2026-09-25T15:00:39.410116+00:00,,2026-09-25T15:00:39.400116+00:00,,2026-09-25T15:00:39.401116+00:00,,2026-09-25T15:00:39.413116+00:00,,2026-09-25T15:00:39.414116+00:00,,2026-09-25T15:00:39.415116+00:00,,2026-09-25T15:00:39.428117+00:00,,2026-09-25T15:00:39.429117+00:00,,2026-09-25T15:00:39.418117+00:00,,2026-09-25T15:00:39.419117+00:00,,2026-09-25T15:00:39.420117+00:00,,2026-09-25T15:00:39.421117+00:00,,2026-09-25T15:00:39.422117+00:00,,2026-09-25T15:00:39.423117+00:00,,2026-09-25T15:00:39.424117+00:00,,2026-09-25T15:00:39.425117+00:00,,2026-09-25T15:00:39.426117+00:00,,2026-09-25T15:00:39.416116+00:00,,2026-09-25T15:00:39.417117+00:00,,2026-09-25T15:00:39.430117+00:00,,2026-09-25T15:00:39.443118+00:00,,2026-09-25T15:00:39.433117+00:00,,2026-09-25T15:00:39.434118+00:00,,2026-09-25T15:00:39.446118+00:00,,2026-09-25T15:00:39.436118+00:00,,2026-09-25T15:00:39.437118+00:00,,2026-09-25T15:00:39.438118+00:00,,2026-09-25T15:00:39.439118+00:00,,2026-09-25T15:00:39.440118+00:00,,2026-09-25T15:00:39.441118+00:00,,2026-09-25T15:00:39.442118+00:00,,2026-09-25T15:00:39.432117+00:00,,2026-09-25T15:00:39.444118+00:00,,2026-09-25T15:00:39.445118+00:00,,2026-09-25T15:00:39.435118+00:00,,2026-09-25T15:00:39.447118+00:00,,2026-09-25T15:00:39.448118+00:00,,2026-09-25T15:00:39.449118+00:00,,2026-09-25T15:00:39.450118+00:00,,2026-09-25T15:00:39.451118+00:00,,2026-09-25T15:00:39.452119+00:00,,2026-09-25T15:00:39.453119+00:00,,2026-09-25T15:00:39.454119+00:00,,2026-09-25T15:00:39.455119+00:00,,2026-09-25T15:00:39.456119+00:00,,2026-09-25T15:00:39.457119+00:00,,2026-09-25T15:00:39.458119+00:00,,2026-09-25T15:00:39.459119+00:00,,2026-09-25T15:00:39.460119+00:00,,2026-09-25T15:00:39.461119+00:00,,2026-09-25T15:00:39.462119+00:00,,2026-09-25T15:00:39.463119+00:00,,2026-09-25T15:00:39.464119+00:00,,2026-09-25T15:00:39.465119+00:00,,2026-09-25T15:00:39.475120+00:00,,2026-09-25T15:00:39.467119+00:00,,2026-09-25T15:00:39.468119+00:00,,2026-09-25T15:00:39.469120+00:00,,2026-09-25T15:00:39.470120+00:00,,2026-09-25T15:00:39.471120+00:00,,2026-09-25T15:00:39.472120+00:00,,2026-09-25T15:00:39.473120+00:00,,2026-09-25T15:00:39.474120+00:00,
48,2026-09-25T13:31:34.858323+00:00,2026-09-25T15:00:39.829140+00:00,96.005,2026-09-25T15:00:39.733135+00:00,,2026-09-25T15:00:39.746135+00:00,,2026-09-25T15:00:39.747135+00:00,,2026-09-25T15:00:39.748135+00:00,,2026-09-25T15:00:39.749136+00:00,,2026-09-25T15:00:39.750136+00:00,,2026-09-25T15:00:39.762136+00:00,,2026-09-25T15:00:39.752136+00:00,,2026-09-25T15:00:39.753136+00:00,,2026-09-25T15:00:39.754136+00:00,,2026-09-25T15:00:39.755136+00:00,,2026-09-25T15:00:39.756136+00:00,,2026-09-25T15:00:39.779137+00:00,,2026-09-25T15:00:39.769137+00:00,,2026-09-25T15:00:39.759136+00:00,,2026-09-25T15:00:39.760136+00:00,,2026-09-25T15:00:39.761136+00:00,,2026-09-25T15:00:39.751136+00:00,,2026-09-25T15:00:39.763136+00:00,,2026-09-25T15:00:39.764136+00:00,,2026-09-25T15:00:39.765136+00:00,,2026-09-25T15:00:39.777137+00:00,,2026-09-25T15:00:39.767137+00:00,,2026-09-25T15:00:39.757136+00:00,,2026-09-25T15:00:39.758136+00:00,,2026-09-25T15:00:39.770137+00:00,,2026-09-25T15:00:39.771137+00:00,,2026-09-25T15:00:39.772137+00:00,,2026-09-25T15:00:39.773137+00:00,,2026-09-25T15:00:39.774137+00:00,,2026-09-25T15:00:39.775137+00:00,,2026-09-25T15:00:39.776137+00:00,,2026-09-25T15:00:39.789138+00:00,,2026-09-25T15:00:39.768137+00:00,,2026-09-25T15:00:39.780137+00:00,,2026-09-25T15:00:39.781137+00:00,,2026-09-25T15:00:39.782137+00:00,,2026-09-25T15:00:39.783137+00:00,,2026-09-25T15:00:39.784138+00:00,,2026-09-25T15:00:39.785138+00:00,,2026-09-25T15:00:39.786138+00:00,,2026-09-25T15:00:39.787138+00:00,,2026-09-25T15:00:39.788138+00:00,,2026-09-25T15:00:39.778137+00:00,,2026-09-25T15:00:39.801139+00:00,,2026-09-25T15:00:39.802139+00:00,,2026-09-25T15:00:39.792138+00:00,,2026-09-25T15:00:39.793138+00:00,,2026-09-25T15:00:39.794138+00:00,,2026-09-25T15:00:39.795138+00:00,,2026-09-25T15:00:39.796138+00:00,,2026-09-25T15:00:39.797138+00:00,,2026-09-25T15:00:39.798138+00:00,,2026-09-25T15:00:39.799138+00:00,,2026-09-25T15:00:39.800138+00:00,,2026-09-25T15:00:39.790138+00:00,,2026-09-25T15:00:39.791138+00:00,,2026-09-25T15:00:39.803139+00:00,,2026-09-25T15:00:39.804139+00:00,,2026-09-25T15:00:39.805139+00:00,,2026-09-25T15:00:39.806139+00:00,,2026-09-25T15:00:39.807139+00:00,,2026-09-25T15:00:39.808139+00:00,,2026-09-25T15:00:39.809139+00:00,,2026-09-25T15:00:39.810139+00:00,,2026-09-25T15:00:39.811139+00:00,,2026-09-25T15:00:39.812139+00:00,,2026-09-25T15:00:39.813139+00:00,,2026-09-25T15:00:39.814139+00:00,,2026-09-25T15:00:39.815139+00:00,,2026-09-25T15:00:39.827140+00:00,,2026-09-25T15:00:39.817139+00:00,,2026-09-25T15:00:39.818139+00:00,,2026-09-25T15:00:39.819140+00:00,,2026-09-25T15:00:39.820140+00:00,,2026-09-25T15:00:39.821140+00:00,,2026-09-25T15:00:39.822140+00:00,,2026-09-25T15:00:39.823140+00:00,,2026-09-25T15:00:39.824140+00:00,,2026-09-25T15:00:39.825140+00:00,,2026-09-25T15:00:39.826140+00:00,,2026-09-25T15:00:39.828140+00:00,,2026-09-25T15:00:39.829140+00:00,
49,2026-09-25T13:31:35.260874+00:00,2026-09-25T15:00:40.234163+00:00,102.006,2026-09-25T15:00:40.132157+00:00,,2026-09-25T15:00:40.151159+00:00,,2026-09-25T15:00:40.152159+00:00,,2026-09-25T15:00:40.153159+00:00,,2026-09-25T15:00:40.154159+00:00,,2026-09-25T15:00:40.155159+00:00,,2026-09-25T15:00:40.156159+00:00,,2026-09-25T15:00:40.157159+00:00,,2026-09-25T15:00:40.158159+00:00,,2026-09-25T15:00:40.159159+00:00,,2026-09-25T15:00:40.160159+00:00,,2026-09-25T15:00:40.161159+00:00,,2026-09-25T15:00:40.162159+00:00,,2026-09-25T15:00:40.163159+00:00,,2026-09-25T15:00:40.164159+00:00,,2026-09-25T15:00:40.176160+00:00,,2026-09-25T15:00:40.166159+00:00,,2026-09-25T15:00:40.167159+00:00,,2026-09-25T15:00:40.168160+00:00,,2026-09-25T15:00:40.169160+00:00,,2026-09-25T15:00:40.170160+00:00,,2026-09-25T15:00:40.171160+00:00,,2026-09-25T15:00:40.172160+00:00,,2026-09-25T15:00:40.173160+00:00,,2026-09-25T15:00:40.174160+00:00,,2026-09-25T15:00:40.175160+00:00,,2026-09-25T15:00:40.177160+00:00,,2026-09-25T15:00:40.178160+00:00,,2026-09-25T15:00:40.179160+00:00,,2026-09-25T15:00:40.180160+00:00,,2026-09-25T15:00:40.181160+00:00,,2026-09-25T15:00:40.182160+00:00,,2026-09-25T15:00:40.183160+00:00,,2026-09-25T15:00:40.184160+00:00,,2026-09-25T15:00:40.185160+00:00,,2026-09-25T15:00:40.186161+00:00,,2026-09-25T15:00:40.187161+00:00,,2026-09-25T15:00:40.188161+00:00,,2026-09-25T15:00:40.189161+00:00,,2026-09-25T15:00:40.190161+00:00,,2026-09-25T15:00:40.191161+00:00,,2026-09-25T15:00:40.192161+00:00,,2026-09-25T15:00:40.193161+00:00,,2026-09-25T15:00:40.194161+00:00,,2026-09-25T15:00:40.195161+00:00,,2026-09-25T15:00:40.196161+00:00,,2026-09-25T15:00:40.197161+00:00,,2026-09-25T15:00:40.198161+00:00,,2026-09-25T15:00:40.199161+00:00,,2026-09-25T15:00:40.200161+00:00,,2026-09-25T15:00:40.201161+00:00,,2026-09-25T15:00:40.202161+00:00,,2026-09-25T15:00:40.203162+00:00,,2026-09-25T15:00:40.204162+00:00,,2026-09-25T15:00:40.205162+00:00,,2026-09-25T15:00:40.206162+00:00,,2026-09-25T15:00:40.207162+00:00,,2026-09-25T15:00:40.208162+00:00,,2026-09-25T15:00:40.209162+00:00,,2026-09-25T15:00:40.210162+00:00,,2026-09-25T15:00:40.211162+00:00,,2026-09-25T15:00:40.212162+00:00,,2026-09-25T15:00:40.213162+00:00,,2026-09-25T15:00:40.214162+00:00,,2026-09-25T15:00:40.226163+00:00,,2026-09-25T15:00:40.216162+00:00,,2026-09-25T15:00:40.217162+00:00,,2026-09-25T15:00:40.218162+00:00,,2026-09-25T15:00:40.219162+00:00,,2026-09-25T15:00:40.220162+00:00,,2026-09-25T15:00:40.221163+00:00,,2026-09-25T15:00:40.222163+00:00,,2026-09-25T15:00:40.223163+00:00,,2026-09-25T15:00:40.224163+00:00,,2026-09-25T15:00:40.225163+00:00,,2026-09-25T15:00:40.227163+00:00,,2026-09-25T15:00:40.228163+00:00,,2026-09-25T15:00:40.229163+00:00,,2026-09-25T15:00:40.230163+00:00,,2026-09-25T15:00:40.231163+00:00,,2026-09-25T15:00:40.232163+00:00,,2026-09-25T15:00:40.233163+00:00,,2026-09-25T15:00:40.234163+00:00,
50,2026-09-25T13:31:35.625216+00:00,2026-09-25T15:00:40.612185+00:00,102.006,2026-09-25T15:00:40.510179+00:00,,2026-09-25T15:00:40.530180+00:00,,2026-09-25T15:00:40.531180+00:00,,2026-09-25T15:00:40.532180+00:00,,2026-09-25T15:00:40.533180+00:00,,2026-09-25T15:00:40.534180+00:00,,2026-09-25T15:00:40.535180+00:00,,2026-09-25T15:00:40.536181+00:00,,2026-09-25T15:00:40.537181+00:00,,2026-09-25T15:00:40.538181+00:00,,2026-09-25T15:00:40.539181+00:00,,2026-09-25T15:00:40.540181+00:00,,2026-09-25T15:00:40.541181+00:00,,2026-09-25T15:00:40.542181+00:00,,2026-09-25T15:00:40.543181+00:00,,2026-09-25T15:00:40.544181+00:00,,2026-09-25T15:00:40.545181+00:00,,2026-09-25T15:00:40.546181+00:00,,2026-09-25T15:00:40.547181+00:00,,2026-09-25T15:00:40.548181+00:00,,2026-09-25T15:00:40.549181+00:00,,2026-09-25T15:00:40.550181+00:00,,2026-09-25T15:00:40.551181+00:00,,2026-09-25T15:00:40.552181+00:00,,2026-09-25T15:00:40.553182+00:00,,2026-09-25T15:00:40.554182+00:00,,2026-09-25T15:00:40.566182+00:00,,2026-09-25T15:00:40.567182+00:00,,2026-09-25T15:00:40.557182+00:00,,2026-09-25T15:00:40.558182+00:00,,2026-09-25T15:00:40.559182+00:00,,2026-09-25T15:00:40.560182+00:00,,2026-09-25T15:00:40.561182+00:00,,2026-09-25T15:00:40.562182+00:00,,2026-09-25T15:00:40.563182+00:00,,2026-09-25T15:00:40.564182+00:00,,2026-09-25T15:00:40.576183+00:00,,2026-09-25T15:00:40.555182+00:00,,2026-09-25T15:00:40.556182+00:00,,2026-09-25T15:00:40.568182+00:00,,2026-09-25T15:00:40.569182+00:00,,2026-09-25T15:00:40.570182+00:00,,2026-09-25T15:00:40.571183+00:00,,2026-09-25T15:00:40.572183+00:00,,2026-09-25T15:00:40.573183+00:00,,2026-09-25T15:00:40.574183+00:00,,2026-09-25T15:00:40.575183+00:00,,2026-09-25T15:00:40.577183+00:00,,2026-09-25T15:00:40.578183+00:00,,2026-09-25T15:00:40.579183+00:00,,2026-09-25T15:00:40.580183+00:00,,2026-09-25T15:00:40.581183+00:00,,2026-09-25T15:00:40.582183+00:00,,2026-09-25T15:00:40.583183+00:00,,2026-09-25T15:00:40.584183+00:00,,2026-09-25T15:00:40.585183+00:00,,2026-09-25T15:00:40.586183+00:00,,2026-09-25T15:00:40.587183+00:00,,2026-09-25T15:00:40.588184+00:00,,2026-09-25T15:00:40.589184+00:00,,2026-09-25T15:00:40.590184+00:00,,2026-09-25T15:00:40.591184+00:00,,2026-09-25T15:00:40.592184+00:00,,2026-09-25T15:00:40.593184+00:00,,2026-09-25T15:00:40.594184+00:00,,2026-09-25T15:00:40.595184+00:00,,2026-09-25T15:00:40.596184+00:00,,2026-09-25T15:00:40.597184+00:00,,2026-09-25T15:00:40.598184+00:00,,2026-09-25T15:00:40.599184+00:00,,2026-09-25T15:00:40.600184+00:00,,2026-09-25T15:00:40.601184+00:00,,2026-09-25T15:00:40.602184+00:00,,2026-09-25T15:00:40.603184+00:00,,2026-09-25T15:00:40.604184+00:00,,2026-09-25T15:00:40.605185+00:00,,2026-09-25T15:00:40.606185+00:00,,2026-09-25T15:00:40.607185+00:00,,2026-09-25T15:00:40.608185+00:00,,2026-09-25T15:00:40.609185+00:00,,2026-09-25T15:00:40.610185+00:00,,2026-09-25T15:00:40.611185+00:00,,2026-09-25T15:00:40.612185+00:00,
51,2026-09-25T13:31:35.999658+00:00,2026-09-25T15:00:40.981206+00:00,89.005,2026-09-25T15:00:40.894201+00:00,,2026-09-25T15:00:40.895201+00:00,,2026-09-25T15:00:40.892201+00:00,,2026-09-25T15:00:40.896201+00:00,,2026-09-25T15:00:40.897201+00:00,,2026-09-25T15:00:40.898201+00:00,,2026-09-25T15:00:40.900201+00:00,,2026-09-25T15:00:40.901201+00:00,,2026-09-25T15:00:40.902201+00:00,,2026-09-25T15:00:40.903202+00:00,,2026-09-25T15:00:40.904202+00:00,,2026-09-25T15:00:40.905202+00:00,,2026-09-25T15:00:40.906202+00:00,,2026-09-25T15:00:40.907202+00:00,,2026-09-25T15:00:40.908202+00:00,,2026-09-25T15:00:40.909202+00:00,,2026-09-25T15:00:40.910202+00:00,,2026-09-25T15:00:40.911202+00:00,,2026-09-25T15:00:40.912202+00:00,,2026-09-25T15:00:40.913202+00:00,,2026-09-25T15:00:40.914202+00:00,,2026-09-25T15:00:40.937203+00:00,,2026-09-25T15:00:40.916202+00:00,,2026-09-25T15:00:40.917202+00:00,,2026-09-25T15:00:40.918202+00:00,,2026-09-25T15:00:40.919202+00:00,,2026-09-25T15:00:40.920203+00:00,,2026-09-25T15:00:40.921203+00:00,,2026-09-25T15:00:40.922203+00:00,,2026-09-25T15:00:40.923203+00:00,,2026-09-25T15:00:40.924203+00:00,,2026-09-25T15:00:40.925203+00:00,,2026-09-25T15:00:40.938204+00:00,,2026-09-25T15:00:40.928203+00:00,,2026-09-25T15:00:40.940204+00:00,,2026-09-25T15:00:40.930203+00:00,,2026-09-25T15:00:40.931203+00:00,,2026-09-25T15:00:40.932203+00:00,,2026-09-25T15:00:40.933203+00:00,,2026-09-25T15:00:40.934203+00:00,,2026-09-25T15:00:40.935203+00:00,,2026-09-25T15:00:40.936203+00:00,,2026-09-25T15:00:40.926203+00:00,,2026-09-25T15:00:40.927203+00:00,,2026-09-25T15:00:40.939204+00:00,,2026-09-25T15:00:40.929203+00:00,,2026-09-25T15:00:40.941204+00:00,,2026-09-25T15:00:40.942204+00:00,,2026-09-25T15:00:40.943204+00:00,,2026-09-25T15:00:40.955205+00:00,,2026-09-25T15:00:40.945204+00:00,,2026-09-25T15:00:40.946204+00:00,,2026-09-25T15:00:40.947204+00:00,,2026-09-25T15:00:40.948204+00:00,,2026-09-25T15:00:40.949204+00:00,,2026-09-25T15:00:40.950204+00:00,,2026-09-25T15:00:40.951204+00:00,,2026-09-25T15:00:40.952204+00:00,,2026-09-25T15:00:40.953204+00:00,,2026-09-25T15:00:40.954204+00:00,,2026-09-25T15:00:40.944204+00:00,,2026-09-25T15:00:40.956205+00:00,,2026-09-25T15:00:40.957205+00:00,,2026-09-25T15:00:40.958205+00:00,,2026-09-25T15:00:40.961205+00:00,,2026-09-25T15:00:40.974206+00:00,,2026-09-25T15:00:40.964205+00:00,,2026-09-25T15:00:40.977206+00:00,,2026-09-25T15:00:40.966205+00:00,,2026-09-25T15:00:40.967205+00:00,,2026-09-25T15:00:40.968205+00:00,,2026-09-25T15:00:40.969205+00:00,,2026-09-25T15:00:40.970205+00:00,,2026-09-25T15:00:40.971205+00:00,,2026-09-25T15:00:40.972205+00:00,,2026-09-25T15:00:40.973206+00:00,,2026-09-25T15:00:40.963205+00:00,,2026-09-25T15:00:40.975206+00:00,,2026-09-25T15:00:40.976206+00:00,,2026-09-25T15:00:40.978206+00:00,,2026-09-25T15:00:40.979206+00:00,,2026-09-25T15:00:40.980206+00:00,,2026-09-25T15:00:40.981206+00:00,
52,2026-09-25T13:31:36.393033+00:00,2026-09-25T15:00:41.363228+00:00,94.006,2026-09-25T15:00:41.269222+00:00,,2026-09-25T15:00:41.281223+00:00,,2026-09-25T15:00:41.293224+00:00,,2026-09-25T15:00:41.283223+00:00,,2026-09-25T15:00:41.284223+00:00,,2026-09-25T15:00:41.285223+00:00,,2026-09-25T15:00:41.286223+00:00,,2026-09-25T15:00:41.287224+00:00,,2026-09-25T15:00:41.277223+00:00,,2026-09-25T15:00:41.278223+00:00,,2026-09-25T15:00:41.290224+00:00,,2026-09-25T15:00:41.291224+00:00,,2026-09-25T15:00:41.292224+00:00,,2026-09-25T15:00:41.282223+00:00,,2026-09-25T15:00:41.294224+00:00,,2026-09-25T15:00:41.295224+00:00,,2026-09-25T15:00:41.296224+00:00,,2026-09-25T15:00:41.308225+00:00,,2026-09-25T15:00:41.298224+00:00,,2026-09-25T15:00:41.299224+00:00,,2026-09-25T15:00:41.300224+00:00,,2026-09-25T15:00:41.301224+00:00,,2026-09-25T15:00:41.302224+00:00,,2026-09-25T15:00:41.303224+00:00,,2026-09-25T15:00:41.304224+00:00,,2026-09-25T15:00:41.316225+00:00,,2026-09-25T15:00:41.306225+00:00,,2026-09-25T15:00:41.307225+00:00,,2026-09-25T15:00:41.297224+00:00,,2026-09-25T15:00:41.309225+00:00,,2026-09-25T15:00:41.310225+00:00,,2026-09-25T15:00:41.322226+00:00,,2026-09-25T15:00:41.312225+00:00,,2026-09-25T15:00:41.313225+00:00,,2026-09-25T15:00:41.314225+00:00,,2026-09-25T15:00:41.326226+00:00,,2026-09-25T15:00:41.305225+00:00,,2026-09-25T15:00:41.317225+00:00,,2026-09-25T15:00:41.318225+00:00,,2026-09-25T15:00:41.319225+00:00,,2026-09-25T15:00:41.320225+00:00,,2026-09-25T15:00:41.321225+00:00,,2026-09-25T15:00:41.311225+00:00,,2026-09-25T15:00:41.323226+00:00,,2026-09-25T15:00:41.324226+00:00,,2026-09-25T15:00:41.325226+00:00,,2026-09-25T15:00:41.327226+00:00,,2026-09-25T15:00:41.328226+00:00,,2026-09-25T15:00:41.329226+00:00,,2026-09-25T15:00:41.330226+00:00,,2026-09-25T15:00:41.331226+00:00,,2026-09-25T15:00:41.332226+00:00,,2026-09-25T15:00:41.333226+00:00,,2026-09-25T15:00:41.334226+00:00,,2026-09-25T15:00:41.335226+00:00,,2026-09-25T15:00:41.336226+00:00,,2026-09-25T15:00:41.337226+00:00,,2026-09-25T15:00:41.338226+00:00,,2026-09-25T15:00:41.339226+00:00,,2026-09-25T15:00:41.340227+00:00,,2026-09-25T15:00:41.341227+00:00,,2026-09-25T15:00:41.342227+00:00,,2026-09-25T15:00:41.343227+00:00,,2026-09-25T15:00:41.344227+00:00,,2026-09-25T15:00:41.345227+00:00,,2026-09-25T15:00:41.346227+00:00,,2026-09-25T15:00:41.347227+00:00,,2026-09-25T15:00:41.348227+00:00,,2026-09-25T15:00:41.360228+00:00,,2026-09-25T15:00:41.350227+00:00,,2026-09-25T15:00:41.351227+00:00,,2026-09-25T15:00:41.352227+00:00,,2026-09-25T15:00:41.353227+00:00,,2026-09-25T15:00:41.354227+00:00,,2026-09-25T15:00:41.355227+00:00,,2026-09-25T15:00:41.356227+00:00,,2026-09-25T15:00:41.357228+00:00,,2026-09-25T15:00:41.358228+00:00,,2026-09-25T15:00:41.359228+00:00,,2026-09-25T15:00:41.349227+00:00,,2026-09-25T15:00:41.361228+00:00,,2026-09-25T15:00:41.362228+00:00,,2026-09-25T15:00:41.363228+00:00,
53,2026-09-25T13:31:36.753356+00:00,2026-09-25T15:00:41.739249+00:00,93.00500000000001,2026-09-25T15:00:41.646244+00:00,,2026-09-25T15:00:41.655245+00:00,,2026-09-25T15:00:41.656245+00:00,,2026-09-25T15:00:41.658245+00:00,,2026-09-25T15:00:41.659245+00:00,,2026-09-25T15:00:41.660245+00:00,,2026-09-25T15:00:41.661245+00:00,,2026-09-25T15:00:41.673246+00:00,,2026-09-25T15:00:41.663245+00:00,,2026-09-25T15:00:41.675246+00:00,,2026-09-25T15:00:41.665245+00:00,,2026-09-25T15:00:41.666245+00:00,,2026-09-25T15:00:41.667245+00:00,,2026-09-25T15:00:41.668245+00:00,,2026-09-25T15:00:41.669245+00:00,,2026-09-25T15:00:41.670245+00:00,,2026-09-25T15:00:41.671245+00:00,,2026-09-25T15:00:41.672246+00:00,,2026-09-25T15:00:41.662245+00:00,,2026-09-25T15:00:41.674246+00:00,,2026-09-25T15:00:41.676246+00:00,,2026-09-25T15:00:41.677246+00:00,,2026-09-25T15:00:41.678246+00:00,,2026-09-25T15:00:41.679246+00:00,,2026-09-25T15:00:41.680246+00:00,,2026-09-25T15:00:41.681246+00:00,,2026-09-25T15:00:41.682246+00:00,,2026-09-25T15:00:41.683246+00:00,,2026-09-25T15:00:41.684246+00:00,,2026-09-25T15:00:41.685246+00:00,,2026-09-25T15:00:41.686246+00:00,,2026-09-25T15:00:41.687246+00:00,,2026-09-25T15:00:41.688246+00:00,,2026-09-25T15:00:41.689247+00:00,,2026-09-25T15:00:41.690247+00:00,,2026-09-25T15:00:41.691247+00:00,,2026-09-25T15:00:41.692247+00:00,,2026-09-25T15:00:41.693247+00:00,,2026-09-25T15:00:41.694247+00:00,,2026-09-25T15:00:41.695247+00:00,,2026-09-25T15:00:41.696247+00:00,,2026-09-25T15:00:41.697247+00:00,,2026-09-25T15:00:41.698247+00:00,,2026-09-25T15:00:41.699247+00:00,,2026-09-25T15:00:41.700247+00:00,,2026-09-25T15:00:41.701247+00:00,,2026-09-25T15:00:41.702247+00:00,,2026-09-25T15:00:41.703247+00:00,,2026-09-25T15:00:41.715248+00:00,,2026-09-25T15:00:41.705247+00:00,,2026-09-25T15:00:41.706247+00:00,,2026-09-25T15:00:41.707248+00:00,,2026-09-25T15:00:41.708248+00:00,,2026-09-25T15:00:41.709248+00:00,,2026-09-25T15:00:41.710248+00:00,,2026-09-25T15:00:41.711248+00:00,,2026-09-25T15:00:41.712248+00:00,,2026-09-25T15:00:41.713248+00:00,,2026-09-25T15:00:41.725249+00:00,,2026-09-25T15:00:41.704247+00:00,,2026-09-25T15:00:41.716248+00:00,,2026-09-25T15:00:41.717248+00:00,,2026-09-25T15:00:41.718248+00:00,,2026-09-25T15:00:41.719248+00:00,,2026-09-25T15:00:41.720248+00:00,,2026-09-25T15:00:41.721248+00:00,,2026-09-25T15:00:41.722248+00:00,,2026-09-25T15:00:41.723248+00:00,,2026-09-25T15:00:41.724249+00:00,,2026-09-25T15:00:41.726249+00:00,,2026-09-25T15:00:41.727249+00:00,,2026-09-25T15:00:41.728249+00:00,,2026-09-25T15:00:41.729249+00:00,,2026-09-25T15:00:41.730249+00:00,,2026-09-25T15:00:41.731249+00:00,,2026-09-25T15:00:41.732249+00:00,,2026-09-25T15:00:41.733249+00:00,,2026-09-25T15:00:41.734249+00:00,,2026-09-25T15:00:41.735249+00:00,,2026-09-25T15:00:41.736249+00:00,,2026-09-25T15:00:41.737249+00:00,,2026-09-25T15:00:41.738249+00:00,,2026-09-25T15:00:41.739249+00:00,
54,2026-09-25T13:31:37.135446+00:00,2026-09-25T15:00:42.122271+00:00,97.005,2026-09-25T15:00:42.025266+00:00,,2026-09-25T15:00:42.038266+00:00,,2026-09-25T15:00:42.039267+00:00,,2026-09-25T15:00:42.051267+00:00,,2026-09-25T15:00:42.041267+00:00,,2026-09-25T15:00:42.042267+00:00,,2026-09-25T15:00:42.043267+00:00,,2026-09-25T15:00:42.044267+00:00,,2026-09-25T15:00:42.045267+00:00,,2026-09-25T15:00:42.046267+00:00,,2026-09-25T15:00:42.047267+00:00,,2026-09-25T15:00:42.048267+00:00,,2026-09-25T15:00:42.049267+00:00,,2026-09-25T15:00:42.050267+00:00,,2026-09-25T15:00:42.040267+00:00,,2026-09-25T15:00:42.052267+00:00,,2026-09-25T15:00:42.053267+00:00,,2026-09-25T15:00:42.055267+00:00,,2026-09-25T15:00:42.056267+00:00,,2026-09-25T15:00:42.057268+00:00,,2026-09-25T15:00:42.058268+00:00,,2026-09-25T15:00:42.059268+00:00,,2026-09-25T15:00:42.060268+00:00,,2026-09-25T15:00:42.061268+00:00,,2026-09-25T15:00:42.062268+00:00,,2026-09-25T15:00:42.063268+00:00,,2026-09-25T15:00:42.075269+00:00,,2026-09-25T15:00:42.065268+00:00,,2026-09-25T15:00:42.066268+00:00,,2026-09-25T15:00:42.067268+00:00,,2026-09-25T15:00:42.068268+00:00,,2026-09-25T15:00:42.069268+00:00,,2026-09-25T15:00:42.070268+00:00,,2026-09-25T15:00:42.071268+00:00,,2026-09-25T15:00:42.072268+00:00,,2026-09-25T15:00:42.073268+00:00,,2026-09-25T15:00:42.074269+00:00,,2026-09-25T15:00:42.076269+00:00,,2026-09-25T15:00:42.077269+00:00,,2026-09-25T15:00:42.078269+00:00,,2026-09-25T15:00:42.079269+00:00,,2026-09-25T15:00:42.080269+00:00,,2026-09-25T15:00:42.081269+00:00,,2026-09-25T15:00:42.082269+00:00,,2026-09-25T15:00:42.083269+00:00,,2026-09-25T15:00:42.084269+00:00,,2026-09-25T15:00:42.085269+00:00,,2026-09-25T15:00:42.086269+00:00,,2026-09-25T15:00:42.087269+00:00,,2026-09-25T15:00:42.088269+00:00,,2026-09-25T15:00:42.089269+00:00,,2026-09-25T15:00:42.090269+00:00,,2026-09-25T15:00:42.091270+00:00,,2026-09-25T15:00:42.092270+00:00,,2026-09-25T15:00:42.093270+00:00,,2026-09-25T15:00:42.094270+00:00,,2026-09-25T15:00:42.095270+00:00,,2026-09-25T15:00:42.096270+00:00,,2026-09-25T15:00:42.097270+00:00,,2026-09-25T15:00:42.098270+00:00,,2026-09-25T15:00:42.099270+00:00,,2026-09-25T15:00:42.100270+00:00,,2026-09-25T15:00:42.101270+00:00,,2026-09-25T15:00:42.102270+00:00,,2026-09-25T15:00:42.103270+00:00,,2026-09-25T15:00:42.104270+00:00,,2026-09-25T15:00:42.105270+00:00,,2026-09-25T15:00:42.106270+00:00,,2026-09-25T15:00:42.107270+00:00,,2026-09-25T15:00:42.108270+00:00,,2026-09-25T15:00:42.109271+00:00,,2026-09-25T15:00:42.121271+00:00,,2026-09-25T15:00:42.111271+00:00,,2026-09-25T15:00:42.112271+00:00,,2026-09-25T15:00:42.113271+00:00,,2026-09-25T15:00:42.122271+00:00,,2026-09-25T15:00:42.115271+00:00,,2026-09-25T15:00:42.116271+00:00,,2026-09-25T15:00:42.117271+00:00,,2026-09-25T15:00:42.118271+00:00,,2026-09-25T15:00:42.119271+00:00,,2026-09-25T15:00:42.120271+00:00,,2026-09-25T15:00:42.110271+00:00,
55,2026-09-25T13:31:37.506777+00:00,2026-09-25T15:00:42.483292+00:00,96.006,2026-09-25T15:00:42.387286+00:00,,2026-09-25T15:00:42.398287+00:00,,2026-09-25T15:00:42.399287+00:00,,2026-09-25T15:00:42.411288+00:00,,2026-09-25T15:00:42.401287+00:00,,2026-09-25T15:00:42.402287+00:00,,2026-09-25T15:00:42.414288+00:00,,2026-09-25T15:00:42.404287+00:00,,2026-09-25T15:00:42.405287+00:00,,2026-09-25T15:00:42.406288+00:00,,2026-09-25T15:00:42.407288+00:00,,2026-09-25T15:00:42.408288+00:00,,2026-09-25T15:00:42.409288+00:00,,2026-09-25T15:00:42.410288+00:00,,2026-09-25T15:00:42.400287+00:00,,2026-09-25T15:00:42.412288+00:00,,2026-09-25T15:00:42.413288+00:00,,2026-09-25T15:00:42.403287+00:00,,2026-09-25T15:00:42.415288+00:00,,2026-09-25T15:00:42.416288+00:00,,2026-09-25T15:00:42.417288+00:00,,2026-09-25T15:00:42.418288+00:00,,2026-09-25T15:00:42.419288+00:00,,2026-09-25T15:00:42.420288+00:00,,2026-09-25T15:00:42.421288+00:00,,2026-09-25T15:00:42.422288+00:00,,2026-09-25T15:00:42.423288+00:00,,2026-09-25T15:00:42.424289+00:00,,2026-09-25T15:00:42.426289+00:00,,2026-09-25T15:00:42.427289+00:00,,2026-09-25T15:00:42.428289+00:00,,2026-09-25T15:00:42.429289+00:00,,2026-09-25T15:00:42.430289+00:00,,2026-09-25T15:00:42.431289+00:00,,2026-09-25T15:00:42.432289+00:00,,2026-09-25T15:00:42.433289+00:00,,2026-09-25T15:00:42.434289+00:00,,2026-09-25T15:00:42.435289+00:00,,2026-09-25T15:00:42.436289+00:00,,2026-09-25T15:00:42.437289+00:00,,2026-09-25T15:00:42.438289+00:00,,2026-09-25T15:00:42.439289+00:00,,2026-09-25T15:00:42.440289+00:00,,2026-09-25T15:00:42.441290+00:00,,2026-09-25T15:00:42.453290+00:00,,2026-09-25T15:00:42.454290+00:00,,2026-09-25T15:00:42.444290+00:00,,2026-09-25T15:00:42.445290+00:00,,2026-09-25T15:00:42.446290+00:00,,2026-09-25T15:00:42.447290+00:00,,2026-09-25T15:00:42.448290+00:00,,2026-09-25T15:00:42.449290+00:00,,2026-09-25T15:00:42.450290+00:00,,2026-09-25T15:00:42.451290+00:00,,2026-09-25T15:00:42.452290+00:00,,2026-09-25T15:00:42.442290+00:00,,2026-09-25T15:00:42.443290+00:00,,2026-09-25T15:00:42.455290+00:00,,2026-09-25T15:00:42.456290+00:00,,2026-09-25T15:00:42.457290+00:00,,2026-09-25T15:00:42.458290+00:00,,2026-09-25T15:00:42.470291+00:00,,2026-09-25T15:00:42.460291+00:00,,2026-09-25T15:00:42.461291+00:00,,2026-09-25T15:00:42.462291+00:00,,2026-09-25T15:00:42.463291+00:00,,2026-09-25T15:00:42.477292+00:00,,2026-09-25T15:00:42.465291+00:00,,2026-09-25T15:00:42.466291+00:00,,2026-09-25T15:00:42.467291+00:00,,2026-09-25T15:00:42.481292+00:00,,2026-09-25T15:00:42.469291+00:00,,2026-09-25T15:00:42.459291+00:00,,2026-09-25T15:00:42.471291+00:00,,2026-09-25T15:00:42.472291+00:00,,2026-09-25T15:00:42.473291+00:00,,2026-09-25T15:00:42.475291+00:00,,2026-09-25T15:00:42.478292+00:00,,2026-09-25T15:00:42.479292+00:00,,2026-09-25T15:00:42.480292+00:00,,2026-09-25T15:00:42.468291+00:00,,2026-09-25T15:00:42.482292+00:00,,2026-09-25T15:00:42.483292+00:00,
56,2026-09-25T13:31:37.932345+00:00,2026-09-25T15:00:42.887315+00:00,95.00500000000001,2026-09-25T15:00:42.801310+00:00,,2026-09-25T15:00:42.803310+00:00,,2026-09-25T15:00:42.804310+00:00,,2026-09-25T15:00:42.792310+00:00,,2026-09-25T15:00:42.806310+00:00,,2026-09-25T15:00:42.807310+00:00,,2026-09-25T15:00:42.808311+00:00,,2026-09-25T15:00:42.809311+00:00,,2026-09-25T15:00:42.810311+00:00,,2026-09-25T15:00:42.811311+00:00,,2026-09-25T15:00:42.812311+00:00,,2026-09-25T15:00:42.813311+00:00,,2026-09-25T15:00:42.825311+00:00,,2026-09-25T15:00:42.815311+00:00,,2026-09-25T15:00:42.838312+00:00,,2026-09-25T15:00:42.817311+00:00,,2026-09-25T15:00:42.818311+00:00,,2026-09-25T15:00:42.819311+00:00,,2026-09-25T15:00:42.820311+00:00,,2026-09-25T15:00:42.821311+00:00,,2026-09-25T15:00:42.822311+00:00,,2026-09-25T15:00:42.823311+00:00,,2026-09-25T15:00:42.824311+00:00,,2026-09-25T15:00:42.826312+00:00,,2026-09-25T15:00:42.816311+00:00,,2026-09-25T15:00:42.828312+00:00,,2026-09-25T15:00:42.829312+00:00,,2026-09-25T15:00:42.830312+00:00,,2026-09-25T15:00:42.831312+00:00,,2026-09-25T15:00:42.843313+00:00,,2026-09-25T15:00:42.833312+00:00,,2026-09-25T15:00:42.834312+00:00,,2026-09-25T15:00:42.835312+00:00,,2026-09-25T15:00:42.847313+00:00,,2026-09-25T15:00:42.837312+00:00,,2026-09-25T15:00:42.827312+00:00,,2026-09-25T15:00:42.839312+00:00,,2026-09-25T15:00:42.840312+00:00,,2026-09-25T15:00:42.841312+00:00,,2026-09-25T15:00:42.853313+00:00,,2026-09-25T15:00:42.832312+00:00,,2026-09-25T15:00:42.844313+00:00,,2026-09-25T15:00:42.845313+00:00,,2026-09-25T15:00:42.846313+00:00,,2026-09-25T15:00:42.836312+00:00,,2026-09-25T15:00:42.848313+00:00,,2026-09-25T15:00:42.849313+00:00,,2026-09-25T15:00:42.850313+00:00,,2026-09-25T15:00:42.851313+00:00,,2026-09-25T15:00:42.852313+00:00,,2026-09-25T15:00:42.842312+00:00,,2026-09-25T15:00:42.854313+00:00,,2026-09-25T15:00:42.855313+00:00,,2026-09-25T15:00:42.856313+00:00,,2026-09-25T15:00:42.857313+00:00,,2026-09-25T15:00:42.870314+00:00,,2026-09-25T15:00:42.871314+00:00,,2026-09-25T15:00:42.872314+00:00,,2026-09-25T15:00:42.873314+00:00,,2026-09-25T15:00:42.862314+00:00,,2026-09-25T15:00:42.863314+00:00,,2026-09-25T15:00:42.877314+00:00,,2026-09-25T15:00:42.866314+00:00,,2026-09-25T15:00:42.867314+00:00,,2026-09-25T15:00:42.868314+00:00,,2026-09-25T15:00:42.869314+00:00,,2026-09-25T15:00:42.858313+00:00,,2026-09-25T15:00:42.859313+00:00,,2026-09-25T15:00:42.860313+00:00,,2026-09-25T15:00:42.861314+00:00,,2026-09-25T15:00:42.874314+00:00,,2026-09-25T15:00:42.875314+00:00,,2026-09-25T15:00:42.865314+00:00,,2026-09-25T15:00:42.878315+00:00,,2026-09-25T15:00:42.879315+00:00,,2026-09-25T15:00:42.880315+00:00,,2026-09-25T15:00:42.881315+00:00,,2026-09-25T15:00:42.882315+00:00,,2026-09-25T15:00:42.883315+00:00,,2026-09-25T15:00:42.884315+00:00,,2026-09-25T15:00:42.885315+00:00,,2026-09-25T15:00:42.886315+00:00,,2026-09-25T15:00:42.887315+00:00,
57,2026-09-25T13:31:38.303490+00:00,2026-09-25T15:00:43.281338+00:00,98.006,2026-09-25T15:00:43.183332+00:00,,2026-09-25T15:00:43.196333+00:00,,2026-09-25T15:00:43.185332+00:00,,2026-09-25T15:00:43.198333+00:00,,2026-09-25T15:00:43.187332+00:00,,2026-09-25T15:00:43.200333+00:00,,2026-09-25T15:00:43.201333+00:00,,2026-09-25T15:00:43.202333+00:00,,2026-09-25T15:00:43.203333+00:00,,2026-09-25T15:00:43.204333+00:00,,2026-09-25T15:00:43.205333+00:00,,2026-09-25T15:00:43.206333+00:00,,2026-09-25T15:00:43.207333+00:00,,2026-09-25T15:00:43.208333+00:00,,2026-09-25T15:00:43.209333+00:00,,2026-09-25T15:00:43.210334+00:00,,2026-09-25T15:00:43.211334+00:00,,2026-09-25T15:00:43.212334+00:00,,2026-09-25T15:00:43.224334+00:00,,2026-09-25T15:00:43.214334+00:00,,2026-09-25T15:00:43.215334+00:00,,2026-09-25T15:00:43.216334+00:00,,2026-09-25T15:00:43.217334+00:00,,2026-09-25T15:00:43.218334+00:00,,2026-09-25T15:00:43.219334+00:00,,2026-09-25T15:00:43.220334+00:00,,2026-09-25T15:00:43.221334+00:00,,2026-09-25T15:00:43.222334+00:00,,2026-09-25T15:00:43.223334+00:00,,2026-09-25T15:00:43.225334+00:00,,2026-09-25T15:00:43.226334+00:00,,2026-09-25T15:00:43.227334+00:00,,2026-09-25T15:00:43.228335+00:00,,2026-09-25T15:00:43.229335+00:00,,2026-09-25T15:00:43.230335+00:00,,2026-09-25T15:00:43.231335+00:00,,2026-09-25T15:00:43.232335+00:00,,2026-09-25T15:00:43.245336+00:00,,2026-09-25T15:00:43.234335+00:00,,2026-09-25T15:00:43.235335+00:00,,2026-09-25T15:00:43.236335+00:00,,2026-09-25T15:00:43.237335+00:00,,2026-09-25T15:00:43.238335+00:00,,2026-09-25T15:00:43.239335+00:00,,2026-09-25T15:00:43.240335+00:00,,2026-09-25T15:00:43.242335+00:00,,2026-09-25T15:00:43.243335+00:00,,2026-09-25T15:00:43.244335+00:00,,2026-09-25T15:00:43.233335+00:00,,2026-09-25T15:00:43.246336+00:00,,2026-09-25T15:00:43.247336+00:00,,2026-09-25T15:00:43.248336+00:00,,2026-09-25T15:00:43.249336+00:00,,2026-09-25T15:00:43.250336+00:00,,2026-09-25T15:00:43.251336+00:00,,2026-09-25T15:00:43.252336+00:00,,2026-09-25T15:00:43.253336+00:00,,2026-09-25T15:00:43.255336+00:00,,2026-09-25T15:00:43.267337+00:00,,2026-09-25T15:00:43.268337+00:00,,2026-09-25T15:00:43.258336+00:00,,2026-09-25T15:00:43.259336+00:00,,2026-09-25T15:00:43.260336+00:00,,2026-09-25T15:00:43.261336+00:00,,2026-09-25T15:00:43.262336+00:00,,2026-09-25T15:00:43.274337+00:00,,2026-09-25T15:00:43.264337+00:00,,2026-09-25T15:00:43.265337+00:00,,2026-09-25T15:00:43.266337+00:00,,2026-09-25T15:00:43.256336+00:00,,2026-09-25T15:00:43.257336+00:00,,2026-09-25T15:00:43.269337+00:00,,2026-09-25T15:00:43.270337+00:00,,2026-09-25T15:00:43.271337+00:00,,2026-09-25T15:00:43.272337+00:00,,2026-09-25T15:00:43.273337+00:00,,2026-09-25T15:00:43.275337+00:00,,2026-09-25T15:00:43.276337+00:00,,2026-09-25T15:00:43.277337+00:00,,2026-09-25T15:00:43.278337+00:00,,2026-09-25T15:00:43.279337+00:00,,2026-09-25T15:00:43.280338+00:00,,2026-09-25T15:00:43.281338+00:00,
58,2026-09-25T13:31:38.698739+00:00,2026-09-25T15:00:43.689361+00:00,101.006,2026-09-25T15:00:43.588355+00:00,,2026-09-25T15:00:43.601356+00:00,,2026-09-25T15:00:43.602356+00:00,,2026-09-25T15:00:43.603356+00:00,,2026-09-25T15:00:43.604356+00:00,,2026-09-25T15:00:43.605356+00:00,,2026-09-25T15:00:43.606356+00:00,,2026-09-25T15:00:43.607356+00:00,,2026-09-25T15:00:43.608356+00:00,,2026-09-25T15:00:43.609356+00:00,,2026-09-25T15:00:43.610356+00:00,,2026-09-25T15:00:43.611356+00:00,,2026-09-25T15:00:43.612357+00:00,,2026-09-25T15:00:43.637358+00:00,,2026-09-25T15:00:43.615357+00:00,,2026-09-25T15:00:43.616357+00:00,,2026-09-25T15:00:43.617357+00:00,,2026-09-25T15:00:43.618357+00:00,,2026-09-25T15:00:43.619357+00:00,,2026-09-25T15:00:43.620357+00:00,,2026-09-25T15:00:43.621357+00:00,,2026-09-25T15:00:43.622357+00:00,,2026-09-25T15:00:43.623357+00:00,,2026-09-25T15:00:43.624357+00:00,,2026-09-25T15:00:43.625357+00:00,,2026-09-25T15:00:43.627357+00:00,,2026-09-25T15:00:43.639358+00:00,,2026-09-25T15:00:43.640358+00:00,,2026-09-25T15:00:43.630358+00:00,,2026-09-25T15:00:43.631358+00:00,,2026-09-25T15:00:43.632358+00:00,,2026-09-25T15:00:43.633358+00:00,,2026-09-25T15:00:43.634358+00:00,,2026-09-25T15:00:43.635358+00:00,,2026-09-25T15:00:43.636358+00:00,,2026-09-25T15:00:43.626357+00:00,,2026-09-25T15:00:43.638358+00:00,,2026-09-25T15:00:43.628357+00:00,,2026-09-25T15:00:43.629357+00:00,,2026-09-25T15:00:43.641358+00:00,,2026-09-25T15:00:43.642358+00:00,,2026-09-25T15:00:43.643358+00:00,,2026-09-25T15:00:43.644358+00:00,,2026-09-25T15:00:43.645358+00:00,,2026-09-25T15:00:43.646358+00:00,,2026-09-25T15:00:43.647359+00:00,,2026-09-25T15:00:43.648359+00:00,,2026-09-25T15:00:43.649359+00:00,,2026-09-25T15:00:43.650359+00:00,,2026-09-25T15:00:43.678360+00:00,,2026-09-25T15:00:43.652359+00:00,,2026-09-25T15:00:43.653359+00:00,,2026-09-25T15:00:43.681360+00:00,,2026-09-25T15:00:43.655359+00:00,,2026-09-25T15:00:43.656359+00:00,,2026-09-25T15:00:43.657359+00:00,,2026-09-25T15:00:43.658359+00:00,,2026-09-25T15:00:43.686361+00:00,,2026-09-25T15:00:43.687361+00:00,,2026-09-25T15:00:43.677360+00:00,,2026-09-25T15:00:43.651359+00:00,,2026-09-25T15:00:43.679360+00:00,,2026-09-25T15:00:43.680360+00:00,,2026-09-25T15:00:43.654359+00:00,,2026-09-25T15:00:43.682361+00:00,,2026-09-25T15:00:43.683361+00:00,,2026-09-25T15:00:43.684361+00:00,,2026-09-25T15:00:43.685361+00:00,,2026-09-25T15:00:43.660359+00:00,,2026-09-25T15:00:43.662359+00:00,,2026-09-25T15:00:43.664359+00:00,,2026-09-25T15:00:43.665360+00:00,,2026-09-25T15:00:43.666360+00:00,,2026-09-25T15:00:43.667360+00:00,,2026-09-25T15:00:43.668360+00:00,,2026-09-25T15:00:43.669360+00:00,,2026-09-25T15:00:43.670360+00:00,,2026-09-25T15:00:43.671360+00:00,,2026-09-25T15:00:43.672360+00:00,,2026-09-25T15:00:43.673360+00:00,,2026-09-25T15:00:43.675360+00:00,,2026-09-25T15:00:43.688361+00:00,,2026-09-25T15:00:43.689361+00:00,
59,2026-09-25T13:31:39.083245+00:00,2026-09-25T15:00:44.060382+00:00,104.006,2026-09-25T15:00:43.956376+00:00,,2026-09-25T15:00:43.958376+00:00,,2026-09-25T15:00:43.970377+00:00,,2026-09-25T15:00:43.971377+00:00,,2026-09-25T15:00:43.972377+00:00,,2026-09-25T15:00:43.973377+00:00,,2026-09-25T15:00:43.975377+00:00,,2026-09-25T15:00:43.976377+00:00,,2026-09-25T15:00:43.977377+00:00,,2026-09-25T15:00:43.978377+00:00,,2026-09-25T15:00:43.979377+00:00,,2026-09-25T15:00:43.981378+00:00,,2026-09-25T15:00:43.982378+00:00,,2026-09-25T15:00:43.983378+00:00,,2026-09-25T15:00:43.984378+00:00,,2026-09-25T15:00:43.985378+00:00,,2026-09-25T15:00:43.987378+00:00,,2026-09-25T15:00:43.988378+00:00,,2026-09-25T15:00:44.000379+00:00,,2026-09-25T15:00:43.990378+00:00,,2026-09-25T15:00:43.991378+00:00,,2026-09-25T15:00:43.992378+00:00,,2026-09-25T15:00:43.993378+00:00,,2026-09-25T15:00:43.994378+00:00,,2026-09-25T15:00:43.995378+00:00,,2026-09-25T15:00:43.996378+00:00,,2026-09-25T15:00:43.997379+00:00,,2026-09-25T15:00:43.998379+00:00,,2026-09-25T15:00:43.999379+00:00,,2026-09-25T15:00:43.989378+00:00,,2026-09-25T15:00:44.003379+00:00,,2026-09-25T15:00:44.017380+00:00,,2026-09-25T15:00:44.007379+00:00,,2026-09-25T15:00:44.008379+00:00,,2026-09-25T15:00:44.009379+00:00,,2026-09-25T15:00:44.010379+00:00,,2026-09-25T15:00:44.011379+00:00,,2026-09-25T15:00:44.012379+00:00,,2026-09-25T15:00:44.024380+00:00,,2026-09-25T15:00:44.014379+00:00,,2026-09-25T15:00:44.015380+00:00,,2026-09-25T15:00:44.016380+00:00,,2026-09-25T15:00:44.005379+00:00,,2026-09-25T15:00:44.018380+00:00,,2026-09-25T15:00:44.019380+00:00,,2026-09-25T15:00:44.020380+00:00,,2026-09-25T15:00:44.021380+00:00,,2026-09-25T15:00:44.022380+00:00,,2026-09-25T15:00:44.023380+00:00,,2026-09-25T15:00:44.025380+00:00,,2026-09-25T15:00:44.026380+00:00,,2026-09-25T15:00:44.027380+00:00,,2026-09-25T15:00:44.028380+00:00,,2026-09-25T15:00:44.029380+00:00,,2026-09-25T15:00:44.030380+00:00,,2026-09-25T15:00:44.031380+00:00,,2026-09-25T15:00:44.032381+00:00,,2026-09-25T15:00:44.033381+00:00,,2026-09-25T15:00:44.034381+00:00,,2026-09-25T15:00:44.035381+00:00,,2026-09-25T15:00:44.036381+00:00,,2026-09-25T15:00:44.037381+00:00,,2026-09-25T15:00:44.038381+00:00,,2026-09-25T15:00:44.039381+00:00,,2026-09-25T15:00:44.040381+00:00,,2026-09-25T15:00:44.042381+00:00,,2026-09-25T15:00:44.043381+00:00,,2026-09-25T15:00:44.056382+00:00,,2026-09-25T15:00:44.045381+00:00,,2026-09-25T15:00:44.046381+00:00,,2026-09-25T15:00:44.047381+00:00,,2026-09-25T15:00:44.048381+00:00,,2026-09-25T15:00:44.049381+00:00,,2026-09-25T15:00:44.051382+00:00,,2026-09-25T15:00:44.052382+00:00,,2026-09-25T15:00:44.053382+00:00,,2026-09-25T15:00:44.054382+00:00,,2026-09-25T15:00:44.055382+00:00,,2026-09-25T15:00:44.044381+00:00,,2026-09-25T15:00:44.057382+00:00,,2026-09-25T15:00:44.058382+00:00,,2026-09-25T15:00:44.059382+00:00,,2026-09-25T15:00:44.060382+00:00,
60,2026-09-25T13:31:39.484821+00:00,2026-09-25T15:00:44.453405+00:00,98.006,2026-09-25T15:00:44.362399+00:00,,2026-09-25T15:00:44.377400+00:00,,2026-09-25T15:00:44.365400+00:00,,2026-09-25T15:00:44.355399+00:00,,2026-09-25T15:00:44.367400+00:00,,2026-09-25T15:00:44.381400+00:00,,2026-09-25T15:00:44.370400+00:00,,2026-09-25T15:00:44.358399+00:00,,2026-09-25T15:00:44.372400+00:00,,2026-09-25T15:00:44.373400+00:00,,2026-09-25T15:00:44.374400+00:00,,2026-09-25T15:00:44.375400+00:00,,2026-09-25T15:00:44.378400+00:00,,2026-09-25T15:00:44.379400+00:00,,2026-09-25T15:00:44.380400+00:00,,2026-09-25T15:00:44.369400+00:00,,2026-09-25T15:00:44.382401+00:00,,2026-09-25T15:00:44.383401+00:00,,2026-09-25T15:00:44.384401+00:00,,2026-09-25T15:00:44.385401+00:00,,2026-09-25T15:00:44.386401+00:00,,2026-09-25T15:00:44.387401+00:00,,2026-09-25T15:00:44.388401+00:00,,2026-09-25T15:00:44.389401+00:00,,2026-09-25T15:00:44.390401+00:00,,2026-09-25T15:00:44.391401+00:00,,2026-09-25T15:00:44.404402+00:00,,2026-09-25T15:00:44.394401+00:00,,2026-09-25T15:00:44.395401+00:00,,2026-09-25T15:00:44.396401+00:00,,2026-09-25T15:00:44.397401+00:00,,2026-09-25T15:00:44.398401+00:00,,2026-09-25T15:00:44.399402+00:00,,2026-09-25T15:00:44.400402+00:00,,2026-09-25T15:00:44.401402+00:00,,2026-09-25T15:00:44.402402+00:00,,2026-09-25T15:00:44.403402+00:00,,2026-09-25T15:00:44.393401+00:00,,2026-09-25T15:00:44.405402+00:00,,2026-09-25T15:00:44.406402+00:00,,2026-09-25T15:00:44.407402+00:00,,2026-09-25T15:00:44.408402+00:00,,2026-09-25T15:00:44.409402+00:00,,2026-09-25T15:00:44.410402+00:00,,2026-09-25T15:00:44.411402+00:00,,2026-09-25T15:00:44.425403+00:00,,2026-09-25T15:00:44.413402+00:00,,2026-09-25T15:00:44.414402+00:00,,2026-09-25T15:00:44.415402+00:00,,2026-09-25T15:00:44.416402+00:00,,2026-09-25T15:00:44.417403+00:00,,2026-09-25T15:00:44.431403+00:00,,2026-09-25T15:00:44.420403+00:00,,2026-09-25T15:00:44.421403+00:00,,2026-09-25T15:00:44.422403+00:00,,2026-09-25T15:00:44.423403+00:00,,2026-09-25T15:00:44.426403+00:00,,2026-09-25T15:00:44.427403+00:00,,2026-09-25T15:00:44.428403+00:00,,2026-09-25T15:00:44.429403+00:00,,2026-09-25T15:00:44.430403+00:00,,2026-09-25T15:00:44.419403+00:00,,2026-09-25T15:00:44.432403+00:00,,2026-09-25T15:00:44.433403+00:00,,2026-09-25T15:00:44.434404+00:00,,2026-09-25T15:00:44.435404+00:00,,2026-09-25T15:00:44.436404+00:00,,2026-09-25T15:00:44.437404+00:00,,2026-09-25T15:00:44.438404+00:00,,2026-09-25T15:00:44.439404+00:00,,2026-09-25T15:00:44.440404+00:00,,2026-09-25T15:00:44.441404+00:00,,2026-09-25T15:00:44.442404+00:00,,2026-09-25T15:00:44.443404+00:00,,2026-09-25T15:00:44.444404+00:00,,2026-09-25T15:00:44.445404+00:00,,2026-09-25T15:00:44.446404+00:00,,2026-09-25T15:00:44.447404+00:00,,2026-09-25T15:00:44.449404+00:00,,2026-09-25T15:00:44.450404+00:00,,2026-09-25T15:00:44.451404+00:00,,2026-09-25T15:00:44.452405+00:00,,2026-09-25T15:00:44.453405+00:00,
61,2026-09-25T13:31:39.869578+00:00,2026-09-25T15:00:44.858428+00:00,108.006,2026-09-25T15:00:44.750422+00:00,,2026-09-25T15:00:44.764422+00:00,,2026-09-25T15:00:44.765422+00:00,,2026-09-25T15:00:44.766423+00:00,,2026-09-25T15:00:44.768423+00:00,,2026-09-25T15:00:44.757422+00:00,,2026-09-25T15:00:44.770423+00:00,,2026-09-25T15:00:44.772423+00:00,,2026-09-25T15:00:44.773423+00:00,,2026-09-25T15:00:44.774423+00:00,,2026-09-25T15:00:44.776423+00:00,,2026-09-25T15:00:44.777423+00:00,,2026-09-25T15:00:44.778423+00:00,,2026-09-25T15:00:44.779423+00:00,,2026-09-25T15:00:44.780423+00:00,,2026-09-25T15:00:44.781423+00:00,,2026-09-25T15:00:44.783423+00:00,,2026-09-25T15:00:44.784424+00:00,,2026-09-25T15:00:44.785424+00:00,,2026-09-25T15:00:44.786424+00:00,,2026-09-25T15:00:44.787424+00:00,,2026-09-25T15:00:44.788424+00:00,,2026-09-25T15:00:44.789424+00:00,,2026-09-25T15:00:44.790424+00:00,,2026-09-25T15:00:44.804425+00:00,,2026-09-25T15:00:44.793424+00:00,,2026-09-25T15:00:44.794424+00:00,,2026-09-25T15:00:44.795424+00:00,,2026-09-25T15:00:44.796424+00:00,,2026-09-25T15:00:44.797424+00:00,,2026-09-25T15:00:44.799424+00:00,,2026-09-25T15:00:44.800424+00:00,,2026-09-25T15:00:44.801425+00:00,,2026-09-25T15:00:44.802425+00:00,,2026-09-25T15:00:44.803425+00:00,,2026-09-25T15:00:44.792424+00:00,,2026-09-25T15:00:44.805425+00:00,,2026-09-25T15:00:44.806425+00:00,,2026-09-25T15:00:44.807425+00:00,,2026-09-25T15:00:44.808425+00:00,,2026-09-25T15:00:44.809425+00:00,,2026-09-25T15:00:44.810425+00:00,,2026-09-25T15:00:44.811425+00:00,,2026-09-25T15:00:44.829426+00:00,,2026-09-25T15:00:44.814425+00:00,,2026-09-25T15:00:44.816425+00:00,,2026-09-25T15:00:44.831426+00:00,,2026-09-25T15:00:44.820426+00:00,,2026-09-25T15:00:44.821426+00:00,,2026-09-25T15:00:44.822426+00:00,,2026-09-25T15:00:44.823426+00:00,,2026-09-25T15:00:44.824426+00:00,,2026-09-25T15:00:44.825426+00:00,,2026-09-25T15:00:44.826426+00:00,,2026-09-25T15:00:44.839427+00:00,,2026-09-25T15:00:44.830426+00:00,,2026-09-25T15:00:44.818425+00:00,,2026-09-25T15:00:44.832426+00:00,,2026-09-25T15:00:44.833426+00:00,,2026-09-25T15:00:44.834426+00:00,,2026-09-25T15:00:44.835426+00:00,,2026-09-25T15:00:44.836427+00:00,,2026-09-25T15:00:44.837427+00:00,,2026-09-25T15:00:44.838427+00:00,,2026-09-25T15:00:44.828426+00:00,,2026-09-25T15:00:44.840427+00:00,,2026-09-25T15:00:44.841427+00:00,,2026-09-25T15:00:44.842427+00:00,,2026-09-25T15:00:44.843427+00:00,,2026-09-25T15:00:44.856428+00:00,,2026-09-25T15:00:44.846427+00:00,,2026-09-25T15:00:44.847427+00:00,,2026-09-25T15:00:44.848427+00:00,,2026-09-25T15:00:44.849427+00:00,,2026-09-25T15:00:44.850427+00:00,,2026-09-25T15:00:44.851427+00:00,,2026-09-25T15:00:44.852427+00:00,,2026-09-25T15:00:44.853427+00:00,,2026-09-25T15:00:44.854428+00:00,,2026-09-25T15:00:44.855428+00:00,,2026-09-25T15:00:44.845427+00:00,,2026-09-25T15:00:44.857428+00:00,,2026-09-25T15:00:44.858428+00:00,
62,2026-09-25T13:31:40.401354+00:00,2026-09-25T15:00:45.387458+00:00,172.01,2026-09-25T15:00:45.215448+00:00,,2026-09-25T15:00:45.217448+00:00,,2026-09-25T15:00:45.219448+00:00,,2026-09-25T15:00:45.221449+00:00,,2026-09-25T15:00:45.223449+00:00,,2026-09-25T15:00:45.225449+00:00,,2026-09-25T15:00:45.227449+00:00,,2026-09-25T15:00:45.229449+00:00,,2026-09-25T15:00:45.231449+00:00,,2026-09-25T15:00:45.233449+00:00,,2026-09-25T15:00:45.237449+00:00,,2026-09-25T15:00:45.239450+00:00,,2026-09-25T15:00:45.241450+00:00,,2026-09-25T15:00:45.243450+00:00,,2026-09-25T15:00:45.245450+00:00,,2026-09-25T15:00:45.247450+00:00,,2026-09-25T15:00:45.249450+00:00,,2026-09-25T15:00:45.251450+00:00,,2026-09-25T15:00:45.275452+00:00,,2026-09-25T15:00:45.255450+00:00,,2026-09-25T15:00:45.279452+00:00,,2026-09-25T15:00:45.259451+00:00,,2026-09-25T15:00:45.261451+00:00,,2026-09-25T15:00:45.285452+00:00,,2026-09-25T15:00:45.265451+00:00,,2026-09-25T15:00:45.267451+00:00,,2026-09-25T15:00:45.269451+00:00,,2026-09-25T15:00:45.271451+00:00,,2026-09-25T15:00:45.273452+00:00,,2026-09-25T15:00:45.253450+00:00,,2026-09-25T15:00:45.277452+00:00,,2026-09-25T15:00:45.257451+00:00,,2026-09-25T15:00:45.281452+00:00,,2026-09-25T15:00:45.283452+00:00,,2026-09-25T15:00:45.287452+00:00,,2026-09-25T15:00:45.289452+00:00,,2026-09-25T15:00:45.291453+00:00,,2026-09-25T15:00:45.293453+00:00,,2026-09-25T15:00:45.295453+00:00,,2026-09-25T15:00:45.297453+00:00,,2026-09-25T15:00:45.321454+00:00,,2026-09-25T15:00:45.301453+00:00,,2026-09-25T15:00:45.303453+00:00,,2026-09-25T15:00:45.305453+00:00,,2026-09-25T15:00:45.307453+00:00,,2026-09-25T15:00:45.309454+00:00,,2026-09-25T15:00:45.311454+00:00,,2026-09-25T15:00:45.313454+00:00,,2026-09-25T15:00:45.315454+00:00,,2026-09-25T15:00:45.317454+00:00,,2026-09-25T15:00:45.319454+00:00,,2026-09-25T15:00:45.299453+00:00,,2026-09-25T15:00:45.323454+00:00,,2026-09-25T15:00:45.325454+00:00,,2026-09-25T15:00:45.327455+00:00,,2026-09-25T15:00:45.353456+00:00,,2026-09-25T15:00:45.331455+00:00,,2026-09-25T15:00:45.333455+00:00,,2026-09-25T15:00:45.337455+00:00,,2026-09-25T15:00:45.339455+00:00,,2026-09-25T15:00:45.341455+00:00,,2026-09-25T15:00:45.343456+00:00,,2026-09-25T15:00:45.345456+00:00,,2026-09-25T15:00:45.347456+00:00,,2026-09-25T15:00:45.349456+00:00,,2026-09-25T15:00:45.351456+00:00,,2026-09-25T15:00:45.329455+00:00,,2026-09-25T15:00:45.355456+00:00,,2026-09-25T15:00:45.357456+00:00,,2026-09-25T15:00:45.359456+00:00,,2026-09-25T15:00:45.361457+00:00,,2026-09-25T15:00:45.363457+00:00,,2026-09-25T15:00:45.365457+00:00,,2026-09-25T15:00:45.367457+00:00,,2026-09-25T15:00:45.369457+00:00,,2026-09-25T15:00:45.371457+00:00,,2026-09-25T15:00:45.373457+00:00,,2026-09-25T15:00:45.375457+00:00,,2026-09-25T15:00:45.377457+00:00,,2026-09-25T15:00:45.379458+00:00,,2026-09-25T15:00:45.381458+00:00,,2026-09-25T15:00:45.383458+00:00,,2026-09-25T15:00:45.387458+00:00,
63,2026-09-25T13:31:40.902366+00:00,2026-09-25T15:00:45.775480+00:00,107.006,2026-09-25T15:00:45.681475+00:00,,2026-09-25T15:00:45.668474+00:00,,2026-09-25T15:00:45.684475+00:00,,2026-09-25T15:00:45.685475+00:00,,2026-09-25T15:00:45.686475+00:00,,2026-09-25T15:00:45.688475+00:00,,2026-09-25T15:00:45.689475+00:00,,2026-09-25T15:00:45.705476+00:00,,2026-09-25T15:00:45.693476+00:00,,2026-09-25T15:00:45.694476+00:00,,2026-09-25T15:00:45.695476+00:00,,2026-09-25T15:00:45.696476+00:00,,2026-09-25T15:00:45.697476+00:00,,2026-09-25T15:00:45.698476+00:00,,2026-09-25T15:00:45.700476+00:00,,2026-09-25T15:00:45.701476+00:00,,2026-09-25T15:00:45.702476+00:00,,2026-09-25T15:00:45.704476+00:00,,2026-09-25T15:00:45.691475+00:00,,2026-09-25T15:00:45.706476+00:00,,2026-09-25T15:00:45.707476+00:00,,2026-09-25T15:00:45.708476+00:00,,2026-09-25T15:00:45.709476+00:00,,2026-09-25T15:00:45.710477+00:00,,2026-09-25T15:00:45.711477+00:00,,2026-09-25T15:00:45.725477+00:00,,2026-09-25T15:00:45.714477+00:00,,2026-09-25T15:00:45.715477+00:00,,2026-09-25T15:00:45.716477+00:00,,2026-09-25T15:00:45.718477+00:00,,2026-09-25T15:00:45.719477+00:00,,2026-09-25T15:00:45.720477+00:00,,2026-09-25T15:00:45.721477+00:00,,2026-09-25T15:00:45.722477+00:00,,2026-09-25T15:00:45.723477+00:00,,2026-09-25T15:00:45.724477+00:00,,2026-09-25T15:00:45.726477+00:00,,2026-09-25T15:00:45.727477+00:00,,2026-09-25T15:00:45.728478+00:00,,2026-09-25T15:00:45.729478+00:00,,2026-09-25T15:00:45.730478+00:00,,2026-09-25T15:00:45.731478+00:00,,2026-09-25T15:00:45.732478+00:00,,2026-09-25T15:00:45.733478+00:00,,2026-09-25T15:00:45.735478+00:00,,2026-09-25T15:00:45.736478+00:00,,2026-09-25T15:00:45.738478+00:00,,2026-09-25T15:00:45.739478+00:00,,2026-09-25T15:00:45.740478+00:00,,2026-09-25T15:00:45.741478+00:00,,2026-09-25T15:00:45.742478+00:00,,2026-09-25T15:00:45.743478+00:00,,2026-09-25T15:00:45.744478+00:00,,2026-09-25T15:00:45.745479+00:00,,2026-09-25T15:00:45.746479+00:00,,2026-09-25T15:00:45.747479+00:00,,2026-09-25T15:00:45.748479+00:00,,2026-09-25T15:00:45.749479+00:00,,2026-09-25T15:00:45.750479+00:00,,2026-09-25T15:00:45.751479+00:00,,2026-09-25T15:00:45.752479+00:00,,2026-09-25T15:00:45.753479+00:00,,2026-09-25T15:00:45.754479+00:00,,2026-09-25T15:00:45.755479+00:00,,2026-09-25T15:00:45.767480+00:00,,2026-09-25T15:00:45.768480+00:00,,2026-09-25T15:00:45.758479+00:00,,2026-09-25T15:00:45.759479+00:00,,2026-09-25T15:00:45.760479+00:00,,2026-09-25T15:00:45.761479+00:00,,2026-09-25T15:00:45.773480+00:00,,2026-09-25T15:00:45.763480+00:00,,2026-09-25T15:00:45.764480+00:00,,2026-09-25T15:00:45.765480+00:00,,2026-09-25T15:00:45.766480+00:00,,2026-09-25T15:00:45.756479+00:00,,2026-09-25T15:00:45.757479+00:00,,2026-09-25T15:00:45.769480+00:00,,2026-09-25T15:00:45.770480+00:00,,2026-09-25T15:00:45.771480+00:00,,2026-09-25T15:00:45.772480+00:00,,2026-09-25T15:00:45.774480+00:00,,2026-09-25T15:00:45.775480+00:00,
64,2026-09-25T13:31:41.294851+00:00,2026-09-25T15:00:46.252508+00:00,99.006,2026-09-25T15:00:46.153502+00:00,,2026-09-25T15:00:46.170503+00:00,,2026-09-25T15:00:46.171503+00:00,,2026-09-25T15:00:46.172503+00:00,,2026-09-25T15:00:46.173503+00:00,,2026-09-25T15:00:46.174503+00:00,,2026-09-25T15:00:46.176503+00:00,,2026-09-25T15:00:46.175503+00:00,,2026-09-25T15:00:46.177503+00:00,,2026-09-25T15:00:46.178503+00:00,,2026-09-25T15:00:46.179503+00:00,,2026-09-25T15:00:46.180503+00:00,,2026-09-25T15:00:46.181503+00:00,,2026-09-25T15:00:46.182504+00:00,,2026-09-25T15:00:46.183504+00:00,,2026-09-25T15:00:46.184504+00:00,,2026-09-25T15:00:46.185504+00:00,,2026-09-25T15:00:46.186504+00:00,,2026-09-25T15:00:46.187504+00:00,,2026-09-25T15:00:46.188504+00:00,,2026-09-25T15:00:46.189504+00:00,,2026-09-25T15:00:46.190504+00:00,,2026-09-25T15:00:46.191504+00:00,,2026-09-25T15:00:46.192504+00:00,,2026-09-25T15:00:46.193504+00:00,,2026-09-25T15:00:46.194504+00:00,,2026-09-25T15:00:46.195504+00:00,,2026-09-25T15:00:46.196504+00:00,,2026-09-25T15:00:46.197504+00:00,,2026-09-25T15:00:46.198504+00:00,,2026-09-25T15:00:46.199504+00:00,,2026-09-25T15:00:46.200505+00:00,,2026-09-25T15:00:46.201505+00:00,,2026-09-25T15:00:46.202505+00:00,,2026-09-25T15:00:46.203505+00:00,,2026-09-25T15:00:46.204505+00:00,,2026-09-25T15:00:46.205505+00:00,,2026-09-25T15:00:46.206505+00:00,,2026-09-25T15:00:46.207505+00:00,,2026-09-25T15:00:46.208505+00:00,,2026-09-25T15:00:46.209505+00:00,,2026-09-25T15:00:46.210505+00:00,,2026-09-25T15:00:46.222506+00:00,,2026-09-25T15:00:46.212505+00:00,,2026-09-25T15:00:46.213505+00:00,,2026-09-25T15:00:46.214505+00:00,,2026-09-25T15:00:46.215505+00:00,,2026-09-25T15:00:46.216505+00:00,,2026-09-25T15:00:46.217506+00:00,,2026-09-25T15:00:46.218506+00:00,,2026-09-25T15:00:46.219506+00:00,,2026-09-25T15:00:46.220506+00:00,,2026-09-25T15:00:46.221506+00:00,,2026-09-25T15:00:46.223506+00:00,,2026-09-25T15:00:46.224506+00:00,,2026-09-25T15:00:46.225506+00:00,,2026-09-25T15:00:46.226506+00:00,,2026-09-25T15:00:46.227506+00:00,,2026-09-25T15:00:46.228506+00:00,,2026-09-25T15:00:46.229506+00:00,,2026-09-25T15:00:46.230506+00:00,,2026-09-25T15:00:46.231506+00:00,,2026-09-25T15:00:46.232506+00:00,,2026-09-25T15:00:46.244507+00:00,,2026-09-25T15:00:46.234506+00:00,,2026-09-25T15:00:46.235507+00:00,,2026-09-25T15:00:46.236507+00:00,,2026-09-25T15:00:46.237507+00:00,,2026-09-25T15:00:46.238507+00:00,,2026-09-25T15:00:46.239507+00:00,,2026-09-25T15:00:46.240507+00:00,,2026-09-25T15:00:46.241507+00:00,,2026-09-25T15:00:46.242507+00:00,,2026-09-25T15:00:46.243507+00:00,,2026-09-25T15:00:46.233506+00:00,,2026-09-25T15:00:46.245507+00:00,,2026-09-25T15:00:46.246507+00:00,,2026-09-25T15:00:46.247507+00:00,,2026-09-25T15:00:46.248507+00:00,,2026-09-25T15:00:46.249507+00:00,,2026-09-25T15:00:46.250507+00:00,,2026-09-25T15:00:46.251507+00:00,,2026-09-25T15:00:46.252508+00:00,
65,2026-09-25T13:31:41.802697+00:00,2026-09-25T15:00:46.681532+00:00,106.006,2026-09-25T15:00:46.575526+00:00,,2026-09-25T15:00:46.598527+00:00,,2026-09-25T15:00:46.599527+00:00,,2026-09-25T15:00:46.600527+00:00,,2026-09-25T15:00:46.601527+00:00,,2026-09-25T15:00:46.602528+00:00,,2026-09-25T15:00:46.603528+00:00,,2026-09-25T15:00:46.604528+00:00,,2026-09-25T15:00:46.605528+00:00,,2026-09-25T15:00:46.606528+00:00,,2026-09-25T15:00:46.607528+00:00,,2026-09-25T15:00:46.608528+00:00,,2026-09-25T15:00:46.609528+00:00,,2026-09-25T15:00:46.621529+00:00,,2026-09-25T15:00:46.622529+00:00,,2026-09-25T15:00:46.612528+00:00,,2026-09-25T15:00:46.613528+00:00,,2026-09-25T15:00:46.614528+00:00,,2026-09-25T15:00:46.615528+00:00,,2026-09-25T15:00:46.616528+00:00,,2026-09-25T15:00:46.617528+00:00,,2026-09-25T15:00:46.618528+00:00,,2026-09-25T15:00:46.619529+00:00,,2026-09-25T15:00:46.620529+00:00,,2026-09-25T15:00:46.610528+00:00,,2026-09-25T15:00:46.623529+00:00,,2026-09-25T15:00:46.624529+00:00,,2026-09-25T15:00:46.625529+00:00,,2026-09-25T15:00:46.626529+00:00,,2026-09-25T15:00:46.638530+00:00,,2026-09-25T15:00:46.628529+00:00,,2026-09-25T15:00:46.629529+00:00,,2026-09-25T15:00:46.630529+00:00,,2026-09-25T15:00:46.631529+00:00,,2026-09-25T15:00:46.632529+00:00,,2026-09-25T15:00:46.633529+00:00,,2026-09-25T15:00:46.634529+00:00,,2026-09-25T15:00:46.635529+00:00,,2026-09-25T15:00:46.636529+00:00,,2026-09-25T15:00:46.637530+00:00,,2026-09-25T15:00:46.627529+00:00,,2026-09-25T15:00:46.639530+00:00,,2026-09-25T15:00:46.640530+00:00,,2026-09-25T15:00:46.641530+00:00,,2026-09-25T15:00:46.642530+00:00,,2026-09-25T15:00:46.654531+00:00,,2026-09-25T15:00:46.644530+00:00,,2026-09-25T15:00:46.656531+00:00,,2026-09-25T15:00:46.646530+00:00,,2026-09-25T15:00:46.647530+00:00,,2026-09-25T15:00:46.648530+00:00,,2026-09-25T15:00:46.649530+00:00,,2026-09-25T15:00:46.672532+00:00,,2026-09-25T15:00:46.651530+00:00,,2026-09-25T15:00:46.652530+00:00,,2026-09-25T15:00:46.653530+00:00,,2026-09-25T15:00:46.643530+00:00,,2026-09-25T15:00:46.655531+00:00,,2026-09-25T15:00:46.645530+00:00,,2026-09-25T15:00:46.657531+00:00,,2026-09-25T15:00:46.658531+00:00,,2026-09-25T15:00:46.659531+00:00,,2026-09-25T15:00:46.660531+00:00,,2026-09-25T15:00:46.650530+00:00,,2026-09-25T15:00:46.662531+00:00,,2026-09-25T15:00:46.663531+00:00,,2026-09-25T15:00:46.664531+00:00,,2026-09-25T15:00:46.676532+00:00,,2026-09-25T15:00:46.666531+00:00,,2026-09-25T15:00:46.667531+00:00,,2026-09-25T15:00:46.668531+00:00,,2026-09-25T15:00:46.669531+00:00,,2026-09-25T15:00:46.681532+00:00,,2026-09-25T15:00:46.671531+00:00,,2026-09-25T15:00:46.673532+00:00,,2026-09-25T15:00:46.674532+00:00,,2026-09-25T15:00:46.675532+00:00,,2026-09-25T15:00:46.665531+00:00,,2026-09-25T15:00:46.677532+00:00,,2026-09-25T15:00:46.678532+00:00,,2026-09-25T15:00:46.679532+00:00,,2026-09-25T15:00:46.680532+00:00,,2026-09-25T15:00:46.670531+00:00,
66,2026-09-25T13:31:42.172092+00:00,2026-09-25T15:00:47.140558+00:00,94.00500000000001,2026-09-25T15:00:47.046553+00:00,,2026-09-25T15:00:47.057554+00:00,,2026-09-25T15:00:47.058554+00:00,,2026-09-25T15:00:47.059554+00:00,,2026-09-25T15:00:47.060554+00:00,,2026-09-25T15:00:47.061554+00:00,,2026-09-25T15:00:47.062554+00:00,,2026-09-25T15:00:47.063554+00:00,,2026-09-25T15:00:47.064554+00:00,,2026-09-25T15:00:47.065554+00:00,,2026-09-25T15:00:47.066554+00:00,,2026-09-25T15:00:47.067554+00:00,,2026-09-25T15:00:47.068554+00:00,,2026-09-25T15:00:47.069554+00:00,,2026-09-25T15:00:47.070554+00:00,,2026-09-25T15:00:47.071554+00:00,,2026-09-25T15:00:47.073554+00:00,,2026-09-25T15:00:47.074555+00:00,,2026-09-25T15:00:47.075555+00:00,,2026-09-25T15:00:47.076555+00:00,,2026-09-25T15:00:47.077555+00:00,,2026-09-25T15:00:47.078555+00:00,,2026-09-25T15:00:47.079555+00:00,,2026-09-25T15:00:47.080555+00:00,,2026-09-25T15:00:47.081555+00:00,,2026-09-25T15:00:47.082555+00:00,,2026-09-25T15:00:47.083555+00:00,,2026-09-25T15:00:47.084555+00:00,,2026-09-25T15:00:47.085555+00:00,,2026-09-25T15:00:47.086555+00:00,,2026-09-25T15:00:47.087555+00:00,,2026-09-25T15:00:47.088555+00:00,,2026-09-25T15:00:47.089555+00:00,,2026-09-25T15:00:47.090555+00:00,,2026-09-25T15:00:47.091556+00:00,,2026-09-25T15:00:47.092556+00:00,,2026-09-25T15:00:47.093556+00:00,,2026-09-25T15:00:47.094556+00:00,,2026-09-25T15:00:47.095556+00:00,,2026-09-25T15:00:47.096556+00:00,,2026-09-25T15:00:47.097556+00:00,,2026-09-25T15:00:47.098556+00:00,,2026-09-25T15:00:47.099556+00:00,,2026-09-25T15:00:47.100556+00:00,,2026-09-25T15:00:47.101556+00:00,,2026-09-25T15:00:47.102556+00:00,,2026-09-25T15:00:47.103556+00:00,,2026-09-25T15:00:47.104556+00:00,,2026-09-25T15:00:47.105556+00:00,,2026-09-25T15:00:47.106556+00:00,,2026-09-25T15:00:47.107556+00:00,,2026-09-25T15:00:47.108556+00:00,,2026-09-25T15:00:47.109557+00:00,,2026-09-25T15:00:47.110557+00:00,,2026-09-25T15:00:47.122557+00:00,,2026-09-25T15:00:47.112557+00:00,,2026-09-25T15:00:47.113557+00:00,,2026-09-25T15:00:47.114557+00:00,,2026-09-25T15:00:47.115557+00:00,,2026-09-25T15:00:47.116557+00:00,,2026-09-25T15:00:47.117557+00:00,,2026-09-25T15:00:47.118557+00:00,,2026-09-25T15:00:47.119557+00:00,,2026-09-25T15:00:47.120557+00:00,,2026-09-25T15:00:47.121557+00:00,,2026-09-25T15:00:47.123557+00:00,,2026-09-25T15:00:47.124557+00:00,,2026-09-25T15:00:47.125557+00:00,,2026-09-25T15:00:47.126558+00:00,,2026-09-25T15:00:47.127558+00:00,,2026-09-25T15:00:47.128558+00:00,,2026-09-25T15:00:47.129558+00:00,,2026-09-25T15:00:47.130558+00:00,,2026-09-25T15:00:47.131558+00:00,,2026-09-25T15:00:47.132558+00:00,,2026-09-25T15:00:47.133558+00:00,,2026-09-25T15:00:47.134558+00:00,,2026-09-25T15:00:47.135558+00:00,,2026-09-25T15:00:47.136558+00:00,,2026-09-25T15:00:47.137558+00:00,,2026-09-25T15:00:47.138558+00:00,,2026-09-25T15:00:47.139558+00:00,,2026-09-25T15:00:47.140558+00:00,
67,2026-09-25T13:31:42.524017+00:00,2026-09-25T15:00:47.513580+00:00,98.006,2026-09-25T15:00:47.415574+00:00,,2026-09-25T15:00:47.430575+00:00,,2026-09-25T15:00:47.438575+00:00,,2026-09-25T15:00:47.432575+00:00,,2026-09-25T15:00:47.433575+00:00,,2026-09-25T15:00:47.434575+00:00,,2026-09-25T15:00:47.435575+00:00,,2026-09-25T15:00:47.436575+00:00,,2026-09-25T15:00:47.437575+00:00,,2026-09-25T15:00:47.431575+00:00,,2026-09-25T15:00:47.439575+00:00,,2026-09-25T15:00:47.440575+00:00,,2026-09-25T15:00:47.441576+00:00,,2026-09-25T15:00:47.442576+00:00,,2026-09-25T15:00:47.443576+00:00,,2026-09-25T15:00:47.444576+00:00,,2026-09-25T15:00:47.445576+00:00,,2026-09-25T15:00:47.446576+00:00,,2026-09-25T15:00:47.447576+00:00,,2026-09-25T15:00:47.448576+00:00,,2026-09-25T15:00:47.471577+00:00,,2026-09-25T15:00:47.450576+00:00,,2026-09-25T15:00:47.451576+00:00,,2026-09-25T15:00:47.452576+00:00,,2026-09-25T15:00:47.453576+00:00,,2026-09-25T15:00:47.454576+00:00,,2026-09-25T15:00:47.455576+00:00,,2026-09-25T15:00:47.456576+00:00,,2026-09-25T15:00:47.457576+00:00,,2026-09-25T15:00:47.458576+00:00,,2026-09-25T15:00:47.459577+00:00,,2026-09-25T15:00:47.449576+00:00,,2026-09-25T15:00:47.461577+00:00,,2026-09-25T15:00:47.462577+00:00,,2026-09-25T15:00:47.463577+00:00,,2026-09-25T15:00:47.464577+00:00,,2026-09-25T15:00:47.476578+00:00,,2026-09-25T15:00:47.466577+00:00,,2026-09-25T15:00:47.467577+00:00,,2026-09-25T15:00:47.468577+00:00,,2026-09-25T15:00:47.469577+00:00,,2026-09-25T15:00:47.470577+00:00,,2026-09-25T15:00:47.472577+00:00,,2026-09-25T15:00:47.473577+00:00,,2026-09-25T15:00:47.474577+00:00,,2026-09-25T15:00:47.475577+00:00,,2026-09-25T15:00:47.465577+00:00,,2026-09-25T15:00:47.477578+00:00,,2026-09-25T15:00:47.478578+00:00,,2026-09-25T15:00:47.479578+00:00,,2026-09-25T15:00:47.480578+00:00,,2026-09-25T15:00:47.481578+00:00,,2026-09-25T15:00:47.482578+00:00,,2026-09-25T15:00:47.483578+00:00,,2026-09-25T15:00:47.484578+00:00,,2026-09-25T15:00:47.485578+00:00,,2026-09-25T15:00:47.486578+00:00,,2026-09-25T15:00:47.487578+00:00,,2026-09-25T15:00:47.488578+00:00,,2026-09-25T15:00:47.489578+00:00,,2026-09-25T15:00:47.490578+00:00,,2026-09-25T15:00:47.491578+00:00,,2026-09-25T15:00:47.492578+00:00,,2026-09-25T15:00:47.493578+00:00,,2026-09-25T15:00:47.494579+00:00,,2026-09-25T15:00:47.495579+00:00,,2026-09-25T15:00:47.507579+00:00,,2026-09-25T15:00:47.497579+00:00,,2026-09-25T15:00:47.498579+00:00,,2026-09-25T15:00:47.499579+00:00,,2026-09-25T15:00:47.500579+00:00,,2026-09-25T15:00:47.501579+00:00,,2026-09-25T15:00:47.502579+00:00,,2026-09-25T15:00:47.503579+00:00,,2026-09-25T15:00:47.504579+00:00,,2026-09-25T15:00:47.505579+00:00,,2026-09-25T15:00:47.506579+00:00,,2026-09-25T15:00:47.496579+00:00,,2026-09-25T15:00:47.508579+00:00,,2026-09-25T15:00:47.509579+00:00,,2026-09-25T15:00:47.513580+00:00,,2026-09-25T15:00:47.511580+00:00,,2026-09-25T15:00:47.512580+00:00,
68,2026-09-25T13:31:42.906500+00:00,2026-09-25T15:00:47.886601+00:00,114.00699999999999,2026-09-25T15:00:47.772594+00:00,,2026-09-25T15:00:47.803596+00:00,,2026-09-25T15:00:47.804596+00:00,,2026-09-25T15:00:47.805596+00:00,,2026-09-25T15:00:47.806596+00:00,,2026-09-25T15:00:47.807596+00:00,,2026-09-25T15:00:47.808597+00:00,,2026-09-25T15:00:47.809597+00:00,,2026-09-25T15:00:47.821597+00:00,,2026-09-25T15:00:47.811597+00:00,,2026-09-25T15:00:47.812597+00:00,,2026-09-25T15:00:47.813597+00:00,,2026-09-25T15:00:47.814597+00:00,,2026-09-25T15:00:47.815597+00:00,,2026-09-25T15:00:47.816597+00:00,,2026-09-25T15:00:47.817597+00:00,,2026-09-25T15:00:47.818597+00:00,,2026-09-25T15:00:47.819597+00:00,,2026-09-25T15:00:47.820597+00:00,,2026-09-25T15:00:47.822597+00:00,,2026-09-25T15:00:47.823597+00:00,,2026-09-25T15:00:47.824597+00:00,,2026-09-25T15:00:47.825597+00:00,,2026-09-25T15:00:47.826598+00:00,,2026-09-25T15:00:47.838598+00:00,,2026-09-25T15:00:47.828598+00:00,,2026-09-25T15:00:47.829598+00:00,,2026-09-25T15:00:47.830598+00:00,,2026-09-25T15:00:47.831598+00:00,,2026-09-25T15:00:47.832598+00:00,,2026-09-25T15:00:47.833598+00:00,,2026-09-25T15:00:47.834598+00:00,,2026-09-25T15:00:47.835598+00:00,,2026-09-25T15:00:47.836598+00:00,,2026-09-25T15:00:47.837598+00:00,,2026-09-25T15:00:47.827598+00:00,,2026-09-25T15:00:47.839598+00:00,,2026-09-25T15:00:47.840598+00:00,,2026-09-25T15:00:47.841598+00:00,,2026-09-25T15:00:47.842598+00:00,,2026-09-25T15:00:47.843599+00:00,,2026-09-25T15:00:47.844599+00:00,,2026-09-25T15:00:47.845599+00:00,,2026-09-25T15:00:47.846599+00:00,,2026-09-25T15:00:47.847599+00:00,,2026-09-25T15:00:47.848599+00:00,,2026-09-25T15:00:47.849599+00:00,,2026-09-25T15:00:47.850599+00:00,,2026-09-25T15:00:47.851599+00:00,,2026-09-25T15:00:47.852599+00:00,,2026-09-25T15:00:47.853599+00:00,,2026-09-25T15:00:47.854599+00:00,,2026-09-25T15:00:47.866600+00:00,,2026-09-25T15:00:47.856599+00:00,,2026-09-25T15:00:47.857599+00:00,,2026-09-25T15:00:47.858599+00:00,,2026-09-25T15:00:47.859599+00:00,,2026-09-25T15:00:47.872600+00:00,,2026-09-25T15:00:47.861600+00:00,,2026-09-25T15:00:47.862600+00:00,,2026-09-25T15:00:47.863600+00:00,,2026-09-25T15:00:47.864600+00:00,,2026-09-25T15:00:47.865600+00:00,,2026-09-25T15:00:47.855599+00:00,,2026-09-25T15:00:47.867600+00:00,,2026-09-25T15:00:47.868600+00:00,,2026-09-25T15:00:47.869600+00:00,,2026-09-25T15:00:47.870600+00:00,,2026-09-25T15:00:47.871600+00:00,,2026-09-25T15:00:47.873600+00:00,,2026-09-25T15:00:47.874600+00:00,,2026-09-25T15:00:47.875600+00:00,,2026-09-25T15:00:47.876600+00:00,,2026-09-25T15:00:47.877600+00:00,,2026-09-25T15:00:47.878601+00:00,,2026-09-25T15:00:47.879601+00:00,,2026-09-25T15:00:47.880601+00:00,,2026-09-25T15:00:47.881601+00:00,,2026-09-25T15:00:47.882601+00:00,,2026-09-25T15:00:47.883601+00:00,,2026-09-25T15:00:47.884601+00:00,,2026-09-25T15:00:47.885601+00:00,,2026-09-25T15:00:47.886601+00:00,
69,2026-09-25T13:31:43.264185+00:00,2026-09-25T15:00:48.251622+00:00,94.006,2026-09-25T15:00:48.157616+00:00,,2026-09-25T15:00:48.169617+00:00,,2026-09-25T15:00:48.179618+00:00,,2026-09-25T15:00:48.171617+00:00,,2026-09-25T15:00:48.172617+00:00,,2026-09-25T15:00:48.184618+00:00,,2026-09-25T15:00:48.174617+00:00,,2026-09-25T15:00:48.175618+00:00,,2026-09-25T15:00:48.170617+00:00,,2026-09-25T15:00:48.176618+00:00,,2026-09-25T15:00:48.177618+00:00,,2026-09-25T15:00:48.178618+00:00,,2026-09-25T15:00:48.180618+00:00,,2026-09-25T15:00:48.181618+00:00,,2026-09-25T15:00:48.182618+00:00,,2026-09-25T15:00:48.183618+00:00,,2026-09-25T15:00:48.173617+00:00,,2026-09-25T15:00:48.185618+00:00,,2026-09-25T15:00:48.186618+00:00,,2026-09-25T15:00:48.187618+00:00,,2026-09-25T15:00:48.188618+00:00,,2026-09-25T15:00:48.189618+00:00,,2026-09-25T15:00:48.190618+00:00,,2026-09-25T15:00:48.191618+00:00,,2026-09-25T15:00:48.192618+00:00,,2026-09-25T15:00:48.204619+00:00,,2026-09-25T15:00:48.194619+00:00,,2026-09-25T15:00:48.195619+00:00,,2026-09-25T15:00:48.196619+00:00,,2026-09-25T15:00:48.197619+00:00,,2026-09-25T15:00:48.198619+00:00,,2026-09-25T15:00:48.199619+00:00,,2026-09-25T15:00:48.200619+00:00,,2026-09-25T15:00:48.201619+00:00,,2026-09-25T15:00:48.202619+00:00,,2026-09-25T15:00:48.203619+00:00,,2026-09-25T15:00:48.193619+00:00,,2026-09-25T15:00:48.205619+00:00,,2026-09-25T15:00:48.206619+00:00,,2026-09-25T15:00:48.207619+00:00,,2026-09-25T15:00:48.208619+00:00,,2026-09-25T15:00:48.209619+00:00,,2026-09-25T15:00:48.221620+00:00,,2026-09-25T15:00:48.211620+00:00,,2026-09-25T15:00:48.212620+00:00,,2026-09-25T15:00:48.213620+00:00,,2026-09-25T15:00:48.214620+00:00,,2026-09-25T15:00:48.215620+00:00,,2026-09-25T15:00:48.216620+00:00,,2026-09-25T15:00:48.217620+00:00,,2026-09-25T15:00:48.218620+00:00,,2026-09-25T15:00:48.219620+00:00,,2026-09-25T15:00:48.220620+00:00,,2026-09-25T15:00:48.222620+00:00,,2026-09-25T15:00:48.223620+00:00,,2026-09-25T15:00:48.224620+00:00,,2026-09-25T15:00:48.225620+00:00,,2026-09-25T15:00:48.226620+00:00,,2026-09-25T15:00:48.227620+00:00,,2026-09-25T15:00:48.228621+00:00,,2026-09-25T15:00:48.229621+00:00,,2026-09-25T15:00:48.230621+00:00,,2026-09-25T15:00:48.231621+00:00,,2026-09-25T15:00:48.232621+00:00,,2026-09-25T15:00:48.233621+00:00,,2026-09-25T15:00:48.234621+00:00,,2026-09-25T15:00:48.235621+00:00,,2026-09-25T15:00:48.236621+00:00,,2026-09-25T15:00:48.237621+00:00,,2026-09-25T15:00:48.238621+00:00,,2026-09-25T15:00:48.239621+00:00,,2026-09-25T15:00:48.240621+00:00,,2026-09-25T15:00:48.241621+00:00,,2026-09-25T15:00:48.242621+00:00,,2026-09-25T15:00:48.243621+00:00,,2026-09-25T15:00:48.244621+00:00,,2026-09-25T15:00:48.245622+00:00,,2026-09-25T15:00:48.246622+00:00,,2026-09-25T15:00:48.247622+00:00,,2026-09-25T15:00:48.248622+00:00,,2026-09-25T15:00:48.249622+00:00,,2026-09-25T15:00:48.250622+00:00,,2026-09-25T15:00:48.251622+00:00,
70,2026-09-25T13:31:43.625383+00:00,2026-09-25T15:00:48.615643+00:00,89.005,2026-09-25T15:00:48.531638+00:00,,2026-09-25T15:00:48.532638+00:00,,2026-09-25T15:00:48.533638+00:00,,2026-09-25T15:00:48.534638+00:00,,2026-09-25T15:00:48.535638+00:00,,2026-09-25T15:00:48.536638+00:00,,2026-09-25T15:00:48.526638+00:00,,2026-09-25T15:00:48.527638+00:00,,2026-09-25T15:00:48.539638+00:00,,2026-09-25T15:00:48.540638+00:00,,2026-09-25T15:00:48.552639+00:00,,2026-09-25T15:00:48.542638+00:00,,2026-09-25T15:00:48.554639+00:00,,2026-09-25T15:00:48.544639+00:00,,2026-09-25T15:00:48.545639+00:00,,2026-09-25T15:00:48.546639+00:00,,2026-09-25T15:00:48.547639+00:00,,2026-09-25T15:00:48.548639+00:00,,2026-09-25T15:00:48.549639+00:00,,2026-09-25T15:00:48.550639+00:00,,2026-09-25T15:00:48.551639+00:00,,2026-09-25T15:00:48.541638+00:00,,2026-09-25T15:00:48.553639+00:00,,2026-09-25T15:00:48.543639+00:00,,2026-09-25T15:00:48.555639+00:00,,2026-09-25T15:00:48.579641+00:00,,2026-09-25T15:00:48.557639+00:00,,2026-09-25T15:00:48.581641+00:00,,2026-09-25T15:00:48.559639+00:00,,2026-09-25T15:00:48.560640+00:00,,2026-09-25T15:00:48.561640+00:00,,2026-09-25T15:00:48.562640+00:00,,2026-09-25T15:00:48.563640+00:00,,2026-09-25T15:00:48.564640+00:00,,2026-09-25T15:00:48.565640+00:00,,2026-09-25T15:00:48.566640+00:00,,2026-09-25T15:00:48.556639+00:00,,2026-09-25T15:00:48.580641+00:00,,2026-09-25T15:00:48.558639+00:00,,2026-09-25T15:00:48.570640+00:00,,2026-09-25T15:00:48.572640+00:00,,2026-09-25T15:00:48.573640+00:00,,2026-09-25T15:00:48.574640+00:00,,2026-09-25T15:00:48.575640+00:00,,2026-09-25T15:00:48.576640+00:00,,2026-09-25T15:00:48.588641+00:00,,2026-09-25T15:00:48.578641+00:00,,2026-09-25T15:00:48.567640+00:00,,2026-09-25T15:00:48.568640+00:00,,2026-09-25T15:00:48.569640+00:00,,2026-09-25T15:00:48.582641+00:00,,2026-09-25T15:00:48.583641+00:00,,2026-09-25T15:00:48.584641+00:00,,2026-09-25T15:00:48.585641+00:00,,2026-09-25T15:00:48.586641+00:00,,2026-09-25T15:00:48.587641+00:00,,2026-09-25T15:00:48.577640+00:00,,2026-09-25T15:00:48.589641+00:00,,2026-09-25T15:00:48.590641+00:00,,2026-09-25T15:00:48.591641+00:00,,2026-09-25T15:00:48.592641+00:00,,2026-09-25T15:00:48.593641+00:00,,2026-09-25T15:00:48.594641+00:00,,2026-09-25T15:00:48.606642+00:00,,2026-09-25T15:00:48.596642+00:00,,2026-09-25T15:00:48.597642+00:00,,2026-09-25T15:00:48.598642+00:00,,2026-09-25T15:00:48.599642+00:00,,2026-09-25T15:00:48.600642+00:00,,2026-09-25T15:00:48.601642+00:00,,2026-09-25T15:00:48.602642+00:00,,2026-09-25T15:00:48.603642+00:00,,2026-09-25T15:00:48.604642+00:00,,2026-09-25T15:00:48.605642+00:00,,2026-09-25T15:00:48.595642+00:00,,2026-09-25T15:00:48.607642+00:00,,2026-09-25T15:00:48.608642+00:00,,2026-09-25T15:00:48.609642+00:00,,2026-09-25T15:00:48.615643+00:00,,2026-09-25T15:00:48.611642+00:00,,2026-09-25T15:00:48.612643+00:00,,2026-09-25T15:00:48.613643+00:00,,2026-09-25T15:00:48.614643+00:00,
71,2026-09-25T13:31:44.036154+00:00,2026-09-25T15:00:48.992664+00:00,84.005,2026-09-25T15:00:48.908659+00:00,,2026-09-25T15:00:48.920660+00:00,,2026-09-25T15:00:48.910660+00:00,,2026-09-25T15:00:48.911660+00:00,,2026-09-25T15:00:48.912660+00:00,,2026-09-25T15:00:48.913660+00:00,,2026-09-25T15:00:48.914660+00:00,,2026-09-25T15:00:48.915660+00:00,,2026-09-25T15:00:48.927661+00:00,,2026-09-25T15:00:48.917660+00:00,,2026-09-25T15:00:48.918660+00:00,,2026-09-25T15:00:48.919660+00:00,,2026-09-25T15:00:48.921660+00:00,,2026-09-25T15:00:48.933661+00:00,,2026-09-25T15:00:48.923660+00:00,,2026-09-25T15:00:48.924660+00:00,,2026-09-25T15:00:48.925660+00:00,,2026-09-25T15:00:48.926660+00:00,,2026-09-25T15:00:48.916660+00:00,,2026-09-25T15:00:48.928661+00:00,,2026-09-25T15:00:48.929661+00:00,,2026-09-25T15:00:48.930661+00:00,,2026-09-25T15:00:48.942661+00:00,,2026-09-25T15:00:48.932661+00:00,,2026-09-25T15:00:48.922660+00:00,,2026-09-25T15:00:48.934661+00:00,,2026-09-25T15:00:48.935661+00:00,,2026-09-25T15:00:48.936661+00:00,,2026-09-25T15:00:48.937661+00:00,,2026-09-25T15:00:48.938661+00:00,,2026-09-25T15:00:48.939661+00:00,,2026-09-25T15:00:48.940661+00:00,,2026-09-25T15:00:48.941661+00:00,,2026-09-25T15:00:48.931661+00:00,,2026-09-25T15:00:48.943661+00:00,,2026-09-25T15:00:48.944661+00:00,,2026-09-25T15:00:48.945662+00:00,,2026-09-25T15:00:48.946662+00:00,,2026-09-25T15:00:48.947662+00:00,,2026-09-25T15:00:48.948662+00:00,,2026-09-25T15:00:48.949662+00:00,,2026-09-25T15:00:48.950662+00:00,,2026-09-25T15:00:48.951662+00:00,,2026-09-25T15:00:48.952662+00:00,,2026-09-25T15:00:48.953662+00:00,,2026-09-25T15:00:48.954662+00:00,,2026-09-25T15:00:48.955662+00:00,,2026-09-25T15:00:48.956662+00:00,,2026-09-25T15:00:48.968663+00:00,,2026-09-25T15:00:48.958662+00:00,,2026-09-25T15:00:48.970663+00:00,,2026-09-25T15:00:48.960662+00:00,,2026-09-25T15:00:48.961662+00:00,,2026-09-25T15:00:48.962663+00:00,,2026-09-25T15:00:48.963663+00:00,,2026-09-25T15:00:48.964663+00:00,,2026-09-25T15:00:48.965663+00:00,,2026-09-25T15:00:48.966663+00:00,,2026-09-25T15:00:48.967663+00:00,,2026-09-25T15:00:48.957662+00:00,,2026-09-25T15:00:48.969663+00:00,,2026-09-25T15:00:48.971663+00:00,,2026-09-25T15:00:48.972663+00:00,,2026-09-25T15:00:48.973663+00:00,,2026-09-25T15:00:48.974663+00:00,,2026-09-25T15:00:48.975663+00:00,,2026-09-25T15:00:48.976663+00:00,,2026-09-25T15:00:48.977663+00:00,,2026-09-25T15:00:48.978663+00:00,,2026-09-25T15:00:48.979663+00:00,,2026-09-25T15:00:48.980664+00:00,,2026-09-25T15:00:48.981664+00:00,,2026-09-25T15:00:48.982664+00:00,,2026-09-25T15:00:48.983664+00:00,,2026-09-25T15:00:48.984664+00:00,,2026-09-25T15:00:48.985664+00:00,,2026-09-25T15:00:48.986664+00:00,,2026-09-25T15:00:48.987664+00:00,,2026-09-25T15:00:48.988664+00:00,,2026-09-25T15:00:48.989664+00:00,,2026-09-25T15:00:48.990664+00:00,,2026-09-25T15:00:48.991664+00:00,,2026-09-25T15:00:48.992664+00:00,
72,2026-09-25T13:31:44.480295+00:00,2026-09-25T15:00:49.470692+00:00,89.006,2026-09-25T15:00:49.381686+00:00,,2026-09-25T15:00:49.387687+00:00,,2026-09-25T15:00:49.388687+00:00,,2026-09-25T15:00:49.389687+00:00,,2026-09-25T15:00:49.390687+00:00,,2026-09-25T15:00:49.391687+00:00,,2026-09-25T15:00:49.392687+00:00,,2026-09-25T15:00:49.393687+00:00,,2026-09-25T15:00:49.394687+00:00,,2026-09-25T15:00:49.395687+00:00,,2026-09-25T15:00:49.396687+00:00,,2026-09-25T15:00:49.397687+00:00,,2026-09-25T15:00:49.398687+00:00,,2026-09-25T15:00:49.410688+00:00,,2026-09-25T15:00:49.400688+00:00,,2026-09-25T15:00:49.412688+00:00,,2026-09-25T15:00:49.402688+00:00,,2026-09-25T15:00:49.403688+00:00,,2026-09-25T15:00:49.404688+00:00,,2026-09-25T15:00:49.405688+00:00,,2026-09-25T15:00:49.406688+00:00,,2026-09-25T15:00:49.407688+00:00,,2026-09-25T15:00:49.408688+00:00,,2026-09-25T15:00:49.420689+00:00,,2026-09-25T15:00:49.399688+00:00,,2026-09-25T15:00:49.411688+00:00,,2026-09-25T15:00:49.401688+00:00,,2026-09-25T15:00:49.413688+00:00,,2026-09-25T15:00:49.414688+00:00,,2026-09-25T15:00:49.415688+00:00,,2026-09-25T15:00:49.416688+00:00,,2026-09-25T15:00:49.417689+00:00,,2026-09-25T15:00:49.418689+00:00,,2026-09-25T15:00:49.419689+00:00,,2026-09-25T15:00:49.421689+00:00,,2026-09-25T15:00:49.422689+00:00,,2026-09-25T15:00:49.423689+00:00,,2026-09-25T15:00:49.424689+00:00,,2026-09-25T15:00:49.425689+00:00,,2026-09-25T15:00:49.426689+00:00,,2026-09-25T15:00:49.427689+00:00,,2026-09-25T15:00:49.428689+00:00,,2026-09-25T15:00:49.429689+00:00,,2026-09-25T15:00:49.430689+00:00,,2026-09-25T15:00:49.431689+00:00,,2026-09-25T15:00:49.432689+00:00,,2026-09-25T15:00:49.433689+00:00,,2026-09-25T15:00:49.434690+00:00,,2026-09-25T15:00:49.435690+00:00,,2026-09-25T15:00:49.436690+00:00,,2026-09-25T15:00:49.437690+00:00,,2026-09-25T15:00:49.438690+00:00,,2026-09-25T15:00:49.439690+00:00,,2026-09-25T15:00:49.440690+00:00,,2026-09-25T15:00:49.441690+00:00,,2026-09-25T15:00:49.442690+00:00,,2026-09-25T15:00:49.443690+00:00,,2026-09-25T15:00:49.444690+00:00,,2026-09-25T15:00:49.445690+00:00,,2026-09-25T15:00:49.446690+00:00,,2026-09-25T15:00:49.447690+00:00,,2026-09-25T15:00:49.448690+00:00,,2026-09-25T15:00:49.449690+00:00,,2026-09-25T15:00:49.450690+00:00,,2026-09-25T15:00:49.451690+00:00,,2026-09-25T15:00:49.452691+00:00,,2026-09-25T15:00:49.453691+00:00,,2026-09-25T15:00:49.454691+00:00,,2026-09-25T15:00:49.455691+00:00,,2026-09-25T15:00:49.456691+00:00,,2026-09-25T15:00:49.457691+00:00,,2026-09-25T15:00:49.458691+00:00,,2026-09-25T15:00:49.470692+00:00,,2026-09-25T15:00:49.460691+00:00,,2026-09-25T15:00:49.461691+00:00,,2026-09-25T15:00:49.462691+00:00,,2026-09-25T15:00:49.463691+00:00,,2026-09-25T15:00:49.464691+00:00,,2026-09-25T15:00:49.465691+00:00,,2026-09-25T15:00:49.466691+00:00,,2026-09-25T15:00:49.467691+00:00,,2026-09-25T15:00:49.468691+00:00,,2026-09-25T15:00:49.469692+00:00,
73,2026-09-25T13:31:44.871874+00:00,2026-09-25T15:00:49.825712+00:00,100.006,2026-09-25T15:00:49.725706+00:00,,2026-09-25T15:00:49.742707+00:00,,2026-09-25T15:00:49.743707+00:00,,2026-09-25T15:00:49.744707+00:00,,2026-09-25T15:00:49.767709+00:00,,2026-09-25T15:00:49.746707+00:00,,2026-09-25T15:00:49.747707+00:00,,2026-09-25T15:00:49.748707+00:00,,2026-09-25T15:00:49.749708+00:00,,2026-09-25T15:00:49.750708+00:00,,2026-09-25T15:00:49.751708+00:00,,2026-09-25T15:00:49.752708+00:00,,2026-09-25T15:00:49.753708+00:00,,2026-09-25T15:00:49.754708+00:00,,2026-09-25T15:00:49.755708+00:00,,2026-09-25T15:00:49.745707+00:00,,2026-09-25T15:00:49.768709+00:00,,2026-09-25T15:00:49.758708+00:00,,2026-09-25T15:00:49.770709+00:00,,2026-09-25T15:00:49.760708+00:00,,2026-09-25T15:00:49.772709+00:00,,2026-09-25T15:00:49.762708+00:00,,2026-09-25T15:00:49.763708+00:00,,2026-09-25T15:00:49.764708+00:00,,2026-09-25T15:00:49.765708+00:00,,2026-09-25T15:00:49.766709+00:00,,2026-09-25T15:00:49.756708+00:00,,2026-09-25T15:00:49.757708+00:00,,2026-09-25T15:00:49.769709+00:00,,2026-09-25T15:00:49.771709+00:00,,2026-09-25T15:00:49.761708+00:00,,2026-09-25T15:00:49.773709+00:00,,2026-09-25T15:00:49.774709+00:00,,2026-09-25T15:00:49.775709+00:00,,2026-09-25T15:00:49.776709+00:00,,2026-09-25T15:00:49.777709+00:00,,2026-09-25T15:00:49.778709+00:00,,2026-09-25T15:00:49.779709+00:00,,2026-09-25T15:00:49.780709+00:00,,2026-09-25T15:00:49.781709+00:00,,2026-09-25T15:00:49.782709+00:00,,2026-09-25T15:00:49.783709+00:00,,2026-09-25T15:00:49.784710+00:00,,2026-09-25T15:00:49.785710+00:00,,2026-09-25T15:00:49.786710+00:00,,2026-09-25T15:00:49.787710+00:00,,2026-09-25T15:00:49.788710+00:00,,2026-09-25T15:00:49.789710+00:00,,2026-09-25T15:00:49.790710+00:00,,2026-09-25T15:00:49.791710+00:00,,2026-09-25T15:00:49.792710+00:00,,2026-09-25T15:00:49.793710+00:00,,2026-09-25T15:00:49.794710+00:00,,2026-09-25T15:00:49.795710+00:00,,2026-09-25T15:00:49.796710+00:00,,2026-09-25T15:00:49.797710+00:00,,2026-09-25T15:00:49.798710+00:00,,2026-09-25T15:00:49.799710+00:00,,2026-09-25T15:00:49.800710+00:00,,2026-09-25T15:00:49.801711+00:00,,2026-09-25T15:00:49.802711+00:00,,2026-09-25T15:00:49.803711+00:00,,2026-09-25T15:00:49.804711+00:00,,2026-09-25T15:00:49.805711+00:00,,2026-09-25T15:00:49.806711+00:00,,2026-09-25T15:00:49.807711+00:00,,2026-09-25T15:00:49.808711+00:00,,2026-09-25T15:00:49.820712+00:00,,2026-09-25T15:00:49.810711+00:00,,2026-09-25T15:00:49.811711+00:00,,2026-09-25T15:00:49.812711+00:00,,2026-09-25T15:00:49.813711+00:00,,2026-09-25T15:00:49.814711+00:00,,2026-09-25T15:00:49.815711+00:00,,2026-09-25T15:00:49.816711+00:00,,2026-09-25T15:00:49.817711+00:00,,2026-09-25T15:00:49.818711+00:00,,2026-09-25T15:00:49.819712+00:00,,2026-09-25T15:00:49.821712+00:00,,2026-09-25T15:00:49.822712+00:00,,2026-09-25T15:00:49.823712+00:00,,2026-09-25T15:00:49.824712+00:00,,2026-09-25T15:00:49.825712+00:00,
74,2026-09-25T13:31:45.329583+00:00,2026-09-25T15:00:50.319740+00:00,96.005,2026-09-25T15:00:50.223735+00:00,,2026-09-25T15:00:50.231735+00:00,,2026-09-25T15:00:50.232735+00:00,,2026-09-25T15:00:50.233735+00:00,,2026-09-25T15:00:50.234735+00:00,,2026-09-25T15:00:50.235735+00:00,,2026-09-25T15:00:50.236735+00:00,,2026-09-25T15:00:50.237735+00:00,,2026-09-25T15:00:50.238736+00:00,,2026-09-25T15:00:50.239736+00:00,,2026-09-25T15:00:50.240736+00:00,,2026-09-25T15:00:50.241736+00:00,,2026-09-25T15:00:50.253736+00:00,,2026-09-25T15:00:50.243736+00:00,,2026-09-25T15:00:50.244736+00:00,,2026-09-25T15:00:50.245736+00:00,,2026-09-25T15:00:50.246736+00:00,,2026-09-25T15:00:50.247736+00:00,,2026-09-25T15:00:50.248736+00:00,,2026-09-25T15:00:50.249736+00:00,,2026-09-25T15:00:50.250736+00:00,,2026-09-25T15:00:50.251736+00:00,,2026-09-25T15:00:50.252736+00:00,,2026-09-25T15:00:50.242736+00:00,,2026-09-25T15:00:50.254736+00:00,,2026-09-25T15:00:50.255736+00:00,,2026-09-25T15:00:50.267737+00:00,,2026-09-25T15:00:50.268737+00:00,,2026-09-25T15:00:50.269737+00:00,,2026-09-25T15:00:50.259737+00:00,,2026-09-25T15:00:50.260737+00:00,,2026-09-25T15:00:50.261737+00:00,,2026-09-25T15:00:50.262737+00:00,,2026-09-25T15:00:50.263737+00:00,,2026-09-25T15:00:50.264737+00:00,,2026-09-25T15:00:50.265737+00:00,,2026-09-25T15:00:50.266737+00:00,,2026-09-25T15:00:50.256737+00:00,,2026-09-25T15:00:50.257737+00:00,,2026-09-25T15:00:50.270737+00:00,,2026-09-25T15:00:50.271737+00:00,,2026-09-25T15:00:50.272737+00:00,,2026-09-25T15:00:50.273738+00:00,,2026-09-25T15:00:50.274738+00:00,,2026-09-25T15:00:50.275738+00:00,,2026-09-25T15:00:50.276738+00:00,,2026-09-25T15:00:50.277738+00:00,,2026-09-25T15:00:50.278738+00:00,,2026-09-25T15:00:50.279738+00:00,,2026-09-25T15:00:50.280738+00:00,,2026-09-25T15:00:50.281738+00:00,,2026-09-25T15:00:50.282738+00:00,,2026-09-25T15:00:50.283738+00:00,,2026-09-25T15:00:50.284738+00:00,,2026-09-25T15:00:50.285738+00:00,,2026-09-25T15:00:50.286738+00:00,,2026-09-25T15:00:50.287738+00:00,,2026-09-25T15:00:50.299739+00:00,,2026-09-25T15:00:50.289738+00:00,,2026-09-25T15:00:50.290738+00:00,,2026-09-25T15:00:50.291739+00:00,,2026-09-25T15:00:50.292739+00:00,,2026-09-25T15:00:50.293739+00:00,,2026-09-25T15:00:50.294739+00:00,,2026-09-25T15:00:50.295739+00:00,,2026-09-25T15:00:50.296739+00:00,,2026-09-25T15:00:50.297739+00:00,,2026-09-25T15:00:50.298739+00:00,,2026-09-25T15:00:50.288738+00:00,,2026-09-25T15:00:50.300739+00:00,,2026-09-25T15:00:50.301739+00:00,,2026-09-25T15:00:50.302739+00:00,,2026-09-25T15:00:50.303739+00:00,,2026-09-25T15:00:50.315740+00:00,,2026-09-25T15:00:50.305739+00:00,,2026-09-25T15:00:50.306739+00:00,,2026-09-25T15:00:50.307739+00:00,,2026-09-25T15:00:50.319740+00:00,,2026-09-25T15:00:50.309740+00:00,,2026-09-25T15:00:50.310740+00:00,,2026-09-25T15:00:50.311740+00:00,,2026-09-25T15:00:50.312740+00:00,,2026-09-25T15:00:50.313740+00:00,
75,2026-09-25T13:31:45.684048+00:00,2026-09-25T15:00:50.673760+00:00,100.005,2026-09-25T15:00:50.573755+00:00,,2026-09-25T15:00:50.577755+00:00,,2026-09-25T15:00:50.578755+00:00,,2026-09-25T15:00:50.579755+00:00,,2026-09-25T15:00:50.580755+00:00,,2026-09-25T15:00:50.581755+00:00,,2026-09-25T15:00:50.582755+00:00,,2026-09-25T15:00:50.583755+00:00,,2026-09-25T15:00:50.584755+00:00,,2026-09-25T15:00:50.585755+00:00,,2026-09-25T15:00:50.586755+00:00,,2026-09-25T15:00:50.588756+00:00,,2026-09-25T15:00:50.589756+00:00,,2026-09-25T15:00:50.590756+00:00,,2026-09-25T15:00:50.591756+00:00,,2026-09-25T15:00:50.592756+00:00,,2026-09-25T15:00:50.593756+00:00,,2026-09-25T15:00:50.594756+00:00,,2026-09-25T15:00:50.607757+00:00,,2026-09-25T15:00:50.619757+00:00,,2026-09-25T15:00:50.598756+00:00,,2026-09-25T15:00:50.599756+00:00,,2026-09-25T15:00:50.600756+00:00,,2026-09-25T15:00:50.601756+00:00,,2026-09-25T15:00:50.602756+00:00,,2026-09-25T15:00:50.603756+00:00,,2026-09-25T15:00:50.604756+00:00,,2026-09-25T15:00:50.616757+00:00,,2026-09-25T15:00:50.606757+00:00,,2026-09-25T15:00:50.596756+00:00,,2026-09-25T15:00:50.597756+00:00,,2026-09-25T15:00:50.609757+00:00,,2026-09-25T15:00:50.610757+00:00,,2026-09-25T15:00:50.611757+00:00,,2026-09-25T15:00:50.612757+00:00,,2026-09-25T15:00:50.613757+00:00,,2026-09-25T15:00:50.614757+00:00,,2026-09-25T15:00:50.615757+00:00,,2026-09-25T15:00:50.605757+00:00,,2026-09-25T15:00:50.617757+00:00,,2026-09-25T15:00:50.618757+00:00,,2026-09-25T15:00:50.620757+00:00,,2026-09-25T15:00:50.621757+00:00,,2026-09-25T15:00:50.622757+00:00,,2026-09-25T15:00:50.623758+00:00,,2026-09-25T15:00:50.624758+00:00,,2026-09-25T15:00:50.625758+00:00,,2026-09-25T15:00:50.626758+00:00,,2026-09-25T15:00:50.627758+00:00,,2026-09-25T15:00:50.628758+00:00,,2026-09-25T15:00:50.629758+00:00,,2026-09-25T15:00:50.630758+00:00,,2026-09-25T15:00:50.631758+00:00,,2026-09-25T15:00:50.632758+00:00,,2026-09-25T15:00:50.633758+00:00,,2026-09-25T15:00:50.634758+00:00,,2026-09-25T15:00:50.635758+00:00,,2026-09-25T15:00:50.636758+00:00,,2026-09-25T15:00:50.637758+00:00,,2026-09-25T15:00:50.649759+00:00,,2026-09-25T15:00:50.639758+00:00,,2026-09-25T15:00:50.640759+00:00,,2026-09-25T15:00:50.641759+00:00,,2026-09-25T15:00:50.642759+00:00,,2026-09-25T15:00:50.643759+00:00,,2026-09-25T15:00:50.644759+00:00,,2026-09-25T15:00:50.645759+00:00,,2026-09-25T15:00:50.646759+00:00,,2026-09-25T15:00:50.647759+00:00,,2026-09-25T15:00:50.648759+00:00,,2026-09-25T15:00:50.638758+00:00,,2026-09-25T15:00:50.650759+00:00,,2026-09-25T15:00:50.651759+00:00,,2026-09-25T15:00:50.652759+00:00,,2026-09-25T15:00:50.653759+00:00,,2026-09-25T15:00:50.654759+00:00,,2026-09-25T15:00:50.655759+00:00,,2026-09-25T15:00:50.656759+00:00,,2026-09-25T15:00:50.657759+00:00,,2026-09-25T15:00:50.663760+00:00,,2026-09-25T15:00:50.659760+00:00,,2026-09-25T15:00:50.660760+00:00,,2026-09-25T15:00:50.673760+00:00,
76,2026-09-25T13:31:46.036917+00:00,2026-09-25T15:00:51.017780+00:00,89.005,2026-09-25T15:00:50.928775+00:00,,2026-09-25T15:00:50.934775+00:00,,2026-09-25T15:00:50.935775+00:00,,2026-09-25T15:00:50.936775+00:00,,2026-09-25T15:00:50.937775+00:00,,2026-09-25T15:00:50.938776+00:00,,2026-09-25T15:00:50.950776+00:00,,2026-09-25T15:00:50.940776+00:00,,2026-09-25T15:00:50.941776+00:00,,2026-09-25T15:00:50.942776+00:00,,2026-09-25T15:00:50.943776+00:00,,2026-09-25T15:00:50.944776+00:00,,2026-09-25T15:00:50.945776+00:00,,2026-09-25T15:00:50.946776+00:00,,2026-09-25T15:00:50.947776+00:00,,2026-09-25T15:00:50.948776+00:00,,2026-09-25T15:00:50.949776+00:00,,2026-09-25T15:00:50.939776+00:00,,2026-09-25T15:00:50.951776+00:00,,2026-09-25T15:00:50.952776+00:00,,2026-09-25T15:00:50.953776+00:00,,2026-09-25T15:00:50.954776+00:00,,2026-09-25T15:00:50.955777+00:00,,2026-09-25T15:00:50.956777+00:00,,2026-09-25T15:00:50.957777+00:00,,2026-09-25T15:00:50.969777+00:00,,2026-09-25T15:00:50.959777+00:00,,2026-09-25T15:00:50.960777+00:00,,2026-09-25T15:00:50.961777+00:00,,2026-09-25T15:00:50.962777+00:00,,2026-09-25T15:00:50.963777+00:00,,2026-09-25T15:00:50.964777+00:00,,2026-09-25T15:00:50.965777+00:00,,2026-09-25T15:00:50.966777+00:00,,2026-09-25T15:00:50.967777+00:00,,2026-09-25T15:00:50.968777+00:00,,2026-09-25T15:00:50.970777+00:00,,2026-09-25T15:00:50.971777+00:00,,2026-09-25T15:00:50.972777+00:00,,2026-09-25T15:00:50.973778+00:00,,2026-09-25T15:00:50.974778+00:00,,2026-09-25T15:00:50.975778+00:00,,2026-09-25T15:00:50.987778+00:00,,2026-09-25T15:00:50.977778+00:00,,2026-09-25T15:00:50.978778+00:00,,2026-09-25T15:00:50.979778+00:00,,2026-09-25T15:00:50.980778+00:00,,2026-09-25T15:00:50.981778+00:00,,2026-09-25T15:00:50.982778+00:00,,2026-09-25T15:00:50.983778+00:00,,2026-09-25T15:00:50.984778+00:00,,2026-09-25T15:00:50.985778+00:00,,2026-09-25T15:00:50.986778+00:00,,2026-09-25T15:00:50.976778+00:00,,2026-09-25T15:00:50.988778+00:00,,2026-09-25T15:00:50.989778+00:00,,2026-09-25T15:00:50.990779+00:00,,2026-09-25T15:00:50.991779+00:00,,2026-09-25T15:00:50.992779+00:00,,2026-09-25T15:00:50.993779+00:00,,2026-09-25T15:00:50.994779+00:00,,2026-09-25T15:00:50.995779+00:00,,2026-09-25T15:00:50.996779+00:00,,2026-09-25T15:00:50.997779+00:00,,2026-09-25T15:00:50.998779+00:00,,2026-09-25T15:00:50.999779+00:00,,2026-09-25T15:00:51.000779+00:00,,2026-09-25T15:00:51.001779+00:00,,2026-09-25T15:00:51.002779+00:00,,2026-09-25T15:00:51.003779+00:00,,2026-09-25T15:00:51.004779+00:00,,2026-09-25T15:00:51.005779+00:00,,2026-09-25T15:00:51.006779+00:00,,2026-09-25T15:00:51.007779+00:00,,2026-09-25T15:00:51.017780+00:00,,2026-09-25T15:00:51.009780+00:00,,2026-09-25T15:00:51.010780+00:00,,2026-09-25T15:00:51.011780+00:00,,2026-09-25T15:00:51.012780+00:00,,2026-09-25T15:00:51.013780+00:00,,2026-09-25T15:00:51.014780+00:00,,2026-09-25T15:00:51.015780+00:00,,2026-09-25T15:00:51.016780+00:00,
77,2026-09-25T13:31:46.378500+00:00,2026-09-25T15:00:51.368800+00:00,88.005,2026-09-25T15:00:51.280795+00:00,,2026-09-25T15:00:51.285795+00:00,,2026-09-25T15:00:51.286795+00:00,,2026-09-25T15:00:51.287796+00:00,,2026-09-25T15:00:51.288796+00:00,,2026-09-25T15:00:51.289796+00:00,,2026-09-25T15:00:51.290796+00:00,,2026-09-25T15:00:51.291796+00:00,,2026-09-25T15:00:51.292796+00:00,,2026-09-25T15:00:51.293796+00:00,,2026-09-25T15:00:51.294796+00:00,,2026-09-25T15:00:51.295796+00:00,,2026-09-25T15:00:51.296796+00:00,,2026-09-25T15:00:51.297796+00:00,,2026-09-25T15:00:51.298796+00:00,,2026-09-25T15:00:51.299796+00:00,,2026-09-25T15:00:51.300796+00:00,,2026-09-25T15:00:51.301796+00:00,,2026-09-25T15:00:51.313797+00:00,,2026-09-25T15:00:51.303796+00:00,,2026-09-25T15:00:51.304796+00:00,,2026-09-25T15:00:51.305797+00:00,,2026-09-25T15:00:51.306797+00:00,,2026-09-25T15:00:51.307797+00:00,,2026-09-25T15:00:51.319797+00:00,,2026-09-25T15:00:51.309797+00:00,,2026-09-25T15:00:51.310797+00:00,,2026-09-25T15:00:51.311797+00:00,,2026-09-25T15:00:51.312797+00:00,,2026-09-25T15:00:51.302796+00:00,,2026-09-25T15:00:51.314797+00:00,,2026-09-25T15:00:51.315797+00:00,,2026-09-25T15:00:51.316797+00:00,,2026-09-25T15:00:51.317797+00:00,,2026-09-25T15:00:51.318797+00:00,,2026-09-25T15:00:51.320797+00:00,,2026-09-25T15:00:51.321797+00:00,,2026-09-25T15:00:51.322798+00:00,,2026-09-25T15:00:51.323798+00:00,,2026-09-25T15:00:51.324798+00:00,,2026-09-25T15:00:51.325798+00:00,,2026-09-25T15:00:51.326798+00:00,,2026-09-25T15:00:51.327798+00:00,,2026-09-25T15:00:51.328798+00:00,,2026-09-25T15:00:51.329798+00:00,,2026-09-25T15:00:51.330798+00:00,,2026-09-25T15:00:51.331798+00:00,,2026-09-25T15:00:51.332798+00:00,,2026-09-25T15:00:51.333798+00:00,,2026-09-25T15:00:51.334798+00:00,,2026-09-25T15:00:51.335798+00:00,,2026-09-25T15:00:51.336798+00:00,,2026-09-25T15:00:51.337798+00:00,,2026-09-25T15:00:51.338798+00:00,,2026-09-25T15:00:51.339798+00:00,,2026-09-25T15:00:51.340799+00:00,,2026-09-25T15:00:51.341799+00:00,,2026-09-25T15:00:51.342799+00:00,,2026-09-25T15:00:51.343799+00:00,,2026-09-25T15:00:51.355799+00:00,,2026-09-25T15:00:51.345799+00:00,,2026-09-25T15:00:51.346799+00:00,,2026-09-25T15:00:51.347799+00:00,,2026-09-25T15:00:51.348799+00:00,,2026-09-25T15:00:51.349799+00:00,,2026-09-25T15:00:51.350799+00:00,,2026-09-25T15:00:51.351799+00:00,,2026-09-25T15:00:51.352799+00:00,,2026-09-25T15:00:51.353799+00:00,,2026-09-25T15:00:51.354799+00:00,,2026-09-25T15:00:51.344799+00:00,,2026-09-25T15:00:51.356799+00:00,,2026-09-25T15:00:51.357800+00:00,,2026-09-25T15:00:51.368800+00:00,,2026-09-25T15:00:51.359800+00:00,,2026-09-25T15:00:51.360800+00:00,,2026-09-25T15:00:51.361800+00:00,,2026-09-25T15:00:51.362800+00:00,,2026-09-25T15:00:51.363800+00:00,,2026-09-25T15:00:51.364800+00:00,,2026-09-25T15:00:51.365800+00:00,,2026-09-25T15:00:51.366800+00:00,,2026-09-25T15:00:51.367800+00:00,
78,2026-09-25T13:31:46.730526+00:00,2026-09-25T15:00:51.711820+00:00,89.005,2026-09-25T15:00:51.622815+00:00,,2026-09-25T15:00:51.628815+00:00,,2026-09-25T15:00:51.629815+00:00,,2026-09-25T15:00:51.630815+00:00,,2026-09-25T15:00:51.631815+00:00,,2026-09-25T15:00:51.632815+00:00,,2026-09-25T15:00:51.633815+00:00,,2026-09-25T15:00:51.634815+00:00,,2026-09-25T15:00:51.635815+00:00,,2026-09-25T15:00:51.636815+00:00,,2026-09-25T15:00:51.637816+00:00,,2026-09-25T15:00:51.638816+00:00,,2026-09-25T15:00:51.639816+00:00,,2026-09-25T15:00:51.640816+00:00,,2026-09-25T15:00:51.641816+00:00,,2026-09-25T15:00:51.642816+00:00,,2026-09-25T15:00:51.643816+00:00,,2026-09-25T15:00:51.644816+00:00,,2026-09-25T15:00:51.645816+00:00,,2026-09-25T15:00:51.646816+00:00,,2026-09-25T15:00:51.647816+00:00,,2026-09-25T15:00:51.648816+00:00,,2026-09-25T15:00:51.649816+00:00,,2026-09-25T15:00:51.650816+00:00,,2026-09-25T15:00:51.651816+00:00,,2026-09-25T15:00:51.652816+00:00,,2026-09-25T15:00:51.653816+00:00,,2026-09-25T15:00:51.654817+00:00,,2026-09-25T15:00:51.655817+00:00,,2026-09-25T15:00:51.656817+00:00,,2026-09-25T15:00:51.668817+00:00,,2026-09-25T15:00:51.658817+00:00,,2026-09-25T15:00:51.659817+00:00,,2026-09-25T15:00:51.660817+00:00,,2026-09-25T15:00:51.661817+00:00,,2026-09-25T15:00:51.662817+00:00,,2026-09-25T15:00:51.663817+00:00,,2026-09-25T15:00:51.664817+00:00,,2026-09-25T15:00:51.665817+00:00,,2026-09-25T15:00:51.666817+00:00,,2026-09-25T15:00:51.667817+00:00,,2026-09-25T15:00:51.669817+00:00,,2026-09-25T15:00:51.670817+00:00,,2026-09-25T15:00:51.671817+00:00,,2026-09-25T15:00:51.672818+00:00,,2026-09-25T15:00:51.673818+00:00,,2026-09-25T15:00:51.674818+00:00,,2026-09-25T15:00:51.686818+00:00,,2026-09-25T15:00:51.676818+00:00,,2026-09-25T15:00:51.677818+00:00,,2026-09-25T15:00:51.689819+00:00,,2026-09-25T15:00:51.679818+00:00,,2026-09-25T15:00:51.691819+00:00,,2026-09-25T15:00:51.681818+00:00,,2026-09-25T15:00:51.682818+00:00,,2026-09-25T15:00:51.683818+00:00,,2026-09-25T15:00:51.684818+00:00,,2026-09-25T15:00:51.685818+00:00,,2026-09-25T15:00:51.675818+00:00,,2026-09-25T15:00:51.687818+00:00,,2026-09-25T15:00:51.688818+00:00,,2026-09-25T15:00:51.678818+00:00,,2026-09-25T15:00:51.690819+00:00,,2026-09-25T15:00:51.680818+00:00,,2026-09-25T15:00:51.692819+00:00,,2026-09-25T15:00:51.693819+00:00,,2026-09-25T15:00:51.694819+00:00,,2026-09-25T15:00:51.695819+00:00,,2026-09-25T15:00:51.696819+00:00,,2026-09-25T15:00:51.697819+00:00,,2026-09-25T15:00:51.698819+00:00,,2026-09-25T15:00:51.699819+00:00,,2026-09-25T15:00:51.700819+00:00,,2026-09-25T15:00:51.701819+00:00,,2026-09-25T15:00:51.702819+00:00,,2026-09-25T15:00:51.703819+00:00,,2026-09-25T15:00:51.704819+00:00,,2026-09-25T15:00:51.705819+00:00,,2026-09-25T15:00:51.706819+00:00,,2026-09-25T15:00:51.711820+00:00,,2026-09-25T15:00:51.708820+00:00,,2026-09-25T15:00:51.709820+00:00,,2026-09-25T15:00:51.710820+00:00,
79,2026-09-25T13:31:47.089088+00:00,2026-09-25T15:00:52.071840+00:00,97.005,2026-09-25T15:00:51.974835+00:00,,2026-09-25T15:00:51.988836+00:00,,2026-09-25T15:00:51.989836+00:00,,2026-09-25T15:00:51.990836+00:00,,2026-09-25T15:00:51.991836+00:00,,2026-09-25T15:00:51.992836+00:00,,2026-09-25T15:00:51.993836+00:00,,2026-09-25T15:00:51.994836+00:00,,2026-09-25T15:00:51.995836+00:00,,2026-09-25T15:00:51.996836+00:00,,2026-09-25T15:00:51.997836+00:00,,2026-09-25T15:00:51.998836+00:00,,2026-09-25T15:00:51.999836+00:00,,2026-09-25T15:00:52.000836+00:00,,2026-09-25T15:00:52.001836+00:00,,2026-09-25T15:00:52.002836+00:00,,2026-09-25T15:00:52.003836+00:00,,2026-09-25T15:00:52.004837+00:00,,2026-09-25T15:00:52.005837+00:00,,2026-09-25T15:00:52.006837+00:00,,2026-09-25T15:00:52.007837+00:00,,2026-09-25T15:00:52.008837+00:00,,2026-09-25T15:00:52.009837+00:00,,2026-09-25T15:00:52.010837+00:00,,2026-09-25T15:00:52.011837+00:00,,2026-09-25T15:00:52.012837+00:00,,2026-09-25T15:00:52.013837+00:00,,2026-09-25T15:00:52.014837+00:00,,2026-09-25T15:00:52.015837+00:00,,2026-09-25T15:00:52.016837+00:00,,2026-09-25T15:00:52.017837+00:00,,2026-09-25T15:00:52.019837+00:00,,2026-09-25T15:00:52.031838+00:00,,2026-09-25T15:00:52.021837+00:00,,2026-09-25T15:00:52.022838+00:00,,2026-09-25T15:00:52.023838+00:00,,2026-09-25T15:00:52.024838+00:00,,2026-09-25T15:00:52.025838+00:00,,2026-09-25T15:00:52.026838+00:00,,2026-09-25T15:00:52.027838+00:00,,2026-09-25T15:00:52.028838+00:00,,2026-09-25T15:00:52.029838+00:00,,2026-09-25T15:00:52.030838+00:00,,2026-09-25T15:00:52.020837+00:00,,2026-09-25T15:00:52.032838+00:00,,2026-09-25T15:00:52.033838+00:00,,2026-09-25T15:00:52.034838+00:00,,2026-09-25T15:00:52.035838+00:00,,2026-09-25T15:00:52.036838+00:00,,2026-09-25T15:00:52.037838+00:00,,2026-09-25T15:00:52.038838+00:00,,2026-09-25T15:00:52.039839+00:00,,2026-09-25T15:00:52.040839+00:00,,2026-09-25T15:00:52.041839+00:00,,2026-09-25T15:00:52.042839+00:00,,2026-09-25T15:00:52.043839+00:00,,2026-09-25T15:00:52.044839+00:00,,2026-09-25T15:00:52.045839+00:00,,2026-09-25T15:00:52.046839+00:00,,2026-09-25T15:00:52.047839+00:00,,2026-09-25T15:00:52.048839+00:00,,2026-09-25T15:00:52.049839+00:00,,2026-09-25T15:00:52.050839+00:00,,2026-09-25T15:00:52.051839+00:00,,2026-09-25T15:00:52.052839+00:00,,2026-09-25T15:00:52.053839+00:00,,2026-09-25T15:00:52.054839+00:00,,2026-09-25T15:00:52.055839+00:00,,2026-09-25T15:00:52.056839+00:00,,2026-09-25T15:00:52.068840+00:00,,2026-09-25T15:00:52.058840+00:00,,2026-09-25T15:00:52.059840+00:00,,2026-09-25T15:00:52.060840+00:00,,2026-09-25T15:00:52.061840+00:00,,2026-09-25T15:00:52.062840+00:00,,2026-09-25T15:00:52.063840+00:00,,2026-09-25T15:00:52.064840+00:00,,2026-09-25T15:00:52.065840+00:00,,2026-09-25T15:00:52.066840+00:00,,2026-09-25T15:00:52.067840+00:00,,2026-09-25T15:00:52.069840+00:00,,2026-09-25T15:00:52.070840+00:00,,2026-09-25T15:00:52.071840+00:00,
80,2026-09-25T13:31:47.434994+00:00,2026-09-25T15:00:52.424861+00:00,91.006,2026-09-25T15:00:52.333855+00:00,,2026-09-25T15:00:52.340856+00:00,,2026-09-25T15:00:52.341856+00:00,,2026-09-25T15:00:52.342856+00:00,,2026-09-25T15:00:52.343856+00:00,,2026-09-25T15:00:52.344856+00:00,,2026-09-25T15:00:52.345856+00:00,,2026-09-25T15:00:52.346856+00:00,,2026-09-25T15:00:52.347856+00:00,,2026-09-25T15:00:52.348856+00:00,,2026-09-25T15:00:52.349856+00:00,,2026-09-25T15:00:52.350856+00:00,,2026-09-25T15:00:52.351856+00:00,,2026-09-25T15:00:52.352856+00:00,,2026-09-25T15:00:52.353856+00:00,,2026-09-25T15:00:52.354857+00:00,,2026-09-25T15:00:52.355857+00:00,,2026-09-25T15:00:52.356857+00:00,,2026-09-25T15:00:52.368857+00:00,,2026-09-25T15:00:52.358857+00:00,,2026-09-25T15:00:52.359857+00:00,,2026-09-25T15:00:52.360857+00:00,,2026-09-25T15:00:52.361857+00:00,,2026-09-25T15:00:52.362857+00:00,,2026-09-25T15:00:52.363857+00:00,,2026-09-25T15:00:52.364857+00:00,,2026-09-25T15:00:52.365857+00:00,,2026-09-25T15:00:52.366857+00:00,,2026-09-25T15:00:52.367857+00:00,,2026-09-25T15:00:52.369857+00:00,,2026-09-25T15:00:52.370857+00:00,,2026-09-25T15:00:52.371858+00:00,,2026-09-25T15:00:52.372858+00:00,,2026-09-25T15:00:52.373858+00:00,,2026-09-25T15:00:52.374858+00:00,,2026-09-25T15:00:52.375858+00:00,,2026-09-25T15:00:52.376858+00:00,,2026-09-25T15:00:52.377858+00:00,,2026-09-25T15:00:52.378858+00:00,,2026-09-25T15:00:52.379858+00:00,,2026-09-25T15:00:52.380858+00:00,,2026-09-25T15:00:52.381858+00:00,,2026-09-25T15:00:52.382858+00:00,,2026-09-25T15:00:52.383858+00:00,,2026-09-25T15:00:52.384858+00:00,,2026-09-25T15:00:52.385858+00:00,,2026-09-25T15:00:52.386858+00:00,,2026-09-25T15:00:52.387858+00:00,,2026-09-25T15:00:52.388858+00:00,,2026-09-25T15:00:52.389859+00:00,,2026-09-25T15:00:52.390859+00:00,,2026-09-25T15:00:52.391859+00:00,,2026-09-25T15:00:52.392859+00:00,,2026-09-25T15:00:52.393859+00:00,,2026-09-25T15:00:52.394859+00:00,,2026-09-25T15:00:52.395859+00:00,,2026-09-25T15:00:52.396859+00:00,,2026-09-25T15:00:52.397859+00:00,,2026-09-25T15:00:52.398859+00:00,,2026-09-25T15:00:52.399859+00:00,,2026-09-25T15:00:52.400859+00:00,,2026-09-25T15:00:52.413860+00:00,,2026-09-25T15:00:52.414860+00:00,,2026-09-25T15:00:52.415860+00:00,,2026-09-25T15:00:52.416860+00:00,,2026-09-25T15:00:52.417860+00:00,,2026-09-25T15:00:52.406860+00:00,,2026-09-25T15:00:52.419860+00:00,,2026-09-25T15:00:52.408860+00:00,,2026-09-25T15:00:52.409860+00:00,,2026-09-25T15:00:52.411860+00:00,,2026-09-25T15:00:52.412860+00:00,,2026-09-25T15:00:52.401859+00:00,,2026-09-25T15:00:52.402859+00:00,,2026-09-25T15:00:52.403859+00:00,,2026-09-25T15:00:52.404859+00:00,,2026-09-25T15:00:52.405859+00:00,,2026-09-25T15:00:52.418860+00:00,,2026-09-25T15:00:52.420860+00:00,,2026-09-25T15:00:52.421860+00:00,,2026-09-25T15:00:52.422860+00:00,,2026-09-25T15:00:52.423860+00:00,,2026-09-25T15:00:52.424861+00:00,
81,2026-09-25T13:31:47.823547+00:00,2026-09-25T15:00:52.777881+00:00,99.006,2026-09-25T15:00:52.678875+00:00,,2026-09-25T15:00:52.690876+00:00,,2026-09-25T15:00:52.691876+00:00,,2026-09-25T15:00:52.693876+00:00,,2026-09-25T15:00:52.718877+00:00,,2026-09-25T15:00:52.696876+00:00,,2026-09-25T15:00:52.697876+00:00,,2026-09-25T15:00:52.698876+00:00,,2026-09-25T15:00:52.699876+00:00,,2026-09-25T15:00:52.700876+00:00,,2026-09-25T15:00:52.702876+00:00,,2026-09-25T15:00:52.703877+00:00,,2026-09-25T15:00:52.704877+00:00,,2026-09-25T15:00:52.705877+00:00,,2026-09-25T15:00:52.706877+00:00,,2026-09-25T15:00:52.695876+00:00,,2026-09-25T15:00:52.708877+00:00,,2026-09-25T15:00:52.709877+00:00,,2026-09-25T15:00:52.710877+00:00,,2026-09-25T15:00:52.711877+00:00,,2026-09-25T15:00:52.712877+00:00,,2026-09-25T15:00:52.713877+00:00,,2026-09-25T15:00:52.714877+00:00,,2026-09-25T15:00:52.715877+00:00,,2026-09-25T15:00:52.716877+00:00,,2026-09-25T15:00:52.717877+00:00,,2026-09-25T15:00:52.719877+00:00,,2026-09-25T15:00:52.720877+00:00,,2026-09-25T15:00:52.721878+00:00,,2026-09-25T15:00:52.733878+00:00,,2026-09-25T15:00:52.734878+00:00,,2026-09-25T15:00:52.724878+00:00,,2026-09-25T15:00:52.725878+00:00,,2026-09-25T15:00:52.726878+00:00,,2026-09-25T15:00:52.727878+00:00,,2026-09-25T15:00:52.728878+00:00,,2026-09-25T15:00:52.729878+00:00,,2026-09-25T15:00:52.730878+00:00,,2026-09-25T15:00:52.731878+00:00,,2026-09-25T15:00:52.732878+00:00,,2026-09-25T15:00:52.722878+00:00,,2026-09-25T15:00:52.723878+00:00,,2026-09-25T15:00:52.735878+00:00,,2026-09-25T15:00:52.736878+00:00,,2026-09-25T15:00:52.737878+00:00,,2026-09-25T15:00:52.738879+00:00,,2026-09-25T15:00:52.739879+00:00,,2026-09-25T15:00:52.740879+00:00,,2026-09-25T15:00:52.741879+00:00,,2026-09-25T15:00:52.742879+00:00,,2026-09-25T15:00:52.743879+00:00,,2026-09-25T15:00:52.744879+00:00,,2026-09-25T15:00:52.745879+00:00,,2026-09-25T15:00:52.746879+00:00,,2026-09-25T15:00:52.747879+00:00,,2026-09-25T15:00:52.748879+00:00,,2026-09-25T15:00:52.749879+00:00,,2026-09-25T15:00:52.750879+00:00,,2026-09-25T15:00:52.751879+00:00,,2026-09-25T15:00:52.752879+00:00,,2026-09-25T15:00:52.765880+00:00,,2026-09-25T15:00:52.755879+00:00,,2026-09-25T15:00:52.767880+00:00,,2026-09-25T15:00:52.769880+00:00,,2026-09-25T15:00:52.758880+00:00,,2026-09-25T15:00:52.759880+00:00,,2026-09-25T15:00:52.760880+00:00,,2026-09-25T15:00:52.761880+00:00,,2026-09-25T15:00:52.762880+00:00,,2026-09-25T15:00:52.763880+00:00,,2026-09-25T15:00:52.764880+00:00,,2026-09-25T15:00:52.754879+00:00,,2026-09-25T15:00:52.766880+00:00,,2026-09-25T15:00:52.756880+00:00,,2026-09-25T15:00:52.757880+00:00,,2026-09-25T15:00:52.770880+00:00,,2026-09-25T15:00:52.771880+00:00,,2026-09-25T15:00:52.772880+00:00,,2026-09-25T15:00:52.773881+00:00,,2026-09-25T15:00:52.774881+00:00,,2026-09-25T15:00:52.775881+00:00,,2026-09-25T15:00:52.776881+00:00,,2026-09-25T15:00:52.777881+00:00,
82,2026-09-25T13:31:48.212701+00:00,2026-09-25T15:00:53.176904+00:00,103.006,2026-09-25T15:00:53.073898+00:00,,2026-09-25T15:00:53.089899+00:00,,2026-09-25T15:00:53.090899+00:00,,2026-09-25T15:00:53.102899+00:00,,2026-09-25T15:00:53.092899+00:00,,2026-09-25T15:00:53.093899+00:00,,2026-09-25T15:00:53.094899+00:00,,2026-09-25T15:00:53.095899+00:00,,2026-09-25T15:00:53.096899+00:00,,2026-09-25T15:00:53.097899+00:00,,2026-09-25T15:00:53.098899+00:00,,2026-09-25T15:00:53.099899+00:00,,2026-09-25T15:00:53.100899+00:00,,2026-09-25T15:00:53.101899+00:00,,2026-09-25T15:00:53.091899+00:00,,2026-09-25T15:00:53.103899+00:00,,2026-09-25T15:00:53.104899+00:00,,2026-09-25T15:00:53.105900+00:00,,2026-09-25T15:00:53.106900+00:00,,2026-09-25T15:00:53.107900+00:00,,2026-09-25T15:00:53.108900+00:00,,2026-09-25T15:00:53.109900+00:00,,2026-09-25T15:00:53.110900+00:00,,2026-09-25T15:00:53.111900+00:00,,2026-09-25T15:00:53.112900+00:00,,2026-09-25T15:00:53.113900+00:00,,2026-09-25T15:00:53.114900+00:00,,2026-09-25T15:00:53.115900+00:00,,2026-09-25T15:00:53.116900+00:00,,2026-09-25T15:00:53.118900+00:00,,2026-09-25T15:00:53.119900+00:00,,2026-09-25T15:00:53.120900+00:00,,2026-09-25T15:00:53.121900+00:00,,2026-09-25T15:00:53.122900+00:00,,2026-09-25T15:00:53.123901+00:00,,2026-09-25T15:00:53.124901+00:00,,2026-09-25T15:00:53.125901+00:00,,2026-09-25T15:00:53.128901+00:00,,2026-09-25T15:00:53.141902+00:00,,2026-09-25T15:00:53.131901+00:00,,2026-09-25T15:00:53.132901+00:00,,2026-09-25T15:00:53.133901+00:00,,2026-09-25T15:00:53.134901+00:00,,2026-09-25T15:00:53.135901+00:00,,2026-09-25T15:00:53.136901+00:00,,2026-09-25T15:00:53.137901+00:00,,2026-09-25T15:00:53.138901+00:00,,2026-09-25T15:00:53.139901+00:00,,2026-09-25T15:00:53.140902+00:00,,2026-09-25T15:00:53.130901+00:00,,2026-09-25T15:00:53.142902+00:00,,2026-09-25T15:00:53.143902+00:00,,2026-09-25T15:00:53.144902+00:00,,2026-09-25T15:00:53.145902+00:00,,2026-09-25T15:00:53.146902+00:00,,2026-09-25T15:00:53.147902+00:00,,2026-09-25T15:00:53.148902+00:00,,2026-09-25T15:00:53.149902+00:00,,2026-09-25T15:00:53.150902+00:00,,2026-09-25T15:00:53.151902+00:00,,2026-09-25T15:00:53.152902+00:00,,2026-09-25T15:00:53.153902+00:00,,2026-09-25T15:00:53.154902+00:00,,2026-09-25T15:00:53.155902+00:00,,2026-09-25T15:00:53.168903+00:00,,2026-09-25T15:00:53.157902+00:00,,2026-09-25T15:00:53.158903+00:00,,2026-09-25T15:00:53.159903+00:00,,2026-09-25T15:00:53.160903+00:00,,2026-09-25T15:00:53.162903+00:00,,2026-09-25T15:00:53.163903+00:00,,2026-09-25T15:00:53.164903+00:00,,2026-09-25T15:00:53.165903+00:00,,2026-09-25T15:00:53.166903+00:00,,2026-09-25T15:00:53.167903+00:00,,2026-09-25T15:00:53.169903+00:00,,2026-09-25T15:00:53.170903+00:00,,2026-09-25T15:00:53.171903+00:00,,2026-09-25T15:00:53.172903+00:00,,2026-09-25T15:00:53.173903+00:00,,2026-09-25T15:00:53.174903+00:00,,2026-09-25T15:00:53.175904+00:00,,2026-09-25T15:00:53.176904+00:00,
83,2026-09-25T13:31:48.575378+00:00,2026-09-25T15:00:53.562926+00:00,106.006,2026-09-25T15:00:53.456920+00:00,,2026-09-25T15:00:53.478921+00:00,,2026-09-25T15:00:53.479921+00:00,,2026-09-25T15:00:53.480921+00:00,,2026-09-25T15:00:53.481921+00:00,,2026-09-25T15:00:53.482921+00:00,,2026-09-25T15:00:53.483921+00:00,,2026-09-25T15:00:53.484921+00:00,,2026-09-25T15:00:53.485921+00:00,,2026-09-25T15:00:53.486921+00:00,,2026-09-25T15:00:53.487921+00:00,,2026-09-25T15:00:53.488921+00:00,,2026-09-25T15:00:53.489921+00:00,,2026-09-25T15:00:53.490922+00:00,,2026-09-25T15:00:53.491922+00:00,,2026-09-25T15:00:53.492922+00:00,,2026-09-25T15:00:53.493922+00:00,,2026-09-25T15:00:53.494922+00:00,,2026-09-25T15:00:53.495922+00:00,,2026-09-25T15:00:53.496922+00:00,,2026-09-25T15:00:53.508923+00:00,,2026-09-25T15:00:53.498922+00:00,,2026-09-25T15:00:53.499922+00:00,,2026-09-25T15:00:53.500922+00:00,,2026-09-25T15:00:53.501922+00:00,,2026-09-25T15:00:53.502922+00:00,,2026-09-25T15:00:53.503922+00:00,,2026-09-25T15:00:53.504922+00:00,,2026-09-25T15:00:53.505922+00:00,,2026-09-25T15:00:53.518923+00:00,,2026-09-25T15:00:53.507922+00:00,,2026-09-25T15:00:53.497922+00:00,,2026-09-25T15:00:53.509923+00:00,,2026-09-25T15:00:53.510923+00:00,,2026-09-25T15:00:53.511923+00:00,,2026-09-25T15:00:53.512923+00:00,,2026-09-25T15:00:53.513923+00:00,,2026-09-25T15:00:53.515923+00:00,,2026-09-25T15:00:53.516923+00:00,,2026-09-25T15:00:53.528924+00:00,,2026-09-25T15:00:53.519923+00:00,,2026-09-25T15:00:53.520923+00:00,,2026-09-25T15:00:53.521923+00:00,,2026-09-25T15:00:53.522923+00:00,,2026-09-25T15:00:53.523923+00:00,,2026-09-25T15:00:53.524923+00:00,,2026-09-25T15:00:53.525924+00:00,,2026-09-25T15:00:53.526924+00:00,,2026-09-25T15:00:53.527924+00:00,,2026-09-25T15:00:53.517923+00:00,,2026-09-25T15:00:53.529924+00:00,,2026-09-25T15:00:53.530924+00:00,,2026-09-25T15:00:53.531924+00:00,,2026-09-25T15:00:53.532924+00:00,,2026-09-25T15:00:53.534924+00:00,,2026-09-25T15:00:53.535924+00:00,,2026-09-25T15:00:53.536924+00:00,,2026-09-25T15:00:53.537924+00:00,,2026-09-25T15:00:53.538924+00:00,,2026-09-25T15:00:53.539924+00:00,,2026-09-25T15:00:53.540924+00:00,,2026-09-25T15:00:53.541924+00:00,,2026-09-25T15:00:53.542924+00:00,,2026-09-25T15:00:53.543925+00:00,,2026-09-25T15:00:53.544925+00:00,,2026-09-25T15:00:53.545925+00:00,,2026-09-25T15:00:53.546925+00:00,,2026-09-25T15:00:53.547925+00:00,,2026-09-25T15:00:53.548925+00:00,,2026-09-25T15:00:53.549925+00:00,,2026-09-25T15:00:53.550925+00:00,,2026-09-25T15:00:53.551925+00:00,,2026-09-25T15:00:53.552925+00:00,,2026-09-25T15:00:53.553925+00:00,,2026-09-25T15:00:53.554925+00:00,,2026-09-25T15:00:53.555925+00:00,,2026-09-25T15:00:53.556925+00:00,,2026-09-25T15:00:53.557925+00:00,,2026-09-25T15:00:53.558925+00:00,,2026-09-25T15:00:53.559925+00:00,,2026-09-25T15:00:53.560926+00:00,,2026-09-25T15:00:53.561926+00:00,,2026-09-25T15:00:53.562926+00:00,
84,2026-09-25T13:31:49.038431+00:00,2026-09-25T15:00:54.024952+00:00,103.006,2026-09-25T15:00:53.921946+00:00,,2026-09-25T15:00:53.937947+00:00,,2026-09-25T15:00:53.939947+00:00,,2026-09-25T15:00:53.941947+00:00,,2026-09-25T15:00:53.942947+00:00,,2026-09-25T15:00:53.943947+00:00,,2026-09-25T15:00:53.944947+00:00,,2026-09-25T15:00:53.945948+00:00,,2026-09-25T15:00:53.946948+00:00,,2026-09-25T15:00:53.947948+00:00,,2026-09-25T15:00:53.948948+00:00,,2026-09-25T15:00:53.949948+00:00,,2026-09-25T15:00:53.950948+00:00,,2026-09-25T15:00:53.951948+00:00,,2026-09-25T15:00:53.952948+00:00,,2026-09-25T15:00:53.953948+00:00,,2026-09-25T15:00:53.954948+00:00,,2026-09-25T15:00:53.955948+00:00,,2026-09-25T15:00:53.967949+00:00,,2026-09-25T15:00:53.957948+00:00,,2026-09-25T15:00:53.958948+00:00,,2026-09-25T15:00:53.959948+00:00,,2026-09-25T15:00:53.960948+00:00,,2026-09-25T15:00:53.961948+00:00,,2026-09-25T15:00:53.962949+00:00,,2026-09-25T15:00:53.963949+00:00,,2026-09-25T15:00:53.964949+00:00,,2026-09-25T15:00:53.965949+00:00,,2026-09-25T15:00:53.966949+00:00,,2026-09-25T15:00:53.968949+00:00,,2026-09-25T15:00:53.969949+00:00,,2026-09-25T15:00:53.971949+00:00,,2026-09-25T15:00:53.972949+00:00,,2026-09-25T15:00:53.973949+00:00,,2026-09-25T15:00:53.974949+00:00,,2026-09-25T15:00:53.975949+00:00,,2026-09-25T15:00:53.976949+00:00,,2026-09-25T15:00:53.977949+00:00,,2026-09-25T15:00:53.978949+00:00,,2026-09-25T15:00:53.979949+00:00,,2026-09-25T15:00:53.980950+00:00,,2026-09-25T15:00:53.981950+00:00,,2026-09-25T15:00:53.982950+00:00,,2026-09-25T15:00:53.983950+00:00,,2026-09-25T15:00:53.984950+00:00,,2026-09-25T15:00:53.985950+00:00,,2026-09-25T15:00:53.986950+00:00,,2026-09-25T15:00:53.987950+00:00,,2026-09-25T15:00:53.988950+00:00,,2026-09-25T15:00:54.000951+00:00,,2026-09-25T15:00:53.990950+00:00,,2026-09-25T15:00:54.003951+00:00,,2026-09-25T15:00:54.004951+00:00,,2026-09-25T15:00:54.005951+00:00,,2026-09-25T15:00:54.017952+00:00,,2026-09-25T15:00:54.007951+00:00,,2026-09-25T15:00:54.008951+00:00,,2026-09-25T15:00:53.997951+00:00,,2026-09-25T15:00:53.998951+00:00,,2026-09-25T15:00:53.999951+00:00,,2026-09-25T15:00:53.989950+00:00,,2026-09-25T15:00:54.002951+00:00,,2026-09-25T15:00:53.991950+00:00,,2026-09-25T15:00:53.992950+00:00,,2026-09-25T15:00:53.993950+00:00,,2026-09-25T15:00:53.994950+00:00,,2026-09-25T15:00:53.995950+00:00,,2026-09-25T15:00:53.996950+00:00,,2026-09-25T15:00:54.009951+00:00,,2026-09-25T15:00:54.010951+00:00,,2026-09-25T15:00:54.011951+00:00,,2026-09-25T15:00:54.012951+00:00,,2026-09-25T15:00:54.013951+00:00,,2026-09-25T15:00:54.014951+00:00,,2026-09-25T15:00:54.015952+00:00,,2026-09-25T15:00:54.016952+00:00,,2026-09-25T15:00:54.018952+00:00,,2026-09-25T15:00:54.019952+00:00,,2026-09-25T15:00:54.020952+00:00,,2026-09-25T15:00:54.021952+00:00,,2026-09-25T15:00:54.022952+00:00,,2026-09-25T15:00:54.023952+00:00,,2026-09-25T15:00:54.024952+00:00,
85,2026-09-25T13:31:49.406695+00:00,2026-09-25T15:00:54.391973+00:00,86.005,2026-09-25T15:00:54.305968+00:00,,2026-09-25T15:00:54.306968+00:00,,2026-09-25T15:00:54.307968+00:00,,2026-09-25T15:00:54.308968+00:00,,2026-09-25T15:00:54.321969+00:00,,2026-09-25T15:00:54.310968+00:00,,2026-09-25T15:00:54.311968+00:00,,2026-09-25T15:00:54.312969+00:00,,2026-09-25T15:00:54.313969+00:00,,2026-09-25T15:00:54.314969+00:00,,2026-09-25T15:00:54.315969+00:00,,2026-09-25T15:00:54.316969+00:00,,2026-09-25T15:00:54.318969+00:00,,2026-09-25T15:00:54.319969+00:00,,2026-09-25T15:00:54.320969+00:00,,2026-09-25T15:00:54.309968+00:00,,2026-09-25T15:00:54.322969+00:00,,2026-09-25T15:00:54.323969+00:00,,2026-09-25T15:00:54.324969+00:00,,2026-09-25T15:00:54.326969+00:00,,2026-09-25T15:00:54.327969+00:00,,2026-09-25T15:00:54.328969+00:00,,2026-09-25T15:00:54.329970+00:00,,2026-09-25T15:00:54.330970+00:00,,2026-09-25T15:00:54.331970+00:00,,2026-09-25T15:00:54.332970+00:00,,2026-09-25T15:00:54.333970+00:00,,2026-09-25T15:00:54.334970+00:00,,2026-09-25T15:00:54.335970+00:00,,2026-09-25T15:00:54.336970+00:00,,2026-09-25T15:00:54.337970+00:00,,2026-09-25T15:00:54.338970+00:00,,2026-09-25T15:00:54.339970+00:00,,2026-09-25T15:00:54.340970+00:00,,2026-09-25T15:00:54.341970+00:00,,2026-09-25T15:00:54.342970+00:00,,2026-09-25T15:00:54.343970+00:00,,2026-09-25T15:00:54.356971+00:00,,2026-09-25T15:00:54.346970+00:00,,2026-09-25T15:00:54.347971+00:00,,2026-09-25T15:00:54.348971+00:00,,2026-09-25T15:00:54.349971+00:00,,2026-09-25T15:00:54.350971+00:00,,2026-09-25T15:00:54.351971+00:00,,2026-09-25T15:00:54.352971+00:00,,2026-09-25T15:00:54.353971+00:00,,2026-09-25T15:00:54.354971+00:00,,2026-09-25T15:00:54.366972+00:00,,2026-09-25T15:00:54.345970+00:00,,2026-09-25T15:00:54.357971+00:00,,2026-09-25T15:00:54.358971+00:00,,2026-09-25T15:00:54.359971+00:00,,2026-09-25T15:00:54.371972+00:00,,2026-09-25T15:00:54.361971+00:00,,2026-09-25T15:00:54.362971+00:00,,2026-09-25T15:00:54.363971+00:00,,2026-09-25T15:00:54.364972+00:00,,2026-09-25T15:00:54.365972+00:00,,2026-09-25T15:00:54.367972+00:00,,2026-09-25T15:00:54.368972+00:00,,2026-09-25T15:00:54.369972+00:00,,2026-09-25T15:00:54.370972+00:00,,2026-09-25T15:00:54.360971+00:00,,2026-09-25T15:00:54.372972+00:00,,2026-09-25T15:00:54.373972+00:00,,2026-09-25T15:00:54.374972+00:00,,2026-09-25T15:00:54.375972+00:00,,2026-09-25T15:00:54.376972+00:00,,2026-09-25T15:00:54.377972+00:00,,2026-09-25T15:00:54.378972+00:00,,2026-09-25T15:00:54.379972+00:00,,2026-09-25T15:00:54.380972+00:00,,2026-09-25T15:00:54.381972+00:00,,2026-09-25T15:00:54.382973+00:00,,2026-09-25T15:00:54.383973+00:00,,2026-09-25T15:00:54.384973+00:00,,2026-09-25T15:00:54.385973+00:00,,2026-09-25T15:00:54.386973+00:00,,2026-09-25T15:00:54.387973+00:00,,2026-09-25T15:00:54.388973+00:00,,2026-09-25T15:00:54.389973+00:00,,2026-09-25T15:00:54.390973+00:00,,2026-09-25T15:00:54.391973+00:00,
86,2026-09-25T13:31:49.834807+00:00,2026-09-25T15:00:54.820998+00:00,94.006,2026-09-25T15:00:54.730992+00:00,,2026-09-25T15:00:54.731993+00:00,,2026-09-25T15:00:54.732993+00:00,,2026-09-25T15:00:54.733993+00:00,,2026-09-25T15:00:54.746993+00:00,,2026-09-25T15:00:54.736993+00:00,,2026-09-25T15:00:54.737993+00:00,,2026-09-25T15:00:54.738993+00:00,,2026-09-25T15:00:54.726992+00:00,,2026-09-25T15:00:54.728992+00:00,,2026-09-25T15:00:54.741993+00:00,,2026-09-25T15:00:54.742993+00:00,,2026-09-25T15:00:54.743993+00:00,,2026-09-25T15:00:54.744993+00:00,,2026-09-25T15:00:54.745993+00:00,,2026-09-25T15:00:54.735993+00:00,,2026-09-25T15:00:54.747993+00:00,,2026-09-25T15:00:54.748993+00:00,,2026-09-25T15:00:54.749994+00:00,,2026-09-25T15:00:54.751994+00:00,,2026-09-25T15:00:54.752994+00:00,,2026-09-25T15:00:54.753994+00:00,,2026-09-25T15:00:54.754994+00:00,,2026-09-25T15:00:54.767995+00:00,,2026-09-25T15:00:54.757994+00:00,,2026-09-25T15:00:54.758994+00:00,,2026-09-25T15:00:54.759994+00:00,,2026-09-25T15:00:54.760994+00:00,,2026-09-25T15:00:54.761994+00:00,,2026-09-25T15:00:54.762994+00:00,,2026-09-25T15:00:54.763994+00:00,,2026-09-25T15:00:54.764994+00:00,,2026-09-25T15:00:54.765994+00:00,,2026-09-25T15:00:54.766995+00:00,,2026-09-25T15:00:54.780995+00:00,,2026-09-25T15:00:54.770995+00:00,,2026-09-25T15:00:54.771995+00:00,,2026-09-25T15:00:54.772995+00:00,,2026-09-25T15:00:54.773995+00:00,,2026-09-25T15:00:54.774995+00:00,,2026-09-25T15:00:54.775995+00:00,,2026-09-25T15:00:54.776995+00:00,,2026-09-25T15:00:54.777995+00:00,,2026-09-25T15:00:54.778995+00:00,,2026-09-25T15:00:54.779995+00:00,,2026-09-25T15:00:54.769995+00:00,,2026-09-25T15:00:54.782995+00:00,,2026-09-25T15:00:54.783995+00:00,,2026-09-25T15:00:54.784996+00:00,,2026-09-25T15:00:54.785996+00:00,,2026-09-25T15:00:54.786996+00:00,,2026-09-25T15:00:54.787996+00:00,,2026-09-25T15:00:54.788996+00:00,,2026-09-25T15:00:54.789996+00:00,,2026-09-25T15:00:54.790996+00:00,,2026-09-25T15:00:54.791996+00:00,,2026-09-25T15:00:54.792996+00:00,,2026-09-25T15:00:54.793996+00:00,,2026-09-25T15:00:54.794996+00:00,,2026-09-25T15:00:54.795996+00:00,,2026-09-25T15:00:54.796996+00:00,,2026-09-25T15:00:54.797996+00:00,,2026-09-25T15:00:54.798996+00:00,,2026-09-25T15:00:54.799996+00:00,,2026-09-25T15:00:54.800996+00:00,,2026-09-25T15:00:54.801997+00:00,,2026-09-25T15:00:54.802997+00:00,,2026-09-25T15:00:54.803997+00:00,,2026-09-25T15:00:54.804997+00:00,,2026-09-25T15:00:54.817997+00:00,,2026-09-25T15:00:54.806997+00:00,,2026-09-25T15:00:54.807997+00:00,,2026-09-25T15:00:54.808997+00:00,,2026-09-25T15:00:54.809997+00:00,,2026-09-25T15:00:54.810997+00:00,,2026-09-25T15:00:54.811997+00:00,,2026-09-25T15:00:54.812997+00:00,,2026-09-25T15:00:54.813997+00:00,,2026-09-25T15:00:54.815997+00:00,,2026-09-25T15:00:54.816997+00:00,,2026-09-25T15:00:54.818997+00:00,,2026-09-25T15:00:54.819998+00:00,,2026-09-25T15:00:54.820998+00:00,
87,2026-09-25T13:31:50.377058+00:00,2026-09-25T15:00:55.359028+00:00,267.015,2026-09-25T15:00:55.092013+00:00,,2026-09-25T15:00:55.217020+00:00,,2026-09-25T15:00:55.220020+00:00,,2026-09-25T15:00:55.205020+00:00,,2026-09-25T15:00:55.209020+00:00,,2026-09-25T15:00:55.212020+00:00,,2026-09-25T15:00:55.216020+00:00,,2026-09-25T15:00:55.200019+00:00,,2026-09-25T15:00:55.202019+00:00,,2026-09-25T15:00:55.221020+00:00,,2026-09-25T15:00:55.223021+00:00,,2026-09-25T15:00:55.226021+00:00,,2026-09-25T15:00:55.211020+00:00,,2026-09-25T15:00:55.229021+00:00,,2026-09-25T15:00:55.231021+00:00,,2026-09-25T15:00:55.233021+00:00,,2026-09-25T15:00:55.234021+00:00,,2026-09-25T15:00:55.236021+00:00,,2026-09-25T15:00:55.237021+00:00,,2026-09-25T15:00:55.239022+00:00,,2026-09-25T15:00:55.259023+00:00,,2026-09-25T15:00:55.243022+00:00,,2026-09-25T15:00:55.244022+00:00,,2026-09-25T15:00:55.246022+00:00,,2026-09-25T15:00:55.247022+00:00,,2026-09-25T15:00:55.249022+00:00,,2026-09-25T15:00:55.250022+00:00,,2026-09-25T15:00:55.252022+00:00,,2026-09-25T15:00:55.254022+00:00,,2026-09-25T15:00:55.255022+00:00,,2026-09-25T15:00:55.276024+00:00,,2026-09-25T15:00:55.241022+00:00,,2026-09-25T15:00:55.261023+00:00,,2026-09-25T15:00:55.262023+00:00,,2026-09-25T15:00:55.263023+00:00,,2026-09-25T15:00:55.264023+00:00,,2026-09-25T15:00:55.266023+00:00,,2026-09-25T15:00:55.268023+00:00,,2026-09-25T15:00:55.270023+00:00,,2026-09-25T15:00:55.272023+00:00,,2026-09-25T15:00:55.274024+00:00,,2026-09-25T15:00:55.277024+00:00,,2026-09-25T15:00:55.279024+00:00,,2026-09-25T15:00:55.280024+00:00,,2026-09-25T15:00:55.282024+00:00,,2026-09-25T15:00:55.284024+00:00,,2026-09-25T15:00:55.286024+00:00,,2026-09-25T15:00:55.288024+00:00,,2026-09-25T15:00:55.290024+00:00,,2026-09-25T15:00:55.292025+00:00,,2026-09-25T15:00:55.294025+00:00,,2026-09-25T15:00:55.296025+00:00,,2026-09-25T15:00:55.319026+00:00,,2026-09-25T15:00:55.300025+00:00,,2026-09-25T15:00:55.302025+00:00,,2026-09-25T15:00:55.304025+00:00,,2026-09-25T15:00:55.306025+00:00,,2026-09-25T15:00:55.308025+00:00,,2026-09-25T15:00:55.310026+00:00,,2026-09-25T15:00:55.312026+00:00,,2026-09-25T15:00:55.314026+00:00,,2026-09-25T15:00:55.316026+00:00,,2026-09-25T15:00:55.318026+00:00,,2026-09-25T15:00:55.298025+00:00,,2026-09-25T15:00:55.321026+00:00,,2026-09-25T15:00:55.323026+00:00,,2026-09-25T15:00:55.325026+00:00,,2026-09-25T15:00:55.327027+00:00,,2026-09-25T15:00:55.331027+00:00,,2026-09-25T15:00:55.333027+00:00,,2026-09-25T15:00:55.335027+00:00,,2026-09-25T15:00:55.337027+00:00,,2026-09-25T15:00:55.339027+00:00,,2026-09-25T15:00:55.341027+00:00,,2026-09-25T15:00:55.343027+00:00,,2026-09-25T15:00:55.345028+00:00,,2026-09-25T15:00:55.347028+00:00,,2026-09-25T15:00:55.349028+00:00,,2026-09-25T15:00:55.351028+00:00,,2026-09-25T15:00:55.353028+00:00,,2026-09-25T15:00:55.355028+00:00,,2026-09-25T15:00:55.357028+00:00,,2026-09-25T15:00:55.359028+00:00,
88,2026-09-25T13:31:50.947476+00:00,2026-09-25T15:00:55.935061+00:00,185.01000000000002,2026-09-25T15:00:55.788053+00:00,,2026-09-25T15:00:55.768052+00:00,,2026-09-25T15:00:55.770052+00:00,,2026-09-25T15:00:55.750051+00:00,,2026-09-25T15:00:55.752051+00:00,,2026-09-25T15:00:55.776052+00:00,,2026-09-25T15:00:55.780052+00:00,,2026-09-25T15:00:55.782053+00:00,,2026-09-25T15:00:55.784053+00:00,,2026-09-25T15:00:55.786053+00:00,,2026-09-25T15:00:55.766052+00:00,,2026-09-25T15:00:55.790053+00:00,,2026-09-25T15:00:55.792053+00:00,,2026-09-25T15:00:55.794053+00:00,,2026-09-25T15:00:55.796053+00:00,,2026-09-25T15:00:55.798053+00:00,,2026-09-25T15:00:55.800054+00:00,,2026-09-25T15:00:55.802054+00:00,,2026-09-25T15:00:55.804054+00:00,,2026-09-25T15:00:55.828055+00:00,,2026-09-25T15:00:55.808054+00:00,,2026-09-25T15:00:55.810054+00:00,,2026-09-25T15:00:55.834056+00:00,,2026-09-25T15:00:55.814054+00:00,,2026-09-25T15:00:55.816055+00:00,,2026-09-25T15:00:55.818055+00:00,,2026-09-25T15:00:55.820055+00:00,,2026-09-25T15:00:55.822055+00:00,,2026-09-25T15:00:55.824055+00:00,,2026-09-25T15:00:55.826055+00:00,,2026-09-25T15:00:55.830055+00:00,,2026-09-25T15:00:55.832055+00:00,,2026-09-25T15:00:55.812054+00:00,,2026-09-25T15:00:55.836056+00:00,,2026-09-25T15:00:55.838056+00:00,,2026-09-25T15:00:55.840056+00:00,,2026-09-25T15:00:55.842056+00:00,,2026-09-25T15:00:55.844056+00:00,,2026-09-25T15:00:55.868057+00:00,,2026-09-25T15:00:55.848056+00:00,,2026-09-25T15:00:55.850056+00:00,,2026-09-25T15:00:55.852057+00:00,,2026-09-25T15:00:55.854057+00:00,,2026-09-25T15:00:55.877058+00:00,,2026-09-25T15:00:55.858057+00:00,,2026-09-25T15:00:55.860057+00:00,,2026-09-25T15:00:55.862057+00:00,,2026-09-25T15:00:55.864057+00:00,,2026-09-25T15:00:55.866057+00:00,,2026-09-25T15:00:55.846056+00:00,,2026-09-25T15:00:55.870058+00:00,,2026-09-25T15:00:55.871058+00:00,,2026-09-25T15:00:55.873058+00:00,,2026-09-25T15:00:55.897059+00:00,,2026-09-25T15:00:55.879058+00:00,,2026-09-25T15:00:55.881058+00:00,,2026-09-25T15:00:55.883058+00:00,,2026-09-25T15:00:55.885058+00:00,,2026-09-25T15:00:55.887059+00:00,,2026-09-25T15:00:55.889059+00:00,,2026-09-25T15:00:55.891059+00:00,,2026-09-25T15:00:55.893059+00:00,,2026-09-25T15:00:55.895059+00:00,,2026-09-25T15:00:55.875058+00:00,,2026-09-25T15:00:55.899059+00:00,,2026-09-25T15:00:55.923061+00:00,,2026-09-25T15:00:55.903059+00:00,,2026-09-25T15:00:55.905060+00:00,,2026-09-25T15:00:55.907060+00:00,,2026-09-25T15:00:55.909060+00:00,,2026-09-25T15:00:55.911060+00:00,,2026-09-25T15:00:55.913060+00:00,,2026-09-25T15:00:55.915060+00:00,,2026-09-25T15:00:55.917060+00:00,,2026-09-25T15:00:55.919060+00:00,,2026-09-25T15:00:55.921061+00:00,,2026-09-25T15:00:55.901059+00:00,,2026-09-25T15:00:55.925061+00:00,,2026-09-25T15:00:55.927061+00:00,,2026-09-25T15:00:55.931061+00:00,,2026-09-25T15:00:55.932061+00:00,,2026-09-25T15:00:55.934061+00:00,,2026-09-25T15:00:55.935061+00:00,
89,2026-09-25T13:31:51.298459+00:00,2026-09-25T15:00:56.288082+00:00,97.006,2026-09-25T15:00:56.191076+00:00,,2026-09-25T15:00:56.204077+00:00,,2026-09-25T15:00:56.216077+00:00,,2026-09-25T15:00:56.206077+00:00,,2026-09-25T15:00:56.207077+00:00,,2026-09-25T15:00:56.208077+00:00,,2026-09-25T15:00:56.209077+00:00,,2026-09-25T15:00:56.210077+00:00,,2026-09-25T15:00:56.211077+00:00,,2026-09-25T15:00:56.212077+00:00,,2026-09-25T15:00:56.213077+00:00,,2026-09-25T15:00:56.205077+00:00,,2026-09-25T15:00:56.215077+00:00,,2026-09-25T15:00:56.217077+00:00,,2026-09-25T15:00:56.218078+00:00,,2026-09-25T15:00:56.219078+00:00,,2026-09-25T15:00:56.220078+00:00,,2026-09-25T15:00:56.221078+00:00,,2026-09-25T15:00:56.222078+00:00,,2026-09-25T15:00:56.223078+00:00,,2026-09-25T15:00:56.224078+00:00,,2026-09-25T15:00:56.225078+00:00,,2026-09-25T15:00:56.226078+00:00,,2026-09-25T15:00:56.227078+00:00,,2026-09-25T15:00:56.228078+00:00,,2026-09-25T15:00:56.229078+00:00,,2026-09-25T15:00:56.230078+00:00,,2026-09-25T15:00:56.231078+00:00,,2026-09-25T15:00:56.232078+00:00,,2026-09-25T15:00:56.233078+00:00,,2026-09-25T15:00:56.234078+00:00,,2026-09-25T15:00:56.235078+00:00,,2026-09-25T15:00:56.236079+00:00,,2026-09-25T15:00:56.237079+00:00,,2026-09-25T15:00:56.238079+00:00,,2026-09-25T15:00:56.239079+00:00,,2026-09-25T15:00:56.240079+00:00,,2026-09-25T15:00:56.241079+00:00,,2026-09-25T15:00:56.242079+00:00,,2026-09-25T15:00:56.243079+00:00,,2026-09-25T15:00:56.244079+00:00,,2026-09-25T15:00:56.245079+00:00,,2026-09-25T15:00:56.246079+00:00,,2026-09-25T15:00:56.247079+00:00,,2026-09-25T15:00:56.248079+00:00,,2026-09-25T15:00:56.249079+00:00,,2026-09-25T15:00:56.250079+00:00,,2026-09-25T15:00:56.274081+00:00,,2026-09-25T15:00:56.252079+00:00,,2026-09-25T15:00:56.253080+00:00,,2026-09-25T15:00:56.254080+00:00,,2026-09-25T15:00:56.267080+00:00,,2026-09-25T15:00:56.257080+00:00,,2026-09-25T15:00:56.269080+00:00,,2026-09-25T15:00:56.270080+00:00,,2026-09-25T15:00:56.260080+00:00,,2026-09-25T15:00:56.283081+00:00,,2026-09-25T15:00:56.262080+00:00,,2026-09-25T15:00:56.251079+00:00,,2026-09-25T15:00:56.286081+00:00,,2026-09-25T15:00:56.287081+00:00,,2026-09-25T15:00:56.288082+00:00,,2026-09-25T15:00:56.279081+00:00,,2026-09-25T15:00:56.258080+00:00,,2026-09-25T15:00:56.259080+00:00,,2026-09-25T15:00:56.282081+00:00,,2026-09-25T15:00:56.261080+00:00,,2026-09-25T15:00:56.273081+00:00,,2026-09-25T15:00:56.263080+00:00,,2026-09-25T15:00:56.264080+00:00,,2026-09-25T15:00:56.265080+00:00,,2026-09-25T15:00:56.266080+00:00,,2026-09-25T15:00:56.278081+00:00,,2026-09-25T15:00:56.268080+00:00,,2026-09-25T15:00:56.280081+00:00,,2026-09-25T15:00:56.281081+00:00,,2026-09-25T15:00:56.271081+00:00,,2026-09-25T15:00:56.272081+00:00,,2026-09-25T15:00:56.284081+00:00,,2026-09-25T15:00:56.285081+00:00,,2026-09-25T15:00:56.275081+00:00,,2026-09-25T15:00:56.276081+00:00,,2026-09-25T15:00:56.277081+00:00,
90,2026-09-25T13:31:51.697407+00:00,2026-09-25T15:00:56.648102+00:00,104.006,2026-09-25T15:00:56.544096+00:00,,2026-09-25T15:00:56.566097+00:00,,2026-09-25T15:00:56.572098+00:00,,2026-09-25T15:00:56.568098+00:00,,2026-09-25T15:00:56.569098+00:00,,2026-09-25T15:00:56.570098+00:00,,2026-09-25T15:00:56.571098+00:00,,2026-09-25T15:00:56.567097+00:00,,2026-09-25T15:00:56.573098+00:00,,2026-09-25T15:00:56.574098+00:00,,2026-09-25T15:00:56.575098+00:00,,2026-09-25T15:00:56.576098+00:00,,2026-09-25T15:00:56.577098+00:00,,2026-09-25T15:00:56.578098+00:00,,2026-09-25T15:00:56.579098+00:00,,2026-09-25T15:00:56.580098+00:00,,2026-09-25T15:00:56.581098+00:00,,2026-09-25T15:00:56.582098+00:00,,2026-09-25T15:00:56.583098+00:00,,2026-09-25T15:00:56.584098+00:00,,2026-09-25T15:00:56.596099+00:00,,2026-09-25T15:00:56.586099+00:00,,2026-09-25T15:00:56.587099+00:00,,2026-09-25T15:00:56.588099+00:00,,2026-09-25T15:00:56.589099+00:00,,2026-09-25T15:00:56.590099+00:00,,2026-09-25T15:00:56.591099+00:00,,2026-09-25T15:00:56.592099+00:00,,2026-09-25T15:00:56.593099+00:00,,2026-09-25T15:00:56.594099+00:00,,2026-09-25T15:00:56.595099+00:00,,2026-09-25T15:00:56.585099+00:00,,2026-09-25T15:00:56.597099+00:00,,2026-09-25T15:00:56.598099+00:00,,2026-09-25T15:00:56.599099+00:00,,2026-09-25T15:00:56.600099+00:00,,2026-09-25T15:00:56.601099+00:00,,2026-09-25T15:00:56.602099+00:00,,2026-09-25T15:00:56.603100+00:00,,2026-09-25T15:00:56.604100+00:00,,2026-09-25T15:00:56.616100+00:00,,2026-09-25T15:00:56.606100+00:00,,2026-09-25T15:00:56.607100+00:00,,2026-09-25T15:00:56.608100+00:00,,2026-09-25T15:00:56.609100+00:00,,2026-09-25T15:00:56.610100+00:00,,2026-09-25T15:00:56.611100+00:00,,2026-09-25T15:00:56.612100+00:00,,2026-09-25T15:00:56.613100+00:00,,2026-09-25T15:00:56.614100+00:00,,2026-09-25T15:00:56.615100+00:00,,2026-09-25T15:00:56.617100+00:00,,2026-09-25T15:00:56.618100+00:00,,2026-09-25T15:00:56.619100+00:00,,2026-09-25T15:00:56.620101+00:00,,2026-09-25T15:00:56.621101+00:00,,2026-09-25T15:00:56.622101+00:00,,2026-09-25T15:00:56.623101+00:00,,2026-09-25T15:00:56.624101+00:00,,2026-09-25T15:00:56.625101+00:00,,2026-09-25T15:00:56.626101+00:00,,2026-09-25T15:00:56.627101+00:00,,2026-09-25T15:00:56.628101+00:00,,2026-09-25T15:00:56.629101+00:00,,2026-09-25T15:00:56.630101+00:00,,2026-09-25T15:00:56.631101+00:00,,2026-09-25T15:00:56.632101+00:00,,2026-09-25T15:00:56.633101+00:00,,2026-09-25T15:00:56.634101+00:00,,2026-09-25T15:00:56.635101+00:00,,2026-09-25T15:00:56.636101+00:00,,2026-09-25T15:00:56.637101+00:00,,2026-09-25T15:00:56.638102+00:00,,2026-09-25T15:00:56.639102+00:00,,2026-09-25T15:00:56.640102+00:00,,2026-09-25T15:00:56.641102+00:00,,2026-09-25T15:00:56.642102+00:00,,2026-09-25T15:00:56.643102+00:00,,2026-09-25T15:00:56.644102+00:00,,2026-09-25T15:00:56.645102+00:00,,2026-09-25T15:00:56.646102+00:00,,2026-09-25T15:00:56.647102+00:00,,2026-09-25T15:00:56.648102+00:00,
91,2026-09-25T13:31:52.063185+00:00,2026-09-25T15:00:57.032124+00:00,92.00500000000001,2026-09-25T15:00:56.940119+00:00,,2026-09-25T15:00:56.949119+00:00,,2026-09-25T15:00:56.950119+00:00,,2026-09-25T15:00:56.951119+00:00,,2026-09-25T15:00:56.952119+00:00,,2026-09-25T15:00:56.953120+00:00,,2026-09-25T15:00:56.954120+00:00,,2026-09-25T15:00:56.966120+00:00,,2026-09-25T15:00:56.956120+00:00,,2026-09-25T15:00:56.957120+00:00,,2026-09-25T15:00:56.958120+00:00,,2026-09-25T15:00:56.959120+00:00,,2026-09-25T15:00:56.960120+00:00,,2026-09-25T15:00:56.961120+00:00,,2026-09-25T15:00:56.962120+00:00,,2026-09-25T15:00:56.963120+00:00,,2026-09-25T15:00:56.964120+00:00,,2026-09-25T15:00:56.965120+00:00,,2026-09-25T15:00:56.967120+00:00,,2026-09-25T15:00:56.968120+00:00,,2026-09-25T15:00:56.969120+00:00,,2026-09-25T15:00:56.970121+00:00,,2026-09-25T15:00:56.971121+00:00,,2026-09-25T15:00:56.972121+00:00,,2026-09-25T15:00:56.973121+00:00,,2026-09-25T15:00:56.974121+00:00,,2026-09-25T15:00:56.975121+00:00,,2026-09-25T15:00:56.976121+00:00,,2026-09-25T15:00:56.977121+00:00,,2026-09-25T15:00:56.978121+00:00,,2026-09-25T15:00:56.979121+00:00,,2026-09-25T15:00:56.980121+00:00,,2026-09-25T15:00:56.981121+00:00,,2026-09-25T15:00:56.982121+00:00,,2026-09-25T15:00:56.983121+00:00,,2026-09-25T15:00:56.984121+00:00,,2026-09-25T15:00:56.985121+00:00,,2026-09-25T15:00:56.986121+00:00,,2026-09-25T15:00:56.987121+00:00,,2026-09-25T15:00:56.988122+00:00,,2026-09-25T15:00:56.989122+00:00,,2026-09-25T15:00:56.990122+00:00,,2026-09-25T15:00:56.991122+00:00,,2026-09-25T15:00:57.014123+00:00,,2026-09-25T15:00:56.993122+00:00,,2026-09-25T15:00:56.994122+00:00,,2026-09-25T15:00:56.995122+00:00,,2026-09-25T15:00:56.996122+00:00,,2026-09-25T15:00:57.008123+00:00,,2026-09-25T15:00:56.998122+00:00,,2026-09-25T15:00:56.999122+00:00,,2026-09-25T15:00:57.000122+00:00,,2026-09-25T15:00:57.001122+00:00,,2026-09-25T15:00:57.002122+00:00,,2026-09-25T15:00:56.992122+00:00,,2026-09-25T15:00:57.004122+00:00,,2026-09-25T15:00:57.016123+00:00,,2026-09-25T15:00:57.006123+00:00,,2026-09-25T15:00:57.007123+00:00,,2026-09-25T15:00:56.997122+00:00,,2026-09-25T15:00:57.009123+00:00,,2026-09-25T15:00:57.010123+00:00,,2026-09-25T15:00:57.011123+00:00,,2026-09-25T15:00:57.012123+00:00,,2026-09-25T15:00:57.013123+00:00,,2026-09-25T15:00:57.003122+00:00,,2026-09-25T15:00:57.015123+00:00,,2026-09-25T15:00:57.017123+00:00,,2026-09-25T15:00:57.018123+00:00,,2026-09-25T15:00:57.019123+00:00,,2026-09-25T15:00:57.031124+00:00,,2026-09-25T15:00:57.021123+00:00,,2026-09-25T15:00:57.022123+00:00,,2026-09-25T15:00:57.023124+00:00,,2026-09-25T15:00:57.024124+00:00,,2026-09-25T15:00:57.025124+00:00,,2026-09-25T15:00:57.026124+00:00,,2026-09-25T15:00:57.027124+00:00,,2026-09-25T15:00:57.028124+00:00,,2026-09-25T15:00:57.029124+00:00,,2026-09-25T15:00:57.030124+00:00,,2026-09-25T15:00:57.020123+00:00,,2026-09-25T15:00:57.032124+00:00,
92,2026-09-25T13:31:52.407180+00:00,2026-09-25T15:00:57.397145+00:00,88.005,2026-09-25T15:00:57.309140+00:00,,2026-09-25T15:00:57.315140+00:00,,2026-09-25T15:00:57.316140+00:00,,2026-09-25T15:00:57.317140+00:00,,2026-09-25T15:00:57.318140+00:00,,2026-09-25T15:00:57.319140+00:00,,2026-09-25T15:00:57.331141+00:00,,2026-09-25T15:00:57.321141+00:00,,2026-09-25T15:00:57.322141+00:00,,2026-09-25T15:00:57.323141+00:00,,2026-09-25T15:00:57.324141+00:00,,2026-09-25T15:00:57.336141+00:00,,2026-09-25T15:00:57.326141+00:00,,2026-09-25T15:00:57.327141+00:00,,2026-09-25T15:00:57.328141+00:00,,2026-09-25T15:00:57.329141+00:00,,2026-09-25T15:00:57.330141+00:00,,2026-09-25T15:00:57.320141+00:00,,2026-09-25T15:00:57.332141+00:00,,2026-09-25T15:00:57.333141+00:00,,2026-09-25T15:00:57.334141+00:00,,2026-09-25T15:00:57.335141+00:00,,2026-09-25T15:00:57.325141+00:00,,2026-09-25T15:00:57.337142+00:00,,2026-09-25T15:00:57.338142+00:00,,2026-09-25T15:00:57.339142+00:00,,2026-09-25T15:00:57.340142+00:00,,2026-09-25T15:00:57.341142+00:00,,2026-09-25T15:00:57.342142+00:00,,2026-09-25T15:00:57.343142+00:00,,2026-09-25T15:00:57.344142+00:00,,2026-09-25T15:00:57.345142+00:00,,2026-09-25T15:00:57.346142+00:00,,2026-09-25T15:00:57.347142+00:00,,2026-09-25T15:00:57.348142+00:00,,2026-09-25T15:00:57.349142+00:00,,2026-09-25T15:00:57.350142+00:00,,2026-09-25T15:00:57.351142+00:00,,2026-09-25T15:00:57.352142+00:00,,2026-09-25T15:00:57.353142+00:00,,2026-09-25T15:00:57.365143+00:00,,2026-09-25T15:00:57.355143+00:00,,2026-09-25T15:00:57.356143+00:00,,2026-09-25T15:00:57.357143+00:00,,2026-09-25T15:00:57.358143+00:00,,2026-09-25T15:00:57.359143+00:00,,2026-09-25T15:00:57.360143+00:00,,2026-09-25T15:00:57.361143+00:00,,2026-09-25T15:00:57.362143+00:00,,2026-09-25T15:00:57.363143+00:00,,2026-09-25T15:00:57.364143+00:00,,2026-09-25T15:00:57.366143+00:00,,2026-09-25T15:00:57.367143+00:00,,2026-09-25T15:00:57.368143+00:00,,2026-09-25T15:00:57.369143+00:00,,2026-09-25T15:00:57.370143+00:00,,2026-09-25T15:00:57.382144+00:00,,2026-09-25T15:00:57.372144+00:00,,2026-09-25T15:00:57.373144+00:00,,2026-09-25T15:00:57.374144+00:00,,2026-09-25T15:00:57.375144+00:00,,2026-09-25T15:00:57.376144+00:00,,2026-09-25T15:00:57.377144+00:00,,2026-09-25T15:00:57.378144+00:00,,2026-09-25T15:00:57.379144+00:00,,2026-09-25T15:00:57.380144+00:00,,2026-09-25T15:00:57.381144+00:00,,2026-09-25T15:00:57.371143+00:00,,2026-09-25T15:00:57.383144+00:00,,2026-09-25T15:00:57.384144+00:00,,2026-09-25T15:00:57.385144+00:00,,2026-09-25T15:00:57.386144+00:00,,2026-09-25T15:00:57.387144+00:00,,2026-09-25T15:00:57.388144+00:00,,2026-09-25T15:00:57.389144+00:00,,2026-09-25T15:00:57.390145+00:00,,2026-09-25T15:00:57.391145+00:00,,2026-09-25T15:00:57.392145+00:00,,2026-09-25T15:00:57.393145+00:00,,2026-09-25T15:00:57.394145+00:00,,2026-09-25T15:00:57.395145+00:00,,2026-09-25T15:00:57.396145+00:00,,2026-09-25T15:00:57.397145+00:00,
93,2026-09-25T13:31:52.774589+00:00,2026-09-25T15:00:57.764166+00:00,111.006,2026-09-25T15:00:57.653160+00:00,,2026-09-25T15:00:57.679161+00:00,,2026-09-25T15:00:57.680161+00:00,,2026-09-25T15:00:57.681161+00:00,,2026-09-25T15:00:57.682161+00:00,,2026-09-25T15:00:57.683161+00:00,,2026-09-25T15:00:57.684161+00:00,,2026-09-25T15:00:57.685161+00:00,,2026-09-25T15:00:57.686161+00:00,,2026-09-25T15:00:57.687162+00:00,,2026-09-25T15:00:57.688162+00:00,,2026-09-25T15:00:57.689162+00:00,,2026-09-25T15:00:57.703162+00:00,,2026-09-25T15:00:57.691162+00:00,,2026-09-25T15:00:57.692162+00:00,,2026-09-25T15:00:57.693162+00:00,,2026-09-25T15:00:57.694162+00:00,,2026-09-25T15:00:57.695162+00:00,,2026-09-25T15:00:57.696162+00:00,,2026-09-25T15:00:57.697162+00:00,,2026-09-25T15:00:57.699162+00:00,,2026-09-25T15:00:57.712163+00:00,,2026-09-25T15:00:57.724164+00:00,,2026-09-25T15:00:57.690162+00:00,,2026-09-25T15:00:57.715163+00:00,,2026-09-25T15:00:57.705163+00:00,,2026-09-25T15:00:57.706163+00:00,,2026-09-25T15:00:57.707163+00:00,,2026-09-25T15:00:57.708163+00:00,,2026-09-25T15:00:57.709163+00:00,,2026-09-25T15:00:57.721163+00:00,,2026-09-25T15:00:57.711163+00:00,,2026-09-25T15:00:57.701162+00:00,,2026-09-25T15:00:57.702162+00:00,,2026-09-25T15:00:57.714163+00:00,,2026-09-25T15:00:57.716163+00:00,,2026-09-25T15:00:57.717163+00:00,,2026-09-25T15:00:57.718163+00:00,,2026-09-25T15:00:57.719163+00:00,,2026-09-25T15:00:57.720163+00:00,,2026-09-25T15:00:57.710163+00:00,,2026-09-25T15:00:57.722164+00:00,,2026-09-25T15:00:57.723164+00:00,,2026-09-25T15:00:57.713163+00:00,,2026-09-25T15:00:57.725164+00:00,,2026-09-25T15:00:57.726164+00:00,,2026-09-25T15:00:57.727164+00:00,,2026-09-25T15:00:57.728164+00:00,,2026-09-25T15:00:57.729164+00:00,,2026-09-25T15:00:57.730164+00:00,,2026-09-25T15:00:57.742165+00:00,,2026-09-25T15:00:57.732164+00:00,,2026-09-25T15:00:57.733164+00:00,,2026-09-25T15:00:57.734164+00:00,,2026-09-25T15:00:57.735164+00:00,,2026-09-25T15:00:57.736164+00:00,,2026-09-25T15:00:57.737164+00:00,,2026-09-25T15:00:57.738164+00:00,,2026-09-25T15:00:57.739165+00:00,,2026-09-25T15:00:57.740165+00:00,,2026-09-25T15:00:57.741165+00:00,,2026-09-25T15:00:57.731164+00:00,,2026-09-25T15:00:57.743165+00:00,,2026-09-25T15:00:57.744165+00:00,,2026-09-25T15:00:57.745165+00:00,,2026-09-25T15:00:57.746165+00:00,,2026-09-25T15:00:57.747165+00:00,,2026-09-25T15:00:57.748165+00:00,,2026-09-25T15:00:57.749165+00:00,,2026-09-25T15:00:57.750165+00:00,,2026-09-25T15:00:57.751165+00:00,,2026-09-25T15:00:57.752165+00:00,,2026-09-25T15:00:57.753165+00:00,,2026-09-25T15:00:57.764166+00:00,,2026-09-25T15:00:57.755165+00:00,,2026-09-25T15:00:57.756165+00:00,,2026-09-25T15:00:57.757166+00:00,,2026-09-25T15:00:57.758166+00:00,,2026-09-25T15:00:57.759166+00:00,,2026-09-25T15:00:57.760166+00:00,,2026-09-25T15:00:57.761166+00:00,,2026-09-25T15:00:57.762166+00:00,,2026-09-25T15:00:57.763166+00:00,
94,2026-09-25T13:31:53.148955+00:00,2026-09-25T15:00:58.119186+00:00,92.00500000000001,2026-09-25T15:00:58.035181+00:00,,2026-09-25T15:00:58.036181+00:00,,2026-09-25T15:00:58.037182+00:00,,2026-09-25T15:00:58.027181+00:00,,2026-09-25T15:00:58.039182+00:00,,2026-09-25T15:00:58.029181+00:00,,2026-09-25T15:00:58.041182+00:00,,2026-09-25T15:00:58.042182+00:00,,2026-09-25T15:00:58.043182+00:00,,2026-09-25T15:00:58.044182+00:00,,2026-09-25T15:00:58.045182+00:00,,2026-09-25T15:00:58.046182+00:00,,2026-09-25T15:00:58.047182+00:00,,2026-09-25T15:00:58.048182+00:00,,2026-09-25T15:00:58.049182+00:00,,2026-09-25T15:00:58.050182+00:00,,2026-09-25T15:00:58.051182+00:00,,2026-09-25T15:00:58.052182+00:00,,2026-09-25T15:00:58.053182+00:00,,2026-09-25T15:00:58.065183+00:00,,2026-09-25T15:00:58.055183+00:00,,2026-09-25T15:00:58.056183+00:00,,2026-09-25T15:00:58.057183+00:00,,2026-09-25T15:00:58.058183+00:00,,2026-09-25T15:00:58.059183+00:00,,2026-09-25T15:00:58.060183+00:00,,2026-09-25T15:00:58.061183+00:00,,2026-09-25T15:00:58.062183+00:00,,2026-09-25T15:00:58.063183+00:00,,2026-09-25T15:00:58.064183+00:00,,2026-09-25T15:00:58.066183+00:00,,2026-09-25T15:00:58.067183+00:00,,2026-09-25T15:00:58.068183+00:00,,2026-09-25T15:00:58.069183+00:00,,2026-09-25T15:00:58.070183+00:00,,2026-09-25T15:00:58.071183+00:00,,2026-09-25T15:00:58.072184+00:00,,2026-09-25T15:00:58.073184+00:00,,2026-09-25T15:00:58.074184+00:00,,2026-09-25T15:00:58.075184+00:00,,2026-09-25T15:00:58.076184+00:00,,2026-09-25T15:00:58.077184+00:00,,2026-09-25T15:00:58.078184+00:00,,2026-09-25T15:00:58.079184+00:00,,2026-09-25T15:00:58.080184+00:00,,2026-09-25T15:00:58.081184+00:00,,2026-09-25T15:00:58.093185+00:00,,2026-09-25T15:00:58.083184+00:00,,2026-09-25T15:00:58.084184+00:00,,2026-09-25T15:00:58.085184+00:00,,2026-09-25T15:00:58.086184+00:00,,2026-09-25T15:00:58.087184+00:00,,2026-09-25T15:00:58.088184+00:00,,2026-09-25T15:00:58.100185+00:00,,2026-09-25T15:00:58.090185+00:00,,2026-09-25T15:00:58.091185+00:00,,2026-09-25T15:00:58.092185+00:00,,2026-09-25T15:00:58.082184+00:00,,2026-09-25T15:00:58.094185+00:00,,2026-09-25T15:00:58.095185+00:00,,2026-09-25T15:00:58.096185+00:00,,2026-09-25T15:00:58.097185+00:00,,2026-09-25T15:00:58.098185+00:00,,2026-09-25T15:00:58.099185+00:00,,2026-09-25T15:00:58.089185+00:00,,2026-09-25T15:00:58.101185+00:00,,2026-09-25T15:00:58.102185+00:00,,2026-09-25T15:00:58.103185+00:00,,2026-09-25T15:00:58.115186+00:00,,2026-09-25T15:00:58.105185+00:00,,2026-09-25T15:00:58.106186+00:00,,2026-09-25T15:00:58.107186+00:00,,2026-09-25T15:00:58.108186+00:00,,2026-09-25T15:00:58.109186+00:00,,2026-09-25T15:00:58.110186+00:00,,2026-09-25T15:00:58.111186+00:00,,2026-09-25T15:00:58.112186+00:00,,2026-09-25T15:00:58.113186+00:00,,2026-09-25T15:00:58.114186+00:00,,2026-09-25T15:00:58.116186+00:00,,2026-09-25T15:00:58.117186+00:00,,2026-09-25T15:00:58.118186+00:00,,2026-09-25T15:00:58.119186+00:00,
95,2026-09-25T13:31:53.582868+00:00,2026-09-25T15:00:58.572212+00:00,178.01,2026-09-25T15:00:58.394202+00:00,,2026-09-25T15:00:58.443205+00:00,,2026-09-25T15:00:58.467206+00:00,,2026-09-25T15:00:58.458206+00:00,,2026-09-25T15:00:58.460206+00:00,,2026-09-25T15:00:58.462206+00:00,,2026-09-25T15:00:58.464206+00:00,,2026-09-25T15:00:58.456206+00:00,,2026-09-25T15:00:58.469206+00:00,,2026-09-25T15:00:58.471206+00:00,,2026-09-25T15:00:58.473206+00:00,,2026-09-25T15:00:58.475207+00:00,,2026-09-25T15:00:58.477207+00:00,,2026-09-25T15:00:58.490207+00:00,,2026-09-25T15:00:58.481207+00:00,,2026-09-25T15:00:58.483207+00:00,,2026-09-25T15:00:58.485207+00:00,,2026-09-25T15:00:58.487207+00:00,,2026-09-25T15:00:58.489207+00:00,,2026-09-25T15:00:58.491208+00:00,,2026-09-25T15:00:58.493208+00:00,,2026-09-25T15:00:58.495208+00:00,,2026-09-25T15:00:58.497208+00:00,,2026-09-25T15:00:58.499208+00:00,,2026-09-25T15:00:58.501208+00:00,,2026-09-25T15:00:58.503208+00:00,,2026-09-25T15:00:58.505208+00:00,,2026-09-25T15:00:58.507208+00:00,,2026-09-25T15:00:58.509209+00:00,,2026-09-25T15:00:58.522209+00:00,,2026-09-25T15:00:58.513209+00:00,,2026-09-25T15:00:58.516209+00:00,,2026-09-25T15:00:58.518209+00:00,,2026-09-25T15:00:58.520209+00:00,,2026-09-25T15:00:58.511209+00:00,,2026-09-25T15:00:58.535210+00:00,,2026-09-25T15:00:58.525209+00:00,,2026-09-25T15:00:58.515209+00:00,,2026-09-25T15:00:58.527210+00:00,,2026-09-25T15:00:58.517209+00:00,,2026-09-25T15:00:58.529210+00:00,,2026-09-25T15:00:58.530210+00:00,,2026-09-25T15:00:58.531210+00:00,,2026-09-25T15:00:58.532210+00:00,,2026-09-25T15:00:58.533210+00:00,,2026-09-25T15:00:58.534210+00:00,,2026-09-25T15:00:58.524209+00:00,,2026-09-25T15:00:58.536210+00:00,,2026-09-25T15:00:58.537210+00:00,,2026-09-25T15:00:58.538210+00:00,,2026-09-25T15:00:58.539210+00:00,,2026-09-25T15:00:58.540210+00:00,,2026-09-25T15:00:58.541210+00:00,,2026-09-25T15:00:58.542210+00:00,,2026-09-25T15:00:58.543210+00:00,,2026-09-25T15:00:58.544211+00:00,,2026-09-25T15:00:58.545211+00:00,,2026-09-25T15:00:58.546211+00:00,,2026-09-25T15:00:58.547211+00:00,,2026-09-25T15:00:58.548211+00:00,,2026-09-25T15:00:58.549211+00:00,,2026-09-25T15:00:58.550211+00:00,,2026-09-25T15:00:58.551211+00:00,,2026-09-25T15:00:58.552211+00:00,,2026-09-25T15:00:58.553211+00:00,,2026-09-25T15:00:58.565212+00:00,,2026-09-25T15:00:58.555211+00:00,,2026-09-25T15:00:58.556211+00:00,,2026-09-25T15:00:58.557211+00:00,,2026-09-25T15:00:58.558211+00:00,,2026-09-25T15:00:58.559211+00:00,,2026-09-25T15:00:58.560211+00:00,,2026-09-25T15:00:58.561212+00:00,,2026-09-25T15:00:58.562212+00:00,,2026-09-25T15:00:58.563212+00:00,,2026-09-25T15:00:58.564212+00:00,,2026-09-25T15:00:58.566212+00:00,,2026-09-25T15:00:58.567212+00:00,,2026-09-25T15:00:58.568212+00:00,,2026-09-25T15:00:58.569212+00:00,,2026-09-25T15:00:58.570212+00:00,,2026-09-25T15:00:58.571212+00:00,,2026-09-25T15:00:58.572212+00:00,
96,2026-09-25T13:31:53.990940+00:00,2026-09-25T15:00:58.969235+00:00,90.005,2026-09-25T15:00:58.884230+00:00,,2026-09-25T15:00:58.885230+00:00,,2026-09-25T15:00:58.886230+00:00,,2026-09-25T15:00:58.887230+00:00,,2026-09-25T15:00:58.888230+00:00,,2026-09-25T15:00:58.889230+00:00,,2026-09-25T15:00:58.879230+00:00,,2026-09-25T15:00:58.891230+00:00,,2026-09-25T15:00:58.892230+00:00,,2026-09-25T15:00:58.893231+00:00,,2026-09-25T15:00:58.894231+00:00,,2026-09-25T15:00:58.895231+00:00,,2026-09-25T15:00:58.896231+00:00,,2026-09-25T15:00:58.897231+00:00,,2026-09-25T15:00:58.909231+00:00,,2026-09-25T15:00:58.899231+00:00,,2026-09-25T15:00:58.900231+00:00,,2026-09-25T15:00:58.901231+00:00,,2026-09-25T15:00:58.902231+00:00,,2026-09-25T15:00:58.914232+00:00,,2026-09-25T15:00:58.904231+00:00,,2026-09-25T15:00:58.905231+00:00,,2026-09-25T15:00:58.906231+00:00,,2026-09-25T15:00:58.907231+00:00,,2026-09-25T15:00:58.908231+00:00,,2026-09-25T15:00:58.898231+00:00,,2026-09-25T15:00:58.910231+00:00,,2026-09-25T15:00:58.911232+00:00,,2026-09-25T15:00:58.912232+00:00,,2026-09-25T15:00:58.913232+00:00,,2026-09-25T15:00:58.915232+00:00,,2026-09-25T15:00:58.927232+00:00,,2026-09-25T15:00:58.917232+00:00,,2026-09-25T15:00:58.918232+00:00,,2026-09-25T15:00:58.919232+00:00,,2026-09-25T15:00:58.920232+00:00,,2026-09-25T15:00:58.921232+00:00,,2026-09-25T15:00:58.922232+00:00,,2026-09-25T15:00:58.923232+00:00,,2026-09-25T15:00:58.924232+00:00,,2026-09-25T15:00:58.925232+00:00,,2026-09-25T15:00:58.926232+00:00,,2026-09-25T15:00:58.916232+00:00,,2026-09-25T15:00:58.928233+00:00,,2026-09-25T15:00:58.929233+00:00,,2026-09-25T15:00:58.930233+00:00,,2026-09-25T15:00:58.931233+00:00,,2026-09-25T15:00:58.932233+00:00,,2026-09-25T15:00:58.933233+00:00,,2026-09-25T15:00:58.934233+00:00,,2026-09-25T15:00:58.935233+00:00,,2026-09-25T15:00:58.936233+00:00,,2026-09-25T15:00:58.937233+00:00,,2026-09-25T15:00:58.938233+00:00,,2026-09-25T15:00:58.939233+00:00,,2026-09-25T15:00:58.940233+00:00,,2026-09-25T15:00:58.941233+00:00,,2026-09-25T15:00:58.942233+00:00,,2026-09-25T15:00:58.943233+00:00,,2026-09-25T15:00:58.944233+00:00,,2026-09-25T15:00:58.945233+00:00,,2026-09-25T15:00:58.946234+00:00,,2026-09-25T15:00:58.947234+00:00,,2026-09-25T15:00:58.948234+00:00,,2026-09-25T15:00:58.949234+00:00,,2026-09-25T15:00:58.950234+00:00,,2026-09-25T15:00:58.951234+00:00,,2026-09-25T15:00:58.952234+00:00,,2026-09-25T15:00:58.965235+00:00,,2026-09-25T15:00:58.954234+00:00,,2026-09-25T15:00:58.955234+00:00,,2026-09-25T15:00:58.956234+00:00,,2026-09-25T15:00:58.957234+00:00,,2026-09-25T15:00:58.958234+00:00,,2026-09-25T15:00:58.959234+00:00,,2026-09-25T15:00:58.960234+00:00,,2026-09-25T15:00:58.961234+00:00,,2026-09-25T15:00:58.962234+00:00,,2026-09-25T15:00:58.963235+00:00,,2026-09-25T15:00:58.966235+00:00,,2026-09-25T15:00:58.967235+00:00,,2026-09-25T15:00:58.968235+00:00,,2026-09-25T15:00:58.969235+00:00,
97,2026-09-25T13:31:54.388761+00:00,2026-09-25T15:00:59.366258+00:00,106.006,2026-09-25T15:00:59.260252+00:00,,2026-09-25T15:00:59.272252+00:00,,2026-09-25T15:00:59.273252+00:00,,2026-09-25T15:00:59.274252+00:00,,2026-09-25T15:00:59.275252+00:00,,2026-09-25T15:00:59.276252+00:00,,2026-09-25T15:00:59.277252+00:00,,2026-09-25T15:00:59.278253+00:00,,2026-09-25T15:00:59.290253+00:00,,2026-09-25T15:00:59.291253+00:00,,2026-09-25T15:00:59.292253+00:00,,2026-09-25T15:00:59.304254+00:00,,2026-09-25T15:00:59.294253+00:00,,2026-09-25T15:00:59.284253+00:00,,2026-09-25T15:00:59.285253+00:00,,2026-09-25T15:00:59.286253+00:00,,2026-09-25T15:00:59.287253+00:00,,2026-09-25T15:00:59.288253+00:00,,2026-09-25T15:00:59.289253+00:00,,2026-09-25T15:00:59.279253+00:00,,2026-09-25T15:00:59.280253+00:00,,2026-09-25T15:00:59.281253+00:00,,2026-09-25T15:00:59.282253+00:00,,2026-09-25T15:00:59.283253+00:00,,2026-09-25T15:00:59.295254+00:00,,2026-09-25T15:00:59.296254+00:00,,2026-09-25T15:00:59.297254+00:00,,2026-09-25T15:00:59.298254+00:00,,2026-09-25T15:00:59.299254+00:00,,2026-09-25T15:00:59.300254+00:00,,2026-09-25T15:00:59.312254+00:00,,2026-09-25T15:00:59.302254+00:00,,2026-09-25T15:00:59.314255+00:00,,2026-09-25T15:00:59.293253+00:00,,2026-09-25T15:00:59.305254+00:00,,2026-09-25T15:00:59.306254+00:00,,2026-09-25T15:00:59.307254+00:00,,2026-09-25T15:00:59.308254+00:00,,2026-09-25T15:00:59.309254+00:00,,2026-09-25T15:00:59.310254+00:00,,2026-09-25T15:00:59.311254+00:00,,2026-09-25T15:00:59.301254+00:00,,2026-09-25T15:00:59.313255+00:00,,2026-09-25T15:00:59.315255+00:00,,2026-09-25T15:00:59.316255+00:00,,2026-09-25T15:00:59.317255+00:00,,2026-09-25T15:00:59.318255+00:00,,2026-09-25T15:00:59.319255+00:00,,2026-09-25T15:00:59.320255+00:00,,2026-09-25T15:00:59.321255+00:00,,2026-09-25T15:00:59.322255+00:00,,2026-09-25T15:00:59.323255+00:00,,2026-09-25T15:00:59.324255+00:00,,2026-09-25T15:00:59.325255+00:00,,2026-09-25T15:00:59.326255+00:00,,2026-09-25T15:00:59.327255+00:00,,2026-09-25T15:00:59.328255+00:00,,2026-09-25T15:00:59.329255+00:00,,2026-09-25T15:00:59.330256+00:00,,2026-09-25T15:00:59.331256+00:00,,2026-09-25T15:00:59.332256+00:00,,2026-09-25T15:00:59.333256+00:00,,2026-09-25T15:00:59.334256+00:00,,2026-09-25T15:00:59.335256+00:00,,2026-09-25T15:00:59.336256+00:00,,2026-09-25T15:00:59.337256+00:00,,2026-09-25T15:00:59.338256+00:00,,2026-09-25T15:00:59.339256+00:00,,2026-09-25T15:00:59.340256+00:00,,2026-09-25T15:00:59.341256+00:00,,2026-09-25T15:00:59.342256+00:00,,2026-09-25T15:00:59.343256+00:00,,2026-09-25T15:00:59.355257+00:00,,2026-09-25T15:00:59.345256+00:00,,2026-09-25T15:00:59.346256+00:00,,2026-09-25T15:00:59.347256+00:00,,2026-09-25T15:00:59.348257+00:00,,2026-09-25T15:00:59.349257+00:00,,2026-09-25T15:00:59.350257+00:00,,2026-09-25T15:00:59.351257+00:00,,2026-09-25T15:00:59.352257+00:00,,2026-09-25T15:00:59.353257+00:00,,2026-09-25T15:00:59.366258+00:00,
98,2026-09-25T13:31:54.775369+00:00,2026-09-25T15:00:59.764280+00:00,127.007,2026-09-25T15:00:59.637273+00:00,,2026-09-25T15:00:59.659274+00:00,,2026-09-25T15:00:59.660274+00:00,,2026-09-25T15:00:59.661274+00:00,,2026-09-25T15:00:59.662275+00:00,,2026-09-25T15:00:59.663275+00:00,,2026-09-25T15:00:59.675275+00:00,,2026-09-25T15:00:59.665275+00:00,,2026-09-25T15:00:59.666275+00:00,,2026-09-25T15:00:59.667275+00:00,,2026-09-25T15:00:59.668275+00:00,,2026-09-25T15:00:59.669275+00:00,,2026-09-25T15:00:59.671275+00:00,,2026-09-25T15:00:59.670275+00:00,,2026-09-25T15:00:59.672275+00:00,,2026-09-25T15:00:59.673275+00:00,,2026-09-25T15:00:59.674275+00:00,,2026-09-25T15:00:59.664275+00:00,,2026-09-25T15:00:59.676275+00:00,,2026-09-25T15:00:59.677275+00:00,,2026-09-25T15:00:59.678275+00:00,,2026-09-25T15:00:59.679275+00:00,,2026-09-25T15:00:59.691276+00:00,,2026-09-25T15:00:59.692276+00:00,,2026-09-25T15:00:59.682276+00:00,,2026-09-25T15:00:59.683276+00:00,,2026-09-25T15:00:59.684276+00:00,,2026-09-25T15:00:59.685276+00:00,,2026-09-25T15:00:59.686276+00:00,,2026-09-25T15:00:59.687276+00:00,,2026-09-25T15:00:59.688276+00:00,,2026-09-25T15:00:59.689276+00:00,,2026-09-25T15:00:59.690276+00:00,,2026-09-25T15:00:59.680276+00:00,,2026-09-25T15:00:59.681276+00:00,,2026-09-25T15:00:59.693276+00:00,,2026-09-25T15:00:59.694276+00:00,,2026-09-25T15:00:59.706277+00:00,,2026-09-25T15:00:59.696276+00:00,,2026-09-25T15:00:59.697277+00:00,,2026-09-25T15:00:59.698277+00:00,,2026-09-25T15:00:59.699277+00:00,,2026-09-25T15:00:59.700277+00:00,,2026-09-25T15:00:59.701277+00:00,,2026-09-25T15:00:59.702277+00:00,,2026-09-25T15:00:59.714277+00:00,,2026-09-25T15:00:59.704277+00:00,,2026-09-25T15:00:59.705277+00:00,,2026-09-25T15:00:59.695276+00:00,,2026-09-25T15:00:59.707277+00:00,,2026-09-25T15:00:59.708277+00:00,,2026-09-25T15:00:59.709277+00:00,,2026-09-25T15:00:59.710277+00:00,,2026-09-25T15:00:59.711277+00:00,,2026-09-25T15:00:59.712277+00:00,,2026-09-25T15:00:59.713277+00:00,,2026-09-25T15:00:59.715278+00:00,,2026-09-25T15:00:59.716278+00:00,,2026-09-25T15:00:59.717278+00:00,,2026-09-25T15:00:59.718278+00:00,,2026-09-25T15:00:59.719278+00:00,,2026-09-25T15:00:59.720278+00:00,,2026-09-25T15:00:59.721278+00:00,,2026-09-25T15:00:59.722278+00:00,,2026-09-25T15:00:59.723278+00:00,,2026-09-25T15:00:59.724278+00:00,,2026-09-25T15:00:59.738279+00:00,,2026-09-25T15:00:59.727278+00:00,,2026-09-25T15:00:59.740279+00:00,,2026-09-25T15:00:59.730278+00:00,,2026-09-25T15:00:59.731278+00:00,,2026-09-25T15:00:59.743279+00:00,,2026-09-25T15:00:59.744279+00:00,,2026-09-25T15:00:59.734279+00:00,,2026-09-25T15:00:59.746279+00:00,,2026-09-25T15:00:59.736279+00:00,,2026-09-25T15:00:59.737279+00:00,,2026-09-25T15:00:59.725278+00:00,,2026-09-25T15:00:59.739279+00:00,,2026-09-25T15:00:59.729278+00:00,,2026-09-25T15:00:59.741279+00:00,,2026-09-25T15:00:59.764280+00:00,,2026-09-25T15:00:59.732279+00:00,
99,2026-09-25T13:31:55.123591+00:00,2026-09-25T15:01:00.113300+00:00,90.005,2026-09-25T15:01:00.023295+00:00,,2026-09-25T15:01:00.030296+00:00,,2026-09-25T15:01:00.041296+00:00,,2026-09-25T15:01:00.043296+00:00,,2026-09-25T15:01:00.033296+00:00,,2026-09-25T15:01:00.034296+00:00,,2026-09-25T15:01:00.035296+00:00,,2026-09-25T15:01:00.036296+00:00,,2026-09-25T15:01:00.037296+00:00,,2026-09-25T15:01:00.038296+00:00,,2026-09-25T15:01:00.039296+00:00,,2026-09-25T15:01:00.031296+00:00,,2026-09-25T15:01:00.040296+00:00,,2026-09-25T15:01:00.042296+00:00,,2026-09-25T15:01:00.032296+00:00,,2026-09-25T15:01:00.044296+00:00,,2026-09-25T15:01:00.045296+00:00,,2026-09-25T15:01:00.046296+00:00,,2026-09-25T15:01:00.047297+00:00,,2026-09-25T15:01:00.048297+00:00,,2026-09-25T15:01:00.049297+00:00,,2026-09-25T15:01:00.050297+00:00,,2026-09-25T15:01:00.051297+00:00,,2026-09-25T15:01:00.063297+00:00,,2026-09-25T15:01:00.053297+00:00,,2026-09-25T15:01:00.054297+00:00,,2026-09-25T15:01:00.055297+00:00,,2026-09-25T15:01:00.056297+00:00,,2026-09-25T15:01:00.057297+00:00,,2026-09-25T15:01:00.058297+00:00,,2026-09-25T15:01:00.059297+00:00,,2026-09-25T15:01:00.060297+00:00,,2026-09-25T15:01:00.072298+00:00,,2026-09-25T15:01:00.062297+00:00,,2026-09-25T15:01:00.064297+00:00,,2026-09-25T15:01:00.065298+00:00,,2026-09-25T15:01:00.066298+00:00,,2026-09-25T15:01:00.067298+00:00,,2026-09-25T15:01:00.068298+00:00,,2026-09-25T15:01:00.069298+00:00,,2026-09-25T15:01:00.070298+00:00,,2026-09-25T15:01:00.082299+00:00,,2026-09-25T15:01:00.061297+00:00,,2026-09-25T15:01:00.073298+00:00,,2026-09-25T15:01:00.074298+00:00,,2026-09-25T15:01:00.075298+00:00,,2026-09-25T15:01:00.076298+00:00,,2026-09-25T15:01:00.077298+00:00,,2026-09-25T15:01:00.078298+00:00,,2026-09-25T15:01:00.079298+00:00,,2026-09-25T15:01:00.080298+00:00,,2026-09-25T15:01:00.081298+00:00,,2026-09-25T15:01:00.071298+00:00,,2026-09-25T15:01:00.083299+00:00,,2026-09-25T15:01:00.084299+00:00,,2026-09-25T15:01:00.085299+00:00,,2026-09-25T15:01:00.086299+00:00,,2026-09-25T15:01:00.087299+00:00,,2026-09-25T15:01:00.088299+00:00,,2026-09-25T15:01:00.089299+00:00,,2026-09-25T15:01:00.090299+00:00,,2026-09-25T15:01:00.091299+00:00,,2026-09-25T15:01:00.092299+00:00,,2026-09-25T15:01:00.093299+00:00,,2026-09-25T15:01:00.094299+00:00,,2026-09-25T15:01:00.095299+00:00,,2026-09-25T15:01:00.096299+00:00,,2026-09-25T15:01:00.097299+00:00,,2026-09-25T15:01:00.098299+00:00,,2026-09-25T15:01:00.099300+00:00,,2026-09-25T15:01:00.100300+00:00,,2026-09-25T15:01:00.101300+00:00,,2026-09-25T15:01:00.113300+00:00,,2026-09-25T15:01:00.103300+00:00,,2026-09-25T15:01:00.104300+00:00,,2026-09-25T15:01:00.105300+00:00,,2026-09-25T15:01:00.106300+00:00,,2026-09-25T15:01:00.107300+00:00,,2026-09-25T15:01:00.108300+00:00,,2026-09-25T15:01:00.109300+00:00,,2026-09-25T15:01:00.110300+00:00,,2026-09-25T15:01:00.111300+00:00,,2026-09-25T15:01:00.112300+00:00,
100,2026-09-25T13:31:55.528123+00:00,2026-09-25T15:01:00.459320+00:00,87.005,2026-09-25T15:01:00.372315+00:00,,2026-09-25T15:01:00.376315+00:00,,2026-09-25T15:01:00.388316+00:00,,2026-09-25T15:01:00.378315+00:00,,2026-09-25T15:01:00.379316+00:00,,2026-09-25T15:01:00.380316+00:00,,2026-09-25T15:01:00.381316+00:00,,2026-09-25T15:01:00.382316+00:00,,2026-09-25T15:01:00.383316+00:00,,2026-09-25T15:01:00.384316+00:00,,2026-09-25T15:01:00.385316+00:00,,2026-09-25T15:01:00.377315+00:00,,2026-09-25T15:01:00.386316+00:00,,2026-09-25T15:01:00.387316+00:00,,2026-09-25T15:01:00.389316+00:00,,2026-09-25T15:01:00.390316+00:00,,2026-09-25T15:01:00.391316+00:00,,2026-09-25T15:01:00.392316+00:00,,2026-09-25T15:01:00.393316+00:00,,2026-09-25T15:01:00.394316+00:00,,2026-09-25T15:01:00.395316+00:00,,2026-09-25T15:01:00.396316+00:00,,2026-09-25T15:01:00.397317+00:00,,2026-09-25T15:01:00.398317+00:00,,2026-09-25T15:01:00.399317+00:00,,2026-09-25T15:01:00.400317+00:00,,2026-09-25T15:01:00.401317+00:00,,2026-09-25T15:01:00.413317+00:00,,2026-09-25T15:01:00.403317+00:00,,2026-09-25T15:01:00.404317+00:00,,2026-09-25T15:01:00.405317+00:00,,2026-09-25T15:01:00.406317+00:00,,2026-09-25T15:01:00.407317+00:00,,2026-09-25T15:01:00.408317+00:00,,2026-09-25T15:01:00.409317+00:00,,2026-09-25T15:01:00.410317+00:00,,2026-09-25T15:01:00.411317+00:00,,2026-09-25T15:01:00.412317+00:00,,2026-09-25T15:01:00.414318+00:00,,2026-09-25T15:01:00.415318+00:00,,2026-09-25T15:01:00.416318+00:00,,2026-09-25T15:01:00.417318+00:00,,2026-09-25T15:01:00.418318+00:00,,2026-09-25T15:01:00.419318+00:00,,2026-09-25T15:01:00.420318+00:00,,2026-09-25T15:01:00.421318+00:00,,2026-09-25T15:01:00.422318+00:00,,2026-09-25T15:01:00.423318+00:00,,2026-09-25T15:01:00.424318+00:00,,2026-09-25T15:01:00.425318+00:00,,2026-09-25T15:01:00.426318+00:00,,2026-09-25T15:01:00.427318+00:00,,2026-09-25T15:01:00.428318+00:00,,2026-09-25T15:01:00.440319+00:00,,2026-09-25T15:01:00.441319+00:00,,2026-09-25T15:01:00.431318+00:00,,2026-09-25T15:01:00.432319+00:00,,2026-09-25T15:01:00.433319+00:00,,2026-09-25T15:01:00.434319+00:00,,2026-09-25T15:01:00.435319+00:00,,2026-09-25T15:01:00.436319+00:00,,2026-09-25T15:01:00.437319+00:00,,2026-09-25T15:01:00.438319+00:00,,2026-09-25T15:01:00.439319+00:00,,2026-09-25T15:01:00.429318+00:00,,2026-09-25T15:01:00.430318+00:00,,2026-09-25T15:01:00.442319+00:00,,2026-09-25T15:01:00.443319+00:00,,2026-09-25T15:01:00.444319+00:00,,2026-09-25T15:01:00.445319+00:00,,2026-09-25T15:01:00.446319+00:00,,2026-09-25T15:01:00.447319+00:00,,2026-09-25T15:01:00.448319+00:00,,2026-09-25T15:01:00.449320+00:00,,2026-09-25T15:01:00.450320+00:00,,2026-09-25T15:01:00.451320+00:00,,2026-09-25T15:01:00.459320+00:00,,2026-09-25T15:01:00.453320+00:00,,2026-09-25T15:01:00.454320+00:00,,2026-09-25T15:01:00.455320+00:00,,2026-09-25T15:01:00.456320+00:00,,2026-09-25T15:01:00.457320+00:00,,2026-09-25T15:01:00.458320+00:00,
101,2026-09-25T13:31:55.869064+00:00,2026-09-25T15:01:00.858343+00:00,88.005,2026-09-25T15:01:00.770338+00:00,,2026-09-25T15:01:00.775338+00:00,,2026-09-25T15:01:00.776338+00:00,,2026-09-25T15:01:00.777338+00:00,,2026-09-25T15:01:00.778338+00:00,,2026-09-25T15:01:00.779338+00:00,,2026-09-25T15:01:00.780338+00:00,,2026-09-25T15:01:00.781339+00:00,,2026-09-25T15:01:00.782339+00:00,,2026-09-25T15:01:00.783339+00:00,,2026-09-25T15:01:00.784339+00:00,,2026-09-25T15:01:00.785339+00:00,,2026-09-25T15:01:00.786339+00:00,,2026-09-25T15:01:00.787339+00:00,,2026-09-25T15:01:00.788339+00:00,,2026-09-25T15:01:00.789339+00:00,,2026-09-25T15:01:00.790339+00:00,,2026-09-25T15:01:00.791339+00:00,,2026-09-25T15:01:00.792339+00:00,,2026-09-25T15:01:00.793339+00:00,,2026-09-25T15:01:00.794339+00:00,,2026-09-25T15:01:00.795339+00:00,,2026-09-25T15:01:00.796339+00:00,,2026-09-25T15:01:00.797339+00:00,,2026-09-25T15:01:00.798339+00:00,,2026-09-25T15:01:00.799340+00:00,,2026-09-25T15:01:00.800340+00:00,,2026-09-25T15:01:00.801340+00:00,,2026-09-25T15:01:00.813340+00:00,,2026-09-25T15:01:00.803340+00:00,,2026-09-25T15:01:00.804340+00:00,,2026-09-25T15:01:00.805340+00:00,,2026-09-25T15:01:00.806340+00:00,,2026-09-25T15:01:00.807340+00:00,,2026-09-25T15:01:00.808340+00:00,,2026-09-25T15:01:00.809340+00:00,,2026-09-25T15:01:00.810340+00:00,,2026-09-25T15:01:00.811340+00:00,,2026-09-25T15:01:00.812340+00:00,,2026-09-25T15:01:00.814340+00:00,,2026-09-25T15:01:00.815340+00:00,,2026-09-25T15:01:00.816341+00:00,,2026-09-25T15:01:00.817341+00:00,,2026-09-25T15:01:00.818341+00:00,,2026-09-25T15:01:00.819341+00:00,,2026-09-25T15:01:00.820341+00:00,,2026-09-25T15:01:00.821341+00:00,,2026-09-25T15:01:00.822341+00:00,,2026-09-25T15:01:00.823341+00:00,,2026-09-25T15:01:00.824341+00:00,,2026-09-25T15:01:00.825341+00:00,,2026-09-25T15:01:00.826341+00:00,,2026-09-25T15:01:00.827341+00:00,,2026-09-25T15:01:00.839342+00:00,,2026-09-25T15:01:00.829341+00:00,,2026-09-25T15:01:00.830341+00:00,,2026-09-25T15:01:00.831341+00:00,,2026-09-25T15:01:00.832341+00:00,,2026-09-25T15:01:00.833341+00:00,,2026-09-25T15:01:00.834342+00:00,,2026-09-25T15:01:00.846342+00:00,,2026-09-25T15:01:00.847342+00:00,,2026-09-25T15:01:00.837342+00:00,,2026-09-25T15:01:00.838342+00:00,,2026-09-25T15:01:00.828341+00:00,,2026-09-25T15:01:00.840342+00:00,,2026-09-25T15:01:00.841342+00:00,,2026-09-25T15:01:00.842342+00:00,,2026-09-25T15:01:00.843342+00:00,,2026-09-25T15:01:00.844342+00:00,,2026-09-25T15:01:00.845342+00:00,,2026-09-25T15:01:00.835342+00:00,,2026-09-25T15:01:00.836342+00:00,,2026-09-25T15:01:00.848342+00:00,,2026-09-25T15:01:00.849342+00:00,,2026-09-25T15:01:00.850342+00:00,,2026-09-25T15:01:00.851343+00:00,,2026-09-25T15:01:00.858343+00:00,,2026-09-25T15:01:00.853343+00:00,,2026-09-25T15:01:00.854343+00:00,,2026-09-25T15:01:00.855343+00:00,,2026-09-25T15:01:00.856343+00:00,,2026-09-25T15:01:00.857343+00:00,
102,2026-09-25T13:31:56.237530+00:00,2026-09-25T15:01:01.226364+00:00,100.006,2026-09-25T15:01:01.126358+00:00,,2026-09-25T15:01:01.143359+00:00,,2026-09-25T15:01:01.144359+00:00,,2026-09-25T15:01:01.156360+00:00,,2026-09-25T15:01:01.146359+00:00,,2026-09-25T15:01:01.147359+00:00,,2026-09-25T15:01:01.148360+00:00,,2026-09-25T15:01:01.149360+00:00,,2026-09-25T15:01:01.150360+00:00,,2026-09-25T15:01:01.151360+00:00,,2026-09-25T15:01:01.163360+00:00,,2026-09-25T15:01:01.153360+00:00,,2026-09-25T15:01:01.154360+00:00,,2026-09-25T15:01:01.155360+00:00,,2026-09-25T15:01:01.145359+00:00,,2026-09-25T15:01:01.157360+00:00,,2026-09-25T15:01:01.158360+00:00,,2026-09-25T15:01:01.159360+00:00,,2026-09-25T15:01:01.160360+00:00,,2026-09-25T15:01:01.161360+00:00,,2026-09-25T15:01:01.162360+00:00,,2026-09-25T15:01:01.164360+00:00,,2026-09-25T15:01:01.165360+00:00,,2026-09-25T15:01:01.166361+00:00,,2026-09-25T15:01:01.167361+00:00,,2026-09-25T15:01:01.168361+00:00,,2026-09-25T15:01:01.169361+00:00,,2026-09-25T15:01:01.170361+00:00,,2026-09-25T15:01:01.171361+00:00,,2026-09-25T15:01:01.172361+00:00,,2026-09-25T15:01:01.184362+00:00,,2026-09-25T15:01:01.174361+00:00,,2026-09-25T15:01:01.175361+00:00,,2026-09-25T15:01:01.176361+00:00,,2026-09-25T15:01:01.177361+00:00,,2026-09-25T15:01:01.178361+00:00,,2026-09-25T15:01:01.179361+00:00,,2026-09-25T15:01:01.180361+00:00,,2026-09-25T15:01:01.181361+00:00,,2026-09-25T15:01:01.182361+00:00,,2026-09-25T15:01:01.183362+00:00,,2026-09-25T15:01:01.173361+00:00,,2026-09-25T15:01:01.185362+00:00,,2026-09-25T15:01:01.186362+00:00,,2026-09-25T15:01:01.187362+00:00,,2026-09-25T15:01:01.188362+00:00,,2026-09-25T15:01:01.189362+00:00,,2026-09-25T15:01:01.190362+00:00,,2026-09-25T15:01:01.191362+00:00,,2026-09-25T15:01:01.192362+00:00,,2026-09-25T15:01:01.193362+00:00,,2026-09-25T15:01:01.194362+00:00,,2026-09-25T15:01:01.195362+00:00,,2026-09-25T15:01:01.196362+00:00,,2026-09-25T15:01:01.197362+00:00,,2026-09-25T15:01:01.198362+00:00,,2026-09-25T15:01:01.199362+00:00,,2026-09-25T15:01:01.200362+00:00,,2026-09-25T15:01:01.201363+00:00,,2026-09-25T15:01:01.202363+00:00,,2026-09-25T15:01:01.203363+00:00,,2026-09-25T15:01:01.204363+00:00,,2026-09-25T15:01:01.205363+00:00,,2026-09-25T15:01:01.206363+00:00,,2026-09-25T15:01:01.207363+00:00,,2026-09-25T15:01:01.208363+00:00,,2026-09-25T15:01:01.221364+00:00,,2026-09-25T15:01:01.222364+00:00,,2026-09-25T15:01:01.211363+00:00,,2026-09-25T15:01:01.212363+00:00,,2026-09-25T15:01:01.214363+00:00,,2026-09-25T15:01:01.215363+00:00,,2026-09-25T15:01:01.216363+00:00,,2026-09-25T15:01:01.217363+00:00,,2026-09-25T15:01:01.218364+00:00,,2026-09-25T15:01:01.219364+00:00,,2026-09-25T15:01:01.220364+00:00,,2026-09-25T15:01:01.209363+00:00,,2026-09-25T15:01:01.210363+00:00,,2026-09-25T15:01:01.223364+00:00,,2026-09-25T15:01:01.224364+00:00,,2026-09-25T15:01:01.225364+00:00,,2026-09-25T15:01:01.226364+00:00,
103,2026-09-25T13:31:56.615352+00:00,2026-09-25T15:01:01.586385+00:00,102.006,2026-09-25T15:01:01.484379+00:00,,2026-09-25T15:01:01.504380+00:00,,2026-09-25T15:01:01.505380+00:00,,2026-09-25T15:01:01.506380+00:00,,2026-09-25T15:01:01.507380+00:00,,2026-09-25T15:01:01.508380+00:00,,2026-09-25T15:01:01.509380+00:00,,2026-09-25T15:01:01.510380+00:00,,2026-09-25T15:01:01.511380+00:00,,2026-09-25T15:01:01.512380+00:00,,2026-09-25T15:01:01.513380+00:00,,2026-09-25T15:01:01.514380+00:00,,2026-09-25T15:01:01.515380+00:00,,2026-09-25T15:01:01.516381+00:00,,2026-09-25T15:01:01.517381+00:00,,2026-09-25T15:01:01.518381+00:00,,2026-09-25T15:01:01.519381+00:00,,2026-09-25T15:01:01.520381+00:00,,2026-09-25T15:01:01.532381+00:00,,2026-09-25T15:01:01.522381+00:00,,2026-09-25T15:01:01.523381+00:00,,2026-09-25T15:01:01.524381+00:00,,2026-09-25T15:01:01.525381+00:00,,2026-09-25T15:01:01.526381+00:00,,2026-09-25T15:01:01.527381+00:00,,2026-09-25T15:01:01.528381+00:00,,2026-09-25T15:01:01.529381+00:00,,2026-09-25T15:01:01.530381+00:00,,2026-09-25T15:01:01.531381+00:00,,2026-09-25T15:01:01.521381+00:00,,2026-09-25T15:01:01.533382+00:00,,2026-09-25T15:01:01.534382+00:00,,2026-09-25T15:01:01.535382+00:00,,2026-09-25T15:01:01.547382+00:00,,2026-09-25T15:01:01.537382+00:00,,2026-09-25T15:01:01.538382+00:00,,2026-09-25T15:01:01.539382+00:00,,2026-09-25T15:01:01.540382+00:00,,2026-09-25T15:01:01.541382+00:00,,2026-09-25T15:01:01.542382+00:00,,2026-09-25T15:01:01.543382+00:00,,2026-09-25T15:01:01.544382+00:00,,2026-09-25T15:01:01.545382+00:00,,2026-09-25T15:01:01.546382+00:00,,2026-09-25T15:01:01.536382+00:00,,2026-09-25T15:01:01.548382+00:00,,2026-09-25T15:01:01.549382+00:00,,2026-09-25T15:01:01.550382+00:00,,2026-09-25T15:01:01.562383+00:00,,2026-09-25T15:01:01.552383+00:00,,2026-09-25T15:01:01.553383+00:00,,2026-09-25T15:01:01.554383+00:00,,2026-09-25T15:01:01.555383+00:00,,2026-09-25T15:01:01.556383+00:00,,2026-09-25T15:01:01.568384+00:00,,2026-09-25T15:01:01.558383+00:00,,2026-09-25T15:01:01.559383+00:00,,2026-09-25T15:01:01.560383+00:00,,2026-09-25T15:01:01.561383+00:00,,2026-09-25T15:01:01.563383+00:00,,2026-09-25T15:01:01.564383+00:00,,2026-09-25T15:01:01.565383+00:00,,2026-09-25T15:01:01.566383+00:00,,2026-09-25T15:01:01.567383+00:00,,2026-09-25T15:01:01.557383+00:00,,2026-09-25T15:01:01.569384+00:00,,2026-09-25T15:01:01.570384+00:00,,2026-09-25T15:01:01.571384+00:00,,2026-09-25T15:01:01.572384+00:00,,2026-09-25T15:01:01.573384+00:00,,2026-09-25T15:01:01.574384+00:00,,2026-09-25T15:01:01.575384+00:00,,2026-09-25T15:01:01.576384+00:00,,2026-09-25T15:01:01.577384+00:00,,2026-09-25T15:01:01.578384+00:00,,2026-09-25T15:01:01.579384+00:00,,2026-09-25T15:01:01.580384+00:00,,2026-09-25T15:01:01.581384+00:00,,2026-09-25T15:01:01.582384+00:00,,2026-09-25T15:01:01.583384+00:00,,2026-09-25T15:01:01.584384+00:00,,2026-09-25T15:01:01.585385+00:00,,2026-09-25T15:01:01.586385+00:00,
104,2026-09-25T13:31:56.982178+00:00,2026-09-25T15:01:01.971407+00:00,102.006,2026-09-25T15:01:01.869401+00:00,,2026-09-25T15:01:01.884402+00:00,,2026-09-25T15:01:01.896402+00:00,,2026-09-25T15:01:01.886402+00:00,,2026-09-25T15:01:01.887402+00:00,,2026-09-25T15:01:01.888402+00:00,,2026-09-25T15:01:01.889402+00:00,,2026-09-25T15:01:01.890402+00:00,,2026-09-25T15:01:01.891402+00:00,,2026-09-25T15:01:01.892402+00:00,,2026-09-25T15:01:01.893402+00:00,,2026-09-25T15:01:01.894402+00:00,,2026-09-25T15:01:01.895402+00:00,,2026-09-25T15:01:01.885402+00:00,,2026-09-25T15:01:01.897402+00:00,,2026-09-25T15:01:01.898402+00:00,,2026-09-25T15:01:01.899402+00:00,,2026-09-25T15:01:01.900403+00:00,,2026-09-25T15:01:01.912403+00:00,,2026-09-25T15:01:01.902403+00:00,,2026-09-25T15:01:01.903403+00:00,,2026-09-25T15:01:01.904403+00:00,,2026-09-25T15:01:01.905403+00:00,,2026-09-25T15:01:01.906403+00:00,,2026-09-25T15:01:01.907403+00:00,,2026-09-25T15:01:01.908403+00:00,,2026-09-25T15:01:01.909403+00:00,,2026-09-25T15:01:01.910403+00:00,,2026-09-25T15:01:01.911403+00:00,,2026-09-25T15:01:01.913403+00:00,,2026-09-25T15:01:01.914403+00:00,,2026-09-25T15:01:01.915403+00:00,,2026-09-25T15:01:01.916403+00:00,,2026-09-25T15:01:01.917403+00:00,,2026-09-25T15:01:01.918404+00:00,,2026-09-25T15:01:01.919404+00:00,,2026-09-25T15:01:01.920404+00:00,,2026-09-25T15:01:01.921404+00:00,,2026-09-25T15:01:01.922404+00:00,,2026-09-25T15:01:01.923404+00:00,,2026-09-25T15:01:01.924404+00:00,,2026-09-25T15:01:01.925404+00:00,,2026-09-25T15:01:01.926404+00:00,,2026-09-25T15:01:01.927404+00:00,,2026-09-25T15:01:01.928404+00:00,,2026-09-25T15:01:01.929404+00:00,,2026-09-25T15:01:01.930404+00:00,,2026-09-25T15:01:01.931404+00:00,,2026-09-25T15:01:01.932404+00:00,,2026-09-25T15:01:01.933404+00:00,,2026-09-25T15:01:01.934404+00:00,,2026-09-25T15:01:01.935405+00:00,,2026-09-25T15:01:01.947405+00:00,,2026-09-25T15:01:01.937405+00:00,,2026-09-25T15:01:01.938405+00:00,,2026-09-25T15:01:01.939405+00:00,,2026-09-25T15:01:01.940405+00:00,,2026-09-25T15:01:01.941405+00:00,,2026-09-25T15:01:01.942405+00:00,,2026-09-25T15:01:01.943405+00:00,,2026-09-25T15:01:01.944405+00:00,,2026-09-25T15:01:01.945405+00:00,,2026-09-25T15:01:01.946405+00:00,,2026-09-25T15:01:01.936405+00:00,,2026-09-25T15:01:01.948405+00:00,,2026-09-25T15:01:01.949405+00:00,,2026-09-25T15:01:01.950405+00:00,,2026-09-25T15:01:01.962406+00:00,,2026-09-25T15:01:01.952405+00:00,,2026-09-25T15:01:01.953406+00:00,,2026-09-25T15:01:01.954406+00:00,,2026-09-25T15:01:01.955406+00:00,,2026-09-25T15:01:01.956406+00:00,,2026-09-25T15:01:01.957406+00:00,,2026-09-25T15:01:01.958406+00:00,,2026-09-25T15:01:01.959406+00:00,,2026-09-25T15:01:01.960406+00:00,,2026-09-25T15:01:01.961406+00:00,,2026-09-25T15:01:01.963406+00:00,,2026-09-25T15:01:01.964406+00:00,,2026-09-25T15:01:01.965406+00:00,,2026-09-25T15:01:01.966406+00:00,,2026-09-25T15:01:01.971407+00:00,
105,2026-09-25T13:31:57.422689+00:00,2026-09-25T15:01:02.412432+00:00,96.006,2026-09-25T15:01:02.316426+00:00,,2026-09-25T15:01:02.317426+00:00,,2026-09-25T15:01:02.318426+00:00,,2026-09-25T15:01:02.319426+00:00,,2026-09-25T15:01:02.320427+00:00,,2026-09-25T15:01:02.321427+00:00,,2026-09-25T15:01:02.322427+00:00,,2026-09-25T15:01:02.346428+00:00,,2026-09-25T15:01:02.324427+00:00,,2026-09-25T15:01:02.337428+00:00,,2026-09-25T15:01:02.338428+00:00,,2026-09-25T15:01:02.339428+00:00,,2026-09-25T15:01:02.328427+00:00,,2026-09-25T15:01:02.329427+00:00,,2026-09-25T15:01:02.342428+00:00,,2026-09-25T15:01:02.332427+00:00,,2026-09-25T15:01:02.333427+00:00,,2026-09-25T15:01:02.323427+00:00,,2026-09-25T15:01:02.336427+00:00,,2026-09-25T15:01:02.325427+00:00,,2026-09-25T15:01:02.326427+00:00,,2026-09-25T15:01:02.327427+00:00,,2026-09-25T15:01:02.340428+00:00,,2026-09-25T15:01:02.341428+00:00,,2026-09-25T15:01:02.330427+00:00,,2026-09-25T15:01:02.343428+00:00,,2026-09-25T15:01:02.344428+00:00,,2026-09-25T15:01:02.345428+00:00,,2026-09-25T15:01:02.335427+00:00,,2026-09-25T15:01:02.347428+00:00,,2026-09-25T15:01:02.348428+00:00,,2026-09-25T15:01:02.349428+00:00,,2026-09-25T15:01:02.350428+00:00,,2026-09-25T15:01:02.362429+00:00,,2026-09-25T15:01:02.352428+00:00,,2026-09-25T15:01:02.353428+00:00,,2026-09-25T15:01:02.354428+00:00,,2026-09-25T15:01:02.355429+00:00,,2026-09-25T15:01:02.356429+00:00,,2026-09-25T15:01:02.357429+00:00,,2026-09-25T15:01:02.358429+00:00,,2026-09-25T15:01:02.359429+00:00,,2026-09-25T15:01:02.360429+00:00,,2026-09-25T15:01:02.361429+00:00,,2026-09-25T15:01:02.363429+00:00,,2026-09-25T15:01:02.364429+00:00,,2026-09-25T15:01:02.365429+00:00,,2026-09-25T15:01:02.366429+00:00,,2026-09-25T15:01:02.367429+00:00,,2026-09-25T15:01:02.368429+00:00,,2026-09-25T15:01:02.369429+00:00,,2026-09-25T15:01:02.370429+00:00,,2026-09-25T15:01:02.371429+00:00,,2026-09-25T15:01:02.372430+00:00,,2026-09-25T15:01:02.373430+00:00,,2026-09-25T15:01:02.374430+00:00,,2026-09-25T15:01:02.375430+00:00,,2026-09-25T15:01:02.376430+00:00,,2026-09-25T15:01:02.377430+00:00,,2026-09-25T15:01:02.378430+00:00,,2026-09-25T15:01:02.379430+00:00,,2026-09-25T15:01:02.380430+00:00,,2026-09-25T15:01:02.381430+00:00,,2026-09-25T15:01:02.382430+00:00,,2026-09-25T15:01:02.383430+00:00,,2026-09-25T15:01:02.384430+00:00,,2026-09-25T15:01:02.385430+00:00,,2026-09-25T15:01:02.386430+00:00,,2026-09-25T15:01:02.387430+00:00,,2026-09-25T15:01:02.388430+00:00,,2026-09-25T15:01:02.389430+00:00,,2026-09-25T15:01:02.390431+00:00,,2026-09-25T15:01:02.402431+00:00,,2026-09-25T15:01:02.392431+00:00,,2026-09-25T15:01:02.393431+00:00,,2026-09-25T15:01:02.394431+00:00,,2026-09-25T15:01:02.406431+00:00,,2026-09-25T15:01:02.396431+00:00,,2026-09-25T15:01:02.397431+00:00,,2026-09-25T15:01:02.398431+00:00,,2026-09-25T15:01:02.399431+00:00,,2026-09-25T15:01:02.400431+00:00,,2026-09-25T15:01:02.412432+00:00,
106,2026-09-25T13:31:57.795855+00:00,2026-09-25T15:01:02.783453+00:00,117.007,2026-09-25T15:01:02.666446+00:00,,2026-09-25T15:01:02.690448+00:00,,2026-09-25T15:01:02.691448+00:00,,2026-09-25T15:01:02.692448+00:00,,2026-09-25T15:01:02.693448+00:00,,2026-09-25T15:01:02.694448+00:00,,2026-09-25T15:01:02.695448+00:00,,2026-09-25T15:01:02.696448+00:00,,2026-09-25T15:01:02.697448+00:00,,2026-09-25T15:01:02.698448+00:00,,2026-09-25T15:01:02.699448+00:00,,2026-09-25T15:01:02.700448+00:00,,2026-09-25T15:01:02.713449+00:00,,2026-09-25T15:01:02.702448+00:00,,2026-09-25T15:01:02.703448+00:00,,2026-09-25T15:01:02.704449+00:00,,2026-09-25T15:01:02.705449+00:00,,2026-09-25T15:01:02.706449+00:00,,2026-09-25T15:01:02.707449+00:00,,2026-09-25T15:01:02.708449+00:00,,2026-09-25T15:01:02.709449+00:00,,2026-09-25T15:01:02.710449+00:00,,2026-09-25T15:01:02.711449+00:00,,2026-09-25T15:01:02.701448+00:00,,2026-09-25T15:01:02.714449+00:00,,2026-09-25T15:01:02.715449+00:00,,2026-09-25T15:01:02.716449+00:00,,2026-09-25T15:01:02.717449+00:00,,2026-09-25T15:01:02.718449+00:00,,2026-09-25T15:01:02.719449+00:00,,2026-09-25T15:01:02.720449+00:00,,2026-09-25T15:01:02.721449+00:00,,2026-09-25T15:01:02.722450+00:00,,2026-09-25T15:01:02.734450+00:00,,2026-09-25T15:01:02.735450+00:00,,2026-09-25T15:01:02.725450+00:00,,2026-09-25T15:01:02.726450+00:00,,2026-09-25T15:01:02.727450+00:00,,2026-09-25T15:01:02.728450+00:00,,2026-09-25T15:01:02.729450+00:00,,2026-09-25T15:01:02.730450+00:00,,2026-09-25T15:01:02.731450+00:00,,2026-09-25T15:01:02.732450+00:00,,2026-09-25T15:01:02.733450+00:00,,2026-09-25T15:01:02.723450+00:00,,2026-09-25T15:01:02.724450+00:00,,2026-09-25T15:01:02.736450+00:00,,2026-09-25T15:01:02.737450+00:00,,2026-09-25T15:01:02.738450+00:00,,2026-09-25T15:01:02.753451+00:00,,2026-09-25T15:01:02.740451+00:00,,2026-09-25T15:01:02.741451+00:00,,2026-09-25T15:01:02.742451+00:00,,2026-09-25T15:01:02.769452+00:00,,2026-09-25T15:01:02.758452+00:00,,2026-09-25T15:01:02.748451+00:00,,2026-09-25T15:01:02.749451+00:00,,2026-09-25T15:01:02.750451+00:00,,2026-09-25T15:01:02.762452+00:00,,2026-09-25T15:01:02.752451+00:00,,2026-09-25T15:01:02.739451+00:00,,2026-09-25T15:01:02.754451+00:00,,2026-09-25T15:01:02.755451+00:00,,2026-09-25T15:01:02.767452+00:00,,2026-09-25T15:01:02.744451+00:00,,2026-09-25T15:01:02.746451+00:00,,2026-09-25T15:01:02.759452+00:00,,2026-09-25T15:01:02.760452+00:00,,2026-09-25T15:01:02.761452+00:00,,2026-09-25T15:01:02.763452+00:00,,2026-09-25T15:01:02.764452+00:00,,2026-09-25T15:01:02.765452+00:00,,2026-09-25T15:01:02.766452+00:00,,2026-09-25T15:01:02.756451+00:00,,2026-09-25T15:01:02.757452+00:00,,2026-09-25T15:01:02.783453+00:00,,2026-09-25T15:01:02.773452+00:00,,2026-09-25T15:01:02.774453+00:00,,2026-09-25T15:01:02.775453+00:00,,2026-09-25T15:01:02.776453+00:00,,2026-09-25T15:01:02.777453+00:00,,2026-09-25T15:01:02.778453+00:00,,2026-09-25T15:01:02.779453+00:00,
107,2026-09-25T13:31:58.271994+00:00,2026-09-25T15:01:03.261480+00:00,130.007,2026-09-25T15:01:03.131473+00:00,,2026-09-25T15:01:03.149474+00:00,,2026-09-25T15:01:03.138473+00:00,,2026-09-25T15:01:03.139473+00:00,,2026-09-25T15:01:03.140473+00:00,,2026-09-25T15:01:03.141474+00:00,,2026-09-25T15:01:03.154474+00:00,,2026-09-25T15:01:03.155474+00:00,,2026-09-25T15:01:03.144474+00:00,,2026-09-25T15:01:03.157474+00:00,,2026-09-25T15:01:03.147474+00:00,,2026-09-25T15:01:03.148474+00:00,,2026-09-25T15:01:03.137473+00:00,,2026-09-25T15:01:03.161475+00:00,,2026-09-25T15:01:03.151474+00:00,,2026-09-25T15:01:03.152474+00:00,,2026-09-25T15:01:03.153474+00:00,,2026-09-25T15:01:03.142474+00:00,,2026-09-25T15:01:03.143474+00:00,,2026-09-25T15:01:03.156474+00:00,,2026-09-25T15:01:03.146474+00:00,,2026-09-25T15:01:03.158474+00:00,,2026-09-25T15:01:03.170475+00:00,,2026-09-25T15:01:03.160475+00:00,,2026-09-25T15:01:03.162475+00:00,,2026-09-25T15:01:03.163475+00:00,,2026-09-25T15:01:03.164475+00:00,,2026-09-25T15:01:03.165475+00:00,,2026-09-25T15:01:03.166475+00:00,,2026-09-25T15:01:03.167475+00:00,,2026-09-25T15:01:03.168475+00:00,,2026-09-25T15:01:03.169475+00:00,,2026-09-25T15:01:03.159475+00:00,,2026-09-25T15:01:03.171475+00:00,,2026-09-25T15:01:03.172475+00:00,,2026-09-25T15:01:03.173475+00:00,,2026-09-25T15:01:03.174475+00:00,,2026-09-25T15:01:03.175475+00:00,,2026-09-25T15:01:03.176476+00:00,,2026-09-25T15:01:03.177476+00:00,,2026-09-25T15:01:03.178476+00:00,,2026-09-25T15:01:03.179476+00:00,,2026-09-25T15:01:03.180476+00:00,,2026-09-25T15:01:03.181476+00:00,,2026-09-25T15:01:03.182476+00:00,,2026-09-25T15:01:03.183476+00:00,,2026-09-25T15:01:03.184476+00:00,,2026-09-25T15:01:03.185476+00:00,,2026-09-25T15:01:03.186476+00:00,,2026-09-25T15:01:03.187476+00:00,,2026-09-25T15:01:03.188476+00:00,,2026-09-25T15:01:03.189476+00:00,,2026-09-25T15:01:03.190476+00:00,,2026-09-25T15:01:03.191476+00:00,,2026-09-25T15:01:03.192476+00:00,,2026-09-25T15:01:03.193476+00:00,,2026-09-25T15:01:03.194477+00:00,,2026-09-25T15:01:03.195477+00:00,,2026-09-25T15:01:03.196477+00:00,,2026-09-25T15:01:03.197477+00:00,,2026-09-25T15:01:03.198477+00:00,,2026-09-25T15:01:03.199477+00:00,,2026-09-25T15:01:03.211478+00:00,,2026-09-25T15:01:03.201477+00:00,,2026-09-25T15:01:03.202477+00:00,,2026-09-25T15:01:03.203477+00:00,,2026-09-25T15:01:03.204477+00:00,,2026-09-25T15:01:03.206477+00:00,,2026-09-25T15:01:03.208477+00:00,,2026-09-25T15:01:03.210477+00:00,,2026-09-25T15:01:03.213478+00:00,,2026-09-25T15:01:03.215478+00:00,,2026-09-25T15:01:03.217478+00:00,,2026-09-25T15:01:03.219478+00:00,,2026-09-25T15:01:03.221478+00:00,,2026-09-25T15:01:03.223478+00:00,,2026-09-25T15:01:03.225478+00:00,,2026-09-25T15:01:03.227478+00:00,,2026-09-25T15:01:03.229479+00:00,,2026-09-25T15:01:03.231479+00:00,,2026-09-25T15:01:03.233479+00:00,,2026-09-25T15:01:03.235479+00:00,,2026-09-25T15:01:03.261480+00:00,
108,2026-09-25T13:31:58.622049+00:00,2026-09-25T15:01:03.611500+00:00,95.00500000000001,2026-09-25T15:01:03.516495+00:00,,2026-09-25T15:01:03.519495+00:00,,2026-09-25T15:01:03.520495+00:00,,2026-09-25T15:01:03.521495+00:00,,2026-09-25T15:01:03.522495+00:00,,2026-09-25T15:01:03.523495+00:00,,2026-09-25T15:01:03.524495+00:00,,2026-09-25T15:01:03.525495+00:00,,2026-09-25T15:01:03.526496+00:00,,2026-09-25T15:01:03.527496+00:00,,2026-09-25T15:01:03.528496+00:00,,2026-09-25T15:01:03.529496+00:00,,2026-09-25T15:01:03.530496+00:00,,2026-09-25T15:01:03.531496+00:00,,2026-09-25T15:01:03.532496+00:00,,2026-09-25T15:01:03.533496+00:00,,2026-09-25T15:01:03.534496+00:00,,2026-09-25T15:01:03.535496+00:00,,2026-09-25T15:01:03.536496+00:00,,2026-09-25T15:01:03.537496+00:00,,2026-09-25T15:01:03.538496+00:00,,2026-09-25T15:01:03.539496+00:00,,2026-09-25T15:01:03.540496+00:00,,2026-09-25T15:01:03.541496+00:00,,2026-09-25T15:01:03.542496+00:00,,2026-09-25T15:01:03.543496+00:00,,2026-09-25T15:01:03.544497+00:00,,2026-09-25T15:01:03.545497+00:00,,2026-09-25T15:01:03.546497+00:00,,2026-09-25T15:01:03.547497+00:00,,2026-09-25T15:01:03.548497+00:00,,2026-09-25T15:01:03.561498+00:00,,2026-09-25T15:01:03.551497+00:00,,2026-09-25T15:01:03.552497+00:00,,2026-09-25T15:01:03.553497+00:00,,2026-09-25T15:01:03.554497+00:00,,2026-09-25T15:01:03.555497+00:00,,2026-09-25T15:01:03.556497+00:00,,2026-09-25T15:01:03.557497+00:00,,2026-09-25T15:01:03.558497+00:00,,2026-09-25T15:01:03.559497+00:00,,2026-09-25T15:01:03.560497+00:00,,2026-09-25T15:01:03.550497+00:00,,2026-09-25T15:01:03.563498+00:00,,2026-09-25T15:01:03.575498+00:00,,2026-09-25T15:01:03.565498+00:00,,2026-09-25T15:01:03.566498+00:00,,2026-09-25T15:01:03.578498+00:00,,2026-09-25T15:01:03.579499+00:00,,2026-09-25T15:01:03.580499+00:00,,2026-09-25T15:01:03.581499+00:00,,2026-09-25T15:01:03.583499+00:00,,2026-09-25T15:01:03.572498+00:00,,2026-09-25T15:01:03.573498+00:00,,2026-09-25T15:01:03.574498+00:00,,2026-09-25T15:01:03.564498+00:00,,2026-09-25T15:01:03.576498+00:00,,2026-09-25T15:01:03.577498+00:00,,2026-09-25T15:01:03.567498+00:00,,2026-09-25T15:01:03.568498+00:00,,2026-09-25T15:01:03.569498+00:00,,2026-09-25T15:01:03.570498+00:00,,2026-09-25T15:01:03.571498+00:00,,2026-09-25T15:01:03.584499+00:00,,2026-09-25T15:01:03.596500+00:00,,2026-09-25T15:01:03.586499+00:00,,2026-09-25T15:01:03.598500+00:00,,2026-09-25T15:01:03.588499+00:00,,2026-09-25T15:01:03.589499+00:00,,2026-09-25T15:01:03.590499+00:00,,2026-09-25T15:01:03.591499+00:00,,2026-09-25T15:01:03.592499+00:00,,2026-09-25T15:01:03.593499+00:00,,2026-09-25T15:01:03.594499+00:00,,2026-09-25T15:01:03.595499+00:00,,2026-09-25T15:01:03.585499+00:00,,2026-09-25T15:01:03.597500+00:00,,2026-09-25T15:01:03.587499+00:00,,2026-09-25T15:01:03.599500+00:00,,2026-09-25T15:01:03.611500+00:00,,2026-09-25T15:01:03.601500+00:00,,2026-09-25T15:01:03.602500+00:00,,2026-09-25T15:01:03.603500+00:00,
109,2026-09-25T13:31:58.996023+00:00,2026-09-25T15:01:03.983522+00:00,108.007,2026-09-25T15:01:03.875515+00:00,,2026-09-25T15:01:03.885516+00:00,,2026-09-25T15:01:03.886516+00:00,,2026-09-25T15:01:03.887516+00:00,,2026-09-25T15:01:03.888516+00:00,,2026-09-25T15:01:03.889516+00:00,,2026-09-25T15:01:03.890516+00:00,,2026-09-25T15:01:03.891516+00:00,,2026-09-25T15:01:03.892516+00:00,,2026-09-25T15:01:03.893517+00:00,,2026-09-25T15:01:03.895517+00:00,,2026-09-25T15:01:03.896517+00:00,,2026-09-25T15:01:03.897517+00:00,,2026-09-25T15:01:03.898517+00:00,,2026-09-25T15:01:03.899517+00:00,,2026-09-25T15:01:03.900517+00:00,,2026-09-25T15:01:03.901517+00:00,,2026-09-25T15:01:03.902517+00:00,,2026-09-25T15:01:03.903517+00:00,,2026-09-25T15:01:03.904517+00:00,,2026-09-25T15:01:03.905517+00:00,,2026-09-25T15:01:03.906517+00:00,,2026-09-25T15:01:03.920518+00:00,,2026-09-25T15:01:03.909517+00:00,,2026-09-25T15:01:03.910517+00:00,,2026-09-25T15:01:03.911518+00:00,,2026-09-25T15:01:03.913518+00:00,,2026-09-25T15:01:03.914518+00:00,,2026-09-25T15:01:03.915518+00:00,,2026-09-25T15:01:03.916518+00:00,,2026-09-25T15:01:03.917518+00:00,,2026-09-25T15:01:03.918518+00:00,,2026-09-25T15:01:03.919518+00:00,,2026-09-25T15:01:03.908517+00:00,,2026-09-25T15:01:03.921518+00:00,,2026-09-25T15:01:03.922518+00:00,,2026-09-25T15:01:03.923518+00:00,,2026-09-25T15:01:03.924518+00:00,,2026-09-25T15:01:03.925518+00:00,,2026-09-25T15:01:03.926518+00:00,,2026-09-25T15:01:03.927518+00:00,,2026-09-25T15:01:03.928519+00:00,,2026-09-25T15:01:03.929519+00:00,,2026-09-25T15:01:03.930519+00:00,,2026-09-25T15:01:03.931519+00:00,,2026-09-25T15:01:03.932519+00:00,,2026-09-25T15:01:03.933519+00:00,,2026-09-25T15:01:03.934519+00:00,,2026-09-25T15:01:03.935519+00:00,,2026-09-25T15:01:03.936519+00:00,,2026-09-25T15:01:03.937519+00:00,,2026-09-25T15:01:03.938519+00:00,,2026-09-25T15:01:03.939519+00:00,,2026-09-25T15:01:03.940519+00:00,,2026-09-25T15:01:03.941519+00:00,,2026-09-25T15:01:03.942519+00:00,,2026-09-25T15:01:03.943519+00:00,,2026-09-25T15:01:03.944519+00:00,,2026-09-25T15:01:03.945519+00:00,,2026-09-25T15:01:03.946520+00:00,,2026-09-25T15:01:03.947520+00:00,,2026-09-25T15:01:03.948520+00:00,,2026-09-25T15:01:03.949520+00:00,,2026-09-25T15:01:03.962520+00:00,,2026-09-25T15:01:03.951520+00:00,,2026-09-25T15:01:03.952520+00:00,,2026-09-25T15:01:03.953520+00:00,,2026-09-25T15:01:03.966521+00:00,,2026-09-25T15:01:03.956520+00:00,,2026-09-25T15:01:03.957520+00:00,,2026-09-25T15:01:03.958520+00:00,,2026-09-25T15:01:03.959520+00:00,,2026-09-25T15:01:03.960520+00:00,,2026-09-25T15:01:03.961520+00:00,,2026-09-25T15:01:03.963521+00:00,,2026-09-25T15:01:03.964521+00:00,,2026-09-25T15:01:03.965521+00:00,,2026-09-25T15:01:03.955520+00:00,,2026-09-25T15:01:03.967521+00:00,,2026-09-25T15:01:03.968521+00:00,,2026-09-25T15:01:03.981522+00:00,,2026-09-25T15:01:03.971521+00:00,,2026-09-25T15:01:03.983522+00:00,
110,2026-09-25T13:31:59.344942+00:00,2026-09-25T15:01:04.334542+00:00,95.006,2026-09-25T15:01:04.239536+00:00,,2026-09-25T15:01:04.243537+00:00,,2026-09-25T15:01:04.244537+00:00,,2026-09-25T15:01:04.246537+00:00,,2026-09-25T15:01:04.247537+00:00,,2026-09-25T15:01:04.248537+00:00,,2026-09-25T15:01:04.262538+00:00,,2026-09-25T15:01:04.250537+00:00,,2026-09-25T15:01:04.264538+00:00,,2026-09-25T15:01:04.253537+00:00,,2026-09-25T15:01:04.266538+00:00,,2026-09-25T15:01:04.268538+00:00,,2026-09-25T15:01:04.269538+00:00,,2026-09-25T15:01:04.270538+00:00,,2026-09-25T15:01:04.271538+00:00,,2026-09-25T15:01:04.272538+00:00,,2026-09-25T15:01:04.261538+00:00,,2026-09-25T15:01:04.263538+00:00,,2026-09-25T15:01:04.252537+00:00,,2026-09-25T15:01:04.265538+00:00,,2026-09-25T15:01:04.254537+00:00,,2026-09-25T15:01:04.255537+00:00,,2026-09-25T15:01:04.257537+00:00,,2026-09-25T15:01:04.258537+00:00,,2026-09-25T15:01:04.259537+00:00,,2026-09-25T15:01:04.260538+00:00,,2026-09-25T15:01:04.273538+00:00,,2026-09-25T15:01:04.274538+00:00,,2026-09-25T15:01:04.275538+00:00,,2026-09-25T15:01:04.276538+00:00,,2026-09-25T15:01:04.277538+00:00,,2026-09-25T15:01:04.278539+00:00,,2026-09-25T15:01:04.279539+00:00,,2026-09-25T15:01:04.280539+00:00,,2026-09-25T15:01:04.281539+00:00,,2026-09-25T15:01:04.282539+00:00,,2026-09-25T15:01:04.284539+00:00,,2026-09-25T15:01:04.286539+00:00,,2026-09-25T15:01:04.287539+00:00,,2026-09-25T15:01:04.288539+00:00,,2026-09-25T15:01:04.289539+00:00,,2026-09-25T15:01:04.290539+00:00,,2026-09-25T15:01:04.291539+00:00,,2026-09-25T15:01:04.292539+00:00,,2026-09-25T15:01:04.305540+00:00,,2026-09-25T15:01:04.306540+00:00,,2026-09-25T15:01:04.296540+00:00,,2026-09-25T15:01:04.297540+00:00,,2026-09-25T15:01:04.298540+00:00,,2026-09-25T15:01:04.310540+00:00,,2026-09-25T15:01:04.300540+00:00,,2026-09-25T15:01:04.301540+00:00,,2026-09-25T15:01:04.313541+00:00,,2026-09-25T15:01:04.303540+00:00,,2026-09-25T15:01:04.304540+00:00,,2026-09-25T15:01:04.294539+00:00,,2026-09-25T15:01:04.295540+00:00,,2026-09-25T15:01:04.307540+00:00,,2026-09-25T15:01:04.308540+00:00,,2026-09-25T15:01:04.309540+00:00,,2026-09-25T15:01:04.311540+00:00,,2026-09-25T15:01:04.312540+00:00,,2026-09-25T15:01:04.302540+00:00,,2026-09-25T15:01:04.314541+00:00,,2026-09-25T15:01:04.315541+00:00,,2026-09-25T15:01:04.316541+00:00,,2026-09-25T15:01:04.317541+00:00,,2026-09-25T15:01:04.318541+00:00,,2026-09-25T15:01:04.319541+00:00,,2026-09-25T15:01:04.320541+00:00,,2026-09-25T15:01:04.333542+00:00,,2026-09-25T15:01:04.322541+00:00,,2026-09-25T15:01:04.323541+00:00,,2026-09-25T15:01:04.324541+00:00,,2026-09-25T15:01:04.325541+00:00,,2026-09-25T15:01:04.326541+00:00,,2026-09-25T15:01:04.327541+00:00,,2026-09-25T15:01:04.328541+00:00,,2026-09-25T15:01:04.329541+00:00,,2026-09-25T15:01:04.331542+00:00,,2026-09-25T15:01:04.332542+00:00,,2026-09-25T15:01:04.321541+00:00,,2026-09-25T15:01:04.334542+00:00,
111,2026-09-25T13:31:59.706135+00:00,2026-09-25T15:01:04.680562+00:00,92.006,2026-09-25T15:01:04.588556+00:00,,2026-09-25T15:01:04.592557+00:00,,2026-09-25T15:01:04.593557+00:00,,2026-09-25T15:01:04.594557+00:00,,2026-09-25T15:01:04.596557+00:00,,2026-09-25T15:01:04.597557+00:00,,2026-09-25T15:01:04.598557+00:00,,2026-09-25T15:01:04.599557+00:00,,2026-09-25T15:01:04.600557+00:00,,2026-09-25T15:01:04.613558+00:00,,2026-09-25T15:01:04.602557+00:00,,2026-09-25T15:01:04.603557+00:00,,2026-09-25T15:01:04.604557+00:00,,2026-09-25T15:01:04.605557+00:00,,2026-09-25T15:01:04.606557+00:00,,2026-09-25T15:01:04.607557+00:00,,2026-09-25T15:01:04.608557+00:00,,2026-09-25T15:01:04.609557+00:00,,2026-09-25T15:01:04.611558+00:00,,2026-09-25T15:01:04.612558+00:00,,2026-09-25T15:01:04.601557+00:00,,2026-09-25T15:01:04.614558+00:00,,2026-09-25T15:01:04.615558+00:00,,2026-09-25T15:01:04.616558+00:00,,2026-09-25T15:01:04.617558+00:00,,2026-09-25T15:01:04.618558+00:00,,2026-09-25T15:01:04.632559+00:00,,2026-09-25T15:01:04.620558+00:00,,2026-09-25T15:01:04.621558+00:00,,2026-09-25T15:01:04.622558+00:00,,2026-09-25T15:01:04.623558+00:00,,2026-09-25T15:01:04.624558+00:00,,2026-09-25T15:01:04.626558+00:00,,2026-09-25T15:01:04.627559+00:00,,2026-09-25T15:01:04.628559+00:00,,2026-09-25T15:01:04.629559+00:00,,2026-09-25T15:01:04.631559+00:00,,2026-09-25T15:01:04.619558+00:00,,2026-09-25T15:01:04.633559+00:00,,2026-09-25T15:01:04.634559+00:00,,2026-09-25T15:01:04.635559+00:00,,2026-09-25T15:01:04.636559+00:00,,2026-09-25T15:01:04.637559+00:00,,2026-09-25T15:01:04.638559+00:00,,2026-09-25T15:01:04.639559+00:00,,2026-09-25T15:01:04.640559+00:00,,2026-09-25T15:01:04.641559+00:00,,2026-09-25T15:01:04.642559+00:00,,2026-09-25T15:01:04.644559+00:00,,2026-09-25T15:01:04.645560+00:00,,2026-09-25T15:01:04.646560+00:00,,2026-09-25T15:01:04.659560+00:00,,2026-09-25T15:01:04.648560+00:00,,2026-09-25T15:01:04.661560+00:00,,2026-09-25T15:01:04.650560+00:00,,2026-09-25T15:01:04.651560+00:00,,2026-09-25T15:01:04.652560+00:00,,2026-09-25T15:01:04.653560+00:00,,2026-09-25T15:01:04.654560+00:00,,2026-09-25T15:01:04.655560+00:00,,2026-09-25T15:01:04.657560+00:00,,2026-09-25T15:01:04.658560+00:00,,2026-09-25T15:01:04.647560+00:00,,2026-09-25T15:01:04.660560+00:00,,2026-09-25T15:01:04.662561+00:00,,2026-09-25T15:01:04.663561+00:00,,2026-09-25T15:01:04.664561+00:00,,2026-09-25T15:01:04.665561+00:00,,2026-09-25T15:01:04.666561+00:00,,2026-09-25T15:01:04.667561+00:00,,2026-09-25T15:01:04.668561+00:00,,2026-09-25T15:01:04.669561+00:00,,2026-09-25T15:01:04.670561+00:00,,2026-09-25T15:01:04.671561+00:00,,2026-09-25T15:01:04.672561+00:00,,2026-09-25T15:01:04.673561+00:00,,2026-09-25T15:01:04.674561+00:00,,2026-09-25T15:01:04.675561+00:00,,2026-09-25T15:01:04.676561+00:00,,2026-09-25T15:01:04.677561+00:00,,2026-09-25T15:01:04.678561+00:00,,2026-09-25T15:01:04.679561+00:00,,2026-09-25T15:01:04.680562+00:00,
112,2026-09-25T13:32:00.060122+00:00,2026-09-25T15:01:05.045582+00:00,95.00500000000001,2026-09-25T15:01:04.950577+00:00,,2026-09-25T15:01:04.957577+00:00,,2026-09-25T15:01:04.959577+00:00,,2026-09-25T15:01:04.960578+00:00,,2026-09-25T15:01:04.961578+00:00,,2026-09-25T15:01:04.962578+00:00,,2026-09-25T15:01:04.963578+00:00,,2026-09-25T15:01:04.964578+00:00,,2026-09-25T15:01:04.965578+00:00,,2026-09-25T15:01:04.966578+00:00,,2026-09-25T15:01:04.967578+00:00,,2026-09-25T15:01:04.968578+00:00,,2026-09-25T15:01:04.969578+00:00,,2026-09-25T15:01:04.970578+00:00,,2026-09-25T15:01:04.971578+00:00,,2026-09-25T15:01:04.972578+00:00,,2026-09-25T15:01:04.985579+00:00,,2026-09-25T15:01:04.975578+00:00,,2026-09-25T15:01:04.976578+00:00,,2026-09-25T15:01:04.977579+00:00,,2026-09-25T15:01:04.978579+00:00,,2026-09-25T15:01:04.979579+00:00,,2026-09-25T15:01:04.980579+00:00,,2026-09-25T15:01:04.981579+00:00,,2026-09-25T15:01:04.982579+00:00,,2026-09-25T15:01:04.983579+00:00,,2026-09-25T15:01:04.984579+00:00,,2026-09-25T15:01:04.974578+00:00,,2026-09-25T15:01:04.986579+00:00,,2026-09-25T15:01:04.987579+00:00,,2026-09-25T15:01:04.988579+00:00,,2026-09-25T15:01:04.989579+00:00,,2026-09-25T15:01:04.990579+00:00,,2026-09-25T15:01:04.991579+00:00,,2026-09-25T15:01:04.992579+00:00,,2026-09-25T15:01:04.993579+00:00,,2026-09-25T15:01:04.994579+00:00,,2026-09-25T15:01:04.996580+00:00,,2026-09-25T15:01:04.997580+00:00,,2026-09-25T15:01:04.998580+00:00,,2026-09-25T15:01:05.012581+00:00,,2026-09-25T15:01:05.001580+00:00,,2026-09-25T15:01:05.002580+00:00,,2026-09-25T15:01:05.003580+00:00,,2026-09-25T15:01:05.004580+00:00,,2026-09-25T15:01:05.005580+00:00,,2026-09-25T15:01:05.006580+00:00,,2026-09-25T15:01:05.007580+00:00,,2026-09-25T15:01:05.008580+00:00,,2026-09-25T15:01:05.009580+00:00,,2026-09-25T15:01:05.010580+00:00,,2026-09-25T15:01:05.000580+00:00,,2026-09-25T15:01:05.013581+00:00,,2026-09-25T15:01:05.014581+00:00,,2026-09-25T15:01:05.016581+00:00,,2026-09-25T15:01:05.017581+00:00,,2026-09-25T15:01:05.018581+00:00,,2026-09-25T15:01:05.019581+00:00,,2026-09-25T15:01:05.020581+00:00,,2026-09-25T15:01:05.021581+00:00,,2026-09-25T15:01:05.022581+00:00,,2026-09-25T15:01:05.023581+00:00,,2026-09-25T15:01:05.024581+00:00,,2026-09-25T15:01:05.025581+00:00,,2026-09-25T15:01:05.026581+00:00,,2026-09-25T15:01:05.027581+00:00,,2026-09-25T15:01:05.028581+00:00,,2026-09-25T15:01:05.029581+00:00,,2026-09-25T15:01:05.030582+00:00,,2026-09-25T15:01:05.031582+00:00,,2026-09-25T15:01:05.032582+00:00,,2026-09-25T15:01:05.045582+00:00,,2026-09-25T15:01:05.035582+00:00,,2026-09-25T15:01:05.036582+00:00,,2026-09-25T15:01:05.037582+00:00,,2026-09-25T15:01:05.038582+00:00,,2026-09-25T15:01:05.039582+00:00,,2026-09-25T15:01:05.040582+00:00,,2026-09-25T15:01:05.041582+00:00,,2026-09-25T15:01:05.042582+00:00,,2026-09-25T15:01:05.043582+00:00,,2026-09-25T15:01:05.044582+00:00,,2026-09-25T15:01:05.034582+00:00,
113,2026-09-25T13:32:00.420493+00:00,2026-09-25T15:01:05.409603+00:00,106.006,2026-09-25T15:01:05.303597+00:00,,2026-09-25T15:01:05.311598+00:00,,2026-09-25T15:01:05.313598+00:00,,2026-09-25T15:01:05.315598+00:00,,2026-09-25T15:01:05.330599+00:00,,2026-09-25T15:01:05.318598+00:00,,2026-09-25T15:01:05.319598+00:00,,2026-09-25T15:01:05.320598+00:00,,2026-09-25T15:01:05.321598+00:00,,2026-09-25T15:01:05.323598+00:00,,2026-09-25T15:01:05.324598+00:00,,2026-09-25T15:01:05.325598+00:00,,2026-09-25T15:01:05.326598+00:00,,2026-09-25T15:01:05.328599+00:00,,2026-09-25T15:01:05.329599+00:00,,2026-09-25T15:01:05.317598+00:00,,2026-09-25T15:01:05.331599+00:00,,2026-09-25T15:01:05.332599+00:00,,2026-09-25T15:01:05.333599+00:00,,2026-09-25T15:01:05.334599+00:00,,2026-09-25T15:01:05.335599+00:00,,2026-09-25T15:01:05.336599+00:00,,2026-09-25T15:01:05.337599+00:00,,2026-09-25T15:01:05.338599+00:00,,2026-09-25T15:01:05.339599+00:00,,2026-09-25T15:01:05.340599+00:00,,2026-09-25T15:01:05.341599+00:00,,2026-09-25T15:01:05.342599+00:00,,2026-09-25T15:01:05.343599+00:00,,2026-09-25T15:01:05.344600+00:00,,2026-09-25T15:01:05.346600+00:00,,2026-09-25T15:01:05.347600+00:00,,2026-09-25T15:01:05.348600+00:00,,2026-09-25T15:01:05.363601+00:00,,2026-09-25T15:01:05.351600+00:00,,2026-09-25T15:01:05.352600+00:00,,2026-09-25T15:01:05.353600+00:00,,2026-09-25T15:01:05.354600+00:00,,2026-09-25T15:01:05.355600+00:00,,2026-09-25T15:01:05.356600+00:00,,2026-09-25T15:01:05.357600+00:00,,2026-09-25T15:01:05.358600+00:00,,2026-09-25T15:01:05.359600+00:00,,2026-09-25T15:01:05.360600+00:00,,2026-09-25T15:01:05.362601+00:00,,2026-09-25T15:01:05.364601+00:00,,2026-09-25T15:01:05.365601+00:00,,2026-09-25T15:01:05.366601+00:00,,2026-09-25T15:01:05.367601+00:00,,2026-09-25T15:01:05.368601+00:00,,2026-09-25T15:01:05.369601+00:00,,2026-09-25T15:01:05.370601+00:00,,2026-09-25T15:01:05.386602+00:00,,2026-09-25T15:01:05.373601+00:00,,2026-09-25T15:01:05.374601+00:00,,2026-09-25T15:01:05.389602+00:00,,2026-09-25T15:01:05.390602+00:00,,2026-09-25T15:01:05.392602+00:00,,2026-09-25T15:01:05.381602+00:00,,2026-09-25T15:01:05.382602+00:00,,2026-09-25T15:01:05.383602+00:00,,2026-09-25T15:01:05.384602+00:00,,2026-09-25T15:01:05.385602+00:00,,2026-09-25T15:01:05.372601+00:00,,2026-09-25T15:01:05.387602+00:00,,2026-09-25T15:01:05.388602+00:00,,2026-09-25T15:01:05.376601+00:00,,2026-09-25T15:01:05.378601+00:00,,2026-09-25T15:01:05.380602+00:00,,2026-09-25T15:01:05.393602+00:00,,2026-09-25T15:01:05.394602+00:00,,2026-09-25T15:01:05.395602+00:00,,2026-09-25T15:01:05.396602+00:00,,2026-09-25T15:01:05.397603+00:00,,2026-09-25T15:01:05.398603+00:00,,2026-09-25T15:01:05.409603+00:00,,2026-09-25T15:01:05.401603+00:00,,2026-09-25T15:01:05.402603+00:00,,2026-09-25T15:01:05.403603+00:00,,2026-09-25T15:01:05.404603+00:00,,2026-09-25T15:01:05.406603+00:00,,2026-09-25T15:01:05.407603+00:00,,2026-09-25T15:01:05.408603+00:00,
114,2026-09-25T13:32:00.872299+00:00,2026-09-25T15:01:05.861629+00:00,172.01,2026-09-25T15:01:05.691619+00:00,,2026-09-25T15:01:05.693619+00:00,,2026-09-25T15:01:05.695620+00:00,,2026-09-25T15:01:05.697620+00:00,,2026-09-25T15:01:05.721621+00:00,,2026-09-25T15:01:05.701620+00:00,,2026-09-25T15:01:05.703620+00:00,,2026-09-25T15:01:05.705620+00:00,,2026-09-25T15:01:05.707620+00:00,,2026-09-25T15:01:05.709620+00:00,,2026-09-25T15:01:05.689619+00:00,,2026-09-25T15:01:05.713621+00:00,,2026-09-25T15:01:05.715621+00:00,,2026-09-25T15:01:05.717621+00:00,,2026-09-25T15:01:05.719621+00:00,,2026-09-25T15:01:05.723621+00:00,,2026-09-25T15:01:05.725621+00:00,,2026-09-25T15:01:05.727621+00:00,,2026-09-25T15:01:05.729622+00:00,,2026-09-25T15:01:05.731622+00:00,,2026-09-25T15:01:05.733622+00:00,,2026-09-25T15:01:05.735622+00:00,,2026-09-25T15:01:05.759623+00:00,,2026-09-25T15:01:05.739622+00:00,,2026-09-25T15:01:05.741622+00:00,,2026-09-25T15:01:05.743622+00:00,,2026-09-25T15:01:05.745622+00:00,,2026-09-25T15:01:05.747623+00:00,,2026-09-25T15:01:05.773624+00:00,,2026-09-25T15:01:05.751623+00:00,,2026-09-25T15:01:05.753623+00:00,,2026-09-25T15:01:05.755623+00:00,,2026-09-25T15:01:05.781625+00:00,,2026-09-25T15:01:05.737622+00:00,,2026-09-25T15:01:05.761623+00:00,,2026-09-25T15:01:05.763623+00:00,,2026-09-25T15:01:05.789625+00:00,,2026-09-25T15:01:05.791625+00:00,,2026-09-25T15:01:05.769624+00:00,,2026-09-25T15:01:05.749623+00:00,,2026-09-25T15:01:05.775624+00:00,,2026-09-25T15:01:05.777624+00:00,,2026-09-25T15:01:05.779624+00:00,,2026-09-25T15:01:05.757623+00:00,,2026-09-25T15:01:05.783625+00:00,,2026-09-25T15:01:05.807626+00:00,,2026-09-25T15:01:05.787625+00:00,,2026-09-25T15:01:05.765624+00:00,,2026-09-25T15:01:05.767624+00:00,,2026-09-25T15:01:05.793625+00:00,,2026-09-25T15:01:05.795625+00:00,,2026-09-25T15:01:05.797625+00:00,,2026-09-25T15:01:05.823627+00:00,,2026-09-25T15:01:05.801626+00:00,,2026-09-25T15:01:05.803626+00:00,,2026-09-25T15:01:05.805626+00:00,,2026-09-25T15:01:05.785625+00:00,,2026-09-25T15:01:05.809626+00:00,,2026-09-25T15:01:05.811626+00:00,,2026-09-25T15:01:05.835628+00:00,,2026-09-25T15:01:05.815626+00:00,,2026-09-25T15:01:05.817627+00:00,,2026-09-25T15:01:05.819627+00:00,,2026-09-25T15:01:05.821627+00:00,,2026-09-25T15:01:05.825627+00:00,,2026-09-25T15:01:05.827627+00:00,,2026-09-25T15:01:05.851629+00:00,,2026-09-25T15:01:05.831627+00:00,,2026-09-25T15:01:05.833627+00:00,,2026-09-25T15:01:05.813626+00:00,,2026-09-25T15:01:05.837628+00:00,,2026-09-25T15:01:05.839628+00:00,,2026-09-25T15:01:05.841628+00:00,,2026-09-25T15:01:05.843628+00:00,,2026-09-25T15:01:05.845628+00:00,,2026-09-25T15:01:05.847628+00:00,,2026-09-25T15:01:05.849628+00:00,,2026-09-25T15:01:05.829627+00:00,,2026-09-25T15:01:05.853629+00:00,,2026-09-25T15:01:05.855629+00:00,,2026-09-25T15:01:05.857629+00:00,,2026-09-25T15:01:05.859629+00:00,,2026-09-25T15:01:05.861629+00:00,
115,2026-09-25T13:32:01.361414+00:00,2026-09-25T15:01:06.306655+00:00,120.007,2026-09-25T15:01:06.193648+00:00,,2026-09-25T15:01:06.195648+00:00,,2026-09-25T15:01:06.197648+00:00,,2026-09-25T15:01:06.219650+00:00,,2026-09-25T15:01:06.201649+00:00,,2026-09-25T15:01:06.203649+00:00,,2026-09-25T15:01:06.205649+00:00,,2026-09-25T15:01:06.186648+00:00,,2026-09-25T15:01:06.208649+00:00,,2026-09-25T15:01:06.210649+00:00,,2026-09-25T15:01:06.212649+00:00,,2026-09-25T15:01:06.214649+00:00,,2026-09-25T15:01:06.216649+00:00,,2026-09-25T15:01:06.218650+00:00,,2026-09-25T15:01:06.221650+00:00,,2026-09-25T15:01:06.223650+00:00,,2026-09-25T15:01:06.225650+00:00,,2026-09-25T15:01:06.227650+00:00,,2026-09-25T15:01:06.228650+00:00,,2026-09-25T15:01:06.230650+00:00,,2026-09-25T15:01:06.232650+00:00,,2026-09-25T15:01:06.233650+00:00,,2026-09-25T15:01:06.234650+00:00,,2026-09-25T15:01:06.235650+00:00,,2026-09-25T15:01:06.236651+00:00,,2026-09-25T15:01:06.237651+00:00,,2026-09-25T15:01:06.238651+00:00,,2026-09-25T15:01:06.240651+00:00,,2026-09-25T15:01:06.241651+00:00,,2026-09-25T15:01:06.258652+00:00,,2026-09-25T15:01:06.244651+00:00,,2026-09-25T15:01:06.246651+00:00,,2026-09-25T15:01:06.247651+00:00,,2026-09-25T15:01:06.264652+00:00,,2026-09-25T15:01:06.250651+00:00,,2026-09-25T15:01:06.251651+00:00,,2026-09-25T15:01:06.252651+00:00,,2026-09-25T15:01:06.253652+00:00,,2026-09-25T15:01:06.255652+00:00,,2026-09-25T15:01:06.271653+00:00,,2026-09-25T15:01:06.243651+00:00,,2026-09-25T15:01:06.259652+00:00,,2026-09-25T15:01:06.260652+00:00,,2026-09-25T15:01:06.262652+00:00,,2026-09-25T15:01:06.265652+00:00,,2026-09-25T15:01:06.266652+00:00,,2026-09-25T15:01:06.291654+00:00,,2026-09-25T15:01:06.269652+00:00,,2026-09-25T15:01:06.270652+00:00,,2026-09-25T15:01:06.257652+00:00,,2026-09-25T15:01:06.272653+00:00,,2026-09-25T15:01:06.273653+00:00,,2026-09-25T15:01:06.274653+00:00,,2026-09-25T15:01:06.275653+00:00,,2026-09-25T15:01:06.276653+00:00,,2026-09-25T15:01:06.277653+00:00,,2026-09-25T15:01:06.278653+00:00,,2026-09-25T15:01:06.268652+00:00,,2026-09-25T15:01:06.281653+00:00,,2026-09-25T15:01:06.282653+00:00,,2026-09-25T15:01:06.283653+00:00,,2026-09-25T15:01:06.284653+00:00,,2026-09-25T15:01:06.285653+00:00,,2026-09-25T15:01:06.286653+00:00,,2026-09-25T15:01:06.287653+00:00,,2026-09-25T15:01:06.288654+00:00,,2026-09-25T15:01:06.289654+00:00,,2026-09-25T15:01:06.290654+00:00,,2026-09-25T15:01:06.280653+00:00,,2026-09-25T15:01:06.292654+00:00,,2026-09-25T15:01:06.293654+00:00,,2026-09-25T15:01:06.294654+00:00,,2026-09-25T15:01:06.295654+00:00,,2026-09-25T15:01:06.296654+00:00,,2026-09-25T15:01:06.297654+00:00,,2026-09-25T15:01:06.306655+00:00,,2026-09-25T15:01:06.299654+00:00,,2026-09-25T15:01:06.300654+00:00,,2026-09-25T15:01:06.301654+00:00,,2026-09-25T15:01:06.302654+00:00,,2026-09-25T15:01:06.303654+00:00,,2026-09-25T15:01:06.304654+00:00,,2026-09-25T15:01:06.305654+00:00,
116,2026-09-25T13:32:01.713964+00:00,2026-09-25T15:01:06.689676+00:00,86.00399999999999,2026-09-25T15:01:06.603672+00:00,,2026-09-25T15:01:06.607672+00:00,,2026-09-25T15:01:06.611672+00:00,,2026-09-25T15:01:06.609672+00:00,,2026-09-25T15:01:06.610672+00:00,,2026-09-25T15:01:06.608672+00:00,,2026-09-25T15:01:06.612672+00:00,,2026-09-25T15:01:06.613672+00:00,,2026-09-25T15:01:06.614672+00:00,,2026-09-25T15:01:06.615672+00:00,,2026-09-25T15:01:06.616672+00:00,,2026-09-25T15:01:06.617672+00:00,,2026-09-25T15:01:06.618672+00:00,,2026-09-25T15:01:06.619672+00:00,,2026-09-25T15:01:06.620673+00:00,,2026-09-25T15:01:06.621673+00:00,,2026-09-25T15:01:06.622673+00:00,,2026-09-25T15:01:06.634673+00:00,,2026-09-25T15:01:06.624673+00:00,,2026-09-25T15:01:06.625673+00:00,,2026-09-25T15:01:06.626673+00:00,,2026-09-25T15:01:06.627673+00:00,,2026-09-25T15:01:06.628673+00:00,,2026-09-25T15:01:06.640674+00:00,,2026-09-25T15:01:06.630673+00:00,,2026-09-25T15:01:06.631673+00:00,,2026-09-25T15:01:06.632673+00:00,,2026-09-25T15:01:06.633673+00:00,,2026-09-25T15:01:06.623673+00:00,,2026-09-25T15:01:06.635673+00:00,,2026-09-25T15:01:06.636673+00:00,,2026-09-25T15:01:06.637673+00:00,,2026-09-25T15:01:06.638674+00:00,,2026-09-25T15:01:06.639674+00:00,,2026-09-25T15:01:06.629673+00:00,,2026-09-25T15:01:06.641674+00:00,,2026-09-25T15:01:06.642674+00:00,,2026-09-25T15:01:06.643674+00:00,,2026-09-25T15:01:06.644674+00:00,,2026-09-25T15:01:06.645674+00:00,,2026-09-25T15:01:06.646674+00:00,,2026-09-25T15:01:06.647674+00:00,,2026-09-25T15:01:06.659675+00:00,,2026-09-25T15:01:06.649674+00:00,,2026-09-25T15:01:06.650674+00:00,,2026-09-25T15:01:06.651674+00:00,,2026-09-25T15:01:06.652674+00:00,,2026-09-25T15:01:06.653674+00:00,,2026-09-25T15:01:06.654674+00:00,,2026-09-25T15:01:06.655675+00:00,,2026-09-25T15:01:06.656675+00:00,,2026-09-25T15:01:06.657675+00:00,,2026-09-25T15:01:06.658675+00:00,,2026-09-25T15:01:06.660675+00:00,,2026-09-25T15:01:06.661675+00:00,,2026-09-25T15:01:06.662675+00:00,,2026-09-25T15:01:06.663675+00:00,,2026-09-25T15:01:06.664675+00:00,,2026-09-25T15:01:06.665675+00:00,,2026-09-25T15:01:06.666675+00:00,,2026-09-25T15:01:06.667675+00:00,,2026-09-25T15:01:06.668675+00:00,,2026-09-25T15:01:06.669675+00:00,,2026-09-25T15:01:06.670675+00:00,,2026-09-25T15:01:06.671675+00:00,,2026-09-25T15:01:06.672675+00:00,,2026-09-25T15:01:06.673676+00:00,,2026-09-25T15:01:06.674676+00:00,,2026-09-25T15:01:06.675676+00:00,,2026-09-25T15:01:06.676676+00:00,,2026-09-25T15:01:06.677676+00:00,,2026-09-25T15:01:06.678676+00:00,,2026-09-25T15:01:06.679676+00:00,,2026-09-25T15:01:06.680676+00:00,,2026-09-25T15:01:06.681676+00:00,,2026-09-25T15:01:06.682676+00:00,,2026-09-25T15:01:06.683676+00:00,,2026-09-25T15:01:06.684676+00:00,,2026-09-25T15:01:06.685676+00:00,,2026-09-25T15:01:06.686676+00:00,,2026-09-25T15:01:06.687676+00:00,,2026-09-25T15:01:06.688676+00:00,,2026-09-25T15:01:06.689676+00:00,
117,2026-09-25T13:32:02.135528+00:00,2026-09-25T15:01:07.052697+00:00,92.00500000000001,2026-09-25T15:01:06.960692+00:00,,2026-09-25T15:01:06.969692+00:00,,2026-09-25T15:01:06.977693+00:00,,2026-09-25T15:01:06.971693+00:00,,2026-09-25T15:01:06.972693+00:00,,2026-09-25T15:01:06.973693+00:00,,2026-09-25T15:01:06.974693+00:00,,2026-09-25T15:01:06.975693+00:00,,2026-09-25T15:01:06.976693+00:00,,2026-09-25T15:01:06.970693+00:00,,2026-09-25T15:01:06.978693+00:00,,2026-09-25T15:01:06.979693+00:00,,2026-09-25T15:01:06.980693+00:00,,2026-09-25T15:01:06.981693+00:00,,2026-09-25T15:01:06.982693+00:00,,2026-09-25T15:01:06.983693+00:00,,2026-09-25T15:01:06.984693+00:00,,2026-09-25T15:01:06.985693+00:00,,2026-09-25T15:01:06.986693+00:00,,2026-09-25T15:01:06.987693+00:00,,2026-09-25T15:01:06.988694+00:00,,2026-09-25T15:01:06.989694+00:00,,2026-09-25T15:01:06.990694+00:00,,2026-09-25T15:01:06.991694+00:00,,2026-09-25T15:01:06.992694+00:00,,2026-09-25T15:01:06.993694+00:00,,2026-09-25T15:01:06.994694+00:00,,2026-09-25T15:01:06.995694+00:00,,2026-09-25T15:01:07.007695+00:00,,2026-09-25T15:01:06.997694+00:00,,2026-09-25T15:01:07.009695+00:00,,2026-09-25T15:01:06.999694+00:00,,2026-09-25T15:01:07.000694+00:00,,2026-09-25T15:01:07.001694+00:00,,2026-09-25T15:01:07.002694+00:00,,2026-09-25T15:01:07.003694+00:00,,2026-09-25T15:01:07.004694+00:00,,2026-09-25T15:01:07.005695+00:00,,2026-09-25T15:01:07.006695+00:00,,2026-09-25T15:01:06.996694+00:00,,2026-09-25T15:01:07.008695+00:00,,2026-09-25T15:01:07.010695+00:00,,2026-09-25T15:01:07.011695+00:00,,2026-09-25T15:01:07.012695+00:00,,2026-09-25T15:01:07.013695+00:00,,2026-09-25T15:01:07.014695+00:00,,2026-09-25T15:01:07.015695+00:00,,2026-09-25T15:01:07.016695+00:00,,2026-09-25T15:01:07.017695+00:00,,2026-09-25T15:01:07.018695+00:00,,2026-09-25T15:01:07.019695+00:00,,2026-09-25T15:01:07.020695+00:00,,2026-09-25T15:01:07.021695+00:00,,2026-09-25T15:01:07.022695+00:00,,2026-09-25T15:01:07.023696+00:00,,2026-09-25T15:01:07.024696+00:00,,2026-09-25T15:01:07.025696+00:00,,2026-09-25T15:01:07.026696+00:00,,2026-09-25T15:01:07.038696+00:00,,2026-09-25T15:01:07.028696+00:00,,2026-09-25T15:01:07.029696+00:00,,2026-09-25T15:01:07.030696+00:00,,2026-09-25T15:01:07.031696+00:00,,2026-09-25T15:01:07.032696+00:00,,2026-09-25T15:01:07.033696+00:00,,2026-09-25T15:01:07.034696+00:00,,2026-09-25T15:01:07.035696+00:00,,2026-09-25T15:01:07.036696+00:00,,2026-09-25T15:01:07.037696+00:00,,2026-09-25T15:01:07.027696+00:00,,2026-09-25T15:01:07.039696+00:00,,2026-09-25T15:01:07.040697+00:00,,2026-09-25T15:01:07.041697+00:00,,2026-09-25T15:01:07.042697+00:00,,2026-09-25T15:01:07.043697+00:00,,2026-09-25T15:01:07.044697+00:00,,2026-09-25T15:01:07.045697+00:00,,2026-09-25T15:01:07.046697+00:00,,2026-09-25T15:01:07.052697+00:00,,2026-09-25T15:01:07.048697+00:00,,2026-09-25T15:01:07.049697+00:00,,2026-09-25T15:01:07.050697+00:00,,2026-09-25T15:01:07.051697+00:00,
118,2026-09-25T13:32:02.478265+00:00,2026-09-25T15:01:07.467721+00:00,90.005,2026-09-25T15:01:07.377716+00:00,,2026-09-25T15:01:07.384716+00:00,,2026-09-25T15:01:07.385716+00:00,,2026-09-25T15:01:07.386716+00:00,,2026-09-25T15:01:07.387716+00:00,,2026-09-25T15:01:07.388716+00:00,,2026-09-25T15:01:07.389716+00:00,,2026-09-25T15:01:07.390717+00:00,,2026-09-25T15:01:07.391717+00:00,,2026-09-25T15:01:07.392717+00:00,,2026-09-25T15:01:07.393717+00:00,,2026-09-25T15:01:07.394717+00:00,,2026-09-25T15:01:07.395717+00:00,,2026-09-25T15:01:07.396717+00:00,,2026-09-25T15:01:07.408718+00:00,,2026-09-25T15:01:07.398717+00:00,,2026-09-25T15:01:07.399717+00:00,,2026-09-25T15:01:07.400717+00:00,,2026-09-25T15:01:07.401717+00:00,,2026-09-25T15:01:07.402717+00:00,,2026-09-25T15:01:07.414718+00:00,,2026-09-25T15:01:07.404717+00:00,,2026-09-25T15:01:07.416718+00:00,,2026-09-25T15:01:07.406717+00:00,,2026-09-25T15:01:07.407718+00:00,,2026-09-25T15:01:07.409718+00:00,,2026-09-25T15:01:07.410718+00:00,,2026-09-25T15:01:07.411718+00:00,,2026-09-25T15:01:07.423718+00:00,,2026-09-25T15:01:07.413718+00:00,,2026-09-25T15:01:07.403717+00:00,,2026-09-25T15:01:07.415718+00:00,,2026-09-25T15:01:07.405717+00:00,,2026-09-25T15:01:07.417718+00:00,,2026-09-25T15:01:07.418718+00:00,,2026-09-25T15:01:07.419718+00:00,,2026-09-25T15:01:07.420718+00:00,,2026-09-25T15:01:07.421718+00:00,,2026-09-25T15:01:07.422718+00:00,,2026-09-25T15:01:07.412718+00:00,,2026-09-25T15:01:07.424718+00:00,,2026-09-25T15:01:07.425719+00:00,,2026-09-25T15:01:07.426719+00:00,,2026-09-25T15:01:07.427719+00:00,,2026-09-25T15:01:07.428719+00:00,,2026-09-25T15:01:07.429719+00:00,,2026-09-25T15:01:07.430719+00:00,,2026-09-25T15:01:07.431719+00:00,,2026-09-25T15:01:07.432719+00:00,,2026-09-25T15:01:07.433719+00:00,,2026-09-25T15:01:07.434719+00:00,,2026-09-25T15:01:07.435719+00:00,,2026-09-25T15:01:07.436719+00:00,,2026-09-25T15:01:07.437719+00:00,,2026-09-25T15:01:07.438719+00:00,,2026-09-25T15:01:07.439719+00:00,,2026-09-25T15:01:07.440719+00:00,,2026-09-25T15:01:07.441719+00:00,,2026-09-25T15:01:07.442720+00:00,,2026-09-25T15:01:07.443720+00:00,,2026-09-25T15:01:07.444720+00:00,,2026-09-25T15:01:07.445720+00:00,,2026-09-25T15:01:07.446720+00:00,,2026-09-25T15:01:07.458720+00:00,,2026-09-25T15:01:07.448720+00:00,,2026-09-25T15:01:07.449720+00:00,,2026-09-25T15:01:07.450720+00:00,,2026-09-25T15:01:07.451720+00:00,,2026-09-25T15:01:07.452720+00:00,,2026-09-25T15:01:07.453720+00:00,,2026-09-25T15:01:07.454720+00:00,,2026-09-25T15:01:07.455720+00:00,,2026-09-25T15:01:07.456720+00:00,,2026-09-25T15:01:07.457720+00:00,,2026-09-25T15:01:07.459720+00:00,,2026-09-25T15:01:07.460721+00:00,,2026-09-25T15:01:07.461721+00:00,,2026-09-25T15:01:07.462721+00:00,,2026-09-25T15:01:07.463721+00:00,,2026-09-25T15:01:07.464721+00:00,,2026-09-25T15:01:07.465721+00:00,,2026-09-25T15:01:07.466721+00:00,,2026-09-25T15:01:07.467721+00:00,
119,2026-09-25T13:32:02.822019+00:00,2026-09-25T15:01:07.810741+00:00,88.005,2026-09-25T15:01:07.722736+00:00,,2026-09-25T15:01:07.727736+00:00,,2026-09-25T15:01:07.734736+00:00,,2026-09-25T15:01:07.729736+00:00,,2026-09-25T15:01:07.730736+00:00,,2026-09-25T15:01:07.731736+00:00,,2026-09-25T15:01:07.732736+00:00,,2026-09-25T15:01:07.728736+00:00,,2026-09-25T15:01:07.733736+00:00,,2026-09-25T15:01:07.735736+00:00,,2026-09-25T15:01:07.736736+00:00,,2026-09-25T15:01:07.737736+00:00,,2026-09-25T15:01:07.749737+00:00,,2026-09-25T15:01:07.739737+00:00,,2026-09-25T15:01:07.740737+00:00,,2026-09-25T15:01:07.741737+00:00,,2026-09-25T15:01:07.742737+00:00,,2026-09-25T15:01:07.743737+00:00,,2026-09-25T15:01:07.744737+00:00,,2026-09-25T15:01:07.745737+00:00,,2026-09-25T15:01:07.746737+00:00,,2026-09-25T15:01:07.758738+00:00,,2026-09-25T15:01:07.748737+00:00,,2026-09-25T15:01:07.738736+00:00,,2026-09-25T15:01:07.750737+00:00,,2026-09-25T15:01:07.751737+00:00,,2026-09-25T15:01:07.752737+00:00,,2026-09-25T15:01:07.753737+00:00,,2026-09-25T15:01:07.754737+00:00,,2026-09-25T15:01:07.755737+00:00,,2026-09-25T15:01:07.767738+00:00,,2026-09-25T15:01:07.768738+00:00,,2026-09-25T15:01:07.759738+00:00,,2026-09-25T15:01:07.771738+00:00,,2026-09-25T15:01:07.761738+00:00,,2026-09-25T15:01:07.762738+00:00,,2026-09-25T15:01:07.763738+00:00,,2026-09-25T15:01:07.764738+00:00,,2026-09-25T15:01:07.765738+00:00,,2026-09-25T15:01:07.766738+00:00,,2026-09-25T15:01:07.756737+00:00,,2026-09-25T15:01:07.757738+00:00,,2026-09-25T15:01:07.769738+00:00,,2026-09-25T15:01:07.770738+00:00,,2026-09-25T15:01:07.760738+00:00,,2026-09-25T15:01:07.772738+00:00,,2026-09-25T15:01:07.773738+00:00,,2026-09-25T15:01:07.774739+00:00,,2026-09-25T15:01:07.775739+00:00,,2026-09-25T15:01:07.787739+00:00,,2026-09-25T15:01:07.788739+00:00,,2026-09-25T15:01:07.778739+00:00,,2026-09-25T15:01:07.779739+00:00,,2026-09-25T15:01:07.780739+00:00,,2026-09-25T15:01:07.781739+00:00,,2026-09-25T15:01:07.782739+00:00,,2026-09-25T15:01:07.783739+00:00,,2026-09-25T15:01:07.784739+00:00,,2026-09-25T15:01:07.785739+00:00,,2026-09-25T15:01:07.786739+00:00,,2026-09-25T15:01:07.776739+00:00,,2026-09-25T15:01:07.777739+00:00,,2026-09-25T15:01:07.789739+00:00,,2026-09-25T15:01:07.790739+00:00,,2026-09-25T15:01:07.791739+00:00,,2026-09-25T15:01:07.803740+00:00,,2026-09-25T15:01:07.804740+00:00,,2026-09-25T15:01:07.794740+00:00,,2026-09-25T15:01:07.795740+00:00,,2026-09-25T15:01:07.796740+00:00,,2026-09-25T15:01:07.808740+00:00,,2026-09-25T15:01:07.798740+00:00,,2026-09-25T15:01:07.799740+00:00,,2026-09-25T15:01:07.800740+00:00,,2026-09-25T15:01:07.801740+00:00,,2026-09-25T15:01:07.802740+00:00,,2026-09-25T15:01:07.792740+00:00,,2026-09-25T15:01:07.793740+00:00,,2026-09-25T15:01:07.805740+00:00,,2026-09-25T15:01:07.806740+00:00,,2026-09-25T15:01:07.807740+00:00,,2026-09-25T15:01:07.809741+00:00,,2026-09-25T15:01:07.810741+00:00,
120,2026-09-25T13:32:03.241344+00:00,2026-09-25T15:01:08.230765+00:00,88.005,2026-09-25T15:01:08.142760+00:00,,2026-09-25T15:01:08.148760+00:00,,2026-09-25T15:01:08.149760+00:00,,2026-09-25T15:01:08.161761+00:00,,2026-09-25T15:01:08.151760+00:00,,2026-09-25T15:01:08.152760+00:00,,2026-09-25T15:01:08.153760+00:00,,2026-09-25T15:01:08.154760+00:00,,2026-09-25T15:01:08.155760+00:00,,2026-09-25T15:01:08.167761+00:00,,2026-09-25T15:01:08.157760+00:00,,2026-09-25T15:01:08.158760+00:00,,2026-09-25T15:01:08.159761+00:00,,2026-09-25T15:01:08.160761+00:00,,2026-09-25T15:01:08.150760+00:00,,2026-09-25T15:01:08.162761+00:00,,2026-09-25T15:01:08.163761+00:00,,2026-09-25T15:01:08.164761+00:00,,2026-09-25T15:01:08.165761+00:00,,2026-09-25T15:01:08.166761+00:00,,2026-09-25T15:01:08.156760+00:00,,2026-09-25T15:01:08.168761+00:00,,2026-09-25T15:01:08.169761+00:00,,2026-09-25T15:01:08.170761+00:00,,2026-09-25T15:01:08.171761+00:00,,2026-09-25T15:01:08.172761+00:00,,2026-09-25T15:01:08.173761+00:00,,2026-09-25T15:01:08.174761+00:00,,2026-09-25T15:01:08.175761+00:00,,2026-09-25T15:01:08.187762+00:00,,2026-09-25T15:01:08.177762+00:00,,2026-09-25T15:01:08.178762+00:00,,2026-09-25T15:01:08.179762+00:00,,2026-09-25T15:01:08.180762+00:00,,2026-09-25T15:01:08.181762+00:00,,2026-09-25T15:01:08.182762+00:00,,2026-09-25T15:01:08.183762+00:00,,2026-09-25T15:01:08.184762+00:00,,2026-09-25T15:01:08.185762+00:00,,2026-09-25T15:01:08.186762+00:00,,2026-09-25T15:01:08.176762+00:00,,2026-09-25T15:01:08.188762+00:00,,2026-09-25T15:01:08.200763+00:00,,2026-09-25T15:01:08.190762+00:00,,2026-09-25T15:01:08.191762+00:00,,2026-09-25T15:01:08.192762+00:00,,2026-09-25T15:01:08.193762+00:00,,2026-09-25T15:01:08.194763+00:00,,2026-09-25T15:01:08.195763+00:00,,2026-09-25T15:01:08.196763+00:00,,2026-09-25T15:01:08.208763+00:00,,2026-09-25T15:01:08.198763+00:00,,2026-09-25T15:01:08.199763+00:00,,2026-09-25T15:01:08.189762+00:00,,2026-09-25T15:01:08.201763+00:00,,2026-09-25T15:01:08.202763+00:00,,2026-09-25T15:01:08.203763+00:00,,2026-09-25T15:01:08.204763+00:00,,2026-09-25T15:01:08.205763+00:00,,2026-09-25T15:01:08.206763+00:00,,2026-09-25T15:01:08.207763+00:00,,2026-09-25T15:01:08.209763+00:00,,2026-09-25T15:01:08.210763+00:00,,2026-09-25T15:01:08.211764+00:00,,2026-09-25T15:01:08.212764+00:00,,2026-09-25T15:01:08.213764+00:00,,2026-09-25T15:01:08.214764+00:00,,2026-09-25T15:01:08.215764+00:00,,2026-09-25T15:01:08.216764+00:00,,2026-09-25T15:01:08.217764+00:00,,2026-09-25T15:01:08.218764+00:00,,2026-09-25T15:01:08.219764+00:00,,2026-09-25T15:01:08.220764+00:00,,2026-09-25T15:01:08.221764+00:00,,2026-09-25T15:01:08.222764+00:00,,2026-09-25T15:01:08.223764+00:00,,2026-09-25T15:01:08.224764+00:00,,2026-09-25T15:01:08.225764+00:00,,2026-09-25T15:01:08.226764+00:00,,2026-09-25T15:01:08.227764+00:00,,2026-09-25T15:01:08.228764+00:00,,2026-09-25T15:01:08.229765+00:00,,2026-09-25T15:01:08.230765+00:00,
121,2026-09-25T13:32:03.582439+00:00,2026-09-25T15:01:08.571784+00:00,88.005,2026-09-25T15:01:08.483779+00:00,,2026-09-25T15:01:08.488779+00:00,,2026-09-25T15:01:08.489779+00:00,,2026-09-25T15:01:08.490779+00:00,,2026-09-25T15:01:08.491780+00:00,,2026-09-25T15:01:08.492780+00:00,,2026-09-25T15:01:08.493780+00:00,,2026-09-25T15:01:08.494780+00:00,,2026-09-25T15:01:08.495780+00:00,,2026-09-25T15:01:08.507780+00:00,,2026-09-25T15:01:08.497780+00:00,,2026-09-25T15:01:08.498780+00:00,,2026-09-25T15:01:08.499780+00:00,,2026-09-25T15:01:08.500780+00:00,,2026-09-25T15:01:08.501780+00:00,,2026-09-25T15:01:08.513781+00:00,,2026-09-25T15:01:08.503780+00:00,,2026-09-25T15:01:08.504780+00:00,,2026-09-25T15:01:08.505780+00:00,,2026-09-25T15:01:08.506780+00:00,,2026-09-25T15:01:08.508780+00:00,,2026-09-25T15:01:08.509781+00:00,,2026-09-25T15:01:08.510781+00:00,,2026-09-25T15:01:08.511781+00:00,,2026-09-25T15:01:08.512781+00:00,,2026-09-25T15:01:08.502780+00:00,,2026-09-25T15:01:08.514781+00:00,,2026-09-25T15:01:08.515781+00:00,,2026-09-25T15:01:08.516781+00:00,,2026-09-25T15:01:08.517781+00:00,,2026-09-25T15:01:08.529782+00:00,,2026-09-25T15:01:08.519781+00:00,,2026-09-25T15:01:08.520781+00:00,,2026-09-25T15:01:08.521781+00:00,,2026-09-25T15:01:08.522781+00:00,,2026-09-25T15:01:08.523781+00:00,,2026-09-25T15:01:08.524781+00:00,,2026-09-25T15:01:08.536782+00:00,,2026-09-25T15:01:08.526782+00:00,,2026-09-25T15:01:08.527782+00:00,,2026-09-25T15:01:08.528782+00:00,,2026-09-25T15:01:08.518781+00:00,,2026-09-25T15:01:08.530782+00:00,,2026-09-25T15:01:08.531782+00:00,,2026-09-25T15:01:08.532782+00:00,,2026-09-25T15:01:08.533782+00:00,,2026-09-25T15:01:08.534782+00:00,,2026-09-25T15:01:08.535782+00:00,,2026-09-25T15:01:08.525781+00:00,,2026-09-25T15:01:08.537782+00:00,,2026-09-25T15:01:08.538782+00:00,,2026-09-25T15:01:08.539782+00:00,,2026-09-25T15:01:08.540782+00:00,,2026-09-25T15:01:08.541782+00:00,,2026-09-25T15:01:08.542782+00:00,,2026-09-25T15:01:08.543782+00:00,,2026-09-25T15:01:08.544783+00:00,,2026-09-25T15:01:08.545783+00:00,,2026-09-25T15:01:08.557783+00:00,,2026-09-25T15:01:08.547783+00:00,,2026-09-25T15:01:08.548783+00:00,,2026-09-25T15:01:08.549783+00:00,,2026-09-25T15:01:08.550783+00:00,,2026-09-25T15:01:08.551783+00:00,,2026-09-25T15:01:08.552783+00:00,,2026-09-25T15:01:08.553783+00:00,,2026-09-25T15:01:08.554783+00:00,,2026-09-25T15:01:08.555783+00:00,,2026-09-25T15:01:08.567784+00:00,,2026-09-25T15:01:08.558783+00:00,,2026-09-25T15:01:08.559783+00:00,,2026-09-25T15:01:08.560783+00:00,,2026-09-25T15:01:08.561784+00:00,,2026-09-25T15:01:08.562784+00:00,,2026-09-25T15:01:08.563784+00:00,,2026-09-25T15:01:08.564784+00:00,,2026-09-25T15:01:08.565784+00:00,,2026-09-25T15:01:08.566784+00:00,,2026-09-25T15:01:08.556783+00:00,,2026-09-25T15:01:08.568784+00:00,,2026-09-25T15:01:08.569784+00:00,,2026-09-25T15:01:08.570784+00:00,,2026-09-25T15:01:08.571784+00:00,
122,2026-09-25T13:32:03.939806+00:00,2026-09-25T15:01:08.928805+00:00,95.006,2026-09-25T15:01:08.833799+00:00,,2026-09-25T15:01:08.843800+00:00,,2026-09-25T15:01:08.844800+00:00,,2026-09-25T15:01:08.845800+00:00,,2026-09-25T15:01:08.846800+00:00,,2026-09-25T15:01:08.847800+00:00,,2026-09-25T15:01:08.848800+00:00,,2026-09-25T15:01:08.849800+00:00,,2026-09-25T15:01:08.850800+00:00,,2026-09-25T15:01:08.852800+00:00,,2026-09-25T15:01:08.866801+00:00,,2026-09-25T15:01:08.867801+00:00,,2026-09-25T15:01:08.856800+00:00,,2026-09-25T15:01:08.857800+00:00,,2026-09-25T15:01:08.870801+00:00,,2026-09-25T15:01:08.859801+00:00,,2026-09-25T15:01:08.861801+00:00,,2026-09-25T15:01:08.862801+00:00,,2026-09-25T15:01:08.863801+00:00,,2026-09-25T15:01:08.864801+00:00,,2026-09-25T15:01:08.865801+00:00,,2026-09-25T15:01:08.854800+00:00,,2026-09-25T15:01:08.855800+00:00,,2026-09-25T15:01:08.868801+00:00,,2026-09-25T15:01:08.869801+00:00,,2026-09-25T15:01:08.858801+00:00,,2026-09-25T15:01:08.871801+00:00,,2026-09-25T15:01:08.872801+00:00,,2026-09-25T15:01:08.873801+00:00,,2026-09-25T15:01:08.874801+00:00,,2026-09-25T15:01:08.875801+00:00,,2026-09-25T15:01:08.876802+00:00,,2026-09-25T15:01:08.877802+00:00,,2026-09-25T15:01:08.889802+00:00,,2026-09-25T15:01:08.879802+00:00,,2026-09-25T15:01:08.880802+00:00,,2026-09-25T15:01:08.881802+00:00,,2026-09-25T15:01:08.882802+00:00,,2026-09-25T15:01:08.883802+00:00,,2026-09-25T15:01:08.884802+00:00,,2026-09-25T15:01:08.885802+00:00,,2026-09-25T15:01:08.886802+00:00,,2026-09-25T15:01:08.887802+00:00,,2026-09-25T15:01:08.888802+00:00,,2026-09-25T15:01:08.878802+00:00,,2026-09-25T15:01:08.890802+00:00,,2026-09-25T15:01:08.891802+00:00,,2026-09-25T15:01:08.892802+00:00,,2026-09-25T15:01:08.893803+00:00,,2026-09-25T15:01:08.894803+00:00,,2026-09-25T15:01:08.895803+00:00,,2026-09-25T15:01:08.907803+00:00,,2026-09-25T15:01:08.897803+00:00,,2026-09-25T15:01:08.898803+00:00,,2026-09-25T15:01:08.899803+00:00,,2026-09-25T15:01:08.900803+00:00,,2026-09-25T15:01:08.901803+00:00,,2026-09-25T15:01:08.902803+00:00,,2026-09-25T15:01:08.903803+00:00,,2026-09-25T15:01:08.904803+00:00,,2026-09-25T15:01:08.905803+00:00,,2026-09-25T15:01:08.906803+00:00,,2026-09-25T15:01:08.908803+00:00,,2026-09-25T15:01:08.909803+00:00,,2026-09-25T15:01:08.910803+00:00,,2026-09-25T15:01:08.911804+00:00,,2026-09-25T15:01:08.912804+00:00,,2026-09-25T15:01:08.913804+00:00,,2026-09-25T15:01:08.914804+00:00,,2026-09-25T15:01:08.915804+00:00,,2026-09-25T15:01:08.916804+00:00,,2026-09-25T15:01:08.917804+00:00,,2026-09-25T15:01:08.918804+00:00,,2026-09-25T15:01:08.919804+00:00,,2026-09-25T15:01:08.920804+00:00,,2026-09-25T15:01:08.921804+00:00,,2026-09-25T15:01:08.922804+00:00,,2026-09-25T15:01:08.923804+00:00,,2026-09-25T15:01:08.924804+00:00,,2026-09-25T15:01:08.925804+00:00,,2026-09-25T15:01:08.926804+00:00,,2026-09-25T15:01:08.927804+00:00,,2026-09-25T15:01:08.928805+00:00,
123,2026-09-25T13:32:04.285530+00:00,2026-09-25T15:01:09.274824+00:00,92.00500000000001,2026-09-25T15:01:09.182819+00:00,,2026-09-25T15:01:09.191820+00:00,,2026-09-25T15:01:09.192820+00:00,,2026-09-25T15:01:09.193820+00:00,,2026-09-25T15:01:09.194820+00:00,,2026-09-25T15:01:09.195820+00:00,,2026-09-25T15:01:09.196820+00:00,,2026-09-25T15:01:09.197820+00:00,,2026-09-25T15:01:09.198820+00:00,,2026-09-25T15:01:09.199820+00:00,,2026-09-25T15:01:09.200820+00:00,,2026-09-25T15:01:09.201820+00:00,,2026-09-25T15:01:09.202820+00:00,,2026-09-25T15:01:09.203820+00:00,,2026-09-25T15:01:09.204820+00:00,,2026-09-25T15:01:09.205820+00:00,,2026-09-25T15:01:09.206820+00:00,,2026-09-25T15:01:09.208821+00:00,,2026-09-25T15:01:09.209821+00:00,,2026-09-25T15:01:09.210821+00:00,,2026-09-25T15:01:09.211821+00:00,,2026-09-25T15:01:09.212821+00:00,,2026-09-25T15:01:09.213821+00:00,,2026-09-25T15:01:09.214821+00:00,,2026-09-25T15:01:09.215821+00:00,,2026-09-25T15:01:09.216821+00:00,,2026-09-25T15:01:09.217821+00:00,,2026-09-25T15:01:09.218821+00:00,,2026-09-25T15:01:09.219821+00:00,,2026-09-25T15:01:09.220821+00:00,,2026-09-25T15:01:09.221821+00:00,,2026-09-25T15:01:09.222821+00:00,,2026-09-25T15:01:09.223821+00:00,,2026-09-25T15:01:09.224821+00:00,,2026-09-25T15:01:09.225822+00:00,,2026-09-25T15:01:09.226822+00:00,,2026-09-25T15:01:09.227822+00:00,,2026-09-25T15:01:09.228822+00:00,,2026-09-25T15:01:09.229822+00:00,,2026-09-25T15:01:09.230822+00:00,,2026-09-25T15:01:09.231822+00:00,,2026-09-25T15:01:09.232822+00:00,,2026-09-25T15:01:09.233822+00:00,,2026-09-25T15:01:09.234822+00:00,,2026-09-25T15:01:09.235822+00:00,,2026-09-25T15:01:09.236822+00:00,,2026-09-25T15:01:09.237822+00:00,,2026-09-25T15:01:09.238822+00:00,,2026-09-25T15:01:09.250823+00:00,,2026-09-25T15:01:09.240822+00:00,,2026-09-25T15:01:09.241822+00:00,,2026-09-25T15:01:09.253823+00:00,,2026-09-25T15:01:09.243823+00:00,,2026-09-25T15:01:09.244823+00:00,,2026-09-25T15:01:09.245823+00:00,,2026-09-25T15:01:09.246823+00:00,,2026-09-25T15:01:09.247823+00:00,,2026-09-25T15:01:09.248823+00:00,,2026-09-25T15:01:09.249823+00:00,,2026-09-25T15:01:09.239822+00:00,,2026-09-25T15:01:09.251823+00:00,,2026-09-25T15:01:09.252823+00:00,,2026-09-25T15:01:09.242822+00:00,,2026-09-25T15:01:09.254823+00:00,,2026-09-25T15:01:09.255823+00:00,,2026-09-25T15:01:09.268824+00:00,,2026-09-25T15:01:09.258823+00:00,,2026-09-25T15:01:09.259823+00:00,,2026-09-25T15:01:09.260824+00:00,,2026-09-25T15:01:09.261824+00:00,,2026-09-25T15:01:09.262824+00:00,,2026-09-25T15:01:09.263824+00:00,,2026-09-25T15:01:09.264824+00:00,,2026-09-25T15:01:09.265824+00:00,,2026-09-25T15:01:09.266824+00:00,,2026-09-25T15:01:09.267824+00:00,,2026-09-25T15:01:09.256823+00:00,,2026-09-25T15:01:09.269824+00:00,,2026-09-25T15:01:09.270824+00:00,,2026-09-25T15:01:09.271824+00:00,,2026-09-25T15:01:09.272824+00:00,,2026-09-25T15:01:09.273824+00:00,,2026-09-25T15:01:09.274824+00:00,
124,2026-09-25T13:32:04.630505+00:00,2026-09-25T15:01:09.619844+00:00,91.005,2026-09-25T15:01:09.528839+00:00,,2026-09-25T15:01:09.536839+00:00,,2026-09-25T15:01:09.537839+00:00,,2026-09-25T15:01:09.538839+00:00,,2026-09-25T15:01:09.539839+00:00,,2026-09-25T15:01:09.540840+00:00,,2026-09-25T15:01:09.541840+00:00,,2026-09-25T15:01:09.542840+00:00,,2026-09-25T15:01:09.543840+00:00,,2026-09-25T15:01:09.544840+00:00,,2026-09-25T15:01:09.545840+00:00,,2026-09-25T15:01:09.557840+00:00,,2026-09-25T15:01:09.547840+00:00,,2026-09-25T15:01:09.548840+00:00,,2026-09-25T15:01:09.549840+00:00,,2026-09-25T15:01:09.550840+00:00,,2026-09-25T15:01:09.551840+00:00,,2026-09-25T15:01:09.552840+00:00,,2026-09-25T15:01:09.553840+00:00,,2026-09-25T15:01:09.554840+00:00,,2026-09-25T15:01:09.555840+00:00,,2026-09-25T15:01:09.556840+00:00,,2026-09-25T15:01:09.558841+00:00,,2026-09-25T15:01:09.559841+00:00,,2026-09-25T15:01:09.560841+00:00,,2026-09-25T15:01:09.561841+00:00,,2026-09-25T15:01:09.562841+00:00,,2026-09-25T15:01:09.563841+00:00,,2026-09-25T15:01:09.564841+00:00,,2026-09-25T15:01:09.565841+00:00,,2026-09-25T15:01:09.566841+00:00,,2026-09-25T15:01:09.567841+00:00,,2026-09-25T15:01:09.568841+00:00,,2026-09-25T15:01:09.569841+00:00,,2026-09-25T15:01:09.570841+00:00,,2026-09-25T15:01:09.571841+00:00,,2026-09-25T15:01:09.572841+00:00,,2026-09-25T15:01:09.573841+00:00,,2026-09-25T15:01:09.574841+00:00,,2026-09-25T15:01:09.575842+00:00,,2026-09-25T15:01:09.576842+00:00,,2026-09-25T15:01:09.577842+00:00,,2026-09-25T15:01:09.578842+00:00,,2026-09-25T15:01:09.579842+00:00,,2026-09-25T15:01:09.580842+00:00,,2026-09-25T15:01:09.581842+00:00,,2026-09-25T15:01:09.582842+00:00,,2026-09-25T15:01:09.583842+00:00,,2026-09-25T15:01:09.584842+00:00,,2026-09-25T15:01:09.585842+00:00,,2026-09-25T15:01:09.586842+00:00,,2026-09-25T15:01:09.587842+00:00,,2026-09-25T15:01:09.588842+00:00,,2026-09-25T15:01:09.589842+00:00,,2026-09-25T15:01:09.590842+00:00,,2026-09-25T15:01:09.591842+00:00,,2026-09-25T15:01:09.592843+00:00,,2026-09-25T15:01:09.593843+00:00,,2026-09-25T15:01:09.594843+00:00,,2026-09-25T15:01:09.595843+00:00,,2026-09-25T15:01:09.608843+00:00,,2026-09-25T15:01:09.597843+00:00,,2026-09-25T15:01:09.598843+00:00,,2026-09-25T15:01:09.599843+00:00,,2026-09-25T15:01:09.600843+00:00,,2026-09-25T15:01:09.601843+00:00,,2026-09-25T15:01:09.602843+00:00,,2026-09-25T15:01:09.603843+00:00,,2026-09-25T15:01:09.604843+00:00,,2026-09-25T15:01:09.605843+00:00,,2026-09-25T15:01:09.606843+00:00,,2026-09-25T15:01:09.596843+00:00,,2026-09-25T15:01:09.609843+00:00,,2026-09-25T15:01:09.610844+00:00,,2026-09-25T15:01:09.611844+00:00,,2026-09-25T15:01:09.612844+00:00,,2026-09-25T15:01:09.613844+00:00,,2026-09-25T15:01:09.614844+00:00,,2026-09-25T15:01:09.615844+00:00,,2026-09-25T15:01:09.616844+00:00,,2026-09-25T15:01:09.617844+00:00,,2026-09-25T15:01:09.618844+00:00,,2026-09-25T15:01:09.619844+00:00,
125,2026-09-25T13:32:04.997082+00:00,2026-09-25T15:01:09.982865+00:00,87.005,2026-09-25T15:01:09.895860+00:00,,2026-09-25T15:01:09.900860+00:00,,2026-09-25T15:01:09.901860+00:00,,2026-09-25T15:01:09.902860+00:00,,2026-09-25T15:01:09.903860+00:00,,2026-09-25T15:01:09.904860+00:00,,2026-09-25T15:01:09.905860+00:00,,2026-09-25T15:01:09.906860+00:00,,2026-09-25T15:01:09.907861+00:00,,2026-09-25T15:01:09.919861+00:00,,2026-09-25T15:01:09.909861+00:00,,2026-09-25T15:01:09.910861+00:00,,2026-09-25T15:01:09.911861+00:00,,2026-09-25T15:01:09.912861+00:00,,2026-09-25T15:01:09.913861+00:00,,2026-09-25T15:01:09.914861+00:00,,2026-09-25T15:01:09.915861+00:00,,2026-09-25T15:01:09.916861+00:00,,2026-09-25T15:01:09.917861+00:00,,2026-09-25T15:01:09.918861+00:00,,2026-09-25T15:01:09.908861+00:00,,2026-09-25T15:01:09.920861+00:00,,2026-09-25T15:01:09.921861+00:00,,2026-09-25T15:01:09.922861+00:00,,2026-09-25T15:01:09.923861+00:00,,2026-09-25T15:01:09.924861+00:00,,2026-09-25T15:01:09.925862+00:00,,2026-09-25T15:01:09.926862+00:00,,2026-09-25T15:01:09.927862+00:00,,2026-09-25T15:01:09.928862+00:00,,2026-09-25T15:01:09.929862+00:00,,2026-09-25T15:01:09.930862+00:00,,2026-09-25T15:01:09.931862+00:00,,2026-09-25T15:01:09.932862+00:00,,2026-09-25T15:01:09.933862+00:00,,2026-09-25T15:01:09.934862+00:00,,2026-09-25T15:01:09.935862+00:00,,2026-09-25T15:01:09.936862+00:00,,2026-09-25T15:01:09.937862+00:00,,2026-09-25T15:01:09.938862+00:00,,2026-09-25T15:01:09.939862+00:00,,2026-09-25T15:01:09.940862+00:00,,2026-09-25T15:01:09.941862+00:00,,2026-09-25T15:01:09.942863+00:00,,2026-09-25T15:01:09.943863+00:00,,2026-09-25T15:01:09.944863+00:00,,2026-09-25T15:01:09.956863+00:00,,2026-09-25T15:01:09.946863+00:00,,2026-09-25T15:01:09.947863+00:00,,2026-09-25T15:01:09.948863+00:00,,2026-09-25T15:01:09.949863+00:00,,2026-09-25T15:01:09.950863+00:00,,2026-09-25T15:01:09.951863+00:00,,2026-09-25T15:01:09.952863+00:00,,2026-09-25T15:01:09.953863+00:00,,2026-09-25T15:01:09.954863+00:00,,2026-09-25T15:01:09.955863+00:00,,2026-09-25T15:01:09.957863+00:00,,2026-09-25T15:01:09.958863+00:00,,2026-09-25T15:01:09.959863+00:00,,2026-09-25T15:01:09.971864+00:00,,2026-09-25T15:01:09.961864+00:00,,2026-09-25T15:01:09.962864+00:00,,2026-09-25T15:01:09.963864+00:00,,2026-09-25T15:01:09.964864+00:00,,2026-09-25T15:01:09.965864+00:00,,2026-09-25T15:01:09.966864+00:00,,2026-09-25T15:01:09.967864+00:00,,2026-09-25T15:01:09.968864+00:00,,2026-09-25T15:01:09.969864+00:00,,2026-09-25T15:01:09.970864+00:00,,2026-09-25T15:01:09.960864+00:00,,2026-09-25T15:01:09.972864+00:00,,2026-09-25T15:01:09.973864+00:00,,2026-09-25T15:01:09.974864+00:00,,2026-09-25T15:01:09.975864+00:00,,2026-09-25T15:01:09.976864+00:00,,2026-09-25T15:01:09.977865+00:00,,2026-09-25T15:01:09.978865+00:00,,2026-09-25T15:01:09.979865+00:00,,2026-09-25T15:01:09.980865+00:00,,2026-09-25T15:01:09.981865+00:00,,2026-09-25T15:01:09.982865+00:00,
126,2026-09-25T13:32:05.345010+00:00,2026-09-25T15:01:10.332885+00:00,93.00500000000001,2026-09-25T15:01:10.239880+00:00,,2026-09-25T15:01:10.250880+00:00,,2026-09-25T15:01:10.261881+00:00,,2026-09-25T15:01:10.252880+00:00,,2026-09-25T15:01:10.253880+00:00,,2026-09-25T15:01:10.265881+00:00,,2026-09-25T15:01:10.255880+00:00,,2026-09-25T15:01:10.267881+00:00,,2026-09-25T15:01:10.268881+00:00,,2026-09-25T15:01:10.258881+00:00,,2026-09-25T15:01:10.259881+00:00,,2026-09-25T15:01:10.251880+00:00,,2026-09-25T15:01:10.260881+00:00,,2026-09-25T15:01:10.262881+00:00,,2026-09-25T15:01:10.263881+00:00,,2026-09-25T15:01:10.264881+00:00,,2026-09-25T15:01:10.254880+00:00,,2026-09-25T15:01:10.266881+00:00,,2026-09-25T15:01:10.256880+00:00,,2026-09-25T15:01:10.257881+00:00,,2026-09-25T15:01:10.269881+00:00,,2026-09-25T15:01:10.270881+00:00,,2026-09-25T15:01:10.271881+00:00,,2026-09-25T15:01:10.272881+00:00,,2026-09-25T15:01:10.273881+00:00,,2026-09-25T15:01:10.274882+00:00,,2026-09-25T15:01:10.275882+00:00,,2026-09-25T15:01:10.276882+00:00,,2026-09-25T15:01:10.277882+00:00,,2026-09-25T15:01:10.278882+00:00,,2026-09-25T15:01:10.279882+00:00,,2026-09-25T15:01:10.280882+00:00,,2026-09-25T15:01:10.281882+00:00,,2026-09-25T15:01:10.282882+00:00,,2026-09-25T15:01:10.283882+00:00,,2026-09-25T15:01:10.284882+00:00,,2026-09-25T15:01:10.285882+00:00,,2026-09-25T15:01:10.286882+00:00,,2026-09-25T15:01:10.287882+00:00,,2026-09-25T15:01:10.288882+00:00,,2026-09-25T15:01:10.289882+00:00,,2026-09-25T15:01:10.301883+00:00,,2026-09-25T15:01:10.291882+00:00,,2026-09-25T15:01:10.303883+00:00,,2026-09-25T15:01:10.293883+00:00,,2026-09-25T15:01:10.294883+00:00,,2026-09-25T15:01:10.306883+00:00,,2026-09-25T15:01:10.296883+00:00,,2026-09-25T15:01:10.297883+00:00,,2026-09-25T15:01:10.298883+00:00,,2026-09-25T15:01:10.299883+00:00,,2026-09-25T15:01:10.300883+00:00,,2026-09-25T15:01:10.290882+00:00,,2026-09-25T15:01:10.302883+00:00,,2026-09-25T15:01:10.292883+00:00,,2026-09-25T15:01:10.304883+00:00,,2026-09-25T15:01:10.305883+00:00,,2026-09-25T15:01:10.307883+00:00,,2026-09-25T15:01:10.308883+00:00,,2026-09-25T15:01:10.309884+00:00,,2026-09-25T15:01:10.310884+00:00,,2026-09-25T15:01:10.311884+00:00,,2026-09-25T15:01:10.312884+00:00,,2026-09-25T15:01:10.313884+00:00,,2026-09-25T15:01:10.314884+00:00,,2026-09-25T15:01:10.315884+00:00,,2026-09-25T15:01:10.316884+00:00,,2026-09-25T15:01:10.317884+00:00,,2026-09-25T15:01:10.318884+00:00,,2026-09-25T15:01:10.319884+00:00,,2026-09-25T15:01:10.320884+00:00,,2026-09-25T15:01:10.321884+00:00,,2026-09-25T15:01:10.322884+00:00,,2026-09-25T15:01:10.323884+00:00,,2026-09-25T15:01:10.324884+00:00,,2026-09-25T15:01:10.325884+00:00,,2026-09-25T15:01:10.326884+00:00,,2026-09-25T15:01:10.327885+00:00,,2026-09-25T15:01:10.328885+00:00,,2026-09-25T15:01:10.329885+00:00,,2026-09-25T15:01:10.330885+00:00,,2026-09-25T15:01:10.331885+00:00,,2026-09-25T15:01:10.332885+00:00,
127,2026-09-25T13:32:05.718452+00:00,2026-09-25T15:01:10.677905+00:00,90.006,2026-09-25T15:01:10.587899+00:00,,2026-09-25T15:01:10.594900+00:00,,2026-09-25T15:01:10.606901+00:00,,2026-09-25T15:01:10.596900+00:00,,2026-09-25T15:01:10.597900+00:00,,2026-09-25T15:01:10.598900+00:00,,2026-09-25T15:01:10.599900+00:00,,2026-09-25T15:01:10.600900+00:00,,2026-09-25T15:01:10.601900+00:00,,2026-09-25T15:01:10.602900+00:00,,2026-09-25T15:01:10.603900+00:00,,2026-09-25T15:01:10.604900+00:00,,2026-09-25T15:01:10.605900+00:00,,2026-09-25T15:01:10.607901+00:00,,2026-09-25T15:01:10.608901+00:00,,2026-09-25T15:01:10.609901+00:00,,2026-09-25T15:01:10.610901+00:00,,2026-09-25T15:01:10.611901+00:00,,2026-09-25T15:01:10.612901+00:00,,2026-09-25T15:01:10.613901+00:00,,2026-09-25T15:01:10.614901+00:00,,2026-09-25T15:01:10.615901+00:00,,2026-09-25T15:01:10.616901+00:00,,2026-09-25T15:01:10.617901+00:00,,2026-09-25T15:01:10.618901+00:00,,2026-09-25T15:01:10.619901+00:00,,2026-09-25T15:01:10.620901+00:00,,2026-09-25T15:01:10.621901+00:00,,2026-09-25T15:01:10.622901+00:00,,2026-09-25T15:01:10.623901+00:00,,2026-09-25T15:01:10.624902+00:00,,2026-09-25T15:01:10.625902+00:00,,2026-09-25T15:01:10.626902+00:00,,2026-09-25T15:01:10.627902+00:00,,2026-09-25T15:01:10.628902+00:00,,2026-09-25T15:01:10.629902+00:00,,2026-09-25T15:01:10.630902+00:00,,2026-09-25T15:01:10.631902+00:00,,2026-09-25T15:01:10.632902+00:00,,2026-09-25T15:01:10.633902+00:00,,2026-09-25T15:01:10.634902+00:00,,2026-09-25T15:01:10.635902+00:00,,2026-09-25T15:01:10.636902+00:00,,2026-09-25T15:01:10.637902+00:00,,2026-09-25T15:01:10.638902+00:00,,2026-09-25T15:01:10.639902+00:00,,2026-09-25T15:01:10.640902+00:00,,2026-09-25T15:01:10.641903+00:00,,2026-09-25T15:01:10.642903+00:00,,2026-09-25T15:01:10.643903+00:00,,2026-09-25T15:01:10.644903+00:00,,2026-09-25T15:01:10.656903+00:00,,2026-09-25T15:01:10.646903+00:00,,2026-09-25T15:01:10.647903+00:00,,2026-09-25T15:01:10.648903+00:00,,2026-09-25T15:01:10.649903+00:00,,2026-09-25T15:01:10.650903+00:00,,2026-09-25T15:01:10.651903+00:00,,2026-09-25T15:01:10.652903+00:00,,2026-09-25T15:01:10.653903+00:00,,2026-09-25T15:01:10.654903+00:00,,2026-09-25T15:01:10.655903+00:00,,2026-09-25T15:01:10.657903+00:00,,2026-09-25T15:01:10.658903+00:00,,2026-09-25T15:01:10.659904+00:00,,2026-09-25T15:01:10.660904+00:00,,2026-09-25T15:01:10.672904+00:00,,2026-09-25T15:01:10.662904+00:00,,2026-09-25T15:01:10.663904+00:00,,2026-09-25T15:01:10.664904+00:00,,2026-09-25T15:01:10.665904+00:00,,2026-09-25T15:01:10.666904+00:00,,2026-09-25T15:01:10.667904+00:00,,2026-09-25T15:01:10.668904+00:00,,2026-09-25T15:01:10.669904+00:00,,2026-09-25T15:01:10.670904+00:00,,2026-09-25T15:01:10.671904+00:00,,2026-09-25T15:01:10.661904+00:00,,2026-09-25T15:01:10.673904+00:00,,2026-09-25T15:01:10.674904+00:00,,2026-09-25T15:01:10.675904+00:00,,2026-09-25T15:01:10.676905+00:00,,2026-09-25T15:01:10.677905+00:00,
128,2026-09-25T13:32:06.063981+00:00,2026-09-25T15:01:11.047926+00:00,87.005,2026-09-25T15:01:10.960921+00:00,,2026-09-25T15:01:10.965921+00:00,,2026-09-25T15:01:10.966921+00:00,,2026-09-25T15:01:10.967921+00:00,,2026-09-25T15:01:10.968921+00:00,,2026-09-25T15:01:10.969921+00:00,,2026-09-25T15:01:10.970921+00:00,,2026-09-25T15:01:10.971921+00:00,,2026-09-25T15:01:10.972921+00:00,,2026-09-25T15:01:10.973921+00:00,,2026-09-25T15:01:10.974922+00:00,,2026-09-25T15:01:10.975922+00:00,,2026-09-25T15:01:10.976922+00:00,,2026-09-25T15:01:10.977922+00:00,,2026-09-25T15:01:10.978922+00:00,,2026-09-25T15:01:10.979922+00:00,,2026-09-25T15:01:10.980922+00:00,,2026-09-25T15:01:10.981922+00:00,,2026-09-25T15:01:10.982922+00:00,,2026-09-25T15:01:10.983922+00:00,,2026-09-25T15:01:11.006923+00:00,,2026-09-25T15:01:10.985922+00:00,,2026-09-25T15:01:10.986922+00:00,,2026-09-25T15:01:10.987922+00:00,,2026-09-25T15:01:10.988922+00:00,,2026-09-25T15:01:10.989922+00:00,,2026-09-25T15:01:10.990922+00:00,,2026-09-25T15:01:10.991923+00:00,,2026-09-25T15:01:10.992923+00:00,,2026-09-25T15:01:10.993923+00:00,,2026-09-25T15:01:10.994923+00:00,,2026-09-25T15:01:10.984922+00:00,,2026-09-25T15:01:10.996923+00:00,,2026-09-25T15:01:10.997923+00:00,,2026-09-25T15:01:10.998923+00:00,,2026-09-25T15:01:10.999923+00:00,,2026-09-25T15:01:11.011924+00:00,,2026-09-25T15:01:11.001923+00:00,,2026-09-25T15:01:11.002923+00:00,,2026-09-25T15:01:11.003923+00:00,,2026-09-25T15:01:11.004923+00:00,,2026-09-25T15:01:11.005923+00:00,,2026-09-25T15:01:11.007923+00:00,,2026-09-25T15:01:11.008923+00:00,,2026-09-25T15:01:11.009924+00:00,,2026-09-25T15:01:11.010924+00:00,,2026-09-25T15:01:11.000923+00:00,,2026-09-25T15:01:11.012924+00:00,,2026-09-25T15:01:11.013924+00:00,,2026-09-25T15:01:11.014924+00:00,,2026-09-25T15:01:11.015924+00:00,,2026-09-25T15:01:11.016924+00:00,,2026-09-25T15:01:11.017924+00:00,,2026-09-25T15:01:11.018924+00:00,,2026-09-25T15:01:11.019924+00:00,,2026-09-25T15:01:11.020924+00:00,,2026-09-25T15:01:11.021924+00:00,,2026-09-25T15:01:11.022924+00:00,,2026-09-25T15:01:11.023924+00:00,,2026-09-25T15:01:11.024924+00:00,,2026-09-25T15:01:11.025924+00:00,,2026-09-25T15:01:11.026925+00:00,,2026-09-25T15:01:11.027925+00:00,,2026-09-25T15:01:11.028925+00:00,,2026-09-25T15:01:11.029925+00:00,,2026-09-25T15:01:11.030925+00:00,,2026-09-25T15:01:11.031925+00:00,,2026-09-25T15:01:11.032925+00:00,,2026-09-25T15:01:11.044926+00:00,,2026-09-25T15:01:11.034925+00:00,,2026-09-25T15:01:11.035925+00:00,,2026-09-25T15:01:11.036925+00:00,,2026-09-25T15:01:11.037925+00:00,,2026-09-25T15:01:11.038925+00:00,,2026-09-25T15:01:11.039925+00:00,,2026-09-25T15:01:11.040925+00:00,,2026-09-25T15:01:11.041925+00:00,,2026-09-25T15:01:11.042925+00:00,,2026-09-25T15:01:11.043925+00:00,,2026-09-25T15:01:11.033925+00:00,,2026-09-25T15:01:11.045926+00:00,,2026-09-25T15:01:11.046926+00:00,,2026-09-25T15:01:11.047926+00:00,
129,2026-09-25T13:32:06.406808+00:00,2026-09-25T15:01:11.395946+00:00,89.005,2026-09-25T15:01:11.306941+00:00,,2026-09-25T15:01:11.310941+00:00,,2026-09-25T15:01:11.311941+00:00,,2026-09-25T15:01:11.312941+00:00,,2026-09-25T15:01:11.313941+00:00,,2026-09-25T15:01:11.314941+00:00,,2026-09-25T15:01:11.315941+00:00,,2026-09-25T15:01:11.316941+00:00,,2026-09-25T15:01:11.317941+00:00,,2026-09-25T15:01:11.318941+00:00,,2026-09-25T15:01:11.319941+00:00,,2026-09-25T15:01:11.320941+00:00,,2026-09-25T15:01:11.321941+00:00,,2026-09-25T15:01:11.322941+00:00,,2026-09-25T15:01:11.323942+00:00,,2026-09-25T15:01:11.324942+00:00,,2026-09-25T15:01:11.325942+00:00,,2026-09-25T15:01:11.326942+00:00,,2026-09-25T15:01:11.327942+00:00,,2026-09-25T15:01:11.328942+00:00,,2026-09-25T15:01:11.329942+00:00,,2026-09-25T15:01:11.330942+00:00,,2026-09-25T15:01:11.331942+00:00,,2026-09-25T15:01:11.332942+00:00,,2026-09-25T15:01:11.333942+00:00,,2026-09-25T15:01:11.334942+00:00,,2026-09-25T15:01:11.335942+00:00,,2026-09-25T15:01:11.336942+00:00,,2026-09-25T15:01:11.337942+00:00,,2026-09-25T15:01:11.338942+00:00,,2026-09-25T15:01:11.339942+00:00,,2026-09-25T15:01:11.340942+00:00,,2026-09-25T15:01:11.341943+00:00,,2026-09-25T15:01:11.342943+00:00,,2026-09-25T15:01:11.343943+00:00,,2026-09-25T15:01:11.355943+00:00,,2026-09-25T15:01:11.345943+00:00,,2026-09-25T15:01:11.346943+00:00,,2026-09-25T15:01:11.347943+00:00,,2026-09-25T15:01:11.359944+00:00,,2026-09-25T15:01:11.360944+00:00,,2026-09-25T15:01:11.350943+00:00,,2026-09-25T15:01:11.351943+00:00,,2026-09-25T15:01:11.352943+00:00,,2026-09-25T15:01:11.353943+00:00,,2026-09-25T15:01:11.354943+00:00,,2026-09-25T15:01:11.356943+00:00,,2026-09-25T15:01:11.357943+00:00,,2026-09-25T15:01:11.358944+00:00,,2026-09-25T15:01:11.348943+00:00,,2026-09-25T15:01:11.349943+00:00,,2026-09-25T15:01:11.361944+00:00,,2026-09-25T15:01:11.362944+00:00,,2026-09-25T15:01:11.363944+00:00,,2026-09-25T15:01:11.375944+00:00,,2026-09-25T15:01:11.365944+00:00,,2026-09-25T15:01:11.366944+00:00,,2026-09-25T15:01:11.367944+00:00,,2026-09-25T15:01:11.368944+00:00,,2026-09-25T15:01:11.369944+00:00,,2026-09-25T15:01:11.370944+00:00,,2026-09-25T15:01:11.384945+00:00,,2026-09-25T15:01:11.372944+00:00,,2026-09-25T15:01:11.373944+00:00,,2026-09-25T15:01:11.374944+00:00,,2026-09-25T15:01:11.364944+00:00,,2026-09-25T15:01:11.376945+00:00,,2026-09-25T15:01:11.377945+00:00,,2026-09-25T15:01:11.378945+00:00,,2026-09-25T15:01:11.380945+00:00,,2026-09-25T15:01:11.393946+00:00,,2026-09-25T15:01:11.383945+00:00,,2026-09-25T15:01:11.371944+00:00,,2026-09-25T15:01:11.385945+00:00,,2026-09-25T15:01:11.386945+00:00,,2026-09-25T15:01:11.387945+00:00,,2026-09-25T15:01:11.388945+00:00,,2026-09-25T15:01:11.389945+00:00,,2026-09-25T15:01:11.390945+00:00,,2026-09-25T15:01:11.391945+00:00,,2026-09-25T15:01:11.382945+00:00,,2026-09-25T15:01:11.392945+00:00,,2026-09-25T15:01:11.395946+00:00,
130,2026-09-25T13:32:06.799309+00:00,2026-09-25T15:01:11.759966+00:00,102.005,2026-09-25T15:01:11.657961+00:00,,2026-09-25T15:01:11.676962+00:00,,2026-09-25T15:01:11.677962+00:00,,2026-09-25T15:01:11.678962+00:00,,2026-09-25T15:01:11.679962+00:00,,2026-09-25T15:01:11.680962+00:00,,2026-09-25T15:01:11.681962+00:00,,2026-09-25T15:01:11.682962+00:00,,2026-09-25T15:01:11.683962+00:00,,2026-09-25T15:01:11.684962+00:00,,2026-09-25T15:01:11.685962+00:00,,2026-09-25T15:01:11.686962+00:00,,2026-09-25T15:01:11.687962+00:00,,2026-09-25T15:01:11.688962+00:00,,2026-09-25T15:01:11.700963+00:00,,2026-09-25T15:01:11.690963+00:00,,2026-09-25T15:01:11.691963+00:00,,2026-09-25T15:01:11.692963+00:00,,2026-09-25T15:01:11.693963+00:00,,2026-09-25T15:01:11.706963+00:00,,2026-09-25T15:01:11.695963+00:00,,2026-09-25T15:01:11.696963+00:00,,2026-09-25T15:01:11.697963+00:00,,2026-09-25T15:01:11.698963+00:00,,2026-09-25T15:01:11.699963+00:00,,2026-09-25T15:01:11.689962+00:00,,2026-09-25T15:01:11.701963+00:00,,2026-09-25T15:01:11.702963+00:00,,2026-09-25T15:01:11.703963+00:00,,2026-09-25T15:01:11.704963+00:00,,2026-09-25T15:01:11.705963+00:00,,2026-09-25T15:01:11.707963+00:00,,2026-09-25T15:01:11.708964+00:00,,2026-09-25T15:01:11.709964+00:00,,2026-09-25T15:01:11.710964+00:00,,2026-09-25T15:01:11.711964+00:00,,2026-09-25T15:01:11.712964+00:00,,2026-09-25T15:01:11.713964+00:00,,2026-09-25T15:01:11.714964+00:00,,2026-09-25T15:01:11.726965+00:00,,2026-09-25T15:01:11.716964+00:00,,2026-09-25T15:01:11.717964+00:00,,2026-09-25T15:01:11.718964+00:00,,2026-09-25T15:01:11.719964+00:00,,2026-09-25T15:01:11.720964+00:00,,2026-09-25T15:01:11.721964+00:00,,2026-09-25T15:01:11.722964+00:00,,2026-09-25T15:01:11.723964+00:00,,2026-09-25T15:01:11.724964+00:00,,2026-09-25T15:01:11.725965+00:00,,2026-09-25T15:01:11.715964+00:00,,2026-09-25T15:01:11.727965+00:00,,2026-09-25T15:01:11.728965+00:00,,2026-09-25T15:01:11.729965+00:00,,2026-09-25T15:01:11.730965+00:00,,2026-09-25T15:01:11.731965+00:00,,2026-09-25T15:01:11.732965+00:00,,2026-09-25T15:01:11.733965+00:00,,2026-09-25T15:01:11.734965+00:00,,2026-09-25T15:01:11.735965+00:00,,2026-09-25T15:01:11.736965+00:00,,2026-09-25T15:01:11.737965+00:00,,2026-09-25T15:01:11.749966+00:00,,2026-09-25T15:01:11.739965+00:00,,2026-09-25T15:01:11.740965+00:00,,2026-09-25T15:01:11.741965+00:00,,2026-09-25T15:01:11.753966+00:00,,2026-09-25T15:01:11.743966+00:00,,2026-09-25T15:01:11.744966+00:00,,2026-09-25T15:01:11.745966+00:00,,2026-09-25T15:01:11.746966+00:00,,2026-09-25T15:01:11.747966+00:00,,2026-09-25T15:01:11.748966+00:00,,2026-09-25T15:01:11.738965+00:00,,2026-09-25T15:01:11.750966+00:00,,2026-09-25T15:01:11.751966+00:00,,2026-09-25T15:01:11.752966+00:00,,2026-09-25T15:01:11.742965+00:00,,2026-09-25T15:01:11.754966+00:00,,2026-09-25T15:01:11.756966+00:00,,2026-09-25T15:01:11.757966+00:00,,2026-09-25T15:01:11.758966+00:00,,2026-09-25T15:01:11.759966+00:00,
131,2026-09-25T13:32:07.140589+00:00,2026-09-25T15:01:12.128988+00:00,86.005,2026-09-25T15:01:12.042983+00:00,,2026-09-25T15:01:12.046983+00:00,,2026-09-25T15:01:12.047983+00:00,,2026-09-25T15:01:12.059984+00:00,,2026-09-25T15:01:12.049983+00:00,,2026-09-25T15:01:12.061984+00:00,,2026-09-25T15:01:12.051983+00:00,,2026-09-25T15:01:12.052983+00:00,,2026-09-25T15:01:12.053983+00:00,,2026-09-25T15:01:12.054983+00:00,,2026-09-25T15:01:12.055983+00:00,,2026-09-25T15:01:12.056983+00:00,,2026-09-25T15:01:12.057983+00:00,,2026-09-25T15:01:12.058984+00:00,,2026-09-25T15:01:12.048983+00:00,,2026-09-25T15:01:12.060984+00:00,,2026-09-25T15:01:12.050983+00:00,,2026-09-25T15:01:12.062984+00:00,,2026-09-25T15:01:12.063984+00:00,,2026-09-25T15:01:12.064984+00:00,,2026-09-25T15:01:12.065984+00:00,,2026-09-25T15:01:12.077985+00:00,,2026-09-25T15:01:12.067984+00:00,,2026-09-25T15:01:12.068984+00:00,,2026-09-25T15:01:12.069984+00:00,,2026-09-25T15:01:12.070984+00:00,,2026-09-25T15:01:12.071984+00:00,,2026-09-25T15:01:12.072984+00:00,,2026-09-25T15:01:12.073984+00:00,,2026-09-25T15:01:12.074984+00:00,,2026-09-25T15:01:12.075985+00:00,,2026-09-25T15:01:12.076985+00:00,,2026-09-25T15:01:12.066984+00:00,,2026-09-25T15:01:12.078985+00:00,,2026-09-25T15:01:12.079985+00:00,,2026-09-25T15:01:12.080985+00:00,,2026-09-25T15:01:12.081985+00:00,,2026-09-25T15:01:12.082985+00:00,,2026-09-25T15:01:12.083985+00:00,,2026-09-25T15:01:12.084985+00:00,,2026-09-25T15:01:12.085985+00:00,,2026-09-25T15:01:12.086985+00:00,,2026-09-25T15:01:12.087985+00:00,,2026-09-25T15:01:12.088985+00:00,,2026-09-25T15:01:12.089985+00:00,,2026-09-25T15:01:12.090985+00:00,,2026-09-25T15:01:12.091985+00:00,,2026-09-25T15:01:12.092986+00:00,,2026-09-25T15:01:12.093986+00:00,,2026-09-25T15:01:12.105986+00:00,,2026-09-25T15:01:12.095986+00:00,,2026-09-25T15:01:12.096986+00:00,,2026-09-25T15:01:12.108986+00:00,,2026-09-25T15:01:12.098986+00:00,,2026-09-25T15:01:12.099986+00:00,,2026-09-25T15:01:12.100986+00:00,,2026-09-25T15:01:12.101986+00:00,,2026-09-25T15:01:12.102986+00:00,,2026-09-25T15:01:12.103986+00:00,,2026-09-25T15:01:12.104986+00:00,,2026-09-25T15:01:12.106986+00:00,,2026-09-25T15:01:12.107986+00:00,,2026-09-25T15:01:12.097986+00:00,,2026-09-25T15:01:12.109986+00:00,,2026-09-25T15:01:12.110987+00:00,,2026-09-25T15:01:12.111987+00:00,,2026-09-25T15:01:12.112987+00:00,,2026-09-25T15:01:12.113987+00:00,,2026-09-25T15:01:12.114987+00:00,,2026-09-25T15:01:12.115987+00:00,,2026-09-25T15:01:12.116987+00:00,,2026-09-25T15:01:12.117987+00:00,,2026-09-25T15:01:12.118987+00:00,,2026-09-25T15:01:12.119987+00:00,,2026-09-25T15:01:12.120987+00:00,,2026-09-25T15:01:12.121987+00:00,,2026-09-25T15:01:12.122987+00:00,,2026-09-25T15:01:12.123987+00:00,,2026-09-25T15:01:12.124987+00:00,,2026-09-25T15:01:12.125987+00:00,,2026-09-25T15:01:12.126987+00:00,,2026-09-25T15:01:12.127988+00:00,,2026-09-25T15:01:12.128988+00:00,
132,2026-09-25T13:32:07.488540+00:00,2026-09-25T15:01:12.476007+00:00,92.00500000000001,2026-09-25T15:01:12.384002+00:00,,2026-09-25T15:01:12.390002+00:00,,2026-09-25T15:01:12.391003+00:00,,2026-09-25T15:01:12.392003+00:00,,2026-09-25T15:01:12.393003+00:00,,2026-09-25T15:01:12.394003+00:00,,2026-09-25T15:01:12.410004+00:00,,2026-09-25T15:01:12.397003+00:00,,2026-09-25T15:01:12.398003+00:00,,2026-09-25T15:01:12.399003+00:00,,2026-09-25T15:01:12.400003+00:00,,2026-09-25T15:01:12.401003+00:00,,2026-09-25T15:01:12.402003+00:00,,2026-09-25T15:01:12.403003+00:00,,2026-09-25T15:01:12.405003+00:00,,2026-09-25T15:01:12.407003+00:00,,2026-09-25T15:01:12.408004+00:00,,2026-09-25T15:01:12.396003+00:00,,2026-09-25T15:01:12.411004+00:00,,2026-09-25T15:01:12.412004+00:00,,2026-09-25T15:01:12.413004+00:00,,2026-09-25T15:01:12.425004+00:00,,2026-09-25T15:01:12.415004+00:00,,2026-09-25T15:01:12.416004+00:00,,2026-09-25T15:01:12.417004+00:00,,2026-09-25T15:01:12.418004+00:00,,2026-09-25T15:01:12.419004+00:00,,2026-09-25T15:01:12.420004+00:00,,2026-09-25T15:01:12.421004+00:00,,2026-09-25T15:01:12.422004+00:00,,2026-09-25T15:01:12.423004+00:00,,2026-09-25T15:01:12.424004+00:00,,2026-09-25T15:01:12.414004+00:00,,2026-09-25T15:01:12.426005+00:00,,2026-09-25T15:01:12.427005+00:00,,2026-09-25T15:01:12.428005+00:00,,2026-09-25T15:01:12.429005+00:00,,2026-09-25T15:01:12.430005+00:00,,2026-09-25T15:01:12.431005+00:00,,2026-09-25T15:01:12.432005+00:00,,2026-09-25T15:01:12.433005+00:00,,2026-09-25T15:01:12.434005+00:00,,2026-09-25T15:01:12.435005+00:00,,2026-09-25T15:01:12.436005+00:00,,2026-09-25T15:01:12.437005+00:00,,2026-09-25T15:01:12.438005+00:00,,2026-09-25T15:01:12.439005+00:00,,2026-09-25T15:01:12.440005+00:00,,2026-09-25T15:01:12.441005+00:00,,2026-09-25T15:01:12.442005+00:00,,2026-09-25T15:01:12.443006+00:00,,2026-09-25T15:01:12.444006+00:00,,2026-09-25T15:01:12.456006+00:00,,2026-09-25T15:01:12.446006+00:00,,2026-09-25T15:01:12.447006+00:00,,2026-09-25T15:01:12.448006+00:00,,2026-09-25T15:01:12.449006+00:00,,2026-09-25T15:01:12.450006+00:00,,2026-09-25T15:01:12.451006+00:00,,2026-09-25T15:01:12.452006+00:00,,2026-09-25T15:01:12.453006+00:00,,2026-09-25T15:01:12.454006+00:00,,2026-09-25T15:01:12.455006+00:00,,2026-09-25T15:01:12.468007+00:00,,2026-09-25T15:01:12.458006+00:00,,2026-09-25T15:01:12.459006+00:00,,2026-09-25T15:01:12.460006+00:00,,2026-09-25T15:01:12.461007+00:00,,2026-09-25T15:01:12.462007+00:00,,2026-09-25T15:01:12.463007+00:00,,2026-09-25T15:01:12.464007+00:00,,2026-09-25T15:01:12.465007+00:00,,2026-09-25T15:01:12.466007+00:00,,2026-09-25T15:01:12.467007+00:00,,2026-09-25T15:01:12.457006+00:00,,2026-09-25T15:01:12.469007+00:00,,2026-09-25T15:01:12.470007+00:00,,2026-09-25T15:01:12.471007+00:00,,2026-09-25T15:01:12.472007+00:00,,2026-09-25T15:01:12.473007+00:00,,2026-09-25T15:01:12.474007+00:00,,2026-09-25T15:01:12.475007+00:00,,2026-09-25T15:01:12.476007+00:00,
133,2026-09-25T13:32:07.866046+00:00,2026-09-25T15:01:12.828028+00:00,95.006,2026-09-25T15:01:12.733022+00:00,,2026-09-25T15:01:12.746023+00:00,,2026-09-25T15:01:12.747023+00:00,,2026-09-25T15:01:12.748023+00:00,,2026-09-25T15:01:12.749023+00:00,,2026-09-25T15:01:12.750023+00:00,,2026-09-25T15:01:12.751023+00:00,,2026-09-25T15:01:12.752023+00:00,,2026-09-25T15:01:12.753023+00:00,,2026-09-25T15:01:12.754023+00:00,,2026-09-25T15:01:12.755023+00:00,,2026-09-25T15:01:12.756023+00:00,,2026-09-25T15:01:12.768024+00:00,,2026-09-25T15:01:12.769024+00:00,,2026-09-25T15:01:12.759024+00:00,,2026-09-25T15:01:12.760024+00:00,,2026-09-25T15:01:12.772024+00:00,,2026-09-25T15:01:12.762024+00:00,,2026-09-25T15:01:12.763024+00:00,,2026-09-25T15:01:12.764024+00:00,,2026-09-25T15:01:12.765024+00:00,,2026-09-25T15:01:12.766024+00:00,,2026-09-25T15:01:12.767024+00:00,,2026-09-25T15:01:12.757023+00:00,,2026-09-25T15:01:12.758024+00:00,,2026-09-25T15:01:12.770024+00:00,,2026-09-25T15:01:12.771024+00:00,,2026-09-25T15:01:12.761024+00:00,,2026-09-25T15:01:12.773024+00:00,,2026-09-25T15:01:12.774024+00:00,,2026-09-25T15:01:12.775025+00:00,,2026-09-25T15:01:12.776025+00:00,,2026-09-25T15:01:12.777025+00:00,,2026-09-25T15:01:12.778025+00:00,,2026-09-25T15:01:12.779025+00:00,,2026-09-25T15:01:12.780025+00:00,,2026-09-25T15:01:12.781025+00:00,,2026-09-25T15:01:12.782025+00:00,,2026-09-25T15:01:12.783025+00:00,,2026-09-25T15:01:12.784025+00:00,,2026-09-25T15:01:12.785025+00:00,,2026-09-25T15:01:12.786025+00:00,,2026-09-25T15:01:12.787025+00:00,,2026-09-25T15:01:12.788025+00:00,,2026-09-25T15:01:12.789025+00:00,,2026-09-25T15:01:12.790025+00:00,,2026-09-25T15:01:12.791025+00:00,,2026-09-25T15:01:12.792025+00:00,,2026-09-25T15:01:12.793026+00:00,,2026-09-25T15:01:12.805026+00:00,,2026-09-25T15:01:12.795026+00:00,,2026-09-25T15:01:12.796026+00:00,,2026-09-25T15:01:12.797026+00:00,,2026-09-25T15:01:12.798026+00:00,,2026-09-25T15:01:12.799026+00:00,,2026-09-25T15:01:12.800026+00:00,,2026-09-25T15:01:12.801026+00:00,,2026-09-25T15:01:12.802026+00:00,,2026-09-25T15:01:12.803026+00:00,,2026-09-25T15:01:12.804026+00:00,,2026-09-25T15:01:12.806026+00:00,,2026-09-25T15:01:12.818027+00:00,,2026-09-25T15:01:12.808026+00:00,,2026-09-25T15:01:12.809026+00:00,,2026-09-25T15:01:12.810027+00:00,,2026-09-25T15:01:12.811027+00:00,,2026-09-25T15:01:12.812027+00:00,,2026-09-25T15:01:12.813027+00:00,,2026-09-25T15:01:12.814027+00:00,,2026-09-25T15:01:12.815027+00:00,,2026-09-25T15:01:12.816027+00:00,,2026-09-25T15:01:12.817027+00:00,,2026-09-25T15:01:12.807026+00:00,,2026-09-25T15:01:12.819027+00:00,,2026-09-25T15:01:12.820027+00:00,,2026-09-25T15:01:12.821027+00:00,,2026-09-25T15:01:12.822027+00:00,,2026-09-25T15:01:12.823027+00:00,,2026-09-25T15:01:12.824027+00:00,,2026-09-25T15:01:12.825027+00:00,,2026-09-25T15:01:12.826027+00:00,,2026-09-25T15:01:12.827027+00:00,,2026-09-25T15:01:12.828028+00:00,
134,2026-09-25T13:32:08.287703+00:00,2026-09-25T15:01:13.200049+00:00,89.005,2026-09-25T15:01:13.111044+00:00,,2026-09-25T15:01:13.116044+00:00,,2026-09-25T15:01:13.117044+00:00,,2026-09-25T15:01:13.129045+00:00,,2026-09-25T15:01:13.119044+00:00,,2026-09-25T15:01:13.120044+00:00,,2026-09-25T15:01:13.121044+00:00,,2026-09-25T15:01:13.122044+00:00,,2026-09-25T15:01:13.123044+00:00,,2026-09-25T15:01:13.124044+00:00,,2026-09-25T15:01:13.125045+00:00,,2026-09-25T15:01:13.126045+00:00,,2026-09-25T15:01:13.127045+00:00,,2026-09-25T15:01:13.128045+00:00,,2026-09-25T15:01:13.118044+00:00,,2026-09-25T15:01:13.130045+00:00,,2026-09-25T15:01:13.131045+00:00,,2026-09-25T15:01:13.132045+00:00,,2026-09-25T15:01:13.133045+00:00,,2026-09-25T15:01:13.134045+00:00,,2026-09-25T15:01:13.135045+00:00,,2026-09-25T15:01:13.136045+00:00,,2026-09-25T15:01:13.137045+00:00,,2026-09-25T15:01:13.138045+00:00,,2026-09-25T15:01:13.139045+00:00,,2026-09-25T15:01:13.140045+00:00,,2026-09-25T15:01:13.141045+00:00,,2026-09-25T15:01:13.142046+00:00,,2026-09-25T15:01:13.143046+00:00,,2026-09-25T15:01:13.155046+00:00,,2026-09-25T15:01:13.145046+00:00,,2026-09-25T15:01:13.146046+00:00,,2026-09-25T15:01:13.147046+00:00,,2026-09-25T15:01:13.148046+00:00,,2026-09-25T15:01:13.149046+00:00,,2026-09-25T15:01:13.150046+00:00,,2026-09-25T15:01:13.151046+00:00,,2026-09-25T15:01:13.152046+00:00,,2026-09-25T15:01:13.153046+00:00,,2026-09-25T15:01:13.154046+00:00,,2026-09-25T15:01:13.156046+00:00,,2026-09-25T15:01:13.157046+00:00,,2026-09-25T15:01:13.158046+00:00,,2026-09-25T15:01:13.159046+00:00,,2026-09-25T15:01:13.160047+00:00,,2026-09-25T15:01:13.161047+00:00,,2026-09-25T15:01:13.162047+00:00,,2026-09-25T15:01:13.163047+00:00,,2026-09-25T15:01:13.164047+00:00,,2026-09-25T15:01:13.165047+00:00,,2026-09-25T15:01:13.166047+00:00,,2026-09-25T15:01:13.167047+00:00,,2026-09-25T15:01:13.168047+00:00,,2026-09-25T15:01:13.169047+00:00,,2026-09-25T15:01:13.170047+00:00,,2026-09-25T15:01:13.171047+00:00,,2026-09-25T15:01:13.172047+00:00,,2026-09-25T15:01:13.173047+00:00,,2026-09-25T15:01:13.174047+00:00,,2026-09-25T15:01:13.175047+00:00,,2026-09-25T15:01:13.176047+00:00,,2026-09-25T15:01:13.177048+00:00,,2026-09-25T15:01:13.178048+00:00,,2026-09-25T15:01:13.179048+00:00,,2026-09-25T15:01:13.180048+00:00,,2026-09-25T15:01:13.181048+00:00,,2026-09-25T15:01:13.182048+00:00,,2026-09-25T15:01:13.183048+00:00,,2026-09-25T15:01:13.184048+00:00,,2026-09-25T15:01:13.186048+00:00,,2026-09-25T15:01:13.187048+00:00,,2026-09-25T15:01:13.199049+00:00,,2026-09-25T15:01:13.189048+00:00,,2026-09-25T15:01:13.190048+00:00,,2026-09-25T15:01:13.191048+00:00,,2026-09-25T15:01:13.192048+00:00,,2026-09-25T15:01:13.193048+00:00,,2026-09-25T15:01:13.200049+00:00,,2026-09-25T15:01:13.195049+00:00,,2026-09-25T15:01:13.196049+00:00,,2026-09-25T15:01:13.197049+00:00,,2026-09-25T15:01:13.198049+00:00,,2026-09-25T15:01:13.188048+00:00,
135,2026-09-25T13:32:08.640056+00:00,2026-09-25T15:01:13.628073+00:00,97.005,2026-09-25T15:01:13.531068+00:00,,2026-09-25T15:01:13.543068+00:00,,2026-09-25T15:01:13.557069+00:00,,2026-09-25T15:01:13.546069+00:00,,2026-09-25T15:01:13.547069+00:00,,2026-09-25T15:01:13.548069+00:00,,2026-09-25T15:01:13.560069+00:00,,2026-09-25T15:01:13.550069+00:00,,2026-09-25T15:01:13.551069+00:00,,2026-09-25T15:01:13.552069+00:00,,2026-09-25T15:01:13.564070+00:00,,2026-09-25T15:01:13.554069+00:00,,2026-09-25T15:01:13.555069+00:00,,2026-09-25T15:01:13.556069+00:00,,2026-09-25T15:01:13.558069+00:00,,2026-09-25T15:01:13.559069+00:00,,2026-09-25T15:01:13.549069+00:00,,2026-09-25T15:01:13.561069+00:00,,2026-09-25T15:01:13.562070+00:00,,2026-09-25T15:01:13.563070+00:00,,2026-09-25T15:01:13.553069+00:00,,2026-09-25T15:01:13.565070+00:00,,2026-09-25T15:01:13.566070+00:00,,2026-09-25T15:01:13.567070+00:00,,2026-09-25T15:01:13.568070+00:00,,2026-09-25T15:01:13.569070+00:00,,2026-09-25T15:01:13.570070+00:00,,2026-09-25T15:01:13.571070+00:00,,2026-09-25T15:01:13.572070+00:00,,2026-09-25T15:01:13.573070+00:00,,2026-09-25T15:01:13.574070+00:00,,2026-09-25T15:01:13.575070+00:00,,2026-09-25T15:01:13.576070+00:00,,2026-09-25T15:01:13.577070+00:00,,2026-09-25T15:01:13.578070+00:00,,2026-09-25T15:01:13.579070+00:00,,2026-09-25T15:01:13.580071+00:00,,2026-09-25T15:01:13.581071+00:00,,2026-09-25T15:01:13.582071+00:00,,2026-09-25T15:01:13.583071+00:00,,2026-09-25T15:01:13.584071+00:00,,2026-09-25T15:01:13.585071+00:00,,2026-09-25T15:01:13.586071+00:00,,2026-09-25T15:01:13.587071+00:00,,2026-09-25T15:01:13.588071+00:00,,2026-09-25T15:01:13.589071+00:00,,2026-09-25T15:01:13.590071+00:00,,2026-09-25T15:01:13.591071+00:00,,2026-09-25T15:01:13.592071+00:00,,2026-09-25T15:01:13.593071+00:00,,2026-09-25T15:01:13.605072+00:00,,2026-09-25T15:01:13.595071+00:00,,2026-09-25T15:01:13.607072+00:00,,2026-09-25T15:01:13.597072+00:00,,2026-09-25T15:01:13.598072+00:00,,2026-09-25T15:01:13.599072+00:00,,2026-09-25T15:01:13.600072+00:00,,2026-09-25T15:01:13.601072+00:00,,2026-09-25T15:01:13.602072+00:00,,2026-09-25T15:01:13.603072+00:00,,2026-09-25T15:01:13.604072+00:00,,2026-09-25T15:01:13.606072+00:00,,2026-09-25T15:01:13.596071+00:00,,2026-09-25T15:01:13.608072+00:00,,2026-09-25T15:01:13.609072+00:00,,2026-09-25T15:01:13.610072+00:00,,2026-09-25T15:01:13.612072+00:00,,2026-09-25T15:01:13.613072+00:00,,2026-09-25T15:01:13.614073+00:00,,2026-09-25T15:01:13.615073+00:00,,2026-09-25T15:01:13.616073+00:00,,2026-09-25T15:01:13.617073+00:00,,2026-09-25T15:01:13.618073+00:00,,2026-09-25T15:01:13.619073+00:00,,2026-09-25T15:01:13.620073+00:00,,2026-09-25T15:01:13.621073+00:00,,2026-09-25T15:01:13.622073+00:00,,2026-09-25T15:01:13.623073+00:00,,2026-09-25T15:01:13.624073+00:00,,2026-09-25T15:01:13.625073+00:00,,2026-09-25T15:01:13.626073+00:00,,2026-09-25T15:01:13.627073+00:00,,2026-09-25T15:01:13.628073+00:00,
136,2026-09-25T13:32:09.028474+00:00,2026-09-25T15:01:13.977093+00:00,93.00500000000001,2026-09-25T15:01:13.884088+00:00,,2026-09-25T15:01:13.890088+00:00,,2026-09-25T15:01:13.891088+00:00,,2026-09-25T15:01:13.892088+00:00,,2026-09-25T15:01:13.893088+00:00,,2026-09-25T15:01:13.905089+00:00,,2026-09-25T15:01:13.895089+00:00,,2026-09-25T15:01:13.896089+00:00,,2026-09-25T15:01:13.897089+00:00,,2026-09-25T15:01:13.898089+00:00,,2026-09-25T15:01:13.899089+00:00,,2026-09-25T15:01:13.912090+00:00,,2026-09-25T15:01:13.901089+00:00,,2026-09-25T15:01:13.902089+00:00,,2026-09-25T15:01:13.903089+00:00,,2026-09-25T15:01:13.904089+00:00,,2026-09-25T15:01:13.906089+00:00,,2026-09-25T15:01:13.907089+00:00,,2026-09-25T15:01:13.908089+00:00,,2026-09-25T15:01:13.921090+00:00,,2026-09-25T15:01:13.923090+00:00,,2026-09-25T15:01:13.900089+00:00,,2026-09-25T15:01:13.913090+00:00,,2026-09-25T15:01:13.914090+00:00,,2026-09-25T15:01:13.915090+00:00,,2026-09-25T15:01:13.916090+00:00,,2026-09-25T15:01:13.917090+00:00,,2026-09-25T15:01:13.918090+00:00,,2026-09-25T15:01:13.919090+00:00,,2026-09-25T15:01:13.920090+00:00,,2026-09-25T15:01:13.909089+00:00,,2026-09-25T15:01:13.911089+00:00,,2026-09-25T15:01:13.936091+00:00,,2026-09-25T15:01:13.937091+00:00,,2026-09-25T15:01:13.927090+00:00,,2026-09-25T15:01:13.928090+00:00,,2026-09-25T15:01:13.929091+00:00,,2026-09-25T15:01:13.930091+00:00,,2026-09-25T15:01:13.931091+00:00,,2026-09-25T15:01:13.932091+00:00,,2026-09-25T15:01:13.933091+00:00,,2026-09-25T15:01:13.934091+00:00,,2026-09-25T15:01:13.947092+00:00,,2026-09-25T15:01:13.925090+00:00,,2026-09-25T15:01:13.926090+00:00,,2026-09-25T15:01:13.938091+00:00,,2026-09-25T15:01:13.940091+00:00,,2026-09-25T15:01:13.941091+00:00,,2026-09-25T15:01:13.942091+00:00,,2026-09-25T15:01:13.943091+00:00,,2026-09-25T15:01:13.955092+00:00,,2026-09-25T15:01:13.945091+00:00,,2026-09-25T15:01:13.946091+00:00,,2026-09-25T15:01:13.935091+00:00,,2026-09-25T15:01:13.948092+00:00,,2026-09-25T15:01:13.949092+00:00,,2026-09-25T15:01:13.950092+00:00,,2026-09-25T15:01:13.951092+00:00,,2026-09-25T15:01:13.952092+00:00,,2026-09-25T15:01:13.953092+00:00,,2026-09-25T15:01:13.954092+00:00,,2026-09-25T15:01:13.956092+00:00,,2026-09-25T15:01:13.957092+00:00,,2026-09-25T15:01:13.958092+00:00,,2026-09-25T15:01:13.959092+00:00,,2026-09-25T15:01:13.960092+00:00,,2026-09-25T15:01:13.961092+00:00,,2026-09-25T15:01:13.962092+00:00,,2026-09-25T15:01:13.963092+00:00,,2026-09-25T15:01:13.964093+00:00,,2026-09-25T15:01:13.965093+00:00,,2026-09-25T15:01:13.966093+00:00,,2026-09-25T15:01:13.967093+00:00,,2026-09-25T15:01:13.968093+00:00,,2026-09-25T15:01:13.969093+00:00,,2026-09-25T15:01:13.970093+00:00,,2026-09-25T15:01:13.971093+00:00,,2026-09-25T15:01:13.972093+00:00,,2026-09-25T15:01:13.973093+00:00,,2026-09-25T15:01:13.974093+00:00,,2026-09-25T15:01:13.975093+00:00,,2026-09-25T15:01:13.976093+00:00,,2026-09-25T15:01:13.977093+00:00,
137,2026-09-25T13:32:09.415162+00:00,2026-09-25T15:01:14.404118+00:00,92.006,2026-09-25T15:01:14.312112+00:00,,2026-09-25T15:01:14.319113+00:00,,2026-09-25T15:01:14.320113+00:00,,2026-09-25T15:01:14.321113+00:00,,2026-09-25T15:01:14.322113+00:00,,2026-09-25T15:01:14.323113+00:00,,2026-09-25T15:01:14.324113+00:00,,2026-09-25T15:01:14.325113+00:00,,2026-09-25T15:01:14.326113+00:00,,2026-09-25T15:01:14.327113+00:00,,2026-09-25T15:01:14.328113+00:00,,2026-09-25T15:01:14.329113+00:00,,2026-09-25T15:01:14.330113+00:00,,2026-09-25T15:01:14.331114+00:00,,2026-09-25T15:01:14.332114+00:00,,2026-09-25T15:01:14.333114+00:00,,2026-09-25T15:01:14.334114+00:00,,2026-09-25T15:01:14.335114+00:00,,2026-09-25T15:01:14.336114+00:00,,2026-09-25T15:01:14.337114+00:00,,2026-09-25T15:01:14.338114+00:00,,2026-09-25T15:01:14.339114+00:00,,2026-09-25T15:01:14.340114+00:00,,2026-09-25T15:01:14.341114+00:00,,2026-09-25T15:01:14.342114+00:00,,2026-09-25T15:01:14.354115+00:00,,2026-09-25T15:01:14.344114+00:00,,2026-09-25T15:01:14.345114+00:00,,2026-09-25T15:01:14.346114+00:00,,2026-09-25T15:01:14.347114+00:00,,2026-09-25T15:01:14.348114+00:00,,2026-09-25T15:01:14.349115+00:00,,2026-09-25T15:01:14.350115+00:00,,2026-09-25T15:01:14.351115+00:00,,2026-09-25T15:01:14.352115+00:00,,2026-09-25T15:01:14.353115+00:00,,2026-09-25T15:01:14.366116+00:00,,2026-09-25T15:01:14.356115+00:00,,2026-09-25T15:01:14.357115+00:00,,2026-09-25T15:01:14.358115+00:00,,2026-09-25T15:01:14.359115+00:00,,2026-09-25T15:01:14.360115+00:00,,2026-09-25T15:01:14.361115+00:00,,2026-09-25T15:01:14.362115+00:00,,2026-09-25T15:01:14.363115+00:00,,2026-09-25T15:01:14.364115+00:00,,2026-09-25T15:01:14.365115+00:00,,2026-09-25T15:01:14.355115+00:00,,2026-09-25T15:01:14.367116+00:00,,2026-09-25T15:01:14.368116+00:00,,2026-09-25T15:01:14.369116+00:00,,2026-09-25T15:01:14.370116+00:00,,2026-09-25T15:01:14.371116+00:00,,2026-09-25T15:01:14.372116+00:00,,2026-09-25T15:01:14.373116+00:00,,2026-09-25T15:01:14.374116+00:00,,2026-09-25T15:01:14.375116+00:00,,2026-09-25T15:01:14.377116+00:00,,2026-09-25T15:01:14.378116+00:00,,2026-09-25T15:01:14.379116+00:00,,2026-09-25T15:01:14.380116+00:00,,2026-09-25T15:01:14.381116+00:00,,2026-09-25T15:01:14.382116+00:00,,2026-09-25T15:01:14.383116+00:00,,2026-09-25T15:01:14.384117+00:00,,2026-09-25T15:01:14.385117+00:00,,2026-09-25T15:01:14.386117+00:00,,2026-09-25T15:01:14.387117+00:00,,2026-09-25T15:01:14.388117+00:00,,2026-09-25T15:01:14.389117+00:00,,2026-09-25T15:01:14.390117+00:00,,2026-09-25T15:01:14.403118+00:00,,2026-09-25T15:01:14.404118+00:00,,2026-09-25T15:01:14.394117+00:00,,2026-09-25T15:01:14.395117+00:00,,2026-09-25T15:01:14.396117+00:00,,2026-09-25T15:01:14.397117+00:00,,2026-09-25T15:01:14.398117+00:00,,2026-09-25T15:01:14.399117+00:00,,2026-09-25T15:01:14.400117+00:00,,2026-09-25T15:01:14.401118+00:00,,2026-09-25T15:01:14.402118+00:00,,2026-09-25T15:01:14.392117+00:00,
138,2026-09-25T13:32:09.782009+00:00,2026-09-25T15:01:14.769139+00:00,109.007,2026-09-25T15:01:14.660132+00:00,,2026-09-25T15:01:14.681134+00:00,,2026-09-25T15:01:14.682134+00:00,,2026-09-25T15:01:14.683134+00:00,,2026-09-25T15:01:14.684134+00:00,,2026-09-25T15:01:14.685134+00:00,,2026-09-25T15:01:14.686134+00:00,,2026-09-25T15:01:14.687134+00:00,,2026-09-25T15:01:14.689134+00:00,,2026-09-25T15:01:14.702135+00:00,,2026-09-25T15:01:14.692134+00:00,,2026-09-25T15:01:14.706135+00:00,,2026-09-25T15:01:14.694134+00:00,,2026-09-25T15:01:14.695134+00:00,,2026-09-25T15:01:14.696134+00:00,,2026-09-25T15:01:14.697134+00:00,,2026-09-25T15:01:14.698135+00:00,,2026-09-25T15:01:14.699135+00:00,,2026-09-25T15:01:14.700135+00:00,,2026-09-25T15:01:14.701135+00:00,,2026-09-25T15:01:14.691134+00:00,,2026-09-25T15:01:14.715135+00:00,,2026-09-25T15:01:14.705135+00:00,,2026-09-25T15:01:14.707135+00:00,,2026-09-25T15:01:14.708135+00:00,,2026-09-25T15:01:14.709135+00:00,,2026-09-25T15:01:14.710135+00:00,,2026-09-25T15:01:14.711135+00:00,,2026-09-25T15:01:14.712135+00:00,,2026-09-25T15:01:14.713135+00:00,,2026-09-25T15:01:14.714135+00:00,,2026-09-25T15:01:14.704135+00:00,,2026-09-25T15:01:14.716136+00:00,,2026-09-25T15:01:14.717136+00:00,,2026-09-25T15:01:14.718136+00:00,,2026-09-25T15:01:14.719136+00:00,,2026-09-25T15:01:14.720136+00:00,,2026-09-25T15:01:14.721136+00:00,,2026-09-25T15:01:14.722136+00:00,,2026-09-25T15:01:14.723136+00:00,,2026-09-25T15:01:14.724136+00:00,,2026-09-25T15:01:14.725136+00:00,,2026-09-25T15:01:14.726136+00:00,,2026-09-25T15:01:14.727136+00:00,,2026-09-25T15:01:14.728136+00:00,,2026-09-25T15:01:14.729136+00:00,,2026-09-25T15:01:14.730136+00:00,,2026-09-25T15:01:14.731136+00:00,,2026-09-25T15:01:14.732136+00:00,,2026-09-25T15:01:14.733137+00:00,,2026-09-25T15:01:14.734137+00:00,,2026-09-25T15:01:14.746137+00:00,,2026-09-25T15:01:14.747137+00:00,,2026-09-25T15:01:14.737137+00:00,,2026-09-25T15:01:14.738137+00:00,,2026-09-25T15:01:14.739137+00:00,,2026-09-25T15:01:14.740137+00:00,,2026-09-25T15:01:14.741137+00:00,,2026-09-25T15:01:14.742137+00:00,,2026-09-25T15:01:14.755138+00:00,,2026-09-25T15:01:14.744137+00:00,,2026-09-25T15:01:14.745137+00:00,,2026-09-25T15:01:14.735137+00:00,,2026-09-25T15:01:14.736137+00:00,,2026-09-25T15:01:14.748137+00:00,,2026-09-25T15:01:14.749137+00:00,,2026-09-25T15:01:14.751138+00:00,,2026-09-25T15:01:14.752138+00:00,,2026-09-25T15:01:14.753138+00:00,,2026-09-25T15:01:14.754138+00:00,,2026-09-25T15:01:14.756138+00:00,,2026-09-25T15:01:14.769139+00:00,,2026-09-25T15:01:14.758138+00:00,,2026-09-25T15:01:14.759138+00:00,,2026-09-25T15:01:14.760138+00:00,,2026-09-25T15:01:14.761138+00:00,,2026-09-25T15:01:14.762138+00:00,,2026-09-25T15:01:14.763138+00:00,,2026-09-25T15:01:14.764138+00:00,,2026-09-25T15:01:14.765138+00:00,,2026-09-25T15:01:14.767138+00:00,,2026-09-25T15:01:14.768139+00:00,,2026-09-25T15:01:14.757138+00:00,
139,2026-09-25T13:32:10.202654+00:00,2026-09-25T15:01:15.119159+00:00,94.006,2026-09-25T15:01:15.025153+00:00,,2026-09-25T15:01:15.031154+00:00,,2026-09-25T15:01:15.033154+00:00,,2026-09-25T15:01:15.034154+00:00,,2026-09-25T15:01:15.035154+00:00,,2026-09-25T15:01:15.036154+00:00,,2026-09-25T15:01:15.037154+00:00,,2026-09-25T15:01:15.038154+00:00,,2026-09-25T15:01:15.039154+00:00,,2026-09-25T15:01:15.040154+00:00,,2026-09-25T15:01:15.041154+00:00,,2026-09-25T15:01:15.042154+00:00,,2026-09-25T15:01:15.055155+00:00,,2026-09-25T15:01:15.044154+00:00,,2026-09-25T15:01:15.045154+00:00,,2026-09-25T15:01:15.046154+00:00,,2026-09-25T15:01:15.047154+00:00,,2026-09-25T15:01:15.048155+00:00,,2026-09-25T15:01:15.074156+00:00,,2026-09-25T15:01:15.051155+00:00,,2026-09-25T15:01:15.052155+00:00,,2026-09-25T15:01:15.053155+00:00,,2026-09-25T15:01:15.054155+00:00,,2026-09-25T15:01:15.056155+00:00,,2026-09-25T15:01:15.057155+00:00,,2026-09-25T15:01:15.071156+00:00,,2026-09-25T15:01:15.060155+00:00,,2026-09-25T15:01:15.061155+00:00,,2026-09-25T15:01:15.050155+00:00,,2026-09-25T15:01:15.064155+00:00,,2026-09-25T15:01:15.065155+00:00,,2026-09-25T15:01:15.066156+00:00,,2026-09-25T15:01:15.067156+00:00,,2026-09-25T15:01:15.068156+00:00,,2026-09-25T15:01:15.069156+00:00,,2026-09-25T15:01:15.070156+00:00,,2026-09-25T15:01:15.059155+00:00,,2026-09-25T15:01:15.072156+00:00,,2026-09-25T15:01:15.073156+00:00,,2026-09-25T15:01:15.063155+00:00,,2026-09-25T15:01:15.075156+00:00,,2026-09-25T15:01:15.076156+00:00,,2026-09-25T15:01:15.077156+00:00,,2026-09-25T15:01:15.078156+00:00,,2026-09-25T15:01:15.079156+00:00,,2026-09-25T15:01:15.080156+00:00,,2026-09-25T15:01:15.081156+00:00,,2026-09-25T15:01:15.082156+00:00,,2026-09-25T15:01:15.083157+00:00,,2026-09-25T15:01:15.084157+00:00,,2026-09-25T15:01:15.085157+00:00,,2026-09-25T15:01:15.086157+00:00,,2026-09-25T15:01:15.087157+00:00,,2026-09-25T15:01:15.088157+00:00,,2026-09-25T15:01:15.089157+00:00,,2026-09-25T15:01:15.090157+00:00,,2026-09-25T15:01:15.091157+00:00,,2026-09-25T15:01:15.092157+00:00,,2026-09-25T15:01:15.104158+00:00,,2026-09-25T15:01:15.094157+00:00,,2026-09-25T15:01:15.095157+00:00,,2026-09-25T15:01:15.096157+00:00,,2026-09-25T15:01:15.097157+00:00,,2026-09-25T15:01:15.098157+00:00,,2026-09-25T15:01:15.099157+00:00,,2026-09-25T15:01:15.100158+00:00,,2026-09-25T15:01:15.101158+00:00,,2026-09-25T15:01:15.102158+00:00,,2026-09-25T15:01:15.103158+00:00,,2026-09-25T15:01:15.105158+00:00,,2026-09-25T15:01:15.106158+00:00,,2026-09-25T15:01:15.107158+00:00,,2026-09-25T15:01:15.108158+00:00,,2026-09-25T15:01:15.109158+00:00,,2026-09-25T15:01:15.110158+00:00,,2026-09-25T15:01:15.111158+00:00,,2026-09-25T15:01:15.112158+00:00,,2026-09-25T15:01:15.113158+00:00,,2026-09-25T15:01:15.114158+00:00,,2026-09-25T15:01:15.115158+00:00,,2026-09-25T15:01:15.116158+00:00,,2026-09-25T15:01:15.118159+00:00,,2026-09-25T15:01:15.119159+00:00,
140,2026-09-25T13:32:10.570372+00:00,2026-09-25T15:01:15.559184+00:00,113.00699999999999,2026-09-25T15:01:15.446177+00:00,,2026-09-25T15:01:15.451178+00:00,,2026-09-25T15:01:15.452178+00:00,,2026-09-25T15:01:15.454178+00:00,,2026-09-25T15:01:15.455178+00:00,,2026-09-25T15:01:15.456178+00:00,,2026-09-25T15:01:15.457178+00:00,,2026-09-25T15:01:15.458178+00:00,,2026-09-25T15:01:15.459178+00:00,,2026-09-25T15:01:15.460178+00:00,,2026-09-25T15:01:15.462178+00:00,,2026-09-25T15:01:15.463178+00:00,,2026-09-25T15:01:15.464178+00:00,,2026-09-25T15:01:15.465178+00:00,,2026-09-25T15:01:15.466178+00:00,,2026-09-25T15:01:15.479179+00:00,,2026-09-25T15:01:15.469179+00:00,,2026-09-25T15:01:15.470179+00:00,,2026-09-25T15:01:15.471179+00:00,,2026-09-25T15:01:15.472179+00:00,,2026-09-25T15:01:15.473179+00:00,,2026-09-25T15:01:15.474179+00:00,,2026-09-25T15:01:15.475179+00:00,,2026-09-25T15:01:15.476179+00:00,,2026-09-25T15:01:15.477179+00:00,,2026-09-25T15:01:15.478179+00:00,,2026-09-25T15:01:15.468179+00:00,,2026-09-25T15:01:15.480179+00:00,,2026-09-25T15:01:15.481179+00:00,,2026-09-25T15:01:15.482179+00:00,,2026-09-25T15:01:15.483179+00:00,,2026-09-25T15:01:15.484179+00:00,,2026-09-25T15:01:15.486180+00:00,,2026-09-25T15:01:15.487180+00:00,,2026-09-25T15:01:15.488180+00:00,,2026-09-25T15:01:15.489180+00:00,,2026-09-25T15:01:15.490180+00:00,,2026-09-25T15:01:15.491180+00:00,,2026-09-25T15:01:15.492180+00:00,,2026-09-25T15:01:15.506181+00:00,,2026-09-25T15:01:15.494180+00:00,,2026-09-25T15:01:15.495180+00:00,,2026-09-25T15:01:15.496180+00:00,,2026-09-25T15:01:15.497180+00:00,,2026-09-25T15:01:15.498180+00:00,,2026-09-25T15:01:15.499180+00:00,,2026-09-25T15:01:15.500180+00:00,,2026-09-25T15:01:15.502180+00:00,,2026-09-25T15:01:15.503181+00:00,,2026-09-25T15:01:15.504181+00:00,,2026-09-25T15:01:15.505181+00:00,,2026-09-25T15:01:15.507181+00:00,,2026-09-25T15:01:15.508181+00:00,,2026-09-25T15:01:15.509181+00:00,,2026-09-25T15:01:15.510181+00:00,,2026-09-25T15:01:15.511181+00:00,,2026-09-25T15:01:15.512181+00:00,,2026-09-25T15:01:15.513181+00:00,,2026-09-25T15:01:15.514181+00:00,,2026-09-25T15:01:15.515181+00:00,,2026-09-25T15:01:15.517181+00:00,,2026-09-25T15:01:15.518181+00:00,,2026-09-25T15:01:15.532182+00:00,,2026-09-25T15:01:15.521182+00:00,,2026-09-25T15:01:15.522182+00:00,,2026-09-25T15:01:15.523182+00:00,,2026-09-25T15:01:15.524182+00:00,,2026-09-25T15:01:15.525182+00:00,,2026-09-25T15:01:15.526182+00:00,,2026-09-25T15:01:15.527182+00:00,,2026-09-25T15:01:15.528182+00:00,,2026-09-25T15:01:15.529182+00:00,,2026-09-25T15:01:15.530182+00:00,,2026-09-25T15:01:15.520182+00:00,,2026-09-25T15:01:15.533182+00:00,,2026-09-25T15:01:15.534182+00:00,,2026-09-25T15:01:15.535182+00:00,,2026-09-25T15:01:15.536182+00:00,,2026-09-25T15:01:15.537182+00:00,,2026-09-25T15:01:15.538183+00:00,,2026-09-25T15:01:15.540183+00:00,,2026-09-25T15:01:15.541183+00:00,,2026-09-25T15:01:15.559184+00:00,
141,2026-09-25T13:32:11.029097+00:00,2026-09-25T15:01:16.013210+00:00,194.011,2026-09-25T15:01:15.819199+00:00,,2026-09-25T15:01:15.845200+00:00,,2026-09-25T15:01:15.847200+00:00,,2026-09-25T15:01:15.849200+00:00,,2026-09-25T15:01:15.870202+00:00,,2026-09-25T15:01:15.853201+00:00,,2026-09-25T15:01:15.855201+00:00,,2026-09-25T15:01:15.857201+00:00,,2026-09-25T15:01:15.859201+00:00,,2026-09-25T15:01:15.861201+00:00,,2026-09-25T15:01:15.862201+00:00,,2026-09-25T15:01:15.863201+00:00,,2026-09-25T15:01:15.865201+00:00,,2026-09-25T15:01:15.867201+00:00,,2026-09-25T15:01:15.868201+00:00,,2026-09-25T15:01:15.851200+00:00,,2026-09-25T15:01:15.872202+00:00,,2026-09-25T15:01:15.874202+00:00,,2026-09-25T15:01:15.876202+00:00,,2026-09-25T15:01:15.878202+00:00,,2026-09-25T15:01:15.880202+00:00,,2026-09-25T15:01:15.882202+00:00,,2026-09-25T15:01:15.884202+00:00,,2026-09-25T15:01:15.886202+00:00,,2026-09-25T15:01:15.888203+00:00,,2026-09-25T15:01:15.890203+00:00,,2026-09-25T15:01:15.892203+00:00,,2026-09-25T15:01:15.894203+00:00,,2026-09-25T15:01:15.896203+00:00,,2026-09-25T15:01:15.898203+00:00,,2026-09-25T15:01:15.900203+00:00,,2026-09-25T15:01:15.902203+00:00,,2026-09-25T15:01:15.904203+00:00,,2026-09-25T15:01:15.977208+00:00,,2026-09-25T15:01:15.908204+00:00,,2026-09-25T15:01:15.934205+00:00,,2026-09-25T15:01:15.936205+00:00,,2026-09-25T15:01:15.914204+00:00,,2026-09-25T15:01:15.918204+00:00,,2026-09-25T15:01:15.942206+00:00,,2026-09-25T15:01:15.922205+00:00,,2026-09-25T15:01:15.924205+00:00,,2026-09-25T15:01:15.926205+00:00,,2026-09-25T15:01:15.928205+00:00,,2026-09-25T15:01:15.906204+00:00,,2026-09-25T15:01:15.932205+00:00,,2026-09-25T15:01:15.910204+00:00,,2026-09-25T15:01:15.912204+00:00,,2026-09-25T15:01:15.938205+00:00,,2026-09-25T15:01:15.940206+00:00,,2026-09-25T15:01:15.920204+00:00,,2026-09-25T15:01:15.944206+00:00,,2026-09-25T15:01:15.946206+00:00,,2026-09-25T15:01:15.948206+00:00,,2026-09-25T15:01:15.951206+00:00,,2026-09-25T15:01:15.930205+00:00,,2026-09-25T15:01:15.955206+00:00,,2026-09-25T15:01:15.957207+00:00,,2026-09-25T15:01:15.959207+00:00,,2026-09-25T15:01:15.961207+00:00,,2026-09-25T15:01:15.963207+00:00,,2026-09-25T15:01:15.965207+00:00,,2026-09-25T15:01:15.969207+00:00,,2026-09-25T15:01:15.971207+00:00,,2026-09-25T15:01:15.973207+00:00,,2026-09-25T15:01:15.975208+00:00,,2026-09-25T15:01:15.953206+00:00,,2026-09-25T15:01:15.979208+00:00,,2026-09-25T15:01:15.981208+00:00,,2026-09-25T15:01:15.983208+00:00,,2026-09-25T15:01:15.985208+00:00,,2026-09-25T15:01:15.987208+00:00,,2026-09-25T15:01:15.989208+00:00,,2026-09-25T15:01:16.013210+00:00,,2026-09-25T15:01:15.993209+00:00,,2026-09-25T15:01:15.995209+00:00,,2026-09-25T15:01:15.997209+00:00,,2026-09-25T15:01:15.999209+00:00,,2026-09-25T15:01:16.001209+00:00,,2026-09-25T15:01:16.003209+00:00,,2026-09-25T15:01:16.005209+00:00,,2026-09-25T15:01:16.007209+00:00,,2026-09-25T15:01:16.009209+00:00,
142,2026-09-25T13:32:11.478401+00:00,2026-09-25T15:01:16.467236+00:00,195.011,2026-09-25T15:01:16.272225+00:00,,2026-09-25T15:01:16.278225+00:00,,2026-09-25T15:01:16.280225+00:00,,2026-09-25T15:01:16.282225+00:00,,2026-09-25T15:01:16.284225+00:00,,2026-09-25T15:01:16.286225+00:00,,2026-09-25T15:01:16.288225+00:00,,2026-09-25T15:01:16.311227+00:00,,2026-09-25T15:01:16.292226+00:00,,2026-09-25T15:01:16.294226+00:00,,2026-09-25T15:01:16.319227+00:00,,2026-09-25T15:01:16.298226+00:00,,2026-09-25T15:01:16.300226+00:00,,2026-09-25T15:01:16.325228+00:00,,2026-09-25T15:01:16.304226+00:00,,2026-09-25T15:01:16.329228+00:00,,2026-09-25T15:01:16.307227+00:00,,2026-09-25T15:01:16.309227+00:00,,2026-09-25T15:01:16.290226+00:00,,2026-09-25T15:01:16.313227+00:00,,2026-09-25T15:01:16.317227+00:00,,2026-09-25T15:01:16.296226+00:00,,2026-09-25T15:01:16.321227+00:00,,2026-09-25T15:01:16.323227+00:00,,2026-09-25T15:01:16.302226+00:00,,2026-09-25T15:01:16.327228+00:00,,2026-09-25T15:01:16.306226+00:00,,2026-09-25T15:01:16.353229+00:00,,2026-09-25T15:01:16.355229+00:00,,2026-09-25T15:01:16.335228+00:00,,2026-09-25T15:01:16.337228+00:00,,2026-09-25T15:01:16.339228+00:00,,2026-09-25T15:01:16.341228+00:00,,2026-09-25T15:01:16.365230+00:00,,2026-09-25T15:01:16.345229+00:00,,2026-09-25T15:01:16.347229+00:00,,2026-09-25T15:01:16.349229+00:00,,2026-09-25T15:01:16.351229+00:00,,2026-09-25T15:01:16.331228+00:00,,2026-09-25T15:01:16.333228+00:00,,2026-09-25T15:01:16.357229+00:00,,2026-09-25T15:01:16.359230+00:00,,2026-09-25T15:01:16.361230+00:00,,2026-09-25T15:01:16.363230+00:00,,2026-09-25T15:01:16.367230+00:00,,2026-09-25T15:01:16.369230+00:00,,2026-09-25T15:01:16.371230+00:00,,2026-09-25T15:01:16.373230+00:00,,2026-09-25T15:01:16.375230+00:00,,2026-09-25T15:01:16.377231+00:00,,2026-09-25T15:01:16.379231+00:00,,2026-09-25T15:01:16.381231+00:00,,2026-09-25T15:01:16.383231+00:00,,2026-09-25T15:01:16.385231+00:00,,2026-09-25T15:01:16.387231+00:00,,2026-09-25T15:01:16.389231+00:00,,2026-09-25T15:01:16.391231+00:00,,2026-09-25T15:01:16.415233+00:00,,2026-09-25T15:01:16.395232+00:00,,2026-09-25T15:01:16.397232+00:00,,2026-09-25T15:01:16.399232+00:00,,2026-09-25T15:01:16.401232+00:00,,2026-09-25T15:01:16.403232+00:00,,2026-09-25T15:01:16.405232+00:00,,2026-09-25T15:01:16.407232+00:00,,2026-09-25T15:01:16.409232+00:00,,2026-09-25T15:01:16.411232+00:00,,2026-09-25T15:01:16.413233+00:00,,2026-09-25T15:01:16.417233+00:00,,2026-09-25T15:01:16.419233+00:00,,2026-09-25T15:01:16.467236+00:00,,2026-09-25T15:01:16.423233+00:00,,2026-09-25T15:01:16.425233+00:00,,2026-09-25T15:01:16.427233+00:00,,2026-09-25T15:01:16.429234+00:00,,2026-09-25T15:01:16.431234+00:00,,2026-09-25T15:01:16.433234+00:00,,2026-09-25T15:01:16.435234+00:00,,2026-09-25T15:01:16.437234+00:00,,2026-09-25T15:01:16.439234+00:00,,2026-09-25T15:01:16.441234+00:00,,2026-09-25T15:01:16.421233+00:00,,2026-09-25T15:01:16.445234+00:00,
143,2026-09-25T13:32:11.823838+00:00,2026-09-25T15:01:16.808255+00:00,88.005,2026-09-25T15:01:16.720250+00:00,,2026-09-25T15:01:16.725250+00:00,,2026-09-25T15:01:16.726251+00:00,,2026-09-25T15:01:16.727251+00:00,,2026-09-25T15:01:16.728251+00:00,,2026-09-25T15:01:16.729251+00:00,,2026-09-25T15:01:16.730251+00:00,,2026-09-25T15:01:16.753252+00:00,,2026-09-25T15:01:16.732251+00:00,,2026-09-25T15:01:16.733251+00:00,,2026-09-25T15:01:16.734251+00:00,,2026-09-25T15:01:16.735251+00:00,,2026-09-25T15:01:16.736251+00:00,,2026-09-25T15:01:16.737251+00:00,,2026-09-25T15:01:16.738251+00:00,,2026-09-25T15:01:16.739251+00:00,,2026-09-25T15:01:16.740251+00:00,,2026-09-25T15:01:16.741251+00:00,,2026-09-25T15:01:16.731251+00:00,,2026-09-25T15:01:16.743251+00:00,,2026-09-25T15:01:16.744252+00:00,,2026-09-25T15:01:16.745252+00:00,,2026-09-25T15:01:16.746252+00:00,,2026-09-25T15:01:16.747252+00:00,,2026-09-25T15:01:16.748252+00:00,,2026-09-25T15:01:16.749252+00:00,,2026-09-25T15:01:16.750252+00:00,,2026-09-25T15:01:16.751252+00:00,,2026-09-25T15:01:16.752252+00:00,,2026-09-25T15:01:16.754252+00:00,,2026-09-25T15:01:16.755252+00:00,,2026-09-25T15:01:16.778253+00:00,,2026-09-25T15:01:16.768253+00:00,,2026-09-25T15:01:16.758252+00:00,,2026-09-25T15:01:16.759252+00:00,,2026-09-25T15:01:16.760252+00:00,,2026-09-25T15:01:16.761253+00:00,,2026-09-25T15:01:16.762253+00:00,,2026-09-25T15:01:16.774253+00:00,,2026-09-25T15:01:16.764253+00:00,,2026-09-25T15:01:16.765253+00:00,,2026-09-25T15:01:16.766253+00:00,,2026-09-25T15:01:16.756252+00:00,,2026-09-25T15:01:16.757252+00:00,,2026-09-25T15:01:16.769253+00:00,,2026-09-25T15:01:16.770253+00:00,,2026-09-25T15:01:16.771253+00:00,,2026-09-25T15:01:16.772253+00:00,,2026-09-25T15:01:16.773253+00:00,,2026-09-25T15:01:16.763253+00:00,,2026-09-25T15:01:16.775253+00:00,,2026-09-25T15:01:16.776253+00:00,,2026-09-25T15:01:16.777253+00:00,,2026-09-25T15:01:16.767253+00:00,,2026-09-25T15:01:16.779254+00:00,,2026-09-25T15:01:16.780254+00:00,,2026-09-25T15:01:16.781254+00:00,,2026-09-25T15:01:16.782254+00:00,,2026-09-25T15:01:16.783254+00:00,,2026-09-25T15:01:16.784254+00:00,,2026-09-25T15:01:16.785254+00:00,,2026-09-25T15:01:16.786254+00:00,,2026-09-25T15:01:16.798255+00:00,,2026-09-25T15:01:16.788254+00:00,,2026-09-25T15:01:16.789254+00:00,,2026-09-25T15:01:16.790254+00:00,,2026-09-25T15:01:16.791254+00:00,,2026-09-25T15:01:16.803255+00:00,,2026-09-25T15:01:16.793254+00:00,,2026-09-25T15:01:16.794254+00:00,,2026-09-25T15:01:16.795254+00:00,,2026-09-25T15:01:16.796255+00:00,,2026-09-25T15:01:16.797255+00:00,,2026-09-25T15:01:16.787254+00:00,,2026-09-25T15:01:16.799255+00:00,,2026-09-25T15:01:16.800255+00:00,,2026-09-25T15:01:16.801255+00:00,,2026-09-25T15:01:16.802255+00:00,,2026-09-25T15:01:16.804255+00:00,,2026-09-25T15:01:16.805255+00:00,,2026-09-25T15:01:16.806255+00:00,,2026-09-25T15:01:16.807255+00:00,,2026-09-25T15:01:16.808255+00:00,
144,2026-09-25T13:32:12.235400+00:00,2026-09-25T15:01:17.224279+00:00,89.005,2026-09-25T15:01:17.135274+00:00,,2026-09-25T15:01:17.141274+00:00,,2026-09-25T15:01:17.142274+00:00,,2026-09-25T15:01:17.144274+00:00,,2026-09-25T15:01:17.145274+00:00,,2026-09-25T15:01:17.146275+00:00,,2026-09-25T15:01:17.147275+00:00,,2026-09-25T15:01:17.148275+00:00,,2026-09-25T15:01:17.149275+00:00,,2026-09-25T15:01:17.150275+00:00,,2026-09-25T15:01:17.151275+00:00,,2026-09-25T15:01:17.152275+00:00,,2026-09-25T15:01:17.153275+00:00,,2026-09-25T15:01:17.154275+00:00,,2026-09-25T15:01:17.155275+00:00,,2026-09-25T15:01:17.156275+00:00,,2026-09-25T15:01:17.157275+00:00,,2026-09-25T15:01:17.158275+00:00,,2026-09-25T15:01:17.159275+00:00,,2026-09-25T15:01:17.160275+00:00,,2026-09-25T15:01:17.161275+00:00,,2026-09-25T15:01:17.162275+00:00,,2026-09-25T15:01:17.163276+00:00,,2026-09-25T15:01:17.164276+00:00,,2026-09-25T15:01:17.165276+00:00,,2026-09-25T15:01:17.166276+00:00,,2026-09-25T15:01:17.167276+00:00,,2026-09-25T15:01:17.179276+00:00,,2026-09-25T15:01:17.169276+00:00,,2026-09-25T15:01:17.170276+00:00,,2026-09-25T15:01:17.171276+00:00,,2026-09-25T15:01:17.172276+00:00,,2026-09-25T15:01:17.173276+00:00,,2026-09-25T15:01:17.174276+00:00,,2026-09-25T15:01:17.175276+00:00,,2026-09-25T15:01:17.176276+00:00,,2026-09-25T15:01:17.177276+00:00,,2026-09-25T15:01:17.178276+00:00,,2026-09-25T15:01:17.168276+00:00,,2026-09-25T15:01:17.180276+00:00,,2026-09-25T15:01:17.181277+00:00,,2026-09-25T15:01:17.182277+00:00,,2026-09-25T15:01:17.183277+00:00,,2026-09-25T15:01:17.184277+00:00,,2026-09-25T15:01:17.185277+00:00,,2026-09-25T15:01:17.186277+00:00,,2026-09-25T15:01:17.187277+00:00,,2026-09-25T15:01:17.188277+00:00,,2026-09-25T15:01:17.189277+00:00,,2026-09-25T15:01:17.190277+00:00,,2026-09-25T15:01:17.202278+00:00,,2026-09-25T15:01:17.192277+00:00,,2026-09-25T15:01:17.193277+00:00,,2026-09-25T15:01:17.194277+00:00,,2026-09-25T15:01:17.195277+00:00,,2026-09-25T15:01:17.207278+00:00,,2026-09-25T15:01:17.208278+00:00,,2026-09-25T15:01:17.209278+00:00,,2026-09-25T15:01:17.210278+00:00,,2026-09-25T15:01:17.211278+00:00,,2026-09-25T15:01:17.201278+00:00,,2026-09-25T15:01:17.203278+00:00,,2026-09-25T15:01:17.204278+00:00,,2026-09-25T15:01:17.205278+00:00,,2026-09-25T15:01:17.206278+00:00,,2026-09-25T15:01:17.196277+00:00,,2026-09-25T15:01:17.197277+00:00,,2026-09-25T15:01:17.198278+00:00,,2026-09-25T15:01:17.199278+00:00,,2026-09-25T15:01:17.200278+00:00,,2026-09-25T15:01:17.212278+00:00,,2026-09-25T15:01:17.213278+00:00,,2026-09-25T15:01:17.214278+00:00,,2026-09-25T15:01:17.215278+00:00,,2026-09-25T15:01:17.216279+00:00,,2026-09-25T15:01:17.217279+00:00,,2026-09-25T15:01:17.218279+00:00,,2026-09-25T15:01:17.219279+00:00,,2026-09-25T15:01:17.220279+00:00,,2026-09-25T15:01:17.221279+00:00,,2026-09-25T15:01:17.222279+00:00,,2026-09-25T15:01:17.223279+00:00,,2026-09-25T15:01:17.224279+00:00,
145,2026-09-25T13:32:12.575942+00:00,2026-09-25T15:01:17.563298+00:00,86.005,2026-09-25T15:01:17.477293+00:00,,2026-09-25T15:01:17.480294+00:00,,2026-09-25T15:01:17.481294+00:00,,2026-09-25T15:01:17.482294+00:00,,2026-09-25T15:01:17.483294+00:00,,2026-09-25T15:01:17.484294+00:00,,2026-09-25T15:01:17.485294+00:00,,2026-09-25T15:01:17.486294+00:00,,2026-09-25T15:01:17.487294+00:00,,2026-09-25T15:01:17.501295+00:00,,2026-09-25T15:01:17.488294+00:00,,2026-09-25T15:01:17.489294+00:00,,2026-09-25T15:01:17.502295+00:00,,2026-09-25T15:01:17.492294+00:00,,2026-09-25T15:01:17.493294+00:00,,2026-09-25T15:01:17.494294+00:00,,2026-09-25T15:01:17.495294+00:00,,2026-09-25T15:01:17.496295+00:00,,2026-09-25T15:01:17.497295+00:00,,2026-09-25T15:01:17.498295+00:00,,2026-09-25T15:01:17.499295+00:00,,2026-09-25T15:01:17.500295+00:00,,2026-09-25T15:01:17.490294+00:00,,2026-09-25T15:01:17.503295+00:00,,2026-09-25T15:01:17.504295+00:00,,2026-09-25T15:01:17.505295+00:00,,2026-09-25T15:01:17.506295+00:00,,2026-09-25T15:01:17.507295+00:00,,2026-09-25T15:01:17.508295+00:00,,2026-09-25T15:01:17.509295+00:00,,2026-09-25T15:01:17.510295+00:00,,2026-09-25T15:01:17.511295+00:00,,2026-09-25T15:01:17.512295+00:00,,2026-09-25T15:01:17.513296+00:00,,2026-09-25T15:01:17.514296+00:00,,2026-09-25T15:01:17.515296+00:00,,2026-09-25T15:01:17.516296+00:00,,2026-09-25T15:01:17.517296+00:00,,2026-09-25T15:01:17.518296+00:00,,2026-09-25T15:01:17.519296+00:00,,2026-09-25T15:01:17.520296+00:00,,2026-09-25T15:01:17.521296+00:00,,2026-09-25T15:01:17.522296+00:00,,2026-09-25T15:01:17.523296+00:00,,2026-09-25T15:01:17.524296+00:00,,2026-09-25T15:01:17.525296+00:00,,2026-09-25T15:01:17.526296+00:00,,2026-09-25T15:01:17.527296+00:00,,2026-09-25T15:01:17.528296+00:00,,2026-09-25T15:01:17.529296+00:00,,2026-09-25T15:01:17.530296+00:00,,2026-09-25T15:01:17.531297+00:00,,2026-09-25T15:01:17.532297+00:00,,2026-09-25T15:01:17.533297+00:00,,2026-09-25T15:01:17.534297+00:00,,2026-09-25T15:01:17.535297+00:00,,2026-09-25T15:01:17.547297+00:00,,2026-09-25T15:01:17.537297+00:00,,2026-09-25T15:01:17.538297+00:00,,2026-09-25T15:01:17.539297+00:00,,2026-09-25T15:01:17.540297+00:00,,2026-09-25T15:01:17.552298+00:00,,2026-09-25T15:01:17.542297+00:00,,2026-09-25T15:01:17.543297+00:00,,2026-09-25T15:01:17.544297+00:00,,2026-09-25T15:01:17.556298+00:00,,2026-09-25T15:01:17.546297+00:00,,2026-09-25T15:01:17.536297+00:00,,2026-09-25T15:01:17.548298+00:00,,2026-09-25T15:01:17.560298+00:00,,2026-09-25T15:01:17.550298+00:00,,2026-09-25T15:01:17.551298+00:00,,2026-09-25T15:01:17.553298+00:00,,2026-09-25T15:01:17.554298+00:00,,2026-09-25T15:01:17.555298+00:00,,2026-09-25T15:01:17.545297+00:00,,2026-09-25T15:01:17.557298+00:00,,2026-09-25T15:01:17.558298+00:00,,2026-09-25T15:01:17.559298+00:00,,2026-09-25T15:01:17.549298+00:00,,2026-09-25T15:01:17.561298+00:00,,2026-09-25T15:01:17.562298+00:00,,2026-09-25T15:01:17.563298+00:00,
146,2026-09-25T13:32:12.957478+00:00,2026-09-25T15:01:17.944320+00:00,111.006,2026-09-25T15:01:17.833314+00:00,,2026-09-25T15:01:17.851315+00:00,,2026-09-25T15:01:17.852315+00:00,,2026-09-25T15:01:17.853315+00:00,,2026-09-25T15:01:17.854315+00:00,,2026-09-25T15:01:17.855315+00:00,,2026-09-25T15:01:17.856315+00:00,,2026-09-25T15:01:17.857315+00:00,,2026-09-25T15:01:17.858315+00:00,,2026-09-25T15:01:17.859315+00:00,,2026-09-25T15:01:17.860315+00:00,,2026-09-25T15:01:17.861315+00:00,,2026-09-25T15:01:17.862315+00:00,,2026-09-25T15:01:17.863316+00:00,,2026-09-25T15:01:17.875316+00:00,,2026-09-25T15:01:17.865316+00:00,,2026-09-25T15:01:17.866316+00:00,,2026-09-25T15:01:17.867316+00:00,,2026-09-25T15:01:17.868316+00:00,,2026-09-25T15:01:17.869316+00:00,,2026-09-25T15:01:17.881317+00:00,,2026-09-25T15:01:17.882317+00:00,,2026-09-25T15:01:17.872316+00:00,,2026-09-25T15:01:17.873316+00:00,,2026-09-25T15:01:17.874316+00:00,,2026-09-25T15:01:17.864316+00:00,,2026-09-25T15:01:17.876316+00:00,,2026-09-25T15:01:17.877316+00:00,,2026-09-25T15:01:17.878316+00:00,,2026-09-25T15:01:17.879316+00:00,,2026-09-25T15:01:17.880317+00:00,,2026-09-25T15:01:17.870316+00:00,,2026-09-25T15:01:17.871316+00:00,,2026-09-25T15:01:17.883317+00:00,,2026-09-25T15:01:17.884317+00:00,,2026-09-25T15:01:17.896317+00:00,,2026-09-25T15:01:17.886317+00:00,,2026-09-25T15:01:17.887317+00:00,,2026-09-25T15:01:17.888317+00:00,,2026-09-25T15:01:17.889317+00:00,,2026-09-25T15:01:17.890317+00:00,,2026-09-25T15:01:17.902318+00:00,,2026-09-25T15:01:17.892317+00:00,,2026-09-25T15:01:17.893317+00:00,,2026-09-25T15:01:17.894317+00:00,,2026-09-25T15:01:17.895317+00:00,,2026-09-25T15:01:17.885317+00:00,,2026-09-25T15:01:17.897317+00:00,,2026-09-25T15:01:17.898318+00:00,,2026-09-25T15:01:17.899318+00:00,,2026-09-25T15:01:17.900318+00:00,,2026-09-25T15:01:17.901318+00:00,,2026-09-25T15:01:17.903318+00:00,,2026-09-25T15:01:17.904318+00:00,,2026-09-25T15:01:17.905318+00:00,,2026-09-25T15:01:17.906318+00:00,,2026-09-25T15:01:17.907318+00:00,,2026-09-25T15:01:17.908318+00:00,,2026-09-25T15:01:17.909318+00:00,,2026-09-25T15:01:17.910318+00:00,,2026-09-25T15:01:17.922319+00:00,,2026-09-25T15:01:17.912318+00:00,,2026-09-25T15:01:17.913318+00:00,,2026-09-25T15:01:17.914318+00:00,,2026-09-25T15:01:17.915319+00:00,,2026-09-25T15:01:17.916319+00:00,,2026-09-25T15:01:17.928319+00:00,,2026-09-25T15:01:17.929319+00:00,,2026-09-25T15:01:17.919319+00:00,,2026-09-25T15:01:17.920319+00:00,,2026-09-25T15:01:17.921319+00:00,,2026-09-25T15:01:17.911318+00:00,,2026-09-25T15:01:17.934320+00:00,,2026-09-25T15:01:17.924319+00:00,,2026-09-25T15:01:17.936320+00:00,,2026-09-25T15:01:17.926319+00:00,,2026-09-25T15:01:17.938320+00:00,,2026-09-25T15:01:17.917319+00:00,,2026-09-25T15:01:17.918319+00:00,,2026-09-25T15:01:17.930319+00:00,,2026-09-25T15:01:17.931319+00:00,,2026-09-25T15:01:17.932319+00:00,,2026-09-25T15:01:17.944320+00:00,
147,2026-09-25T13:32:13.300680+00:00,2026-09-25T15:01:18.286340+00:00,87.005,2026-09-25T15:01:18.199335+00:00,,2026-09-25T15:01:18.204335+00:00,,2026-09-25T15:01:18.205335+00:00,,2026-09-25T15:01:18.206335+00:00,,2026-09-25T15:01:18.207335+00:00,,2026-09-25T15:01:18.208335+00:00,,2026-09-25T15:01:18.209335+00:00,,2026-09-25T15:01:18.210335+00:00,,2026-09-25T15:01:18.211335+00:00,,2026-09-25T15:01:18.212336+00:00,,2026-09-25T15:01:18.213336+00:00,,2026-09-25T15:01:18.214336+00:00,,2026-09-25T15:01:18.215336+00:00,,2026-09-25T15:01:18.216336+00:00,,2026-09-25T15:01:18.217336+00:00,,2026-09-25T15:01:18.218336+00:00,,2026-09-25T15:01:18.219336+00:00,,2026-09-25T15:01:18.220336+00:00,,2026-09-25T15:01:18.221336+00:00,,2026-09-25T15:01:18.222336+00:00,,2026-09-25T15:01:18.223336+00:00,,2026-09-25T15:01:18.224336+00:00,,2026-09-25T15:01:18.225336+00:00,,2026-09-25T15:01:18.226336+00:00,,2026-09-25T15:01:18.227336+00:00,,2026-09-25T15:01:18.228336+00:00,,2026-09-25T15:01:18.229336+00:00,,2026-09-25T15:01:18.230337+00:00,,2026-09-25T15:01:18.231337+00:00,,2026-09-25T15:01:18.232337+00:00,,2026-09-25T15:01:18.233337+00:00,,2026-09-25T15:01:18.234337+00:00,,2026-09-25T15:01:18.235337+00:00,,2026-09-25T15:01:18.236337+00:00,,2026-09-25T15:01:18.237337+00:00,,2026-09-25T15:01:18.238337+00:00,,2026-09-25T15:01:18.239337+00:00,,2026-09-25T15:01:18.240337+00:00,,2026-09-25T15:01:18.252338+00:00,,2026-09-25T15:01:18.242337+00:00,,2026-09-25T15:01:18.243337+00:00,,2026-09-25T15:01:18.244337+00:00,,2026-09-25T15:01:18.245337+00:00,,2026-09-25T15:01:18.246337+00:00,,2026-09-25T15:01:18.247338+00:00,,2026-09-25T15:01:18.248338+00:00,,2026-09-25T15:01:18.249338+00:00,,2026-09-25T15:01:18.250338+00:00,,2026-09-25T15:01:18.251338+00:00,,2026-09-25T15:01:18.253338+00:00,,2026-09-25T15:01:18.254338+00:00,,2026-09-25T15:01:18.255338+00:00,,2026-09-25T15:01:18.267339+00:00,,2026-09-25T15:01:18.268339+00:00,,2026-09-25T15:01:18.258338+00:00,,2026-09-25T15:01:18.259338+00:00,,2026-09-25T15:01:18.260338+00:00,,2026-09-25T15:01:18.261338+00:00,,2026-09-25T15:01:18.262338+00:00,,2026-09-25T15:01:18.263338+00:00,,2026-09-25T15:01:18.264338+00:00,,2026-09-25T15:01:18.265339+00:00,,2026-09-25T15:01:18.266339+00:00,,2026-09-25T15:01:18.256338+00:00,,2026-09-25T15:01:18.257338+00:00,,2026-09-25T15:01:18.269339+00:00,,2026-09-25T15:01:18.270339+00:00,,2026-09-25T15:01:18.271339+00:00,,2026-09-25T15:01:18.272339+00:00,,2026-09-25T15:01:18.273339+00:00,,2026-09-25T15:01:18.274339+00:00,,2026-09-25T15:01:18.286340+00:00,,2026-09-25T15:01:18.276339+00:00,,2026-09-25T15:01:18.277339+00:00,,2026-09-25T15:01:18.278339+00:00,,2026-09-25T15:01:18.279339+00:00,,2026-09-25T15:01:18.280339+00:00,,2026-09-25T15:01:18.281339+00:00,,2026-09-25T15:01:18.282340+00:00,,2026-09-25T15:01:18.283340+00:00,,2026-09-25T15:01:18.284340+00:00,,2026-09-25T15:01:18.285340+00:00,,2026-09-25T15:01:18.275339+00:00,
148,2026-09-25T13:32:13.649608+00:00,2026-09-25T15:01:18.631359+00:00,88.005,2026-09-25T15:01:18.543354+00:00,,2026-09-25T15:01:18.549355+00:00,,2026-09-25T15:01:18.550355+00:00,,2026-09-25T15:01:18.551355+00:00,,2026-09-25T15:01:18.552355+00:00,,2026-09-25T15:01:18.553355+00:00,,2026-09-25T15:01:18.554355+00:00,,2026-09-25T15:01:18.555355+00:00,,2026-09-25T15:01:18.567356+00:00,,2026-09-25T15:01:18.568356+00:00,,2026-09-25T15:01:18.558355+00:00,,2026-09-25T15:01:18.570356+00:00,,2026-09-25T15:01:18.560355+00:00,,2026-09-25T15:01:18.561355+00:00,,2026-09-25T15:01:18.562356+00:00,,2026-09-25T15:01:18.563356+00:00,,2026-09-25T15:01:18.564356+00:00,,2026-09-25T15:01:18.565356+00:00,,2026-09-25T15:01:18.566356+00:00,,2026-09-25T15:01:18.556355+00:00,,2026-09-25T15:01:18.557355+00:00,,2026-09-25T15:01:18.569356+00:00,,2026-09-25T15:01:18.559355+00:00,,2026-09-25T15:01:18.571356+00:00,,2026-09-25T15:01:18.572356+00:00,,2026-09-25T15:01:18.573356+00:00,,2026-09-25T15:01:18.574356+00:00,,2026-09-25T15:01:18.575356+00:00,,2026-09-25T15:01:18.576356+00:00,,2026-09-25T15:01:18.577356+00:00,,2026-09-25T15:01:18.578356+00:00,,2026-09-25T15:01:18.579356+00:00,,2026-09-25T15:01:18.580357+00:00,,2026-09-25T15:01:18.592357+00:00,,2026-09-25T15:01:18.582357+00:00,,2026-09-25T15:01:18.583357+00:00,,2026-09-25T15:01:18.584357+00:00,,2026-09-25T15:01:18.585357+00:00,,2026-09-25T15:01:18.586357+00:00,,2026-09-25T15:01:18.587357+00:00,,2026-09-25T15:01:18.588357+00:00,,2026-09-25T15:01:18.589357+00:00,,2026-09-25T15:01:18.590357+00:00,,2026-09-25T15:01:18.591357+00:00,,2026-09-25T15:01:18.581357+00:00,,2026-09-25T15:01:18.593357+00:00,,2026-09-25T15:01:18.594357+00:00,,2026-09-25T15:01:18.595357+00:00,,2026-09-25T15:01:18.596357+00:00,,2026-09-25T15:01:18.597358+00:00,,2026-09-25T15:01:18.598358+00:00,,2026-09-25T15:01:18.599358+00:00,,2026-09-25T15:01:18.600358+00:00,,2026-09-25T15:01:18.602358+00:00,,2026-09-25T15:01:18.603358+00:00,,2026-09-25T15:01:18.604358+00:00,,2026-09-25T15:01:18.605358+00:00,,2026-09-25T15:01:18.606358+00:00,,2026-09-25T15:01:18.607358+00:00,,2026-09-25T15:01:18.608358+00:00,,2026-09-25T15:01:18.609358+00:00,,2026-09-25T15:01:18.610358+00:00,,2026-09-25T15:01:18.611358+00:00,,2026-09-25T15:01:18.612358+00:00,,2026-09-25T15:01:18.624359+00:00,,2026-09-25T15:01:18.614359+00:00,,2026-09-25T15:01:18.615359+00:00,,2026-09-25T15:01:18.616359+00:00,,2026-09-25T15:01:18.617359+00:00,,2026-09-25T15:01:18.618359+00:00,,2026-09-25T15:01:18.619359+00:00,,2026-09-25T15:01:18.620359+00:00,,2026-09-25T15:01:18.621359+00:00,,2026-09-25T15:01:18.622359+00:00,,2026-09-25T15:01:18.623359+00:00,,2026-09-25T15:01:18.613358+00:00,,2026-09-25T15:01:18.625359+00:00,,2026-09-25T15:01:18.626359+00:00,,2026-09-25T15:01:18.627359+00:00,,2026-09-25T15:01:18.628359+00:00,,2026-09-25T15:01:18.629359+00:00,,2026-09-25T15:01:18.630359+00:00,,2026-09-25T15:01:18.631359+00:00,
149,2026-09-25T13:32:14.009996+00:00,2026-09-25T15:01:18.998380+00:00,101.005,2026-09-25T15:01:18.897375+00:00,,2026-09-25T15:01:18.913376+00:00,,2026-09-25T15:01:18.924376+00:00,,2026-09-25T15:01:18.915376+00:00,,2026-09-25T15:01:18.916376+00:00,,2026-09-25T15:01:18.917376+00:00,,2026-09-25T15:01:18.918376+00:00,,2026-09-25T15:01:18.919376+00:00,,2026-09-25T15:01:18.920376+00:00,,2026-09-25T15:01:18.921376+00:00,,2026-09-25T15:01:18.922376+00:00,,2026-09-25T15:01:18.923376+00:00,,2026-09-25T15:01:18.914376+00:00,,2026-09-25T15:01:18.936377+00:00,,2026-09-25T15:01:18.926376+00:00,,2026-09-25T15:01:18.927376+00:00,,2026-09-25T15:01:18.928376+00:00,,2026-09-25T15:01:18.929377+00:00,,2026-09-25T15:01:18.930377+00:00,,2026-09-25T15:01:18.942377+00:00,,2026-09-25T15:01:18.932377+00:00,,2026-09-25T15:01:18.933377+00:00,,2026-09-25T15:01:18.934377+00:00,,2026-09-25T15:01:18.935377+00:00,,2026-09-25T15:01:18.925376+00:00,,2026-09-25T15:01:18.937377+00:00,,2026-09-25T15:01:18.938377+00:00,,2026-09-25T15:01:18.939377+00:00,,2026-09-25T15:01:18.951378+00:00,,2026-09-25T15:01:18.941377+00:00,,2026-09-25T15:01:18.931377+00:00,,2026-09-25T15:01:18.943377+00:00,,2026-09-25T15:01:18.944377+00:00,,2026-09-25T15:01:18.945377+00:00,,2026-09-25T15:01:18.946377+00:00,,2026-09-25T15:01:18.947378+00:00,,2026-09-25T15:01:18.948378+00:00,,2026-09-25T15:01:18.949378+00:00,,2026-09-25T15:01:18.950378+00:00,,2026-09-25T15:01:18.952378+00:00,,2026-09-25T15:01:18.953378+00:00,,2026-09-25T15:01:18.954378+00:00,,2026-09-25T15:01:18.955378+00:00,,2026-09-25T15:01:18.956378+00:00,,2026-09-25T15:01:18.968379+00:00,,2026-09-25T15:01:18.980379+00:00,,2026-09-25T15:01:18.959378+00:00,,2026-09-25T15:01:18.960378+00:00,,2026-09-25T15:01:18.961378+00:00,,2026-09-25T15:01:18.973379+00:00,,2026-09-25T15:01:18.963378+00:00,,2026-09-25T15:01:18.964379+00:00,,2026-09-25T15:01:18.965379+00:00,,2026-09-25T15:01:18.966379+00:00,,2026-09-25T15:01:18.967379+00:00,,2026-09-25T15:01:18.957378+00:00,,2026-09-25T15:01:18.958378+00:00,,2026-09-25T15:01:18.970379+00:00,,2026-09-25T15:01:18.971379+00:00,,2026-09-25T15:01:18.972379+00:00,,2026-09-25T15:01:18.962378+00:00,,2026-09-25T15:01:18.974379+00:00,,2026-09-25T15:01:18.975379+00:00,,2026-09-25T15:01:18.976379+00:00,,2026-09-25T15:01:18.977379+00:00,,2026-09-25T15:01:18.978379+00:00,,2026-09-25T15:01:18.979379+00:00,,2026-09-25T15:01:18.969379+00:00,,2026-09-25T15:01:18.981379+00:00,,2026-09-25T15:01:18.982380+00:00,,2026-09-25T15:01:18.983380+00:00,,2026-09-25T15:01:18.984380+00:00,,2026-09-25T15:01:18.985380+00:00,,2026-09-25T15:01:18.986380+00:00,,2026-09-25T15:01:18.987380+00:00,,2026-09-25T15:01:18.988380+00:00,,2026-09-25T15:01:18.989380+00:00,,2026-09-25T15:01:18.998380+00:00,,2026-09-25T15:01:18.991380+00:00,,2026-09-25T15:01:18.993380+00:00,,2026-09-25T15:01:18.994380+00:00,,2026-09-25T15:01:18.995380+00:00,,2026-09-25T15:01:18.996380+00:00,
150,2026-09-25T13:32:14.351820+00:00,2026-09-25T15:01:19.340400+00:00,88.005,2026-09-25T15:01:19.252395+00:00,,2026-09-25T15:01:19.258395+00:00,,2026-09-25T15:01:19.259395+00:00,,2026-09-25T15:01:19.260395+00:00,,2026-09-25T15:01:19.261396+00:00,,2026-09-25T15:01:19.262396+00:00,,2026-09-25T15:01:19.263396+00:00,,2026-09-25T15:01:19.264396+00:00,,2026-09-25T15:01:19.265396+00:00,,2026-09-25T15:01:19.266396+00:00,,2026-09-25T15:01:19.267396+00:00,,2026-09-25T15:01:19.268396+00:00,,2026-09-25T15:01:19.269396+00:00,,2026-09-25T15:01:19.270396+00:00,,2026-09-25T15:01:19.271396+00:00,,2026-09-25T15:01:19.272396+00:00,,2026-09-25T15:01:19.273396+00:00,,2026-09-25T15:01:19.274396+00:00,,2026-09-25T15:01:19.275396+00:00,,2026-09-25T15:01:19.276396+00:00,,2026-09-25T15:01:19.277396+00:00,,2026-09-25T15:01:19.278396+00:00,,2026-09-25T15:01:19.279397+00:00,,2026-09-25T15:01:19.280397+00:00,,2026-09-25T15:01:19.281397+00:00,,2026-09-25T15:01:19.282397+00:00,,2026-09-25T15:01:19.283397+00:00,,2026-09-25T15:01:19.284397+00:00,,2026-09-25T15:01:19.285397+00:00,,2026-09-25T15:01:19.286397+00:00,,2026-09-25T15:01:19.287397+00:00,,2026-09-25T15:01:19.288397+00:00,,2026-09-25T15:01:19.289397+00:00,,2026-09-25T15:01:19.301398+00:00,,2026-09-25T15:01:19.291397+00:00,,2026-09-25T15:01:19.292397+00:00,,2026-09-25T15:01:19.293397+00:00,,2026-09-25T15:01:19.294397+00:00,,2026-09-25T15:01:19.295397+00:00,,2026-09-25T15:01:19.296398+00:00,,2026-09-25T15:01:19.308398+00:00,,2026-09-25T15:01:19.298398+00:00,,2026-09-25T15:01:19.299398+00:00,,2026-09-25T15:01:19.300398+00:00,,2026-09-25T15:01:19.302398+00:00,,2026-09-25T15:01:19.303398+00:00,,2026-09-25T15:01:19.304398+00:00,,2026-09-25T15:01:19.305398+00:00,,2026-09-25T15:01:19.306398+00:00,,2026-09-25T15:01:19.307398+00:00,,2026-09-25T15:01:19.297398+00:00,,2026-09-25T15:01:19.320399+00:00,,2026-09-25T15:01:19.310398+00:00,,2026-09-25T15:01:19.322399+00:00,,2026-09-25T15:01:19.312398+00:00,,2026-09-25T15:01:19.313398+00:00,,2026-09-25T15:01:19.314399+00:00,,2026-09-25T15:01:19.315399+00:00,,2026-09-25T15:01:19.316399+00:00,,2026-09-25T15:01:19.317399+00:00,,2026-09-25T15:01:19.318399+00:00,,2026-09-25T15:01:19.319399+00:00,,2026-09-25T15:01:19.309398+00:00,,2026-09-25T15:01:19.321399+00:00,,2026-09-25T15:01:19.311398+00:00,,2026-09-25T15:01:19.323399+00:00,,2026-09-25T15:01:19.324399+00:00,,2026-09-25T15:01:19.325399+00:00,,2026-09-25T15:01:19.326399+00:00,,2026-09-25T15:01:19.327399+00:00,,2026-09-25T15:01:19.328399+00:00,,2026-09-25T15:01:19.329399+00:00,,2026-09-25T15:01:19.330399+00:00,,2026-09-25T15:01:19.331400+00:00,,2026-09-25T15:01:19.332400+00:00,,2026-09-25T15:01:19.333400+00:00,,2026-09-25T15:01:19.334400+00:00,,2026-09-25T15:01:19.335400+00:00,,2026-09-25T15:01:19.336400+00:00,,2026-09-25T15:01:19.337400+00:00,,2026-09-25T15:01:19.338400+00:00,,2026-09-25T15:01:19.339400+00:00,,2026-09-25T15:01:19.340400+00:00,
151,2026-09-25T13:32:14.734818+00:00,2026-09-25T15:01:19.688420+00:00,93.00500000000001,2026-09-25T15:01:19.595415+00:00,,2026-09-25T15:01:19.606415+00:00,,2026-09-25T15:01:19.607415+00:00,,2026-09-25T15:01:19.608415+00:00,,2026-09-25T15:01:19.620416+00:00,,2026-09-25T15:01:19.610415+00:00,,2026-09-25T15:01:19.611416+00:00,,2026-09-25T15:01:19.612416+00:00,,2026-09-25T15:01:19.613416+00:00,,2026-09-25T15:01:19.614416+00:00,,2026-09-25T15:01:19.615416+00:00,,2026-09-25T15:01:19.616416+00:00,,2026-09-25T15:01:19.617416+00:00,,2026-09-25T15:01:19.618416+00:00,,2026-09-25T15:01:19.619416+00:00,,2026-09-25T15:01:19.609415+00:00,,2026-09-25T15:01:19.621416+00:00,,2026-09-25T15:01:19.622416+00:00,,2026-09-25T15:01:19.623416+00:00,,2026-09-25T15:01:19.624416+00:00,,2026-09-25T15:01:19.625416+00:00,,2026-09-25T15:01:19.626416+00:00,,2026-09-25T15:01:19.627416+00:00,,2026-09-25T15:01:19.628417+00:00,,2026-09-25T15:01:19.629417+00:00,,2026-09-25T15:01:19.630417+00:00,,2026-09-25T15:01:19.631417+00:00,,2026-09-25T15:01:19.632417+00:00,,2026-09-25T15:01:19.633417+00:00,,2026-09-25T15:01:19.634417+00:00,,2026-09-25T15:01:19.635417+00:00,,2026-09-25T15:01:19.636417+00:00,,2026-09-25T15:01:19.637417+00:00,,2026-09-25T15:01:19.638417+00:00,,2026-09-25T15:01:19.639417+00:00,,2026-09-25T15:01:19.651418+00:00,,2026-09-25T15:01:19.641417+00:00,,2026-09-25T15:01:19.642417+00:00,,2026-09-25T15:01:19.643417+00:00,,2026-09-25T15:01:19.644417+00:00,,2026-09-25T15:01:19.645417+00:00,,2026-09-25T15:01:19.646418+00:00,,2026-09-25T15:01:19.647418+00:00,,2026-09-25T15:01:19.648418+00:00,,2026-09-25T15:01:19.649418+00:00,,2026-09-25T15:01:19.650418+00:00,,2026-09-25T15:01:19.652418+00:00,,2026-09-25T15:01:19.653418+00:00,,2026-09-25T15:01:19.654418+00:00,,2026-09-25T15:01:19.655418+00:00,,2026-09-25T15:01:19.656418+00:00,,2026-09-25T15:01:19.657418+00:00,,2026-09-25T15:01:19.658418+00:00,,2026-09-25T15:01:19.659418+00:00,,2026-09-25T15:01:19.660418+00:00,,2026-09-25T15:01:19.661418+00:00,,2026-09-25T15:01:19.662418+00:00,,2026-09-25T15:01:19.663419+00:00,,2026-09-25T15:01:19.664419+00:00,,2026-09-25T15:01:19.665419+00:00,,2026-09-25T15:01:19.666419+00:00,,2026-09-25T15:01:19.667419+00:00,,2026-09-25T15:01:19.668419+00:00,,2026-09-25T15:01:19.669419+00:00,,2026-09-25T15:01:19.670419+00:00,,2026-09-25T15:01:19.671419+00:00,,2026-09-25T15:01:19.672419+00:00,,2026-09-25T15:01:19.673419+00:00,,2026-09-25T15:01:19.674419+00:00,,2026-09-25T15:01:19.675419+00:00,,2026-09-25T15:01:19.676419+00:00,,2026-09-25T15:01:19.677419+00:00,,2026-09-25T15:01:19.678419+00:00,,2026-09-25T15:01:19.679419+00:00,,2026-09-25T15:01:19.680419+00:00,,2026-09-25T15:01:19.681420+00:00,,2026-09-25T15:01:19.682420+00:00,,2026-09-25T15:01:19.683420+00:00,,2026-09-25T15:01:19.684420+00:00,,2026-09-25T15:01:19.685420+00:00,,2026-09-25T15:01:19.686420+00:00,,2026-09-25T15:01:19.687420+00:00,,2026-09-25T15:01:19.688420+00:00,
152,2026-09-25T13:32:15.099124+00:00,2026-09-25T15:01:20.078442+00:00,100.005,2026-09-25T15:01:19.978437+00:00,,2026-09-25T15:01:19.992437+00:00,,2026-09-25T15:01:19.993437+00:00,,2026-09-25T15:01:19.994437+00:00,,2026-09-25T15:01:19.995437+00:00,,2026-09-25T15:01:19.996438+00:00,,2026-09-25T15:01:19.997438+00:00,,2026-09-25T15:01:19.998438+00:00,,2026-09-25T15:01:19.999438+00:00,,2026-09-25T15:01:20.000438+00:00,,2026-09-25T15:01:20.001438+00:00,,2026-09-25T15:01:20.004438+00:00,,2026-09-25T15:01:20.002438+00:00,,2026-09-25T15:01:20.003438+00:00,,2026-09-25T15:01:20.005438+00:00,,2026-09-25T15:01:20.009438+00:00,,2026-09-25T15:01:20.078442+00:00,,2026-09-25T15:01:20.068442+00:00,,2026-09-25T15:01:20.069442+00:00,,2026-09-25T15:01:20.070442+00:00,,2026-09-25T15:01:20.071442+00:00,,2026-09-25T15:01:20.072442+00:00,,2026-09-25T15:01:20.051441+00:00,,2026-09-25T15:01:20.074442+00:00,,2026-09-25T15:01:20.075442+00:00,,2026-09-25T15:01:20.076442+00:00,,2026-09-25T15:01:20.077442+00:00,,2026-09-25T15:01:20.011438+00:00,,2026-09-25T15:01:20.012438+00:00,,2026-09-25T15:01:20.013439+00:00,,2026-09-25T15:01:20.014439+00:00,,2026-09-25T15:01:20.015439+00:00,,2026-09-25T15:01:20.016439+00:00,,2026-09-25T15:01:20.017439+00:00,,2026-09-25T15:01:20.018439+00:00,,2026-09-25T15:01:20.019439+00:00,,2026-09-25T15:01:20.020439+00:00,,2026-09-25T15:01:20.021439+00:00,,2026-09-25T15:01:20.022439+00:00,,2026-09-25T15:01:20.023439+00:00,,2026-09-25T15:01:20.024439+00:00,,2026-09-25T15:01:20.025439+00:00,,2026-09-25T15:01:20.026439+00:00,,2026-09-25T15:01:20.027439+00:00,,2026-09-25T15:01:20.028439+00:00,,2026-09-25T15:01:20.029439+00:00,,2026-09-25T15:01:20.030439+00:00,,2026-09-25T15:01:20.031440+00:00,,2026-09-25T15:01:20.032440+00:00,,2026-09-25T15:01:20.033440+00:00,,2026-09-25T15:01:20.034440+00:00,,2026-09-25T15:01:20.035440+00:00,,2026-09-25T15:01:20.036440+00:00,,2026-09-25T15:01:20.037440+00:00,,2026-09-25T15:01:20.038440+00:00,,2026-09-25T15:01:20.039440+00:00,,2026-09-25T15:01:20.040440+00:00,,2026-09-25T15:01:20.041440+00:00,,2026-09-25T15:01:20.042440+00:00,,2026-09-25T15:01:20.043440+00:00,,2026-09-25T15:01:20.044440+00:00,,2026-09-25T15:01:20.045440+00:00,,2026-09-25T15:01:20.046440+00:00,,2026-09-25T15:01:20.047440+00:00,,2026-09-25T15:01:20.048441+00:00,,2026-09-25T15:01:20.049441+00:00,,2026-09-25T15:01:20.073442+00:00,,2026-09-25T15:01:20.052441+00:00,,2026-09-25T15:01:20.053441+00:00,,2026-09-25T15:01:20.054441+00:00,,2026-09-25T15:01:20.055441+00:00,,2026-09-25T15:01:20.056441+00:00,,2026-09-25T15:01:20.057441+00:00,,2026-09-25T15:01:20.058441+00:00,,2026-09-25T15:01:20.059441+00:00,,2026-09-25T15:01:20.060441+00:00,,2026-09-25T15:01:20.061441+00:00,,2026-09-25T15:01:20.062441+00:00,,2026-09-25T15:01:20.063441+00:00,,2026-09-25T15:01:20.064441+00:00,,2026-09-25T15:01:20.065441+00:00,,2026-09-25T15:01:20.066442+00:00,,2026-09-25T15:01:20.067442+00:00,
153,2026-09-25T13:32:15.456364+00:00,2026-09-25T15:01:20.438463+00:00,93.00500000000001,2026-09-25T15:01:20.345458+00:00,,2026-09-25T15:01:20.356458+00:00,,2026-09-25T15:01:20.357458+00:00,,2026-09-25T15:01:20.358458+00:00,,2026-09-25T15:01:20.359458+00:00,,2026-09-25T15:01:20.371459+00:00,,2026-09-25T15:01:20.372459+00:00,,2026-09-25T15:01:20.362458+00:00,,2026-09-25T15:01:20.363459+00:00,,2026-09-25T15:01:20.364459+00:00,,2026-09-25T15:01:20.365459+00:00,,2026-09-25T15:01:20.377459+00:00,,2026-09-25T15:01:20.367459+00:00,,2026-09-25T15:01:20.368459+00:00,,2026-09-25T15:01:20.369459+00:00,,2026-09-25T15:01:20.370459+00:00,,2026-09-25T15:01:20.360458+00:00,,2026-09-25T15:01:20.361458+00:00,,2026-09-25T15:01:20.373459+00:00,,2026-09-25T15:01:20.374459+00:00,,2026-09-25T15:01:20.375459+00:00,,2026-09-25T15:01:20.376459+00:00,,2026-09-25T15:01:20.366459+00:00,,2026-09-25T15:01:20.378459+00:00,,2026-09-25T15:01:20.379459+00:00,,2026-09-25T15:01:20.380460+00:00,,2026-09-25T15:01:20.381460+00:00,,2026-09-25T15:01:20.382460+00:00,,2026-09-25T15:01:20.383460+00:00,,2026-09-25T15:01:20.384460+00:00,,2026-09-25T15:01:20.385460+00:00,,2026-09-25T15:01:20.408461+00:00,,2026-09-25T15:01:20.387460+00:00,,2026-09-25T15:01:20.388460+00:00,,2026-09-25T15:01:20.400461+00:00,,2026-09-25T15:01:20.390460+00:00,,2026-09-25T15:01:20.391460+00:00,,2026-09-25T15:01:20.392460+00:00,,2026-09-25T15:01:20.393460+00:00,,2026-09-25T15:01:20.394460+00:00,,2026-09-25T15:01:20.395460+00:00,,2026-09-25T15:01:20.396460+00:00,,2026-09-25T15:01:20.386460+00:00,,2026-09-25T15:01:20.398461+00:00,,2026-09-25T15:01:20.399461+00:00,,2026-09-25T15:01:20.401461+00:00,,2026-09-25T15:01:20.402461+00:00,,2026-09-25T15:01:20.403461+00:00,,2026-09-25T15:01:20.404461+00:00,,2026-09-25T15:01:20.405461+00:00,,2026-09-25T15:01:20.406461+00:00,,2026-09-25T15:01:20.407461+00:00,,2026-09-25T15:01:20.397460+00:00,,2026-09-25T15:01:20.409461+00:00,,2026-09-25T15:01:20.410461+00:00,,2026-09-25T15:01:20.411461+00:00,,2026-09-25T15:01:20.412461+00:00,,2026-09-25T15:01:20.413461+00:00,,2026-09-25T15:01:20.414461+00:00,,2026-09-25T15:01:20.415462+00:00,,2026-09-25T15:01:20.416462+00:00,,2026-09-25T15:01:20.417462+00:00,,2026-09-25T15:01:20.418462+00:00,,2026-09-25T15:01:20.419462+00:00,,2026-09-25T15:01:20.420462+00:00,,2026-09-25T15:01:20.421462+00:00,,2026-09-25T15:01:20.422462+00:00,,2026-09-25T15:01:20.423462+00:00,,2026-09-25T15:01:20.424462+00:00,,2026-09-25T15:01:20.425462+00:00,,2026-09-25T15:01:20.426462+00:00,,2026-09-25T15:01:20.427462+00:00,,2026-09-25T15:01:20.428462+00:00,,2026-09-25T15:01:20.429462+00:00,,2026-09-25T15:01:20.430462+00:00,,2026-09-25T15:01:20.431462+00:00,,2026-09-25T15:01:20.432462+00:00,,2026-09-25T15:01:20.433463+00:00,,2026-09-25T15:01:20.434463+00:00,,2026-09-25T15:01:20.435463+00:00,,2026-09-25T15:01:20.436463+00:00,,2026-09-25T15:01:20.437463+00:00,,2026-09-25T15:01:20.438463+00:00,
154,2026-09-25T13:32:15.852794+00:00,2026-09-25T15:01:20.825485+00:00,100.006,2026-09-25T15:01:20.725479+00:00,,2026-09-25T15:01:20.743480+00:00,,2026-09-25T15:01:20.744480+00:00,,2026-09-25T15:01:20.745480+00:00,,2026-09-25T15:01:20.746480+00:00,,2026-09-25T15:01:20.747481+00:00,,2026-09-25T15:01:20.748481+00:00,,2026-09-25T15:01:20.749481+00:00,,2026-09-25T15:01:20.750481+00:00,,2026-09-25T15:01:20.751481+00:00,,2026-09-25T15:01:20.752481+00:00,,2026-09-25T15:01:20.753481+00:00,,2026-09-25T15:01:20.754481+00:00,,2026-09-25T15:01:20.755481+00:00,,2026-09-25T15:01:20.767482+00:00,,2026-09-25T15:01:20.768482+00:00,,2026-09-25T15:01:20.758481+00:00,,2026-09-25T15:01:20.759481+00:00,,2026-09-25T15:01:20.760481+00:00,,2026-09-25T15:01:20.761481+00:00,,2026-09-25T15:01:20.762481+00:00,,2026-09-25T15:01:20.763481+00:00,,2026-09-25T15:01:20.764481+00:00,,2026-09-25T15:01:20.765482+00:00,,2026-09-25T15:01:20.766482+00:00,,2026-09-25T15:01:20.756481+00:00,,2026-09-25T15:01:20.757481+00:00,,2026-09-25T15:01:20.769482+00:00,,2026-09-25T15:01:20.770482+00:00,,2026-09-25T15:01:20.782483+00:00,,2026-09-25T15:01:20.772482+00:00,,2026-09-25T15:01:20.773482+00:00,,2026-09-25T15:01:20.774482+00:00,,2026-09-25T15:01:20.775482+00:00,,2026-09-25T15:01:20.776482+00:00,,2026-09-25T15:01:20.777482+00:00,,2026-09-25T15:01:20.778482+00:00,,2026-09-25T15:01:20.779482+00:00,,2026-09-25T15:01:20.780482+00:00,,2026-09-25T15:01:20.781482+00:00,,2026-09-25T15:01:20.771482+00:00,,2026-09-25T15:01:20.783483+00:00,,2026-09-25T15:01:20.784483+00:00,,2026-09-25T15:01:20.785483+00:00,,2026-09-25T15:01:20.786483+00:00,,2026-09-25T15:01:20.798483+00:00,,2026-09-25T15:01:20.788483+00:00,,2026-09-25T15:01:20.800484+00:00,,2026-09-25T15:01:20.790483+00:00,,2026-09-25T15:01:20.791483+00:00,,2026-09-25T15:01:20.792483+00:00,,2026-09-25T15:01:20.793483+00:00,,2026-09-25T15:01:20.794483+00:00,,2026-09-25T15:01:20.795483+00:00,,2026-09-25T15:01:20.796483+00:00,,2026-09-25T15:01:20.797483+00:00,,2026-09-25T15:01:20.787483+00:00,,2026-09-25T15:01:20.799483+00:00,,2026-09-25T15:01:20.801484+00:00,,2026-09-25T15:01:20.802484+00:00,,2026-09-25T15:01:20.814484+00:00,,2026-09-25T15:01:20.804484+00:00,,2026-09-25T15:01:20.805484+00:00,,2026-09-25T15:01:20.806484+00:00,,2026-09-25T15:01:20.807484+00:00,,2026-09-25T15:01:20.808484+00:00,,2026-09-25T15:01:20.809484+00:00,,2026-09-25T15:01:20.810484+00:00,,2026-09-25T15:01:20.811484+00:00,,2026-09-25T15:01:20.812484+00:00,,2026-09-25T15:01:20.813484+00:00,,2026-09-25T15:01:20.803484+00:00,,2026-09-25T15:01:20.815484+00:00,,2026-09-25T15:01:20.816484+00:00,,2026-09-25T15:01:20.817485+00:00,,2026-09-25T15:01:20.818485+00:00,,2026-09-25T15:01:20.819485+00:00,,2026-09-25T15:01:20.820485+00:00,,2026-09-25T15:01:20.821485+00:00,,2026-09-25T15:01:20.822485+00:00,,2026-09-25T15:01:20.823485+00:00,,2026-09-25T15:01:20.824485+00:00,,2026-09-25T15:01:20.825485+00:00,
155,2026-09-25T13:32:16.222924+00:00,2026-09-25T15:01:21.205507+00:00,93.006,2026-09-25T15:01:21.121502+00:00,,2026-09-25T15:01:21.122502+00:00,,2026-09-25T15:01:21.123502+00:00,,2026-09-25T15:01:21.124502+00:00,,2026-09-25T15:01:21.112501+00:00,,2026-09-25T15:01:21.114502+00:00,,2026-09-25T15:01:21.127502+00:00,,2026-09-25T15:01:21.128502+00:00,,2026-09-25T15:01:21.129502+00:00,,2026-09-25T15:01:21.130502+00:00,,2026-09-25T15:01:21.131502+00:00,,2026-09-25T15:01:21.132503+00:00,,2026-09-25T15:01:21.133503+00:00,,2026-09-25T15:01:21.134503+00:00,,2026-09-25T15:01:21.135503+00:00,,2026-09-25T15:01:21.136503+00:00,,2026-09-25T15:01:21.137503+00:00,,2026-09-25T15:01:21.138503+00:00,,2026-09-25T15:01:21.150504+00:00,,2026-09-25T15:01:21.140503+00:00,,2026-09-25T15:01:21.141503+00:00,,2026-09-25T15:01:21.142503+00:00,,2026-09-25T15:01:21.143503+00:00,,2026-09-25T15:01:21.155504+00:00,,2026-09-25T15:01:21.145503+00:00,,2026-09-25T15:01:21.157504+00:00,,2026-09-25T15:01:21.147503+00:00,,2026-09-25T15:01:21.148503+00:00,,2026-09-25T15:01:21.149504+00:00,,2026-09-25T15:01:21.151504+00:00,,2026-09-25T15:01:21.152504+00:00,,2026-09-25T15:01:21.153504+00:00,,2026-09-25T15:01:21.154504+00:00,,2026-09-25T15:01:21.144503+00:00,,2026-09-25T15:01:21.156504+00:00,,2026-09-25T15:01:21.146503+00:00,,2026-09-25T15:01:21.158504+00:00,,2026-09-25T15:01:21.159504+00:00,,2026-09-25T15:01:21.160504+00:00,,2026-09-25T15:01:21.161504+00:00,,2026-09-25T15:01:21.162504+00:00,,2026-09-25T15:01:21.163504+00:00,,2026-09-25T15:01:21.164504+00:00,,2026-09-25T15:01:21.165504+00:00,,2026-09-25T15:01:21.166504+00:00,,2026-09-25T15:01:21.167505+00:00,,2026-09-25T15:01:21.168505+00:00,,2026-09-25T15:01:21.169505+00:00,,2026-09-25T15:01:21.170505+00:00,,2026-09-25T15:01:21.171505+00:00,,2026-09-25T15:01:21.172505+00:00,,2026-09-25T15:01:21.173505+00:00,,2026-09-25T15:01:21.174505+00:00,,2026-09-25T15:01:21.175505+00:00,,2026-09-25T15:01:21.176505+00:00,,2026-09-25T15:01:21.177505+00:00,,2026-09-25T15:01:21.200506+00:00,,2026-09-25T15:01:21.179505+00:00,,2026-09-25T15:01:21.180505+00:00,,2026-09-25T15:01:21.181505+00:00,,2026-09-25T15:01:21.182505+00:00,,2026-09-25T15:01:21.183505+00:00,,2026-09-25T15:01:21.184506+00:00,,2026-09-25T15:01:21.185506+00:00,,2026-09-25T15:01:21.186506+00:00,,2026-09-25T15:01:21.187506+00:00,,2026-09-25T15:01:21.188506+00:00,,2026-09-25T15:01:21.178505+00:00,,2026-09-25T15:01:21.190506+00:00,,2026-09-25T15:01:21.191506+00:00,,2026-09-25T15:01:21.192506+00:00,,2026-09-25T15:01:21.193506+00:00,,2026-09-25T15:01:21.194506+00:00,,2026-09-25T15:01:21.195506+00:00,,2026-09-25T15:01:21.196506+00:00,,2026-09-25T15:01:21.197506+00:00,,2026-09-25T15:01:21.198506+00:00,,2026-09-25T15:01:21.199506+00:00,,2026-09-25T15:01:21.201506+00:00,,2026-09-25T15:01:21.202507+00:00,,2026-09-25T15:01:21.203507+00:00,,2026-09-25T15:01:21.204507+00:00,,2026-09-25T15:01:21.205507+00:00,
156,2026-09-25T13:32:16.648111+00:00,2026-09-25T15:01:21.619530+00:00,89.005,2026-09-25T15:01:21.535526+00:00,,2026-09-25T15:01:21.536526+00:00,,2026-09-25T15:01:21.537526+00:00,,2026-09-25T15:01:21.549526+00:00,,2026-09-25T15:01:21.539526+00:00,,2026-09-25T15:01:21.551526+00:00,,2026-09-25T15:01:21.530525+00:00,,2026-09-25T15:01:21.542526+00:00,,2026-09-25T15:01:21.532525+00:00,,2026-09-25T15:01:21.544526+00:00,,2026-09-25T15:01:21.545526+00:00,,2026-09-25T15:01:21.546526+00:00,,2026-09-25T15:01:21.547526+00:00,,2026-09-25T15:01:21.548526+00:00,,2026-09-25T15:01:21.550526+00:00,,2026-09-25T15:01:21.540526+00:00,,2026-09-25T15:01:21.563527+00:00,,2026-09-25T15:01:21.553527+00:00,,2026-09-25T15:01:21.554527+00:00,,2026-09-25T15:01:21.555527+00:00,,2026-09-25T15:01:21.556527+00:00,,2026-09-25T15:01:21.557527+00:00,,2026-09-25T15:01:21.558527+00:00,,2026-09-25T15:01:21.559527+00:00,,2026-09-25T15:01:21.560527+00:00,,2026-09-25T15:01:21.561527+00:00,,2026-09-25T15:01:21.562527+00:00,,2026-09-25T15:01:21.552527+00:00,,2026-09-25T15:01:21.564527+00:00,,2026-09-25T15:01:21.565527+00:00,,2026-09-25T15:01:21.566527+00:00,,2026-09-25T15:01:21.567527+00:00,,2026-09-25T15:01:21.579528+00:00,,2026-09-25T15:01:21.569528+00:00,,2026-09-25T15:01:21.570528+00:00,,2026-09-25T15:01:21.571528+00:00,,2026-09-25T15:01:21.572528+00:00,,2026-09-25T15:01:21.573528+00:00,,2026-09-25T15:01:21.574528+00:00,,2026-09-25T15:01:21.575528+00:00,,2026-09-25T15:01:21.576528+00:00,,2026-09-25T15:01:21.577528+00:00,,2026-09-25T15:01:21.578528+00:00,,2026-09-25T15:01:21.568527+00:00,,2026-09-25T15:01:21.580528+00:00,,2026-09-25T15:01:21.581528+00:00,,2026-09-25T15:01:21.582528+00:00,,2026-09-25T15:01:21.583528+00:00,,2026-09-25T15:01:21.584528+00:00,,2026-09-25T15:01:21.585528+00:00,,2026-09-25T15:01:21.586529+00:00,,2026-09-25T15:01:21.587529+00:00,,2026-09-25T15:01:21.610530+00:00,,2026-09-25T15:01:21.589529+00:00,,2026-09-25T15:01:21.590529+00:00,,2026-09-25T15:01:21.591529+00:00,,2026-09-25T15:01:21.592529+00:00,,2026-09-25T15:01:21.593529+00:00,,2026-09-25T15:01:21.594529+00:00,,2026-09-25T15:01:21.595529+00:00,,2026-09-25T15:01:21.596529+00:00,,2026-09-25T15:01:21.597529+00:00,,2026-09-25T15:01:21.598529+00:00,,2026-09-25T15:01:21.600529+00:00,,2026-09-25T15:01:21.601529+00:00,,2026-09-25T15:01:21.602529+00:00,,2026-09-25T15:01:21.603529+00:00,,2026-09-25T15:01:21.604530+00:00,,2026-09-25T15:01:21.616530+00:00,,2026-09-25T15:01:21.606530+00:00,,2026-09-25T15:01:21.607530+00:00,,2026-09-25T15:01:21.608530+00:00,,2026-09-25T15:01:21.609530+00:00,,2026-09-25T15:01:21.599529+00:00,,2026-09-25T15:01:21.611530+00:00,,2026-09-25T15:01:21.612530+00:00,,2026-09-25T15:01:21.613530+00:00,,2026-09-25T15:01:21.614530+00:00,,2026-09-25T15:01:21.615530+00:00,,2026-09-25T15:01:21.605530+00:00,,2026-09-25T15:01:21.617530+00:00,,2026-09-25T15:01:21.618530+00:00,,2026-09-25T15:01:21.619530+00:00,
157,2026-09-25T13:32:17.014140+00:00,2026-09-25T15:01:22.002552+00:00,102.006,2026-09-25T15:01:21.900546+00:00,,2026-09-25T15:01:21.919548+00:00,,2026-09-25T15:01:21.920548+00:00,,2026-09-25T15:01:21.921548+00:00,,2026-09-25T15:01:21.922548+00:00,,2026-09-25T15:01:21.923548+00:00,,2026-09-25T15:01:21.924548+00:00,,2026-09-25T15:01:21.925548+00:00,,2026-09-25T15:01:21.926548+00:00,,2026-09-25T15:01:21.927548+00:00,,2026-09-25T15:01:21.939549+00:00,,2026-09-25T15:01:21.929548+00:00,,2026-09-25T15:01:21.930548+00:00,,2026-09-25T15:01:21.931548+00:00,,2026-09-25T15:01:21.932548+00:00,,2026-09-25T15:01:21.933548+00:00,,2026-09-25T15:01:21.934548+00:00,,2026-09-25T15:01:21.935548+00:00,,2026-09-25T15:01:21.936549+00:00,,2026-09-25T15:01:21.937549+00:00,,2026-09-25T15:01:21.949549+00:00,,2026-09-25T15:01:21.928548+00:00,,2026-09-25T15:01:21.940549+00:00,,2026-09-25T15:01:21.941549+00:00,,2026-09-25T15:01:21.942549+00:00,,2026-09-25T15:01:21.943549+00:00,,2026-09-25T15:01:21.944549+00:00,,2026-09-25T15:01:21.945549+00:00,,2026-09-25T15:01:21.946549+00:00,,2026-09-25T15:01:21.947549+00:00,,2026-09-25T15:01:21.948549+00:00,,2026-09-25T15:01:21.950549+00:00,,2026-09-25T15:01:21.951549+00:00,,2026-09-25T15:01:21.952549+00:00,,2026-09-25T15:01:21.953549+00:00,,2026-09-25T15:01:21.954550+00:00,,2026-09-25T15:01:21.955550+00:00,,2026-09-25T15:01:21.956550+00:00,,2026-09-25T15:01:21.968550+00:00,,2026-09-25T15:01:21.958550+00:00,,2026-09-25T15:01:21.959550+00:00,,2026-09-25T15:01:21.960550+00:00,,2026-09-25T15:01:21.961550+00:00,,2026-09-25T15:01:21.962550+00:00,,2026-09-25T15:01:21.963550+00:00,,2026-09-25T15:01:21.964550+00:00,,2026-09-25T15:01:21.965550+00:00,,2026-09-25T15:01:21.966550+00:00,,2026-09-25T15:01:21.967550+00:00,,2026-09-25T15:01:21.957550+00:00,,2026-09-25T15:01:21.969550+00:00,,2026-09-25T15:01:21.970550+00:00,,2026-09-25T15:01:21.971551+00:00,,2026-09-25T15:01:21.972551+00:00,,2026-09-25T15:01:21.973551+00:00,,2026-09-25T15:01:21.974551+00:00,,2026-09-25T15:01:21.975551+00:00,,2026-09-25T15:01:21.976551+00:00,,2026-09-25T15:01:21.977551+00:00,,2026-09-25T15:01:21.978551+00:00,,2026-09-25T15:01:21.979551+00:00,,2026-09-25T15:01:21.980551+00:00,,2026-09-25T15:01:21.981551+00:00,,2026-09-25T15:01:21.982551+00:00,,2026-09-25T15:01:21.983551+00:00,,2026-09-25T15:01:21.984551+00:00,,2026-09-25T15:01:21.985551+00:00,,2026-09-25T15:01:21.986551+00:00,,2026-09-25T15:01:21.987551+00:00,,2026-09-25T15:01:22.000552+00:00,,2026-09-25T15:01:22.001552+00:00,,2026-09-25T15:01:21.990552+00:00,,2026-09-25T15:01:21.991552+00:00,,2026-09-25T15:01:21.992552+00:00,,2026-09-25T15:01:21.993552+00:00,,2026-09-25T15:01:21.994552+00:00,,2026-09-25T15:01:21.995552+00:00,,2026-09-25T15:01:21.996552+00:00,,2026-09-25T15:01:21.997552+00:00,,2026-09-25T15:01:21.998552+00:00,,2026-09-25T15:01:21.988551+00:00,,2026-09-25T15:01:21.989552+00:00,,2026-09-25T15:01:22.002552+00:00,
158,2026-09-25T13:32:17.425636+00:00,2026-09-25T15:01:22.403575+00:00,90.005,2026-09-25T15:01:22.318570+00:00,,2026-09-25T15:01:22.319570+00:00,,2026-09-25T15:01:22.320570+00:00,,2026-09-25T15:01:22.321571+00:00,,2026-09-25T15:01:22.322571+00:00,,2026-09-25T15:01:22.323571+00:00,,2026-09-25T15:01:22.313570+00:00,,2026-09-25T15:01:22.325571+00:00,,2026-09-25T15:01:22.315570+00:00,,2026-09-25T15:01:22.327571+00:00,,2026-09-25T15:01:22.328571+00:00,,2026-09-25T15:01:22.329571+00:00,,2026-09-25T15:01:22.330571+00:00,,2026-09-25T15:01:22.342572+00:00,,2026-09-25T15:01:22.332571+00:00,,2026-09-25T15:01:22.333571+00:00,,2026-09-25T15:01:22.334571+00:00,,2026-09-25T15:01:22.335571+00:00,,2026-09-25T15:01:22.336571+00:00,,2026-09-25T15:01:22.337571+00:00,,2026-09-25T15:01:22.349572+00:00,,2026-09-25T15:01:22.339572+00:00,,2026-09-25T15:01:22.340572+00:00,,2026-09-25T15:01:22.341572+00:00,,2026-09-25T15:01:22.331571+00:00,,2026-09-25T15:01:22.343572+00:00,,2026-09-25T15:01:22.344572+00:00,,2026-09-25T15:01:22.345572+00:00,,2026-09-25T15:01:22.346572+00:00,,2026-09-25T15:01:22.347572+00:00,,2026-09-25T15:01:22.348572+00:00,,2026-09-25T15:01:22.350572+00:00,,2026-09-25T15:01:22.351572+00:00,,2026-09-25T15:01:22.352572+00:00,,2026-09-25T15:01:22.353572+00:00,,2026-09-25T15:01:22.354572+00:00,,2026-09-25T15:01:22.355572+00:00,,2026-09-25T15:01:22.356573+00:00,,2026-09-25T15:01:22.357573+00:00,,2026-09-25T15:01:22.358573+00:00,,2026-09-25T15:01:22.359573+00:00,,2026-09-25T15:01:22.360573+00:00,,2026-09-25T15:01:22.361573+00:00,,2026-09-25T15:01:22.362573+00:00,,2026-09-25T15:01:22.363573+00:00,,2026-09-25T15:01:22.364573+00:00,,2026-09-25T15:01:22.365573+00:00,,2026-09-25T15:01:22.378574+00:00,,2026-09-25T15:01:22.390574+00:00,,2026-09-25T15:01:22.380574+00:00,,2026-09-25T15:01:22.381574+00:00,,2026-09-25T15:01:22.371573+00:00,,2026-09-25T15:01:22.372573+00:00,,2026-09-25T15:01:22.373574+00:00,,2026-09-25T15:01:22.374574+00:00,,2026-09-25T15:01:22.375574+00:00,,2026-09-25T15:01:22.376574+00:00,,2026-09-25T15:01:22.377574+00:00,,2026-09-25T15:01:22.366573+00:00,,2026-09-25T15:01:22.367573+00:00,,2026-09-25T15:01:22.369573+00:00,,2026-09-25T15:01:22.370573+00:00,,2026-09-25T15:01:22.382574+00:00,,2026-09-25T15:01:22.383574+00:00,,2026-09-25T15:01:22.384574+00:00,,2026-09-25T15:01:22.385574+00:00,,2026-09-25T15:01:22.386574+00:00,,2026-09-25T15:01:22.387574+00:00,,2026-09-25T15:01:22.399575+00:00,,2026-09-25T15:01:22.389574+00:00,,2026-09-25T15:01:22.379574+00:00,,2026-09-25T15:01:22.391575+00:00,,2026-09-25T15:01:22.392575+00:00,,2026-09-25T15:01:22.393575+00:00,,2026-09-25T15:01:22.394575+00:00,,2026-09-25T15:01:22.395575+00:00,,2026-09-25T15:01:22.396575+00:00,,2026-09-25T15:01:22.397575+00:00,,2026-09-25T15:01:22.398575+00:00,,2026-09-25T15:01:22.400575+00:00,,2026-09-25T15:01:22.401575+00:00,,2026-09-25T15:01:22.402575+00:00,,2026-09-25T15:01:22.403575+00:00,
159,2026-09-25T13:32:17.841630+00:00,2026-09-25T15:01:22.828600+00:00,91.006,2026-09-25T15:01:22.744595+00:00,,2026-09-25T15:01:22.745595+00:00,,2026-09-25T15:01:22.746595+00:00,,2026-09-25T15:01:22.747595+00:00,,2026-09-25T15:01:22.737594+00:00,,2026-09-25T15:01:22.738594+00:00,,2026-09-25T15:01:22.751595+00:00,,2026-09-25T15:01:22.752595+00:00,,2026-09-25T15:01:22.753595+00:00,,2026-09-25T15:01:22.754595+00:00,,2026-09-25T15:01:22.755595+00:00,,2026-09-25T15:01:22.767596+00:00,,2026-09-25T15:01:22.768596+00:00,,2026-09-25T15:01:22.758596+00:00,,2026-09-25T15:01:22.759596+00:00,,2026-09-25T15:01:22.760596+00:00,,2026-09-25T15:01:22.761596+00:00,,2026-09-25T15:01:22.762596+00:00,,2026-09-25T15:01:22.763596+00:00,,2026-09-25T15:01:22.764596+00:00,,2026-09-25T15:01:22.765596+00:00,,2026-09-25T15:01:22.766596+00:00,,2026-09-25T15:01:22.756595+00:00,,2026-09-25T15:01:22.757595+00:00,,2026-09-25T15:01:22.769596+00:00,,2026-09-25T15:01:22.770596+00:00,,2026-09-25T15:01:22.771596+00:00,,2026-09-25T15:01:22.783597+00:00,,2026-09-25T15:01:22.773596+00:00,,2026-09-25T15:01:22.774596+00:00,,2026-09-25T15:01:22.775597+00:00,,2026-09-25T15:01:22.776597+00:00,,2026-09-25T15:01:22.777597+00:00,,2026-09-25T15:01:22.789597+00:00,,2026-09-25T15:01:22.790597+00:00,,2026-09-25T15:01:22.780597+00:00,,2026-09-25T15:01:22.781597+00:00,,2026-09-25T15:01:22.782597+00:00,,2026-09-25T15:01:22.772596+00:00,,2026-09-25T15:01:22.784597+00:00,,2026-09-25T15:01:22.785597+00:00,,2026-09-25T15:01:22.786597+00:00,,2026-09-25T15:01:22.798598+00:00,,2026-09-25T15:01:22.788597+00:00,,2026-09-25T15:01:22.778597+00:00,,2026-09-25T15:01:22.779597+00:00,,2026-09-25T15:01:22.791597+00:00,,2026-09-25T15:01:22.792597+00:00,,2026-09-25T15:01:22.793598+00:00,,2026-09-25T15:01:22.794598+00:00,,2026-09-25T15:01:22.795598+00:00,,2026-09-25T15:01:22.796598+00:00,,2026-09-25T15:01:22.797598+00:00,,2026-09-25T15:01:22.799598+00:00,,2026-09-25T15:01:22.800598+00:00,,2026-09-25T15:01:22.801598+00:00,,2026-09-25T15:01:22.802598+00:00,,2026-09-25T15:01:22.803598+00:00,,2026-09-25T15:01:22.804598+00:00,,2026-09-25T15:01:22.805598+00:00,,2026-09-25T15:01:22.806598+00:00,,2026-09-25T15:01:22.807598+00:00,,2026-09-25T15:01:22.808598+00:00,,2026-09-25T15:01:22.809598+00:00,,2026-09-25T15:01:22.810599+00:00,,2026-09-25T15:01:22.811599+00:00,,2026-09-25T15:01:22.812599+00:00,,2026-09-25T15:01:22.813599+00:00,,2026-09-25T15:01:22.814599+00:00,,2026-09-25T15:01:22.826599+00:00,,2026-09-25T15:01:22.816599+00:00,,2026-09-25T15:01:22.817599+00:00,,2026-09-25T15:01:22.818599+00:00,,2026-09-25T15:01:22.819599+00:00,,2026-09-25T15:01:22.820599+00:00,,2026-09-25T15:01:22.821599+00:00,,2026-09-25T15:01:22.822599+00:00,,2026-09-25T15:01:22.823599+00:00,,2026-09-25T15:01:22.824599+00:00,,2026-09-25T15:01:22.825599+00:00,,2026-09-25T15:01:22.815599+00:00,,2026-09-25T15:01:22.827599+00:00,,2026-09-25T15:01:22.828600+00:00,
160,2026-09-25T13:32:18.226362+00:00,2026-09-25T15:01:23.199621+00:00,91.005,2026-09-25T15:01:23.114616+00:00,,2026-09-25T15:01:23.115616+00:00,,2026-09-25T15:01:23.116616+00:00,,2026-09-25T15:01:23.117616+00:00,,2026-09-25T15:01:23.140617+00:00,,2026-09-25T15:01:23.119616+00:00,,2026-09-25T15:01:23.108616+00:00,,2026-09-25T15:01:23.109616+00:00,,2026-09-25T15:01:23.110616+00:00,,2026-09-25T15:01:23.112616+00:00,,2026-09-25T15:01:23.124616+00:00,,2026-09-25T15:01:23.125617+00:00,,2026-09-25T15:01:23.126617+00:00,,2026-09-25T15:01:23.127617+00:00,,2026-09-25T15:01:23.128617+00:00,,2026-09-25T15:01:23.118616+00:00,,2026-09-25T15:01:23.130617+00:00,,2026-09-25T15:01:23.131617+00:00,,2026-09-25T15:01:23.132617+00:00,,2026-09-25T15:01:23.133617+00:00,,2026-09-25T15:01:23.134617+00:00,,2026-09-25T15:01:23.135617+00:00,,2026-09-25T15:01:23.136617+00:00,,2026-09-25T15:01:23.148618+00:00,,2026-09-25T15:01:23.138617+00:00,,2026-09-25T15:01:23.139617+00:00,,2026-09-25T15:01:23.129617+00:00,,2026-09-25T15:01:23.141617+00:00,,2026-09-25T15:01:23.142618+00:00,,2026-09-25T15:01:23.143618+00:00,,2026-09-25T15:01:23.144618+00:00,,2026-09-25T15:01:23.145618+00:00,,2026-09-25T15:01:23.146618+00:00,,2026-09-25T15:01:23.147618+00:00,,2026-09-25T15:01:23.149618+00:00,,2026-09-25T15:01:23.150618+00:00,,2026-09-25T15:01:23.162619+00:00,,2026-09-25T15:01:23.163619+00:00,,2026-09-25T15:01:23.153618+00:00,,2026-09-25T15:01:23.154618+00:00,,2026-09-25T15:01:23.155618+00:00,,2026-09-25T15:01:23.156618+00:00,,2026-09-25T15:01:23.157618+00:00,,2026-09-25T15:01:23.158618+00:00,,2026-09-25T15:01:23.159618+00:00,,2026-09-25T15:01:23.160619+00:00,,2026-09-25T15:01:23.161619+00:00,,2026-09-25T15:01:23.151618+00:00,,2026-09-25T15:01:23.152618+00:00,,2026-09-25T15:01:23.164619+00:00,,2026-09-25T15:01:23.165619+00:00,,2026-09-25T15:01:23.166619+00:00,,2026-09-25T15:01:23.167619+00:00,,2026-09-25T15:01:23.168619+00:00,,2026-09-25T15:01:23.169619+00:00,,2026-09-25T15:01:23.170619+00:00,,2026-09-25T15:01:23.171619+00:00,,2026-09-25T15:01:23.172619+00:00,,2026-09-25T15:01:23.174619+00:00,,2026-09-25T15:01:23.175619+00:00,,2026-09-25T15:01:23.176619+00:00,,2026-09-25T15:01:23.177620+00:00,,2026-09-25T15:01:23.178620+00:00,,2026-09-25T15:01:23.179620+00:00,,2026-09-25T15:01:23.180620+00:00,,2026-09-25T15:01:23.181620+00:00,,2026-09-25T15:01:23.182620+00:00,,2026-09-25T15:01:23.183620+00:00,,2026-09-25T15:01:23.184620+00:00,,2026-09-25T15:01:23.185620+00:00,,2026-09-25T15:01:23.186620+00:00,,2026-09-25T15:01:23.198621+00:00,,2026-09-25T15:01:23.188620+00:00,,2026-09-25T15:01:23.189620+00:00,,2026-09-25T15:01:23.190620+00:00,,2026-09-25T15:01:23.191620+00:00,,2026-09-25T15:01:23.192620+00:00,,2026-09-25T15:01:23.193620+00:00,,2026-09-25T15:01:23.194620+00:00,,2026-09-25T15:01:23.195621+00:00,,2026-09-25T15:01:23.196621+00:00,,2026-09-25T15:01:23.197621+00:00,,2026-09-25T15:01:23.199621+00:00,
161,2026-09-25T13:32:18.577111+00:00,2026-09-25T15:01:23.565642+00:00,89.005,2026-09-25T15:01:23.478637+00:00,,2026-09-25T15:01:23.479637+00:00,,2026-09-25T15:01:23.480637+00:00,,2026-09-25T15:01:23.492638+00:00,,2026-09-25T15:01:23.482637+00:00,,2026-09-25T15:01:23.476637+00:00,,2026-09-25T15:01:23.484637+00:00,,2026-09-25T15:01:23.485637+00:00,,2026-09-25T15:01:23.486637+00:00,,2026-09-25T15:01:23.487637+00:00,,2026-09-25T15:01:23.488637+00:00,,2026-09-25T15:01:23.489637+00:00,,2026-09-25T15:01:23.490637+00:00,,2026-09-25T15:01:23.491637+00:00,,2026-09-25T15:01:23.481637+00:00,,2026-09-25T15:01:23.493638+00:00,,2026-09-25T15:01:23.494638+00:00,,2026-09-25T15:01:23.495638+00:00,,2026-09-25T15:01:23.496638+00:00,,2026-09-25T15:01:23.497638+00:00,,2026-09-25T15:01:23.499638+00:00,,2026-09-25T15:01:23.500638+00:00,,2026-09-25T15:01:23.501638+00:00,,2026-09-25T15:01:23.502638+00:00,,2026-09-25T15:01:23.503638+00:00,,2026-09-25T15:01:23.504638+00:00,,2026-09-25T15:01:23.505638+00:00,,2026-09-25T15:01:23.506638+00:00,,2026-09-25T15:01:23.507638+00:00,,2026-09-25T15:01:23.508638+00:00,,2026-09-25T15:01:23.509638+00:00,,2026-09-25T15:01:23.510639+00:00,,2026-09-25T15:01:23.511639+00:00,,2026-09-25T15:01:23.512639+00:00,,2026-09-25T15:01:23.513639+00:00,,2026-09-25T15:01:23.514639+00:00,,2026-09-25T15:01:23.515639+00:00,,2026-09-25T15:01:23.516639+00:00,,2026-09-25T15:01:23.529640+00:00,,2026-09-25T15:01:23.519639+00:00,,2026-09-25T15:01:23.520639+00:00,,2026-09-25T15:01:23.521639+00:00,,2026-09-25T15:01:23.522639+00:00,,2026-09-25T15:01:23.523639+00:00,,2026-09-25T15:01:23.524639+00:00,,2026-09-25T15:01:23.525639+00:00,,2026-09-25T15:01:23.526639+00:00,,2026-09-25T15:01:23.527640+00:00,,2026-09-25T15:01:23.528640+00:00,,2026-09-25T15:01:23.518639+00:00,,2026-09-25T15:01:23.530640+00:00,,2026-09-25T15:01:23.531640+00:00,,2026-09-25T15:01:23.532640+00:00,,2026-09-25T15:01:23.533640+00:00,,2026-09-25T15:01:23.534640+00:00,,2026-09-25T15:01:23.535640+00:00,,2026-09-25T15:01:23.536640+00:00,,2026-09-25T15:01:23.548641+00:00,,2026-09-25T15:01:23.538640+00:00,,2026-09-25T15:01:23.539640+00:00,,2026-09-25T15:01:23.540640+00:00,,2026-09-25T15:01:23.541640+00:00,,2026-09-25T15:01:23.542640+00:00,,2026-09-25T15:01:23.543640+00:00,,2026-09-25T15:01:23.544640+00:00,,2026-09-25T15:01:23.545641+00:00,,2026-09-25T15:01:23.546641+00:00,,2026-09-25T15:01:23.547641+00:00,,2026-09-25T15:01:23.562642+00:00,,2026-09-25T15:01:23.552641+00:00,,2026-09-25T15:01:23.553641+00:00,,2026-09-25T15:01:23.554641+00:00,,2026-09-25T15:01:23.555641+00:00,,2026-09-25T15:01:23.556641+00:00,,2026-09-25T15:01:23.557641+00:00,,2026-09-25T15:01:23.558641+00:00,,2026-09-25T15:01:23.559641+00:00,,2026-09-25T15:01:23.560641+00:00,,2026-09-25T15:01:23.561641+00:00,,2026-09-25T15:01:23.551641+00:00,,2026-09-25T15:01:23.563642+00:00,,2026-09-25T15:01:23.564642+00:00,,2026-09-25T15:01:23.565642+00:00,
162,2026-09-25T13:32:18.961707+00:00,2026-09-25T15:01:23.947664+00:00,86.005,2026-09-25T15:01:23.861659+00:00,,2026-09-25T15:01:23.863659+00:00,,2026-09-25T15:01:23.864659+00:00,,2026-09-25T15:01:23.865659+00:00,,2026-09-25T15:01:23.866659+00:00,,2026-09-25T15:01:23.878660+00:00,,2026-09-25T15:01:23.868659+00:00,,2026-09-25T15:01:23.869659+00:00,,2026-09-25T15:01:23.870659+00:00,,2026-09-25T15:01:23.871659+00:00,,2026-09-25T15:01:23.872659+00:00,,2026-09-25T15:01:23.873659+00:00,,2026-09-25T15:01:23.874659+00:00,,2026-09-25T15:01:23.897661+00:00,,2026-09-25T15:01:23.876659+00:00,,2026-09-25T15:01:23.877660+00:00,,2026-09-25T15:01:23.867659+00:00,,2026-09-25T15:01:23.879660+00:00,,2026-09-25T15:01:23.880660+00:00,,2026-09-25T15:01:23.881660+00:00,,2026-09-25T15:01:23.882660+00:00,,2026-09-25T15:01:23.883660+00:00,,2026-09-25T15:01:23.884660+00:00,,2026-09-25T15:01:23.885660+00:00,,2026-09-25T15:01:23.875659+00:00,,2026-09-25T15:01:23.898661+00:00,,2026-09-25T15:01:23.888660+00:00,,2026-09-25T15:01:23.889660+00:00,,2026-09-25T15:01:23.890660+00:00,,2026-09-25T15:01:23.902661+00:00,,2026-09-25T15:01:23.892660+00:00,,2026-09-25T15:01:23.893660+00:00,,2026-09-25T15:01:23.894661+00:00,,2026-09-25T15:01:23.895661+00:00,,2026-09-25T15:01:23.896661+00:00,,2026-09-25T15:01:23.886660+00:00,,2026-09-25T15:01:23.899661+00:00,,2026-09-25T15:01:23.900661+00:00,,2026-09-25T15:01:23.901661+00:00,,2026-09-25T15:01:23.891660+00:00,,2026-09-25T15:01:23.903661+00:00,,2026-09-25T15:01:23.904661+00:00,,2026-09-25T15:01:23.905661+00:00,,2026-09-25T15:01:23.906661+00:00,,2026-09-25T15:01:23.907661+00:00,,2026-09-25T15:01:23.908661+00:00,,2026-09-25T15:01:23.909661+00:00,,2026-09-25T15:01:23.910661+00:00,,2026-09-25T15:01:23.911661+00:00,,2026-09-25T15:01:23.912662+00:00,,2026-09-25T15:01:23.913662+00:00,,2026-09-25T15:01:23.914662+00:00,,2026-09-25T15:01:23.915662+00:00,,2026-09-25T15:01:23.916662+00:00,,2026-09-25T15:01:23.917662+00:00,,2026-09-25T15:01:23.918662+00:00,,2026-09-25T15:01:23.919662+00:00,,2026-09-25T15:01:23.920662+00:00,,2026-09-25T15:01:23.921662+00:00,,2026-09-25T15:01:23.923662+00:00,,2026-09-25T15:01:23.924662+00:00,,2026-09-25T15:01:23.925662+00:00,,2026-09-25T15:01:23.926662+00:00,,2026-09-25T15:01:23.927662+00:00,,2026-09-25T15:01:23.928662+00:00,,2026-09-25T15:01:23.929663+00:00,,2026-09-25T15:01:23.930663+00:00,,2026-09-25T15:01:23.931663+00:00,,2026-09-25T15:01:23.932663+00:00,,2026-09-25T15:01:23.933663+00:00,,2026-09-25T15:01:23.934663+00:00,,2026-09-25T15:01:23.935663+00:00,,2026-09-25T15:01:23.936663+00:00,,2026-09-25T15:01:23.947664+00:00,,2026-09-25T15:01:23.938663+00:00,,2026-09-25T15:01:23.939663+00:00,,2026-09-25T15:01:23.940663+00:00,,2026-09-25T15:01:23.941663+00:00,,2026-09-25T15:01:23.942663+00:00,,2026-09-25T15:01:23.943663+00:00,,2026-09-25T15:01:23.944663+00:00,,2026-09-25T15:01:23.945663+00:00,,2026-09-25T15:01:23.946663+00:00,
163,2026-09-25T13:32:19.335102+00:00,2026-09-25T15:01:24.323685+00:00,88.005,2026-09-25T15:01:24.238680+00:00,,2026-09-25T15:01:24.239680+00:00,,2026-09-25T15:01:24.240680+00:00,,2026-09-25T15:01:24.241680+00:00,,2026-09-25T15:01:24.242680+00:00,,2026-09-25T15:01:24.243680+00:00,,2026-09-25T15:01:24.244681+00:00,,2026-09-25T15:01:24.245681+00:00,,2026-09-25T15:01:24.235680+00:00,,2026-09-25T15:01:24.248681+00:00,,2026-09-25T15:01:24.249681+00:00,,2026-09-25T15:01:24.261682+00:00,,2026-09-25T15:01:24.251681+00:00,,2026-09-25T15:01:24.252681+00:00,,2026-09-25T15:01:24.253681+00:00,,2026-09-25T15:01:24.254681+00:00,,2026-09-25T15:01:24.255681+00:00,,2026-09-25T15:01:24.267682+00:00,,2026-09-25T15:01:24.268682+00:00,,2026-09-25T15:01:24.258681+00:00,,2026-09-25T15:01:24.259681+00:00,,2026-09-25T15:01:24.260681+00:00,,2026-09-25T15:01:24.250681+00:00,,2026-09-25T15:01:24.262682+00:00,,2026-09-25T15:01:24.263682+00:00,,2026-09-25T15:01:24.264682+00:00,,2026-09-25T15:01:24.276682+00:00,,2026-09-25T15:01:24.266682+00:00,,2026-09-25T15:01:24.256681+00:00,,2026-09-25T15:01:24.257681+00:00,,2026-09-25T15:01:24.269682+00:00,,2026-09-25T15:01:24.270682+00:00,,2026-09-25T15:01:24.271682+00:00,,2026-09-25T15:01:24.272682+00:00,,2026-09-25T15:01:24.273682+00:00,,2026-09-25T15:01:24.274682+00:00,,2026-09-25T15:01:24.275682+00:00,,2026-09-25T15:01:24.265682+00:00,,2026-09-25T15:01:24.277682+00:00,,2026-09-25T15:01:24.278682+00:00,,2026-09-25T15:01:24.279683+00:00,,2026-09-25T15:01:24.280683+00:00,,2026-09-25T15:01:24.281683+00:00,,2026-09-25T15:01:24.282683+00:00,,2026-09-25T15:01:24.283683+00:00,,2026-09-25T15:01:24.284683+00:00,,2026-09-25T15:01:24.285683+00:00,,2026-09-25T15:01:24.297684+00:00,,2026-09-25T15:01:24.287683+00:00,,2026-09-25T15:01:24.288683+00:00,,2026-09-25T15:01:24.289683+00:00,,2026-09-25T15:01:24.290683+00:00,,2026-09-25T15:01:24.302684+00:00,,2026-09-25T15:01:24.292683+00:00,,2026-09-25T15:01:24.293683+00:00,,2026-09-25T15:01:24.294683+00:00,,2026-09-25T15:01:24.295683+00:00,,2026-09-25T15:01:24.296684+00:00,,2026-09-25T15:01:24.298684+00:00,,2026-09-25T15:01:24.299684+00:00,,2026-09-25T15:01:24.300684+00:00,,2026-09-25T15:01:24.301684+00:00,,2026-09-25T15:01:24.291683+00:00,,2026-09-25T15:01:24.303684+00:00,,2026-09-25T15:01:24.304684+00:00,,2026-09-25T15:01:24.305684+00:00,,2026-09-25T15:01:24.306684+00:00,,2026-09-25T15:01:24.307684+00:00,,2026-09-25T15:01:24.308684+00:00,,2026-09-25T15:01:24.309684+00:00,,2026-09-25T15:01:24.310684+00:00,,2026-09-25T15:01:24.311684+00:00,,2026-09-25T15:01:24.312684+00:00,,2026-09-25T15:01:24.314685+00:00,,2026-09-25T15:01:24.315685+00:00,,2026-09-25T15:01:24.316685+00:00,,2026-09-25T15:01:24.317685+00:00,,2026-09-25T15:01:24.318685+00:00,,2026-09-25T15:01:24.319685+00:00,,2026-09-25T15:01:24.320685+00:00,,2026-09-25T15:01:24.321685+00:00,,2026-09-25T15:01:24.322685+00:00,,2026-09-25T15:01:24.323685+00:00,
164,2026-09-25T13:32:19.703310+00:00,2026-09-25T15:01:24.685706+00:00,97.006,2026-09-25T15:01:24.598701+00:00,,2026-09-25T15:01:24.588700+00:00,,2026-09-25T15:01:24.600701+00:00,,2026-09-25T15:01:24.590700+00:00,,2026-09-25T15:01:24.602701+00:00,,2026-09-25T15:01:24.603701+00:00,,2026-09-25T15:01:24.604701+00:00,,2026-09-25T15:01:24.605701+00:00,,2026-09-25T15:01:24.606701+00:00,,2026-09-25T15:01:24.607701+00:00,,2026-09-25T15:01:24.597701+00:00,,2026-09-25T15:01:24.610701+00:00,,2026-09-25T15:01:24.611702+00:00,,2026-09-25T15:01:24.612702+00:00,,2026-09-25T15:01:24.613702+00:00,,2026-09-25T15:01:24.614702+00:00,,2026-09-25T15:01:24.615702+00:00,,2026-09-25T15:01:24.616702+00:00,,2026-09-25T15:01:24.628703+00:00,,2026-09-25T15:01:24.618702+00:00,,2026-09-25T15:01:24.619702+00:00,,2026-09-25T15:01:24.620702+00:00,,2026-09-25T15:01:24.621702+00:00,,2026-09-25T15:01:24.622702+00:00,,2026-09-25T15:01:24.623702+00:00,,2026-09-25T15:01:24.635703+00:00,,2026-09-25T15:01:24.625702+00:00,,2026-09-25T15:01:24.626702+00:00,,2026-09-25T15:01:24.627702+00:00,,2026-09-25T15:01:24.617702+00:00,,2026-09-25T15:01:24.629703+00:00,,2026-09-25T15:01:24.630703+00:00,,2026-09-25T15:01:24.631703+00:00,,2026-09-25T15:01:24.632703+00:00,,2026-09-25T15:01:24.633703+00:00,,2026-09-25T15:01:24.634703+00:00,,2026-09-25T15:01:24.624702+00:00,,2026-09-25T15:01:24.648704+00:00,,2026-09-25T15:01:24.637703+00:00,,2026-09-25T15:01:24.638703+00:00,,2026-09-25T15:01:24.639703+00:00,,2026-09-25T15:01:24.640703+00:00,,2026-09-25T15:01:24.641703+00:00,,2026-09-25T15:01:24.643703+00:00,,2026-09-25T15:01:24.644703+00:00,,2026-09-25T15:01:24.645703+00:00,,2026-09-25T15:01:24.646704+00:00,,2026-09-25T15:01:24.647704+00:00,,2026-09-25T15:01:24.649704+00:00,,2026-09-25T15:01:24.662704+00:00,,2026-09-25T15:01:24.652704+00:00,,2026-09-25T15:01:24.653704+00:00,,2026-09-25T15:01:24.654704+00:00,,2026-09-25T15:01:24.655704+00:00,,2026-09-25T15:01:24.656704+00:00,,2026-09-25T15:01:24.657704+00:00,,2026-09-25T15:01:24.658704+00:00,,2026-09-25T15:01:24.659704+00:00,,2026-09-25T15:01:24.660704+00:00,,2026-09-25T15:01:24.661704+00:00,,2026-09-25T15:01:24.651704+00:00,,2026-09-25T15:01:24.663705+00:00,,2026-09-25T15:01:24.664705+00:00,,2026-09-25T15:01:24.665705+00:00,,2026-09-25T15:01:24.666705+00:00,,2026-09-25T15:01:24.667705+00:00,,2026-09-25T15:01:24.668705+00:00,,2026-09-25T15:01:24.669705+00:00,,2026-09-25T15:01:24.670705+00:00,,2026-09-25T15:01:24.672705+00:00,,2026-09-25T15:01:24.673705+00:00,,2026-09-25T15:01:24.674705+00:00,,2026-09-25T15:01:24.675705+00:00,,2026-09-25T15:01:24.676705+00:00,,2026-09-25T15:01:24.677705+00:00,,2026-09-25T15:01:24.678705+00:00,,2026-09-25T15:01:24.679705+00:00,,2026-09-25T15:01:24.680705+00:00,,2026-09-25T15:01:24.681706+00:00,,2026-09-25T15:01:24.682706+00:00,,2026-09-25T15:01:24.683706+00:00,,2026-09-25T15:01:24.684706+00:00,,2026-09-25T15:01:24.685706+00:00,
165,2026-09-25T13:32:20.114050+00:00,2026-09-25T15:01:25.080728+00:00,88.005,2026-09-25T15:01:24.992723+00:00,,2026-09-25T15:01:24.993723+00:00,,2026-09-25T15:01:24.994723+00:00,,2026-09-25T15:01:24.995723+00:00,,2026-09-25T15:01:24.996724+00:00,,2026-09-25T15:01:24.997724+00:00,,2026-09-25T15:01:24.999724+00:00,,2026-09-25T15:01:25.000724+00:00,,2026-09-25T15:01:25.001724+00:00,,2026-09-25T15:01:25.002724+00:00,,2026-09-25T15:01:25.015725+00:00,,2026-09-25T15:01:25.005724+00:00,,2026-09-25T15:01:25.006724+00:00,,2026-09-25T15:01:25.007724+00:00,,2026-09-25T15:01:25.008724+00:00,,2026-09-25T15:01:25.009724+00:00,,2026-09-25T15:01:25.010724+00:00,,2026-09-25T15:01:25.011724+00:00,,2026-09-25T15:01:25.012724+00:00,,2026-09-25T15:01:25.013725+00:00,,2026-09-25T15:01:25.014725+00:00,,2026-09-25T15:01:25.004724+00:00,,2026-09-25T15:01:25.016725+00:00,,2026-09-25T15:01:25.017725+00:00,,2026-09-25T15:01:25.018725+00:00,,2026-09-25T15:01:25.019725+00:00,,2026-09-25T15:01:25.020725+00:00,,2026-09-25T15:01:25.021725+00:00,,2026-09-25T15:01:25.022725+00:00,,2026-09-25T15:01:25.023725+00:00,,2026-09-25T15:01:25.024725+00:00,,2026-09-25T15:01:25.025725+00:00,,2026-09-25T15:01:25.026725+00:00,,2026-09-25T15:01:25.027725+00:00,,2026-09-25T15:01:25.028725+00:00,,2026-09-25T15:01:25.029725+00:00,,2026-09-25T15:01:25.030725+00:00,,2026-09-25T15:01:25.031726+00:00,,2026-09-25T15:01:25.032726+00:00,,2026-09-25T15:01:25.044726+00:00,,2026-09-25T15:01:25.057727+00:00,,2026-09-25T15:01:25.035726+00:00,,2026-09-25T15:01:25.048727+00:00,,2026-09-25T15:01:25.037726+00:00,,2026-09-25T15:01:25.038726+00:00,,2026-09-25T15:01:25.051727+00:00,,2026-09-25T15:01:25.040726+00:00,,2026-09-25T15:01:25.041726+00:00,,2026-09-25T15:01:25.042726+00:00,,2026-09-25T15:01:25.043726+00:00,,2026-09-25T15:01:25.033726+00:00,,2026-09-25T15:01:25.034726+00:00,,2026-09-25T15:01:25.047726+00:00,,2026-09-25T15:01:25.049727+00:00,,2026-09-25T15:01:25.050727+00:00,,2026-09-25T15:01:25.039726+00:00,,2026-09-25T15:01:25.052727+00:00,,2026-09-25T15:01:25.053727+00:00,,2026-09-25T15:01:25.054727+00:00,,2026-09-25T15:01:25.055727+00:00,,2026-09-25T15:01:25.056727+00:00,,2026-09-25T15:01:25.046726+00:00,,2026-09-25T15:01:25.058727+00:00,,2026-09-25T15:01:25.059727+00:00,,2026-09-25T15:01:25.060727+00:00,,2026-09-25T15:01:25.061727+00:00,,2026-09-25T15:01:25.062727+00:00,,2026-09-25T15:01:25.063727+00:00,,2026-09-25T15:01:25.064727+00:00,,2026-09-25T15:01:25.065727+00:00,,2026-09-25T15:01:25.066728+00:00,,2026-09-25T15:01:25.067728+00:00,,2026-09-25T15:01:25.068728+00:00,,2026-09-25T15:01:25.069728+00:00,,2026-09-25T15:01:25.070728+00:00,,2026-09-25T15:01:25.071728+00:00,,2026-09-25T15:01:25.072728+00:00,,2026-09-25T15:01:25.073728+00:00,,2026-09-25T15:01:25.074728+00:00,,2026-09-25T15:01:25.075728+00:00,,2026-09-25T15:01:25.077728+00:00,,2026-09-25T15:01:25.079728+00:00,,2026-09-25T15:01:25.080728+00:00,
166,2026-09-25T13:32:20.496077+00:00,2026-09-25T15:01:25.465750+00:00,107.006,2026-09-25T15:01:25.358744+00:00,,2026-09-25T15:01:25.372745+00:00,,2026-09-25T15:01:25.373745+00:00,,2026-09-25T15:01:25.374745+00:00,,2026-09-25T15:01:25.375745+00:00,,2026-09-25T15:01:25.376745+00:00,,2026-09-25T15:01:25.407747+00:00,,2026-09-25T15:01:25.379745+00:00,,2026-09-25T15:01:25.380746+00:00,,2026-09-25T15:01:25.381746+00:00,,2026-09-25T15:01:25.382746+00:00,,2026-09-25T15:01:25.383746+00:00,,2026-09-25T15:01:25.400747+00:00,,2026-09-25T15:01:25.401747+00:00,,2026-09-25T15:01:25.403747+00:00,,2026-09-25T15:01:25.416748+00:00,,2026-09-25T15:01:25.390746+00:00,,2026-09-25T15:01:25.378745+00:00,,2026-09-25T15:01:25.408747+00:00,,2026-09-25T15:01:25.409747+00:00,,2026-09-25T15:01:25.397746+00:00,,2026-09-25T15:01:25.398747+00:00,,2026-09-25T15:01:25.399747+00:00,,2026-09-25T15:01:25.384746+00:00,,2026-09-25T15:01:25.385746+00:00,,2026-09-25T15:01:25.387746+00:00,,2026-09-25T15:01:25.389746+00:00,,2026-09-25T15:01:25.406747+00:00,,2026-09-25T15:01:25.392746+00:00,,2026-09-25T15:01:25.394746+00:00,,2026-09-25T15:01:25.396746+00:00,,2026-09-25T15:01:25.410747+00:00,,2026-09-25T15:01:25.411747+00:00,,2026-09-25T15:01:25.424748+00:00,,2026-09-25T15:01:25.413747+00:00,,2026-09-25T15:01:25.414747+00:00,,2026-09-25T15:01:25.415748+00:00,,2026-09-25T15:01:25.405747+00:00,,2026-09-25T15:01:25.417748+00:00,,2026-09-25T15:01:25.418748+00:00,,2026-09-25T15:01:25.419748+00:00,,2026-09-25T15:01:25.420748+00:00,,2026-09-25T15:01:25.434749+00:00,,2026-09-25T15:01:25.423748+00:00,,2026-09-25T15:01:25.412747+00:00,,2026-09-25T15:01:25.425748+00:00,,2026-09-25T15:01:25.426748+00:00,,2026-09-25T15:01:25.439749+00:00,,2026-09-25T15:01:25.429748+00:00,,2026-09-25T15:01:25.430748+00:00,,2026-09-25T15:01:25.431748+00:00,,2026-09-25T15:01:25.432748+00:00,,2026-09-25T15:01:25.433749+00:00,,2026-09-25T15:01:25.422748+00:00,,2026-09-25T15:01:25.435749+00:00,,2026-09-25T15:01:25.447749+00:00,,2026-09-25T15:01:25.437749+00:00,,2026-09-25T15:01:25.438749+00:00,,2026-09-25T15:01:25.428748+00:00,,2026-09-25T15:01:25.440749+00:00,,2026-09-25T15:01:25.441749+00:00,,2026-09-25T15:01:25.442749+00:00,,2026-09-25T15:01:25.443749+00:00,,2026-09-25T15:01:25.444749+00:00,,2026-09-25T15:01:25.445749+00:00,,2026-09-25T15:01:25.446749+00:00,,2026-09-25T15:01:25.448749+00:00,,2026-09-25T15:01:25.449749+00:00,,2026-09-25T15:01:25.450750+00:00,,2026-09-25T15:01:25.463750+00:00,,2026-09-25T15:01:25.453750+00:00,,2026-09-25T15:01:25.454750+00:00,,2026-09-25T15:01:25.455750+00:00,,2026-09-25T15:01:25.456750+00:00,,2026-09-25T15:01:25.457750+00:00,,2026-09-25T15:01:25.458750+00:00,,2026-09-25T15:01:25.459750+00:00,,2026-09-25T15:01:25.460750+00:00,,2026-09-25T15:01:25.461750+00:00,,2026-09-25T15:01:25.462750+00:00,,2026-09-25T15:01:25.452750+00:00,,2026-09-25T15:01:25.464750+00:00,,2026-09-25T15:01:25.465750+00:00,
167,2026-09-25T13:32:20.979642+00:00,2026-09-25T15:01:25.918776+00:00,95.00500000000001,2026-09-25T15:01:25.823771+00:00,,2026-09-25T15:01:25.828771+00:00,,2026-09-25T15:01:25.841772+00:00,,2026-09-25T15:01:25.831771+00:00,,2026-09-25T15:01:25.832771+00:00,,2026-09-25T15:01:25.833771+00:00,,2026-09-25T15:01:25.834771+00:00,,2026-09-25T15:01:25.846772+00:00,,2026-09-25T15:01:25.836772+00:00,,2026-09-25T15:01:25.837772+00:00,,2026-09-25T15:01:25.838772+00:00,,2026-09-25T15:01:25.839772+00:00,,2026-09-25T15:01:25.840772+00:00,,2026-09-25T15:01:25.830771+00:00,,2026-09-25T15:01:25.842772+00:00,,2026-09-25T15:01:25.843772+00:00,,2026-09-25T15:01:25.844772+00:00,,2026-09-25T15:01:25.845772+00:00,,2026-09-25T15:01:25.847772+00:00,,2026-09-25T15:01:25.848772+00:00,,2026-09-25T15:01:25.849772+00:00,,2026-09-25T15:01:25.850772+00:00,,2026-09-25T15:01:25.851772+00:00,,2026-09-25T15:01:25.852773+00:00,,2026-09-25T15:01:25.853773+00:00,,2026-09-25T15:01:25.854773+00:00,,2026-09-25T15:01:25.855773+00:00,,2026-09-25T15:01:25.856773+00:00,,2026-09-25T15:01:25.858773+00:00,,2026-09-25T15:01:25.859773+00:00,,2026-09-25T15:01:25.860773+00:00,,2026-09-25T15:01:25.861773+00:00,,2026-09-25T15:01:25.862773+00:00,,2026-09-25T15:01:25.863773+00:00,,2026-09-25T15:01:25.864773+00:00,,2026-09-25T15:01:25.865773+00:00,,2026-09-25T15:01:25.866773+00:00,,2026-09-25T15:01:25.867773+00:00,,2026-09-25T15:01:25.868773+00:00,,2026-09-25T15:01:25.869773+00:00,,2026-09-25T15:01:25.870774+00:00,,2026-09-25T15:01:25.871774+00:00,,2026-09-25T15:01:25.872774+00:00,,2026-09-25T15:01:25.873774+00:00,,2026-09-25T15:01:25.874774+00:00,,2026-09-25T15:01:25.875774+00:00,,2026-09-25T15:01:25.876774+00:00,,2026-09-25T15:01:25.877774+00:00,,2026-09-25T15:01:25.878774+00:00,,2026-09-25T15:01:25.879774+00:00,,2026-09-25T15:01:25.880774+00:00,,2026-09-25T15:01:25.881774+00:00,,2026-09-25T15:01:25.882774+00:00,,2026-09-25T15:01:25.883774+00:00,,2026-09-25T15:01:25.884774+00:00,,2026-09-25T15:01:25.901775+00:00,,2026-09-25T15:01:25.886774+00:00,,2026-09-25T15:01:25.887775+00:00,,2026-09-25T15:01:25.903775+00:00,,2026-09-25T15:01:25.891775+00:00,,2026-09-25T15:01:25.893775+00:00,,2026-09-25T15:01:25.895775+00:00,,2026-09-25T15:01:25.896775+00:00,,2026-09-25T15:01:25.897775+00:00,,2026-09-25T15:01:25.898775+00:00,,2026-09-25T15:01:25.899775+00:00,,2026-09-25T15:01:25.900775+00:00,,2026-09-25T15:01:25.902775+00:00,,2026-09-25T15:01:25.889775+00:00,,2026-09-25T15:01:25.904775+00:00,,2026-09-25T15:01:25.905776+00:00,,2026-09-25T15:01:25.906776+00:00,,2026-09-25T15:01:25.907776+00:00,,2026-09-25T15:01:25.908776+00:00,,2026-09-25T15:01:25.909776+00:00,,2026-09-25T15:01:25.910776+00:00,,2026-09-25T15:01:25.911776+00:00,,2026-09-25T15:01:25.913776+00:00,,2026-09-25T15:01:25.914776+00:00,,2026-09-25T15:01:25.915776+00:00,,2026-09-25T15:01:25.916776+00:00,,2026-09-25T15:01:25.917776+00:00,,2026-09-25T15:01:25.918776+00:00,
168,2026-09-25T13:32:21.563324+00:00,2026-09-25T15:01:26.489809+00:00,231.013,2026-09-25T15:01:26.258796+00:00,,2026-09-25T15:01:26.321799+00:00,,2026-09-25T15:01:26.323799+00:00,,2026-09-25T15:01:26.325800+00:00,,2026-09-25T15:01:26.327800+00:00,,2026-09-25T15:01:26.329800+00:00,,2026-09-25T15:01:26.331800+00:00,,2026-09-25T15:01:26.333800+00:00,,2026-09-25T15:01:26.335800+00:00,,2026-09-25T15:01:26.337800+00:00,,2026-09-25T15:01:26.339800+00:00,,2026-09-25T15:01:26.341800+00:00,,2026-09-25T15:01:26.343801+00:00,,2026-09-25T15:01:26.345801+00:00,,2026-09-25T15:01:26.347801+00:00,,2026-09-25T15:01:26.349801+00:00,,2026-09-25T15:01:26.351801+00:00,,2026-09-25T15:01:26.353801+00:00,,2026-09-25T15:01:26.355801+00:00,,2026-09-25T15:01:26.357801+00:00,,2026-09-25T15:01:26.361802+00:00,,2026-09-25T15:01:26.363802+00:00,,2026-09-25T15:01:26.365802+00:00,,2026-09-25T15:01:26.367802+00:00,,2026-09-25T15:01:26.369802+00:00,,2026-09-25T15:01:26.371802+00:00,,2026-09-25T15:01:26.373802+00:00,,2026-09-25T15:01:26.375802+00:00,,2026-09-25T15:01:26.377803+00:00,,2026-09-25T15:01:26.379803+00:00,,2026-09-25T15:01:26.381803+00:00,,2026-09-25T15:01:26.383803+00:00,,2026-09-25T15:01:26.385803+00:00,,2026-09-25T15:01:26.387803+00:00,,2026-09-25T15:01:26.389803+00:00,,2026-09-25T15:01:26.391803+00:00,,2026-09-25T15:01:26.417805+00:00,,2026-09-25T15:01:26.419805+00:00,,2026-09-25T15:01:26.421805+00:00,,2026-09-25T15:01:26.399804+00:00,,2026-09-25T15:01:26.401804+00:00,,2026-09-25T15:01:26.403804+00:00,,2026-09-25T15:01:26.405804+00:00,,2026-09-25T15:01:26.407804+00:00,,2026-09-25T15:01:26.411804+00:00,,2026-09-25T15:01:26.413805+00:00,,2026-09-25T15:01:26.415805+00:00,,2026-09-25T15:01:26.393803+00:00,,2026-09-25T15:01:26.395804+00:00,,2026-09-25T15:01:26.397804+00:00,,2026-09-25T15:01:26.423805+00:00,,2026-09-25T15:01:26.425805+00:00,,2026-09-25T15:01:26.427805+00:00,,2026-09-25T15:01:26.429806+00:00,,2026-09-25T15:01:26.431806+00:00,,2026-09-25T15:01:26.433806+00:00,,2026-09-25T15:01:26.435806+00:00,,2026-09-25T15:01:26.437806+00:00,,2026-09-25T15:01:26.439806+00:00,,2026-09-25T15:01:26.441806+00:00,,2026-09-25T15:01:26.443806+00:00,,2026-09-25T15:01:26.445806+00:00,,2026-09-25T15:01:26.447807+00:00,,2026-09-25T15:01:26.449807+00:00,,2026-09-25T15:01:26.451807+00:00,,2026-09-25T15:01:26.453807+00:00,,2026-09-25T15:01:26.455807+00:00,,2026-09-25T15:01:26.457807+00:00,,2026-09-25T15:01:26.461807+00:00,,2026-09-25T15:01:26.463807+00:00,,2026-09-25T15:01:26.465808+00:00,,2026-09-25T15:01:26.467808+00:00,,2026-09-25T15:01:26.469808+00:00,,2026-09-25T15:01:26.471808+00:00,,2026-09-25T15:01:26.473808+00:00,,2026-09-25T15:01:26.475808+00:00,,2026-09-25T15:01:26.477808+00:00,,2026-09-25T15:01:26.479808+00:00,,2026-09-25T15:01:26.481808+00:00,,2026-09-25T15:01:26.483809+00:00,,2026-09-25T15:01:26.485809+00:00,,2026-09-25T15:01:26.487809+00:00,,2026-09-25T15:01:26.489809+00:00,
169,2026-09-25T13:32:21.949787+00:00,2026-09-25T15:01:26.929834+00:00,95.00500000000001,2026-09-25T15:01:26.834829+00:00,,2026-09-25T15:01:26.842829+00:00,,2026-09-25T15:01:26.844829+00:00,,2026-09-25T15:01:26.845829+00:00,,2026-09-25T15:01:26.846829+00:00,,2026-09-25T15:01:26.847829+00:00,,2026-09-25T15:01:26.848829+00:00,,2026-09-25T15:01:26.849830+00:00,,2026-09-25T15:01:26.851830+00:00,,2026-09-25T15:01:26.852830+00:00,,2026-09-25T15:01:26.853830+00:00,,2026-09-25T15:01:26.854830+00:00,,2026-09-25T15:01:26.856830+00:00,,2026-09-25T15:01:26.857830+00:00,,2026-09-25T15:01:26.859830+00:00,,2026-09-25T15:01:26.860830+00:00,,2026-09-25T15:01:26.861830+00:00,,2026-09-25T15:01:26.862830+00:00,,2026-09-25T15:01:26.863830+00:00,,2026-09-25T15:01:26.864830+00:00,,2026-09-25T15:01:26.865830+00:00,,2026-09-25T15:01:26.866831+00:00,,2026-09-25T15:01:26.867831+00:00,,2026-09-25T15:01:26.868831+00:00,,2026-09-25T15:01:26.869831+00:00,,2026-09-25T15:01:26.870831+00:00,,2026-09-25T15:01:26.871831+00:00,,2026-09-25T15:01:26.872831+00:00,,2026-09-25T15:01:26.873831+00:00,,2026-09-25T15:01:26.874831+00:00,,2026-09-25T15:01:26.875831+00:00,,2026-09-25T15:01:26.876831+00:00,,2026-09-25T15:01:26.877831+00:00,,2026-09-25T15:01:26.878831+00:00,,2026-09-25T15:01:26.879831+00:00,,2026-09-25T15:01:26.880831+00:00,,2026-09-25T15:01:26.893832+00:00,,2026-09-25T15:01:26.883831+00:00,,2026-09-25T15:01:26.906833+00:00,,2026-09-25T15:01:26.885832+00:00,,2026-09-25T15:01:26.886832+00:00,,2026-09-25T15:01:26.887832+00:00,,2026-09-25T15:01:26.888832+00:00,,2026-09-25T15:01:26.889832+00:00,,2026-09-25T15:01:26.890832+00:00,,2026-09-25T15:01:26.891832+00:00,,2026-09-25T15:01:26.892832+00:00,,2026-09-25T15:01:26.882831+00:00,,2026-09-25T15:01:26.894832+00:00,,2026-09-25T15:01:26.896832+00:00,,2026-09-25T15:01:26.897832+00:00,,2026-09-25T15:01:26.898832+00:00,,2026-09-25T15:01:26.899832+00:00,,2026-09-25T15:01:26.900832+00:00,,2026-09-25T15:01:26.901833+00:00,,2026-09-25T15:01:26.902833+00:00,,2026-09-25T15:01:26.903833+00:00,,2026-09-25T15:01:26.904833+00:00,,2026-09-25T15:01:26.905833+00:00,,2026-09-25T15:01:26.895832+00:00,,2026-09-25T15:01:26.907833+00:00,,2026-09-25T15:01:26.908833+00:00,,2026-09-25T15:01:26.909833+00:00,,2026-09-25T15:01:26.910833+00:00,,2026-09-25T15:01:26.911833+00:00,,2026-09-25T15:01:26.912833+00:00,,2026-09-25T15:01:26.913833+00:00,,2026-09-25T15:01:26.914833+00:00,,2026-09-25T15:01:26.915833+00:00,,2026-09-25T15:01:26.916833+00:00,,2026-09-25T15:01:26.917833+00:00,,2026-09-25T15:01:26.918833+00:00,,2026-09-25T15:01:26.919834+00:00,,2026-09-25T15:01:26.920834+00:00,,2026-09-25T15:01:26.921834+00:00,,2026-09-25T15:01:26.922834+00:00,,2026-09-25T15:01:26.923834+00:00,,2026-09-25T15:01:26.924834+00:00,,2026-09-25T15:01:26.925834+00:00,,2026-09-25T15:01:26.926834+00:00,,2026-09-25T15:01:26.927834+00:00,,2026-09-25T15:01:26.928834+00:00,,2026-09-25T15:01:26.929834+00:00,
170,2026-09-25T13:32:22.338677+00:00,2026-09-25T15:01:27.317856+00:00,110.006,2026-09-25T15:01:27.207850+00:00,,2026-09-25T15:01:27.235852+00:00,,2026-09-25T15:01:27.236852+00:00,,2026-09-25T15:01:27.237852+00:00,,2026-09-25T15:01:27.238852+00:00,,2026-09-25T15:01:27.239852+00:00,,2026-09-25T15:01:27.240852+00:00,,2026-09-25T15:01:27.241852+00:00,,2026-09-25T15:01:27.242852+00:00,,2026-09-25T15:01:27.243852+00:00,,2026-09-25T15:01:27.244852+00:00,,2026-09-25T15:01:27.267853+00:00,,2026-09-25T15:01:27.246852+00:00,,2026-09-25T15:01:27.247852+00:00,,2026-09-25T15:01:27.248852+00:00,,2026-09-25T15:01:27.249852+00:00,,2026-09-25T15:01:27.250852+00:00,,2026-09-25T15:01:27.251853+00:00,,2026-09-25T15:01:27.252853+00:00,,2026-09-25T15:01:27.253853+00:00,,2026-09-25T15:01:27.254853+00:00,,2026-09-25T15:01:27.255853+00:00,,2026-09-25T15:01:27.245852+00:00,,2026-09-25T15:01:27.268854+00:00,,2026-09-25T15:01:27.258853+00:00,,2026-09-25T15:01:27.259853+00:00,,2026-09-25T15:01:27.260853+00:00,,2026-09-25T15:01:27.272854+00:00,,2026-09-25T15:01:27.262853+00:00,,2026-09-25T15:01:27.263853+00:00,,2026-09-25T15:01:27.264853+00:00,,2026-09-25T15:01:27.265853+00:00,,2026-09-25T15:01:27.266853+00:00,,2026-09-25T15:01:27.256853+00:00,,2026-09-25T15:01:27.257853+00:00,,2026-09-25T15:01:27.269854+00:00,,2026-09-25T15:01:27.270854+00:00,,2026-09-25T15:01:27.271854+00:00,,2026-09-25T15:01:27.261853+00:00,,2026-09-25T15:01:27.273854+00:00,,2026-09-25T15:01:27.274854+00:00,,2026-09-25T15:01:27.275854+00:00,,2026-09-25T15:01:27.276854+00:00,,2026-09-25T15:01:27.288855+00:00,,2026-09-25T15:01:27.278854+00:00,,2026-09-25T15:01:27.279854+00:00,,2026-09-25T15:01:27.280854+00:00,,2026-09-25T15:01:27.281854+00:00,,2026-09-25T15:01:27.282854+00:00,,2026-09-25T15:01:27.283854+00:00,,2026-09-25T15:01:27.295855+00:00,,2026-09-25T15:01:27.285854+00:00,,2026-09-25T15:01:27.286855+00:00,,2026-09-25T15:01:27.287855+00:00,,2026-09-25T15:01:27.277854+00:00,,2026-09-25T15:01:27.289855+00:00,,2026-09-25T15:01:27.290855+00:00,,2026-09-25T15:01:27.291855+00:00,,2026-09-25T15:01:27.292855+00:00,,2026-09-25T15:01:27.293855+00:00,,2026-09-25T15:01:27.294855+00:00,,2026-09-25T15:01:27.296855+00:00,,2026-09-25T15:01:27.297855+00:00,,2026-09-25T15:01:27.298855+00:00,,2026-09-25T15:01:27.299855+00:00,,2026-09-25T15:01:27.300855+00:00,,2026-09-25T15:01:27.301855+00:00,,2026-09-25T15:01:27.302855+00:00,,2026-09-25T15:01:27.303856+00:00,,2026-09-25T15:01:27.304856+00:00,,2026-09-25T15:01:27.305856+00:00,,2026-09-25T15:01:27.306856+00:00,,2026-09-25T15:01:27.307856+00:00,,2026-09-25T15:01:27.308856+00:00,,2026-09-25T15:01:27.309856+00:00,,2026-09-25T15:01:27.310856+00:00,,2026-09-25T15:01:27.311856+00:00,,2026-09-25T15:01:27.312856+00:00,,2026-09-25T15:01:27.313856+00:00,,2026-09-25T15:01:27.314856+00:00,,2026-09-25T15:01:27.315856+00:00,,2026-09-25T15:01:27.316856+00:00,,2026-09-25T15:01:27.317856+00:00,
171,2026-09-25T13:32:22.709669+00:00,2026-09-25T15:01:27.681877+00:00,95.00500000000001,2026-09-25T15:01:27.586872+00:00,,2026-09-25T15:01:27.598872+00:00,,2026-09-25T15:01:27.599872+00:00,,2026-09-25T15:01:27.600873+00:00,,2026-09-25T15:01:27.601873+00:00,,2026-09-25T15:01:27.602873+00:00,,2026-09-25T15:01:27.603873+00:00,,2026-09-25T15:01:27.615873+00:00,,2026-09-25T15:01:27.605873+00:00,,2026-09-25T15:01:27.606873+00:00,,2026-09-25T15:01:27.607873+00:00,,2026-09-25T15:01:27.597872+00:00,,2026-09-25T15:01:27.609873+00:00,,2026-09-25T15:01:27.610873+00:00,,2026-09-25T15:01:27.611873+00:00,,2026-09-25T15:01:27.612873+00:00,,2026-09-25T15:01:27.613873+00:00,,2026-09-25T15:01:27.614873+00:00,,2026-09-25T15:01:27.604873+00:00,,2026-09-25T15:01:27.616873+00:00,,2026-09-25T15:01:27.617873+00:00,,2026-09-25T15:01:27.618874+00:00,,2026-09-25T15:01:27.631874+00:00,,2026-09-25T15:01:27.632874+00:00,,2026-09-25T15:01:27.622874+00:00,,2026-09-25T15:01:27.623874+00:00,,2026-09-25T15:01:27.624874+00:00,,2026-09-25T15:01:27.625874+00:00,,2026-09-25T15:01:27.626874+00:00,,2026-09-25T15:01:27.627874+00:00,,2026-09-25T15:01:27.628874+00:00,,2026-09-25T15:01:27.629874+00:00,,2026-09-25T15:01:27.630874+00:00,,2026-09-25T15:01:27.620874+00:00,,2026-09-25T15:01:27.621874+00:00,,2026-09-25T15:01:27.633874+00:00,,2026-09-25T15:01:27.645875+00:00,,2026-09-25T15:01:27.635875+00:00,,2026-09-25T15:01:27.647875+00:00,,2026-09-25T15:01:27.637875+00:00,,2026-09-25T15:01:27.638875+00:00,,2026-09-25T15:01:27.639875+00:00,,2026-09-25T15:01:27.640875+00:00,,2026-09-25T15:01:27.641875+00:00,,2026-09-25T15:01:27.642875+00:00,,2026-09-25T15:01:27.643875+00:00,,2026-09-25T15:01:27.644875+00:00,,2026-09-25T15:01:27.646875+00:00,,2026-09-25T15:01:27.636875+00:00,,2026-09-25T15:01:27.648875+00:00,,2026-09-25T15:01:27.649875+00:00,,2026-09-25T15:01:27.650875+00:00,,2026-09-25T15:01:27.651875+00:00,,2026-09-25T15:01:27.652875+00:00,,2026-09-25T15:01:27.653876+00:00,,2026-09-25T15:01:27.654876+00:00,,2026-09-25T15:01:27.655876+00:00,,2026-09-25T15:01:27.656876+00:00,,2026-09-25T15:01:27.657876+00:00,,2026-09-25T15:01:27.658876+00:00,,2026-09-25T15:01:27.659876+00:00,,2026-09-25T15:01:27.660876+00:00,,2026-09-25T15:01:27.661876+00:00,,2026-09-25T15:01:27.662876+00:00,,2026-09-25T15:01:27.663876+00:00,,2026-09-25T15:01:27.664876+00:00,,2026-09-25T15:01:27.665876+00:00,,2026-09-25T15:01:27.666876+00:00,,2026-09-25T15:01:27.667876+00:00,,2026-09-25T15:01:27.668876+00:00,,2026-09-25T15:01:27.669876+00:00,,2026-09-25T15:01:27.670877+00:00,,2026-09-25T15:01:27.671877+00:00,,2026-09-25T15:01:27.672877+00:00,,2026-09-25T15:01:27.673877+00:00,,2026-09-25T15:01:27.674877+00:00,,2026-09-25T15:01:27.675877+00:00,,2026-09-25T15:01:27.676877+00:00,,2026-09-25T15:01:27.677877+00:00,,2026-09-25T15:01:27.678877+00:00,,2026-09-25T15:01:27.679877+00:00,,2026-09-25T15:01:27.680877+00:00,,2026-09-25T15:01:27.681877+00:00,
172,2026-09-25T13:32:23.101433+00:00,2026-09-25T15:01:28.064899+00:00,95.00500000000001,2026-09-25T15:01:27.969894+00:00,,2026-09-25T15:01:27.981894+00:00,,2026-09-25T15:01:27.982894+00:00,,2026-09-25T15:01:27.983894+00:00,,2026-09-25T15:01:27.995895+00:00,,2026-09-25T15:01:27.985895+00:00,,2026-09-25T15:01:27.986895+00:00,,2026-09-25T15:01:27.987895+00:00,,2026-09-25T15:01:27.988895+00:00,,2026-09-25T15:01:27.989895+00:00,,2026-09-25T15:01:27.990895+00:00,,2026-09-25T15:01:27.991895+00:00,,2026-09-25T15:01:27.992895+00:00,,2026-09-25T15:01:27.993895+00:00,,2026-09-25T15:01:28.005896+00:00,,2026-09-25T15:01:27.996895+00:00,,2026-09-25T15:01:27.997895+00:00,,2026-09-25T15:01:27.998895+00:00,,2026-09-25T15:01:27.999895+00:00,,2026-09-25T15:01:28.000895+00:00,,2026-09-25T15:01:28.001895+00:00,,2026-09-25T15:01:28.002895+00:00,,2026-09-25T15:01:28.003896+00:00,,2026-09-25T15:01:28.004896+00:00,,2026-09-25T15:01:27.994895+00:00,,2026-09-25T15:01:28.006896+00:00,,2026-09-25T15:01:28.007896+00:00,,2026-09-25T15:01:28.008896+00:00,,2026-09-25T15:01:28.020897+00:00,,2026-09-25T15:01:28.010896+00:00,,2026-09-25T15:01:28.011896+00:00,,2026-09-25T15:01:28.012896+00:00,,2026-09-25T15:01:28.013896+00:00,,2026-09-25T15:01:28.014896+00:00,,2026-09-25T15:01:28.015896+00:00,,2026-09-25T15:01:28.016896+00:00,,2026-09-25T15:01:28.017896+00:00,,2026-09-25T15:01:28.018896+00:00,,2026-09-25T15:01:28.019896+00:00,,2026-09-25T15:01:28.009896+00:00,,2026-09-25T15:01:28.021897+00:00,,2026-09-25T15:01:28.022897+00:00,,2026-09-25T15:01:28.023897+00:00,,2026-09-25T15:01:28.024897+00:00,,2026-09-25T15:01:28.036897+00:00,,2026-09-25T15:01:28.026897+00:00,,2026-09-25T15:01:28.027897+00:00,,2026-09-25T15:01:28.028897+00:00,,2026-09-25T15:01:28.029897+00:00,,2026-09-25T15:01:28.030897+00:00,,2026-09-25T15:01:28.031897+00:00,,2026-09-25T15:01:28.032897+00:00,,2026-09-25T15:01:28.033897+00:00,,2026-09-25T15:01:28.045898+00:00,,2026-09-25T15:01:28.035897+00:00,,2026-09-25T15:01:28.025897+00:00,,2026-09-25T15:01:28.037897+00:00,,2026-09-25T15:01:28.038898+00:00,,2026-09-25T15:01:28.039898+00:00,,2026-09-25T15:01:28.040898+00:00,,2026-09-25T15:01:28.041898+00:00,,2026-09-25T15:01:28.042898+00:00,,2026-09-25T15:01:28.043898+00:00,,2026-09-25T15:01:28.044898+00:00,,2026-09-25T15:01:28.046898+00:00,,2026-09-25T15:01:28.047898+00:00,,2026-09-25T15:01:28.048898+00:00,,2026-09-25T15:01:28.049898+00:00,,2026-09-25T15:01:28.050898+00:00,,2026-09-25T15:01:28.051898+00:00,,2026-09-25T15:01:28.052898+00:00,,2026-09-25T15:01:28.053898+00:00,,2026-09-25T15:01:28.054898+00:00,,2026-09-25T15:01:28.055899+00:00,,2026-09-25T15:01:28.056899+00:00,,2026-09-25T15:01:28.057899+00:00,,2026-09-25T15:01:28.058899+00:00,,2026-09-25T15:01:28.059899+00:00,,2026-09-25T15:01:28.060899+00:00,,2026-09-25T15:01:28.061899+00:00,,2026-09-25T15:01:28.062899+00:00,,2026-09-25T15:01:28.063899+00:00,,2026-09-25T15:01:28.064899+00:00,
173,2026-09-25T13:32:23.453701+00:00,2026-09-25T15:01:28.441921+00:00,94.006,2026-09-25T15:01:28.357916+00:00,,2026-09-25T15:01:28.347915+00:00,,2026-09-25T15:01:28.359916+00:00,,2026-09-25T15:01:28.349915+00:00,,2026-09-25T15:01:28.361916+00:00,,2026-09-25T15:01:28.351915+00:00,,2026-09-25T15:01:28.363916+00:00,,2026-09-25T15:01:28.364916+00:00,,2026-09-25T15:01:28.365916+00:00,,2026-09-25T15:01:28.366916+00:00,,2026-09-25T15:01:28.367916+00:00,,2026-09-25T15:01:28.368916+00:00,,2026-09-25T15:01:28.369916+00:00,,2026-09-25T15:01:28.370917+00:00,,2026-09-25T15:01:28.371917+00:00,,2026-09-25T15:01:28.372917+00:00,,2026-09-25T15:01:28.373917+00:00,,2026-09-25T15:01:28.374917+00:00,,2026-09-25T15:01:28.375917+00:00,,2026-09-25T15:01:28.376917+00:00,,2026-09-25T15:01:28.377917+00:00,,2026-09-25T15:01:28.378917+00:00,,2026-09-25T15:01:28.379917+00:00,,2026-09-25T15:01:28.380917+00:00,,2026-09-25T15:01:28.381917+00:00,,2026-09-25T15:01:28.382917+00:00,,2026-09-25T15:01:28.394918+00:00,,2026-09-25T15:01:28.384917+00:00,,2026-09-25T15:01:28.385917+00:00,,2026-09-25T15:01:28.386917+00:00,,2026-09-25T15:01:28.387918+00:00,,2026-09-25T15:01:28.388918+00:00,,2026-09-25T15:01:28.389918+00:00,,2026-09-25T15:01:28.390918+00:00,,2026-09-25T15:01:28.391918+00:00,,2026-09-25T15:01:28.392918+00:00,,2026-09-25T15:01:28.393918+00:00,,2026-09-25T15:01:28.395918+00:00,,2026-09-25T15:01:28.396918+00:00,,2026-09-25T15:01:28.397918+00:00,,2026-09-25T15:01:28.398918+00:00,,2026-09-25T15:01:28.399918+00:00,,2026-09-25T15:01:28.400918+00:00,,2026-09-25T15:01:28.401918+00:00,,2026-09-25T15:01:28.402918+00:00,,2026-09-25T15:01:28.403918+00:00,,2026-09-25T15:01:28.426920+00:00,,2026-09-25T15:01:28.427920+00:00,,2026-09-25T15:01:28.417919+00:00,,2026-09-25T15:01:28.418919+00:00,,2026-09-25T15:01:28.419919+00:00,,2026-09-25T15:01:28.409919+00:00,,2026-09-25T15:01:28.410919+00:00,,2026-09-25T15:01:28.411919+00:00,,2026-09-25T15:01:28.412919+00:00,,2026-09-25T15:01:28.413919+00:00,,2026-09-25T15:01:28.414919+00:00,,2026-09-25T15:01:28.404918+00:00,,2026-09-25T15:01:28.405919+00:00,,2026-09-25T15:01:28.406919+00:00,,2026-09-25T15:01:28.407919+00:00,,2026-09-25T15:01:28.408919+00:00,,2026-09-25T15:01:28.420919+00:00,,2026-09-25T15:01:28.421919+00:00,,2026-09-25T15:01:28.422920+00:00,,2026-09-25T15:01:28.423920+00:00,,2026-09-25T15:01:28.424920+00:00,,2026-09-25T15:01:28.425920+00:00,,2026-09-25T15:01:28.415919+00:00,,2026-09-25T15:01:28.416919+00:00,,2026-09-25T15:01:28.428920+00:00,,2026-09-25T15:01:28.429920+00:00,,2026-09-25T15:01:28.430920+00:00,,2026-09-25T15:01:28.431920+00:00,,2026-09-25T15:01:28.432920+00:00,,2026-09-25T15:01:28.441921+00:00,,2026-09-25T15:01:28.434920+00:00,,2026-09-25T15:01:28.435920+00:00,,2026-09-25T15:01:28.436920+00:00,,2026-09-25T15:01:28.437920+00:00,,2026-09-25T15:01:28.438920+00:00,,2026-09-25T15:01:28.439920+00:00,,2026-09-25T15:01:28.440921+00:00,
174,2026-09-25T13:32:23.870412+00:00,2026-09-25T15:01:28.850944+00:00,130.007,2026-09-25T15:01:28.720937+00:00,,2026-09-25T15:01:28.741938+00:00,,2026-09-25T15:01:28.753938+00:00,,2026-09-25T15:01:28.754939+00:00,,2026-09-25T15:01:28.744938+00:00,,2026-09-25T15:01:28.745938+00:00,,2026-09-25T15:01:28.746938+00:00,,2026-09-25T15:01:28.747938+00:00,,2026-09-25T15:01:28.748938+00:00,,2026-09-25T15:01:28.749938+00:00,,2026-09-25T15:01:28.750938+00:00,,2026-09-25T15:01:28.751938+00:00,,2026-09-25T15:01:28.752938+00:00,,2026-09-25T15:01:28.742938+00:00,,2026-09-25T15:01:28.743938+00:00,,2026-09-25T15:01:28.755939+00:00,,2026-09-25T15:01:28.793941+00:00,,2026-09-25T15:01:28.806941+00:00,,2026-09-25T15:01:28.758939+00:00,,2026-09-25T15:01:28.759939+00:00,,2026-09-25T15:01:28.760939+00:00,,2026-09-25T15:01:28.761939+00:00,,2026-09-25T15:01:28.762939+00:00,,2026-09-25T15:01:28.763939+00:00,,2026-09-25T15:01:28.801941+00:00,,2026-09-25T15:01:28.802941+00:00,,2026-09-25T15:01:28.804941+00:00,,2026-09-25T15:01:28.756939+00:00,,2026-09-25T15:01:28.757939+00:00,,2026-09-25T15:01:28.807942+00:00,,2026-09-25T15:01:28.796941+00:00,,2026-09-25T15:01:28.797941+00:00,,2026-09-25T15:01:28.798941+00:00,,2026-09-25T15:01:28.799941+00:00,,2026-09-25T15:01:28.800941+00:00,,2026-09-25T15:01:28.778940+00:00,,2026-09-25T15:01:28.790941+00:00,,2026-09-25T15:01:28.792941+00:00,,2026-09-25T15:01:28.816942+00:00,,2026-09-25T15:01:28.794941+00:00,,2026-09-25T15:01:28.795941+00:00,,2026-09-25T15:01:28.808942+00:00,,2026-09-25T15:01:28.809942+00:00,,2026-09-25T15:01:28.810942+00:00,,2026-09-25T15:01:28.811942+00:00,,2026-09-25T15:01:28.812942+00:00,,2026-09-25T15:01:28.813942+00:00,,2026-09-25T15:01:28.814942+00:00,,2026-09-25T15:01:28.815942+00:00,,2026-09-25T15:01:28.805941+00:00,,2026-09-25T15:01:28.817942+00:00,,2026-09-25T15:01:28.818942+00:00,,2026-09-25T15:01:28.819942+00:00,,2026-09-25T15:01:28.820942+00:00,,2026-09-25T15:01:28.832943+00:00,,2026-09-25T15:01:28.822942+00:00,,2026-09-25T15:01:28.823942+00:00,,2026-09-25T15:01:28.824943+00:00,,2026-09-25T15:01:28.825943+00:00,,2026-09-25T15:01:28.826943+00:00,,2026-09-25T15:01:28.827943+00:00,,2026-09-25T15:01:28.828943+00:00,,2026-09-25T15:01:28.840943+00:00,,2026-09-25T15:01:28.830943+00:00,,2026-09-25T15:01:28.831943+00:00,,2026-09-25T15:01:28.821942+00:00,,2026-09-25T15:01:28.844944+00:00,,2026-09-25T15:01:28.834943+00:00,,2026-09-25T15:01:28.835943+00:00,,2026-09-25T15:01:28.836943+00:00,,2026-09-25T15:01:28.837943+00:00,,2026-09-25T15:01:28.838943+00:00,,2026-09-25T15:01:28.839943+00:00,,2026-09-25T15:01:28.829943+00:00,,2026-09-25T15:01:28.841943+00:00,,2026-09-25T15:01:28.842944+00:00,,2026-09-25T15:01:28.843944+00:00,,2026-09-25T15:01:28.845944+00:00,,2026-09-25T15:01:28.846944+00:00,,2026-09-25T15:01:28.847944+00:00,,2026-09-25T15:01:28.848944+00:00,,2026-09-25T15:01:28.849944+00:00,,2026-09-25T15:01:28.850944+00:00,
175,2026-09-25T13:32:24.240904+00:00,2026-09-25T15:01:29.222965+00:00,101.005,2026-09-25T15:01:29.121960+00:00,,2026-09-25T15:01:29.140961+00:00,,2026-09-25T15:01:29.141961+00:00,,2026-09-25T15:01:29.142961+00:00,,2026-09-25T15:01:29.143961+00:00,,2026-09-25T15:01:29.155961+00:00,,2026-09-25T15:01:29.156962+00:00,,2026-09-25T15:01:29.146961+00:00,,2026-09-25T15:01:29.147961+00:00,,2026-09-25T15:01:29.148961+00:00,,2026-09-25T15:01:29.149961+00:00,,2026-09-25T15:01:29.150961+00:00,,2026-09-25T15:01:29.151961+00:00,,2026-09-25T15:01:29.152961+00:00,,2026-09-25T15:01:29.153961+00:00,,2026-09-25T15:01:29.154961+00:00,,2026-09-25T15:01:29.144961+00:00,,2026-09-25T15:01:29.145961+00:00,,2026-09-25T15:01:29.168962+00:00,,2026-09-25T15:01:29.158962+00:00,,2026-09-25T15:01:29.159962+00:00,,2026-09-25T15:01:29.160962+00:00,,2026-09-25T15:01:29.161962+00:00,,2026-09-25T15:01:29.162962+00:00,,2026-09-25T15:01:29.163962+00:00,,2026-09-25T15:01:29.164962+00:00,,2026-09-25T15:01:29.165962+00:00,,2026-09-25T15:01:29.166962+00:00,,2026-09-25T15:01:29.167962+00:00,,2026-09-25T15:01:29.157962+00:00,,2026-09-25T15:01:29.169962+00:00,,2026-09-25T15:01:29.170962+00:00,,2026-09-25T15:01:29.171962+00:00,,2026-09-25T15:01:29.172962+00:00,,2026-09-25T15:01:29.173962+00:00,,2026-09-25T15:01:29.174963+00:00,,2026-09-25T15:01:29.175963+00:00,,2026-09-25T15:01:29.187963+00:00,,2026-09-25T15:01:29.177963+00:00,,2026-09-25T15:01:29.178963+00:00,,2026-09-25T15:01:29.190963+00:00,,2026-09-25T15:01:29.180963+00:00,,2026-09-25T15:01:29.181963+00:00,,2026-09-25T15:01:29.182963+00:00,,2026-09-25T15:01:29.194964+00:00,,2026-09-25T15:01:29.184963+00:00,,2026-09-25T15:01:29.185963+00:00,,2026-09-25T15:01:29.186963+00:00,,2026-09-25T15:01:29.176963+00:00,,2026-09-25T15:01:29.188963+00:00,,2026-09-25T15:01:29.189963+00:00,,2026-09-25T15:01:29.179963+00:00,,2026-09-25T15:01:29.191964+00:00,,2026-09-25T15:01:29.192964+00:00,,2026-09-25T15:01:29.193964+00:00,,2026-09-25T15:01:29.195964+00:00,,2026-09-25T15:01:29.196964+00:00,,2026-09-25T15:01:29.197964+00:00,,2026-09-25T15:01:29.198964+00:00,,2026-09-25T15:01:29.199964+00:00,,2026-09-25T15:01:29.200964+00:00,,2026-09-25T15:01:29.201964+00:00,,2026-09-25T15:01:29.202964+00:00,,2026-09-25T15:01:29.203964+00:00,,2026-09-25T15:01:29.204964+00:00,,2026-09-25T15:01:29.205964+00:00,,2026-09-25T15:01:29.206964+00:00,,2026-09-25T15:01:29.207964+00:00,,2026-09-25T15:01:29.208964+00:00,,2026-09-25T15:01:29.209965+00:00,,2026-09-25T15:01:29.210965+00:00,,2026-09-25T15:01:29.211965+00:00,,2026-09-25T15:01:29.212965+00:00,,2026-09-25T15:01:29.213965+00:00,,2026-09-25T15:01:29.214965+00:00,,2026-09-25T15:01:29.215965+00:00,,2026-09-25T15:01:29.216965+00:00,,2026-09-25T15:01:29.217965+00:00,,2026-09-25T15:01:29.218965+00:00,,2026-09-25T15:01:29.219965+00:00,,2026-09-25T15:01:29.220965+00:00,,2026-09-25T15:01:29.221965+00:00,,2026-09-25T15:01:29.222965+00:00,
176,2026-09-25T13:32:24.680434+00:00,2026-09-25T15:01:29.666991+00:00,86.005,2026-09-25T15:01:29.580986+00:00,,2026-09-25T15:01:29.590986+00:00,,2026-09-25T15:01:29.582986+00:00,,2026-09-25T15:01:29.583986+00:00,,2026-09-25T15:01:29.584986+00:00,,2026-09-25T15:01:29.597987+00:00,,2026-09-25T15:01:29.586986+00:00,,2026-09-25T15:01:29.587986+00:00,,2026-09-25T15:01:29.588986+00:00,,2026-09-25T15:01:29.589986+00:00,,2026-09-25T15:01:29.581986+00:00,,2026-09-25T15:01:29.591986+00:00,,2026-09-25T15:01:29.592986+00:00,,2026-09-25T15:01:29.593987+00:00,,2026-09-25T15:01:29.595987+00:00,,2026-09-25T15:01:29.596987+00:00,,2026-09-25T15:01:29.585986+00:00,,2026-09-25T15:01:29.598987+00:00,,2026-09-25T15:01:29.599987+00:00,,2026-09-25T15:01:29.600987+00:00,,2026-09-25T15:01:29.612988+00:00,,2026-09-25T15:01:29.602987+00:00,,2026-09-25T15:01:29.603987+00:00,,2026-09-25T15:01:29.604987+00:00,,2026-09-25T15:01:29.605987+00:00,,2026-09-25T15:01:29.606987+00:00,,2026-09-25T15:01:29.607987+00:00,,2026-09-25T15:01:29.608987+00:00,,2026-09-25T15:01:29.609987+00:00,,2026-09-25T15:01:29.610987+00:00,,2026-09-25T15:01:29.611988+00:00,,2026-09-25T15:01:29.601987+00:00,,2026-09-25T15:01:29.613988+00:00,,2026-09-25T15:01:29.614988+00:00,,2026-09-25T15:01:29.615988+00:00,,2026-09-25T15:01:29.616988+00:00,,2026-09-25T15:01:29.617988+00:00,,2026-09-25T15:01:29.618988+00:00,,2026-09-25T15:01:29.619988+00:00,,2026-09-25T15:01:29.620988+00:00,,2026-09-25T15:01:29.621988+00:00,,2026-09-25T15:01:29.622988+00:00,,2026-09-25T15:01:29.623988+00:00,,2026-09-25T15:01:29.624988+00:00,,2026-09-25T15:01:29.625988+00:00,,2026-09-25T15:01:29.626988+00:00,,2026-09-25T15:01:29.627988+00:00,,2026-09-25T15:01:29.628989+00:00,,2026-09-25T15:01:29.629989+00:00,,2026-09-25T15:01:29.641989+00:00,,2026-09-25T15:01:29.631989+00:00,,2026-09-25T15:01:29.632989+00:00,,2026-09-25T15:01:29.644989+00:00,,2026-09-25T15:01:29.634989+00:00,,2026-09-25T15:01:29.635989+00:00,,2026-09-25T15:01:29.636989+00:00,,2026-09-25T15:01:29.637989+00:00,,2026-09-25T15:01:29.638989+00:00,,2026-09-25T15:01:29.639989+00:00,,2026-09-25T15:01:29.640989+00:00,,2026-09-25T15:01:29.630989+00:00,,2026-09-25T15:01:29.642989+00:00,,2026-09-25T15:01:29.656990+00:00,,2026-09-25T15:01:29.645989+00:00,,2026-09-25T15:01:29.647990+00:00,,2026-09-25T15:01:29.660990+00:00,,2026-09-25T15:01:29.650990+00:00,,2026-09-25T15:01:29.651990+00:00,,2026-09-25T15:01:29.652990+00:00,,2026-09-25T15:01:29.653990+00:00,,2026-09-25T15:01:29.654990+00:00,,2026-09-25T15:01:29.655990+00:00,,2026-09-25T15:01:29.643989+00:00,,2026-09-25T15:01:29.657990+00:00,,2026-09-25T15:01:29.658990+00:00,,2026-09-25T15:01:29.659990+00:00,,2026-09-25T15:01:29.649990+00:00,,2026-09-25T15:01:29.661990+00:00,,2026-09-25T15:01:29.662990+00:00,,2026-09-25T15:01:29.663991+00:00,,2026-09-25T15:01:29.664991+00:00,,2026-09-25T15:01:29.665991+00:00,,2026-09-25T15:01:29.666991+00:00,
177,2026-09-25T13:32:25.127162+00:00,2026-09-25T15:01:30.066013+00:00,84.00399999999999,2026-09-25T15:01:29.982009+00:00,,2026-09-25T15:01:29.994009+00:00,,2026-09-25T15:01:29.984009+00:00,,2026-09-25T15:01:29.985009+00:00,,2026-09-25T15:01:29.986009+00:00,,2026-09-25T15:01:29.987009+00:00,,2026-09-25T15:01:29.988009+00:00,,2026-09-25T15:01:29.989009+00:00,,2026-09-25T15:01:29.990009+00:00,,2026-09-25T15:01:29.991009+00:00,,2026-09-25T15:01:30.003010+00:00,,2026-09-25T15:01:29.993009+00:00,,2026-09-25T15:01:29.995009+00:00,,2026-09-25T15:01:29.996009+00:00,,2026-09-25T15:01:29.997010+00:00,,2026-09-25T15:01:30.009010+00:00,,2026-09-25T15:01:29.999010+00:00,,2026-09-25T15:01:30.000010+00:00,,2026-09-25T15:01:30.001010+00:00,,2026-09-25T15:01:30.002010+00:00,,2026-09-25T15:01:29.992009+00:00,,2026-09-25T15:01:30.004010+00:00,,2026-09-25T15:01:30.005010+00:00,,2026-09-25T15:01:30.006010+00:00,,2026-09-25T15:01:30.007010+00:00,,2026-09-25T15:01:30.008010+00:00,,2026-09-25T15:01:29.998010+00:00,,2026-09-25T15:01:30.010010+00:00,,2026-09-25T15:01:30.011010+00:00,,2026-09-25T15:01:30.012010+00:00,,2026-09-25T15:01:30.013010+00:00,,2026-09-25T15:01:30.014011+00:00,,2026-09-25T15:01:30.015011+00:00,,2026-09-25T15:01:30.016011+00:00,,2026-09-25T15:01:30.017011+00:00,,2026-09-25T15:01:30.018011+00:00,,2026-09-25T15:01:30.019011+00:00,,2026-09-25T15:01:30.020011+00:00,,2026-09-25T15:01:30.021011+00:00,,2026-09-25T15:01:30.022011+00:00,,2026-09-25T15:01:30.023011+00:00,,2026-09-25T15:01:30.024011+00:00,,2026-09-25T15:01:30.025011+00:00,,2026-09-25T15:01:30.026011+00:00,,2026-09-25T15:01:30.027011+00:00,,2026-09-25T15:01:30.028011+00:00,,2026-09-25T15:01:30.029011+00:00,,2026-09-25T15:01:30.030011+00:00,,2026-09-25T15:01:30.031011+00:00,,2026-09-25T15:01:30.032012+00:00,,2026-09-25T15:01:30.033012+00:00,,2026-09-25T15:01:30.034012+00:00,,2026-09-25T15:01:30.035012+00:00,,2026-09-25T15:01:30.036012+00:00,,2026-09-25T15:01:30.037012+00:00,,2026-09-25T15:01:30.050013+00:00,,2026-09-25T15:01:30.039012+00:00,,2026-09-25T15:01:30.040012+00:00,,2026-09-25T15:01:30.041012+00:00,,2026-09-25T15:01:30.042012+00:00,,2026-09-25T15:01:30.043012+00:00,,2026-09-25T15:01:30.045012+00:00,,2026-09-25T15:01:30.046012+00:00,,2026-09-25T15:01:30.047012+00:00,,2026-09-25T15:01:30.048012+00:00,,2026-09-25T15:01:30.049013+00:00,,2026-09-25T15:01:30.038012+00:00,,2026-09-25T15:01:30.051013+00:00,,2026-09-25T15:01:30.052013+00:00,,2026-09-25T15:01:30.053013+00:00,,2026-09-25T15:01:30.054013+00:00,,2026-09-25T15:01:30.055013+00:00,,2026-09-25T15:01:30.056013+00:00,,2026-09-25T15:01:30.057013+00:00,,2026-09-25T15:01:30.058013+00:00,,2026-09-25T15:01:30.059013+00:00,,2026-09-25T15:01:30.060013+00:00,,2026-09-25T15:01:30.061013+00:00,,2026-09-25T15:01:30.062013+00:00,,2026-09-25T15:01:30.063013+00:00,,2026-09-25T15:01:30.064013+00:00,,2026-09-25T15:01:30.065013+00:00,,2026-09-25T15:01:30.066013+00:00,
178,2026-09-25T13:32:25.512698+00:00,2026-09-25T15:01:30.498038+00:00,93.00500000000001,2026-09-25T15:01:30.413033+00:00,,2026-09-25T15:01:30.414033+00:00,,2026-09-25T15:01:30.405033+00:00,,2026-09-25T15:01:30.416034+00:00,,2026-09-25T15:01:30.429034+00:00,,2026-09-25T15:01:30.407033+00:00,,2026-09-25T15:01:30.431034+00:00,,2026-09-25T15:01:30.409033+00:00,,2026-09-25T15:01:30.422034+00:00,,2026-09-25T15:01:30.423034+00:00,,2026-09-25T15:01:30.424034+00:00,,2026-09-25T15:01:30.425034+00:00,,2026-09-25T15:01:30.426034+00:00,,2026-09-25T15:01:30.427034+00:00,,2026-09-25T15:01:30.428034+00:00,,2026-09-25T15:01:30.417034+00:00,,2026-09-25T15:01:30.418034+00:00,,2026-09-25T15:01:30.420034+00:00,,2026-09-25T15:01:30.421034+00:00,,2026-09-25T15:01:30.444035+00:00,,2026-09-25T15:01:30.434035+00:00,,2026-09-25T15:01:30.435035+00:00,,2026-09-25T15:01:30.436035+00:00,,2026-09-25T15:01:30.459036+00:00,,2026-09-25T15:01:30.438035+00:00,,2026-09-25T15:01:30.439035+00:00,,2026-09-25T15:01:30.440035+00:00,,2026-09-25T15:01:30.441035+00:00,,2026-09-25T15:01:30.442035+00:00,,2026-09-25T15:01:30.443035+00:00,,2026-09-25T15:01:30.445035+00:00,,2026-09-25T15:01:30.446035+00:00,,2026-09-25T15:01:30.447035+00:00,,2026-09-25T15:01:30.437035+00:00,,2026-09-25T15:01:30.449035+00:00,,2026-09-25T15:01:30.450035+00:00,,2026-09-25T15:01:30.451036+00:00,,2026-09-25T15:01:30.452036+00:00,,2026-09-25T15:01:30.453036+00:00,,2026-09-25T15:01:30.454036+00:00,,2026-09-25T15:01:30.455036+00:00,,2026-09-25T15:01:30.456036+00:00,,2026-09-25T15:01:30.457036+00:00,,2026-09-25T15:01:30.458036+00:00,,2026-09-25T15:01:30.448035+00:00,,2026-09-25T15:01:30.460036+00:00,,2026-09-25T15:01:30.461036+00:00,,2026-09-25T15:01:30.462036+00:00,,2026-09-25T15:01:30.463036+00:00,,2026-09-25T15:01:30.464036+00:00,,2026-09-25T15:01:30.465036+00:00,,2026-09-25T15:01:30.466036+00:00,,2026-09-25T15:01:30.467036+00:00,,2026-09-25T15:01:30.468036+00:00,,2026-09-25T15:01:30.469037+00:00,,2026-09-25T15:01:30.470037+00:00,,2026-09-25T15:01:30.471037+00:00,,2026-09-25T15:01:30.472037+00:00,,2026-09-25T15:01:30.473037+00:00,,2026-09-25T15:01:30.474037+00:00,,2026-09-25T15:01:30.475037+00:00,,2026-09-25T15:01:30.476037+00:00,,2026-09-25T15:01:30.477037+00:00,,2026-09-25T15:01:30.478037+00:00,,2026-09-25T15:01:30.479037+00:00,,2026-09-25T15:01:30.480037+00:00,,2026-09-25T15:01:30.481037+00:00,,2026-09-25T15:01:30.482037+00:00,,2026-09-25T15:01:30.494038+00:00,,2026-09-25T15:01:30.484037+00:00,,2026-09-25T15:01:30.485037+00:00,,2026-09-25T15:01:30.486038+00:00,,2026-09-25T15:01:30.487038+00:00,,2026-09-25T15:01:30.488038+00:00,,2026-09-25T15:01:30.489038+00:00,,2026-09-25T15:01:30.490038+00:00,,2026-09-25T15:01:30.491038+00:00,,2026-09-25T15:01:30.492038+00:00,,2026-09-25T15:01:30.493038+00:00,,2026-09-25T15:01:30.495038+00:00,,2026-09-25T15:01:30.496038+00:00,,2026-09-25T15:01:30.497038+00:00,,2026-09-25T15:01:30.498038+00:00,
179,2026-09-25T13:32:25.952666+00:00,2026-09-25T15:01:30.931063+00:00,173.01,2026-09-25T15:01:30.758053+00:00,,2026-09-25T15:01:30.768054+00:00,,2026-09-25T15:01:30.780054+00:00,,2026-09-25T15:01:30.770054+00:00,,2026-09-25T15:01:30.771054+00:00,,2026-09-25T15:01:30.772054+00:00,,2026-09-25T15:01:30.773054+00:00,,2026-09-25T15:01:30.785055+00:00,,2026-09-25T15:01:30.786055+00:00,,2026-09-25T15:01:30.776054+00:00,,2026-09-25T15:01:30.777054+00:00,,2026-09-25T15:01:30.778054+00:00,,2026-09-25T15:01:30.779054+00:00,,2026-09-25T15:01:30.769054+00:00,,2026-09-25T15:01:30.781054+00:00,,2026-09-25T15:01:30.794055+00:00,,2026-09-25T15:01:30.774054+00:00,,2026-09-25T15:01:30.787055+00:00,,2026-09-25T15:01:30.789055+00:00,,2026-09-25T15:01:30.791055+00:00,,2026-09-25T15:01:30.782054+00:00,,2026-09-25T15:01:30.796055+00:00,,2026-09-25T15:01:30.798055+00:00,,2026-09-25T15:01:30.800055+00:00,,2026-09-25T15:01:30.802056+00:00,,2026-09-25T15:01:30.804056+00:00,,2026-09-25T15:01:30.806056+00:00,,2026-09-25T15:01:30.808056+00:00,,2026-09-25T15:01:30.810056+00:00,,2026-09-25T15:01:30.812056+00:00,,2026-09-25T15:01:30.825057+00:00,,2026-09-25T15:01:30.816056+00:00,,2026-09-25T15:01:30.818057+00:00,,2026-09-25T15:01:30.820057+00:00,,2026-09-25T15:01:30.822057+00:00,,2026-09-25T15:01:30.824057+00:00,,2026-09-25T15:01:30.826057+00:00,,2026-09-25T15:01:30.828057+00:00,,2026-09-25T15:01:30.841058+00:00,,2026-09-25T15:01:30.832057+00:00,,2026-09-25T15:01:30.823057+00:00,,2026-09-25T15:01:30.836058+00:00,,2026-09-25T15:01:30.838058+00:00,,2026-09-25T15:01:30.840058+00:00,,2026-09-25T15:01:30.842058+00:00,,2026-09-25T15:01:30.845058+00:00,,2026-09-25T15:01:30.847058+00:00,,2026-09-25T15:01:30.860059+00:00,,2026-09-25T15:01:30.851058+00:00,,2026-09-25T15:01:30.853059+00:00,,2026-09-25T15:01:30.855059+00:00,,2026-09-25T15:01:30.857059+00:00,,2026-09-25T15:01:30.859059+00:00,,2026-09-25T15:01:30.861059+00:00,,2026-09-25T15:01:30.863059+00:00,,2026-09-25T15:01:30.865059+00:00,,2026-09-25T15:01:30.867059+00:00,,2026-09-25T15:01:30.869059+00:00,,2026-09-25T15:01:30.871060+00:00,,2026-09-25T15:01:30.873060+00:00,,2026-09-25T15:01:30.875060+00:00,,2026-09-25T15:01:30.877060+00:00,,2026-09-25T15:01:30.879060+00:00,,2026-09-25T15:01:30.881060+00:00,,2026-09-25T15:01:30.894061+00:00,,2026-09-25T15:01:30.885060+00:00,,2026-09-25T15:01:30.887060+00:00,,2026-09-25T15:01:30.889061+00:00,,2026-09-25T15:01:30.891061+00:00,,2026-09-25T15:01:30.893061+00:00,,2026-09-25T15:01:30.896061+00:00,,2026-09-25T15:01:30.898061+00:00,,2026-09-25T15:01:30.900061+00:00,,2026-09-25T15:01:30.902061+00:00,,2026-09-25T15:01:30.904061+00:00,,2026-09-25T15:01:30.906062+00:00,,2026-09-25T15:01:30.908062+00:00,,2026-09-25T15:01:30.910062+00:00,,2026-09-25T15:01:30.912062+00:00,,2026-09-25T15:01:30.914062+00:00,,2026-09-25T15:01:30.916062+00:00,,2026-09-25T15:01:30.918062+00:00,,2026-09-25T15:01:30.931063+00:00,
180,2026-09-25T13:32:26.320530+00:00,2026-09-25T15:01:31.308085+00:00,112.00699999999999,2026-09-25T15:01:31.196078+00:00,,2026-09-25T15:01:31.213079+00:00,,2026-09-25T15:01:31.214079+00:00,,2026-09-25T15:01:31.215079+00:00,,2026-09-25T15:01:31.216079+00:00,,2026-09-25T15:01:31.217079+00:00,,2026-09-25T15:01:31.229080+00:00,,2026-09-25T15:01:31.230080+00:00,,2026-09-25T15:01:31.231080+00:00,,2026-09-25T15:01:31.243081+00:00,,2026-09-25T15:01:31.222080+00:00,,2026-09-25T15:01:31.223080+00:00,,2026-09-25T15:01:31.224080+00:00,,2026-09-25T15:01:31.225080+00:00,,2026-09-25T15:01:31.237080+00:00,,2026-09-25T15:01:31.227080+00:00,,2026-09-25T15:01:31.228080+00:00,,2026-09-25T15:01:31.218079+00:00,,2026-09-25T15:01:31.219079+00:00,,2026-09-25T15:01:31.220080+00:00,,2026-09-25T15:01:31.221080+00:00,,2026-09-25T15:01:31.233080+00:00,,2026-09-25T15:01:31.234080+00:00,,2026-09-25T15:01:31.235080+00:00,,2026-09-25T15:01:31.236080+00:00,,2026-09-25T15:01:31.226080+00:00,,2026-09-25T15:01:31.238081+00:00,,2026-09-25T15:01:31.239081+00:00,,2026-09-25T15:01:31.240081+00:00,,2026-09-25T15:01:31.241081+00:00,,2026-09-25T15:01:31.253081+00:00,,2026-09-25T15:01:31.244081+00:00,,2026-09-25T15:01:31.245081+00:00,,2026-09-25T15:01:31.246081+00:00,,2026-09-25T15:01:31.247081+00:00,,2026-09-25T15:01:31.248081+00:00,,2026-09-25T15:01:31.249081+00:00,,2026-09-25T15:01:31.250081+00:00,,2026-09-25T15:01:31.251081+00:00,,2026-09-25T15:01:31.252081+00:00,,2026-09-25T15:01:31.242081+00:00,,2026-09-25T15:01:31.254081+00:00,,2026-09-25T15:01:31.255082+00:00,,2026-09-25T15:01:31.256082+00:00,,2026-09-25T15:01:31.268082+00:00,,2026-09-25T15:01:31.258082+00:00,,2026-09-25T15:01:31.259082+00:00,,2026-09-25T15:01:31.260082+00:00,,2026-09-25T15:01:31.261082+00:00,,2026-09-25T15:01:31.262082+00:00,,2026-09-25T15:01:31.263082+00:00,,2026-09-25T15:01:31.264082+00:00,,2026-09-25T15:01:31.265082+00:00,,2026-09-25T15:01:31.277083+00:00,,2026-09-25T15:01:31.267082+00:00,,2026-09-25T15:01:31.257082+00:00,,2026-09-25T15:01:31.269082+00:00,,2026-09-25T15:01:31.281083+00:00,,2026-09-25T15:01:31.271082+00:00,,2026-09-25T15:01:31.272082+00:00,,2026-09-25T15:01:31.273083+00:00,,2026-09-25T15:01:31.274083+00:00,,2026-09-25T15:01:31.275083+00:00,,2026-09-25T15:01:31.276083+00:00,,2026-09-25T15:01:31.266082+00:00,,2026-09-25T15:01:31.278083+00:00,,2026-09-25T15:01:31.279083+00:00,,2026-09-25T15:01:31.280083+00:00,,2026-09-25T15:01:31.270082+00:00,,2026-09-25T15:01:31.293084+00:00,,2026-09-25T15:01:31.283083+00:00,,2026-09-25T15:01:31.285083+00:00,,2026-09-25T15:01:31.287083+00:00,,2026-09-25T15:01:31.289083+00:00,,2026-09-25T15:01:31.291084+00:00,,2026-09-25T15:01:31.294084+00:00,,2026-09-25T15:01:31.296084+00:00,,2026-09-25T15:01:31.298084+00:00,,2026-09-25T15:01:31.300084+00:00,,2026-09-25T15:01:31.302084+00:00,,2026-09-25T15:01:31.304084+00:00,,2026-09-25T15:01:31.306084+00:00,,2026-09-25T15:01:31.308085+00:00,
181,2026-09-25T13:32:26.682662+00:00,2026-09-25T15:01:31.655104+00:00,92.00500000000001,2026-09-25T15:01:31.563099+00:00,,2026-09-25T15:01:31.572100+00:00,,2026-09-25T15:01:31.573100+00:00,,2026-09-25T15:01:31.574100+00:00,,2026-09-25T15:01:31.575100+00:00,,2026-09-25T15:01:31.576100+00:00,,2026-09-25T15:01:31.577100+00:00,,2026-09-25T15:01:31.578100+00:00,,2026-09-25T15:01:31.579100+00:00,,2026-09-25T15:01:31.580100+00:00,,2026-09-25T15:01:31.581100+00:00,,2026-09-25T15:01:31.604101+00:00,,2026-09-25T15:01:31.583100+00:00,,2026-09-25T15:01:31.584100+00:00,,2026-09-25T15:01:31.585100+00:00,,2026-09-25T15:01:31.586100+00:00,,2026-09-25T15:01:31.587101+00:00,,2026-09-25T15:01:31.588101+00:00,,2026-09-25T15:01:31.589101+00:00,,2026-09-25T15:01:31.590101+00:00,,2026-09-25T15:01:31.591101+00:00,,2026-09-25T15:01:31.592101+00:00,,2026-09-25T15:01:31.594101+00:00,,2026-09-25T15:01:31.595101+00:00,,2026-09-25T15:01:31.596101+00:00,,2026-09-25T15:01:31.597101+00:00,,2026-09-25T15:01:31.598101+00:00,,2026-09-25T15:01:31.599101+00:00,,2026-09-25T15:01:31.600101+00:00,,2026-09-25T15:01:31.601101+00:00,,2026-09-25T15:01:31.602101+00:00,,2026-09-25T15:01:31.603101+00:00,,2026-09-25T15:01:31.593101+00:00,,2026-09-25T15:01:31.605102+00:00,,2026-09-25T15:01:31.606102+00:00,,2026-09-25T15:01:31.607102+00:00,,2026-09-25T15:01:31.608102+00:00,,2026-09-25T15:01:31.609102+00:00,,2026-09-25T15:01:31.610102+00:00,,2026-09-25T15:01:31.611102+00:00,,2026-09-25T15:01:31.612102+00:00,,2026-09-25T15:01:31.613102+00:00,,2026-09-25T15:01:31.614102+00:00,,2026-09-25T15:01:31.626103+00:00,,2026-09-25T15:01:31.616102+00:00,,2026-09-25T15:01:31.617102+00:00,,2026-09-25T15:01:31.618102+00:00,,2026-09-25T15:01:31.619102+00:00,,2026-09-25T15:01:31.620102+00:00,,2026-09-25T15:01:31.621102+00:00,,2026-09-25T15:01:31.622103+00:00,,2026-09-25T15:01:31.623103+00:00,,2026-09-25T15:01:31.624103+00:00,,2026-09-25T15:01:31.625103+00:00,,2026-09-25T15:01:31.615102+00:00,,2026-09-25T15:01:31.627103+00:00,,2026-09-25T15:01:31.628103+00:00,,2026-09-25T15:01:31.629103+00:00,,2026-09-25T15:01:31.630103+00:00,,2026-09-25T15:01:31.631103+00:00,,2026-09-25T15:01:31.643104+00:00,,2026-09-25T15:01:31.633103+00:00,,2026-09-25T15:01:31.634103+00:00,,2026-09-25T15:01:31.635103+00:00,,2026-09-25T15:01:31.636103+00:00,,2026-09-25T15:01:31.637103+00:00,,2026-09-25T15:01:31.649104+00:00,,2026-09-25T15:01:31.650104+00:00,,2026-09-25T15:01:31.640104+00:00,,2026-09-25T15:01:31.641104+00:00,,2026-09-25T15:01:31.642104+00:00,,2026-09-25T15:01:31.644104+00:00,,2026-09-25T15:01:31.645104+00:00,,2026-09-25T15:01:31.646104+00:00,,2026-09-25T15:01:31.647104+00:00,,2026-09-25T15:01:31.648104+00:00,,2026-09-25T15:01:31.638103+00:00,,2026-09-25T15:01:31.639103+00:00,,2026-09-25T15:01:31.651104+00:00,,2026-09-25T15:01:31.652104+00:00,,2026-09-25T15:01:31.653104+00:00,,2026-09-25T15:01:31.654104+00:00,,2026-09-25T15:01:31.655104+00:00,
182,2026-09-25T13:32:27.051944+00:00,2026-09-25T15:01:32.031126+00:00,87.005,2026-09-25T15:01:31.944121+00:00,,2026-09-25T15:01:31.949121+00:00,,2026-09-25T15:01:31.950121+00:00,,2026-09-25T15:01:31.951121+00:00,,2026-09-25T15:01:31.952121+00:00,,2026-09-25T15:01:31.964122+00:00,,2026-09-25T15:01:31.954121+00:00,,2026-09-25T15:01:31.955122+00:00,,2026-09-25T15:01:31.956122+00:00,,2026-09-25T15:01:31.957122+00:00,,2026-09-25T15:01:31.958122+00:00,,2026-09-25T15:01:31.959122+00:00,,2026-09-25T15:01:31.960122+00:00,,2026-09-25T15:01:31.961122+00:00,,2026-09-25T15:01:31.962122+00:00,,2026-09-25T15:01:31.963122+00:00,,2026-09-25T15:01:31.953121+00:00,,2026-09-25T15:01:31.965122+00:00,,2026-09-25T15:01:31.966122+00:00,,2026-09-25T15:01:31.967122+00:00,,2026-09-25T15:01:31.968122+00:00,,2026-09-25T15:01:31.969122+00:00,,2026-09-25T15:01:31.970122+00:00,,2026-09-25T15:01:31.971122+00:00,,2026-09-25T15:01:31.972123+00:00,,2026-09-25T15:01:31.973123+00:00,,2026-09-25T15:01:31.974123+00:00,,2026-09-25T15:01:31.975123+00:00,,2026-09-25T15:01:31.976123+00:00,,2026-09-25T15:01:31.977123+00:00,,2026-09-25T15:01:31.978123+00:00,,2026-09-25T15:01:31.979123+00:00,,2026-09-25T15:01:31.980123+00:00,,2026-09-25T15:01:31.981123+00:00,,2026-09-25T15:01:32.004124+00:00,,2026-09-25T15:01:31.983123+00:00,,2026-09-25T15:01:31.984123+00:00,,2026-09-25T15:01:31.985123+00:00,,2026-09-25T15:01:31.986123+00:00,,2026-09-25T15:01:31.987123+00:00,,2026-09-25T15:01:31.988123+00:00,,2026-09-25T15:01:31.989123+00:00,,2026-09-25T15:01:31.990124+00:00,,2026-09-25T15:01:31.991124+00:00,,2026-09-25T15:01:31.992124+00:00,,2026-09-25T15:01:32.005124+00:00,,2026-09-25T15:01:31.995124+00:00,,2026-09-25T15:01:31.996124+00:00,,2026-09-25T15:01:31.997124+00:00,,2026-09-25T15:01:31.998124+00:00,,2026-09-25T15:01:32.010125+00:00,,2026-09-25T15:01:32.000124+00:00,,2026-09-25T15:01:32.001124+00:00,,2026-09-25T15:01:32.002124+00:00,,2026-09-25T15:01:32.003124+00:00,,2026-09-25T15:01:31.993124+00:00,,2026-09-25T15:01:31.994124+00:00,,2026-09-25T15:01:32.006124+00:00,,2026-09-25T15:01:32.007125+00:00,,2026-09-25T15:01:32.008125+00:00,,2026-09-25T15:01:32.009125+00:00,,2026-09-25T15:01:31.999124+00:00,,2026-09-25T15:01:32.011125+00:00,,2026-09-25T15:01:32.012125+00:00,,2026-09-25T15:01:32.013125+00:00,,2026-09-25T15:01:32.014125+00:00,,2026-09-25T15:01:32.015125+00:00,,2026-09-25T15:01:32.016125+00:00,,2026-09-25T15:01:32.017125+00:00,,2026-09-25T15:01:32.018125+00:00,,2026-09-25T15:01:32.019125+00:00,,2026-09-25T15:01:32.020125+00:00,,2026-09-25T15:01:32.021125+00:00,,2026-09-25T15:01:32.022125+00:00,,2026-09-25T15:01:32.023125+00:00,,2026-09-25T15:01:32.024125+00:00,,2026-09-25T15:01:32.025126+00:00,,2026-09-25T15:01:32.026126+00:00,,2026-09-25T15:01:32.027126+00:00,,2026-09-25T15:01:32.028126+00:00,,2026-09-25T15:01:32.029126+00:00,,2026-09-25T15:01:32.030126+00:00,,2026-09-25T15:01:32.031126+00:00,
183,2026-09-25T13:32:27.393255+00:00,2026-09-25T15:01:32.381146+00:00,88.005,2026-09-25T15:01:32.293141+00:00,,2026-09-25T15:01:32.298141+00:00,,2026-09-25T15:01:32.299141+00:00,,2026-09-25T15:01:32.301141+00:00,,2026-09-25T15:01:32.302141+00:00,,2026-09-25T15:01:32.303141+00:00,,2026-09-25T15:01:32.304142+00:00,,2026-09-25T15:01:32.305142+00:00,,2026-09-25T15:01:32.306142+00:00,,2026-09-25T15:01:32.307142+00:00,,2026-09-25T15:01:32.308142+00:00,,2026-09-25T15:01:32.309142+00:00,,2026-09-25T15:01:32.310142+00:00,,2026-09-25T15:01:32.311142+00:00,,2026-09-25T15:01:32.312142+00:00,,2026-09-25T15:01:32.313142+00:00,,2026-09-25T15:01:32.314142+00:00,,2026-09-25T15:01:32.315142+00:00,,2026-09-25T15:01:32.327143+00:00,,2026-09-25T15:01:32.317142+00:00,,2026-09-25T15:01:32.318142+00:00,,2026-09-25T15:01:32.319142+00:00,,2026-09-25T15:01:32.320142+00:00,,2026-09-25T15:01:32.321142+00:00,,2026-09-25T15:01:32.322143+00:00,,2026-09-25T15:01:32.323143+00:00,,2026-09-25T15:01:32.324143+00:00,,2026-09-25T15:01:32.325143+00:00,,2026-09-25T15:01:32.326143+00:00,,2026-09-25T15:01:32.316142+00:00,,2026-09-25T15:01:32.339144+00:00,,2026-09-25T15:01:32.329143+00:00,,2026-09-25T15:01:32.330143+00:00,,2026-09-25T15:01:32.331143+00:00,,2026-09-25T15:01:32.343144+00:00,,2026-09-25T15:01:32.333143+00:00,,2026-09-25T15:01:32.334143+00:00,,2026-09-25T15:01:32.335143+00:00,,2026-09-25T15:01:32.336143+00:00,,2026-09-25T15:01:32.337143+00:00,,2026-09-25T15:01:32.338143+00:00,,2026-09-25T15:01:32.328143+00:00,,2026-09-25T15:01:32.340144+00:00,,2026-09-25T15:01:32.341144+00:00,,2026-09-25T15:01:32.342144+00:00,,2026-09-25T15:01:32.344144+00:00,,2026-09-25T15:01:32.345144+00:00,,2026-09-25T15:01:32.346144+00:00,,2026-09-25T15:01:32.358145+00:00,,2026-09-25T15:01:32.348144+00:00,,2026-09-25T15:01:32.349144+00:00,,2026-09-25T15:01:32.350144+00:00,,2026-09-25T15:01:32.351144+00:00,,2026-09-25T15:01:32.352144+00:00,,2026-09-25T15:01:32.353144+00:00,,2026-09-25T15:01:32.354144+00:00,,2026-09-25T15:01:32.355144+00:00,,2026-09-25T15:01:32.356144+00:00,,2026-09-25T15:01:32.357145+00:00,,2026-09-25T15:01:32.347144+00:00,,2026-09-25T15:01:32.359145+00:00,,2026-09-25T15:01:32.360145+00:00,,2026-09-25T15:01:32.361145+00:00,,2026-09-25T15:01:32.362145+00:00,,2026-09-25T15:01:32.363145+00:00,,2026-09-25T15:01:32.364145+00:00,,2026-09-25T15:01:32.365145+00:00,,2026-09-25T15:01:32.366145+00:00,,2026-09-25T15:01:32.367145+00:00,,2026-09-25T15:01:32.368145+00:00,,2026-09-25T15:01:32.369145+00:00,,2026-09-25T15:01:32.370145+00:00,,2026-09-25T15:01:32.371145+00:00,,2026-09-25T15:01:32.372145+00:00,,2026-09-25T15:01:32.373145+00:00,,2026-09-25T15:01:32.374146+00:00,,2026-09-25T15:01:32.375146+00:00,,2026-09-25T15:01:32.376146+00:00,,2026-09-25T15:01:32.377146+00:00,,2026-09-25T15:01:32.378146+00:00,,2026-09-25T15:01:32.379146+00:00,,2026-09-25T15:01:32.380146+00:00,,2026-09-25T15:01:32.381146+00:00,
184,2026-09-25T13:32:27.777880+00:00,2026-09-25T15:01:32.739166+00:00,105.006,2026-09-25T15:01:32.634160+00:00,,2026-09-25T15:01:32.653161+00:00,,2026-09-25T15:01:32.654162+00:00,,2026-09-25T15:01:32.655162+00:00,,2026-09-25T15:01:32.656162+00:00,,2026-09-25T15:01:32.657162+00:00,,2026-09-25T15:01:32.658162+00:00,,2026-09-25T15:01:32.659162+00:00,,2026-09-25T15:01:32.660162+00:00,,2026-09-25T15:01:32.661162+00:00,,2026-09-25T15:01:32.662162+00:00,,2026-09-25T15:01:32.663162+00:00,,2026-09-25T15:01:32.664162+00:00,,2026-09-25T15:01:32.665162+00:00,,2026-09-25T15:01:32.666162+00:00,,2026-09-25T15:01:32.667162+00:00,,2026-09-25T15:01:32.668162+00:00,,2026-09-25T15:01:32.669162+00:00,,2026-09-25T15:01:32.670162+00:00,,2026-09-25T15:01:32.671163+00:00,,2026-09-25T15:01:32.672163+00:00,,2026-09-25T15:01:32.673163+00:00,,2026-09-25T15:01:32.685163+00:00,,2026-09-25T15:01:32.675163+00:00,,2026-09-25T15:01:32.676163+00:00,,2026-09-25T15:01:32.677163+00:00,,2026-09-25T15:01:32.678163+00:00,,2026-09-25T15:01:32.679163+00:00,,2026-09-25T15:01:32.680163+00:00,,2026-09-25T15:01:32.696164+00:00,,2026-09-25T15:01:32.682163+00:00,,2026-09-25T15:01:32.683163+00:00,,2026-09-25T15:01:32.684163+00:00,,2026-09-25T15:01:32.674163+00:00,,2026-09-25T15:01:32.686163+00:00,,2026-09-25T15:01:32.687163+00:00,,2026-09-25T15:01:32.688163+00:00,,2026-09-25T15:01:32.689164+00:00,,2026-09-25T15:01:32.704164+00:00,,2026-09-25T15:01:32.705164+00:00,,2026-09-25T15:01:32.695164+00:00,,2026-09-25T15:01:32.697164+00:00,,2026-09-25T15:01:32.698164+00:00,,2026-09-25T15:01:32.699164+00:00,,2026-09-25T15:01:32.700164+00:00,,2026-09-25T15:01:32.701164+00:00,,2026-09-25T15:01:32.713165+00:00,,2026-09-25T15:01:32.703164+00:00,,2026-09-25T15:01:32.692164+00:00,,2026-09-25T15:01:32.694164+00:00,,2026-09-25T15:01:32.706165+00:00,,2026-09-25T15:01:32.707165+00:00,,2026-09-25T15:01:32.708165+00:00,,2026-09-25T15:01:32.709165+00:00,,2026-09-25T15:01:32.710165+00:00,,2026-09-25T15:01:32.711165+00:00,,2026-09-25T15:01:32.712165+00:00,,2026-09-25T15:01:32.702164+00:00,,2026-09-25T15:01:32.714165+00:00,,2026-09-25T15:01:32.715165+00:00,,2026-09-25T15:01:32.716165+00:00,,2026-09-25T15:01:32.717165+00:00,,2026-09-25T15:01:32.718165+00:00,,2026-09-25T15:01:32.719165+00:00,,2026-09-25T15:01:32.720165+00:00,,2026-09-25T15:01:32.721165+00:00,,2026-09-25T15:01:32.722165+00:00,,2026-09-25T15:01:32.734166+00:00,,2026-09-25T15:01:32.735166+00:00,,2026-09-25T15:01:32.736166+00:00,,2026-09-25T15:01:32.726166+00:00,,2026-09-25T15:01:32.727166+00:00,,2026-09-25T15:01:32.728166+00:00,,2026-09-25T15:01:32.729166+00:00,,2026-09-25T15:01:32.730166+00:00,,2026-09-25T15:01:32.739166+00:00,,2026-09-25T15:01:32.732166+00:00,,2026-09-25T15:01:32.733166+00:00,,2026-09-25T15:01:32.723165+00:00,,2026-09-25T15:01:32.724166+00:00,,2026-09-25T15:01:32.725166+00:00,,2026-09-25T15:01:32.737166+00:00,,2026-09-25T15:01:32.738166+00:00,
185,2026-09-25T13:32:28.214922+00:00,2026-09-25T15:01:33.127189+00:00,103.006,2026-09-25T15:01:33.024183+00:00,,2026-09-25T15:01:33.045184+00:00,,2026-09-25T15:01:33.046184+00:00,,2026-09-25T15:01:33.047184+00:00,,2026-09-25T15:01:33.048184+00:00,,2026-09-25T15:01:33.049184+00:00,,2026-09-25T15:01:33.050184+00:00,,2026-09-25T15:01:33.051184+00:00,,2026-09-25T15:01:33.052184+00:00,,2026-09-25T15:01:33.053184+00:00,,2026-09-25T15:01:33.054184+00:00,,2026-09-25T15:01:33.055184+00:00,,2026-09-25T15:01:33.056185+00:00,,2026-09-25T15:01:33.057185+00:00,,2026-09-25T15:01:33.058185+00:00,,2026-09-25T15:01:33.059185+00:00,,2026-09-25T15:01:33.060185+00:00,,2026-09-25T15:01:33.061185+00:00,,2026-09-25T15:01:33.062185+00:00,,2026-09-25T15:01:33.063185+00:00,,2026-09-25T15:01:33.064185+00:00,,2026-09-25T15:01:33.065185+00:00,,2026-09-25T15:01:33.066185+00:00,,2026-09-25T15:01:33.067185+00:00,,2026-09-25T15:01:33.068185+00:00,,2026-09-25T15:01:33.069185+00:00,,2026-09-25T15:01:33.070185+00:00,,2026-09-25T15:01:33.071185+00:00,,2026-09-25T15:01:33.072185+00:00,,2026-09-25T15:01:33.073185+00:00,,2026-09-25T15:01:33.074186+00:00,,2026-09-25T15:01:33.075186+00:00,,2026-09-25T15:01:33.076186+00:00,,2026-09-25T15:01:33.077186+00:00,,2026-09-25T15:01:33.078186+00:00,,2026-09-25T15:01:33.079186+00:00,,2026-09-25T15:01:33.091187+00:00,,2026-09-25T15:01:33.092187+00:00,,2026-09-25T15:01:33.082186+00:00,,2026-09-25T15:01:33.083186+00:00,,2026-09-25T15:01:33.084186+00:00,,2026-09-25T15:01:33.085186+00:00,,2026-09-25T15:01:33.086186+00:00,,2026-09-25T15:01:33.087186+00:00,,2026-09-25T15:01:33.088186+00:00,,2026-09-25T15:01:33.089186+00:00,,2026-09-25T15:01:33.090186+00:00,,2026-09-25T15:01:33.080186+00:00,,2026-09-25T15:01:33.093187+00:00,,2026-09-25T15:01:33.094187+00:00,,2026-09-25T15:01:33.095187+00:00,,2026-09-25T15:01:33.096187+00:00,,2026-09-25T15:01:33.097187+00:00,,2026-09-25T15:01:33.098187+00:00,,2026-09-25T15:01:33.099187+00:00,,2026-09-25T15:01:33.100187+00:00,,2026-09-25T15:01:33.101187+00:00,,2026-09-25T15:01:33.102187+00:00,,2026-09-25T15:01:33.103187+00:00,,2026-09-25T15:01:33.104187+00:00,,2026-09-25T15:01:33.105187+00:00,,2026-09-25T15:01:33.106187+00:00,,2026-09-25T15:01:33.107187+00:00,,2026-09-25T15:01:33.108188+00:00,,2026-09-25T15:01:33.109188+00:00,,2026-09-25T15:01:33.110188+00:00,,2026-09-25T15:01:33.111188+00:00,,2026-09-25T15:01:33.112188+00:00,,2026-09-25T15:01:33.113188+00:00,,2026-09-25T15:01:33.114188+00:00,,2026-09-25T15:01:33.115188+00:00,,2026-09-25T15:01:33.116188+00:00,,2026-09-25T15:01:33.117188+00:00,,2026-09-25T15:01:33.118188+00:00,,2026-09-25T15:01:33.119188+00:00,,2026-09-25T15:01:33.120188+00:00,,2026-09-25T15:01:33.121188+00:00,,2026-09-25T15:01:33.122188+00:00,,2026-09-25T15:01:33.123188+00:00,,2026-09-25T15:01:33.124188+00:00,,2026-09-25T15:01:33.125188+00:00,,2026-09-25T15:01:33.126189+00:00,,2026-09-25T15:01:33.127189+00:00,
186,2026-09-25T13:32:28.555270+00:00,2026-09-25T15:01:33.543212+00:00,87.005,2026-09-25T15:01:33.456207+00:00,,2026-09-25T15:01:33.460208+00:00,,2026-09-25T15:01:33.461208+00:00,,2026-09-25T15:01:33.462208+00:00,,2026-09-25T15:01:33.463208+00:00,,2026-09-25T15:01:33.464208+00:00,,2026-09-25T15:01:33.465208+00:00,,2026-09-25T15:01:33.466208+00:00,,2026-09-25T15:01:33.467208+00:00,,2026-09-25T15:01:33.468208+00:00,,2026-09-25T15:01:33.469208+00:00,,2026-09-25T15:01:33.470208+00:00,,2026-09-25T15:01:33.471208+00:00,,2026-09-25T15:01:33.472208+00:00,,2026-09-25T15:01:33.473208+00:00,,2026-09-25T15:01:33.474208+00:00,,2026-09-25T15:01:33.475208+00:00,,2026-09-25T15:01:33.476209+00:00,,2026-09-25T15:01:33.477209+00:00,,2026-09-25T15:01:33.478209+00:00,,2026-09-25T15:01:33.479209+00:00,,2026-09-25T15:01:33.480209+00:00,,2026-09-25T15:01:33.492209+00:00,,2026-09-25T15:01:33.482209+00:00,,2026-09-25T15:01:33.483209+00:00,,2026-09-25T15:01:33.484209+00:00,,2026-09-25T15:01:33.485209+00:00,,2026-09-25T15:01:33.486209+00:00,,2026-09-25T15:01:33.487209+00:00,,2026-09-25T15:01:33.488209+00:00,,2026-09-25T15:01:33.489209+00:00,,2026-09-25T15:01:33.490209+00:00,,2026-09-25T15:01:33.491209+00:00,,2026-09-25T15:01:33.493210+00:00,,2026-09-25T15:01:33.494210+00:00,,2026-09-25T15:01:33.495210+00:00,,2026-09-25T15:01:33.496210+00:00,,2026-09-25T15:01:33.497210+00:00,,2026-09-25T15:01:33.498210+00:00,,2026-09-25T15:01:33.499210+00:00,,2026-09-25T15:01:33.500210+00:00,,2026-09-25T15:01:33.501210+00:00,,2026-09-25T15:01:33.513211+00:00,,2026-09-25T15:01:33.514211+00:00,,2026-09-25T15:01:33.504210+00:00,,2026-09-25T15:01:33.505210+00:00,,2026-09-25T15:01:33.506210+00:00,,2026-09-25T15:01:33.507210+00:00,,2026-09-25T15:01:33.508210+00:00,,2026-09-25T15:01:33.509210+00:00,,2026-09-25T15:01:33.510210+00:00,,2026-09-25T15:01:33.511211+00:00,,2026-09-25T15:01:33.512211+00:00,,2026-09-25T15:01:33.502210+00:00,,2026-09-25T15:01:33.503210+00:00,,2026-09-25T15:01:33.515211+00:00,,2026-09-25T15:01:33.516211+00:00,,2026-09-25T15:01:33.517211+00:00,,2026-09-25T15:01:33.518211+00:00,,2026-09-25T15:01:33.519211+00:00,,2026-09-25T15:01:33.520211+00:00,,2026-09-25T15:01:33.521211+00:00,,2026-09-25T15:01:33.522211+00:00,,2026-09-25T15:01:33.523211+00:00,,2026-09-25T15:01:33.524211+00:00,,2026-09-25T15:01:33.525211+00:00,,2026-09-25T15:01:33.537212+00:00,,2026-09-25T15:01:33.527211+00:00,,2026-09-25T15:01:33.528212+00:00,,2026-09-25T15:01:33.529212+00:00,,2026-09-25T15:01:33.530212+00:00,,2026-09-25T15:01:33.542212+00:00,,2026-09-25T15:01:33.532212+00:00,,2026-09-25T15:01:33.533212+00:00,,2026-09-25T15:01:33.534212+00:00,,2026-09-25T15:01:33.535212+00:00,,2026-09-25T15:01:33.536212+00:00,,2026-09-25T15:01:33.526211+00:00,,2026-09-25T15:01:33.538212+00:00,,2026-09-25T15:01:33.539212+00:00,,2026-09-25T15:01:33.540212+00:00,,2026-09-25T15:01:33.541212+00:00,,2026-09-25T15:01:33.543212+00:00,
187,2026-09-25T13:32:28.939688+00:00,2026-09-25T15:01:33.927234+00:00,121.007,2026-09-25T15:01:33.806227+00:00,,2026-09-25T15:01:33.833229+00:00,,2026-09-25T15:01:33.834229+00:00,,2026-09-25T15:01:33.835229+00:00,,2026-09-25T15:01:33.836229+00:00,,2026-09-25T15:01:33.837229+00:00,,2026-09-25T15:01:33.838229+00:00,,2026-09-25T15:01:33.839229+00:00,,2026-09-25T15:01:33.840229+00:00,,2026-09-25T15:01:33.841229+00:00,,2026-09-25T15:01:33.842229+00:00,,2026-09-25T15:01:33.843230+00:00,,2026-09-25T15:01:33.844230+00:00,,2026-09-25T15:01:33.845230+00:00,,2026-09-25T15:01:33.847230+00:00,,2026-09-25T15:01:33.848230+00:00,,2026-09-25T15:01:33.849230+00:00,,2026-09-25T15:01:33.850230+00:00,,2026-09-25T15:01:33.851230+00:00,,2026-09-25T15:01:33.852230+00:00,,2026-09-25T15:01:33.853230+00:00,,2026-09-25T15:01:33.854230+00:00,,2026-09-25T15:01:33.855230+00:00,,2026-09-25T15:01:33.856230+00:00,,2026-09-25T15:01:33.857230+00:00,,2026-09-25T15:01:33.858230+00:00,,2026-09-25T15:01:33.870231+00:00,,2026-09-25T15:01:33.860231+00:00,,2026-09-25T15:01:33.861231+00:00,,2026-09-25T15:01:33.862231+00:00,,2026-09-25T15:01:33.863231+00:00,,2026-09-25T15:01:33.864231+00:00,,2026-09-25T15:01:33.865231+00:00,,2026-09-25T15:01:33.866231+00:00,,2026-09-25T15:01:33.867231+00:00,,2026-09-25T15:01:33.868231+00:00,,2026-09-25T15:01:33.869231+00:00,,2026-09-25T15:01:33.859230+00:00,,2026-09-25T15:01:33.871231+00:00,,2026-09-25T15:01:33.872231+00:00,,2026-09-25T15:01:33.873231+00:00,,2026-09-25T15:01:33.874231+00:00,,2026-09-25T15:01:33.875231+00:00,,2026-09-25T15:01:33.876231+00:00,,2026-09-25T15:01:33.877231+00:00,,2026-09-25T15:01:33.878232+00:00,,2026-09-25T15:01:33.879232+00:00,,2026-09-25T15:01:33.880232+00:00,,2026-09-25T15:01:33.904233+00:00,,2026-09-25T15:01:33.882232+00:00,,2026-09-25T15:01:33.883232+00:00,,2026-09-25T15:01:33.884232+00:00,,2026-09-25T15:01:33.885232+00:00,,2026-09-25T15:01:33.886232+00:00,,2026-09-25T15:01:33.887232+00:00,,2026-09-25T15:01:33.888232+00:00,,2026-09-25T15:01:33.889232+00:00,,2026-09-25T15:01:33.890232+00:00,,2026-09-25T15:01:33.891232+00:00,,2026-09-25T15:01:33.894232+00:00,,2026-09-25T15:01:33.895233+00:00,,2026-09-25T15:01:33.896233+00:00,,2026-09-25T15:01:33.897233+00:00,,2026-09-25T15:01:33.898233+00:00,,2026-09-25T15:01:33.899233+00:00,,2026-09-25T15:01:33.911233+00:00,,2026-09-25T15:01:33.901233+00:00,,2026-09-25T15:01:33.902233+00:00,,2026-09-25T15:01:33.903233+00:00,,2026-09-25T15:01:33.893232+00:00,,2026-09-25T15:01:33.905233+00:00,,2026-09-25T15:01:33.906233+00:00,,2026-09-25T15:01:33.907233+00:00,,2026-09-25T15:01:33.908233+00:00,,2026-09-25T15:01:33.909233+00:00,,2026-09-25T15:01:33.910233+00:00,,2026-09-25T15:01:33.900233+00:00,,2026-09-25T15:01:33.912233+00:00,,2026-09-25T15:01:33.913234+00:00,,2026-09-25T15:01:33.925234+00:00,,2026-09-25T15:01:33.915234+00:00,,2026-09-25T15:01:33.927234+00:00,,2026-09-25T15:01:33.917234+00:00,
188,2026-09-25T13:32:29.283731+00:00,2026-09-25T15:01:34.271254+00:00,90.005,2026-09-25T15:01:34.181249+00:00,,2026-09-25T15:01:34.185249+00:00,,2026-09-25T15:01:34.186249+00:00,,2026-09-25T15:01:34.187249+00:00,,2026-09-25T15:01:34.188249+00:00,,2026-09-25T15:01:34.189249+00:00,,2026-09-25T15:01:34.190249+00:00,,2026-09-25T15:01:34.191249+00:00,,2026-09-25T15:01:34.192250+00:00,,2026-09-25T15:01:34.193250+00:00,,2026-09-25T15:01:34.194250+00:00,,2026-09-25T15:01:34.195250+00:00,,2026-09-25T15:01:34.196250+00:00,,2026-09-25T15:01:34.197250+00:00,,2026-09-25T15:01:34.198250+00:00,,2026-09-25T15:01:34.199250+00:00,,2026-09-25T15:01:34.200250+00:00,,2026-09-25T15:01:34.201250+00:00,,2026-09-25T15:01:34.202250+00:00,,2026-09-25T15:01:34.203250+00:00,,2026-09-25T15:01:34.217251+00:00,,2026-09-25T15:01:34.207250+00:00,,2026-09-25T15:01:34.208250+00:00,,2026-09-25T15:01:34.209250+00:00,,2026-09-25T15:01:34.210251+00:00,,2026-09-25T15:01:34.211251+00:00,,2026-09-25T15:01:34.212251+00:00,,2026-09-25T15:01:34.213251+00:00,,2026-09-25T15:01:34.214251+00:00,,2026-09-25T15:01:34.215251+00:00,,2026-09-25T15:01:34.216251+00:00,,2026-09-25T15:01:34.206250+00:00,,2026-09-25T15:01:34.218251+00:00,,2026-09-25T15:01:34.220251+00:00,,2026-09-25T15:01:34.221251+00:00,,2026-09-25T15:01:34.222251+00:00,,2026-09-25T15:01:34.223251+00:00,,2026-09-25T15:01:34.224251+00:00,,2026-09-25T15:01:34.225251+00:00,,2026-09-25T15:01:34.226251+00:00,,2026-09-25T15:01:34.227252+00:00,,2026-09-25T15:01:34.239252+00:00,,2026-09-25T15:01:34.229252+00:00,,2026-09-25T15:01:34.241252+00:00,,2026-09-25T15:01:34.231252+00:00,,2026-09-25T15:01:34.232252+00:00,,2026-09-25T15:01:34.233252+00:00,,2026-09-25T15:01:34.245253+00:00,,2026-09-25T15:01:34.235252+00:00,,2026-09-25T15:01:34.236252+00:00,,2026-09-25T15:01:34.237252+00:00,,2026-09-25T15:01:34.238252+00:00,,2026-09-25T15:01:34.228252+00:00,,2026-09-25T15:01:34.240252+00:00,,2026-09-25T15:01:34.242252+00:00,,2026-09-25T15:01:34.243252+00:00,,2026-09-25T15:01:34.244252+00:00,,2026-09-25T15:01:34.234252+00:00,,2026-09-25T15:01:34.246253+00:00,,2026-09-25T15:01:34.247253+00:00,,2026-09-25T15:01:34.248253+00:00,,2026-09-25T15:01:34.249253+00:00,,2026-09-25T15:01:34.250253+00:00,,2026-09-25T15:01:34.251253+00:00,,2026-09-25T15:01:34.252253+00:00,,2026-09-25T15:01:34.253253+00:00,,2026-09-25T15:01:34.254253+00:00,,2026-09-25T15:01:34.255253+00:00,,2026-09-25T15:01:34.268254+00:00,,2026-09-25T15:01:34.269254+00:00,,2026-09-25T15:01:34.258253+00:00,,2026-09-25T15:01:34.259253+00:00,,2026-09-25T15:01:34.260253+00:00,,2026-09-25T15:01:34.261253+00:00,,2026-09-25T15:01:34.262254+00:00,,2026-09-25T15:01:34.263254+00:00,,2026-09-25T15:01:34.264254+00:00,,2026-09-25T15:01:34.265254+00:00,,2026-09-25T15:01:34.267254+00:00,,2026-09-25T15:01:34.256253+00:00,,2026-09-25T15:01:34.257253+00:00,,2026-09-25T15:01:34.270254+00:00,,2026-09-25T15:01:34.271254+00:00,
189,2026-09-25T13:32:29.627178+00:00,2026-09-25T15:01:34.615274+00:00,89.005,2026-09-25T15:01:34.526269+00:00,,2026-09-25T15:01:34.532269+00:00,,2026-09-25T15:01:34.533269+00:00,,2026-09-25T15:01:34.534269+00:00,,2026-09-25T15:01:34.535269+00:00,,2026-09-25T15:01:34.536269+00:00,,2026-09-25T15:01:34.537269+00:00,,2026-09-25T15:01:34.538269+00:00,,2026-09-25T15:01:34.539269+00:00,,2026-09-25T15:01:34.540269+00:00,,2026-09-25T15:01:34.541269+00:00,,2026-09-25T15:01:34.542270+00:00,,2026-09-25T15:01:34.543270+00:00,,2026-09-25T15:01:34.544270+00:00,,2026-09-25T15:01:34.545270+00:00,,2026-09-25T15:01:34.557270+00:00,,2026-09-25T15:01:34.547270+00:00,,2026-09-25T15:01:34.548270+00:00,,2026-09-25T15:01:34.549270+00:00,,2026-09-25T15:01:34.550270+00:00,,2026-09-25T15:01:34.551270+00:00,,2026-09-25T15:01:34.552270+00:00,,2026-09-25T15:01:34.553270+00:00,,2026-09-25T15:01:34.554270+00:00,,2026-09-25T15:01:34.555270+00:00,,2026-09-25T15:01:34.556270+00:00,,2026-09-25T15:01:34.546270+00:00,,2026-09-25T15:01:34.558270+00:00,,2026-09-25T15:01:34.559270+00:00,,2026-09-25T15:01:34.560271+00:00,,2026-09-25T15:01:34.561271+00:00,,2026-09-25T15:01:34.573271+00:00,,2026-09-25T15:01:34.563271+00:00,,2026-09-25T15:01:34.564271+00:00,,2026-09-25T15:01:34.565271+00:00,,2026-09-25T15:01:34.566271+00:00,,2026-09-25T15:01:34.567271+00:00,,2026-09-25T15:01:34.568271+00:00,,2026-09-25T15:01:34.569271+00:00,,2026-09-25T15:01:34.570271+00:00,,2026-09-25T15:01:34.571271+00:00,,2026-09-25T15:01:34.572271+00:00,,2026-09-25T15:01:34.562271+00:00,,2026-09-25T15:01:34.574271+00:00,,2026-09-25T15:01:34.575271+00:00,,2026-09-25T15:01:34.576271+00:00,,2026-09-25T15:01:34.577272+00:00,,2026-09-25T15:01:34.578272+00:00,,2026-09-25T15:01:34.579272+00:00,,2026-09-25T15:01:34.591272+00:00,,2026-09-25T15:01:34.581272+00:00,,2026-09-25T15:01:34.582272+00:00,,2026-09-25T15:01:34.583272+00:00,,2026-09-25T15:01:34.584272+00:00,,2026-09-25T15:01:34.585272+00:00,,2026-09-25T15:01:34.586272+00:00,,2026-09-25T15:01:34.599273+00:00,,2026-09-25T15:01:34.588272+00:00,,2026-09-25T15:01:34.589272+00:00,,2026-09-25T15:01:34.590272+00:00,,2026-09-25T15:01:34.592272+00:00,,2026-09-25T15:01:34.594273+00:00,,2026-09-25T15:01:34.595273+00:00,,2026-09-25T15:01:34.596273+00:00,,2026-09-25T15:01:34.597273+00:00,,2026-09-25T15:01:34.598273+00:00,,2026-09-25T15:01:34.587272+00:00,,2026-09-25T15:01:34.600273+00:00,,2026-09-25T15:01:34.601273+00:00,,2026-09-25T15:01:34.602273+00:00,,2026-09-25T15:01:34.603273+00:00,,2026-09-25T15:01:34.604273+00:00,,2026-09-25T15:01:34.605273+00:00,,2026-09-25T15:01:34.606273+00:00,,2026-09-25T15:01:34.607273+00:00,,2026-09-25T15:01:34.608273+00:00,,2026-09-25T15:01:34.609273+00:00,,2026-09-25T15:01:34.610273+00:00,,2026-09-25T15:01:34.611273+00:00,,2026-09-25T15:01:34.612274+00:00,,2026-09-25T15:01:34.613274+00:00,,2026-09-25T15:01:34.614274+00:00,,2026-09-25T15:01:34.615274+00:00,
190,2026-09-25T13:32:29.979209+00:00,2026-09-25T15:01:34.965294+00:00,93.006,2026-09-25T15:01:34.872288+00:00,,2026-09-25T15:01:34.882289+00:00,,2026-09-25T15:01:34.883289+00:00,,2026-09-25T15:01:34.884289+00:00,,2026-09-25T15:01:34.885289+00:00,,2026-09-25T15:01:34.886289+00:00,,2026-09-25T15:01:34.887289+00:00,,2026-09-25T15:01:34.888289+00:00,,2026-09-25T15:01:34.889289+00:00,,2026-09-25T15:01:34.901290+00:00,,2026-09-25T15:01:34.891289+00:00,,2026-09-25T15:01:34.903290+00:00,,2026-09-25T15:01:34.893290+00:00,,2026-09-25T15:01:34.894290+00:00,,2026-09-25T15:01:34.895290+00:00,,2026-09-25T15:01:34.896290+00:00,,2026-09-25T15:01:34.897290+00:00,,2026-09-25T15:01:34.910291+00:00,,2026-09-25T15:01:34.899290+00:00,,2026-09-25T15:01:34.900290+00:00,,2026-09-25T15:01:34.890289+00:00,,2026-09-25T15:01:34.902290+00:00,,2026-09-25T15:01:34.892290+00:00,,2026-09-25T15:01:34.904290+00:00,,2026-09-25T15:01:34.905290+00:00,,2026-09-25T15:01:34.918291+00:00,,2026-09-25T15:01:34.908290+00:00,,2026-09-25T15:01:34.909291+00:00,,2026-09-25T15:01:34.898290+00:00,,2026-09-25T15:01:34.911291+00:00,,2026-09-25T15:01:34.912291+00:00,,2026-09-25T15:01:34.913291+00:00,,2026-09-25T15:01:34.914291+00:00,,2026-09-25T15:01:34.915291+00:00,,2026-09-25T15:01:34.916291+00:00,,2026-09-25T15:01:34.917291+00:00,,2026-09-25T15:01:34.907290+00:00,,2026-09-25T15:01:34.919291+00:00,,2026-09-25T15:01:34.920291+00:00,,2026-09-25T15:01:34.921291+00:00,,2026-09-25T15:01:34.922291+00:00,,2026-09-25T15:01:34.923291+00:00,,2026-09-25T15:01:34.935292+00:00,,2026-09-25T15:01:34.925291+00:00,,2026-09-25T15:01:34.926291+00:00,,2026-09-25T15:01:34.927292+00:00,,2026-09-25T15:01:34.928292+00:00,,2026-09-25T15:01:34.929292+00:00,,2026-09-25T15:01:34.941292+00:00,,2026-09-25T15:01:34.931292+00:00,,2026-09-25T15:01:34.932292+00:00,,2026-09-25T15:01:34.933292+00:00,,2026-09-25T15:01:34.934292+00:00,,2026-09-25T15:01:34.924291+00:00,,2026-09-25T15:01:34.936292+00:00,,2026-09-25T15:01:34.948293+00:00,,2026-09-25T15:01:34.938292+00:00,,2026-09-25T15:01:34.939292+00:00,,2026-09-25T15:01:34.940292+00:00,,2026-09-25T15:01:34.942292+00:00,,2026-09-25T15:01:34.943292+00:00,,2026-09-25T15:01:34.955293+00:00,,2026-09-25T15:01:34.945293+00:00,,2026-09-25T15:01:34.946293+00:00,,2026-09-25T15:01:34.947293+00:00,,2026-09-25T15:01:34.937292+00:00,,2026-09-25T15:01:34.949293+00:00,,2026-09-25T15:01:34.950293+00:00,,2026-09-25T15:01:34.951293+00:00,,2026-09-25T15:01:34.952293+00:00,,2026-09-25T15:01:34.953293+00:00,,2026-09-25T15:01:34.954293+00:00,,2026-09-25T15:01:34.944293+00:00,,2026-09-25T15:01:34.956293+00:00,,2026-09-25T15:01:34.957293+00:00,,2026-09-25T15:01:34.958293+00:00,,2026-09-25T15:01:34.959293+00:00,,2026-09-25T15:01:34.960293+00:00,,2026-09-25T15:01:34.961293+00:00,,2026-09-25T15:01:34.962294+00:00,,2026-09-25T15:01:34.963294+00:00,,2026-09-25T15:01:34.964294+00:00,,2026-09-25T15:01:34.965294+00:00,
191,2026-09-25T13:32:30.326303+00:00,2026-09-25T15:01:35.314314+00:00,93.006,2026-09-25T15:01:35.221308+00:00,,2026-09-25T15:01:35.227309+00:00,,2026-09-25T15:01:35.228309+00:00,,2026-09-25T15:01:35.229309+00:00,,2026-09-25T15:01:35.230309+00:00,,2026-09-25T15:01:35.231309+00:00,,2026-09-25T15:01:35.232309+00:00,,2026-09-25T15:01:35.233309+00:00,,2026-09-25T15:01:35.234309+00:00,,2026-09-25T15:01:35.235309+00:00,,2026-09-25T15:01:35.249310+00:00,,2026-09-25T15:01:35.238309+00:00,,2026-09-25T15:01:35.239309+00:00,,2026-09-25T15:01:35.240309+00:00,,2026-09-25T15:01:35.241310+00:00,,2026-09-25T15:01:35.243310+00:00,,2026-09-25T15:01:35.244310+00:00,,2026-09-25T15:01:35.245310+00:00,,2026-09-25T15:01:35.246310+00:00,,2026-09-25T15:01:35.247310+00:00,,2026-09-25T15:01:35.248310+00:00,,2026-09-25T15:01:35.237309+00:00,,2026-09-25T15:01:35.250310+00:00,,2026-09-25T15:01:35.251310+00:00,,2026-09-25T15:01:35.252310+00:00,,2026-09-25T15:01:35.253310+00:00,,2026-09-25T15:01:35.254310+00:00,,2026-09-25T15:01:35.255310+00:00,,2026-09-25T15:01:35.267311+00:00,,2026-09-25T15:01:35.268311+00:00,,2026-09-25T15:01:35.258310+00:00,,2026-09-25T15:01:35.259311+00:00,,2026-09-25T15:01:35.260311+00:00,,2026-09-25T15:01:35.261311+00:00,,2026-09-25T15:01:35.262311+00:00,,2026-09-25T15:01:35.263311+00:00,,2026-09-25T15:01:35.264311+00:00,,2026-09-25T15:01:35.265311+00:00,,2026-09-25T15:01:35.266311+00:00,,2026-09-25T15:01:35.256310+00:00,,2026-09-25T15:01:35.257310+00:00,,2026-09-25T15:01:35.269311+00:00,,2026-09-25T15:01:35.271311+00:00,,2026-09-25T15:01:35.272311+00:00,,2026-09-25T15:01:35.273311+00:00,,2026-09-25T15:01:35.274311+00:00,,2026-09-25T15:01:35.275311+00:00,,2026-09-25T15:01:35.276312+00:00,,2026-09-25T15:01:35.277312+00:00,,2026-09-25T15:01:35.278312+00:00,,2026-09-25T15:01:35.280312+00:00,,2026-09-25T15:01:35.281312+00:00,,2026-09-25T15:01:35.282312+00:00,,2026-09-25T15:01:35.283312+00:00,,2026-09-25T15:01:35.284312+00:00,,2026-09-25T15:01:35.285312+00:00,,2026-09-25T15:01:35.286312+00:00,,2026-09-25T15:01:35.287312+00:00,,2026-09-25T15:01:35.288312+00:00,,2026-09-25T15:01:35.289312+00:00,,2026-09-25T15:01:35.290312+00:00,,2026-09-25T15:01:35.292312+00:00,,2026-09-25T15:01:35.293312+00:00,,2026-09-25T15:01:35.294313+00:00,,2026-09-25T15:01:35.295313+00:00,,2026-09-25T15:01:35.296313+00:00,,2026-09-25T15:01:35.309313+00:00,,2026-09-25T15:01:35.299313+00:00,,2026-09-25T15:01:35.300313+00:00,,2026-09-25T15:01:35.301313+00:00,,2026-09-25T15:01:35.302313+00:00,,2026-09-25T15:01:35.303313+00:00,,2026-09-25T15:01:35.304313+00:00,,2026-09-25T15:01:35.305313+00:00,,2026-09-25T15:01:35.306313+00:00,,2026-09-25T15:01:35.307313+00:00,,2026-09-25T15:01:35.308313+00:00,,2026-09-25T15:01:35.298313+00:00,,2026-09-25T15:01:35.310313+00:00,,2026-09-25T15:01:35.311314+00:00,,2026-09-25T15:01:35.312314+00:00,,2026-09-25T15:01:35.313314+00:00,,2026-09-25T15:01:35.314314+00:00,
192,2026-09-25T13:32:30.697344+00:00,2026-09-25T15:01:35.664334+00:00,96.006,2026-09-25T15:01:35.568328+00:00,,2026-09-25T15:01:35.575329+00:00,,2026-09-25T15:01:35.577329+00:00,,2026-09-25T15:01:35.579329+00:00,,2026-09-25T15:01:35.580329+00:00,,2026-09-25T15:01:35.581329+00:00,,2026-09-25T15:01:35.582329+00:00,,2026-09-25T15:01:35.583329+00:00,,2026-09-25T15:01:35.584329+00:00,,2026-09-25T15:01:35.585329+00:00,,2026-09-25T15:01:35.586329+00:00,,2026-09-25T15:01:35.587329+00:00,,2026-09-25T15:01:35.588329+00:00,,2026-09-25T15:01:35.589329+00:00,,2026-09-25T15:01:35.590329+00:00,,2026-09-25T15:01:35.593330+00:00,,2026-09-25T15:01:35.594330+00:00,,2026-09-25T15:01:35.595330+00:00,,2026-09-25T15:01:35.596330+00:00,,2026-09-25T15:01:35.597330+00:00,,2026-09-25T15:01:35.598330+00:00,,2026-09-25T15:01:35.599330+00:00,,2026-09-25T15:01:35.600330+00:00,,2026-09-25T15:01:35.601330+00:00,,2026-09-25T15:01:35.602330+00:00,,2026-09-25T15:01:35.603330+00:00,,2026-09-25T15:01:35.604330+00:00,,2026-09-25T15:01:35.605330+00:00,,2026-09-25T15:01:35.606330+00:00,,2026-09-25T15:01:35.607330+00:00,,2026-09-25T15:01:35.608331+00:00,,2026-09-25T15:01:35.621331+00:00,,2026-09-25T15:01:35.611331+00:00,,2026-09-25T15:01:35.612331+00:00,,2026-09-25T15:01:35.613331+00:00,,2026-09-25T15:01:35.614331+00:00,,2026-09-25T15:01:35.615331+00:00,,2026-09-25T15:01:35.616331+00:00,,2026-09-25T15:01:35.617331+00:00,,2026-09-25T15:01:35.618331+00:00,,2026-09-25T15:01:35.619331+00:00,,2026-09-25T15:01:35.620331+00:00,,2026-09-25T15:01:35.610331+00:00,,2026-09-25T15:01:35.622331+00:00,,2026-09-25T15:01:35.623331+00:00,,2026-09-25T15:01:35.624331+00:00,,2026-09-25T15:01:35.625331+00:00,,2026-09-25T15:01:35.626332+00:00,,2026-09-25T15:01:35.627332+00:00,,2026-09-25T15:01:35.628332+00:00,,2026-09-25T15:01:35.640332+00:00,,2026-09-25T15:01:35.630332+00:00,,2026-09-25T15:01:35.631332+00:00,,2026-09-25T15:01:35.632332+00:00,,2026-09-25T15:01:35.633332+00:00,,2026-09-25T15:01:35.634332+00:00,,2026-09-25T15:01:35.635332+00:00,,2026-09-25T15:01:35.636332+00:00,,2026-09-25T15:01:35.637332+00:00,,2026-09-25T15:01:35.638332+00:00,,2026-09-25T15:01:35.639332+00:00,,2026-09-25T15:01:35.641332+00:00,,2026-09-25T15:01:35.642332+00:00,,2026-09-25T15:01:35.643333+00:00,,2026-09-25T15:01:35.657333+00:00,,2026-09-25T15:01:35.646333+00:00,,2026-09-25T15:01:35.647333+00:00,,2026-09-25T15:01:35.648333+00:00,,2026-09-25T15:01:35.649333+00:00,,2026-09-25T15:01:35.662334+00:00,,2026-09-25T15:01:35.651333+00:00,,2026-09-25T15:01:35.652333+00:00,,2026-09-25T15:01:35.653333+00:00,,2026-09-25T15:01:35.654333+00:00,,2026-09-25T15:01:35.655333+00:00,,2026-09-25T15:01:35.645333+00:00,,2026-09-25T15:01:35.658333+00:00,,2026-09-25T15:01:35.659333+00:00,,2026-09-25T15:01:35.660333+00:00,,2026-09-25T15:01:35.661334+00:00,,2026-09-25T15:01:35.650333+00:00,,2026-09-25T15:01:35.663334+00:00,,2026-09-25T15:01:35.664334+00:00,
193,2026-09-25T13:32:31.055351+00:00,2026-09-25T15:01:36.037355+00:00,97.006,2026-09-25T15:01:35.940349+00:00,,2026-09-25T15:01:35.949350+00:00,,2026-09-25T15:01:35.951350+00:00,,2026-09-25T15:01:35.952350+00:00,,2026-09-25T15:01:35.953350+00:00,,2026-09-25T15:01:35.954350+00:00,,2026-09-25T15:01:35.955350+00:00,,2026-09-25T15:01:35.956350+00:00,,2026-09-25T15:01:35.957350+00:00,,2026-09-25T15:01:35.958351+00:00,,2026-09-25T15:01:35.959351+00:00,,2026-09-25T15:01:35.960351+00:00,,2026-09-25T15:01:35.961351+00:00,,2026-09-25T15:01:35.962351+00:00,,2026-09-25T15:01:35.963351+00:00,,2026-09-25T15:01:35.964351+00:00,,2026-09-25T15:01:35.965351+00:00,,2026-09-25T15:01:35.966351+00:00,,2026-09-25T15:01:35.967351+00:00,,2026-09-25T15:01:35.969351+00:00,,2026-09-25T15:01:35.970351+00:00,,2026-09-25T15:01:35.971351+00:00,,2026-09-25T15:01:35.972351+00:00,,2026-09-25T15:01:35.973351+00:00,,2026-09-25T15:01:35.974351+00:00,,2026-09-25T15:01:35.975351+00:00,,2026-09-25T15:01:35.976352+00:00,,2026-09-25T15:01:35.977352+00:00,,2026-09-25T15:01:35.978352+00:00,,2026-09-25T15:01:35.979352+00:00,,2026-09-25T15:01:35.980352+00:00,,2026-09-25T15:01:35.981352+00:00,,2026-09-25T15:01:35.982352+00:00,,2026-09-25T15:01:35.983352+00:00,,2026-09-25T15:01:36.009353+00:00,,2026-09-25T15:01:35.986352+00:00,,2026-09-25T15:01:35.987352+00:00,,2026-09-25T15:01:35.988352+00:00,,2026-09-25T15:01:35.989352+00:00,,2026-09-25T15:01:35.990352+00:00,,2026-09-25T15:01:35.992352+00:00,,2026-09-25T15:01:35.993353+00:00,,2026-09-25T15:01:35.994353+00:00,,2026-09-25T15:01:35.995353+00:00,,2026-09-25T15:01:35.996353+00:00,,2026-09-25T15:01:35.985352+00:00,,2026-09-25T15:01:35.999353+00:00,,2026-09-25T15:01:36.000353+00:00,,2026-09-25T15:01:36.001353+00:00,,2026-09-25T15:01:36.002353+00:00,,2026-09-25T15:01:36.003353+00:00,,2026-09-25T15:01:36.004353+00:00,,2026-09-25T15:01:36.005353+00:00,,2026-09-25T15:01:36.006353+00:00,,2026-09-25T15:01:36.007353+00:00,,2026-09-25T15:01:36.008353+00:00,,2026-09-25T15:01:35.998353+00:00,,2026-09-25T15:01:36.010353+00:00,,2026-09-25T15:01:36.011354+00:00,,2026-09-25T15:01:36.012354+00:00,,2026-09-25T15:01:36.013354+00:00,,2026-09-25T15:01:36.014354+00:00,,2026-09-25T15:01:36.015354+00:00,,2026-09-25T15:01:36.016354+00:00,,2026-09-25T15:01:36.017354+00:00,,2026-09-25T15:01:36.018354+00:00,,2026-09-25T15:01:36.019354+00:00,,2026-09-25T15:01:36.020354+00:00,,2026-09-25T15:01:36.021354+00:00,,2026-09-25T15:01:36.022354+00:00,,2026-09-25T15:01:36.023354+00:00,,2026-09-25T15:01:36.024354+00:00,,2026-09-25T15:01:36.025354+00:00,,2026-09-25T15:01:36.026354+00:00,,2026-09-25T15:01:36.027354+00:00,,2026-09-25T15:01:36.028355+00:00,,2026-09-25T15:01:36.037355+00:00,,2026-09-25T15:01:36.031355+00:00,,2026-09-25T15:01:36.032355+00:00,,2026-09-25T15:01:36.033355+00:00,,2026-09-25T15:01:36.034355+00:00,,2026-09-25T15:01:36.035355+00:00,,2026-09-25T15:01:36.036355+00:00,
194,2026-09-25T13:32:31.451645+00:00,2026-09-25T15:01:36.431378+00:00,123.007,2026-09-25T15:01:36.312371+00:00,,2026-09-25T15:01:36.314371+00:00,,2026-09-25T15:01:36.316371+00:00,,2026-09-25T15:01:36.317371+00:00,,2026-09-25T15:01:36.318371+00:00,,2026-09-25T15:01:36.319371+00:00,,2026-09-25T15:01:36.320371+00:00,,2026-09-25T15:01:36.321371+00:00,,2026-09-25T15:01:36.323371+00:00,,2026-09-25T15:01:36.308371+00:00,,2026-09-25T15:01:36.325372+00:00,,2026-09-25T15:01:36.326372+00:00,,2026-09-25T15:01:36.327372+00:00,,2026-09-25T15:01:36.328372+00:00,,2026-09-25T15:01:36.348373+00:00,,2026-09-25T15:01:36.331372+00:00,,2026-09-25T15:01:36.332372+00:00,,2026-09-25T15:01:36.350373+00:00,,2026-09-25T15:01:36.335372+00:00,,2026-09-25T15:01:36.337372+00:00,,2026-09-25T15:01:36.338372+00:00,,2026-09-25T15:01:36.339372+00:00,,2026-09-25T15:01:36.341372+00:00,,2026-09-25T15:01:36.342372+00:00,,2026-09-25T15:01:36.344373+00:00,,2026-09-25T15:01:36.346373+00:00,,2026-09-25T15:01:36.349373+00:00,,2026-09-25T15:01:36.334372+00:00,,2026-09-25T15:01:36.351373+00:00,,2026-09-25T15:01:36.352373+00:00,,2026-09-25T15:01:36.354373+00:00,,2026-09-25T15:01:36.355373+00:00,,2026-09-25T15:01:36.357373+00:00,,2026-09-25T15:01:36.359373+00:00,,2026-09-25T15:01:36.360374+00:00,,2026-09-25T15:01:36.361374+00:00,,2026-09-25T15:01:36.362374+00:00,,2026-09-25T15:01:36.364374+00:00,,2026-09-25T15:01:36.365374+00:00,,2026-09-25T15:01:36.366374+00:00,,2026-09-25T15:01:36.367374+00:00,,2026-09-25T15:01:36.369374+00:00,,2026-09-25T15:01:36.370374+00:00,,2026-09-25T15:01:36.387375+00:00,,2026-09-25T15:01:36.374374+00:00,,2026-09-25T15:01:36.375374+00:00,,2026-09-25T15:01:36.376374+00:00,,2026-09-25T15:01:36.377374+00:00,,2026-09-25T15:01:36.378375+00:00,,2026-09-25T15:01:36.396376+00:00,,2026-09-25T15:01:36.382375+00:00,,2026-09-25T15:01:36.383375+00:00,,2026-09-25T15:01:36.384375+00:00,,2026-09-25T15:01:36.385375+00:00,,2026-09-25T15:01:36.372374+00:00,,2026-09-25T15:01:36.388375+00:00,,2026-09-25T15:01:36.389375+00:00,,2026-09-25T15:01:36.390375+00:00,,2026-09-25T15:01:36.392375+00:00,,2026-09-25T15:01:36.393375+00:00,,2026-09-25T15:01:36.395376+00:00,,2026-09-25T15:01:36.398376+00:00,,2026-09-25T15:01:36.400376+00:00,,2026-09-25T15:01:36.401376+00:00,,2026-09-25T15:01:36.403376+00:00,,2026-09-25T15:01:36.404376+00:00,,2026-09-25T15:01:36.406376+00:00,,2026-09-25T15:01:36.408376+00:00,,2026-09-25T15:01:36.410376+00:00,,2026-09-25T15:01:36.412376+00:00,,2026-09-25T15:01:36.413377+00:00,,2026-09-25T15:01:36.414377+00:00,,2026-09-25T15:01:36.416377+00:00,,2026-09-25T15:01:36.417377+00:00,,2026-09-25T15:01:36.418377+00:00,,2026-09-25T15:01:36.419377+00:00,,2026-09-25T15:01:36.421377+00:00,,2026-09-25T15:01:36.423377+00:00,,2026-09-25T15:01:36.424377+00:00,,2026-09-25T15:01:36.425377+00:00,,2026-09-25T15:01:36.427377+00:00,,2026-09-25T15:01:36.429377+00:00,,2026-09-25T15:01:36.431378+00:00,
195,2026-09-25T13:32:32.054068+00:00,2026-09-25T15:01:37.035412+00:00,259.015,2026-09-25T15:01:36.776397+00:00,,2026-09-25T15:01:36.911405+00:00,,2026-09-25T15:01:36.868403+00:00,,2026-09-25T15:01:36.870403+00:00,,2026-09-25T15:01:36.872403+00:00,,2026-09-25T15:01:36.874403+00:00,,2026-09-25T15:01:36.876403+00:00,,2026-09-25T15:01:36.877403+00:00,,2026-09-25T15:01:36.879403+00:00,,2026-09-25T15:01:36.881403+00:00,,2026-09-25T15:01:36.883403+00:00,,2026-09-25T15:01:36.885404+00:00,,2026-09-25T15:01:36.866402+00:00,,2026-09-25T15:01:36.889404+00:00,,2026-09-25T15:01:36.891404+00:00,,2026-09-25T15:01:36.893404+00:00,,2026-09-25T15:01:36.895404+00:00,,2026-09-25T15:01:36.897404+00:00,,2026-09-25T15:01:36.899404+00:00,,2026-09-25T15:01:36.903405+00:00,,2026-09-25T15:01:36.905405+00:00,,2026-09-25T15:01:36.907405+00:00,,2026-09-25T15:01:36.909405+00:00,,2026-09-25T15:01:36.887404+00:00,,2026-09-25T15:01:36.913405+00:00,,2026-09-25T15:01:36.915405+00:00,,2026-09-25T15:01:36.917405+00:00,,2026-09-25T15:01:36.919405+00:00,,2026-09-25T15:01:36.921406+00:00,,2026-09-25T15:01:36.923406+00:00,,2026-09-25T15:01:36.925406+00:00,,2026-09-25T15:01:36.927406+00:00,,2026-09-25T15:01:36.951407+00:00,,2026-09-25T15:01:36.931406+00:00,,2026-09-25T15:01:36.933406+00:00,,2026-09-25T15:01:36.935406+00:00,,2026-09-25T15:01:36.937407+00:00,,2026-09-25T15:01:36.939407+00:00,,2026-09-25T15:01:36.941407+00:00,,2026-09-25T15:01:36.943407+00:00,,2026-09-25T15:01:36.945407+00:00,,2026-09-25T15:01:36.947407+00:00,,2026-09-25T15:01:36.949407+00:00,,2026-09-25T15:01:36.953407+00:00,,2026-09-25T15:01:36.955408+00:00,,2026-09-25T15:01:36.957408+00:00,,2026-09-25T15:01:36.959408+00:00,,2026-09-25T15:01:36.961408+00:00,,2026-09-25T15:01:36.963408+00:00,,2026-09-25T15:01:36.965408+00:00,,2026-09-25T15:01:36.967408+00:00,,2026-09-25T15:01:36.969408+00:00,,2026-09-25T15:01:36.971408+00:00,,2026-09-25T15:01:36.973409+00:00,,2026-09-25T15:01:36.975409+00:00,,2026-09-25T15:01:36.977409+00:00,,2026-09-25T15:01:37.001410+00:00,,2026-09-25T15:01:36.981409+00:00,,2026-09-25T15:01:36.983409+00:00,,2026-09-25T15:01:36.985409+00:00,,2026-09-25T15:01:36.987409+00:00,,2026-09-25T15:01:36.989409+00:00,,2026-09-25T15:01:36.991410+00:00,,2026-09-25T15:01:36.993410+00:00,,2026-09-25T15:01:36.995410+00:00,,2026-09-25T15:01:36.997410+00:00,,2026-09-25T15:01:36.999410+00:00,,2026-09-25T15:01:37.003410+00:00,,2026-09-25T15:01:37.005410+00:00,,2026-09-25T15:01:37.007411+00:00,,2026-09-25T15:01:37.009411+00:00,,2026-09-25T15:01:37.011411+00:00,,2026-09-25T15:01:37.013411+00:00,,2026-09-25T15:01:37.015411+00:00,,2026-09-25T15:01:37.017411+00:00,,2026-09-25T15:01:37.019411+00:00,,2026-09-25T15:01:37.021411+00:00,,2026-09-25T15:01:37.023411+00:00,,2026-09-25T15:01:37.025412+00:00,,2026-09-25T15:01:37.027412+00:00,,2026-09-25T15:01:37.035412+00:00,,2026-09-25T15:01:37.031412+00:00,,2026-09-25T15:01:37.033412+00:00,
196,2026-09-25T13:32:32.446490+00:00,2026-09-25T15:01:37.397433+00:00,99.006,2026-09-25T15:01:37.298427+00:00,,2026-09-25T15:01:37.314428+00:00,,2026-09-25T15:01:37.315428+00:00,,2026-09-25T15:01:37.316428+00:00,,2026-09-25T15:01:37.317428+00:00,,2026-09-25T15:01:37.318428+00:00,,2026-09-25T15:01:37.319428+00:00,,2026-09-25T15:01:37.320428+00:00,,2026-09-25T15:01:37.321428+00:00,,2026-09-25T15:01:37.322429+00:00,,2026-09-25T15:01:37.323429+00:00,,2026-09-25T15:01:37.324429+00:00,,2026-09-25T15:01:37.325429+00:00,,2026-09-25T15:01:37.337429+00:00,,2026-09-25T15:01:37.327429+00:00,,2026-09-25T15:01:37.339430+00:00,,2026-09-25T15:01:37.329429+00:00,,2026-09-25T15:01:37.330429+00:00,,2026-09-25T15:01:37.331429+00:00,,2026-09-25T15:01:37.332429+00:00,,2026-09-25T15:01:37.333429+00:00,,2026-09-25T15:01:37.334429+00:00,,2026-09-25T15:01:37.335429+00:00,,2026-09-25T15:01:37.336429+00:00,,2026-09-25T15:01:37.326429+00:00,,2026-09-25T15:01:37.338429+00:00,,2026-09-25T15:01:37.351430+00:00,,2026-09-25T15:01:37.341430+00:00,,2026-09-25T15:01:37.342430+00:00,,2026-09-25T15:01:37.343430+00:00,,2026-09-25T15:01:37.344430+00:00,,2026-09-25T15:01:37.345430+00:00,,2026-09-25T15:01:37.346430+00:00,,2026-09-25T15:01:37.347430+00:00,,2026-09-25T15:01:37.348430+00:00,,2026-09-25T15:01:37.349430+00:00,,2026-09-25T15:01:37.350430+00:00,,2026-09-25T15:01:37.340430+00:00,,2026-09-25T15:01:37.352430+00:00,,2026-09-25T15:01:37.353430+00:00,,2026-09-25T15:01:37.365431+00:00,,2026-09-25T15:01:37.355430+00:00,,2026-09-25T15:01:37.356430+00:00,,2026-09-25T15:01:37.357431+00:00,,2026-09-25T15:01:37.358431+00:00,,2026-09-25T15:01:37.359431+00:00,,2026-09-25T15:01:37.360431+00:00,,2026-09-25T15:01:37.361431+00:00,,2026-09-25T15:01:37.362431+00:00,,2026-09-25T15:01:37.363431+00:00,,2026-09-25T15:01:37.364431+00:00,,2026-09-25T15:01:37.354430+00:00,,2026-09-25T15:01:37.366431+00:00,,2026-09-25T15:01:37.367431+00:00,,2026-09-25T15:01:37.368431+00:00,,2026-09-25T15:01:37.369431+00:00,,2026-09-25T15:01:37.370431+00:00,,2026-09-25T15:01:37.371431+00:00,,2026-09-25T15:01:37.372431+00:00,,2026-09-25T15:01:37.384432+00:00,,2026-09-25T15:01:37.374432+00:00,,2026-09-25T15:01:37.375432+00:00,,2026-09-25T15:01:37.376432+00:00,,2026-09-25T15:01:37.377432+00:00,,2026-09-25T15:01:37.389432+00:00,,2026-09-25T15:01:37.379432+00:00,,2026-09-25T15:01:37.380432+00:00,,2026-09-25T15:01:37.381432+00:00,,2026-09-25T15:01:37.382432+00:00,,2026-09-25T15:01:37.383432+00:00,,2026-09-25T15:01:37.373431+00:00,,2026-09-25T15:01:37.396433+00:00,,2026-09-25T15:01:37.386432+00:00,,2026-09-25T15:01:37.387432+00:00,,2026-09-25T15:01:37.388432+00:00,,2026-09-25T15:01:37.390432+00:00,,2026-09-25T15:01:37.391432+00:00,,2026-09-25T15:01:37.392433+00:00,,2026-09-25T15:01:37.393433+00:00,,2026-09-25T15:01:37.394433+00:00,,2026-09-25T15:01:37.395433+00:00,,2026-09-25T15:01:37.385432+00:00,,2026-09-25T15:01:37.397433+00:00,
197,2026-09-25T13:32:32.885449+00:00,2026-09-25T15:01:37.816457+00:00,128.008,2026-09-25T15:01:37.688449+00:00,,2026-09-25T15:01:37.733452+00:00,,2026-09-25T15:01:37.745453+00:00,,2026-09-25T15:01:37.746453+00:00,,2026-09-25T15:01:37.747453+00:00,,2026-09-25T15:01:37.748453+00:00,,2026-09-25T15:01:37.738452+00:00,,2026-09-25T15:01:37.739452+00:00,,2026-09-25T15:01:37.740452+00:00,,2026-09-25T15:01:37.741453+00:00,,2026-09-25T15:01:37.742453+00:00,,2026-09-25T15:01:37.743453+00:00,,2026-09-25T15:01:37.744453+00:00,,2026-09-25T15:01:37.734452+00:00,,2026-09-25T15:01:37.735452+00:00,,2026-09-25T15:01:37.736452+00:00,,2026-09-25T15:01:37.737452+00:00,,2026-09-25T15:01:37.749453+00:00,,2026-09-25T15:01:37.750453+00:00,,2026-09-25T15:01:37.751453+00:00,,2026-09-25T15:01:37.752453+00:00,,2026-09-25T15:01:37.753453+00:00,,2026-09-25T15:01:37.767454+00:00,,2026-09-25T15:01:37.755453+00:00,,2026-09-25T15:01:37.769454+00:00,,2026-09-25T15:01:37.770454+00:00,,2026-09-25T15:01:37.758453+00:00,,2026-09-25T15:01:37.760454+00:00,,2026-09-25T15:01:37.773454+00:00,,2026-09-25T15:01:37.763454+00:00,,2026-09-25T15:01:37.775454+00:00,,2026-09-25T15:01:37.765454+00:00,,2026-09-25T15:01:37.766454+00:00,,2026-09-25T15:01:37.754453+00:00,,2026-09-25T15:01:37.768454+00:00,,2026-09-25T15:01:37.756453+00:00,,2026-09-25T15:01:37.757453+00:00,,2026-09-25T15:01:37.771454+00:00,,2026-09-25T15:01:37.772454+00:00,,2026-09-25T15:01:37.761454+00:00,,2026-09-25T15:01:37.762454+00:00,,2026-09-25T15:01:37.774454+00:00,,2026-09-25T15:01:37.764454+00:00,,2026-09-25T15:01:37.776455+00:00,,2026-09-25T15:01:37.777455+00:00,,2026-09-25T15:01:37.789455+00:00,,2026-09-25T15:01:37.779455+00:00,,2026-09-25T15:01:37.780455+00:00,,2026-09-25T15:01:37.781455+00:00,,2026-09-25T15:01:37.782455+00:00,,2026-09-25T15:01:37.783455+00:00,,2026-09-25T15:01:37.784455+00:00,,2026-09-25T15:01:37.785455+00:00,,2026-09-25T15:01:37.786455+00:00,,2026-09-25T15:01:37.787455+00:00,,2026-09-25T15:01:37.788455+00:00,,2026-09-25T15:01:37.790455+00:00,,2026-09-25T15:01:37.791455+00:00,,2026-09-25T15:01:37.792455+00:00,,2026-09-25T15:01:37.793455+00:00,,2026-09-25T15:01:37.794456+00:00,,2026-09-25T15:01:37.795456+00:00,,2026-09-25T15:01:37.796456+00:00,,2026-09-25T15:01:37.797456+00:00,,2026-09-25T15:01:37.798456+00:00,,2026-09-25T15:01:37.799456+00:00,,2026-09-25T15:01:37.800456+00:00,,2026-09-25T15:01:37.801456+00:00,,2026-09-25T15:01:37.802456+00:00,,2026-09-25T15:01:37.803456+00:00,,2026-09-25T15:01:37.804456+00:00,,2026-09-25T15:01:37.805456+00:00,,2026-09-25T15:01:37.806456+00:00,,2026-09-25T15:01:37.807456+00:00,,2026-09-25T15:01:37.808456+00:00,,2026-09-25T15:01:37.809456+00:00,,2026-09-25T15:01:37.810456+00:00,,2026-09-25T15:01:37.811457+00:00,,2026-09-25T15:01:37.812457+00:00,,2026-09-25T15:01:37.813457+00:00,,2026-09-25T15:01:37.814457+00:00,,2026-09-25T15:01:37.815457+00:00,,2026-09-25T15:01:37.816457+00:00,
198,2026-09-25T13:32:33.251215+00:00,2026-09-25T15:01:38.226480+00:00,99.005,2026-09-25T15:01:38.127475+00:00,,2026-09-25T15:01:38.144476+00:00,,2026-09-25T15:01:38.145476+00:00,,2026-09-25T15:01:38.146476+00:00,,2026-09-25T15:01:38.147476+00:00,,2026-09-25T15:01:38.148476+00:00,,2026-09-25T15:01:38.149476+00:00,,2026-09-25T15:01:38.161477+00:00,,2026-09-25T15:01:38.151476+00:00,,2026-09-25T15:01:38.152476+00:00,,2026-09-25T15:01:38.153476+00:00,,2026-09-25T15:01:38.154476+00:00,,2026-09-25T15:01:38.155476+00:00,,2026-09-25T15:01:38.156476+00:00,,2026-09-25T15:01:38.157476+00:00,,2026-09-25T15:01:38.158476+00:00,,2026-09-25T15:01:38.159476+00:00,,2026-09-25T15:01:38.160476+00:00,,2026-09-25T15:01:38.150476+00:00,,2026-09-25T15:01:38.162477+00:00,,2026-09-25T15:01:38.163477+00:00,,2026-09-25T15:01:38.164477+00:00,,2026-09-25T15:01:38.176477+00:00,,2026-09-25T15:01:38.166477+00:00,,2026-09-25T15:01:38.167477+00:00,,2026-09-25T15:01:38.168477+00:00,,2026-09-25T15:01:38.169477+00:00,,2026-09-25T15:01:38.170477+00:00,,2026-09-25T15:01:38.171477+00:00,,2026-09-25T15:01:38.172477+00:00,,2026-09-25T15:01:38.173477+00:00,,2026-09-25T15:01:38.174477+00:00,,2026-09-25T15:01:38.175477+00:00,,2026-09-25T15:01:38.165477+00:00,,2026-09-25T15:01:38.177477+00:00,,2026-09-25T15:01:38.189478+00:00,,2026-09-25T15:01:38.179478+00:00,,2026-09-25T15:01:38.180478+00:00,,2026-09-25T15:01:38.181478+00:00,,2026-09-25T15:01:38.182478+00:00,,2026-09-25T15:01:38.183478+00:00,,2026-09-25T15:01:38.184478+00:00,,2026-09-25T15:01:38.185478+00:00,,2026-09-25T15:01:38.186478+00:00,,2026-09-25T15:01:38.187478+00:00,,2026-09-25T15:01:38.188478+00:00,,2026-09-25T15:01:38.190478+00:00,,2026-09-25T15:01:38.202479+00:00,,2026-09-25T15:01:38.192478+00:00,,2026-09-25T15:01:38.193478+00:00,,2026-09-25T15:01:38.194478+00:00,,2026-09-25T15:01:38.195478+00:00,,2026-09-25T15:01:38.196479+00:00,,2026-09-25T15:01:38.197479+00:00,,2026-09-25T15:01:38.198479+00:00,,2026-09-25T15:01:38.199479+00:00,,2026-09-25T15:01:38.200479+00:00,,2026-09-25T15:01:38.201479+00:00,,2026-09-25T15:01:38.191478+00:00,,2026-09-25T15:01:38.214480+00:00,,2026-09-25T15:01:38.215480+00:00,,2026-09-25T15:01:38.216480+00:00,,2026-09-25T15:01:38.217480+00:00,,2026-09-25T15:01:38.218480+00:00,,2026-09-25T15:01:38.208479+00:00,,2026-09-25T15:01:38.209479+00:00,,2026-09-25T15:01:38.210479+00:00,,2026-09-25T15:01:38.211479+00:00,,2026-09-25T15:01:38.212479+00:00,,2026-09-25T15:01:38.213480+00:00,,2026-09-25T15:01:38.203479+00:00,,2026-09-25T15:01:38.204479+00:00,,2026-09-25T15:01:38.205479+00:00,,2026-09-25T15:01:38.206479+00:00,,2026-09-25T15:01:38.207479+00:00,,2026-09-25T15:01:38.219480+00:00,,2026-09-25T15:01:38.220480+00:00,,2026-09-25T15:01:38.221480+00:00,,2026-09-25T15:01:38.222480+00:00,,2026-09-25T15:01:38.223480+00:00,,2026-09-25T15:01:38.224480+00:00,,2026-09-25T15:01:38.225480+00:00,,2026-09-25T15:01:38.226480+00:00,
199,2026-09-25T13:32:33.641951+00:00,2026-09-25T15:01:38.629503+00:00,97.005,2026-09-25T15:01:38.532498+00:00,,2026-09-25T15:01:38.546499+00:00,,2026-09-25T15:01:38.547499+00:00,,2026-09-25T15:01:38.548499+00:00,,2026-09-25T15:01:38.549499+00:00,,2026-09-25T15:01:38.550499+00:00,,2026-09-25T15:01:38.551499+00:00,,2026-09-25T15:01:38.552499+00:00,,2026-09-25T15:01:38.553499+00:00,,2026-09-25T15:01:38.554499+00:00,,2026-09-25T15:01:38.566500+00:00,,2026-09-25T15:01:38.556499+00:00,,2026-09-25T15:01:38.557499+00:00,,2026-09-25T15:01:38.558499+00:00,,2026-09-25T15:01:38.559499+00:00,,2026-09-25T15:01:38.560499+00:00,,2026-09-25T15:01:38.561499+00:00,,2026-09-25T15:01:38.562499+00:00,,2026-09-25T15:01:38.563500+00:00,,2026-09-25T15:01:38.564500+00:00,,2026-09-25T15:01:38.565500+00:00,,2026-09-25T15:01:38.555499+00:00,,2026-09-25T15:01:38.567500+00:00,,2026-09-25T15:01:38.568500+00:00,,2026-09-25T15:01:38.569500+00:00,,2026-09-25T15:01:38.570500+00:00,,2026-09-25T15:01:38.571500+00:00,,2026-09-25T15:01:38.572500+00:00,,2026-09-25T15:01:38.573500+00:00,,2026-09-25T15:01:38.574500+00:00,,2026-09-25T15:01:38.575500+00:00,,2026-09-25T15:01:38.576500+00:00,,2026-09-25T15:01:38.577500+00:00,,2026-09-25T15:01:38.590501+00:00,,2026-09-25T15:01:38.579500+00:00,,2026-09-25T15:01:38.580500+00:00,,2026-09-25T15:01:38.581501+00:00,,2026-09-25T15:01:38.582501+00:00,,2026-09-25T15:01:38.583501+00:00,,2026-09-25T15:01:38.584501+00:00,,2026-09-25T15:01:38.585501+00:00,,2026-09-25T15:01:38.586501+00:00,,2026-09-25T15:01:38.587501+00:00,,2026-09-25T15:01:38.589501+00:00,,2026-09-25T15:01:38.578500+00:00,,2026-09-25T15:01:38.591501+00:00,,2026-09-25T15:01:38.592501+00:00,,2026-09-25T15:01:38.593501+00:00,,2026-09-25T15:01:38.594501+00:00,,2026-09-25T15:01:38.595501+00:00,,2026-09-25T15:01:38.596501+00:00,,2026-09-25T15:01:38.597501+00:00,,2026-09-25T15:01:38.598502+00:00,,2026-09-25T15:01:38.599502+00:00,,2026-09-25T15:01:38.600502+00:00,,2026-09-25T15:01:38.601502+00:00,,2026-09-25T15:01:38.602502+00:00,,2026-09-25T15:01:38.603502+00:00,,2026-09-25T15:01:38.604502+00:00,,2026-09-25T15:01:38.605502+00:00,,2026-09-25T15:01:38.606502+00:00,,2026-09-25T15:01:38.607502+00:00,,2026-09-25T15:01:38.608502+00:00,,2026-09-25T15:01:38.609502+00:00,,2026-09-25T15:01:38.610502+00:00,,2026-09-25T15:01:38.611502+00:00,,2026-09-25T15:01:38.612502+00:00,,2026-09-25T15:01:38.613502+00:00,,2026-09-25T15:01:38.614502+00:00,,2026-09-25T15:01:38.615503+00:00,,2026-09-25T15:01:38.616503+00:00,,2026-09-25T15:01:38.617503+00:00,,2026-09-25T15:01:38.618503+00:00,,2026-09-25T15:01:38.619503+00:00,,2026-09-25T15:01:38.620503+00:00,,2026-09-25T15:01:38.621503+00:00,,2026-09-25T15:01:38.622503+00:00,,2026-09-25T15:01:38.623503+00:00,,2026-09-25T15:01:38.624503+00:00,,2026-09-25T15:01:38.625503+00:00,,2026-09-25T15:01:38.626503+00:00,,2026-09-25T15:01:38.629503+00:00,,2026-09-25T15:01:38.628503+00:00,
200,2026-09-25T13:32:34.006484+00:00,2026-09-25T15:01:38.981523+00:00,90.005,2026-09-25T15:01:38.891518+00:00,,2026-09-25T15:01:38.898519+00:00,,2026-09-25T15:01:38.903519+00:00,,2026-09-25T15:01:38.900519+00:00,,2026-09-25T15:01:38.901519+00:00,,2026-09-25T15:01:38.902519+00:00,,2026-09-25T15:01:38.899519+00:00,,2026-09-25T15:01:38.904519+00:00,,2026-09-25T15:01:38.905519+00:00,,2026-09-25T15:01:38.906519+00:00,,2026-09-25T15:01:38.907519+00:00,,2026-09-25T15:01:38.908519+00:00,,2026-09-25T15:01:38.909519+00:00,,2026-09-25T15:01:38.910519+00:00,,2026-09-25T15:01:38.911519+00:00,,2026-09-25T15:01:38.912519+00:00,,2026-09-25T15:01:38.913520+00:00,,2026-09-25T15:01:38.925520+00:00,,2026-09-25T15:01:38.915520+00:00,,2026-09-25T15:01:38.916520+00:00,,2026-09-25T15:01:38.917520+00:00,,2026-09-25T15:01:38.918520+00:00,,2026-09-25T15:01:38.919520+00:00,,2026-09-25T15:01:38.920520+00:00,,2026-09-25T15:01:38.921520+00:00,,2026-09-25T15:01:38.922520+00:00,,2026-09-25T15:01:38.923520+00:00,,2026-09-25T15:01:38.924520+00:00,,2026-09-25T15:01:38.914520+00:00,,2026-09-25T15:01:38.926520+00:00,,2026-09-25T15:01:38.939521+00:00,,2026-09-25T15:01:38.928520+00:00,,2026-09-25T15:01:38.929520+00:00,,2026-09-25T15:01:38.930521+00:00,,2026-09-25T15:01:38.931521+00:00,,2026-09-25T15:01:38.932521+00:00,,2026-09-25T15:01:38.933521+00:00,,2026-09-25T15:01:38.934521+00:00,,2026-09-25T15:01:38.935521+00:00,,2026-09-25T15:01:38.936521+00:00,,2026-09-25T15:01:38.937521+00:00,,2026-09-25T15:01:38.938521+00:00,,2026-09-25T15:01:38.940521+00:00,,2026-09-25T15:01:38.941521+00:00,,2026-09-25T15:01:38.942521+00:00,,2026-09-25T15:01:38.943521+00:00,,2026-09-25T15:01:38.944521+00:00,,2026-09-25T15:01:38.956522+00:00,,2026-09-25T15:01:38.946521+00:00,,2026-09-25T15:01:38.947521+00:00,,2026-09-25T15:01:38.948522+00:00,,2026-09-25T15:01:38.949522+00:00,,2026-09-25T15:01:38.950522+00:00,,2026-09-25T15:01:38.951522+00:00,,2026-09-25T15:01:38.952522+00:00,,2026-09-25T15:01:38.953522+00:00,,2026-09-25T15:01:38.954522+00:00,,2026-09-25T15:01:38.955522+00:00,,2026-09-25T15:01:38.945521+00:00,,2026-09-25T15:01:38.957522+00:00,,2026-09-25T15:01:38.958522+00:00,,2026-09-25T15:01:38.959522+00:00,,2026-09-25T15:01:38.960522+00:00,,2026-09-25T15:01:38.972523+00:00,,2026-09-25T15:01:38.962522+00:00,,2026-09-25T15:01:38.963522+00:00,,2026-09-25T15:01:38.964522+00:00,,2026-09-25T15:01:38.965523+00:00,,2026-09-25T15:01:38.966523+00:00,,2026-09-25T15:01:38.967523+00:00,,2026-09-25T15:01:38.968523+00:00,,2026-09-25T15:01:38.980523+00:00,,2026-09-25T15:01:38.970523+00:00,,2026-09-25T15:01:38.971523+00:00,,2026-09-25T15:01:38.961522+00:00,,2026-09-25T15:01:38.973523+00:00,,2026-09-25T15:01:38.974523+00:00,,2026-09-25T15:01:38.975523+00:00,,2026-09-25T15:01:38.976523+00:00,,2026-09-25T15:01:38.981523+00:00,,2026-09-25T15:01:38.978523+00:00,,2026-09-25T15:01:38.979523+00:00,,2026-09-25T15:01:38.969523+00:00,
201,2026-09-25T13:32:34.409272+00:00,2026-09-25T15:01:39.363545+00:00,86.005,2026-09-25T15:01:39.277540+00:00,,2026-09-25T15:01:39.281541+00:00,,2026-09-25T15:01:39.291541+00:00,,2026-09-25T15:01:39.283541+00:00,,2026-09-25T15:01:39.284541+00:00,,2026-09-25T15:01:39.296541+00:00,,2026-09-25T15:01:39.286541+00:00,,2026-09-25T15:01:39.287541+00:00,,2026-09-25T15:01:39.288541+00:00,,2026-09-25T15:01:39.289541+00:00,,2026-09-25T15:01:39.290541+00:00,,2026-09-25T15:01:39.282541+00:00,,2026-09-25T15:01:39.292541+00:00,,2026-09-25T15:01:39.304542+00:00,,2026-09-25T15:01:39.294541+00:00,,2026-09-25T15:01:39.295541+00:00,,2026-09-25T15:01:39.285541+00:00,,2026-09-25T15:01:39.297542+00:00,,2026-09-25T15:01:39.298542+00:00,,2026-09-25T15:01:39.310542+00:00,,2026-09-25T15:01:39.300542+00:00,,2026-09-25T15:01:39.301542+00:00,,2026-09-25T15:01:39.302542+00:00,,2026-09-25T15:01:39.303542+00:00,,2026-09-25T15:01:39.293541+00:00,,2026-09-25T15:01:39.305542+00:00,,2026-09-25T15:01:39.306542+00:00,,2026-09-25T15:01:39.307542+00:00,,2026-09-25T15:01:39.308542+00:00,,2026-09-25T15:01:39.309542+00:00,,2026-09-25T15:01:39.299542+00:00,,2026-09-25T15:01:39.311542+00:00,,2026-09-25T15:01:39.312542+00:00,,2026-09-25T15:01:39.313542+00:00,,2026-09-25T15:01:39.314542+00:00,,2026-09-25T15:01:39.315543+00:00,,2026-09-25T15:01:39.316543+00:00,,2026-09-25T15:01:39.317543+00:00,,2026-09-25T15:01:39.318543+00:00,,2026-09-25T15:01:39.319543+00:00,,2026-09-25T15:01:39.320543+00:00,,2026-09-25T15:01:39.321543+00:00,,2026-09-25T15:01:39.322543+00:00,,2026-09-25T15:01:39.323543+00:00,,2026-09-25T15:01:39.324543+00:00,,2026-09-25T15:01:39.325543+00:00,,2026-09-25T15:01:39.326543+00:00,,2026-09-25T15:01:39.338544+00:00,,2026-09-25T15:01:39.328543+00:00,,2026-09-25T15:01:39.329543+00:00,,2026-09-25T15:01:39.330543+00:00,,2026-09-25T15:01:39.331543+00:00,,2026-09-25T15:01:39.332544+00:00,,2026-09-25T15:01:39.333544+00:00,,2026-09-25T15:01:39.334544+00:00,,2026-09-25T15:01:39.335544+00:00,,2026-09-25T15:01:39.336544+00:00,,2026-09-25T15:01:39.337544+00:00,,2026-09-25T15:01:39.339544+00:00,,2026-09-25T15:01:39.340544+00:00,,2026-09-25T15:01:39.341544+00:00,,2026-09-25T15:01:39.342544+00:00,,2026-09-25T15:01:39.343544+00:00,,2026-09-25T15:01:39.344544+00:00,,2026-09-25T15:01:39.345544+00:00,,2026-09-25T15:01:39.346544+00:00,,2026-09-25T15:01:39.347544+00:00,,2026-09-25T15:01:39.348544+00:00,,2026-09-25T15:01:39.349544+00:00,,2026-09-25T15:01:39.350545+00:00,,2026-09-25T15:01:39.351545+00:00,,2026-09-25T15:01:39.352545+00:00,,2026-09-25T15:01:39.353545+00:00,,2026-09-25T15:01:39.354545+00:00,,2026-09-25T15:01:39.355545+00:00,,2026-09-25T15:01:39.356545+00:00,,2026-09-25T15:01:39.357545+00:00,,2026-09-25T15:01:39.358545+00:00,,2026-09-25T15:01:39.359545+00:00,,2026-09-25T15:01:39.360545+00:00,,2026-09-25T15:01:39.361545+00:00,,2026-09-25T15:01:39.362545+00:00,,2026-09-25T15:01:39.363545+00:00,
202,2026-09-25T13:32:34.778138+00:00,2026-09-25T15:01:39.743567+00:00,93.00500000000001,2026-09-25T15:01:39.650562+00:00,,2026-09-25T15:01:39.660562+00:00,,2026-09-25T15:01:39.670563+00:00,,2026-09-25T15:01:39.662562+00:00,,2026-09-25T15:01:39.663562+00:00,,2026-09-25T15:01:39.664563+00:00,,2026-09-25T15:01:39.665563+00:00,,2026-09-25T15:01:39.677563+00:00,,2026-09-25T15:01:39.667563+00:00,,2026-09-25T15:01:39.668563+00:00,,2026-09-25T15:01:39.669563+00:00,,2026-09-25T15:01:39.661562+00:00,,2026-09-25T15:01:39.671563+00:00,,2026-09-25T15:01:39.672563+00:00,,2026-09-25T15:01:39.673563+00:00,,2026-09-25T15:01:39.674563+00:00,,2026-09-25T15:01:39.675563+00:00,,2026-09-25T15:01:39.687564+00:00,,2026-09-25T15:01:39.666563+00:00,,2026-09-25T15:01:39.678563+00:00,,2026-09-25T15:01:39.679563+00:00,,2026-09-25T15:01:39.680563+00:00,,2026-09-25T15:01:39.692564+00:00,,2026-09-25T15:01:39.682564+00:00,,2026-09-25T15:01:39.683564+00:00,,2026-09-25T15:01:39.684564+00:00,,2026-09-25T15:01:39.685564+00:00,,2026-09-25T15:01:39.686564+00:00,,2026-09-25T15:01:39.688564+00:00,,2026-09-25T15:01:39.689564+00:00,,2026-09-25T15:01:39.690564+00:00,,2026-09-25T15:01:39.691564+00:00,,2026-09-25T15:01:39.681563+00:00,,2026-09-25T15:01:39.693564+00:00,,2026-09-25T15:01:39.694564+00:00,,2026-09-25T15:01:39.695564+00:00,,2026-09-25T15:01:39.696564+00:00,,2026-09-25T15:01:39.697564+00:00,,2026-09-25T15:01:39.698564+00:00,,2026-09-25T15:01:39.699565+00:00,,2026-09-25T15:01:39.700565+00:00,,2026-09-25T15:01:39.701565+00:00,,2026-09-25T15:01:39.702565+00:00,,2026-09-25T15:01:39.703565+00:00,,2026-09-25T15:01:39.704565+00:00,,2026-09-25T15:01:39.705565+00:00,,2026-09-25T15:01:39.706565+00:00,,2026-09-25T15:01:39.707565+00:00,,2026-09-25T15:01:39.708565+00:00,,2026-09-25T15:01:39.709565+00:00,,2026-09-25T15:01:39.710565+00:00,,2026-09-25T15:01:39.711565+00:00,,2026-09-25T15:01:39.723566+00:00,,2026-09-25T15:01:39.713565+00:00,,2026-09-25T15:01:39.714565+00:00,,2026-09-25T15:01:39.715565+00:00,,2026-09-25T15:01:39.716565+00:00,,2026-09-25T15:01:39.717566+00:00,,2026-09-25T15:01:39.718566+00:00,,2026-09-25T15:01:39.719566+00:00,,2026-09-25T15:01:39.720566+00:00,,2026-09-25T15:01:39.721566+00:00,,2026-09-25T15:01:39.722566+00:00,,2026-09-25T15:01:39.712565+00:00,,2026-09-25T15:01:39.724566+00:00,,2026-09-25T15:01:39.725566+00:00,,2026-09-25T15:01:39.737567+00:00,,2026-09-25T15:01:39.727566+00:00,,2026-09-25T15:01:39.728566+00:00,,2026-09-25T15:01:39.729566+00:00,,2026-09-25T15:01:39.730566+00:00,,2026-09-25T15:01:39.731566+00:00,,2026-09-25T15:01:39.732566+00:00,,2026-09-25T15:01:39.733566+00:00,,2026-09-25T15:01:39.734567+00:00,,2026-09-25T15:01:39.735567+00:00,,2026-09-25T15:01:39.736567+00:00,,2026-09-25T15:01:39.738567+00:00,,2026-09-25T15:01:39.739567+00:00,,2026-09-25T15:01:39.740567+00:00,,2026-09-25T15:01:39.741567+00:00,,2026-09-25T15:01:39.742567+00:00,,2026-09-25T15:01:39.743567+00:00,
203,2026-09-25T13:32:35.135205+00:00,2026-09-25T15:01:40.121589+00:00,101.006,2026-09-25T15:01:40.020583+00:00,,2026-09-25T15:01:40.039584+00:00,,2026-09-25T15:01:40.049585+00:00,,2026-09-25T15:01:40.041584+00:00,,2026-09-25T15:01:40.042584+00:00,,2026-09-25T15:01:40.043584+00:00,,2026-09-25T15:01:40.044584+00:00,,2026-09-25T15:01:40.045584+00:00,,2026-09-25T15:01:40.046584+00:00,,2026-09-25T15:01:40.047584+00:00,,2026-09-25T15:01:40.048584+00:00,,2026-09-25T15:01:40.040584+00:00,,2026-09-25T15:01:40.050585+00:00,,2026-09-25T15:01:40.051585+00:00,,2026-09-25T15:01:40.052585+00:00,,2026-09-25T15:01:40.053585+00:00,,2026-09-25T15:01:40.054585+00:00,,2026-09-25T15:01:40.055585+00:00,,2026-09-25T15:01:40.056585+00:00,,2026-09-25T15:01:40.057585+00:00,,2026-09-25T15:01:40.069586+00:00,,2026-09-25T15:01:40.059585+00:00,,2026-09-25T15:01:40.060585+00:00,,2026-09-25T15:01:40.061585+00:00,,2026-09-25T15:01:40.062585+00:00,,2026-09-25T15:01:40.063585+00:00,,2026-09-25T15:01:40.064585+00:00,,2026-09-25T15:01:40.065585+00:00,,2026-09-25T15:01:40.066585+00:00,,2026-09-25T15:01:40.067586+00:00,,2026-09-25T15:01:40.068586+00:00,,2026-09-25T15:01:40.058585+00:00,,2026-09-25T15:01:40.070586+00:00,,2026-09-25T15:01:40.071586+00:00,,2026-09-25T15:01:40.072586+00:00,,2026-09-25T15:01:40.073586+00:00,,2026-09-25T15:01:40.074586+00:00,,2026-09-25T15:01:40.075586+00:00,,2026-09-25T15:01:40.087587+00:00,,2026-09-25T15:01:40.077586+00:00,,2026-09-25T15:01:40.078586+00:00,,2026-09-25T15:01:40.079586+00:00,,2026-09-25T15:01:40.080586+00:00,,2026-09-25T15:01:40.081586+00:00,,2026-09-25T15:01:40.082586+00:00,,2026-09-25T15:01:40.083586+00:00,,2026-09-25T15:01:40.084587+00:00,,2026-09-25T15:01:40.085587+00:00,,2026-09-25T15:01:40.086587+00:00,,2026-09-25T15:01:40.088587+00:00,,2026-09-25T15:01:40.089587+00:00,,2026-09-25T15:01:40.090587+00:00,,2026-09-25T15:01:40.091587+00:00,,2026-09-25T15:01:40.092587+00:00,,2026-09-25T15:01:40.093587+00:00,,2026-09-25T15:01:40.094587+00:00,,2026-09-25T15:01:40.095587+00:00,,2026-09-25T15:01:40.096587+00:00,,2026-09-25T15:01:40.097587+00:00,,2026-09-25T15:01:40.098587+00:00,,2026-09-25T15:01:40.099587+00:00,,2026-09-25T15:01:40.100587+00:00,,2026-09-25T15:01:40.101588+00:00,,2026-09-25T15:01:40.102588+00:00,,2026-09-25T15:01:40.103588+00:00,,2026-09-25T15:01:40.115588+00:00,,2026-09-25T15:01:40.105588+00:00,,2026-09-25T15:01:40.106588+00:00,,2026-09-25T15:01:40.107588+00:00,,2026-09-25T15:01:40.108588+00:00,,2026-09-25T15:01:40.109588+00:00,,2026-09-25T15:01:40.110588+00:00,,2026-09-25T15:01:40.111588+00:00,,2026-09-25T15:01:40.112588+00:00,,2026-09-25T15:01:40.113588+00:00,,2026-09-25T15:01:40.114588+00:00,,2026-09-25T15:01:40.104588+00:00,,2026-09-25T15:01:40.116588+00:00,,2026-09-25T15:01:40.117588+00:00,,2026-09-25T15:01:40.118588+00:00,,2026-09-25T15:01:40.119589+00:00,,2026-09-25T15:01:40.120589+00:00,,2026-09-25T15:01:40.121589+00:00,
204,2026-09-25T13:32:35.521346+00:00,2026-09-25T15:01:40.508611+00:00,95.006,2026-09-25T15:01:40.413605+00:00,,2026-09-25T15:01:40.425606+00:00,,2026-09-25T15:01:40.437607+00:00,,2026-09-25T15:01:40.427606+00:00,,2026-09-25T15:01:40.428606+00:00,,2026-09-25T15:01:40.429606+00:00,,2026-09-25T15:01:40.430606+00:00,,2026-09-25T15:01:40.431606+00:00,,2026-09-25T15:01:40.432606+00:00,,2026-09-25T15:01:40.433606+00:00,,2026-09-25T15:01:40.434607+00:00,,2026-09-25T15:01:40.435607+00:00,,2026-09-25T15:01:40.436607+00:00,,2026-09-25T15:01:40.438607+00:00,,2026-09-25T15:01:40.439607+00:00,,2026-09-25T15:01:40.440607+00:00,,2026-09-25T15:01:40.441607+00:00,,2026-09-25T15:01:40.442607+00:00,,2026-09-25T15:01:40.443607+00:00,,2026-09-25T15:01:40.444607+00:00,,2026-09-25T15:01:40.445607+00:00,,2026-09-25T15:01:40.446607+00:00,,2026-09-25T15:01:40.447607+00:00,,2026-09-25T15:01:40.448607+00:00,,2026-09-25T15:01:40.449607+00:00,,2026-09-25T15:01:40.450607+00:00,,2026-09-25T15:01:40.451608+00:00,,2026-09-25T15:01:40.452608+00:00,,2026-09-25T15:01:40.453608+00:00,,2026-09-25T15:01:40.454608+00:00,,2026-09-25T15:01:40.455608+00:00,,2026-09-25T15:01:40.456608+00:00,,2026-09-25T15:01:40.457608+00:00,,2026-09-25T15:01:40.458608+00:00,,2026-09-25T15:01:40.459608+00:00,,2026-09-25T15:01:40.471609+00:00,,2026-09-25T15:01:40.461608+00:00,,2026-09-25T15:01:40.462608+00:00,,2026-09-25T15:01:40.463608+00:00,,2026-09-25T15:01:40.464608+00:00,,2026-09-25T15:01:40.465608+00:00,,2026-09-25T15:01:40.477609+00:00,,2026-09-25T15:01:40.467608+00:00,,2026-09-25T15:01:40.468608+00:00,,2026-09-25T15:01:40.469609+00:00,,2026-09-25T15:01:40.470609+00:00,,2026-09-25T15:01:40.460608+00:00,,2026-09-25T15:01:40.472609+00:00,,2026-09-25T15:01:40.473609+00:00,,2026-09-25T15:01:40.485609+00:00,,2026-09-25T15:01:40.475609+00:00,,2026-09-25T15:01:40.487610+00:00,,2026-09-25T15:01:40.466608+00:00,,2026-09-25T15:01:40.500610+00:00,,2026-09-25T15:01:40.479609+00:00,,2026-09-25T15:01:40.480609+00:00,,2026-09-25T15:01:40.481609+00:00,,2026-09-25T15:01:40.482609+00:00,,2026-09-25T15:01:40.483609+00:00,,2026-09-25T15:01:40.484609+00:00,,2026-09-25T15:01:40.474609+00:00,,2026-09-25T15:01:40.486610+00:00,,2026-09-25T15:01:40.488610+00:00,,2026-09-25T15:01:40.478609+00:00,,2026-09-25T15:01:40.501610+00:00,,2026-09-25T15:01:40.491610+00:00,,2026-09-25T15:01:40.492610+00:00,,2026-09-25T15:01:40.493610+00:00,,2026-09-25T15:01:40.494610+00:00,,2026-09-25T15:01:40.495610+00:00,,2026-09-25T15:01:40.496610+00:00,,2026-09-25T15:01:40.497610+00:00,,2026-09-25T15:01:40.498610+00:00,,2026-09-25T15:01:40.499610+00:00,,2026-09-25T15:01:40.489610+00:00,,2026-09-25T15:01:40.490610+00:00,,2026-09-25T15:01:40.502610+00:00,,2026-09-25T15:01:40.503610+00:00,,2026-09-25T15:01:40.504611+00:00,,2026-09-25T15:01:40.505611+00:00,,2026-09-25T15:01:40.506611+00:00,,2026-09-25T15:01:40.507611+00:00,,2026-09-25T15:01:40.508611+00:00,
205,2026-09-25T13:32:35.885806+00:00,2026-09-25T15:01:40.870631+00:00,97.005,2026-09-25T15:01:40.773626+00:00,,2026-09-25T15:01:40.785627+00:00,,2026-09-25T15:01:40.798627+00:00,,2026-09-25T15:01:40.788627+00:00,,2026-09-25T15:01:40.789627+00:00,,2026-09-25T15:01:40.790627+00:00,,2026-09-25T15:01:40.791627+00:00,,2026-09-25T15:01:40.792627+00:00,,2026-09-25T15:01:40.793627+00:00,,2026-09-25T15:01:40.794627+00:00,,2026-09-25T15:01:40.795627+00:00,,2026-09-25T15:01:40.796627+00:00,,2026-09-25T15:01:40.797627+00:00,,2026-09-25T15:01:40.786627+00:00,,2026-09-25T15:01:40.799627+00:00,,2026-09-25T15:01:40.813628+00:00,,2026-09-25T15:01:40.802628+00:00,,2026-09-25T15:01:40.815628+00:00,,2026-09-25T15:01:40.827629+00:00,,2026-09-25T15:01:40.806628+00:00,,2026-09-25T15:01:40.807628+00:00,,2026-09-25T15:01:40.808628+00:00,,2026-09-25T15:01:40.809628+00:00,,2026-09-25T15:01:40.810628+00:00,,2026-09-25T15:01:40.811628+00:00,,2026-09-25T15:01:40.812628+00:00,,2026-09-25T15:01:40.800627+00:00,,2026-09-25T15:01:40.814628+00:00,,2026-09-25T15:01:40.804628+00:00,,2026-09-25T15:01:40.805628+00:00,,2026-09-25T15:01:40.817628+00:00,,2026-09-25T15:01:40.818629+00:00,,2026-09-25T15:01:40.819629+00:00,,2026-09-25T15:01:40.820629+00:00,,2026-09-25T15:01:40.821629+00:00,,2026-09-25T15:01:40.822629+00:00,,2026-09-25T15:01:40.823629+00:00,,2026-09-25T15:01:40.824629+00:00,,2026-09-25T15:01:40.825629+00:00,,2026-09-25T15:01:40.837630+00:00,,2026-09-25T15:01:40.816628+00:00,,2026-09-25T15:01:40.839630+00:00,,2026-09-25T15:01:40.829629+00:00,,2026-09-25T15:01:40.841630+00:00,,2026-09-25T15:01:40.831629+00:00,,2026-09-25T15:01:40.832629+00:00,,2026-09-25T15:01:40.833629+00:00,,2026-09-25T15:01:40.834629+00:00,,2026-09-25T15:01:40.835629+00:00,,2026-09-25T15:01:40.836630+00:00,,2026-09-25T15:01:40.838630+00:00,,2026-09-25T15:01:40.828629+00:00,,2026-09-25T15:01:40.840630+00:00,,2026-09-25T15:01:40.830629+00:00,,2026-09-25T15:01:40.842630+00:00,,2026-09-25T15:01:40.843630+00:00,,2026-09-25T15:01:40.844630+00:00,,2026-09-25T15:01:40.845630+00:00,,2026-09-25T15:01:40.846630+00:00,,2026-09-25T15:01:40.847630+00:00,,2026-09-25T15:01:40.848630+00:00,,2026-09-25T15:01:40.849630+00:00,,2026-09-25T15:01:40.850630+00:00,,2026-09-25T15:01:40.851630+00:00,,2026-09-25T15:01:40.852630+00:00,,2026-09-25T15:01:40.853631+00:00,,2026-09-25T15:01:40.854631+00:00,,2026-09-25T15:01:40.855631+00:00,,2026-09-25T15:01:40.856631+00:00,,2026-09-25T15:01:40.857631+00:00,,2026-09-25T15:01:40.858631+00:00,,2026-09-25T15:01:40.859631+00:00,,2026-09-25T15:01:40.860631+00:00,,2026-09-25T15:01:40.861631+00:00,,2026-09-25T15:01:40.862631+00:00,,2026-09-25T15:01:40.863631+00:00,,2026-09-25T15:01:40.864631+00:00,,2026-09-25T15:01:40.865631+00:00,,2026-09-25T15:01:40.866631+00:00,,2026-09-25T15:01:40.867631+00:00,,2026-09-25T15:01:40.868631+00:00,,2026-09-25T15:01:40.869631+00:00,,2026-09-25T15:01:40.870631+00:00,
206,2026-09-25T13:32:36.277380+00:00,2026-09-25T15:01:41.238653+00:00,92.006,2026-09-25T15:01:41.154648+00:00,,2026-09-25T15:01:41.155648+00:00,,2026-09-25T15:01:41.156648+00:00,,2026-09-25T15:01:41.146647+00:00,,2026-09-25T15:01:41.147647+00:00,,2026-09-25T15:01:41.159648+00:00,,2026-09-25T15:01:41.160648+00:00,,2026-09-25T15:01:41.150648+00:00,,2026-09-25T15:01:41.162648+00:00,,2026-09-25T15:01:41.163648+00:00,,2026-09-25T15:01:41.186650+00:00,,2026-09-25T15:01:41.165648+00:00,,2026-09-25T15:01:41.166648+00:00,,2026-09-25T15:01:41.167648+00:00,,2026-09-25T15:01:41.168649+00:00,,2026-09-25T15:01:41.169649+00:00,,2026-09-25T15:01:41.170649+00:00,,2026-09-25T15:01:41.171649+00:00,,2026-09-25T15:01:41.172649+00:00,,2026-09-25T15:01:41.173649+00:00,,2026-09-25T15:01:41.174649+00:00,,2026-09-25T15:01:41.164648+00:00,,2026-09-25T15:01:41.176649+00:00,,2026-09-25T15:01:41.177649+00:00,,2026-09-25T15:01:41.178649+00:00,,2026-09-25T15:01:41.179649+00:00,,2026-09-25T15:01:41.180649+00:00,,2026-09-25T15:01:41.181649+00:00,,2026-09-25T15:01:41.182649+00:00,,2026-09-25T15:01:41.183649+00:00,,2026-09-25T15:01:41.184649+00:00,,2026-09-25T15:01:41.185650+00:00,,2026-09-25T15:01:41.187650+00:00,,2026-09-25T15:01:41.188650+00:00,,2026-09-25T15:01:41.189650+00:00,,2026-09-25T15:01:41.190650+00:00,,2026-09-25T15:01:41.191650+00:00,,2026-09-25T15:01:41.203651+00:00,,2026-09-25T15:01:41.193650+00:00,,2026-09-25T15:01:41.194650+00:00,,2026-09-25T15:01:41.195650+00:00,,2026-09-25T15:01:41.196650+00:00,,2026-09-25T15:01:41.197650+00:00,,2026-09-25T15:01:41.198650+00:00,,2026-09-25T15:01:41.199650+00:00,,2026-09-25T15:01:41.200650+00:00,,2026-09-25T15:01:41.201650+00:00,,2026-09-25T15:01:41.202650+00:00,,2026-09-25T15:01:41.192650+00:00,,2026-09-25T15:01:41.204651+00:00,,2026-09-25T15:01:41.205651+00:00,,2026-09-25T15:01:41.206651+00:00,,2026-09-25T15:01:41.207651+00:00,,2026-09-25T15:01:41.208651+00:00,,2026-09-25T15:01:41.209651+00:00,,2026-09-25T15:01:41.210651+00:00,,2026-09-25T15:01:41.211651+00:00,,2026-09-25T15:01:41.212651+00:00,,2026-09-25T15:01:41.213651+00:00,,2026-09-25T15:01:41.214651+00:00,,2026-09-25T15:01:41.215651+00:00,,2026-09-25T15:01:41.216651+00:00,,2026-09-25T15:01:41.217651+00:00,,2026-09-25T15:01:41.218651+00:00,,2026-09-25T15:01:41.219651+00:00,,2026-09-25T15:01:41.220652+00:00,,2026-09-25T15:01:41.232652+00:00,,2026-09-25T15:01:41.233652+00:00,,2026-09-25T15:01:41.234652+00:00,,2026-09-25T15:01:41.235652+00:00,,2026-09-25T15:01:41.237652+00:00,,2026-09-25T15:01:41.226652+00:00,,2026-09-25T15:01:41.227652+00:00,,2026-09-25T15:01:41.228652+00:00,,2026-09-25T15:01:41.229652+00:00,,2026-09-25T15:01:41.230652+00:00,,2026-09-25T15:01:41.231652+00:00,,2026-09-25T15:01:41.221652+00:00,,2026-09-25T15:01:41.222652+00:00,,2026-09-25T15:01:41.223652+00:00,,2026-09-25T15:01:41.224652+00:00,,2026-09-25T15:01:41.236652+00:00,,2026-09-25T15:01:41.238653+00:00,
207,2026-09-25T13:32:36.702677+00:00,2026-09-25T15:01:41.668677+00:00,149.008,2026-09-25T15:01:41.519669+00:00,,2026-09-25T15:01:41.533669+00:00,,2026-09-25T15:01:41.534669+00:00,,2026-09-25T15:01:41.535670+00:00,,2026-09-25T15:01:41.547670+00:00,,2026-09-25T15:01:41.548670+00:00,,2026-09-25T15:01:41.549670+00:00,,2026-09-25T15:01:41.550670+00:00,,2026-09-25T15:01:41.551670+00:00,,2026-09-25T15:01:41.541670+00:00,,2026-09-25T15:01:41.542670+00:00,,2026-09-25T15:01:41.543670+00:00,,2026-09-25T15:01:41.544670+00:00,,2026-09-25T15:01:41.545670+00:00,,2026-09-25T15:01:41.546670+00:00,,2026-09-25T15:01:41.536670+00:00,,2026-09-25T15:01:41.537670+00:00,,2026-09-25T15:01:41.538670+00:00,,2026-09-25T15:01:41.539670+00:00,,2026-09-25T15:01:41.540670+00:00,,2026-09-25T15:01:41.552670+00:00,,2026-09-25T15:01:41.553671+00:00,,2026-09-25T15:01:41.554671+00:00,,2026-09-25T15:01:41.555671+00:00,,2026-09-25T15:01:41.556671+00:00,,2026-09-25T15:01:41.557671+00:00,,2026-09-25T15:01:41.558671+00:00,,2026-09-25T15:01:41.559671+00:00,,2026-09-25T15:01:41.560671+00:00,,2026-09-25T15:01:41.561671+00:00,,2026-09-25T15:01:41.562671+00:00,,2026-09-25T15:01:41.564671+00:00,,2026-09-25T15:01:41.566671+00:00,,2026-09-25T15:01:41.568671+00:00,,2026-09-25T15:01:41.570672+00:00,,2026-09-25T15:01:41.572672+00:00,,2026-09-25T15:01:41.574672+00:00,,2026-09-25T15:01:41.576672+00:00,,2026-09-25T15:01:41.578672+00:00,,2026-09-25T15:01:41.580672+00:00,,2026-09-25T15:01:41.582672+00:00,,2026-09-25T15:01:41.584672+00:00,,2026-09-25T15:01:41.587673+00:00,,2026-09-25T15:01:41.589673+00:00,,2026-09-25T15:01:41.591673+00:00,,2026-09-25T15:01:41.593673+00:00,,2026-09-25T15:01:41.595673+00:00,,2026-09-25T15:01:41.597673+00:00,,2026-09-25T15:01:41.599673+00:00,,2026-09-25T15:01:41.601673+00:00,,2026-09-25T15:01:41.603673+00:00,,2026-09-25T15:01:41.605674+00:00,,2026-09-25T15:01:41.607674+00:00,,2026-09-25T15:01:41.609674+00:00,,2026-09-25T15:01:41.611674+00:00,,2026-09-25T15:01:41.613674+00:00,,2026-09-25T15:01:41.626675+00:00,,2026-09-25T15:01:41.617674+00:00,,2026-09-25T15:01:41.608674+00:00,,2026-09-25T15:01:41.621674+00:00,,2026-09-25T15:01:41.623675+00:00,,2026-09-25T15:01:41.647676+00:00,,2026-09-25T15:01:41.627675+00:00,,2026-09-25T15:01:41.629675+00:00,,2026-09-25T15:01:41.631675+00:00,,2026-09-25T15:01:41.633675+00:00,,2026-09-25T15:01:41.635675+00:00,,2026-09-25T15:01:41.638675+00:00,,2026-09-25T15:01:41.640676+00:00,,2026-09-25T15:01:41.642676+00:00,,2026-09-25T15:01:41.644676+00:00,,2026-09-25T15:01:41.646676+00:00,,2026-09-25T15:01:41.648676+00:00,,2026-09-25T15:01:41.650676+00:00,,2026-09-25T15:01:41.652676+00:00,,2026-09-25T15:01:41.654676+00:00,,2026-09-25T15:01:41.645676+00:00,,2026-09-25T15:01:41.658677+00:00,,2026-09-25T15:01:41.660677+00:00,,2026-09-25T15:01:41.662677+00:00,,2026-09-25T15:01:41.664677+00:00,,2026-09-25T15:01:41.666677+00:00,,2026-09-25T15:01:41.668677+00:00,
208,2026-09-25T13:32:37.058570+00:00,2026-09-25T15:01:42.045699+00:00,102.006,2026-09-25T15:01:41.943693+00:00,,2026-09-25T15:01:41.961694+00:00,,2026-09-25T15:01:41.962694+00:00,,2026-09-25T15:01:41.963694+00:00,,2026-09-25T15:01:41.964694+00:00,,2026-09-25T15:01:41.965694+00:00,,2026-09-25T15:01:41.966694+00:00,,2026-09-25T15:01:41.967694+00:00,,2026-09-25T15:01:41.968694+00:00,,2026-09-25T15:01:41.969694+00:00,,2026-09-25T15:01:41.970694+00:00,,2026-09-25T15:01:41.971694+00:00,,2026-09-25T15:01:41.972695+00:00,,2026-09-25T15:01:41.973695+00:00,,2026-09-25T15:01:41.974695+00:00,,2026-09-25T15:01:41.986695+00:00,,2026-09-25T15:01:41.976695+00:00,,2026-09-25T15:01:41.977695+00:00,,2026-09-25T15:01:41.978695+00:00,,2026-09-25T15:01:41.979695+00:00,,2026-09-25T15:01:41.980695+00:00,,2026-09-25T15:01:41.981695+00:00,,2026-09-25T15:01:41.982695+00:00,,2026-09-25T15:01:41.983695+00:00,,2026-09-25T15:01:41.984695+00:00,,2026-09-25T15:01:41.985695+00:00,,2026-09-25T15:01:42.009697+00:00,,2026-09-25T15:01:41.988695+00:00,,2026-09-25T15:01:41.989695+00:00,,2026-09-25T15:01:41.990696+00:00,,2026-09-25T15:01:41.991696+00:00,,2026-09-25T15:01:41.992696+00:00,,2026-09-25T15:01:41.993696+00:00,,2026-09-25T15:01:41.994696+00:00,,2026-09-25T15:01:41.995696+00:00,,2026-09-25T15:01:42.007697+00:00,,2026-09-25T15:01:42.008697+00:00,,2026-09-25T15:01:41.987695+00:00,,2026-09-25T15:01:42.010697+00:00,,2026-09-25T15:01:42.000696+00:00,,2026-09-25T15:01:42.001696+00:00,,2026-09-25T15:01:42.002696+00:00,,2026-09-25T15:01:42.003696+00:00,,2026-09-25T15:01:42.004696+00:00,,2026-09-25T15:01:42.005696+00:00,,2026-09-25T15:01:42.006696+00:00,,2026-09-25T15:01:41.996696+00:00,,2026-09-25T15:01:41.997696+00:00,,2026-09-25T15:01:41.998696+00:00,,2026-09-25T15:01:41.999696+00:00,,2026-09-25T15:01:42.011697+00:00,,2026-09-25T15:01:42.012697+00:00,,2026-09-25T15:01:42.013697+00:00,,2026-09-25T15:01:42.014697+00:00,,2026-09-25T15:01:42.015697+00:00,,2026-09-25T15:01:42.016697+00:00,,2026-09-25T15:01:42.017697+00:00,,2026-09-25T15:01:42.018697+00:00,,2026-09-25T15:01:42.019697+00:00,,2026-09-25T15:01:42.020697+00:00,,2026-09-25T15:01:42.021697+00:00,,2026-09-25T15:01:42.022697+00:00,,2026-09-25T15:01:42.023697+00:00,,2026-09-25T15:01:42.024697+00:00,,2026-09-25T15:01:42.036698+00:00,,2026-09-25T15:01:42.026698+00:00,,2026-09-25T15:01:42.027698+00:00,,2026-09-25T15:01:42.028698+00:00,,2026-09-25T15:01:42.029698+00:00,,2026-09-25T15:01:42.030698+00:00,,2026-09-25T15:01:42.031698+00:00,,2026-09-25T15:01:42.032698+00:00,,2026-09-25T15:01:42.033698+00:00,,2026-09-25T15:01:42.045699+00:00,,2026-09-25T15:01:42.035698+00:00,,2026-09-25T15:01:42.037698+00:00,,2026-09-25T15:01:42.038698+00:00,,2026-09-25T15:01:42.039698+00:00,,2026-09-25T15:01:42.040698+00:00,,2026-09-25T15:01:42.041698+00:00,,2026-09-25T15:01:42.042699+00:00,,2026-09-25T15:01:42.043699+00:00,,2026-09-25T15:01:42.044699+00:00,
209,2026-09-25T13:32:37.530098+00:00,2026-09-25T15:01:42.399719+00:00,88.005,2026-09-25T15:01:42.311714+00:00,,2026-09-25T15:01:42.316714+00:00,,2026-09-25T15:01:42.317714+00:00,,2026-09-25T15:01:42.318714+00:00,,2026-09-25T15:01:42.319714+00:00,,2026-09-25T15:01:42.320714+00:00,,2026-09-25T15:01:42.321714+00:00,,2026-09-25T15:01:42.322715+00:00,,2026-09-25T15:01:42.323715+00:00,,2026-09-25T15:01:42.324715+00:00,,2026-09-25T15:01:42.336715+00:00,,2026-09-25T15:01:42.326715+00:00,,2026-09-25T15:01:42.327715+00:00,,2026-09-25T15:01:42.328715+00:00,,2026-09-25T15:01:42.329715+00:00,,2026-09-25T15:01:42.330715+00:00,,2026-09-25T15:01:42.331715+00:00,,2026-09-25T15:01:42.332715+00:00,,2026-09-25T15:01:42.333715+00:00,,2026-09-25T15:01:42.334715+00:00,,2026-09-25T15:01:42.335715+00:00,,2026-09-25T15:01:42.337715+00:00,,2026-09-25T15:01:42.338715+00:00,,2026-09-25T15:01:42.339716+00:00,,2026-09-25T15:01:42.340716+00:00,,2026-09-25T15:01:42.341716+00:00,,2026-09-25T15:01:42.342716+00:00,,2026-09-25T15:01:42.343716+00:00,,2026-09-25T15:01:42.344716+00:00,,2026-09-25T15:01:42.345716+00:00,,2026-09-25T15:01:42.346716+00:00,,2026-09-25T15:01:42.347716+00:00,,2026-09-25T15:01:42.348716+00:00,,2026-09-25T15:01:42.349716+00:00,,2026-09-25T15:01:42.350716+00:00,,2026-09-25T15:01:42.351716+00:00,,2026-09-25T15:01:42.352716+00:00,,2026-09-25T15:01:42.353716+00:00,,2026-09-25T15:01:42.354716+00:00,,2026-09-25T15:01:42.355716+00:00,,2026-09-25T15:01:42.356716+00:00,,2026-09-25T15:01:42.357717+00:00,,2026-09-25T15:01:42.358717+00:00,,2026-09-25T15:01:42.359717+00:00,,2026-09-25T15:01:42.360717+00:00,,2026-09-25T15:01:42.361717+00:00,,2026-09-25T15:01:42.362717+00:00,,2026-09-25T15:01:42.363717+00:00,,2026-09-25T15:01:42.364717+00:00,,2026-09-25T15:01:42.365717+00:00,,2026-09-25T15:01:42.366717+00:00,,2026-09-25T15:01:42.367717+00:00,,2026-09-25T15:01:42.368717+00:00,,2026-09-25T15:01:42.369717+00:00,,2026-09-25T15:01:42.370717+00:00,,2026-09-25T15:01:42.371717+00:00,,2026-09-25T15:01:42.372717+00:00,,2026-09-25T15:01:42.373717+00:00,,2026-09-25T15:01:42.374718+00:00,,2026-09-25T15:01:42.386718+00:00,,2026-09-25T15:01:42.376718+00:00,,2026-09-25T15:01:42.377718+00:00,,2026-09-25T15:01:42.378718+00:00,,2026-09-25T15:01:42.379718+00:00,,2026-09-25T15:01:42.380718+00:00,,2026-09-25T15:01:42.381718+00:00,,2026-09-25T15:01:42.382718+00:00,,2026-09-25T15:01:42.383718+00:00,,2026-09-25T15:01:42.384718+00:00,,2026-09-25T15:01:42.385718+00:00,,2026-09-25T15:01:42.387718+00:00,,2026-09-25T15:01:42.388718+00:00,,2026-09-25T15:01:42.389718+00:00,,2026-09-25T15:01:42.390718+00:00,,2026-09-25T15:01:42.391718+00:00,,2026-09-25T15:01:42.392719+00:00,,2026-09-25T15:01:42.393719+00:00,,2026-09-25T15:01:42.394719+00:00,,2026-09-25T15:01:42.395719+00:00,,2026-09-25T15:01:42.396719+00:00,,2026-09-25T15:01:42.397719+00:00,,2026-09-25T15:01:42.398719+00:00,,2026-09-25T15:01:42.399719+00:00,
210,2026-09-25T13:32:37.904631+00:00,2026-09-25T15:01:42.890747+00:00,117.007,2026-09-25T15:01:42.773740+00:00,,2026-09-25T15:01:42.804742+00:00,,2026-09-25T15:01:42.805742+00:00,,2026-09-25T15:01:42.806742+00:00,,2026-09-25T15:01:42.807742+00:00,,2026-09-25T15:01:42.808742+00:00,,2026-09-25T15:01:42.809742+00:00,,2026-09-25T15:01:42.810742+00:00,,2026-09-25T15:01:42.811743+00:00,,2026-09-25T15:01:42.812743+00:00,,2026-09-25T15:01:42.813743+00:00,,2026-09-25T15:01:42.825743+00:00,,2026-09-25T15:01:42.815743+00:00,,2026-09-25T15:01:42.816743+00:00,,2026-09-25T15:01:42.817743+00:00,,2026-09-25T15:01:42.818743+00:00,,2026-09-25T15:01:42.819743+00:00,,2026-09-25T15:01:42.820743+00:00,,2026-09-25T15:01:42.821743+00:00,,2026-09-25T15:01:42.822743+00:00,,2026-09-25T15:01:42.823743+00:00,,2026-09-25T15:01:42.838744+00:00,,2026-09-25T15:01:42.814743+00:00,,2026-09-25T15:01:42.826743+00:00,,2026-09-25T15:01:42.827743+00:00,,2026-09-25T15:01:42.830744+00:00,,2026-09-25T15:01:42.843744+00:00,,2026-09-25T15:01:42.833744+00:00,,2026-09-25T15:01:42.845744+00:00,,2026-09-25T15:01:42.835744+00:00,,2026-09-25T15:01:42.836744+00:00,,2026-09-25T15:01:42.837744+00:00,,2026-09-25T15:01:42.839744+00:00,,2026-09-25T15:01:42.840744+00:00,,2026-09-25T15:01:42.841744+00:00,,2026-09-25T15:01:42.842744+00:00,,2026-09-25T15:01:42.832744+00:00,,2026-09-25T15:01:42.844744+00:00,,2026-09-25T15:01:42.834744+00:00,,2026-09-25T15:01:42.846745+00:00,,2026-09-25T15:01:42.847745+00:00,,2026-09-25T15:01:42.848745+00:00,,2026-09-25T15:01:42.849745+00:00,,2026-09-25T15:01:42.850745+00:00,,2026-09-25T15:01:42.851745+00:00,,2026-09-25T15:01:42.852745+00:00,,2026-09-25T15:01:42.853745+00:00,,2026-09-25T15:01:42.854745+00:00,,2026-09-25T15:01:42.855745+00:00,,2026-09-25T15:01:42.856745+00:00,,2026-09-25T15:01:42.857745+00:00,,2026-09-25T15:01:42.858745+00:00,,2026-09-25T15:01:42.859745+00:00,,2026-09-25T15:01:42.860745+00:00,,2026-09-25T15:01:42.872746+00:00,,2026-09-25T15:01:42.862745+00:00,,2026-09-25T15:01:42.863745+00:00,,2026-09-25T15:01:42.864746+00:00,,2026-09-25T15:01:42.865746+00:00,,2026-09-25T15:01:42.877746+00:00,,2026-09-25T15:01:42.878746+00:00,,2026-09-25T15:01:42.868746+00:00,,2026-09-25T15:01:42.880746+00:00,,2026-09-25T15:01:42.881747+00:00,,2026-09-25T15:01:42.871746+00:00,,2026-09-25T15:01:42.861745+00:00,,2026-09-25T15:01:42.873746+00:00,,2026-09-25T15:01:42.885747+00:00,,2026-09-25T15:01:42.875746+00:00,,2026-09-25T15:01:42.887747+00:00,,2026-09-25T15:01:42.866746+00:00,,2026-09-25T15:01:42.867746+00:00,,2026-09-25T15:01:42.879746+00:00,,2026-09-25T15:01:42.869746+00:00,,2026-09-25T15:01:42.870746+00:00,,2026-09-25T15:01:42.882747+00:00,,2026-09-25T15:01:42.883747+00:00,,2026-09-25T15:01:42.884747+00:00,,2026-09-25T15:01:42.886747+00:00,,2026-09-25T15:01:42.876746+00:00,,2026-09-25T15:01:42.888747+00:00,,2026-09-25T15:01:42.889747+00:00,,2026-09-25T15:01:42.890747+00:00,
211,2026-09-25T13:32:38.407326+00:00,2026-09-25T15:01:43.394776+00:00,166.01,2026-09-25T15:01:43.228766+00:00,,2026-09-25T15:01:43.241767+00:00,,2026-09-25T15:01:43.242767+00:00,,2026-09-25T15:01:43.254768+00:00,,2026-09-25T15:01:43.244767+00:00,,2026-09-25T15:01:43.245767+00:00,,2026-09-25T15:01:43.246767+00:00,,2026-09-25T15:01:43.247767+00:00,,2026-09-25T15:01:43.248768+00:00,,2026-09-25T15:01:43.249768+00:00,,2026-09-25T15:01:43.250768+00:00,,2026-09-25T15:01:43.251768+00:00,,2026-09-25T15:01:43.252768+00:00,,2026-09-25T15:01:43.253768+00:00,,2026-09-25T15:01:43.243767+00:00,,2026-09-25T15:01:43.255768+00:00,,2026-09-25T15:01:43.268769+00:00,,2026-09-25T15:01:43.259768+00:00,,2026-09-25T15:01:43.272769+00:00,,2026-09-25T15:01:43.263768+00:00,,2026-09-25T15:01:43.265768+00:00,,2026-09-25T15:01:43.256768+00:00,,2026-09-25T15:01:43.269769+00:00,,2026-09-25T15:01:43.271769+00:00,,2026-09-25T15:01:43.273769+00:00,,2026-09-25T15:01:43.275769+00:00,,2026-09-25T15:01:43.277769+00:00,,2026-09-25T15:01:43.279769+00:00,,2026-09-25T15:01:43.281769+00:00,,2026-09-25T15:01:43.283770+00:00,,2026-09-25T15:01:43.286770+00:00,,2026-09-25T15:01:43.288770+00:00,,2026-09-25T15:01:43.290770+00:00,,2026-09-25T15:01:43.292770+00:00,,2026-09-25T15:01:43.294770+00:00,,2026-09-25T15:01:43.296770+00:00,,2026-09-25T15:01:43.309771+00:00,,2026-09-25T15:01:43.300770+00:00,,2026-09-25T15:01:43.302771+00:00,,2026-09-25T15:01:43.304771+00:00,,2026-09-25T15:01:43.306771+00:00,,2026-09-25T15:01:43.297770+00:00,,2026-09-25T15:01:43.310771+00:00,,2026-09-25T15:01:43.312771+00:00,,2026-09-25T15:01:43.314771+00:00,,2026-09-25T15:01:43.316771+00:00,,2026-09-25T15:01:43.318772+00:00,,2026-09-25T15:01:43.320772+00:00,,2026-09-25T15:01:43.322772+00:00,,2026-09-25T15:01:43.337773+00:00,,2026-09-25T15:01:43.326772+00:00,,2026-09-25T15:01:43.328772+00:00,,2026-09-25T15:01:43.343773+00:00,,2026-09-25T15:01:43.334772+00:00,,2026-09-25T15:01:43.336773+00:00,,2026-09-25T15:01:43.339773+00:00,,2026-09-25T15:01:43.341773+00:00,,2026-09-25T15:01:43.332772+00:00,,2026-09-25T15:01:43.345773+00:00,,2026-09-25T15:01:43.347773+00:00,,2026-09-25T15:01:43.349773+00:00,,2026-09-25T15:01:43.351773+00:00,,2026-09-25T15:01:43.353774+00:00,,2026-09-25T15:01:43.366774+00:00,,2026-09-25T15:01:43.357774+00:00,,2026-09-25T15:01:43.348773+00:00,,2026-09-25T15:01:43.361774+00:00,,2026-09-25T15:01:43.363774+00:00,,2026-09-25T15:01:43.365774+00:00,,2026-09-25T15:01:43.367774+00:00,,2026-09-25T15:01:43.369774+00:00,,2026-09-25T15:01:43.360774+00:00,,2026-09-25T15:01:43.384775+00:00,,2026-09-25T15:01:43.375775+00:00,,2026-09-25T15:01:43.377775+00:00,,2026-09-25T15:01:43.379775+00:00,,2026-09-25T15:01:43.381775+00:00,,2026-09-25T15:01:43.383775+00:00,,2026-09-25T15:01:43.386775+00:00,,2026-09-25T15:01:43.388776+00:00,,2026-09-25T15:01:43.390776+00:00,,2026-09-25T15:01:43.392776+00:00,,2026-09-25T15:01:43.394776+00:00,
212,2026-09-25T13:32:38.824160+00:00,2026-09-25T15:01:43.778798+00:00,129.008,2026-09-25T15:01:43.649790+00:00,,2026-09-25T15:01:43.681792+00:00,,2026-09-25T15:01:43.682792+00:00,,2026-09-25T15:01:43.683792+00:00,,2026-09-25T15:01:43.684792+00:00,,2026-09-25T15:01:43.685793+00:00,,2026-09-25T15:01:43.686793+00:00,,2026-09-25T15:01:43.698793+00:00,,2026-09-25T15:01:43.688793+00:00,,2026-09-25T15:01:43.689793+00:00,,2026-09-25T15:01:43.690793+00:00,,2026-09-25T15:01:43.691793+00:00,,2026-09-25T15:01:43.692793+00:00,,2026-09-25T15:01:43.693793+00:00,,2026-09-25T15:01:43.694793+00:00,,2026-09-25T15:01:43.695793+00:00,,2026-09-25T15:01:43.696793+00:00,,2026-09-25T15:01:43.697793+00:00,,2026-09-25T15:01:43.687793+00:00,,2026-09-25T15:01:43.699793+00:00,,2026-09-25T15:01:43.700793+00:00,,2026-09-25T15:01:43.701793+00:00,,2026-09-25T15:01:43.702793+00:00,,2026-09-25T15:01:43.703794+00:00,,2026-09-25T15:01:43.716794+00:00,,2026-09-25T15:01:43.706794+00:00,,2026-09-25T15:01:43.707794+00:00,,2026-09-25T15:01:43.708794+00:00,,2026-09-25T15:01:43.709794+00:00,,2026-09-25T15:01:43.710794+00:00,,2026-09-25T15:01:43.711794+00:00,,2026-09-25T15:01:43.712794+00:00,,2026-09-25T15:01:43.713794+00:00,,2026-09-25T15:01:43.714794+00:00,,2026-09-25T15:01:43.715794+00:00,,2026-09-25T15:01:43.705794+00:00,,2026-09-25T15:01:43.717794+00:00,,2026-09-25T15:01:43.718794+00:00,,2026-09-25T15:01:43.719794+00:00,,2026-09-25T15:01:43.731795+00:00,,2026-09-25T15:01:43.721795+00:00,,2026-09-25T15:01:43.733795+00:00,,2026-09-25T15:01:43.723795+00:00,,2026-09-25T15:01:43.736795+00:00,,2026-09-25T15:01:43.725795+00:00,,2026-09-25T15:01:43.726795+00:00,,2026-09-25T15:01:43.727795+00:00,,2026-09-25T15:01:43.728795+00:00,,2026-09-25T15:01:43.729795+00:00,,2026-09-25T15:01:43.730795+00:00,,2026-09-25T15:01:43.720795+00:00,,2026-09-25T15:01:43.732795+00:00,,2026-09-25T15:01:43.722795+00:00,,2026-09-25T15:01:43.734795+00:00,,2026-09-25T15:01:43.724795+00:00,,2026-09-25T15:01:43.737795+00:00,,2026-09-25T15:01:43.738796+00:00,,2026-09-25T15:01:43.739796+00:00,,2026-09-25T15:01:43.740796+00:00,,2026-09-25T15:01:43.741796+00:00,,2026-09-25T15:01:43.742796+00:00,,2026-09-25T15:01:43.743796+00:00,,2026-09-25T15:01:43.744796+00:00,,2026-09-25T15:01:43.745796+00:00,,2026-09-25T15:01:43.746796+00:00,,2026-09-25T15:01:43.747796+00:00,,2026-09-25T15:01:43.748796+00:00,,2026-09-25T15:01:43.749796+00:00,,2026-09-25T15:01:43.768797+00:00,,2026-09-25T15:01:43.769797+00:00,,2026-09-25T15:01:43.770797+00:00,,2026-09-25T15:01:43.771797+00:00,,2026-09-25T15:01:43.772797+00:00,,2026-09-25T15:01:43.773798+00:00,,2026-09-25T15:01:43.774798+00:00,,2026-09-25T15:01:43.775798+00:00,,2026-09-25T15:01:43.776798+00:00,,2026-09-25T15:01:43.777798+00:00,,2026-09-25T15:01:43.778798+00:00,,2026-09-25T15:01:43.751796+00:00,,2026-09-25T15:01:43.754796+00:00,,2026-09-25T15:01:43.757797+00:00,,2026-09-25T15:01:43.759797+00:00,
213,2026-09-25T13:32:39.280063+00:00,2026-09-25T15:01:44.177821+00:00,106.006,2026-09-25T15:01:44.071815+00:00,,2026-09-25T15:01:44.078815+00:00,,2026-09-25T15:01:44.079815+00:00,,2026-09-25T15:01:44.080815+00:00,,2026-09-25T15:01:44.081815+00:00,,2026-09-25T15:01:44.082815+00:00,,2026-09-25T15:01:44.083815+00:00,,2026-09-25T15:01:44.084815+00:00,,2026-09-25T15:01:44.085815+00:00,,2026-09-25T15:01:44.086815+00:00,,2026-09-25T15:01:44.087816+00:00,,2026-09-25T15:01:44.088816+00:00,,2026-09-25T15:01:44.089816+00:00,,2026-09-25T15:01:44.090816+00:00,,2026-09-25T15:01:44.091816+00:00,,2026-09-25T15:01:44.092816+00:00,,2026-09-25T15:01:44.093816+00:00,,2026-09-25T15:01:44.094816+00:00,,2026-09-25T15:01:44.095816+00:00,,2026-09-25T15:01:44.096816+00:00,,2026-09-25T15:01:44.097816+00:00,,2026-09-25T15:01:44.098816+00:00,,2026-09-25T15:01:44.099816+00:00,,2026-09-25T15:01:44.100816+00:00,,2026-09-25T15:01:44.101816+00:00,,2026-09-25T15:01:44.102816+00:00,,2026-09-25T15:01:44.103816+00:00,,2026-09-25T15:01:44.104816+00:00,,2026-09-25T15:01:44.105817+00:00,,2026-09-25T15:01:44.106817+00:00,,2026-09-25T15:01:44.107817+00:00,,2026-09-25T15:01:44.108817+00:00,,2026-09-25T15:01:44.109817+00:00,,2026-09-25T15:01:44.110817+00:00,,2026-09-25T15:01:44.111817+00:00,,2026-09-25T15:01:44.112817+00:00,,2026-09-25T15:01:44.113817+00:00,,2026-09-25T15:01:44.114817+00:00,,2026-09-25T15:01:44.115817+00:00,,2026-09-25T15:01:44.128818+00:00,,2026-09-25T15:01:44.118817+00:00,,2026-09-25T15:01:44.119817+00:00,,2026-09-25T15:01:44.120817+00:00,,2026-09-25T15:01:44.121817+00:00,,2026-09-25T15:01:44.122818+00:00,,2026-09-25T15:01:44.134818+00:00,,2026-09-25T15:01:44.124818+00:00,,2026-09-25T15:01:44.125818+00:00,,2026-09-25T15:01:44.126818+00:00,,2026-09-25T15:01:44.127818+00:00,,2026-09-25T15:01:44.117817+00:00,,2026-09-25T15:01:44.129818+00:00,,2026-09-25T15:01:44.130818+00:00,,2026-09-25T15:01:44.131818+00:00,,2026-09-25T15:01:44.132818+00:00,,2026-09-25T15:01:44.133818+00:00,,2026-09-25T15:01:44.135818+00:00,,2026-09-25T15:01:44.136818+00:00,,2026-09-25T15:01:44.137818+00:00,,2026-09-25T15:01:44.138818+00:00,,2026-09-25T15:01:44.139818+00:00,,2026-09-25T15:01:44.140819+00:00,,2026-09-25T15:01:44.141819+00:00,,2026-09-25T15:01:44.142819+00:00,,2026-09-25T15:01:44.143819+00:00,,2026-09-25T15:01:44.144819+00:00,,2026-09-25T15:01:44.145819+00:00,,2026-09-25T15:01:44.146819+00:00,,2026-09-25T15:01:44.147819+00:00,,2026-09-25T15:01:44.148819+00:00,,2026-09-25T15:01:44.149819+00:00,,2026-09-25T15:01:44.150819+00:00,,2026-09-25T15:01:44.162820+00:00,,2026-09-25T15:01:44.152819+00:00,,2026-09-25T15:01:44.164820+00:00,,2026-09-25T15:01:44.154819+00:00,,2026-09-25T15:01:44.177821+00:00,,2026-09-25T15:01:44.156819+00:00,,2026-09-25T15:01:44.157820+00:00,,2026-09-25T15:01:44.158820+00:00,,2026-09-25T15:01:44.170820+00:00,,2026-09-25T15:01:44.160820+00:00,,2026-09-25T15:01:44.172820+00:00,
214,2026-09-25T13:32:39.621386+00:00,2026-09-25T15:01:44.608845+00:00,88.005,2026-09-25T15:01:44.520840+00:00,,2026-09-25T15:01:44.526841+00:00,,2026-09-25T15:01:44.527841+00:00,,2026-09-25T15:01:44.528841+00:00,,2026-09-25T15:01:44.529841+00:00,,2026-09-25T15:01:44.541841+00:00,,2026-09-25T15:01:44.531841+00:00,,2026-09-25T15:01:44.532841+00:00,,2026-09-25T15:01:44.533841+00:00,,2026-09-25T15:01:44.534841+00:00,,2026-09-25T15:01:44.546842+00:00,,2026-09-25T15:01:44.547842+00:00,,2026-09-25T15:01:44.548842+00:00,,2026-09-25T15:01:44.549842+00:00,,2026-09-25T15:01:44.539841+00:00,,2026-09-25T15:01:44.540841+00:00,,2026-09-25T15:01:44.530841+00:00,,2026-09-25T15:01:44.542842+00:00,,2026-09-25T15:01:44.543842+00:00,,2026-09-25T15:01:44.544842+00:00,,2026-09-25T15:01:44.556842+00:00,,2026-09-25T15:01:44.535841+00:00,,2026-09-25T15:01:44.536841+00:00,,2026-09-25T15:01:44.537841+00:00,,2026-09-25T15:01:44.538841+00:00,,2026-09-25T15:01:44.550842+00:00,,2026-09-25T15:01:44.551842+00:00,,2026-09-25T15:01:44.552842+00:00,,2026-09-25T15:01:44.553842+00:00,,2026-09-25T15:01:44.554842+00:00,,2026-09-25T15:01:44.555842+00:00,,2026-09-25T15:01:44.545842+00:00,,2026-09-25T15:01:44.557842+00:00,,2026-09-25T15:01:44.558842+00:00,,2026-09-25T15:01:44.559842+00:00,,2026-09-25T15:01:44.560843+00:00,,2026-09-25T15:01:44.561843+00:00,,2026-09-25T15:01:44.562843+00:00,,2026-09-25T15:01:44.563843+00:00,,2026-09-25T15:01:44.564843+00:00,,2026-09-25T15:01:44.565843+00:00,,2026-09-25T15:01:44.566843+00:00,,2026-09-25T15:01:44.567843+00:00,,2026-09-25T15:01:44.568843+00:00,,2026-09-25T15:01:44.569843+00:00,,2026-09-25T15:01:44.570843+00:00,,2026-09-25T15:01:44.582844+00:00,,2026-09-25T15:01:44.572843+00:00,,2026-09-25T15:01:44.584844+00:00,,2026-09-25T15:01:44.574843+00:00,,2026-09-25T15:01:44.575843+00:00,,2026-09-25T15:01:44.576843+00:00,,2026-09-25T15:01:44.577844+00:00,,2026-09-25T15:01:44.578844+00:00,,2026-09-25T15:01:44.579844+00:00,,2026-09-25T15:01:44.580844+00:00,,2026-09-25T15:01:44.581844+00:00,,2026-09-25T15:01:44.571843+00:00,,2026-09-25T15:01:44.583844+00:00,,2026-09-25T15:01:44.585844+00:00,,2026-09-25T15:01:44.586844+00:00,,2026-09-25T15:01:44.587844+00:00,,2026-09-25T15:01:44.588844+00:00,,2026-09-25T15:01:44.589844+00:00,,2026-09-25T15:01:44.590844+00:00,,2026-09-25T15:01:44.591844+00:00,,2026-09-25T15:01:44.592844+00:00,,2026-09-25T15:01:44.593844+00:00,,2026-09-25T15:01:44.594845+00:00,,2026-09-25T15:01:44.595845+00:00,,2026-09-25T15:01:44.596845+00:00,,2026-09-25T15:01:44.597845+00:00,,2026-09-25T15:01:44.598845+00:00,,2026-09-25T15:01:44.599845+00:00,,2026-09-25T15:01:44.600845+00:00,,2026-09-25T15:01:44.601845+00:00,,2026-09-25T15:01:44.602845+00:00,,2026-09-25T15:01:44.603845+00:00,,2026-09-25T15:01:44.604845+00:00,,2026-09-25T15:01:44.605845+00:00,,2026-09-25T15:01:44.606845+00:00,,2026-09-25T15:01:44.607845+00:00,,2026-09-25T15:01:44.608845+00:00,
215,2026-09-25T13:32:40.030373+00:00,2026-09-25T15:01:44.971866+00:00,99.006,2026-09-25T15:01:44.872860+00:00,,2026-09-25T15:01:44.884861+00:00,,2026-09-25T15:01:44.885861+00:00,,2026-09-25T15:01:44.886861+00:00,,2026-09-25T15:01:44.887861+00:00,,2026-09-25T15:01:44.888861+00:00,,2026-09-25T15:01:44.890861+00:00,,2026-09-25T15:01:44.891861+00:00,,2026-09-25T15:01:44.892862+00:00,,2026-09-25T15:01:44.893862+00:00,,2026-09-25T15:01:44.894862+00:00,,2026-09-25T15:01:44.895862+00:00,,2026-09-25T15:01:44.896862+00:00,,2026-09-25T15:01:44.897862+00:00,,2026-09-25T15:01:44.898862+00:00,,2026-09-25T15:01:44.899862+00:00,,2026-09-25T15:01:44.900862+00:00,,2026-09-25T15:01:44.901862+00:00,,2026-09-25T15:01:44.902862+00:00,,2026-09-25T15:01:44.903862+00:00,,2026-09-25T15:01:44.904862+00:00,,2026-09-25T15:01:44.905862+00:00,,2026-09-25T15:01:44.906862+00:00,,2026-09-25T15:01:44.918863+00:00,,2026-09-25T15:01:44.908862+00:00,,2026-09-25T15:01:44.909863+00:00,,2026-09-25T15:01:44.910863+00:00,,2026-09-25T15:01:44.911863+00:00,,2026-09-25T15:01:44.912863+00:00,,2026-09-25T15:01:44.913863+00:00,,2026-09-25T15:01:44.914863+00:00,,2026-09-25T15:01:44.915863+00:00,,2026-09-25T15:01:44.916863+00:00,,2026-09-25T15:01:44.917863+00:00,,2026-09-25T15:01:44.907862+00:00,,2026-09-25T15:01:44.919863+00:00,,2026-09-25T15:01:44.944865+00:00,,2026-09-25T15:01:44.922863+00:00,,2026-09-25T15:01:44.947865+00:00,,2026-09-25T15:01:44.924863+00:00,,2026-09-25T15:01:44.925863+00:00,,2026-09-25T15:01:44.926863+00:00,,2026-09-25T15:01:44.927864+00:00,,2026-09-25T15:01:44.928864+00:00,,2026-09-25T15:01:44.929864+00:00,,2026-09-25T15:01:44.930864+00:00,,2026-09-25T15:01:44.931864+00:00,,2026-09-25T15:01:44.921863+00:00,,2026-09-25T15:01:44.933864+00:00,,2026-09-25T15:01:44.934864+00:00,,2026-09-25T15:01:44.937864+00:00,,2026-09-25T15:01:44.938864+00:00,,2026-09-25T15:01:44.939864+00:00,,2026-09-25T15:01:44.940864+00:00,,2026-09-25T15:01:44.941864+00:00,,2026-09-25T15:01:44.942864+00:00,,2026-09-25T15:01:44.943864+00:00,,2026-09-25T15:01:44.932864+00:00,,2026-09-25T15:01:44.945865+00:00,,2026-09-25T15:01:44.946865+00:00,,2026-09-25T15:01:44.935864+00:00,,2026-09-25T15:01:44.948865+00:00,,2026-09-25T15:01:44.949865+00:00,,2026-09-25T15:01:44.950865+00:00,,2026-09-25T15:01:44.963866+00:00,,2026-09-25T15:01:44.953865+00:00,,2026-09-25T15:01:44.954865+00:00,,2026-09-25T15:01:44.955865+00:00,,2026-09-25T15:01:44.956865+00:00,,2026-09-25T15:01:44.957865+00:00,,2026-09-25T15:01:44.958865+00:00,,2026-09-25T15:01:44.959865+00:00,,2026-09-25T15:01:44.960865+00:00,,2026-09-25T15:01:44.961865+00:00,,2026-09-25T15:01:44.962866+00:00,,2026-09-25T15:01:44.952865+00:00,,2026-09-25T15:01:44.964866+00:00,,2026-09-25T15:01:44.965866+00:00,,2026-09-25T15:01:44.966866+00:00,,2026-09-25T15:01:44.967866+00:00,,2026-09-25T15:01:44.968866+00:00,,2026-09-25T15:01:44.970866+00:00,,2026-09-25T15:01:44.971866+00:00,
216,2026-09-25T13:32:40.378438+00:00,2026-09-25T15:01:45.365889+00:00,94.006,2026-09-25T15:01:45.271883+00:00,,2026-09-25T15:01:45.278884+00:00,,2026-09-25T15:01:45.279884+00:00,,2026-09-25T15:01:45.280884+00:00,,2026-09-25T15:01:45.282884+00:00,,2026-09-25T15:01:45.283884+00:00,,2026-09-25T15:01:45.284884+00:00,,2026-09-25T15:01:45.285884+00:00,,2026-09-25T15:01:45.286884+00:00,,2026-09-25T15:01:45.287884+00:00,,2026-09-25T15:01:45.288884+00:00,,2026-09-25T15:01:45.289884+00:00,,2026-09-25T15:01:45.290884+00:00,,2026-09-25T15:01:45.291884+00:00,,2026-09-25T15:01:45.292884+00:00,,2026-09-25T15:01:45.293884+00:00,,2026-09-25T15:01:45.294885+00:00,,2026-09-25T15:01:45.295885+00:00,,2026-09-25T15:01:45.296885+00:00,,2026-09-25T15:01:45.297885+00:00,,2026-09-25T15:01:45.298885+00:00,,2026-09-25T15:01:45.299885+00:00,,2026-09-25T15:01:45.300885+00:00,,2026-09-25T15:01:45.301885+00:00,,2026-09-25T15:01:45.302885+00:00,,2026-09-25T15:01:45.303885+00:00,,2026-09-25T15:01:45.304885+00:00,,2026-09-25T15:01:45.305885+00:00,,2026-09-25T15:01:45.306885+00:00,,2026-09-25T15:01:45.307885+00:00,,2026-09-25T15:01:45.308885+00:00,,2026-09-25T15:01:45.309885+00:00,,2026-09-25T15:01:45.334887+00:00,,2026-09-25T15:01:45.312886+00:00,,2026-09-25T15:01:45.313886+00:00,,2026-09-25T15:01:45.314886+00:00,,2026-09-25T15:01:45.315886+00:00,,2026-09-25T15:01:45.316886+00:00,,2026-09-25T15:01:45.317886+00:00,,2026-09-25T15:01:45.318886+00:00,,2026-09-25T15:01:45.319886+00:00,,2026-09-25T15:01:45.320886+00:00,,2026-09-25T15:01:45.321886+00:00,,2026-09-25T15:01:45.311886+00:00,,2026-09-25T15:01:45.323886+00:00,,2026-09-25T15:01:45.324886+00:00,,2026-09-25T15:01:45.337887+00:00,,2026-09-25T15:01:45.327886+00:00,,2026-09-25T15:01:45.328886+00:00,,2026-09-25T15:01:45.329887+00:00,,2026-09-25T15:01:45.330887+00:00,,2026-09-25T15:01:45.331887+00:00,,2026-09-25T15:01:45.332887+00:00,,2026-09-25T15:01:45.333887+00:00,,2026-09-25T15:01:45.335887+00:00,,2026-09-25T15:01:45.336887+00:00,,2026-09-25T15:01:45.326886+00:00,,2026-09-25T15:01:45.338887+00:00,,2026-09-25T15:01:45.339887+00:00,,2026-09-25T15:01:45.340887+00:00,,2026-09-25T15:01:45.341887+00:00,,2026-09-25T15:01:45.342887+00:00,,2026-09-25T15:01:45.343887+00:00,,2026-09-25T15:01:45.344887+00:00,,2026-09-25T15:01:45.345887+00:00,,2026-09-25T15:01:45.346888+00:00,,2026-09-25T15:01:45.347888+00:00,,2026-09-25T15:01:45.348888+00:00,,2026-09-25T15:01:45.349888+00:00,,2026-09-25T15:01:45.350888+00:00,,2026-09-25T15:01:45.351888+00:00,,2026-09-25T15:01:45.352888+00:00,,2026-09-25T15:01:45.353888+00:00,,2026-09-25T15:01:45.354888+00:00,,2026-09-25T15:01:45.355888+00:00,,2026-09-25T15:01:45.356888+00:00,,2026-09-25T15:01:45.357888+00:00,,2026-09-25T15:01:45.359888+00:00,,2026-09-25T15:01:45.360888+00:00,,2026-09-25T15:01:45.362888+00:00,,2026-09-25T15:01:45.363888+00:00,,2026-09-25T15:01:45.364889+00:00,,2026-09-25T15:01:45.365889+00:00,
217,2026-09-25T13:32:40.739898+00:00,2026-09-25T15:01:45.713909+00:00,94.006,2026-09-25T15:01:45.619903+00:00,,2026-09-25T15:01:45.624903+00:00,,2026-09-25T15:01:45.625903+00:00,,2026-09-25T15:01:45.627904+00:00,,2026-09-25T15:01:45.628904+00:00,,2026-09-25T15:01:45.629904+00:00,,2026-09-25T15:01:45.630904+00:00,,2026-09-25T15:01:45.631904+00:00,,2026-09-25T15:01:45.632904+00:00,,2026-09-25T15:01:45.633904+00:00,,2026-09-25T15:01:45.634904+00:00,,2026-09-25T15:01:45.635904+00:00,,2026-09-25T15:01:45.636904+00:00,,2026-09-25T15:01:45.650905+00:00,,2026-09-25T15:01:45.651905+00:00,,2026-09-25T15:01:45.652905+00:00,,2026-09-25T15:01:45.653905+00:00,,2026-09-25T15:01:45.643905+00:00,,2026-09-25T15:01:45.644905+00:00,,2026-09-25T15:01:45.645905+00:00,,2026-09-25T15:01:45.646905+00:00,,2026-09-25T15:01:45.647905+00:00,,2026-09-25T15:01:45.648905+00:00,,2026-09-25T15:01:45.649905+00:00,,2026-09-25T15:01:45.638904+00:00,,2026-09-25T15:01:45.639904+00:00,,2026-09-25T15:01:45.640904+00:00,,2026-09-25T15:01:45.642904+00:00,,2026-09-25T15:01:45.654905+00:00,,2026-09-25T15:01:45.655905+00:00,,2026-09-25T15:01:45.656905+00:00,,2026-09-25T15:01:45.669906+00:00,,2026-09-25T15:01:45.659905+00:00,,2026-09-25T15:01:45.660905+00:00,,2026-09-25T15:01:45.661906+00:00,,2026-09-25T15:01:45.662906+00:00,,2026-09-25T15:01:45.663906+00:00,,2026-09-25T15:01:45.664906+00:00,,2026-09-25T15:01:45.665906+00:00,,2026-09-25T15:01:45.666906+00:00,,2026-09-25T15:01:45.667906+00:00,,2026-09-25T15:01:45.668906+00:00,,2026-09-25T15:01:45.658905+00:00,,2026-09-25T15:01:45.682907+00:00,,2026-09-25T15:01:45.671906+00:00,,2026-09-25T15:01:45.684907+00:00,,2026-09-25T15:01:45.674906+00:00,,2026-09-25T15:01:45.686907+00:00,,2026-09-25T15:01:45.676906+00:00,,2026-09-25T15:01:45.677906+00:00,,2026-09-25T15:01:45.678907+00:00,,2026-09-25T15:01:45.679907+00:00,,2026-09-25T15:01:45.680907+00:00,,2026-09-25T15:01:45.681907+00:00,,2026-09-25T15:01:45.670906+00:00,,2026-09-25T15:01:45.683907+00:00,,2026-09-25T15:01:45.685907+00:00,,2026-09-25T15:01:45.675906+00:00,,2026-09-25T15:01:45.687907+00:00,,2026-09-25T15:01:45.688907+00:00,,2026-09-25T15:01:45.689907+00:00,,2026-09-25T15:01:45.690907+00:00,,2026-09-25T15:01:45.704908+00:00,,2026-09-25T15:01:45.693907+00:00,,2026-09-25T15:01:45.694907+00:00,,2026-09-25T15:01:45.695907+00:00,,2026-09-25T15:01:45.696908+00:00,,2026-09-25T15:01:45.697908+00:00,,2026-09-25T15:01:45.698908+00:00,,2026-09-25T15:01:45.699908+00:00,,2026-09-25T15:01:45.712908+00:00,,2026-09-25T15:01:45.702908+00:00,,2026-09-25T15:01:45.703908+00:00,,2026-09-25T15:01:45.692907+00:00,,2026-09-25T15:01:45.705908+00:00,,2026-09-25T15:01:45.706908+00:00,,2026-09-25T15:01:45.707908+00:00,,2026-09-25T15:01:45.708908+00:00,,2026-09-25T15:01:45.709908+00:00,,2026-09-25T15:01:45.710908+00:00,,2026-09-25T15:01:45.711908+00:00,,2026-09-25T15:01:45.701908+00:00,,2026-09-25T15:01:45.713909+00:00,
218,2026-09-25T13:32:41.147999+00:00,2026-09-25T15:01:46.077929+00:00,91.005,2026-09-25T15:01:45.986924+00:00,,2026-09-25T15:01:45.989924+00:00,,2026-09-25T15:01:45.990924+00:00,,2026-09-25T15:01:45.992924+00:00,,2026-09-25T15:01:45.993925+00:00,,2026-09-25T15:01:45.994925+00:00,,2026-09-25T15:01:45.995925+00:00,,2026-09-25T15:01:45.996925+00:00,,2026-09-25T15:01:45.997925+00:00,,2026-09-25T15:01:45.998925+00:00,,2026-09-25T15:01:45.999925+00:00,,2026-09-25T15:01:46.000925+00:00,,2026-09-25T15:01:46.001925+00:00,,2026-09-25T15:01:46.002925+00:00,,2026-09-25T15:01:46.003925+00:00,,2026-09-25T15:01:46.004925+00:00,,2026-09-25T15:01:46.005925+00:00,,2026-09-25T15:01:46.006925+00:00,,2026-09-25T15:01:46.007925+00:00,,2026-09-25T15:01:46.008925+00:00,,2026-09-25T15:01:46.009925+00:00,,2026-09-25T15:01:46.010925+00:00,,2026-09-25T15:01:46.023926+00:00,,2026-09-25T15:01:46.013926+00:00,,2026-09-25T15:01:46.014926+00:00,,2026-09-25T15:01:46.015926+00:00,,2026-09-25T15:01:46.016926+00:00,,2026-09-25T15:01:46.017926+00:00,,2026-09-25T15:01:46.018926+00:00,,2026-09-25T15:01:46.019926+00:00,,2026-09-25T15:01:46.020926+00:00,,2026-09-25T15:01:46.021926+00:00,,2026-09-25T15:01:46.022926+00:00,,2026-09-25T15:01:46.011926+00:00,,2026-09-25T15:01:46.024926+00:00,,2026-09-25T15:01:46.025926+00:00,,2026-09-25T15:01:46.026926+00:00,,2026-09-25T15:01:46.027926+00:00,,2026-09-25T15:01:46.028927+00:00,,2026-09-25T15:01:46.029927+00:00,,2026-09-25T15:01:46.030927+00:00,,2026-09-25T15:01:46.031927+00:00,,2026-09-25T15:01:46.032927+00:00,,2026-09-25T15:01:46.034927+00:00,,2026-09-25T15:01:46.035927+00:00,,2026-09-25T15:01:46.036927+00:00,,2026-09-25T15:01:46.037927+00:00,,2026-09-25T15:01:46.039927+00:00,,2026-09-25T15:01:46.040927+00:00,,2026-09-25T15:01:46.041927+00:00,,2026-09-25T15:01:46.042927+00:00,,2026-09-25T15:01:46.043927+00:00,,2026-09-25T15:01:46.044927+00:00,,2026-09-25T15:01:46.045927+00:00,,2026-09-25T15:01:46.046928+00:00,,2026-09-25T15:01:46.047928+00:00,,2026-09-25T15:01:46.048928+00:00,,2026-09-25T15:01:46.049928+00:00,,2026-09-25T15:01:46.050928+00:00,,2026-09-25T15:01:46.051928+00:00,,2026-09-25T15:01:46.052928+00:00,,2026-09-25T15:01:46.053928+00:00,,2026-09-25T15:01:46.054928+00:00,,2026-09-25T15:01:46.055928+00:00,,2026-09-25T15:01:46.056928+00:00,,2026-09-25T15:01:46.057928+00:00,,2026-09-25T15:01:46.058928+00:00,,2026-09-25T15:01:46.059928+00:00,,2026-09-25T15:01:46.077929+00:00,,2026-09-25T15:01:46.062928+00:00,,2026-09-25T15:01:46.063929+00:00,,2026-09-25T15:01:46.064929+00:00,,2026-09-25T15:01:46.065929+00:00,,2026-09-25T15:01:46.066929+00:00,,2026-09-25T15:01:46.067929+00:00,,2026-09-25T15:01:46.068929+00:00,,2026-09-25T15:01:46.069929+00:00,,2026-09-25T15:01:46.070929+00:00,,2026-09-25T15:01:46.071929+00:00,,2026-09-25T15:01:46.061928+00:00,,2026-09-25T15:01:46.073929+00:00,,2026-09-25T15:01:46.074929+00:00,,2026-09-25T15:01:46.076929+00:00,
219,2026-09-25T13:32:41.505917+00:00,2026-09-25T15:01:46.488953+00:00,99.006,2026-09-25T15:01:46.389947+00:00,,2026-09-25T15:01:46.397948+00:00,,2026-09-25T15:01:46.399948+00:00,,2026-09-25T15:01:46.412948+00:00,,2026-09-25T15:01:46.402948+00:00,,2026-09-25T15:01:46.403948+00:00,,2026-09-25T15:01:46.404948+00:00,,2026-09-25T15:01:46.405948+00:00,,2026-09-25T15:01:46.406948+00:00,,2026-09-25T15:01:46.407948+00:00,,2026-09-25T15:01:46.408948+00:00,,2026-09-25T15:01:46.409948+00:00,,2026-09-25T15:01:46.410948+00:00,,2026-09-25T15:01:46.411948+00:00,,2026-09-25T15:01:46.401948+00:00,,2026-09-25T15:01:46.413949+00:00,,2026-09-25T15:01:46.414949+00:00,,2026-09-25T15:01:46.415949+00:00,,2026-09-25T15:01:46.416949+00:00,,2026-09-25T15:01:46.417949+00:00,,2026-09-25T15:01:46.418949+00:00,,2026-09-25T15:01:46.419949+00:00,,2026-09-25T15:01:46.420949+00:00,,2026-09-25T15:01:46.421949+00:00,,2026-09-25T15:01:46.435950+00:00,,2026-09-25T15:01:46.424949+00:00,,2026-09-25T15:01:46.425949+00:00,,2026-09-25T15:01:46.426949+00:00,,2026-09-25T15:01:46.427949+00:00,,2026-09-25T15:01:46.428949+00:00,,2026-09-25T15:01:46.429949+00:00,,2026-09-25T15:01:46.430950+00:00,,2026-09-25T15:01:46.431950+00:00,,2026-09-25T15:01:46.432950+00:00,,2026-09-25T15:01:46.433950+00:00,,2026-09-25T15:01:46.434950+00:00,,2026-09-25T15:01:46.436950+00:00,,2026-09-25T15:01:46.437950+00:00,,2026-09-25T15:01:46.438950+00:00,,2026-09-25T15:01:46.439950+00:00,,2026-09-25T15:01:46.440950+00:00,,2026-09-25T15:01:46.441950+00:00,,2026-09-25T15:01:46.442950+00:00,,2026-09-25T15:01:46.444950+00:00,,2026-09-25T15:01:46.445950+00:00,,2026-09-25T15:01:46.446950+00:00,,2026-09-25T15:01:46.447950+00:00,,2026-09-25T15:01:46.448951+00:00,,2026-09-25T15:01:46.450951+00:00,,2026-09-25T15:01:46.463951+00:00,,2026-09-25T15:01:46.453951+00:00,,2026-09-25T15:01:46.454951+00:00,,2026-09-25T15:01:46.455951+00:00,,2026-09-25T15:01:46.456951+00:00,,2026-09-25T15:01:46.457951+00:00,,2026-09-25T15:01:46.458951+00:00,,2026-09-25T15:01:46.459951+00:00,,2026-09-25T15:01:46.460951+00:00,,2026-09-25T15:01:46.461951+00:00,,2026-09-25T15:01:46.462951+00:00,,2026-09-25T15:01:46.452951+00:00,,2026-09-25T15:01:46.464951+00:00,,2026-09-25T15:01:46.465952+00:00,,2026-09-25T15:01:46.466952+00:00,,2026-09-25T15:01:46.467952+00:00,,2026-09-25T15:01:46.468952+00:00,,2026-09-25T15:01:46.469952+00:00,,2026-09-25T15:01:46.470952+00:00,,2026-09-25T15:01:46.471952+00:00,,2026-09-25T15:01:46.486953+00:00,,2026-09-25T15:01:46.474952+00:00,,2026-09-25T15:01:46.475952+00:00,,2026-09-25T15:01:46.476952+00:00,,2026-09-25T15:01:46.477952+00:00,,2026-09-25T15:01:46.478952+00:00,,2026-09-25T15:01:46.479952+00:00,,2026-09-25T15:01:46.481952+00:00,,2026-09-25T15:01:46.482952+00:00,,2026-09-25T15:01:46.483953+00:00,,2026-09-25T15:01:46.484953+00:00,,2026-09-25T15:01:46.485953+00:00,,2026-09-25T15:01:46.487953+00:00,,2026-09-25T15:01:46.488953+00:00,
220,2026-09-25T13:32:41.971017+00:00,2026-09-25T15:01:46.957980+00:00,193.011,2026-09-25T15:01:46.764969+00:00,,2026-09-25T15:01:46.787970+00:00,,2026-09-25T15:01:46.789970+00:00,,2026-09-25T15:01:46.791970+00:00,,2026-09-25T15:01:46.793970+00:00,,2026-09-25T15:01:46.795970+00:00,,2026-09-25T15:01:46.797971+00:00,,2026-09-25T15:01:46.799971+00:00,,2026-09-25T15:01:46.801971+00:00,,2026-09-25T15:01:46.803971+00:00,,2026-09-25T15:01:46.805971+00:00,,2026-09-25T15:01:46.807971+00:00,,2026-09-25T15:01:46.809971+00:00,,2026-09-25T15:01:46.833973+00:00,,2026-09-25T15:01:46.813971+00:00,,2026-09-25T15:01:46.815972+00:00,,2026-09-25T15:01:46.817972+00:00,,2026-09-25T15:01:46.819972+00:00,,2026-09-25T15:01:46.821972+00:00,,2026-09-25T15:01:46.823972+00:00,,2026-09-25T15:01:46.825972+00:00,,2026-09-25T15:01:46.827972+00:00,,2026-09-25T15:01:46.829972+00:00,,2026-09-25T15:01:46.855974+00:00,,2026-09-25T15:01:46.811971+00:00,,2026-09-25T15:01:46.835973+00:00,,2026-09-25T15:01:46.837973+00:00,,2026-09-25T15:01:46.839973+00:00,,2026-09-25T15:01:46.841973+00:00,,2026-09-25T15:01:46.843973+00:00,,2026-09-25T15:01:46.847973+00:00,,2026-09-25T15:01:46.849973+00:00,,2026-09-25T15:01:46.899976+00:00,,2026-09-25T15:01:46.853974+00:00,,2026-09-25T15:01:46.831972+00:00,,2026-09-25T15:01:46.857974+00:00,,2026-09-25T15:01:46.859974+00:00,,2026-09-25T15:01:46.861974+00:00,,2026-09-25T15:01:46.863974+00:00,,2026-09-25T15:01:46.865974+00:00,,2026-09-25T15:01:46.867975+00:00,,2026-09-25T15:01:46.870975+00:00,,2026-09-25T15:01:46.897976+00:00,,2026-09-25T15:01:46.851974+00:00,,2026-09-25T15:01:46.876975+00:00,,2026-09-25T15:01:46.878975+00:00,,2026-09-25T15:01:46.880975+00:00,,2026-09-25T15:01:46.882975+00:00,,2026-09-25T15:01:46.885976+00:00,,2026-09-25T15:01:46.911977+00:00,,2026-09-25T15:01:46.889976+00:00,,2026-09-25T15:01:46.891976+00:00,,2026-09-25T15:01:46.893976+00:00,,2026-09-25T15:01:46.872975+00:00,,2026-09-25T15:01:46.874975+00:00,,2026-09-25T15:01:46.901976+00:00,,2026-09-25T15:01:46.903977+00:00,,2026-09-25T15:01:46.905977+00:00,,2026-09-25T15:01:46.907977+00:00,,2026-09-25T15:01:46.909977+00:00,,2026-09-25T15:01:46.887976+00:00,,2026-09-25T15:01:46.913977+00:00,,2026-09-25T15:01:46.915977+00:00,,2026-09-25T15:01:46.917977+00:00,,2026-09-25T15:01:46.919977+00:00,,2026-09-25T15:01:46.921978+00:00,,2026-09-25T15:01:46.923978+00:00,,2026-09-25T15:01:46.925978+00:00,,2026-09-25T15:01:46.927978+00:00,,2026-09-25T15:01:46.929978+00:00,,2026-09-25T15:01:46.931978+00:00,,2026-09-25T15:01:46.933978+00:00,,2026-09-25T15:01:46.935978+00:00,,2026-09-25T15:01:46.937979+00:00,,2026-09-25T15:01:46.939979+00:00,,2026-09-25T15:01:46.941979+00:00,,2026-09-25T15:01:46.943979+00:00,,2026-09-25T15:01:46.947979+00:00,,2026-09-25T15:01:46.949979+00:00,,2026-09-25T15:01:46.951979+00:00,,2026-09-25T15:01:46.953979+00:00,,2026-09-25T15:01:46.955980+00:00,,2026-09-25T15:01:46.957980+00:00,
221,2026-09-25T13:32:42.391912+00:00,2026-09-25T15:01:47.379004+00:00,167.01,2026-09-25T15:01:47.211994+00:00,,2026-09-25T15:01:47.216994+00:00,,2026-09-25T15:01:47.218995+00:00,,2026-09-25T15:01:47.242996+00:00,,2026-09-25T15:01:47.244996+00:00,,2026-09-25T15:01:47.224995+00:00,,2026-09-25T15:01:47.226995+00:00,,2026-09-25T15:01:47.228995+00:00,,2026-09-25T15:01:47.230995+00:00,,2026-09-25T15:01:47.232995+00:00,,2026-09-25T15:01:47.234996+00:00,,2026-09-25T15:01:47.280998+00:00,,2026-09-25T15:01:47.238996+00:00,,2026-09-25T15:01:47.240996+00:00,,2026-09-25T15:01:47.220995+00:00,,2026-09-25T15:01:47.246996+00:00,,2026-09-25T15:01:47.248996+00:00,,2026-09-25T15:01:47.250996+00:00,,2026-09-25T15:01:47.252997+00:00,,2026-09-25T15:01:47.254997+00:00,,2026-09-25T15:01:47.256997+00:00,,2026-09-25T15:01:47.236996+00:00,,2026-09-25T15:01:47.260997+00:00,,2026-09-25T15:01:47.262997+00:00,,2026-09-25T15:01:47.264997+00:00,,2026-09-25T15:01:47.266997+00:00,,2026-09-25T15:01:47.268997+00:00,,2026-09-25T15:01:47.270998+00:00,,2026-09-25T15:01:47.294999+00:00,,2026-09-25T15:01:47.274998+00:00,,2026-09-25T15:01:47.298999+00:00,,2026-09-25T15:01:47.278998+00:00,,2026-09-25T15:01:47.258997+00:00,,2026-09-25T15:01:47.282998+00:00,,2026-09-25T15:01:47.284998+00:00,,2026-09-25T15:01:47.286998+00:00,,2026-09-25T15:01:47.288999+00:00,,2026-09-25T15:01:47.290999+00:00,,2026-09-25T15:01:47.315000+00:00,,2026-09-25T15:01:47.296999+00:00,,2026-09-25T15:01:47.276998+00:00,,2026-09-25T15:01:47.300999+00:00,,2026-09-25T15:01:47.302999+00:00,,2026-09-25T15:01:47.305000+00:00,,2026-09-25T15:01:47.307000+00:00,,2026-09-25T15:01:47.309000+00:00,,2026-09-25T15:01:47.311000+00:00,,2026-09-25T15:01:47.313000+00:00,,2026-09-25T15:01:47.292999+00:00,,2026-09-25T15:01:47.317000+00:00,,2026-09-25T15:01:47.341002+00:00,,2026-09-25T15:01:47.321000+00:00,,2026-09-25T15:01:47.344002+00:00,,2026-09-25T15:01:47.325001+00:00,,2026-09-25T15:01:47.327001+00:00,,2026-09-25T15:01:47.329001+00:00,,2026-09-25T15:01:47.331001+00:00,,2026-09-25T15:01:47.333001+00:00,,2026-09-25T15:01:47.335001+00:00,,2026-09-25T15:01:47.337001+00:00,,2026-09-25T15:01:47.339001+00:00,,2026-09-25T15:01:47.319000+00:00,,2026-09-25T15:01:47.342002+00:00,,2026-09-25T15:01:47.346002+00:00,,2026-09-25T15:01:47.348002+00:00,,2026-09-25T15:01:47.350002+00:00,,2026-09-25T15:01:47.352002+00:00,,2026-09-25T15:01:47.353002+00:00,,2026-09-25T15:01:47.375004+00:00,,2026-09-25T15:01:47.357002+00:00,,2026-09-25T15:01:47.359003+00:00,,2026-09-25T15:01:47.361003+00:00,,2026-09-25T15:01:47.363003+00:00,,2026-09-25T15:01:47.365003+00:00,,2026-09-25T15:01:47.367003+00:00,,2026-09-25T15:01:47.368003+00:00,,2026-09-25T15:01:47.369003+00:00,,2026-09-25T15:01:47.371003+00:00,,2026-09-25T15:01:47.379004+00:00,,2026-09-25T15:01:47.355002+00:00,,2026-09-25T15:01:47.376004+00:00,,2026-09-25T15:01:47.377004+00:00,,2026-09-25T15:01:47.378004+00:00,
222,2026-09-25T13:32:42.747044+00:00,2026-09-25T15:01:47.718023+00:00,85.005,2026-09-25T15:01:47.633018+00:00,,2026-09-25T15:01:47.636018+00:00,,2026-09-25T15:01:47.637019+00:00,,2026-09-25T15:01:47.638019+00:00,,2026-09-25T15:01:47.639019+00:00,,2026-09-25T15:01:47.640019+00:00,,2026-09-25T15:01:47.641019+00:00,,2026-09-25T15:01:47.642019+00:00,,2026-09-25T15:01:47.643019+00:00,,2026-09-25T15:01:47.644019+00:00,,2026-09-25T15:01:47.645019+00:00,,2026-09-25T15:01:47.646019+00:00,,2026-09-25T15:01:47.647019+00:00,,2026-09-25T15:01:47.648019+00:00,,2026-09-25T15:01:47.660020+00:00,,2026-09-25T15:01:47.650019+00:00,,2026-09-25T15:01:47.651019+00:00,,2026-09-25T15:01:47.652019+00:00,,2026-09-25T15:01:47.653019+00:00,,2026-09-25T15:01:47.654019+00:00,,2026-09-25T15:01:47.655020+00:00,,2026-09-25T15:01:47.656020+00:00,,2026-09-25T15:01:47.657020+00:00,,2026-09-25T15:01:47.658020+00:00,,2026-09-25T15:01:47.659020+00:00,,2026-09-25T15:01:47.649019+00:00,,2026-09-25T15:01:47.661020+00:00,,2026-09-25T15:01:47.662020+00:00,,2026-09-25T15:01:47.663020+00:00,,2026-09-25T15:01:47.664020+00:00,,2026-09-25T15:01:47.665020+00:00,,2026-09-25T15:01:47.666020+00:00,,2026-09-25T15:01:47.667020+00:00,,2026-09-25T15:01:47.668020+00:00,,2026-09-25T15:01:47.669020+00:00,,2026-09-25T15:01:47.670020+00:00,,2026-09-25T15:01:47.671020+00:00,,2026-09-25T15:01:47.683021+00:00,,2026-09-25T15:01:47.673021+00:00,,2026-09-25T15:01:47.674021+00:00,,2026-09-25T15:01:47.675021+00:00,,2026-09-25T15:01:47.676021+00:00,,2026-09-25T15:01:47.677021+00:00,,2026-09-25T15:01:47.678021+00:00,,2026-09-25T15:01:47.679021+00:00,,2026-09-25T15:01:47.680021+00:00,,2026-09-25T15:01:47.681021+00:00,,2026-09-25T15:01:47.682021+00:00,,2026-09-25T15:01:47.684021+00:00,,2026-09-25T15:01:47.685021+00:00,,2026-09-25T15:01:47.686021+00:00,,2026-09-25T15:01:47.687021+00:00,,2026-09-25T15:01:47.688021+00:00,,2026-09-25T15:01:47.689021+00:00,,2026-09-25T15:01:47.690022+00:00,,2026-09-25T15:01:47.691022+00:00,,2026-09-25T15:01:47.703022+00:00,,2026-09-25T15:01:47.693022+00:00,,2026-09-25T15:01:47.694022+00:00,,2026-09-25T15:01:47.695022+00:00,,2026-09-25T15:01:47.696022+00:00,,2026-09-25T15:01:47.697022+00:00,,2026-09-25T15:01:47.709023+00:00,,2026-09-25T15:01:47.699022+00:00,,2026-09-25T15:01:47.700022+00:00,,2026-09-25T15:01:47.701022+00:00,,2026-09-25T15:01:47.702022+00:00,,2026-09-25T15:01:47.692022+00:00,,2026-09-25T15:01:47.704022+00:00,,2026-09-25T15:01:47.705022+00:00,,2026-09-25T15:01:47.706022+00:00,,2026-09-25T15:01:47.707023+00:00,,2026-09-25T15:01:47.708023+00:00,,2026-09-25T15:01:47.698022+00:00,,2026-09-25T15:01:47.710023+00:00,,2026-09-25T15:01:47.711023+00:00,,2026-09-25T15:01:47.712023+00:00,,2026-09-25T15:01:47.713023+00:00,,2026-09-25T15:01:47.714023+00:00,,2026-09-25T15:01:47.715023+00:00,,2026-09-25T15:01:47.716023+00:00,,2026-09-25T15:01:47.717023+00:00,,2026-09-25T15:01:47.718023+00:00,
223,2026-09-25T13:32:43.177033+00:00,2026-09-25T15:01:48.080044+00:00,89.005,2026-09-25T15:01:47.991039+00:00,,2026-09-25T15:01:47.998039+00:00,,2026-09-25T15:01:48.006040+00:00,,2026-09-25T15:01:48.000039+00:00,,2026-09-25T15:01:48.001039+00:00,,2026-09-25T15:01:48.002039+00:00,,2026-09-25T15:01:48.003039+00:00,,2026-09-25T15:01:48.004039+00:00,,2026-09-25T15:01:47.999039+00:00,,2026-09-25T15:01:48.005040+00:00,,2026-09-25T15:01:48.007040+00:00,,2026-09-25T15:01:48.008040+00:00,,2026-09-25T15:01:48.009040+00:00,,2026-09-25T15:01:48.010040+00:00,,2026-09-25T15:01:48.011040+00:00,,2026-09-25T15:01:48.012040+00:00,,2026-09-25T15:01:48.013040+00:00,,2026-09-25T15:01:48.014040+00:00,,2026-09-25T15:01:48.015040+00:00,,2026-09-25T15:01:48.016040+00:00,,2026-09-25T15:01:48.017040+00:00,,2026-09-25T15:01:48.018040+00:00,,2026-09-25T15:01:48.019040+00:00,,2026-09-25T15:01:48.020040+00:00,,2026-09-25T15:01:48.021040+00:00,,2026-09-25T15:01:48.033041+00:00,,2026-09-25T15:01:48.023041+00:00,,2026-09-25T15:01:48.024041+00:00,,2026-09-25T15:01:48.036041+00:00,,2026-09-25T15:01:48.026041+00:00,,2026-09-25T15:01:48.027041+00:00,,2026-09-25T15:01:48.028041+00:00,,2026-09-25T15:01:48.029041+00:00,,2026-09-25T15:01:48.030041+00:00,,2026-09-25T15:01:48.031041+00:00,,2026-09-25T15:01:48.032041+00:00,,2026-09-25T15:01:48.034041+00:00,,2026-09-25T15:01:48.035041+00:00,,2026-09-25T15:01:48.025041+00:00,,2026-09-25T15:01:48.037041+00:00,,2026-09-25T15:01:48.038041+00:00,,2026-09-25T15:01:48.039041+00:00,,2026-09-25T15:01:48.040042+00:00,,2026-09-25T15:01:48.052042+00:00,,2026-09-25T15:01:48.042042+00:00,,2026-09-25T15:01:48.043042+00:00,,2026-09-25T15:01:48.044042+00:00,,2026-09-25T15:01:48.045042+00:00,,2026-09-25T15:01:48.046042+00:00,,2026-09-25T15:01:48.047042+00:00,,2026-09-25T15:01:48.048042+00:00,,2026-09-25T15:01:48.049042+00:00,,2026-09-25T15:01:48.050042+00:00,,2026-09-25T15:01:48.051042+00:00,,2026-09-25T15:01:48.041042+00:00,,2026-09-25T15:01:48.053042+00:00,,2026-09-25T15:01:48.054042+00:00,,2026-09-25T15:01:48.055042+00:00,,2026-09-25T15:01:48.056042+00:00,,2026-09-25T15:01:48.057043+00:00,,2026-09-25T15:01:48.058043+00:00,,2026-09-25T15:01:48.059043+00:00,,2026-09-25T15:01:48.060043+00:00,,2026-09-25T15:01:48.061043+00:00,,2026-09-25T15:01:48.062043+00:00,,2026-09-25T15:01:48.063043+00:00,,2026-09-25T15:01:48.064043+00:00,,2026-09-25T15:01:48.065043+00:00,,2026-09-25T15:01:48.066043+00:00,,2026-09-25T15:01:48.067043+00:00,,2026-09-25T15:01:48.068043+00:00,,2026-09-25T15:01:48.069043+00:00,,2026-09-25T15:01:48.070043+00:00,,2026-09-25T15:01:48.071043+00:00,,2026-09-25T15:01:48.072043+00:00,,2026-09-25T15:01:48.073043+00:00,,2026-09-25T15:01:48.074043+00:00,,2026-09-25T15:01:48.075044+00:00,,2026-09-25T15:01:48.076044+00:00,,2026-09-25T15:01:48.077044+00:00,,2026-09-25T15:01:48.078044+00:00,,2026-09-25T15:01:48.079044+00:00,,2026-09-25T15:01:48.080044+00:00,
224,2026-09-25T13:32:43.524076+00:00,2026-09-25T15:01:48.506068+00:00,88.005,2026-09-25T15:01:48.418063+00:00,,2026-09-25T15:01:48.424064+00:00,,2026-09-25T15:01:48.425064+00:00,,2026-09-25T15:01:48.426064+00:00,,2026-09-25T15:01:48.427064+00:00,,2026-09-25T15:01:48.428064+00:00,,2026-09-25T15:01:48.429064+00:00,,2026-09-25T15:01:48.430064+00:00,,2026-09-25T15:01:48.442065+00:00,,2026-09-25T15:01:48.432064+00:00,,2026-09-25T15:01:48.433064+00:00,,2026-09-25T15:01:48.434064+00:00,,2026-09-25T15:01:48.435064+00:00,,2026-09-25T15:01:48.436064+00:00,,2026-09-25T15:01:48.437064+00:00,,2026-09-25T15:01:48.438064+00:00,,2026-09-25T15:01:48.439064+00:00,,2026-09-25T15:01:48.440064+00:00,,2026-09-25T15:01:48.441064+00:00,,2026-09-25T15:01:48.431064+00:00,,2026-09-25T15:01:48.443065+00:00,,2026-09-25T15:01:48.444065+00:00,,2026-09-25T15:01:48.445065+00:00,,2026-09-25T15:01:48.446065+00:00,,2026-09-25T15:01:48.447065+00:00,,2026-09-25T15:01:48.448065+00:00,,2026-09-25T15:01:48.449065+00:00,,2026-09-25T15:01:48.450065+00:00,,2026-09-25T15:01:48.451065+00:00,,2026-09-25T15:01:48.452065+00:00,,2026-09-25T15:01:48.453065+00:00,,2026-09-25T15:01:48.454065+00:00,,2026-09-25T15:01:48.455065+00:00,,2026-09-25T15:01:48.456065+00:00,,2026-09-25T15:01:48.457065+00:00,,2026-09-25T15:01:48.458065+00:00,,2026-09-25T15:01:48.459066+00:00,,2026-09-25T15:01:48.460066+00:00,,2026-09-25T15:01:48.461066+00:00,,2026-09-25T15:01:48.462066+00:00,,2026-09-25T15:01:48.463066+00:00,,2026-09-25T15:01:48.464066+00:00,,2026-09-25T15:01:48.465066+00:00,,2026-09-25T15:01:48.466066+00:00,,2026-09-25T15:01:48.467066+00:00,,2026-09-25T15:01:48.468066+00:00,,2026-09-25T15:01:48.469066+00:00,,2026-09-25T15:01:48.470066+00:00,,2026-09-25T15:01:48.482067+00:00,,2026-09-25T15:01:48.472066+00:00,,2026-09-25T15:01:48.473066+00:00,,2026-09-25T15:01:48.474066+00:00,,2026-09-25T15:01:48.475066+00:00,,2026-09-25T15:01:48.476066+00:00,,2026-09-25T15:01:48.477067+00:00,,2026-09-25T15:01:48.478067+00:00,,2026-09-25T15:01:48.479067+00:00,,2026-09-25T15:01:48.480067+00:00,,2026-09-25T15:01:48.481067+00:00,,2026-09-25T15:01:48.483067+00:00,,2026-09-25T15:01:48.484067+00:00,,2026-09-25T15:01:48.485067+00:00,,2026-09-25T15:01:48.486067+00:00,,2026-09-25T15:01:48.487067+00:00,,2026-09-25T15:01:48.488067+00:00,,2026-09-25T15:01:48.489067+00:00,,2026-09-25T15:01:48.490067+00:00,,2026-09-25T15:01:48.491067+00:00,,2026-09-25T15:01:48.492067+00:00,,2026-09-25T15:01:48.493067+00:00,,2026-09-25T15:01:48.494068+00:00,,2026-09-25T15:01:48.495068+00:00,,2026-09-25T15:01:48.496068+00:00,,2026-09-25T15:01:48.497068+00:00,,2026-09-25T15:01:48.498068+00:00,,2026-09-25T15:01:48.499068+00:00,,2026-09-25T15:01:48.500068+00:00,,2026-09-25T15:01:48.501068+00:00,,2026-09-25T15:01:48.502068+00:00,,2026-09-25T15:01:48.503068+00:00,,2026-09-25T15:01:48.504068+00:00,,2026-09-25T15:01:48.505068+00:00,,2026-09-25T15:01:48.506068+00:00,
225,2026-09-25T13:32:43.932244+00:00,2026-09-25T15:01:48.897091+00:00,126.00800000000001,2026-09-25T15:01:48.771083+00:00,,2026-09-25T15:01:48.789084+00:00,,2026-09-25T15:01:48.790084+00:00,,2026-09-25T15:01:48.793085+00:00,,2026-09-25T15:01:48.829087+00:00,,2026-09-25T15:01:48.830087+00:00,,2026-09-25T15:01:48.843087+00:00,,2026-09-25T15:01:48.832087+00:00,,2026-09-25T15:01:48.834087+00:00,,2026-09-25T15:01:48.835087+00:00,,2026-09-25T15:01:48.836087+00:00,,2026-09-25T15:01:48.825086+00:00,,2026-09-25T15:01:48.826087+00:00,,2026-09-25T15:01:48.827087+00:00,,2026-09-25T15:01:48.828087+00:00,,2026-09-25T15:01:48.794085+00:00,,2026-09-25T15:01:48.795085+00:00,,2026-09-25T15:01:48.819086+00:00,,2026-09-25T15:01:48.820086+00:00,,2026-09-25T15:01:48.821086+00:00,,2026-09-25T15:01:48.822086+00:00,,2026-09-25T15:01:48.823086+00:00,,2026-09-25T15:01:48.824086+00:00,,2026-09-25T15:01:48.837087+00:00,,2026-09-25T15:01:48.838087+00:00,,2026-09-25T15:01:48.839087+00:00,,2026-09-25T15:01:48.840087+00:00,,2026-09-25T15:01:48.841087+00:00,,2026-09-25T15:01:48.842087+00:00,,2026-09-25T15:01:48.831087+00:00,,2026-09-25T15:01:48.844088+00:00,,2026-09-25T15:01:48.845088+00:00,,2026-09-25T15:01:48.846088+00:00,,2026-09-25T15:01:48.847088+00:00,,2026-09-25T15:01:48.848088+00:00,,2026-09-25T15:01:48.849088+00:00,,2026-09-25T15:01:48.850088+00:00,,2026-09-25T15:01:48.851088+00:00,,2026-09-25T15:01:48.863089+00:00,,2026-09-25T15:01:48.853088+00:00,,2026-09-25T15:01:48.854088+00:00,,2026-09-25T15:01:48.855088+00:00,,2026-09-25T15:01:48.856088+00:00,,2026-09-25T15:01:48.857088+00:00,,2026-09-25T15:01:48.858088+00:00,,2026-09-25T15:01:48.859088+00:00,,2026-09-25T15:01:48.860088+00:00,,2026-09-25T15:01:48.861089+00:00,,2026-09-25T15:01:48.862089+00:00,,2026-09-25T15:01:48.852088+00:00,,2026-09-25T15:01:48.864089+00:00,,2026-09-25T15:01:48.865089+00:00,,2026-09-25T15:01:48.866089+00:00,,2026-09-25T15:01:48.867089+00:00,,2026-09-25T15:01:48.868089+00:00,,2026-09-25T15:01:48.869089+00:00,,2026-09-25T15:01:48.870089+00:00,,2026-09-25T15:01:48.882090+00:00,,2026-09-25T15:01:48.872089+00:00,,2026-09-25T15:01:48.873089+00:00,,2026-09-25T15:01:48.874089+00:00,,2026-09-25T15:01:48.875089+00:00,,2026-09-25T15:01:48.876089+00:00,,2026-09-25T15:01:48.877089+00:00,,2026-09-25T15:01:48.889090+00:00,,2026-09-25T15:01:48.890090+00:00,,2026-09-25T15:01:48.880090+00:00,,2026-09-25T15:01:48.881090+00:00,,2026-09-25T15:01:48.883090+00:00,,2026-09-25T15:01:48.884090+00:00,,2026-09-25T15:01:48.885090+00:00,,2026-09-25T15:01:48.886090+00:00,,2026-09-25T15:01:48.887090+00:00,,2026-09-25T15:01:48.888090+00:00,,2026-09-25T15:01:48.878089+00:00,,2026-09-25T15:01:48.879090+00:00,,2026-09-25T15:01:48.891090+00:00,,2026-09-25T15:01:48.892090+00:00,,2026-09-25T15:01:48.893090+00:00,,2026-09-25T15:01:48.894090+00:00,,2026-09-25T15:01:48.895090+00:00,,2026-09-25T15:01:48.896091+00:00,,2026-09-25T15:01:48.897091+00:00,
226,2026-09-25T13:32:44.320113+00:00,2026-09-25T15:01:49.287113+00:00,101.006,2026-09-25T15:01:49.186107+00:00,,2026-09-25T15:01:49.204108+00:00,,2026-09-25T15:01:49.205108+00:00,,2026-09-25T15:01:49.206108+00:00,,2026-09-25T15:01:49.207108+00:00,,2026-09-25T15:01:49.208108+00:00,,2026-09-25T15:01:49.209108+00:00,,2026-09-25T15:01:49.210108+00:00,,2026-09-25T15:01:49.222109+00:00,,2026-09-25T15:01:49.212109+00:00,,2026-09-25T15:01:49.213109+00:00,,2026-09-25T15:01:49.214109+00:00,,2026-09-25T15:01:49.215109+00:00,,2026-09-25T15:01:49.216109+00:00,,2026-09-25T15:01:49.217109+00:00,,2026-09-25T15:01:49.218109+00:00,,2026-09-25T15:01:49.219109+00:00,,2026-09-25T15:01:49.220109+00:00,,2026-09-25T15:01:49.243110+00:00,,2026-09-25T15:01:49.211109+00:00,,2026-09-25T15:01:49.223109+00:00,,2026-09-25T15:01:49.224109+00:00,,2026-09-25T15:01:49.225109+00:00,,2026-09-25T15:01:49.248111+00:00,,2026-09-25T15:01:49.227109+00:00,,2026-09-25T15:01:49.228110+00:00,,2026-09-25T15:01:49.229110+00:00,,2026-09-25T15:01:49.230110+00:00,,2026-09-25T15:01:49.231110+00:00,,2026-09-25T15:01:49.233110+00:00,,2026-09-25T15:01:49.234110+00:00,,2026-09-25T15:01:49.235110+00:00,,2026-09-25T15:01:49.236110+00:00,,2026-09-25T15:01:49.226109+00:00,,2026-09-25T15:01:49.238110+00:00,,2026-09-25T15:01:49.239110+00:00,,2026-09-25T15:01:49.240110+00:00,,2026-09-25T15:01:49.241110+00:00,,2026-09-25T15:01:49.242110+00:00,,2026-09-25T15:01:49.232110+00:00,,2026-09-25T15:01:49.244110+00:00,,2026-09-25T15:01:49.245110+00:00,,2026-09-25T15:01:49.246111+00:00,,2026-09-25T15:01:49.247111+00:00,,2026-09-25T15:01:49.237110+00:00,,2026-09-25T15:01:49.249111+00:00,,2026-09-25T15:01:49.250111+00:00,,2026-09-25T15:01:49.251111+00:00,,2026-09-25T15:01:49.252111+00:00,,2026-09-25T15:01:49.275112+00:00,,2026-09-25T15:01:49.254111+00:00,,2026-09-25T15:01:49.255111+00:00,,2026-09-25T15:01:49.256111+00:00,,2026-09-25T15:01:49.268112+00:00,,2026-09-25T15:01:49.269112+00:00,,2026-09-25T15:01:49.270112+00:00,,2026-09-25T15:01:49.260111+00:00,,2026-09-25T15:01:49.261111+00:00,,2026-09-25T15:01:49.262111+00:00,,2026-09-25T15:01:49.263112+00:00,,2026-09-25T15:01:49.253111+00:00,,2026-09-25T15:01:49.265112+00:00,,2026-09-25T15:01:49.266112+00:00,,2026-09-25T15:01:49.267112+00:00,,2026-09-25T15:01:49.257111+00:00,,2026-09-25T15:01:49.258111+00:00,,2026-09-25T15:01:49.259111+00:00,,2026-09-25T15:01:49.283113+00:00,,2026-09-25T15:01:49.272112+00:00,,2026-09-25T15:01:49.273112+00:00,,2026-09-25T15:01:49.274112+00:00,,2026-09-25T15:01:49.264112+00:00,,2026-09-25T15:01:49.276112+00:00,,2026-09-25T15:01:49.277112+00:00,,2026-09-25T15:01:49.278112+00:00,,2026-09-25T15:01:49.279112+00:00,,2026-09-25T15:01:49.280112+00:00,,2026-09-25T15:01:49.281113+00:00,,2026-09-25T15:01:49.271112+00:00,,2026-09-25T15:01:49.284113+00:00,,2026-09-25T15:01:49.285113+00:00,,2026-09-25T15:01:49.286113+00:00,,2026-09-25T15:01:49.287113+00:00,
227,2026-09-25T13:32:44.747620+00:00,2026-09-25T15:01:49.686136+00:00,121.007,2026-09-25T15:01:49.565129+00:00,,2026-09-25T15:01:49.603131+00:00,,2026-09-25T15:01:49.604131+00:00,,2026-09-25T15:01:49.605131+00:00,,2026-09-25T15:01:49.606131+00:00,,2026-09-25T15:01:49.607131+00:00,,2026-09-25T15:01:49.608131+00:00,,2026-09-25T15:01:49.609131+00:00,,2026-09-25T15:01:49.610131+00:00,,2026-09-25T15:01:49.611131+00:00,,2026-09-25T15:01:49.612131+00:00,,2026-09-25T15:01:49.613132+00:00,,2026-09-25T15:01:49.614132+00:00,,2026-09-25T15:01:49.615132+00:00,,2026-09-25T15:01:49.627132+00:00,,2026-09-25T15:01:49.617132+00:00,,2026-09-25T15:01:49.618132+00:00,,2026-09-25T15:01:49.619132+00:00,,2026-09-25T15:01:49.631133+00:00,,2026-09-25T15:01:49.621132+00:00,,2026-09-25T15:01:49.622132+00:00,,2026-09-25T15:01:49.623132+00:00,,2026-09-25T15:01:49.624132+00:00,,2026-09-25T15:01:49.625132+00:00,,2026-09-25T15:01:49.626132+00:00,,2026-09-25T15:01:49.616132+00:00,,2026-09-25T15:01:49.628132+00:00,,2026-09-25T15:01:49.629132+00:00,,2026-09-25T15:01:49.630133+00:00,,2026-09-25T15:01:49.632133+00:00,,2026-09-25T15:01:49.633133+00:00,,2026-09-25T15:01:49.634133+00:00,,2026-09-25T15:01:49.635133+00:00,,2026-09-25T15:01:49.636133+00:00,,2026-09-25T15:01:49.637133+00:00,,2026-09-25T15:01:49.638133+00:00,,2026-09-25T15:01:49.639133+00:00,,2026-09-25T15:01:49.640133+00:00,,2026-09-25T15:01:49.641133+00:00,,2026-09-25T15:01:49.642133+00:00,,2026-09-25T15:01:49.643133+00:00,,2026-09-25T15:01:49.644133+00:00,,2026-09-25T15:01:49.645133+00:00,,2026-09-25T15:01:49.646133+00:00,,2026-09-25T15:01:49.647133+00:00,,2026-09-25T15:01:49.648134+00:00,,2026-09-25T15:01:49.649134+00:00,,2026-09-25T15:01:49.650134+00:00,,2026-09-25T15:01:49.651134+00:00,,2026-09-25T15:01:49.652134+00:00,,2026-09-25T15:01:49.653134+00:00,,2026-09-25T15:01:49.654134+00:00,,2026-09-25T15:01:49.655134+00:00,,2026-09-25T15:01:49.656134+00:00,,2026-09-25T15:01:49.657134+00:00,,2026-09-25T15:01:49.658134+00:00,,2026-09-25T15:01:49.659134+00:00,,2026-09-25T15:01:49.660134+00:00,,2026-09-25T15:01:49.661134+00:00,,2026-09-25T15:01:49.662134+00:00,,2026-09-25T15:01:49.663134+00:00,,2026-09-25T15:01:49.664134+00:00,,2026-09-25T15:01:49.665135+00:00,,2026-09-25T15:01:49.666135+00:00,,2026-09-25T15:01:49.667135+00:00,,2026-09-25T15:01:49.668135+00:00,,2026-09-25T15:01:49.669135+00:00,,2026-09-25T15:01:49.681135+00:00,,2026-09-25T15:01:49.671135+00:00,,2026-09-25T15:01:49.672135+00:00,,2026-09-25T15:01:49.673135+00:00,,2026-09-25T15:01:49.674135+00:00,,2026-09-25T15:01:49.675135+00:00,,2026-09-25T15:01:49.676135+00:00,,2026-09-25T15:01:49.677135+00:00,,2026-09-25T15:01:49.678135+00:00,,2026-09-25T15:01:49.679135+00:00,,2026-09-25T15:01:49.680135+00:00,,2026-09-25T15:01:49.682135+00:00,,2026-09-25T15:01:49.683136+00:00,,2026-09-25T15:01:49.684136+00:00,,2026-09-25T15:01:49.685136+00:00,,2026-09-25T15:01:49.686136+00:00,
228,2026-09-25T13:32:45.134270+00:00,2026-09-25T15:01:50.099159+00:00,103.006,2026-09-25T15:01:49.996153+00:00,,2026-09-25T15:01:50.016155+00:00,,2026-09-25T15:01:50.017155+00:00,,2026-09-25T15:01:50.018155+00:00,,2026-09-25T15:01:50.019155+00:00,,2026-09-25T15:01:50.031155+00:00,,2026-09-25T15:01:50.021155+00:00,,2026-09-25T15:01:50.022155+00:00,,2026-09-25T15:01:50.023155+00:00,,2026-09-25T15:01:50.024155+00:00,,2026-09-25T15:01:50.025155+00:00,,2026-09-25T15:01:50.026155+00:00,,2026-09-25T15:01:50.027155+00:00,,2026-09-25T15:01:50.028155+00:00,,2026-09-25T15:01:50.029155+00:00,,2026-09-25T15:01:50.030155+00:00,,2026-09-25T15:01:50.032155+00:00,,2026-09-25T15:01:50.033156+00:00,,2026-09-25T15:01:50.034156+00:00,,2026-09-25T15:01:50.035156+00:00,,2026-09-25T15:01:50.036156+00:00,,2026-09-25T15:01:50.048156+00:00,,2026-09-25T15:01:50.038156+00:00,,2026-09-25T15:01:50.039156+00:00,,2026-09-25T15:01:50.051157+00:00,,2026-09-25T15:01:50.041156+00:00,,2026-09-25T15:01:50.042156+00:00,,2026-09-25T15:01:50.043156+00:00,,2026-09-25T15:01:50.044156+00:00,,2026-09-25T15:01:50.045156+00:00,,2026-09-25T15:01:50.046156+00:00,,2026-09-25T15:01:50.047156+00:00,,2026-09-25T15:01:50.037156+00:00,,2026-09-25T15:01:50.049156+00:00,,2026-09-25T15:01:50.050157+00:00,,2026-09-25T15:01:50.040156+00:00,,2026-09-25T15:01:50.052157+00:00,,2026-09-25T15:01:50.053157+00:00,,2026-09-25T15:01:50.054157+00:00,,2026-09-25T15:01:50.055157+00:00,,2026-09-25T15:01:50.056157+00:00,,2026-09-25T15:01:50.057157+00:00,,2026-09-25T15:01:50.058157+00:00,,2026-09-25T15:01:50.059157+00:00,,2026-09-25T15:01:50.060157+00:00,,2026-09-25T15:01:50.061157+00:00,,2026-09-25T15:01:50.062157+00:00,,2026-09-25T15:01:50.063157+00:00,,2026-09-25T15:01:50.064157+00:00,,2026-09-25T15:01:50.065157+00:00,,2026-09-25T15:01:50.066157+00:00,,2026-09-25T15:01:50.067157+00:00,,2026-09-25T15:01:50.068158+00:00,,2026-09-25T15:01:50.069158+00:00,,2026-09-25T15:01:50.070158+00:00,,2026-09-25T15:01:50.071158+00:00,,2026-09-25T15:01:50.072158+00:00,,2026-09-25T15:01:50.073158+00:00,,2026-09-25T15:01:50.074158+00:00,,2026-09-25T15:01:50.075158+00:00,,2026-09-25T15:01:50.076158+00:00,,2026-09-25T15:01:50.077158+00:00,,2026-09-25T15:01:50.078158+00:00,,2026-09-25T15:01:50.079158+00:00,,2026-09-25T15:01:50.080158+00:00,,2026-09-25T15:01:50.082158+00:00,,2026-09-25T15:01:50.083158+00:00,,2026-09-25T15:01:50.084158+00:00,,2026-09-25T15:01:50.085159+00:00,,2026-09-25T15:01:50.086159+00:00,,2026-09-25T15:01:50.087159+00:00,,2026-09-25T15:01:50.088159+00:00,,2026-09-25T15:01:50.089159+00:00,,2026-09-25T15:01:50.090159+00:00,,2026-09-25T15:01:50.091159+00:00,,2026-09-25T15:01:50.092159+00:00,,2026-09-25T15:01:50.093159+00:00,,2026-09-25T15:01:50.094159+00:00,,2026-09-25T15:01:50.095159+00:00,,2026-09-25T15:01:50.096159+00:00,,2026-09-25T15:01:50.097159+00:00,,2026-09-25T15:01:50.098159+00:00,,2026-09-25T15:01:50.099159+00:00,
229,2026-09-25T13:32:45.530060+00:00,2026-09-25T15:01:50.469180+00:00,93.00500000000001,2026-09-25T15:01:50.376175+00:00,,2026-09-25T15:01:50.386176+00:00,,2026-09-25T15:01:50.387176+00:00,,2026-09-25T15:01:50.388176+00:00,,2026-09-25T15:01:50.389176+00:00,,2026-09-25T15:01:50.390176+00:00,,2026-09-25T15:01:50.391176+00:00,,2026-09-25T15:01:50.392176+00:00,,2026-09-25T15:01:50.393176+00:00,,2026-09-25T15:01:50.394176+00:00,,2026-09-25T15:01:50.395176+00:00,,2026-09-25T15:01:50.407177+00:00,,2026-09-25T15:01:50.408177+00:00,,2026-09-25T15:01:50.398176+00:00,,2026-09-25T15:01:50.399176+00:00,,2026-09-25T15:01:50.400177+00:00,,2026-09-25T15:01:50.401177+00:00,,2026-09-25T15:01:50.402177+00:00,,2026-09-25T15:01:50.403177+00:00,,2026-09-25T15:01:50.404177+00:00,,2026-09-25T15:01:50.405177+00:00,,2026-09-25T15:01:50.406177+00:00,,2026-09-25T15:01:50.396176+00:00,,2026-09-25T15:01:50.397176+00:00,,2026-09-25T15:01:50.409177+00:00,,2026-09-25T15:01:50.410177+00:00,,2026-09-25T15:01:50.411177+00:00,,2026-09-25T15:01:50.423178+00:00,,2026-09-25T15:01:50.413177+00:00,,2026-09-25T15:01:50.414177+00:00,,2026-09-25T15:01:50.415177+00:00,,2026-09-25T15:01:50.416177+00:00,,2026-09-25T15:01:50.417178+00:00,,2026-09-25T15:01:50.418178+00:00,,2026-09-25T15:01:50.419178+00:00,,2026-09-25T15:01:50.443179+00:00,,2026-09-25T15:01:50.421178+00:00,,2026-09-25T15:01:50.422178+00:00,,2026-09-25T15:01:50.412177+00:00,,2026-09-25T15:01:50.424178+00:00,,2026-09-25T15:01:50.425178+00:00,,2026-09-25T15:01:50.426178+00:00,,2026-09-25T15:01:50.427178+00:00,,2026-09-25T15:01:50.440179+00:00,,2026-09-25T15:01:50.430178+00:00,,2026-09-25T15:01:50.431178+00:00,,2026-09-25T15:01:50.433178+00:00,,2026-09-25T15:01:50.434178+00:00,,2026-09-25T15:01:50.435179+00:00,,2026-09-25T15:01:50.436179+00:00,,2026-09-25T15:01:50.437179+00:00,,2026-09-25T15:01:50.438179+00:00,,2026-09-25T15:01:50.439179+00:00,,2026-09-25T15:01:50.429178+00:00,,2026-09-25T15:01:50.441179+00:00,,2026-09-25T15:01:50.442179+00:00,,2026-09-25T15:01:50.432178+00:00,,2026-09-25T15:01:50.444179+00:00,,2026-09-25T15:01:50.445179+00:00,,2026-09-25T15:01:50.446179+00:00,,2026-09-25T15:01:50.447179+00:00,,2026-09-25T15:01:50.448179+00:00,,2026-09-25T15:01:50.449179+00:00,,2026-09-25T15:01:50.450179+00:00,,2026-09-25T15:01:50.451179+00:00,,2026-09-25T15:01:50.452180+00:00,,2026-09-25T15:01:50.453180+00:00,,2026-09-25T15:01:50.454180+00:00,,2026-09-25T15:01:50.455180+00:00,,2026-09-25T15:01:50.456180+00:00,,2026-09-25T15:01:50.457180+00:00,,2026-09-25T15:01:50.458180+00:00,,2026-09-25T15:01:50.459180+00:00,,2026-09-25T15:01:50.460180+00:00,,2026-09-25T15:01:50.461180+00:00,,2026-09-25T15:01:50.462180+00:00,,2026-09-25T15:01:50.463180+00:00,,2026-09-25T15:01:50.464180+00:00,,2026-09-25T15:01:50.465180+00:00,,2026-09-25T15:01:50.466180+00:00,,2026-09-25T15:01:50.467180+00:00,,2026-09-25T15:01:50.468180+00:00,,2026-09-25T15:01:50.469180+00:00,
230,2026-09-25T13:32:45.912375+00:00,2026-09-25T15:01:50.888204+00:00,91.005,2026-09-25T15:01:50.797199+00:00,,2026-09-25T15:01:50.805200+00:00,,2026-09-25T15:01:50.806200+00:00,,2026-09-25T15:01:50.807200+00:00,,2026-09-25T15:01:50.819201+00:00,,2026-09-25T15:01:50.809200+00:00,,2026-09-25T15:01:50.810200+00:00,,2026-09-25T15:01:50.811200+00:00,,2026-09-25T15:01:50.812200+00:00,,2026-09-25T15:01:50.813200+00:00,,2026-09-25T15:01:50.825201+00:00,,2026-09-25T15:01:50.815200+00:00,,2026-09-25T15:01:50.816200+00:00,,2026-09-25T15:01:50.817200+00:00,,2026-09-25T15:01:50.818200+00:00,,2026-09-25T15:01:50.808200+00:00,,2026-09-25T15:01:50.842202+00:00,,2026-09-25T15:01:50.821201+00:00,,2026-09-25T15:01:50.822201+00:00,,2026-09-25T15:01:50.823201+00:00,,2026-09-25T15:01:50.824201+00:00,,2026-09-25T15:01:50.814200+00:00,,2026-09-25T15:01:50.826201+00:00,,2026-09-25T15:01:50.827201+00:00,,2026-09-25T15:01:50.828201+00:00,,2026-09-25T15:01:50.829201+00:00,,2026-09-25T15:01:50.830201+00:00,,2026-09-25T15:01:50.832201+00:00,,2026-09-25T15:01:50.833201+00:00,,2026-09-25T15:01:50.834201+00:00,,2026-09-25T15:01:50.835201+00:00,,2026-09-25T15:01:50.836201+00:00,,2026-09-25T15:01:50.837202+00:00,,2026-09-25T15:01:50.838202+00:00,,2026-09-25T15:01:50.839202+00:00,,2026-09-25T15:01:50.840202+00:00,,2026-09-25T15:01:50.841202+00:00,,2026-09-25T15:01:50.831201+00:00,,2026-09-25T15:01:50.843202+00:00,,2026-09-25T15:01:50.844202+00:00,,2026-09-25T15:01:50.845202+00:00,,2026-09-25T15:01:50.846202+00:00,,2026-09-25T15:01:50.858203+00:00,,2026-09-25T15:01:50.848202+00:00,,2026-09-25T15:01:50.849202+00:00,,2026-09-25T15:01:50.850202+00:00,,2026-09-25T15:01:50.851202+00:00,,2026-09-25T15:01:50.852202+00:00,,2026-09-25T15:01:50.853202+00:00,,2026-09-25T15:01:50.854203+00:00,,2026-09-25T15:01:50.855203+00:00,,2026-09-25T15:01:50.856203+00:00,,2026-09-25T15:01:50.857203+00:00,,2026-09-25T15:01:50.847202+00:00,,2026-09-25T15:01:50.859203+00:00,,2026-09-25T15:01:50.860203+00:00,,2026-09-25T15:01:50.861203+00:00,,2026-09-25T15:01:50.862203+00:00,,2026-09-25T15:01:50.863203+00:00,,2026-09-25T15:01:50.864203+00:00,,2026-09-25T15:01:50.865203+00:00,,2026-09-25T15:01:50.866203+00:00,,2026-09-25T15:01:50.867203+00:00,,2026-09-25T15:01:50.868203+00:00,,2026-09-25T15:01:50.869203+00:00,,2026-09-25T15:01:50.870203+00:00,,2026-09-25T15:01:50.871203+00:00,,2026-09-25T15:01:50.872204+00:00,,2026-09-25T15:01:50.873204+00:00,,2026-09-25T15:01:50.874204+00:00,,2026-09-25T15:01:50.875204+00:00,,2026-09-25T15:01:50.876204+00:00,,2026-09-25T15:01:50.877204+00:00,,2026-09-25T15:01:50.878204+00:00,,2026-09-25T15:01:50.879204+00:00,,2026-09-25T15:01:50.880204+00:00,,2026-09-25T15:01:50.882204+00:00,,2026-09-25T15:01:50.883204+00:00,,2026-09-25T15:01:50.884204+00:00,,2026-09-25T15:01:50.885204+00:00,,2026-09-25T15:01:50.886204+00:00,,2026-09-25T15:01:50.887204+00:00,,2026-09-25T15:01:50.888204+00:00,
231,2026-09-25T13:32:46.267409+00:00,2026-09-25T15:01:51.246225+00:00,86.005,2026-09-25T15:01:51.160220+00:00,,2026-09-25T15:01:51.163220+00:00,,2026-09-25T15:01:51.173221+00:00,,2026-09-25T15:01:51.165220+00:00,,2026-09-25T15:01:51.177221+00:00,,2026-09-25T15:01:51.167220+00:00,,2026-09-25T15:01:51.168220+00:00,,2026-09-25T15:01:51.180221+00:00,,2026-09-25T15:01:51.170221+00:00,,2026-09-25T15:01:51.171221+00:00,,2026-09-25T15:01:51.164220+00:00,,2026-09-25T15:01:51.172221+00:00,,2026-09-25T15:01:51.174221+00:00,,2026-09-25T15:01:51.175221+00:00,,2026-09-25T15:01:51.176221+00:00,,2026-09-25T15:01:51.166220+00:00,,2026-09-25T15:01:51.178221+00:00,,2026-09-25T15:01:51.179221+00:00,,2026-09-25T15:01:51.181221+00:00,,2026-09-25T15:01:51.182221+00:00,,2026-09-25T15:01:51.183221+00:00,,2026-09-25T15:01:51.184221+00:00,,2026-09-25T15:01:51.185221+00:00,,2026-09-25T15:01:51.186222+00:00,,2026-09-25T15:01:51.187222+00:00,,2026-09-25T15:01:51.188222+00:00,,2026-09-25T15:01:51.189222+00:00,,2026-09-25T15:01:51.190222+00:00,,2026-09-25T15:01:51.191222+00:00,,2026-09-25T15:01:51.192222+00:00,,2026-09-25T15:01:51.193222+00:00,,2026-09-25T15:01:51.194222+00:00,,2026-09-25T15:01:51.195222+00:00,,2026-09-25T15:01:51.196222+00:00,,2026-09-25T15:01:51.197222+00:00,,2026-09-25T15:01:51.198222+00:00,,2026-09-25T15:01:51.199222+00:00,,2026-09-25T15:01:51.200222+00:00,,2026-09-25T15:01:51.201222+00:00,,2026-09-25T15:01:51.202222+00:00,,2026-09-25T15:01:51.203222+00:00,,2026-09-25T15:01:51.204223+00:00,,2026-09-25T15:01:51.205223+00:00,,2026-09-25T15:01:51.206223+00:00,,2026-09-25T15:01:51.207223+00:00,,2026-09-25T15:01:51.208223+00:00,,2026-09-25T15:01:51.209223+00:00,,2026-09-25T15:01:51.210223+00:00,,2026-09-25T15:01:51.211223+00:00,,2026-09-25T15:01:51.212223+00:00,,2026-09-25T15:01:51.213223+00:00,,2026-09-25T15:01:51.214223+00:00,,2026-09-25T15:01:51.215223+00:00,,2026-09-25T15:01:51.216223+00:00,,2026-09-25T15:01:51.217223+00:00,,2026-09-25T15:01:51.229224+00:00,,2026-09-25T15:01:51.230224+00:00,,2026-09-25T15:01:51.220223+00:00,,2026-09-25T15:01:51.221224+00:00,,2026-09-25T15:01:51.222224+00:00,,2026-09-25T15:01:51.223224+00:00,,2026-09-25T15:01:51.224224+00:00,,2026-09-25T15:01:51.225224+00:00,,2026-09-25T15:01:51.226224+00:00,,2026-09-25T15:01:51.227224+00:00,,2026-09-25T15:01:51.228224+00:00,,2026-09-25T15:01:51.218223+00:00,,2026-09-25T15:01:51.231224+00:00,,2026-09-25T15:01:51.232224+00:00,,2026-09-25T15:01:51.233224+00:00,,2026-09-25T15:01:51.234224+00:00,,2026-09-25T15:01:51.235224+00:00,,2026-09-25T15:01:51.236224+00:00,,2026-09-25T15:01:51.237224+00:00,,2026-09-25T15:01:51.238224+00:00,,2026-09-25T15:01:51.239225+00:00,,2026-09-25T15:01:51.240225+00:00,,2026-09-25T15:01:51.241225+00:00,,2026-09-25T15:01:51.242225+00:00,,2026-09-25T15:01:51.243225+00:00,,2026-09-25T15:01:51.244225+00:00,,2026-09-25T15:01:51.245225+00:00,,2026-09-25T15:01:51.246225+00:00,
232,2026-09-25T13:32:46.614582+00:00,2026-09-25T15:01:51.601245+00:00,93.00500000000001,2026-09-25T15:01:51.508240+00:00,,2026-09-25T15:01:51.514240+00:00,,2026-09-25T15:01:51.515240+00:00,,2026-09-25T15:01:51.516240+00:00,,2026-09-25T15:01:51.517240+00:00,,2026-09-25T15:01:51.518240+00:00,,2026-09-25T15:01:51.519241+00:00,,2026-09-25T15:01:51.534241+00:00,,2026-09-25T15:01:51.523241+00:00,,2026-09-25T15:01:51.524241+00:00,,2026-09-25T15:01:51.525241+00:00,,2026-09-25T15:01:51.526241+00:00,,2026-09-25T15:01:51.527241+00:00,,2026-09-25T15:01:51.528241+00:00,,2026-09-25T15:01:51.529241+00:00,,2026-09-25T15:01:51.530241+00:00,,2026-09-25T15:01:51.531241+00:00,,2026-09-25T15:01:51.532241+00:00,,2026-09-25T15:01:51.520241+00:00,,2026-09-25T15:01:51.522241+00:00,,2026-09-25T15:01:51.535241+00:00,,2026-09-25T15:01:51.536242+00:00,,2026-09-25T15:01:51.537242+00:00,,2026-09-25T15:01:51.538242+00:00,,2026-09-25T15:01:51.539242+00:00,,2026-09-25T15:01:51.540242+00:00,,2026-09-25T15:01:51.541242+00:00,,2026-09-25T15:01:51.542242+00:00,,2026-09-25T15:01:51.543242+00:00,,2026-09-25T15:01:51.544242+00:00,,2026-09-25T15:01:51.556243+00:00,,2026-09-25T15:01:51.546242+00:00,,2026-09-25T15:01:51.547242+00:00,,2026-09-25T15:01:51.548242+00:00,,2026-09-25T15:01:51.549242+00:00,,2026-09-25T15:01:51.561243+00:00,,2026-09-25T15:01:51.551242+00:00,,2026-09-25T15:01:51.552242+00:00,,2026-09-25T15:01:51.553242+00:00,,2026-09-25T15:01:51.554243+00:00,,2026-09-25T15:01:51.555243+00:00,,2026-09-25T15:01:51.545242+00:00,,2026-09-25T15:01:51.557243+00:00,,2026-09-25T15:01:51.558243+00:00,,2026-09-25T15:01:51.559243+00:00,,2026-09-25T15:01:51.560243+00:00,,2026-09-25T15:01:51.550242+00:00,,2026-09-25T15:01:51.562243+00:00,,2026-09-25T15:01:51.563243+00:00,,2026-09-25T15:01:51.564243+00:00,,2026-09-25T15:01:51.565243+00:00,,2026-09-25T15:01:51.577244+00:00,,2026-09-25T15:01:51.567243+00:00,,2026-09-25T15:01:51.579244+00:00,,2026-09-25T15:01:51.580244+00:00,,2026-09-25T15:01:51.570243+00:00,,2026-09-25T15:01:51.571244+00:00,,2026-09-25T15:01:51.572244+00:00,,2026-09-25T15:01:51.573244+00:00,,2026-09-25T15:01:51.574244+00:00,,2026-09-25T15:01:51.575244+00:00,,2026-09-25T15:01:51.576244+00:00,,2026-09-25T15:01:51.566243+00:00,,2026-09-25T15:01:51.578244+00:00,,2026-09-25T15:01:51.568243+00:00,,2026-09-25T15:01:51.581244+00:00,,2026-09-25T15:01:51.582244+00:00,,2026-09-25T15:01:51.583244+00:00,,2026-09-25T15:01:51.584244+00:00,,2026-09-25T15:01:51.585244+00:00,,2026-09-25T15:01:51.586244+00:00,,2026-09-25T15:01:51.587244+00:00,,2026-09-25T15:01:51.588245+00:00,,2026-09-25T15:01:51.589245+00:00,,2026-09-25T15:01:51.590245+00:00,,2026-09-25T15:01:51.591245+00:00,,2026-09-25T15:01:51.592245+00:00,,2026-09-25T15:01:51.593245+00:00,,2026-09-25T15:01:51.594245+00:00,,2026-09-25T15:01:51.595245+00:00,,2026-09-25T15:01:51.597245+00:00,,2026-09-25T15:01:51.599245+00:00,,2026-09-25T15:01:51.601245+00:00,
233,2026-09-25T13:32:46.981444+00:00,2026-09-25T15:01:51.962266+00:00,107.006,2026-09-25T15:01:51.855260+00:00,,2026-09-25T15:01:51.878261+00:00,,2026-09-25T15:01:51.879261+00:00,,2026-09-25T15:01:51.880261+00:00,,2026-09-25T15:01:51.892262+00:00,,2026-09-25T15:01:51.882261+00:00,,2026-09-25T15:01:51.883261+00:00,,2026-09-25T15:01:51.884261+00:00,,2026-09-25T15:01:51.885261+00:00,,2026-09-25T15:01:51.886262+00:00,,2026-09-25T15:01:51.887262+00:00,,2026-09-25T15:01:51.888262+00:00,,2026-09-25T15:01:51.889262+00:00,,2026-09-25T15:01:51.890262+00:00,,2026-09-25T15:01:51.891262+00:00,,2026-09-25T15:01:51.881261+00:00,,2026-09-25T15:01:51.893262+00:00,,2026-09-25T15:01:51.894262+00:00,,2026-09-25T15:01:51.906263+00:00,,2026-09-25T15:01:51.896262+00:00,,2026-09-25T15:01:51.897262+00:00,,2026-09-25T15:01:51.898262+00:00,,2026-09-25T15:01:51.899262+00:00,,2026-09-25T15:01:51.900262+00:00,,2026-09-25T15:01:51.901262+00:00,,2026-09-25T15:01:51.902262+00:00,,2026-09-25T15:01:51.903263+00:00,,2026-09-25T15:01:51.904263+00:00,,2026-09-25T15:01:51.905263+00:00,,2026-09-25T15:01:51.895262+00:00,,2026-09-25T15:01:51.907263+00:00,,2026-09-25T15:01:51.908263+00:00,,2026-09-25T15:01:51.909263+00:00,,2026-09-25T15:01:51.910263+00:00,,2026-09-25T15:01:51.911263+00:00,,2026-09-25T15:01:51.912263+00:00,,2026-09-25T15:01:51.913263+00:00,,2026-09-25T15:01:51.914263+00:00,,2026-09-25T15:01:51.915263+00:00,,2026-09-25T15:01:51.916263+00:00,,2026-09-25T15:01:51.917263+00:00,,2026-09-25T15:01:51.918263+00:00,,2026-09-25T15:01:51.930264+00:00,,2026-09-25T15:01:51.920263+00:00,,2026-09-25T15:01:51.932264+00:00,,2026-09-25T15:01:51.933264+00:00,,2026-09-25T15:01:51.923264+00:00,,2026-09-25T15:01:51.924264+00:00,,2026-09-25T15:01:51.925264+00:00,,2026-09-25T15:01:51.926264+00:00,,2026-09-25T15:01:51.927264+00:00,,2026-09-25T15:01:51.928264+00:00,,2026-09-25T15:01:51.929264+00:00,,2026-09-25T15:01:51.931264+00:00,,2026-09-25T15:01:51.921264+00:00,,2026-09-25T15:01:51.922264+00:00,,2026-09-25T15:01:51.934264+00:00,,2026-09-25T15:01:51.935264+00:00,,2026-09-25T15:01:51.936264+00:00,,2026-09-25T15:01:51.937264+00:00,,2026-09-25T15:01:51.938265+00:00,,2026-09-25T15:01:51.939265+00:00,,2026-09-25T15:01:51.951265+00:00,,2026-09-25T15:01:51.941265+00:00,,2026-09-25T15:01:51.942265+00:00,,2026-09-25T15:01:51.943265+00:00,,2026-09-25T15:01:51.944265+00:00,,2026-09-25T15:01:51.945265+00:00,,2026-09-25T15:01:51.946265+00:00,,2026-09-25T15:01:51.947265+00:00,,2026-09-25T15:01:51.948265+00:00,,2026-09-25T15:01:51.949265+00:00,,2026-09-25T15:01:51.950265+00:00,,2026-09-25T15:01:51.940265+00:00,,2026-09-25T15:01:51.952265+00:00,,2026-09-25T15:01:51.953265+00:00,,2026-09-25T15:01:51.954265+00:00,,2026-09-25T15:01:51.956266+00:00,,2026-09-25T15:01:51.958266+00:00,,2026-09-25T15:01:51.959266+00:00,,2026-09-25T15:01:51.960266+00:00,,2026-09-25T15:01:51.961266+00:00,,2026-09-25T15:01:51.962266+00:00,
234,2026-09-25T13:32:47.422660+00:00,2026-09-25T15:01:52.372289+00:00,144.008,2026-09-25T15:01:52.228281+00:00,,2026-09-25T15:01:52.290285+00:00,,2026-09-25T15:01:52.302285+00:00,,2026-09-25T15:01:52.292285+00:00,,2026-09-25T15:01:52.293285+00:00,,2026-09-25T15:01:52.294285+00:00,,2026-09-25T15:01:52.295285+00:00,,2026-09-25T15:01:52.296285+00:00,,2026-09-25T15:01:52.297285+00:00,,2026-09-25T15:01:52.298285+00:00,,2026-09-25T15:01:52.299285+00:00,,2026-09-25T15:01:52.291285+00:00,,2026-09-25T15:01:52.311286+00:00,,2026-09-25T15:01:52.301285+00:00,,2026-09-25T15:01:52.303285+00:00,,2026-09-25T15:01:52.304285+00:00,,2026-09-25T15:01:52.305286+00:00,,2026-09-25T15:01:52.317286+00:00,,2026-09-25T15:01:52.307286+00:00,,2026-09-25T15:01:52.308286+00:00,,2026-09-25T15:01:52.309286+00:00,,2026-09-25T15:01:52.310286+00:00,,2026-09-25T15:01:52.300285+00:00,,2026-09-25T15:01:52.312286+00:00,,2026-09-25T15:01:52.313286+00:00,,2026-09-25T15:01:52.314286+00:00,,2026-09-25T15:01:52.315286+00:00,,2026-09-25T15:01:52.316286+00:00,,2026-09-25T15:01:52.306286+00:00,,2026-09-25T15:01:52.318286+00:00,,2026-09-25T15:01:52.341288+00:00,,2026-09-25T15:01:52.320286+00:00,,2026-09-25T15:01:52.321286+00:00,,2026-09-25T15:01:52.322286+00:00,,2026-09-25T15:01:52.323287+00:00,,2026-09-25T15:01:52.324287+00:00,,2026-09-25T15:01:52.325287+00:00,,2026-09-25T15:01:52.326287+00:00,,2026-09-25T15:01:52.327287+00:00,,2026-09-25T15:01:52.328287+00:00,,2026-09-25T15:01:52.329287+00:00,,2026-09-25T15:01:52.331287+00:00,,2026-09-25T15:01:52.332287+00:00,,2026-09-25T15:01:52.333287+00:00,,2026-09-25T15:01:52.334287+00:00,,2026-09-25T15:01:52.335287+00:00,,2026-09-25T15:01:52.336287+00:00,,2026-09-25T15:01:52.337287+00:00,,2026-09-25T15:01:52.338287+00:00,,2026-09-25T15:01:52.339287+00:00,,2026-09-25T15:01:52.340288+00:00,,2026-09-25T15:01:52.330287+00:00,,2026-09-25T15:01:52.353288+00:00,,2026-09-25T15:01:52.354288+00:00,,2026-09-25T15:01:52.344288+00:00,,2026-09-25T15:01:52.356288+00:00,,2026-09-25T15:01:52.357288+00:00,,2026-09-25T15:01:52.347288+00:00,,2026-09-25T15:01:52.348288+00:00,,2026-09-25T15:01:52.349288+00:00,,2026-09-25T15:01:52.350288+00:00,,2026-09-25T15:01:52.351288+00:00,,2026-09-25T15:01:52.352288+00:00,,2026-09-25T15:01:52.342288+00:00,,2026-09-25T15:01:52.343288+00:00,,2026-09-25T15:01:52.355288+00:00,,2026-09-25T15:01:52.345288+00:00,,2026-09-25T15:01:52.346288+00:00,,2026-09-25T15:01:52.358289+00:00,,2026-09-25T15:01:52.359289+00:00,,2026-09-25T15:01:52.360289+00:00,,2026-09-25T15:01:52.361289+00:00,,2026-09-25T15:01:52.362289+00:00,,2026-09-25T15:01:52.363289+00:00,,2026-09-25T15:01:52.364289+00:00,,2026-09-25T15:01:52.365289+00:00,,2026-09-25T15:01:52.366289+00:00,,2026-09-25T15:01:52.367289+00:00,,2026-09-25T15:01:52.368289+00:00,,2026-09-25T15:01:52.369289+00:00,,2026-09-25T15:01:52.370289+00:00,,2026-09-25T15:01:52.371289+00:00,,2026-09-25T15:01:52.372289+00:00,
235,2026-09-25T13:32:47.783893+00:00,2026-09-25T15:01:52.756311+00:00,92.00500000000001,2026-09-25T15:01:52.664306+00:00,,2026-09-25T15:01:52.674307+00:00,,2026-09-25T15:01:52.675307+00:00,,2026-09-25T15:01:52.676307+00:00,,2026-09-25T15:01:52.677307+00:00,,2026-09-25T15:01:52.678307+00:00,,2026-09-25T15:01:52.679307+00:00,,2026-09-25T15:01:52.680307+00:00,,2026-09-25T15:01:52.681307+00:00,,2026-09-25T15:01:52.682307+00:00,,2026-09-25T15:01:52.683307+00:00,,2026-09-25T15:01:52.695308+00:00,,2026-09-25T15:01:52.685307+00:00,,2026-09-25T15:01:52.686307+00:00,,2026-09-25T15:01:52.687307+00:00,,2026-09-25T15:01:52.688307+00:00,,2026-09-25T15:01:52.689307+00:00,,2026-09-25T15:01:52.701308+00:00,,2026-09-25T15:01:52.691308+00:00,,2026-09-25T15:01:52.692308+00:00,,2026-09-25T15:01:52.693308+00:00,,2026-09-25T15:01:52.694308+00:00,,2026-09-25T15:01:52.684307+00:00,,2026-09-25T15:01:52.696308+00:00,,2026-09-25T15:01:52.697308+00:00,,2026-09-25T15:01:52.698308+00:00,,2026-09-25T15:01:52.699308+00:00,,2026-09-25T15:01:52.700308+00:00,,2026-09-25T15:01:52.690308+00:00,,2026-09-25T15:01:52.702308+00:00,,2026-09-25T15:01:52.703308+00:00,,2026-09-25T15:01:52.704308+00:00,,2026-09-25T15:01:52.705308+00:00,,2026-09-25T15:01:52.706308+00:00,,2026-09-25T15:01:52.707309+00:00,,2026-09-25T15:01:52.708309+00:00,,2026-09-25T15:01:52.709309+00:00,,2026-09-25T15:01:52.710309+00:00,,2026-09-25T15:01:52.711309+00:00,,2026-09-25T15:01:52.712309+00:00,,2026-09-25T15:01:52.713309+00:00,,2026-09-25T15:01:52.714309+00:00,,2026-09-25T15:01:52.715309+00:00,,2026-09-25T15:01:52.716309+00:00,,2026-09-25T15:01:52.717309+00:00,,2026-09-25T15:01:52.729310+00:00,,2026-09-25T15:01:52.719309+00:00,,2026-09-25T15:01:52.720309+00:00,,2026-09-25T15:01:52.721309+00:00,,2026-09-25T15:01:52.722309+00:00,,2026-09-25T15:01:52.723309+00:00,,2026-09-25T15:01:52.724309+00:00,,2026-09-25T15:01:52.725310+00:00,,2026-09-25T15:01:52.726310+00:00,,2026-09-25T15:01:52.727310+00:00,,2026-09-25T15:01:52.728310+00:00,,2026-09-25T15:01:52.730310+00:00,,2026-09-25T15:01:52.731310+00:00,,2026-09-25T15:01:52.732310+00:00,,2026-09-25T15:01:52.733310+00:00,,2026-09-25T15:01:52.734310+00:00,,2026-09-25T15:01:52.735310+00:00,,2026-09-25T15:01:52.736310+00:00,,2026-09-25T15:01:52.737310+00:00,,2026-09-25T15:01:52.738310+00:00,,2026-09-25T15:01:52.739310+00:00,,2026-09-25T15:01:52.740310+00:00,,2026-09-25T15:01:52.741310+00:00,,2026-09-25T15:01:52.742311+00:00,,2026-09-25T15:01:52.743311+00:00,,2026-09-25T15:01:52.744311+00:00,,2026-09-25T15:01:52.745311+00:00,,2026-09-25T15:01:52.746311+00:00,,2026-09-25T15:01:52.747311+00:00,,2026-09-25T15:01:52.748311+00:00,,2026-09-25T15:01:52.749311+00:00,,2026-09-25T15:01:52.750311+00:00,,2026-09-25T15:01:52.751311+00:00,,2026-09-25T15:01:52.752311+00:00,,2026-09-25T15:01:52.753311+00:00,,2026-09-25T15:01:52.754311+00:00,,2026-09-25T15:01:52.755311+00:00,,2026-09-25T15:01:52.756311+00:00,
236,2026-09-25T13:32:48.148406+00:00,2026-09-25T15:01:53.123332+00:00,96.005,2026-09-25T15:01:53.027327+00:00,,2026-09-25T15:01:53.040328+00:00,,2026-09-25T15:01:53.041328+00:00,,2026-09-25T15:01:53.042328+00:00,,2026-09-25T15:01:53.043328+00:00,,2026-09-25T15:01:53.044328+00:00,,2026-09-25T15:01:53.045328+00:00,,2026-09-25T15:01:53.046328+00:00,,2026-09-25T15:01:53.047328+00:00,,2026-09-25T15:01:53.048328+00:00,,2026-09-25T15:01:53.049328+00:00,,2026-09-25T15:01:53.061329+00:00,,2026-09-25T15:01:53.051328+00:00,,2026-09-25T15:01:53.052328+00:00,,2026-09-25T15:01:53.053328+00:00,,2026-09-25T15:01:53.054328+00:00,,2026-09-25T15:01:53.066329+00:00,,2026-09-25T15:01:53.056328+00:00,,2026-09-25T15:01:53.057329+00:00,,2026-09-25T15:01:53.058329+00:00,,2026-09-25T15:01:53.059329+00:00,,2026-09-25T15:01:53.060329+00:00,,2026-09-25T15:01:53.050328+00:00,,2026-09-25T15:01:53.062329+00:00,,2026-09-25T15:01:53.063329+00:00,,2026-09-25T15:01:53.064329+00:00,,2026-09-25T15:01:53.065329+00:00,,2026-09-25T15:01:53.055328+00:00,,2026-09-25T15:01:53.067329+00:00,,2026-09-25T15:01:53.079330+00:00,,2026-09-25T15:01:53.069329+00:00,,2026-09-25T15:01:53.070329+00:00,,2026-09-25T15:01:53.071329+00:00,,2026-09-25T15:01:53.083330+00:00,,2026-09-25T15:01:53.084330+00:00,,2026-09-25T15:01:53.074329+00:00,,2026-09-25T15:01:53.075330+00:00,,2026-09-25T15:01:53.076330+00:00,,2026-09-25T15:01:53.077330+00:00,,2026-09-25T15:01:53.078330+00:00,,2026-09-25T15:01:53.080330+00:00,,2026-09-25T15:01:53.081330+00:00,,2026-09-25T15:01:53.082330+00:00,,2026-09-25T15:01:53.072329+00:00,,2026-09-25T15:01:53.073329+00:00,,2026-09-25T15:01:53.085330+00:00,,2026-09-25T15:01:53.086330+00:00,,2026-09-25T15:01:53.087330+00:00,,2026-09-25T15:01:53.088330+00:00,,2026-09-25T15:01:53.089330+00:00,,2026-09-25T15:01:53.090330+00:00,,2026-09-25T15:01:53.102331+00:00,,2026-09-25T15:01:53.092331+00:00,,2026-09-25T15:01:53.093331+00:00,,2026-09-25T15:01:53.094331+00:00,,2026-09-25T15:01:53.095331+00:00,,2026-09-25T15:01:53.096331+00:00,,2026-09-25T15:01:53.097331+00:00,,2026-09-25T15:01:53.098331+00:00,,2026-09-25T15:01:53.099331+00:00,,2026-09-25T15:01:53.100331+00:00,,2026-09-25T15:01:53.101331+00:00,,2026-09-25T15:01:53.091330+00:00,,2026-09-25T15:01:53.103331+00:00,,2026-09-25T15:01:53.104331+00:00,,2026-09-25T15:01:53.105331+00:00,,2026-09-25T15:01:53.106331+00:00,,2026-09-25T15:01:53.107331+00:00,,2026-09-25T15:01:53.108331+00:00,,2026-09-25T15:01:53.109332+00:00,,2026-09-25T15:01:53.121332+00:00,,2026-09-25T15:01:53.111332+00:00,,2026-09-25T15:01:53.112332+00:00,,2026-09-25T15:01:53.113332+00:00,,2026-09-25T15:01:53.114332+00:00,,2026-09-25T15:01:53.115332+00:00,,2026-09-25T15:01:53.116332+00:00,,2026-09-25T15:01:53.117332+00:00,,2026-09-25T15:01:53.123332+00:00,,2026-09-25T15:01:53.119332+00:00,,2026-09-25T15:01:53.120332+00:00,,2026-09-25T15:01:53.110332+00:00,,2026-09-25T15:01:53.122332+00:00,
237,2026-09-25T13:32:48.512760+00:00,2026-09-25T15:01:53.499354+00:00,93.006,2026-09-25T15:01:53.406348+00:00,,2026-09-25T15:01:53.413349+00:00,,2026-09-25T15:01:53.414349+00:00,,2026-09-25T15:01:53.415349+00:00,,2026-09-25T15:01:53.416349+00:00,,2026-09-25T15:01:53.417349+00:00,,2026-09-25T15:01:53.429350+00:00,,2026-09-25T15:01:53.419349+00:00,,2026-09-25T15:01:53.420349+00:00,,2026-09-25T15:01:53.421349+00:00,,2026-09-25T15:01:53.422349+00:00,,2026-09-25T15:01:53.423349+00:00,,2026-09-25T15:01:53.424350+00:00,,2026-09-25T15:01:53.425350+00:00,,2026-09-25T15:01:53.426350+00:00,,2026-09-25T15:01:53.427350+00:00,,2026-09-25T15:01:53.428350+00:00,,2026-09-25T15:01:53.430350+00:00,,2026-09-25T15:01:53.431350+00:00,,2026-09-25T15:01:53.432350+00:00,,2026-09-25T15:01:53.445351+00:00,,2026-09-25T15:01:53.434350+00:00,,2026-09-25T15:01:53.435350+00:00,,2026-09-25T15:01:53.436350+00:00,,2026-09-25T15:01:53.437350+00:00,,2026-09-25T15:01:53.450351+00:00,,2026-09-25T15:01:53.440350+00:00,,2026-09-25T15:01:53.441350+00:00,,2026-09-25T15:01:53.442351+00:00,,2026-09-25T15:01:53.443351+00:00,,2026-09-25T15:01:53.444351+00:00,,2026-09-25T15:01:53.433350+00:00,,2026-09-25T15:01:53.446351+00:00,,2026-09-25T15:01:53.447351+00:00,,2026-09-25T15:01:53.448351+00:00,,2026-09-25T15:01:53.449351+00:00,,2026-09-25T15:01:53.439350+00:00,,2026-09-25T15:01:53.451351+00:00,,2026-09-25T15:01:53.452351+00:00,,2026-09-25T15:01:53.453351+00:00,,2026-09-25T15:01:53.454351+00:00,,2026-09-25T15:01:53.455351+00:00,,2026-09-25T15:01:53.456351+00:00,,2026-09-25T15:01:53.457351+00:00,,2026-09-25T15:01:53.458351+00:00,,2026-09-25T15:01:53.459352+00:00,,2026-09-25T15:01:53.460352+00:00,,2026-09-25T15:01:53.461352+00:00,,2026-09-25T15:01:53.475352+00:00,,2026-09-25T15:01:53.463352+00:00,,2026-09-25T15:01:53.464352+00:00,,2026-09-25T15:01:53.465352+00:00,,2026-09-25T15:01:53.466352+00:00,,2026-09-25T15:01:53.467352+00:00,,2026-09-25T15:01:53.481353+00:00,,2026-09-25T15:01:53.470352+00:00,,2026-09-25T15:01:53.483353+00:00,,2026-09-25T15:01:53.473352+00:00,,2026-09-25T15:01:53.474352+00:00,,2026-09-25T15:01:53.462352+00:00,,2026-09-25T15:01:53.476352+00:00,,2026-09-25T15:01:53.477353+00:00,,2026-09-25T15:01:53.478353+00:00,,2026-09-25T15:01:53.479353+00:00,,2026-09-25T15:01:53.480353+00:00,,2026-09-25T15:01:53.482353+00:00,,2026-09-25T15:01:53.472352+00:00,,2026-09-25T15:01:53.484353+00:00,,2026-09-25T15:01:53.485353+00:00,,2026-09-25T15:01:53.486353+00:00,,2026-09-25T15:01:53.487353+00:00,,2026-09-25T15:01:53.488353+00:00,,2026-09-25T15:01:53.489353+00:00,,2026-09-25T15:01:53.490353+00:00,,2026-09-25T15:01:53.491353+00:00,,2026-09-25T15:01:53.492353+00:00,,2026-09-25T15:01:53.493353+00:00,,2026-09-25T15:01:53.494354+00:00,,2026-09-25T15:01:53.495354+00:00,,2026-09-25T15:01:53.496354+00:00,,2026-09-25T15:01:53.497354+00:00,,2026-09-25T15:01:53.498354+00:00,,2026-09-25T15:01:53.499354+00:00,
238,2026-09-25T13:32:48.915700+00:00,2026-09-25T15:01:53.901377+00:00,144.008,2026-09-25T15:01:53.757369+00:00,,2026-09-25T15:01:53.784370+00:00,,2026-09-25T15:01:53.785370+00:00,,2026-09-25T15:01:53.786370+00:00,,2026-09-25T15:01:53.787370+00:00,,2026-09-25T15:01:53.788370+00:00,,2026-09-25T15:01:53.789370+00:00,,2026-09-25T15:01:53.790370+00:00,,2026-09-25T15:01:53.791371+00:00,,2026-09-25T15:01:53.792371+00:00,,2026-09-25T15:01:53.793371+00:00,,2026-09-25T15:01:53.794371+00:00,,2026-09-25T15:01:53.795371+00:00,,2026-09-25T15:01:53.796371+00:00,,2026-09-25T15:01:53.797371+00:00,,2026-09-25T15:01:53.833373+00:00,,2026-09-25T15:01:53.834373+00:00,,2026-09-25T15:01:53.835373+00:00,,2026-09-25T15:01:53.836373+00:00,,2026-09-25T15:01:53.837373+00:00,,2026-09-25T15:01:53.838373+00:00,,2026-09-25T15:01:53.840373+00:00,,2026-09-25T15:01:53.841373+00:00,,2026-09-25T15:01:53.842373+00:00,,2026-09-25T15:01:53.843373+00:00,,2026-09-25T15:01:53.832373+00:00,,2026-09-25T15:01:53.798371+00:00,,2026-09-25T15:01:53.799371+00:00,,2026-09-25T15:01:53.801371+00:00,,2026-09-25T15:01:53.802371+00:00,,2026-09-25T15:01:53.803371+00:00,,2026-09-25T15:01:53.822372+00:00,,2026-09-25T15:01:53.826373+00:00,,2026-09-25T15:01:53.828373+00:00,,2026-09-25T15:01:53.829373+00:00,,2026-09-25T15:01:53.831373+00:00,,2026-09-25T15:01:53.844374+00:00,,2026-09-25T15:01:53.845374+00:00,,2026-09-25T15:01:53.846374+00:00,,2026-09-25T15:01:53.847374+00:00,,2026-09-25T15:01:53.848374+00:00,,2026-09-25T15:01:53.849374+00:00,,2026-09-25T15:01:53.850374+00:00,,2026-09-25T15:01:53.851374+00:00,,2026-09-25T15:01:53.863375+00:00,,2026-09-25T15:01:53.853374+00:00,,2026-09-25T15:01:53.854374+00:00,,2026-09-25T15:01:53.855374+00:00,,2026-09-25T15:01:53.856374+00:00,,2026-09-25T15:01:53.857374+00:00,,2026-09-25T15:01:53.858374+00:00,,2026-09-25T15:01:53.859374+00:00,,2026-09-25T15:01:53.860374+00:00,,2026-09-25T15:01:53.861375+00:00,,2026-09-25T15:01:53.862375+00:00,,2026-09-25T15:01:53.852374+00:00,,2026-09-25T15:01:53.864375+00:00,,2026-09-25T15:01:53.865375+00:00,,2026-09-25T15:01:53.866375+00:00,,2026-09-25T15:01:53.878375+00:00,,2026-09-25T15:01:53.868375+00:00,,2026-09-25T15:01:53.869375+00:00,,2026-09-25T15:01:53.870375+00:00,,2026-09-25T15:01:53.871375+00:00,,2026-09-25T15:01:53.872375+00:00,,2026-09-25T15:01:53.873375+00:00,,2026-09-25T15:01:53.874375+00:00,,2026-09-25T15:01:53.875375+00:00,,2026-09-25T15:01:53.876375+00:00,,2026-09-25T15:01:53.877375+00:00,,2026-09-25T15:01:53.879376+00:00,,2026-09-25T15:01:53.880376+00:00,,2026-09-25T15:01:53.881376+00:00,,2026-09-25T15:01:53.882376+00:00,,2026-09-25T15:01:53.883376+00:00,,2026-09-25T15:01:53.884376+00:00,,2026-09-25T15:01:53.896377+00:00,,2026-09-25T15:01:53.886376+00:00,,2026-09-25T15:01:53.887376+00:00,,2026-09-25T15:01:53.899377+00:00,,2026-09-25T15:01:53.889376+00:00,,2026-09-25T15:01:53.901377+00:00,,2026-09-25T15:01:53.891376+00:00,
239,2026-09-25T13:32:49.355618+00:00,2026-09-25T15:01:54.339402+00:00,136.00799999999998,2026-09-25T15:01:54.203394+00:00,,2026-09-25T15:01:54.235396+00:00,,2026-09-25T15:01:54.236396+00:00,,2026-09-25T15:01:54.237396+00:00,,2026-09-25T15:01:54.238396+00:00,,2026-09-25T15:01:54.239396+00:00,,2026-09-25T15:01:54.240396+00:00,,2026-09-25T15:01:54.241396+00:00,,2026-09-25T15:01:54.242396+00:00,,2026-09-25T15:01:54.243396+00:00,,2026-09-25T15:01:54.244396+00:00,,2026-09-25T15:01:54.245396+00:00,,2026-09-25T15:01:54.246397+00:00,,2026-09-25T15:01:54.247397+00:00,,2026-09-25T15:01:54.248397+00:00,,2026-09-25T15:01:54.249397+00:00,,2026-09-25T15:01:54.262397+00:00,,2026-09-25T15:01:54.263398+00:00,,2026-09-25T15:01:54.264398+00:00,,2026-09-25T15:01:54.265398+00:00,,2026-09-25T15:01:54.266398+00:00,,2026-09-25T15:01:54.278398+00:00,,2026-09-25T15:01:54.268398+00:00,,2026-09-25T15:01:54.258397+00:00,,2026-09-25T15:01:54.259397+00:00,,2026-09-25T15:01:54.260397+00:00,,2026-09-25T15:01:54.261397+00:00,,2026-09-25T15:01:54.251397+00:00,,2026-09-25T15:01:54.252397+00:00,,2026-09-25T15:01:54.253397+00:00,,2026-09-25T15:01:54.254397+00:00,,2026-09-25T15:01:54.255397+00:00,,2026-09-25T15:01:54.256397+00:00,,2026-09-25T15:01:54.257397+00:00,,2026-09-25T15:01:54.269398+00:00,,2026-09-25T15:01:54.270398+00:00,,2026-09-25T15:01:54.271398+00:00,,2026-09-25T15:01:54.272398+00:00,,2026-09-25T15:01:54.273398+00:00,,2026-09-25T15:01:54.274398+00:00,,2026-09-25T15:01:54.275398+00:00,,2026-09-25T15:01:54.276398+00:00,,2026-09-25T15:01:54.277398+00:00,,2026-09-25T15:01:54.279398+00:00,,2026-09-25T15:01:54.280398+00:00,,2026-09-25T15:01:54.281399+00:00,,2026-09-25T15:01:54.282399+00:00,,2026-09-25T15:01:54.283399+00:00,,2026-09-25T15:01:54.284399+00:00,,2026-09-25T15:01:54.285399+00:00,,2026-09-25T15:01:54.286399+00:00,,2026-09-25T15:01:54.287399+00:00,,2026-09-25T15:01:54.288399+00:00,,2026-09-25T15:01:54.289399+00:00,,2026-09-25T15:01:54.290399+00:00,,2026-09-25T15:01:54.291399+00:00,,2026-09-25T15:01:54.292399+00:00,,2026-09-25T15:01:54.293399+00:00,,2026-09-25T15:01:54.294399+00:00,,2026-09-25T15:01:54.295399+00:00,,2026-09-25T15:01:54.296399+00:00,,2026-09-25T15:01:54.297399+00:00,,2026-09-25T15:01:54.298400+00:00,,2026-09-25T15:01:54.299400+00:00,,2026-09-25T15:01:54.300400+00:00,,2026-09-25T15:01:54.312400+00:00,,2026-09-25T15:01:54.303400+00:00,,2026-09-25T15:01:54.304400+00:00,,2026-09-25T15:01:54.305400+00:00,,2026-09-25T15:01:54.339402+00:00,,2026-09-25T15:01:54.307400+00:00,,2026-09-25T15:01:54.308400+00:00,,2026-09-25T15:01:54.309400+00:00,,2026-09-25T15:01:54.310400+00:00,,2026-09-25T15:01:54.311400+00:00,,2026-09-25T15:01:54.301400+00:00,,2026-09-25T15:01:54.313400+00:00,,2026-09-25T15:01:54.314400+00:00,,2026-09-25T15:01:54.315400+00:00,,2026-09-25T15:01:54.316401+00:00,,2026-09-25T15:01:54.306400+00:00,,2026-09-25T15:01:54.318401+00:00,,2026-09-25T15:01:54.319401+00:00,
240,2026-09-25T13:32:49.922394+00:00,2026-09-25T15:01:54.894434+00:00,171.01,2026-09-25T15:01:54.723424+00:00,,2026-09-25T15:01:54.739425+00:00,,2026-09-25T15:01:54.740425+00:00,,2026-09-25T15:01:54.741425+00:00,,2026-09-25T15:01:54.742425+00:00,,2026-09-25T15:01:54.755426+00:00,,2026-09-25T15:01:54.744425+00:00,,2026-09-25T15:01:54.745425+00:00,,2026-09-25T15:01:54.758426+00:00,,2026-09-25T15:01:54.747425+00:00,,2026-09-25T15:01:54.749425+00:00,,2026-09-25T15:01:54.750425+00:00,,2026-09-25T15:01:54.751425+00:00,,2026-09-25T15:01:54.752425+00:00,,2026-09-25T15:01:54.753426+00:00,,2026-09-25T15:01:54.754426+00:00,,2026-09-25T15:01:54.768426+00:00,,2026-09-25T15:01:54.746425+00:00,,2026-09-25T15:01:54.760426+00:00,,2026-09-25T15:01:54.762426+00:00,,2026-09-25T15:01:54.765426+00:00,,2026-09-25T15:01:54.778427+00:00,,2026-09-25T15:01:54.757426+00:00,,2026-09-25T15:01:54.771427+00:00,,2026-09-25T15:01:54.773427+00:00,,2026-09-25T15:01:54.775427+00:00,,2026-09-25T15:01:54.777427+00:00,,2026-09-25T15:01:54.780427+00:00,,2026-09-25T15:01:54.782427+00:00,,2026-09-25T15:01:54.784427+00:00,,2026-09-25T15:01:54.786427+00:00,,2026-09-25T15:01:54.788428+00:00,,2026-09-25T15:01:54.779427+00:00,,2026-09-25T15:01:54.792428+00:00,,2026-09-25T15:01:54.794428+00:00,,2026-09-25T15:01:54.807429+00:00,,2026-09-25T15:01:54.798428+00:00,,2026-09-25T15:01:54.800428+00:00,,2026-09-25T15:01:54.814429+00:00,,2026-09-25T15:01:54.816429+00:00,,2026-09-25T15:01:54.795428+00:00,,2026-09-25T15:01:54.808429+00:00,,2026-09-25T15:01:54.810429+00:00,,2026-09-25T15:01:54.813429+00:00,,2026-09-25T15:01:54.815429+00:00,,2026-09-25T15:01:54.828430+00:00,,2026-09-25T15:01:54.819429+00:00,,2026-09-25T15:01:54.821429+00:00,,2026-09-25T15:01:54.823430+00:00,,2026-09-25T15:01:54.825430+00:00,,2026-09-25T15:01:54.827430+00:00,,2026-09-25T15:01:54.830430+00:00,,2026-09-25T15:01:54.832430+00:00,,2026-09-25T15:01:54.834430+00:00,,2026-09-25T15:01:54.836430+00:00,,2026-09-25T15:01:54.838430+00:00,,2026-09-25T15:01:54.840431+00:00,,2026-09-25T15:01:54.831430+00:00,,2026-09-25T15:01:54.844431+00:00,,2026-09-25T15:01:54.846431+00:00,,2026-09-25T15:01:54.870432+00:00,,2026-09-25T15:01:54.850431+00:00,,2026-09-25T15:01:54.852431+00:00,,2026-09-25T15:01:54.854431+00:00,,2026-09-25T15:01:54.856431+00:00,,2026-09-25T15:01:54.858432+00:00,,2026-09-25T15:01:54.860432+00:00,,2026-09-25T15:01:54.862432+00:00,,2026-09-25T15:01:54.864432+00:00,,2026-09-25T15:01:54.866432+00:00,,2026-09-25T15:01:54.868432+00:00,,2026-09-25T15:01:54.859432+00:00,,2026-09-25T15:01:54.872432+00:00,,2026-09-25T15:01:54.875433+00:00,,2026-09-25T15:01:54.877433+00:00,,2026-09-25T15:01:54.880433+00:00,,2026-09-25T15:01:54.882433+00:00,,2026-09-25T15:01:54.884433+00:00,,2026-09-25T15:01:54.886433+00:00,,2026-09-25T15:01:54.888433+00:00,,2026-09-25T15:01:54.890433+00:00,,2026-09-25T15:01:54.892433+00:00,,2026-09-25T15:01:54.894434+00:00,
241,2026-09-25T13:32:50.311038+00:00,2026-09-25T15:01:55.269455+00:00,105.006,2026-09-25T15:01:55.164449+00:00,,2026-09-25T15:01:55.174450+00:00,,2026-09-25T15:01:55.175450+00:00,,2026-09-25T15:01:55.176450+00:00,,2026-09-25T15:01:55.177450+00:00,,2026-09-25T15:01:55.178450+00:00,,2026-09-25T15:01:55.179450+00:00,,2026-09-25T15:01:55.180450+00:00,,2026-09-25T15:01:55.181450+00:00,,2026-09-25T15:01:55.182450+00:00,,2026-09-25T15:01:55.183450+00:00,,2026-09-25T15:01:55.184450+00:00,,2026-09-25T15:01:55.197451+00:00,,2026-09-25T15:01:55.187450+00:00,,2026-09-25T15:01:55.188450+00:00,,2026-09-25T15:01:55.189450+00:00,,2026-09-25T15:01:55.190451+00:00,,2026-09-25T15:01:55.191451+00:00,,2026-09-25T15:01:55.192451+00:00,,2026-09-25T15:01:55.193451+00:00,,2026-09-25T15:01:55.194451+00:00,,2026-09-25T15:01:55.195451+00:00,,2026-09-25T15:01:55.196451+00:00,,2026-09-25T15:01:55.186450+00:00,,2026-09-25T15:01:55.198451+00:00,,2026-09-25T15:01:55.199451+00:00,,2026-09-25T15:01:55.200451+00:00,,2026-09-25T15:01:55.201451+00:00,,2026-09-25T15:01:55.202451+00:00,,2026-09-25T15:01:55.203451+00:00,,2026-09-25T15:01:55.204451+00:00,,2026-09-25T15:01:55.205451+00:00,,2026-09-25T15:01:55.206451+00:00,,2026-09-25T15:01:55.207452+00:00,,2026-09-25T15:01:55.208452+00:00,,2026-09-25T15:01:55.209452+00:00,,2026-09-25T15:01:55.210452+00:00,,2026-09-25T15:01:55.211452+00:00,,2026-09-25T15:01:55.212452+00:00,,2026-09-25T15:01:55.213452+00:00,,2026-09-25T15:01:55.214452+00:00,,2026-09-25T15:01:55.215452+00:00,,2026-09-25T15:01:55.228453+00:00,,2026-09-25T15:01:55.217452+00:00,,2026-09-25T15:01:55.218452+00:00,,2026-09-25T15:01:55.219452+00:00,,2026-09-25T15:01:55.220452+00:00,,2026-09-25T15:01:55.221452+00:00,,2026-09-25T15:01:55.234453+00:00,,2026-09-25T15:01:55.223452+00:00,,2026-09-25T15:01:55.224452+00:00,,2026-09-25T15:01:55.237453+00:00,,2026-09-25T15:01:55.226453+00:00,,2026-09-25T15:01:55.216452+00:00,,2026-09-25T15:01:55.229453+00:00,,2026-09-25T15:01:55.230453+00:00,,2026-09-25T15:01:55.231453+00:00,,2026-09-25T15:01:55.232453+00:00,,2026-09-25T15:01:55.233453+00:00,,2026-09-25T15:01:55.222452+00:00,,2026-09-25T15:01:55.235453+00:00,,2026-09-25T15:01:55.236453+00:00,,2026-09-25T15:01:55.225453+00:00,,2026-09-25T15:01:55.238453+00:00,,2026-09-25T15:01:55.239453+00:00,,2026-09-25T15:01:55.240453+00:00,,2026-09-25T15:01:55.241453+00:00,,2026-09-25T15:01:55.242454+00:00,,2026-09-25T15:01:55.243454+00:00,,2026-09-25T15:01:55.244454+00:00,,2026-09-25T15:01:55.245454+00:00,,2026-09-25T15:01:55.246454+00:00,,2026-09-25T15:01:55.247454+00:00,,2026-09-25T15:01:55.249454+00:00,,2026-09-25T15:01:55.250454+00:00,,2026-09-25T15:01:55.251454+00:00,,2026-09-25T15:01:55.252454+00:00,,2026-09-25T15:01:55.253454+00:00,,2026-09-25T15:01:55.254454+00:00,,2026-09-25T15:01:55.255454+00:00,,2026-09-25T15:01:55.268455+00:00,,2026-09-25T15:01:55.269455+00:00,,2026-09-25T15:01:55.258454+00:00,
242,2026-09-25T13:32:50.735971+00:00,2026-09-25T15:01:55.669478+00:00,96.006,2026-09-25T15:01:55.573472+00:00,,2026-09-25T15:01:55.583473+00:00,,2026-09-25T15:01:55.584473+00:00,,2026-09-25T15:01:55.585473+00:00,,2026-09-25T15:01:55.586473+00:00,,2026-09-25T15:01:55.587473+00:00,,2026-09-25T15:01:55.588473+00:00,,2026-09-25T15:01:55.589473+00:00,,2026-09-25T15:01:55.590473+00:00,,2026-09-25T15:01:55.591473+00:00,,2026-09-25T15:01:55.592474+00:00,,2026-09-25T15:01:55.605474+00:00,,2026-09-25T15:01:55.607474+00:00,,2026-09-25T15:01:55.595474+00:00,,2026-09-25T15:01:55.596474+00:00,,2026-09-25T15:01:55.597474+00:00,,2026-09-25T15:01:55.598474+00:00,,2026-09-25T15:01:55.599474+00:00,,2026-09-25T15:01:55.600474+00:00,,2026-09-25T15:01:55.614475+00:00,,2026-09-25T15:01:55.603474+00:00,,2026-09-25T15:01:55.604474+00:00,,2026-09-25T15:01:55.593474+00:00,,2026-09-25T15:01:55.594474+00:00,,2026-09-25T15:01:55.608474+00:00,,2026-09-25T15:01:55.609475+00:00,,2026-09-25T15:01:55.610475+00:00,,2026-09-25T15:01:55.611475+00:00,,2026-09-25T15:01:55.612475+00:00,,2026-09-25T15:01:55.613475+00:00,,2026-09-25T15:01:55.602474+00:00,,2026-09-25T15:01:55.615475+00:00,,2026-09-25T15:01:55.628476+00:00,,2026-09-25T15:01:55.617475+00:00,,2026-09-25T15:01:55.618475+00:00,,2026-09-25T15:01:55.631476+00:00,,2026-09-25T15:01:55.620475+00:00,,2026-09-25T15:01:55.621475+00:00,,2026-09-25T15:01:55.645477+00:00,,2026-09-25T15:01:55.624475+00:00,,2026-09-25T15:01:55.625475+00:00,,2026-09-25T15:01:55.626475+00:00,,2026-09-25T15:01:55.627476+00:00,,2026-09-25T15:01:55.629476+00:00,,2026-09-25T15:01:55.630476+00:00,,2026-09-25T15:01:55.619475+00:00,,2026-09-25T15:01:55.632476+00:00,,2026-09-25T15:01:55.633476+00:00,,2026-09-25T15:01:55.623475+00:00,,2026-09-25T15:01:55.635476+00:00,,2026-09-25T15:01:55.636476+00:00,,2026-09-25T15:01:55.637476+00:00,,2026-09-25T15:01:55.638476+00:00,,2026-09-25T15:01:55.639476+00:00,,2026-09-25T15:01:55.640476+00:00,,2026-09-25T15:01:55.641476+00:00,,2026-09-25T15:01:55.642476+00:00,,2026-09-25T15:01:55.643476+00:00,,2026-09-25T15:01:55.644477+00:00,,2026-09-25T15:01:55.634476+00:00,,2026-09-25T15:01:55.646477+00:00,,2026-09-25T15:01:55.647477+00:00,,2026-09-25T15:01:55.648477+00:00,,2026-09-25T15:01:55.649477+00:00,,2026-09-25T15:01:55.650477+00:00,,2026-09-25T15:01:55.651477+00:00,,2026-09-25T15:01:55.652477+00:00,,2026-09-25T15:01:55.653477+00:00,,2026-09-25T15:01:55.654477+00:00,,2026-09-25T15:01:55.669478+00:00,,2026-09-25T15:01:55.656477+00:00,,2026-09-25T15:01:55.657477+00:00,,2026-09-25T15:01:55.658477+00:00,,2026-09-25T15:01:55.659477+00:00,,2026-09-25T15:01:55.660477+00:00,,2026-09-25T15:01:55.661477+00:00,,2026-09-25T15:01:55.662478+00:00,,2026-09-25T15:01:55.663478+00:00,,2026-09-25T15:01:55.664478+00:00,,2026-09-25T15:01:55.665478+00:00,,2026-09-25T15:01:55.655477+00:00,,2026-09-25T15:01:55.667478+00:00,,2026-09-25T15:01:55.668478+00:00,
243,2026-09-25T13:32:51.126376+00:00,2026-09-25T15:01:56.083502+00:00,101.006,2026-09-25T15:01:55.982496+00:00,,2026-09-25T15:01:55.993496+00:00,,2026-09-25T15:01:55.994497+00:00,,2026-09-25T15:01:56.008497+00:00,,2026-09-25T15:01:56.009497+00:00,,2026-09-25T15:01:55.999497+00:00,,2026-09-25T15:01:56.000497+00:00,,2026-09-25T15:01:56.001497+00:00,,2026-09-25T15:01:56.002497+00:00,,2026-09-25T15:01:56.003497+00:00,,2026-09-25T15:01:56.004497+00:00,,2026-09-25T15:01:56.005497+00:00,,2026-09-25T15:01:56.006497+00:00,,2026-09-25T15:01:56.007497+00:00,,2026-09-25T15:01:55.996497+00:00,,2026-09-25T15:01:55.998497+00:00,,2026-09-25T15:01:56.010497+00:00,,2026-09-25T15:01:56.012498+00:00,,2026-09-25T15:01:56.026498+00:00,,2026-09-25T15:01:56.039499+00:00,,2026-09-25T15:01:56.017498+00:00,,2026-09-25T15:01:56.018498+00:00,,2026-09-25T15:01:56.019498+00:00,,2026-09-25T15:01:56.020498+00:00,,2026-09-25T15:01:56.021498+00:00,,2026-09-25T15:01:56.022498+00:00,,2026-09-25T15:01:56.023498+00:00,,2026-09-25T15:01:56.024498+00:00,,2026-09-25T15:01:56.025498+00:00,,2026-09-25T15:01:56.014498+00:00,,2026-09-25T15:01:56.016498+00:00,,2026-09-25T15:01:56.029499+00:00,,2026-09-25T15:01:56.030499+00:00,,2026-09-25T15:01:56.031499+00:00,,2026-09-25T15:01:56.032499+00:00,,2026-09-25T15:01:56.033499+00:00,,2026-09-25T15:01:56.034499+00:00,,2026-09-25T15:01:56.035499+00:00,,2026-09-25T15:01:56.036499+00:00,,2026-09-25T15:01:56.037499+00:00,,2026-09-25T15:01:56.049500+00:00,,2026-09-25T15:01:56.027498+00:00,,2026-09-25T15:01:56.040499+00:00,,2026-09-25T15:01:56.041499+00:00,,2026-09-25T15:01:56.042499+00:00,,2026-09-25T15:01:56.043499+00:00,,2026-09-25T15:01:56.044499+00:00,,2026-09-25T15:01:56.045499+00:00,,2026-09-25T15:01:56.046499+00:00,,2026-09-25T15:01:56.047500+00:00,,2026-09-25T15:01:56.048500+00:00,,2026-09-25T15:01:56.038499+00:00,,2026-09-25T15:01:56.050500+00:00,,2026-09-25T15:01:56.051500+00:00,,2026-09-25T15:01:56.052500+00:00,,2026-09-25T15:01:56.053500+00:00,,2026-09-25T15:01:56.054500+00:00,,2026-09-25T15:01:56.055500+00:00,,2026-09-25T15:01:56.056500+00:00,,2026-09-25T15:01:56.057500+00:00,,2026-09-25T15:01:56.058500+00:00,,2026-09-25T15:01:56.059500+00:00,,2026-09-25T15:01:56.061500+00:00,,2026-09-25T15:01:56.062500+00:00,,2026-09-25T15:01:56.063500+00:00,,2026-09-25T15:01:56.064501+00:00,,2026-09-25T15:01:56.065501+00:00,,2026-09-25T15:01:56.078501+00:00,,2026-09-25T15:01:56.067501+00:00,,2026-09-25T15:01:56.068501+00:00,,2026-09-25T15:01:56.069501+00:00,,2026-09-25T15:01:56.070501+00:00,,2026-09-25T15:01:56.071501+00:00,,2026-09-25T15:01:56.072501+00:00,,2026-09-25T15:01:56.073501+00:00,,2026-09-25T15:01:56.075501+00:00,,2026-09-25T15:01:56.076501+00:00,,2026-09-25T15:01:56.077501+00:00,,2026-09-25T15:01:56.079501+00:00,,2026-09-25T15:01:56.080501+00:00,,2026-09-25T15:01:56.081501+00:00,,2026-09-25T15:01:56.082502+00:00,,2026-09-25T15:01:56.083502+00:00,
244,2026-09-25T13:32:51.692181+00:00,2026-09-25T15:01:56.659535+00:00,121.007,2026-09-25T15:01:56.538528+00:00,,2026-09-25T15:01:56.565529+00:00,,2026-09-25T15:01:56.579530+00:00,,2026-09-25T15:01:56.567529+00:00,,2026-09-25T15:01:56.568529+00:00,,2026-09-25T15:01:56.569529+00:00,,2026-09-25T15:01:56.570529+00:00,,2026-09-25T15:01:56.571530+00:00,,2026-09-25T15:01:56.561529+00:00,,2026-09-25T15:01:56.574530+00:00,,2026-09-25T15:01:56.575530+00:00,,2026-09-25T15:01:56.577530+00:00,,2026-09-25T15:01:56.578530+00:00,,2026-09-25T15:01:56.580530+00:00,,2026-09-25T15:01:56.581530+00:00,,2026-09-25T15:01:56.582530+00:00,,2026-09-25T15:01:56.583530+00:00,,2026-09-25T15:01:56.584530+00:00,,2026-09-25T15:01:56.585530+00:00,,2026-09-25T15:01:56.586530+00:00,,2026-09-25T15:01:56.587530+00:00,,2026-09-25T15:01:56.588531+00:00,,2026-09-25T15:01:56.602531+00:00,,2026-09-25T15:01:56.592531+00:00,,2026-09-25T15:01:56.593531+00:00,,2026-09-25T15:01:56.594531+00:00,,2026-09-25T15:01:56.595531+00:00,,2026-09-25T15:01:56.596531+00:00,,2026-09-25T15:01:56.597531+00:00,,2026-09-25T15:01:56.598531+00:00,,2026-09-25T15:01:56.599531+00:00,,2026-09-25T15:01:56.600531+00:00,,2026-09-25T15:01:56.601531+00:00,,2026-09-25T15:01:56.590531+00:00,,2026-09-25T15:01:56.603531+00:00,,2026-09-25T15:01:56.604531+00:00,,2026-09-25T15:01:56.605531+00:00,,2026-09-25T15:01:56.606532+00:00,,2026-09-25T15:01:56.607532+00:00,,2026-09-25T15:01:56.608532+00:00,,2026-09-25T15:01:56.609532+00:00,,2026-09-25T15:01:56.610532+00:00,,2026-09-25T15:01:56.611532+00:00,,2026-09-25T15:01:56.612532+00:00,,2026-09-25T15:01:56.626533+00:00,,2026-09-25T15:01:56.627533+00:00,,2026-09-25T15:01:56.616532+00:00,,2026-09-25T15:01:56.617532+00:00,,2026-09-25T15:01:56.618532+00:00,,2026-09-25T15:01:56.619532+00:00,,2026-09-25T15:01:56.621532+00:00,,2026-09-25T15:01:56.622532+00:00,,2026-09-25T15:01:56.623533+00:00,,2026-09-25T15:01:56.624533+00:00,,2026-09-25T15:01:56.625533+00:00,,2026-09-25T15:01:56.614532+00:00,,2026-09-25T15:01:56.629533+00:00,,2026-09-25T15:01:56.630533+00:00,,2026-09-25T15:01:56.631533+00:00,,2026-09-25T15:01:56.632533+00:00,,2026-09-25T15:01:56.634533+00:00,,2026-09-25T15:01:56.635533+00:00,,2026-09-25T15:01:56.649534+00:00,,2026-09-25T15:01:56.638533+00:00,,2026-09-25T15:01:56.639533+00:00,,2026-09-25T15:01:56.640533+00:00,,2026-09-25T15:01:56.641534+00:00,,2026-09-25T15:01:56.655534+00:00,,2026-09-25T15:01:56.644534+00:00,,2026-09-25T15:01:56.645534+00:00,,2026-09-25T15:01:56.646534+00:00,,2026-09-25T15:01:56.647534+00:00,,2026-09-25T15:01:56.648534+00:00,,2026-09-25T15:01:56.637533+00:00,,2026-09-25T15:01:56.650534+00:00,,2026-09-25T15:01:56.652534+00:00,,2026-09-25T15:01:56.653534+00:00,,2026-09-25T15:01:56.654534+00:00,,2026-09-25T15:01:56.643534+00:00,,2026-09-25T15:01:56.656534+00:00,,2026-09-25T15:01:56.657534+00:00,,2026-09-25T15:01:56.658535+00:00,,2026-09-25T15:01:56.659535+00:00,
245,2026-09-25T13:32:52.132896+00:00,2026-09-25T15:01:57.117561+00:00,172.01,2026-09-25T15:01:56.959552+00:00,,2026-09-25T15:01:56.945551+00:00,,2026-09-25T15:01:56.963552+00:00,,2026-09-25T15:01:56.948551+00:00,,2026-09-25T15:01:56.982553+00:00,,2026-09-25T15:01:56.968552+00:00,,2026-09-25T15:01:56.969552+00:00,,2026-09-25T15:01:56.971552+00:00,,2026-09-25T15:01:56.972552+00:00,,2026-09-25T15:01:56.973553+00:00,,2026-09-25T15:01:56.975553+00:00,,2026-09-25T15:01:56.976553+00:00,,2026-09-25T15:01:56.977553+00:00,,2026-09-25T15:01:56.979553+00:00,,2026-09-25T15:01:56.981553+00:00,,2026-09-25T15:01:56.983553+00:00,,2026-09-25T15:01:56.984553+00:00,,2026-09-25T15:01:56.986553+00:00,,2026-09-25T15:01:56.988553+00:00,,2026-09-25T15:01:56.989553+00:00,,2026-09-25T15:01:56.991554+00:00,,2026-09-25T15:01:57.014555+00:00,,2026-09-25T15:01:56.995554+00:00,,2026-09-25T15:01:56.996554+00:00,,2026-09-25T15:01:56.998554+00:00,,2026-09-25T15:01:57.000554+00:00,,2026-09-25T15:01:57.002554+00:00,,2026-09-25T15:01:57.004554+00:00,,2026-09-25T15:01:57.006554+00:00,,2026-09-25T15:01:57.008555+00:00,,2026-09-25T15:01:57.010555+00:00,,2026-09-25T15:01:57.012555+00:00,,2026-09-25T15:01:56.993554+00:00,,2026-09-25T15:01:57.039556+00:00,,2026-09-25T15:01:57.018555+00:00,,2026-09-25T15:01:57.020555+00:00,,2026-09-25T15:01:57.021555+00:00,,2026-09-25T15:01:57.023555+00:00,,2026-09-25T15:01:57.025555+00:00,,2026-09-25T15:01:57.049557+00:00,,2026-09-25T15:01:57.073558+00:00,,2026-09-25T15:01:57.031556+00:00,,2026-09-25T15:01:57.033556+00:00,,2026-09-25T15:01:57.035556+00:00,,2026-09-25T15:01:57.037556+00:00,,2026-09-25T15:01:57.041556+00:00,,2026-09-25T15:01:57.065558+00:00,,2026-09-25T15:01:57.045557+00:00,,2026-09-25T15:01:57.047557+00:00,,2026-09-25T15:01:57.027556+00:00,,2026-09-25T15:01:57.029556+00:00,,2026-09-25T15:01:57.053557+00:00,,2026-09-25T15:01:57.055557+00:00,,2026-09-25T15:01:57.057557+00:00,,2026-09-25T15:01:57.059557+00:00,,2026-09-25T15:01:57.061558+00:00,,2026-09-25T15:01:57.063558+00:00,,2026-09-25T15:01:57.043557+00:00,,2026-09-25T15:01:57.067558+00:00,,2026-09-25T15:01:57.069558+00:00,,2026-09-25T15:01:57.071558+00:00,,2026-09-25T15:01:57.051557+00:00,,2026-09-25T15:01:57.075558+00:00,,2026-09-25T15:01:57.077558+00:00,,2026-09-25T15:01:57.079559+00:00,,2026-09-25T15:01:57.105560+00:00,,2026-09-25T15:01:57.083559+00:00,,2026-09-25T15:01:57.085559+00:00,,2026-09-25T15:01:57.087559+00:00,,2026-09-25T15:01:57.091559+00:00,,2026-09-25T15:01:57.093559+00:00,,2026-09-25T15:01:57.095560+00:00,,2026-09-25T15:01:57.097560+00:00,,2026-09-25T15:01:57.099560+00:00,,2026-09-25T15:01:57.101560+00:00,,2026-09-25T15:01:57.103560+00:00,,2026-09-25T15:01:57.081559+00:00,,2026-09-25T15:01:57.107560+00:00,,2026-09-25T15:01:57.109560+00:00,,2026-09-25T15:01:57.111560+00:00,,2026-09-25T15:01:57.113561+00:00,,2026-09-25T15:01:57.115561+00:00,,2026-09-25T15:01:57.117561+00:00,
246,2026-09-25T13:32:52.623059+00:00,2026-09-25T15:01:57.608589+00:00,177.01,2026-09-25T15:01:57.431579+00:00,,2026-09-25T15:01:57.441579+00:00,,2026-09-25T15:01:57.443579+00:00,,2026-09-25T15:01:57.445580+00:00,,2026-09-25T15:01:57.447580+00:00,,2026-09-25T15:01:57.449580+00:00,,2026-09-25T15:01:57.451580+00:00,,2026-09-25T15:01:57.453580+00:00,,2026-09-25T15:01:57.455580+00:00,,2026-09-25T15:01:57.457580+00:00,,2026-09-25T15:01:57.459580+00:00,,2026-09-25T15:01:57.461580+00:00,,2026-09-25T15:01:57.463581+00:00,,2026-09-25T15:01:57.465581+00:00,,2026-09-25T15:01:57.467581+00:00,,2026-09-25T15:01:57.469581+00:00,,2026-09-25T15:01:57.471581+00:00,,2026-09-25T15:01:57.473581+00:00,,2026-09-25T15:01:57.475581+00:00,,2026-09-25T15:01:57.477581+00:00,,2026-09-25T15:01:57.479581+00:00,,2026-09-25T15:01:57.481582+00:00,,2026-09-25T15:01:57.483582+00:00,,2026-09-25T15:01:57.485582+00:00,,2026-09-25T15:01:57.487582+00:00,,2026-09-25T15:01:57.491582+00:00,,2026-09-25T15:01:57.493582+00:00,,2026-09-25T15:01:57.517584+00:00,,2026-09-25T15:01:57.497582+00:00,,2026-09-25T15:01:57.499583+00:00,,2026-09-25T15:01:57.501583+00:00,,2026-09-25T15:01:57.503583+00:00,,2026-09-25T15:01:57.505583+00:00,,2026-09-25T15:01:57.507583+00:00,,2026-09-25T15:01:57.509583+00:00,,2026-09-25T15:01:57.511583+00:00,,2026-09-25T15:01:57.513583+00:00,,2026-09-25T15:01:57.515584+00:00,,2026-09-25T15:01:57.495582+00:00,,2026-09-25T15:01:57.519584+00:00,,2026-09-25T15:01:57.521584+00:00,,2026-09-25T15:01:57.523584+00:00,,2026-09-25T15:01:57.525584+00:00,,2026-09-25T15:01:57.527584+00:00,,2026-09-25T15:01:57.529584+00:00,,2026-09-25T15:01:57.531584+00:00,,2026-09-25T15:01:57.533585+00:00,,2026-09-25T15:01:57.535585+00:00,,2026-09-25T15:01:57.537585+00:00,,2026-09-25T15:01:57.541585+00:00,,2026-09-25T15:01:57.565586+00:00,,2026-09-25T15:01:57.567586+00:00,,2026-09-25T15:01:57.569587+00:00,,2026-09-25T15:01:57.549585+00:00,,2026-09-25T15:01:57.551586+00:00,,2026-09-25T15:01:57.553586+00:00,,2026-09-25T15:01:57.555586+00:00,,2026-09-25T15:01:57.557586+00:00,,2026-09-25T15:01:57.559586+00:00,,2026-09-25T15:01:57.561586+00:00,,2026-09-25T15:01:57.563586+00:00,,2026-09-25T15:01:57.543585+00:00,,2026-09-25T15:01:57.545585+00:00,,2026-09-25T15:01:57.547585+00:00,,2026-09-25T15:01:57.571587+00:00,,2026-09-25T15:01:57.573587+00:00,,2026-09-25T15:01:57.575587+00:00,,2026-09-25T15:01:57.577587+00:00,,2026-09-25T15:01:57.579587+00:00,,2026-09-25T15:01:57.581587+00:00,,2026-09-25T15:01:57.583587+00:00,,2026-09-25T15:01:57.584587+00:00,,2026-09-25T15:01:57.586588+00:00,,2026-09-25T15:01:57.590588+00:00,,2026-09-25T15:01:57.592588+00:00,,2026-09-25T15:01:57.594588+00:00,,2026-09-25T15:01:57.596588+00:00,,2026-09-25T15:01:57.598588+00:00,,2026-09-25T15:01:57.600588+00:00,,2026-09-25T15:01:57.602589+00:00,,2026-09-25T15:01:57.604589+00:00,,2026-09-25T15:01:57.606589+00:00,,2026-09-25T15:01:57.608589+00:00,
247,2026-09-25T13:32:52.988578+00:00,2026-09-25T15:01:57.957609+00:00,94.006,2026-09-25T15:01:57.863603+00:00,,2026-09-25T15:01:57.875604+00:00,,2026-09-25T15:01:57.879604+00:00,,2026-09-25T15:01:57.877604+00:00,,2026-09-25T15:01:57.876604+00:00,,2026-09-25T15:01:57.878604+00:00,,2026-09-25T15:01:57.880604+00:00,,2026-09-25T15:01:57.881604+00:00,,2026-09-25T15:01:57.882605+00:00,,2026-09-25T15:01:57.883605+00:00,,2026-09-25T15:01:57.895605+00:00,,2026-09-25T15:01:57.885605+00:00,,2026-09-25T15:01:57.886605+00:00,,2026-09-25T15:01:57.887605+00:00,,2026-09-25T15:01:57.888605+00:00,,2026-09-25T15:01:57.889605+00:00,,2026-09-25T15:01:57.901606+00:00,,2026-09-25T15:01:57.891605+00:00,,2026-09-25T15:01:57.892605+00:00,,2026-09-25T15:01:57.893605+00:00,,2026-09-25T15:01:57.894605+00:00,,2026-09-25T15:01:57.884605+00:00,,2026-09-25T15:01:57.896605+00:00,,2026-09-25T15:01:57.897605+00:00,,2026-09-25T15:01:57.898605+00:00,,2026-09-25T15:01:57.899605+00:00,,2026-09-25T15:01:57.900606+00:00,,2026-09-25T15:01:57.890605+00:00,,2026-09-25T15:01:57.902606+00:00,,2026-09-25T15:01:57.903606+00:00,,2026-09-25T15:01:57.904606+00:00,,2026-09-25T15:01:57.905606+00:00,,2026-09-25T15:01:57.906606+00:00,,2026-09-25T15:01:57.907606+00:00,,2026-09-25T15:01:57.919607+00:00,,2026-09-25T15:01:57.909606+00:00,,2026-09-25T15:01:57.910606+00:00,,2026-09-25T15:01:57.911606+00:00,,2026-09-25T15:01:57.912606+00:00,,2026-09-25T15:01:57.913606+00:00,,2026-09-25T15:01:57.914606+00:00,,2026-09-25T15:01:57.926607+00:00,,2026-09-25T15:01:57.916606+00:00,,2026-09-25T15:01:57.917607+00:00,,2026-09-25T15:01:57.918607+00:00,,2026-09-25T15:01:57.908606+00:00,,2026-09-25T15:01:57.920607+00:00,,2026-09-25T15:01:57.921607+00:00,,2026-09-25T15:01:57.922607+00:00,,2026-09-25T15:01:57.923607+00:00,,2026-09-25T15:01:57.924607+00:00,,2026-09-25T15:01:57.925607+00:00,,2026-09-25T15:01:57.915606+00:00,,2026-09-25T15:01:57.928607+00:00,,2026-09-25T15:01:57.929607+00:00,,2026-09-25T15:01:57.930607+00:00,,2026-09-25T15:01:57.942608+00:00,,2026-09-25T15:01:57.932607+00:00,,2026-09-25T15:01:57.933607+00:00,,2026-09-25T15:01:57.934607+00:00,,2026-09-25T15:01:57.935608+00:00,,2026-09-25T15:01:57.936608+00:00,,2026-09-25T15:01:57.937608+00:00,,2026-09-25T15:01:57.938608+00:00,,2026-09-25T15:01:57.939608+00:00,,2026-09-25T15:01:57.940608+00:00,,2026-09-25T15:01:57.941608+00:00,,2026-09-25T15:01:57.931607+00:00,,2026-09-25T15:01:57.943608+00:00,,2026-09-25T15:01:57.944608+00:00,,2026-09-25T15:01:57.945608+00:00,,2026-09-25T15:01:57.946608+00:00,,2026-09-25T15:01:57.947608+00:00,,2026-09-25T15:01:57.948608+00:00,,2026-09-25T15:01:57.949608+00:00,,2026-09-25T15:01:57.950608+00:00,,2026-09-25T15:01:57.951608+00:00,,2026-09-25T15:01:57.952609+00:00,,2026-09-25T15:01:57.953609+00:00,,2026-09-25T15:01:57.954609+00:00,,2026-09-25T15:01:57.955609+00:00,,2026-09-25T15:01:57.956609+00:00,,2026-09-25T15:01:57.957609+00:00,
248,2026-09-25T13:32:53.393898+00:00,2026-09-25T15:01:58.375633+00:00,142.00799999999998,2026-09-25T15:01:58.233625+00:00,,2026-09-25T15:01:58.292628+00:00,,2026-09-25T15:01:58.293628+00:00,,2026-09-25T15:01:58.294628+00:00,,2026-09-25T15:01:58.295628+00:00,,2026-09-25T15:01:58.296628+00:00,,2026-09-25T15:01:58.297628+00:00,,2026-09-25T15:01:58.298628+00:00,,2026-09-25T15:01:58.299628+00:00,,2026-09-25T15:01:58.300628+00:00,,2026-09-25T15:01:58.301628+00:00,,2026-09-25T15:01:58.302629+00:00,,2026-09-25T15:01:58.303629+00:00,,2026-09-25T15:01:58.304629+00:00,,2026-09-25T15:01:58.316629+00:00,,2026-09-25T15:01:58.306629+00:00,,2026-09-25T15:01:58.307629+00:00,,2026-09-25T15:01:58.308629+00:00,,2026-09-25T15:01:58.309629+00:00,,2026-09-25T15:01:58.310629+00:00,,2026-09-25T15:01:58.311629+00:00,,2026-09-25T15:01:58.312629+00:00,,2026-09-25T15:01:58.313629+00:00,,2026-09-25T15:01:58.325630+00:00,,2026-09-25T15:01:58.315629+00:00,,2026-09-25T15:01:58.305629+00:00,,2026-09-25T15:01:58.317629+00:00,,2026-09-25T15:01:58.318629+00:00,,2026-09-25T15:01:58.319630+00:00,,2026-09-25T15:01:58.320630+00:00,,2026-09-25T15:01:58.321630+00:00,,2026-09-25T15:01:58.322630+00:00,,2026-09-25T15:01:58.323630+00:00,,2026-09-25T15:01:58.324630+00:00,,2026-09-25T15:01:58.337631+00:00,,2026-09-25T15:01:58.327630+00:00,,2026-09-25T15:01:58.328630+00:00,,2026-09-25T15:01:58.329630+00:00,,2026-09-25T15:01:58.330630+00:00,,2026-09-25T15:01:58.331630+00:00,,2026-09-25T15:01:58.332630+00:00,,2026-09-25T15:01:58.333630+00:00,,2026-09-25T15:01:58.334630+00:00,,2026-09-25T15:01:58.335630+00:00,,2026-09-25T15:01:58.336630+00:00,,2026-09-25T15:01:58.326630+00:00,,2026-09-25T15:01:58.338631+00:00,,2026-09-25T15:01:58.339631+00:00,,2026-09-25T15:01:58.340631+00:00,,2026-09-25T15:01:58.341631+00:00,,2026-09-25T15:01:58.342631+00:00,,2026-09-25T15:01:58.343631+00:00,,2026-09-25T15:01:58.344631+00:00,,2026-09-25T15:01:58.345631+00:00,,2026-09-25T15:01:58.346631+00:00,,2026-09-25T15:01:58.347631+00:00,,2026-09-25T15:01:58.348631+00:00,,2026-09-25T15:01:58.349631+00:00,,2026-09-25T15:01:58.350631+00:00,,2026-09-25T15:01:58.351631+00:00,,2026-09-25T15:01:58.352631+00:00,,2026-09-25T15:01:58.375633+00:00,,2026-09-25T15:01:58.354632+00:00,,2026-09-25T15:01:58.355632+00:00,,2026-09-25T15:01:58.356632+00:00,,2026-09-25T15:01:58.357632+00:00,,2026-09-25T15:01:58.358632+00:00,,2026-09-25T15:01:58.359632+00:00,,2026-09-25T15:01:58.360632+00:00,,2026-09-25T15:01:58.361632+00:00,,2026-09-25T15:01:58.362632+00:00,,2026-09-25T15:01:58.374633+00:00,,2026-09-25T15:01:58.353631+00:00,,2026-09-25T15:01:58.365632+00:00,,2026-09-25T15:01:58.366632+00:00,,2026-09-25T15:01:58.367632+00:00,,2026-09-25T15:01:58.368632+00:00,,2026-09-25T15:01:58.369632+00:00,,2026-09-25T15:01:58.370632+00:00,,2026-09-25T15:01:58.371632+00:00,,2026-09-25T15:01:58.372633+00:00,,2026-09-25T15:01:58.373633+00:00,,2026-09-25T15:01:58.363632+00:00,
249,2026-09-25T13:32:53.924848+00:00,2026-09-25T15:01:58.890662+00:00,194.011,2026-09-25T15:01:58.696651+00:00,,2026-09-25T15:01:58.795657+00:00,,2026-09-25T15:01:58.796657+00:00,,2026-09-25T15:01:58.797657+00:00,,2026-09-25T15:01:58.798657+00:00,,2026-09-25T15:01:58.774656+00:00,,2026-09-25T15:01:58.775656+00:00,,2026-09-25T15:01:58.778656+00:00,,2026-09-25T15:01:58.780656+00:00,,2026-09-25T15:01:58.781656+00:00,,2026-09-25T15:01:58.782656+00:00,,2026-09-25T15:01:58.783656+00:00,,2026-09-25T15:01:58.784656+00:00,,2026-09-25T15:01:58.785656+00:00,,2026-09-25T15:01:58.786656+00:00,,2026-09-25T15:01:58.787656+00:00,,2026-09-25T15:01:58.788656+00:00,,2026-09-25T15:01:58.789656+00:00,,2026-09-25T15:01:58.790656+00:00,,2026-09-25T15:01:58.791657+00:00,,2026-09-25T15:01:58.803657+00:00,,2026-09-25T15:01:58.838659+00:00,,2026-09-25T15:01:58.839659+00:00,,2026-09-25T15:01:58.840659+00:00,,2026-09-25T15:01:58.841659+00:00,,2026-09-25T15:01:58.842659+00:00,,2026-09-25T15:01:58.843659+00:00,,2026-09-25T15:01:58.856660+00:00,,2026-09-25T15:01:58.845660+00:00,,2026-09-25T15:01:58.846660+00:00,,2026-09-25T15:01:58.836659+00:00,,2026-09-25T15:01:58.848660+00:00,,2026-09-25T15:01:58.804657+00:00,,2026-09-25T15:01:58.805657+00:00,,2026-09-25T15:01:58.806657+00:00,,2026-09-25T15:01:58.807657+00:00,,2026-09-25T15:01:58.808657+00:00,,2026-09-25T15:01:58.809658+00:00,,2026-09-25T15:01:58.810658+00:00,,2026-09-25T15:01:58.830659+00:00,,2026-09-25T15:01:58.835659+00:00,,2026-09-25T15:01:58.837659+00:00,,2026-09-25T15:01:58.849660+00:00,,2026-09-25T15:01:58.850660+00:00,,2026-09-25T15:01:58.851660+00:00,,2026-09-25T15:01:58.852660+00:00,,2026-09-25T15:01:58.853660+00:00,,2026-09-25T15:01:58.854660+00:00,,2026-09-25T15:01:58.855660+00:00,,2026-09-25T15:01:58.844660+00:00,,2026-09-25T15:01:58.857660+00:00,,2026-09-25T15:01:58.858660+00:00,,2026-09-25T15:01:58.859660+00:00,,2026-09-25T15:01:58.871661+00:00,,2026-09-25T15:01:58.861661+00:00,,2026-09-25T15:01:58.862661+00:00,,2026-09-25T15:01:58.863661+00:00,,2026-09-25T15:01:58.864661+00:00,,2026-09-25T15:01:58.865661+00:00,,2026-09-25T15:01:58.866661+00:00,,2026-09-25T15:01:58.867661+00:00,,2026-09-25T15:01:58.868661+00:00,,2026-09-25T15:01:58.869661+00:00,,2026-09-25T15:01:58.882662+00:00,,2026-09-25T15:01:58.860660+00:00,,2026-09-25T15:01:58.884662+00:00,,2026-09-25T15:01:58.873661+00:00,,2026-09-25T15:01:58.874661+00:00,,2026-09-25T15:01:58.876661+00:00,,2026-09-25T15:01:58.877661+00:00,,2026-09-25T15:01:58.878661+00:00,,2026-09-25T15:01:58.879662+00:00,,2026-09-25T15:01:58.880662+00:00,,2026-09-25T15:01:58.881662+00:00,,2026-09-25T15:01:58.870661+00:00,,2026-09-25T15:01:58.883662+00:00,,2026-09-25T15:01:58.872661+00:00,,2026-09-25T15:01:58.885662+00:00,,2026-09-25T15:01:58.886662+00:00,,2026-09-25T15:01:58.887662+00:00,,2026-09-25T15:01:58.888662+00:00,,2026-09-25T15:01:58.889662+00:00,,2026-09-25T15:01:58.890662+00:00,
250,2026-09-25T13:32:54.320116+00:00,2026-09-25T15:01:59.268684+00:00,86.005,2026-09-25T15:01:59.195680+00:00,,2026-09-25T15:01:59.185679+00:00,,2026-09-25T15:01:59.186679+00:00,,2026-09-25T15:01:59.187679+00:00,,2026-09-25T15:01:59.188679+00:00,,2026-09-25T15:01:59.189679+00:00,,2026-09-25T15:01:59.190679+00:00,,2026-09-25T15:01:59.191679+00:00,,2026-09-25T15:01:59.182679+00:00,,2026-09-25T15:01:59.192679+00:00,,2026-09-25T15:01:59.205680+00:00,,2026-09-25T15:01:59.184679+00:00,,2026-09-25T15:01:59.196680+00:00,,2026-09-25T15:01:59.197680+00:00,,2026-09-25T15:01:59.198680+00:00,,2026-09-25T15:01:59.199680+00:00,,2026-09-25T15:01:59.200680+00:00,,2026-09-25T15:01:59.201680+00:00,,2026-09-25T15:01:59.202680+00:00,,2026-09-25T15:01:59.203680+00:00,,2026-09-25T15:01:59.204680+00:00,,2026-09-25T15:01:59.194680+00:00,,2026-09-25T15:01:59.206680+00:00,,2026-09-25T15:01:59.207680+00:00,,2026-09-25T15:01:59.208680+00:00,,2026-09-25T15:01:59.209680+00:00,,2026-09-25T15:01:59.210680+00:00,,2026-09-25T15:01:59.211681+00:00,,2026-09-25T15:01:59.212681+00:00,,2026-09-25T15:01:59.213681+00:00,,2026-09-25T15:01:59.225681+00:00,,2026-09-25T15:01:59.215681+00:00,,2026-09-25T15:01:59.216681+00:00,,2026-09-25T15:01:59.217681+00:00,,2026-09-25T15:01:59.218681+00:00,,2026-09-25T15:01:59.219681+00:00,,2026-09-25T15:01:59.220681+00:00,,2026-09-25T15:01:59.221681+00:00,,2026-09-25T15:01:59.222681+00:00,,2026-09-25T15:01:59.223681+00:00,,2026-09-25T15:01:59.224681+00:00,,2026-09-25T15:01:59.226681+00:00,,2026-09-25T15:01:59.227681+00:00,,2026-09-25T15:01:59.228682+00:00,,2026-09-25T15:01:59.229682+00:00,,2026-09-25T15:01:59.230682+00:00,,2026-09-25T15:01:59.231682+00:00,,2026-09-25T15:01:59.232682+00:00,,2026-09-25T15:01:59.233682+00:00,,2026-09-25T15:01:59.234682+00:00,,2026-09-25T15:01:59.235682+00:00,,2026-09-25T15:01:59.236682+00:00,,2026-09-25T15:01:59.237682+00:00,,2026-09-25T15:01:59.238682+00:00,,2026-09-25T15:01:59.239682+00:00,,2026-09-25T15:01:59.240682+00:00,,2026-09-25T15:01:59.252683+00:00,,2026-09-25T15:01:59.242682+00:00,,2026-09-25T15:01:59.243682+00:00,,2026-09-25T15:01:59.244682+00:00,,2026-09-25T15:01:59.245682+00:00,,2026-09-25T15:01:59.246683+00:00,,2026-09-25T15:01:59.247683+00:00,,2026-09-25T15:01:59.248683+00:00,,2026-09-25T15:01:59.249683+00:00,,2026-09-25T15:01:59.250683+00:00,,2026-09-25T15:01:59.251683+00:00,,2026-09-25T15:01:59.241682+00:00,,2026-09-25T15:01:59.253683+00:00,,2026-09-25T15:01:59.254683+00:00,,2026-09-25T15:01:59.255683+00:00,,2026-09-25T15:01:59.267684+00:00,,2026-09-25T15:01:59.257683+00:00,,2026-09-25T15:01:59.258683+00:00,,2026-09-25T15:01:59.259683+00:00,,2026-09-25T15:01:59.260683+00:00,,2026-09-25T15:01:59.261683+00:00,,2026-09-25T15:01:59.262683+00:00,,2026-09-25T15:01:59.263684+00:00,,2026-09-25T15:01:59.268684+00:00,,2026-09-25T15:01:59.265684+00:00,,2026-09-25T15:01:59.266684+00:00,,2026-09-25T15:01:59.256683+00:00,
251,2026-09-25T13:32:54.714642+00:00,2026-09-25T15:01:59.657706+00:00,97.006,2026-09-25T15:01:59.560700+00:00,,2026-09-25T15:01:59.574701+00:00,,2026-09-25T15:01:59.575701+00:00,,2026-09-25T15:01:59.576701+00:00,,2026-09-25T15:01:59.577701+00:00,,2026-09-25T15:01:59.578702+00:00,,2026-09-25T15:01:59.579702+00:00,,2026-09-25T15:01:59.580702+00:00,,2026-09-25T15:01:59.581702+00:00,,2026-09-25T15:01:59.582702+00:00,,2026-09-25T15:01:59.583702+00:00,,2026-09-25T15:01:59.584702+00:00,,2026-09-25T15:01:59.585702+00:00,,2026-09-25T15:01:59.586702+00:00,,2026-09-25T15:01:59.587702+00:00,,2026-09-25T15:01:59.588702+00:00,,2026-09-25T15:01:59.589702+00:00,,2026-09-25T15:01:59.590702+00:00,,2026-09-25T15:01:59.591702+00:00,,2026-09-25T15:01:59.592702+00:00,,2026-09-25T15:01:59.593702+00:00,,2026-09-25T15:01:59.594702+00:00,,2026-09-25T15:01:59.595703+00:00,,2026-09-25T15:01:59.608703+00:00,,2026-09-25T15:01:59.609703+00:00,,2026-09-25T15:01:59.610703+00:00,,2026-09-25T15:01:59.611703+00:00,,2026-09-25T15:01:59.612703+00:00,,2026-09-25T15:01:59.602703+00:00,,2026-09-25T15:01:59.603703+00:00,,2026-09-25T15:01:59.604703+00:00,,2026-09-25T15:01:59.605703+00:00,,2026-09-25T15:01:59.606703+00:00,,2026-09-25T15:01:59.607703+00:00,,2026-09-25T15:01:59.596703+00:00,,2026-09-25T15:01:59.597703+00:00,,2026-09-25T15:01:59.599703+00:00,,2026-09-25T15:01:59.600703+00:00,,2026-09-25T15:01:59.601703+00:00,,2026-09-25T15:01:59.624704+00:00,,2026-09-25T15:01:59.614704+00:00,,2026-09-25T15:01:59.615704+00:00,,2026-09-25T15:01:59.616704+00:00,,2026-09-25T15:01:59.617704+00:00,,2026-09-25T15:01:59.618704+00:00,,2026-09-25T15:01:59.619704+00:00,,2026-09-25T15:01:59.620704+00:00,,2026-09-25T15:01:59.621704+00:00,,2026-09-25T15:01:59.622704+00:00,,2026-09-25T15:01:59.623704+00:00,,2026-09-25T15:01:59.625704+00:00,,2026-09-25T15:01:59.626704+00:00,,2026-09-25T15:01:59.627704+00:00,,2026-09-25T15:01:59.628704+00:00,,2026-09-25T15:01:59.629704+00:00,,2026-09-25T15:01:59.630705+00:00,,2026-09-25T15:01:59.631705+00:00,,2026-09-25T15:01:59.632705+00:00,,2026-09-25T15:01:59.633705+00:00,,2026-09-25T15:01:59.634705+00:00,,2026-09-25T15:01:59.635705+00:00,,2026-09-25T15:01:59.636705+00:00,,2026-09-25T15:01:59.637705+00:00,,2026-09-25T15:01:59.638705+00:00,,2026-09-25T15:01:59.639705+00:00,,2026-09-25T15:01:59.640705+00:00,,2026-09-25T15:01:59.641705+00:00,,2026-09-25T15:01:59.642705+00:00,,2026-09-25T15:01:59.643705+00:00,,2026-09-25T15:01:59.644705+00:00,,2026-09-25T15:01:59.645705+00:00,,2026-09-25T15:01:59.657706+00:00,,2026-09-25T15:01:59.647705+00:00,,2026-09-25T15:01:59.648706+00:00,,2026-09-25T15:01:59.649706+00:00,,2026-09-25T15:01:59.650706+00:00,,2026-09-25T15:01:59.651706+00:00,,2026-09-25T15:01:59.652706+00:00,,2026-09-25T15:01:59.653706+00:00,,2026-09-25T15:01:59.654706+00:00,,2026-09-25T15:01:59.655706+00:00,,2026-09-25T15:01:59.656706+00:00,,2026-09-25T15:01:59.646705+00:00,
252,2026-09-25T13:32:55.064213+00:00,2026-09-25T15:02:00.048728+00:00,93.00500000000001,2026-09-25T15:01:59.955723+00:00,,2026-09-25T15:01:59.966724+00:00,,2026-09-25T15:01:59.967724+00:00,,2026-09-25T15:01:59.968724+00:00,,2026-09-25T15:01:59.969724+00:00,,2026-09-25T15:01:59.970724+00:00,,2026-09-25T15:01:59.971724+00:00,,2026-09-25T15:01:59.972724+00:00,,2026-09-25T15:01:59.973724+00:00,,2026-09-25T15:01:59.974724+00:00,,2026-09-25T15:01:59.975724+00:00,,2026-09-25T15:01:59.976724+00:00,,2026-09-25T15:01:59.977724+00:00,,2026-09-25T15:01:59.978724+00:00,,2026-09-25T15:01:59.979724+00:00,,2026-09-25T15:01:59.980725+00:00,,2026-09-25T15:01:59.981725+00:00,,2026-09-25T15:01:59.982725+00:00,,2026-09-25T15:01:59.983725+00:00,,2026-09-25T15:01:59.984725+00:00,,2026-09-25T15:01:59.985725+00:00,,2026-09-25T15:01:59.986725+00:00,,2026-09-25T15:01:59.987725+00:00,,2026-09-25T15:01:59.988725+00:00,,2026-09-25T15:01:59.989725+00:00,,2026-09-25T15:01:59.990725+00:00,,2026-09-25T15:01:59.991725+00:00,,2026-09-25T15:01:59.992725+00:00,,2026-09-25T15:01:59.993725+00:00,,2026-09-25T15:01:59.994725+00:00,,2026-09-25T15:01:59.995725+00:00,,2026-09-25T15:01:59.996725+00:00,,2026-09-25T15:01:59.997725+00:00,,2026-09-25T15:01:59.998726+00:00,,2026-09-25T15:01:59.999726+00:00,,2026-09-25T15:02:00.000726+00:00,,2026-09-25T15:02:00.001726+00:00,,2026-09-25T15:02:00.002726+00:00,,2026-09-25T15:02:00.003726+00:00,,2026-09-25T15:02:00.004726+00:00,,2026-09-25T15:02:00.005726+00:00,,2026-09-25T15:02:00.006726+00:00,,2026-09-25T15:02:00.007726+00:00,,2026-09-25T15:02:00.008726+00:00,,2026-09-25T15:02:00.009726+00:00,,2026-09-25T15:02:00.010726+00:00,,2026-09-25T15:02:00.011726+00:00,,2026-09-25T15:02:00.012726+00:00,,2026-09-25T15:02:00.013726+00:00,,2026-09-25T15:02:00.014726+00:00,,2026-09-25T15:02:00.015727+00:00,,2026-09-25T15:02:00.016727+00:00,,2026-09-25T15:02:00.017727+00:00,,2026-09-25T15:02:00.018727+00:00,,2026-09-25T15:02:00.019727+00:00,,2026-09-25T15:02:00.020727+00:00,,2026-09-25T15:02:00.021727+00:00,,2026-09-25T15:02:00.022727+00:00,,2026-09-25T15:02:00.023727+00:00,,2026-09-25T15:02:00.025727+00:00,,2026-09-25T15:02:00.026727+00:00,,2026-09-25T15:02:00.038728+00:00,,2026-09-25T15:02:00.028727+00:00,,2026-09-25T15:02:00.029727+00:00,,2026-09-25T15:02:00.030727+00:00,,2026-09-25T15:02:00.031727+00:00,,2026-09-25T15:02:00.032727+00:00,,2026-09-25T15:02:00.033728+00:00,,2026-09-25T15:02:00.034728+00:00,,2026-09-25T15:02:00.035728+00:00,,2026-09-25T15:02:00.047728+00:00,,2026-09-25T15:02:00.048728+00:00,,2026-09-25T15:02:00.027727+00:00,,2026-09-25T15:02:00.039728+00:00,,2026-09-25T15:02:00.040728+00:00,,2026-09-25T15:02:00.041728+00:00,,2026-09-25T15:02:00.042728+00:00,,2026-09-25T15:02:00.043728+00:00,,2026-09-25T15:02:00.044728+00:00,,2026-09-25T15:02:00.045728+00:00,,2026-09-25T15:02:00.046728+00:00,,2026-09-25T15:02:00.036728+00:00,,2026-09-25T15:02:00.037728+00:00,
253,2026-09-25T13:32:55.432189+00:00,2026-09-25T15:02:00.409749+00:00,101.006,2026-09-25T15:02:00.308743+00:00,,2026-09-25T15:02:00.327744+00:00,,2026-09-25T15:02:00.328744+00:00,,2026-09-25T15:02:00.329744+00:00,,2026-09-25T15:02:00.330745+00:00,,2026-09-25T15:02:00.331745+00:00,,2026-09-25T15:02:00.332745+00:00,,2026-09-25T15:02:00.333745+00:00,,2026-09-25T15:02:00.334745+00:00,,2026-09-25T15:02:00.335745+00:00,,2026-09-25T15:02:00.336745+00:00,,2026-09-25T15:02:00.337745+00:00,,2026-09-25T15:02:00.338745+00:00,,2026-09-25T15:02:00.350746+00:00,,2026-09-25T15:02:00.340745+00:00,,2026-09-25T15:02:00.341745+00:00,,2026-09-25T15:02:00.342745+00:00,,2026-09-25T15:02:00.343745+00:00,,2026-09-25T15:02:00.344745+00:00,,2026-09-25T15:02:00.356746+00:00,,2026-09-25T15:02:00.346745+00:00,,2026-09-25T15:02:00.347746+00:00,,2026-09-25T15:02:00.348746+00:00,,2026-09-25T15:02:00.349746+00:00,,2026-09-25T15:02:00.339745+00:00,,2026-09-25T15:02:00.351746+00:00,,2026-09-25T15:02:00.352746+00:00,,2026-09-25T15:02:00.353746+00:00,,2026-09-25T15:02:00.354746+00:00,,2026-09-25T15:02:00.355746+00:00,,2026-09-25T15:02:00.345745+00:00,,2026-09-25T15:02:00.357746+00:00,,2026-09-25T15:02:00.358746+00:00,,2026-09-25T15:02:00.359746+00:00,,2026-09-25T15:02:00.360746+00:00,,2026-09-25T15:02:00.361746+00:00,,2026-09-25T15:02:00.362746+00:00,,2026-09-25T15:02:00.374747+00:00,,2026-09-25T15:02:00.364746+00:00,,2026-09-25T15:02:00.365747+00:00,,2026-09-25T15:02:00.366747+00:00,,2026-09-25T15:02:00.367747+00:00,,2026-09-25T15:02:00.368747+00:00,,2026-09-25T15:02:00.369747+00:00,,2026-09-25T15:02:00.370747+00:00,,2026-09-25T15:02:00.371747+00:00,,2026-09-25T15:02:00.372747+00:00,,2026-09-25T15:02:00.373747+00:00,,2026-09-25T15:02:00.375747+00:00,,2026-09-25T15:02:00.376747+00:00,,2026-09-25T15:02:00.377747+00:00,,2026-09-25T15:02:00.378747+00:00,,2026-09-25T15:02:00.379747+00:00,,2026-09-25T15:02:00.391748+00:00,,2026-09-25T15:02:00.392748+00:00,,2026-09-25T15:02:00.382748+00:00,,2026-09-25T15:02:00.383748+00:00,,2026-09-25T15:02:00.384748+00:00,,2026-09-25T15:02:00.385748+00:00,,2026-09-25T15:02:00.386748+00:00,,2026-09-25T15:02:00.398748+00:00,,2026-09-25T15:02:00.388748+00:00,,2026-09-25T15:02:00.389748+00:00,,2026-09-25T15:02:00.390748+00:00,,2026-09-25T15:02:00.380747+00:00,,2026-09-25T15:02:00.381747+00:00,,2026-09-25T15:02:00.393748+00:00,,2026-09-25T15:02:00.394748+00:00,,2026-09-25T15:02:00.395748+00:00,,2026-09-25T15:02:00.396748+00:00,,2026-09-25T15:02:00.397748+00:00,,2026-09-25T15:02:00.387748+00:00,,2026-09-25T15:02:00.399748+00:00,,2026-09-25T15:02:00.400749+00:00,,2026-09-25T15:02:00.401749+00:00,,2026-09-25T15:02:00.402749+00:00,,2026-09-25T15:02:00.403749+00:00,,2026-09-25T15:02:00.404749+00:00,,2026-09-25T15:02:00.405749+00:00,,2026-09-25T15:02:00.406749+00:00,,2026-09-25T15:02:00.407749+00:00,,2026-09-25T15:02:00.408749+00:00,,2026-09-25T15:02:00.409749+00:00,
254,2026-09-25T13:32:55.786877+00:00,2026-09-25T15:02:00.765769+00:00,94.00500000000001,2026-09-25T15:02:00.671764+00:00,,2026-09-25T15:02:00.682765+00:00,,2026-09-25T15:02:00.683765+00:00,,2026-09-25T15:02:00.684765+00:00,,2026-09-25T15:02:00.685765+00:00,,2026-09-25T15:02:00.686765+00:00,,2026-09-25T15:02:00.687765+00:00,,2026-09-25T15:02:00.688765+00:00,,2026-09-25T15:02:00.689765+00:00,,2026-09-25T15:02:00.690765+00:00,,2026-09-25T15:02:00.691765+00:00,,2026-09-25T15:02:00.692765+00:00,,2026-09-25T15:02:00.704766+00:00,,2026-09-25T15:02:00.694765+00:00,,2026-09-25T15:02:00.695765+00:00,,2026-09-25T15:02:00.696765+00:00,,2026-09-25T15:02:00.697766+00:00,,2026-09-25T15:02:00.698766+00:00,,2026-09-25T15:02:00.699766+00:00,,2026-09-25T15:02:00.700766+00:00,,2026-09-25T15:02:00.701766+00:00,,2026-09-25T15:02:00.702766+00:00,,2026-09-25T15:02:00.703766+00:00,,2026-09-25T15:02:00.693765+00:00,,2026-09-25T15:02:00.705766+00:00,,2026-09-25T15:02:00.706766+00:00,,2026-09-25T15:02:00.707766+00:00,,2026-09-25T15:02:00.708766+00:00,,2026-09-25T15:02:00.709766+00:00,,2026-09-25T15:02:00.710766+00:00,,2026-09-25T15:02:00.711766+00:00,,2026-09-25T15:02:00.712766+00:00,,2026-09-25T15:02:00.724767+00:00,,2026-09-25T15:02:00.714767+00:00,,2026-09-25T15:02:00.715767+00:00,,2026-09-25T15:02:00.716767+00:00,,2026-09-25T15:02:00.717767+00:00,,2026-09-25T15:02:00.718767+00:00,,2026-09-25T15:02:00.719767+00:00,,2026-09-25T15:02:00.720767+00:00,,2026-09-25T15:02:00.721767+00:00,,2026-09-25T15:02:00.722767+00:00,,2026-09-25T15:02:00.723767+00:00,,2026-09-25T15:02:00.725767+00:00,,2026-09-25T15:02:00.726767+00:00,,2026-09-25T15:02:00.727767+00:00,,2026-09-25T15:02:00.728767+00:00,,2026-09-25T15:02:00.729767+00:00,,2026-09-25T15:02:00.730767+00:00,,2026-09-25T15:02:00.731767+00:00,,2026-09-25T15:02:00.732768+00:00,,2026-09-25T15:02:00.733768+00:00,,2026-09-25T15:02:00.734768+00:00,,2026-09-25T15:02:00.735768+00:00,,2026-09-25T15:02:00.736768+00:00,,2026-09-25T15:02:00.737768+00:00,,2026-09-25T15:02:00.738768+00:00,,2026-09-25T15:02:00.750769+00:00,,2026-09-25T15:02:00.740768+00:00,,2026-09-25T15:02:00.741768+00:00,,2026-09-25T15:02:00.742768+00:00,,2026-09-25T15:02:00.743768+00:00,,2026-09-25T15:02:00.744768+00:00,,2026-09-25T15:02:00.745768+00:00,,2026-09-25T15:02:00.746768+00:00,,2026-09-25T15:02:00.747768+00:00,,2026-09-25T15:02:00.748768+00:00,,2026-09-25T15:02:00.749769+00:00,,2026-09-25T15:02:00.739768+00:00,,2026-09-25T15:02:00.751769+00:00,,2026-09-25T15:02:00.752769+00:00,,2026-09-25T15:02:00.753769+00:00,,2026-09-25T15:02:00.754769+00:00,,2026-09-25T15:02:00.755769+00:00,,2026-09-25T15:02:00.756769+00:00,,2026-09-25T15:02:00.757769+00:00,,2026-09-25T15:02:00.758769+00:00,,2026-09-25T15:02:00.759769+00:00,,2026-09-25T15:02:00.760769+00:00,,2026-09-25T15:02:00.761769+00:00,,2026-09-25T15:02:00.762769+00:00,,2026-09-25T15:02:00.765769+00:00,,2026-09-25T15:02:00.764769+00:00,
255,2026-09-25T13:32:56.152457+00:00,2026-09-25T15:02:01.134791+00:00,107.007,2026-09-25T15:02:01.027784+00:00,,2026-09-25T15:02:01.047786+00:00,,2026-09-25T15:02:01.048786+00:00,,2026-09-25T15:02:01.049786+00:00,,2026-09-25T15:02:01.052786+00:00,,2026-09-25T15:02:01.053786+00:00,,2026-09-25T15:02:01.054786+00:00,,2026-09-25T15:02:01.055786+00:00,,2026-09-25T15:02:01.056786+00:00,,2026-09-25T15:02:01.057786+00:00,,2026-09-25T15:02:01.058786+00:00,,2026-09-25T15:02:01.059786+00:00,,2026-09-25T15:02:01.060786+00:00,,2026-09-25T15:02:01.061786+00:00,,2026-09-25T15:02:01.073787+00:00,,2026-09-25T15:02:01.063786+00:00,,2026-09-25T15:02:01.064787+00:00,,2026-09-25T15:02:01.065787+00:00,,2026-09-25T15:02:01.077787+00:00,,2026-09-25T15:02:01.067787+00:00,,2026-09-25T15:02:01.068787+00:00,,2026-09-25T15:02:01.069787+00:00,,2026-09-25T15:02:01.070787+00:00,,2026-09-25T15:02:01.071787+00:00,,2026-09-25T15:02:01.072787+00:00,,2026-09-25T15:02:01.074787+00:00,,2026-09-25T15:02:01.075787+00:00,,2026-09-25T15:02:01.076787+00:00,,2026-09-25T15:02:01.066787+00:00,,2026-09-25T15:02:01.078787+00:00,,2026-09-25T15:02:01.079787+00:00,,2026-09-25T15:02:01.080787+00:00,,2026-09-25T15:02:01.081787+00:00,,2026-09-25T15:02:01.095788+00:00,,2026-09-25T15:02:01.096788+00:00,,2026-09-25T15:02:01.086788+00:00,,2026-09-25T15:02:01.087788+00:00,,2026-09-25T15:02:01.088788+00:00,,2026-09-25T15:02:01.089788+00:00,,2026-09-25T15:02:01.090788+00:00,,2026-09-25T15:02:01.091788+00:00,,2026-09-25T15:02:01.092788+00:00,,2026-09-25T15:02:01.093788+00:00,,2026-09-25T15:02:01.094788+00:00,,2026-09-25T15:02:01.083788+00:00,,2026-09-25T15:02:01.085788+00:00,,2026-09-25T15:02:01.097788+00:00,,2026-09-25T15:02:01.098788+00:00,,2026-09-25T15:02:01.099789+00:00,,2026-09-25T15:02:01.100789+00:00,,2026-09-25T15:02:01.101789+00:00,,2026-09-25T15:02:01.102789+00:00,,2026-09-25T15:02:01.103789+00:00,,2026-09-25T15:02:01.104789+00:00,,2026-09-25T15:02:01.116790+00:00,,2026-09-25T15:02:01.117790+00:00,,2026-09-25T15:02:01.107789+00:00,,2026-09-25T15:02:01.108789+00:00,,2026-09-25T15:02:01.109789+00:00,,2026-09-25T15:02:01.110789+00:00,,2026-09-25T15:02:01.111789+00:00,,2026-09-25T15:02:01.123790+00:00,,2026-09-25T15:02:01.113789+00:00,,2026-09-25T15:02:01.114789+00:00,,2026-09-25T15:02:01.115789+00:00,,2026-09-25T15:02:01.105789+00:00,,2026-09-25T15:02:01.106789+00:00,,2026-09-25T15:02:01.118790+00:00,,2026-09-25T15:02:01.119790+00:00,,2026-09-25T15:02:01.120790+00:00,,2026-09-25T15:02:01.121790+00:00,,2026-09-25T15:02:01.122790+00:00,,2026-09-25T15:02:01.124790+00:00,,2026-09-25T15:02:01.125790+00:00,,2026-09-25T15:02:01.126790+00:00,,2026-09-25T15:02:01.127790+00:00,,2026-09-25T15:02:01.128790+00:00,,2026-09-25T15:02:01.129790+00:00,,2026-09-25T15:02:01.130790+00:00,,2026-09-25T15:02:01.131790+00:00,,2026-09-25T15:02:01.132790+00:00,,2026-09-25T15:02:01.133790+00:00,,2026-09-25T15:02:01.134791+00:00,
256,2026-09-25T13:32:56.550840+00:00,2026-09-25T15:02:01.536814+00:00,84.005,2026-09-25T15:02:01.452809+00:00,,2026-09-25T15:02:01.453809+00:00,,2026-09-25T15:02:01.454809+00:00,,2026-09-25T15:02:01.455809+00:00,,2026-09-25T15:02:01.456809+00:00,,2026-09-25T15:02:01.457809+00:00,,2026-09-25T15:02:01.458809+00:00,,2026-09-25T15:02:01.459809+00:00,,2026-09-25T15:02:01.460809+00:00,,2026-09-25T15:02:01.461809+00:00,,2026-09-25T15:02:01.473810+00:00,,2026-09-25T15:02:01.463809+00:00,,2026-09-25T15:02:01.464809+00:00,,2026-09-25T15:02:01.465809+00:00,,2026-09-25T15:02:01.466810+00:00,,2026-09-25T15:02:01.467810+00:00,,2026-09-25T15:02:01.468810+00:00,,2026-09-25T15:02:01.469810+00:00,,2026-09-25T15:02:01.470810+00:00,,2026-09-25T15:02:01.471810+00:00,,2026-09-25T15:02:01.472810+00:00,,2026-09-25T15:02:01.474810+00:00,,2026-09-25T15:02:01.475810+00:00,,2026-09-25T15:02:01.476810+00:00,,2026-09-25T15:02:01.477810+00:00,,2026-09-25T15:02:01.478810+00:00,,2026-09-25T15:02:01.479810+00:00,,2026-09-25T15:02:01.491811+00:00,,2026-09-25T15:02:01.481810+00:00,,2026-09-25T15:02:01.482810+00:00,,2026-09-25T15:02:01.483810+00:00,,2026-09-25T15:02:01.484811+00:00,,2026-09-25T15:02:01.485811+00:00,,2026-09-25T15:02:01.486811+00:00,,2026-09-25T15:02:01.487811+00:00,,2026-09-25T15:02:01.488811+00:00,,2026-09-25T15:02:01.489811+00:00,,2026-09-25T15:02:01.490811+00:00,,2026-09-25T15:02:01.480810+00:00,,2026-09-25T15:02:01.492811+00:00,,2026-09-25T15:02:01.493811+00:00,,2026-09-25T15:02:01.494811+00:00,,2026-09-25T15:02:01.495811+00:00,,2026-09-25T15:02:01.496811+00:00,,2026-09-25T15:02:01.497811+00:00,,2026-09-25T15:02:01.498811+00:00,,2026-09-25T15:02:01.499811+00:00,,2026-09-25T15:02:01.500811+00:00,,2026-09-25T15:02:01.501812+00:00,,2026-09-25T15:02:01.502812+00:00,,2026-09-25T15:02:01.503812+00:00,,2026-09-25T15:02:01.504812+00:00,,2026-09-25T15:02:01.505812+00:00,,2026-09-25T15:02:01.506812+00:00,,2026-09-25T15:02:01.507812+00:00,,2026-09-25T15:02:01.508812+00:00,,2026-09-25T15:02:01.509812+00:00,,2026-09-25T15:02:01.510812+00:00,,2026-09-25T15:02:01.511812+00:00,,2026-09-25T15:02:01.523813+00:00,,2026-09-25T15:02:01.513812+00:00,,2026-09-25T15:02:01.514812+00:00,,2026-09-25T15:02:01.526813+00:00,,2026-09-25T15:02:01.516812+00:00,,2026-09-25T15:02:01.517812+00:00,,2026-09-25T15:02:01.518812+00:00,,2026-09-25T15:02:01.519813+00:00,,2026-09-25T15:02:01.520813+00:00,,2026-09-25T15:02:01.521813+00:00,,2026-09-25T15:02:01.522813+00:00,,2026-09-25T15:02:01.524813+00:00,,2026-09-25T15:02:01.525813+00:00,,2026-09-25T15:02:01.515812+00:00,,2026-09-25T15:02:01.527813+00:00,,2026-09-25T15:02:01.528813+00:00,,2026-09-25T15:02:01.529813+00:00,,2026-09-25T15:02:01.530813+00:00,,2026-09-25T15:02:01.531813+00:00,,2026-09-25T15:02:01.532813+00:00,,2026-09-25T15:02:01.533813+00:00,,2026-09-25T15:02:01.534813+00:00,,2026-09-25T15:02:01.535813+00:00,,2026-09-25T15:02:01.536814+00:00,
257,2026-09-25T13:32:56.932057+00:00,2026-09-25T15:02:01.896834+00:00,88.005,2026-09-25T15:02:01.808829+00:00,,2026-09-25T15:02:01.814829+00:00,,2026-09-25T15:02:01.815829+00:00,,2026-09-25T15:02:01.816830+00:00,,2026-09-25T15:02:01.817830+00:00,,2026-09-25T15:02:01.829830+00:00,,2026-09-25T15:02:01.819830+00:00,,2026-09-25T15:02:01.820830+00:00,,2026-09-25T15:02:01.821830+00:00,,2026-09-25T15:02:01.822830+00:00,,2026-09-25T15:02:01.823830+00:00,,2026-09-25T15:02:01.824830+00:00,,2026-09-25T15:02:01.825830+00:00,,2026-09-25T15:02:01.826830+00:00,,2026-09-25T15:02:01.827830+00:00,,2026-09-25T15:02:01.828830+00:00,,2026-09-25T15:02:01.818830+00:00,,2026-09-25T15:02:01.830830+00:00,,2026-09-25T15:02:01.831830+00:00,,2026-09-25T15:02:01.832830+00:00,,2026-09-25T15:02:01.833831+00:00,,2026-09-25T15:02:01.845831+00:00,,2026-09-25T15:02:01.835831+00:00,,2026-09-25T15:02:01.836831+00:00,,2026-09-25T15:02:01.837831+00:00,,2026-09-25T15:02:01.838831+00:00,,2026-09-25T15:02:01.839831+00:00,,2026-09-25T15:02:01.840831+00:00,,2026-09-25T15:02:01.841831+00:00,,2026-09-25T15:02:01.842831+00:00,,2026-09-25T15:02:01.843831+00:00,,2026-09-25T15:02:01.844831+00:00,,2026-09-25T15:02:01.834831+00:00,,2026-09-25T15:02:01.846831+00:00,,2026-09-25T15:02:01.847831+00:00,,2026-09-25T15:02:01.848831+00:00,,2026-09-25T15:02:01.849831+00:00,,2026-09-25T15:02:01.850831+00:00,,2026-09-25T15:02:01.851832+00:00,,2026-09-25T15:02:01.852832+00:00,,2026-09-25T15:02:01.853832+00:00,,2026-09-25T15:02:01.865832+00:00,,2026-09-25T15:02:01.855832+00:00,,2026-09-25T15:02:01.856832+00:00,,2026-09-25T15:02:01.857832+00:00,,2026-09-25T15:02:01.858832+00:00,,2026-09-25T15:02:01.859832+00:00,,2026-09-25T15:02:01.860832+00:00,,2026-09-25T15:02:01.861832+00:00,,2026-09-25T15:02:01.873833+00:00,,2026-09-25T15:02:01.863832+00:00,,2026-09-25T15:02:01.864832+00:00,,2026-09-25T15:02:01.854832+00:00,,2026-09-25T15:02:01.866832+00:00,,2026-09-25T15:02:01.867832+00:00,,2026-09-25T15:02:01.868833+00:00,,2026-09-25T15:02:01.869833+00:00,,2026-09-25T15:02:01.870833+00:00,,2026-09-25T15:02:01.871833+00:00,,2026-09-25T15:02:01.872833+00:00,,2026-09-25T15:02:01.874833+00:00,,2026-09-25T15:02:01.875833+00:00,,2026-09-25T15:02:01.876833+00:00,,2026-09-25T15:02:01.877833+00:00,,2026-09-25T15:02:01.878833+00:00,,2026-09-25T15:02:01.879833+00:00,,2026-09-25T15:02:01.880833+00:00,,2026-09-25T15:02:01.881833+00:00,,2026-09-25T15:02:01.882833+00:00,,2026-09-25T15:02:01.883833+00:00,,2026-09-25T15:02:01.884833+00:00,,2026-09-25T15:02:01.885833+00:00,,2026-09-25T15:02:01.886834+00:00,,2026-09-25T15:02:01.887834+00:00,,2026-09-25T15:02:01.888834+00:00,,2026-09-25T15:02:01.889834+00:00,,2026-09-25T15:02:01.890834+00:00,,2026-09-25T15:02:01.891834+00:00,,2026-09-25T15:02:01.892834+00:00,,2026-09-25T15:02:01.893834+00:00,,2026-09-25T15:02:01.894834+00:00,,2026-09-25T15:02:01.895834+00:00,,2026-09-25T15:02:01.896834+00:00,
258,2026-09-25T13:32:57.328336+00:00,2026-09-25T15:02:02.284856+00:00,96.005,2026-09-25T15:02:02.188851+00:00,,2026-09-25T15:02:02.201852+00:00,,2026-09-25T15:02:02.202852+00:00,,2026-09-25T15:02:02.203852+00:00,,2026-09-25T15:02:02.204852+00:00,,2026-09-25T15:02:02.205852+00:00,,2026-09-25T15:02:02.206852+00:00,,2026-09-25T15:02:02.207852+00:00,,2026-09-25T15:02:02.208852+00:00,,2026-09-25T15:02:02.209852+00:00,,2026-09-25T15:02:02.210852+00:00,,2026-09-25T15:02:02.211852+00:00,,2026-09-25T15:02:02.223853+00:00,,2026-09-25T15:02:02.213852+00:00,,2026-09-25T15:02:02.214852+00:00,,2026-09-25T15:02:02.215852+00:00,,2026-09-25T15:02:02.216852+00:00,,2026-09-25T15:02:02.217852+00:00,,2026-09-25T15:02:02.218853+00:00,,2026-09-25T15:02:02.219853+00:00,,2026-09-25T15:02:02.220853+00:00,,2026-09-25T15:02:02.221853+00:00,,2026-09-25T15:02:02.222853+00:00,,2026-09-25T15:02:02.224853+00:00,,2026-09-25T15:02:02.225853+00:00,,2026-09-25T15:02:02.226853+00:00,,2026-09-25T15:02:02.227853+00:00,,2026-09-25T15:02:02.228853+00:00,,2026-09-25T15:02:02.229853+00:00,,2026-09-25T15:02:02.230853+00:00,,2026-09-25T15:02:02.231853+00:00,,2026-09-25T15:02:02.232853+00:00,,2026-09-25T15:02:02.233853+00:00,,2026-09-25T15:02:02.234853+00:00,,2026-09-25T15:02:02.235854+00:00,,2026-09-25T15:02:02.236854+00:00,,2026-09-25T15:02:02.237854+00:00,,2026-09-25T15:02:02.238854+00:00,,2026-09-25T15:02:02.239854+00:00,,2026-09-25T15:02:02.240854+00:00,,2026-09-25T15:02:02.241854+00:00,,2026-09-25T15:02:02.242854+00:00,,2026-09-25T15:02:02.243854+00:00,,2026-09-25T15:02:02.244854+00:00,,2026-09-25T15:02:02.245854+00:00,,2026-09-25T15:02:02.246854+00:00,,2026-09-25T15:02:02.247854+00:00,,2026-09-25T15:02:02.248854+00:00,,2026-09-25T15:02:02.249854+00:00,,2026-09-25T15:02:02.250854+00:00,,2026-09-25T15:02:02.251854+00:00,,2026-09-25T15:02:02.252854+00:00,,2026-09-25T15:02:02.253855+00:00,,2026-09-25T15:02:02.254855+00:00,,2026-09-25T15:02:02.255855+00:00,,2026-09-25T15:02:02.267855+00:00,,2026-09-25T15:02:02.268855+00:00,,2026-09-25T15:02:02.258855+00:00,,2026-09-25T15:02:02.259855+00:00,,2026-09-25T15:02:02.260855+00:00,,2026-09-25T15:02:02.261855+00:00,,2026-09-25T15:02:02.262855+00:00,,2026-09-25T15:02:02.263855+00:00,,2026-09-25T15:02:02.264855+00:00,,2026-09-25T15:02:02.265855+00:00,,2026-09-25T15:02:02.266855+00:00,,2026-09-25T15:02:02.256855+00:00,,2026-09-25T15:02:02.257855+00:00,,2026-09-25T15:02:02.269855+00:00,,2026-09-25T15:02:02.270856+00:00,,2026-09-25T15:02:02.271856+00:00,,2026-09-25T15:02:02.273856+00:00,,2026-09-25T15:02:02.274856+00:00,,2026-09-25T15:02:02.275856+00:00,,2026-09-25T15:02:02.276856+00:00,,2026-09-25T15:02:02.277856+00:00,,2026-09-25T15:02:02.278856+00:00,,2026-09-25T15:02:02.279856+00:00,,2026-09-25T15:02:02.280856+00:00,,2026-09-25T15:02:02.281856+00:00,,2026-09-25T15:02:02.282856+00:00,,2026-09-25T15:02:02.283856+00:00,,2026-09-25T15:02:02.284856+00:00,
259,2026-09-25T13:32:57.812124+00:00,2026-09-25T15:02:02.785885+00:00,94.00500000000001,2026-09-25T15:02:02.691880+00:00,,2026-09-25T15:02:02.702880+00:00,,2026-09-25T15:02:02.703880+00:00,,2026-09-25T15:02:02.704880+00:00,,2026-09-25T15:02:02.705880+00:00,,2026-09-25T15:02:02.706880+00:00,,2026-09-25T15:02:02.707881+00:00,,2026-09-25T15:02:02.708881+00:00,,2026-09-25T15:02:02.709881+00:00,,2026-09-25T15:02:02.710881+00:00,,2026-09-25T15:02:02.733882+00:00,,2026-09-25T15:02:02.712881+00:00,,2026-09-25T15:02:02.713881+00:00,,2026-09-25T15:02:02.714881+00:00,,2026-09-25T15:02:02.715881+00:00,,2026-09-25T15:02:02.716881+00:00,,2026-09-25T15:02:02.717881+00:00,,2026-09-25T15:02:02.718881+00:00,,2026-09-25T15:02:02.719881+00:00,,2026-09-25T15:02:02.720881+00:00,,2026-09-25T15:02:02.732882+00:00,,2026-09-25T15:02:02.723881+00:00,,2026-09-25T15:02:02.724881+00:00,,2026-09-25T15:02:02.725882+00:00,,2026-09-25T15:02:02.726882+00:00,,2026-09-25T15:02:02.727882+00:00,,2026-09-25T15:02:02.728882+00:00,,2026-09-25T15:02:02.729882+00:00,,2026-09-25T15:02:02.730882+00:00,,2026-09-25T15:02:02.731882+00:00,,2026-09-25T15:02:02.721881+00:00,,2026-09-25T15:02:02.722881+00:00,,2026-09-25T15:02:02.734882+00:00,,2026-09-25T15:02:02.735882+00:00,,2026-09-25T15:02:02.736882+00:00,,2026-09-25T15:02:02.737882+00:00,,2026-09-25T15:02:02.738882+00:00,,2026-09-25T15:02:02.739882+00:00,,2026-09-25T15:02:02.740882+00:00,,2026-09-25T15:02:02.741882+00:00,,2026-09-25T15:02:02.742883+00:00,,2026-09-25T15:02:02.743883+00:00,,2026-09-25T15:02:02.744883+00:00,,2026-09-25T15:02:02.745883+00:00,,2026-09-25T15:02:02.746883+00:00,,2026-09-25T15:02:02.758883+00:00,,2026-09-25T15:02:02.748883+00:00,,2026-09-25T15:02:02.749883+00:00,,2026-09-25T15:02:02.750883+00:00,,2026-09-25T15:02:02.751883+00:00,,2026-09-25T15:02:02.752883+00:00,,2026-09-25T15:02:02.753883+00:00,,2026-09-25T15:02:02.754883+00:00,,2026-09-25T15:02:02.755883+00:00,,2026-09-25T15:02:02.767884+00:00,,2026-09-25T15:02:02.768884+00:00,,2026-09-25T15:02:02.747883+00:00,,2026-09-25T15:02:02.759883+00:00,,2026-09-25T15:02:02.760884+00:00,,2026-09-25T15:02:02.772884+00:00,,2026-09-25T15:02:02.762884+00:00,,2026-09-25T15:02:02.763884+00:00,,2026-09-25T15:02:02.764884+00:00,,2026-09-25T15:02:02.765884+00:00,,2026-09-25T15:02:02.766884+00:00,,2026-09-25T15:02:02.756883+00:00,,2026-09-25T15:02:02.757883+00:00,,2026-09-25T15:02:02.780885+00:00,,2026-09-25T15:02:02.781885+00:00,,2026-09-25T15:02:02.782885+00:00,,2026-09-25T15:02:02.773884+00:00,,2026-09-25T15:02:02.774884+00:00,,2026-09-25T15:02:02.775884+00:00,,2026-09-25T15:02:02.776884+00:00,,2026-09-25T15:02:02.777885+00:00,,2026-09-25T15:02:02.778885+00:00,,2026-09-25T15:02:02.779885+00:00,,2026-09-25T15:02:02.769884+00:00,,2026-09-25T15:02:02.770884+00:00,,2026-09-25T15:02:02.771884+00:00,,2026-09-25T15:02:02.783885+00:00,,2026-09-25T15:02:02.784885+00:00,,2026-09-25T15:02:02.785885+00:00,
260,2026-09-25T13:32:58.208142+00:00,2026-09-25T15:02:03.191908+00:00,85.005,2026-09-25T15:02:03.106903+00:00,,2026-09-25T15:02:03.107903+00:00,,2026-09-25T15:02:03.108903+00:00,,2026-09-25T15:02:03.121904+00:00,,2026-09-25T15:02:03.122904+00:00,,2026-09-25T15:02:03.123904+00:00,,2026-09-25T15:02:03.113904+00:00,,2026-09-25T15:02:03.114904+00:00,,2026-09-25T15:02:03.115904+00:00,,2026-09-25T15:02:03.116904+00:00,,2026-09-25T15:02:03.128905+00:00,,2026-09-25T15:02:03.118904+00:00,,2026-09-25T15:02:03.119904+00:00,,2026-09-25T15:02:03.120904+00:00,,2026-09-25T15:02:03.109904+00:00,,2026-09-25T15:02:03.110904+00:00,,2026-09-25T15:02:03.124904+00:00,,2026-09-25T15:02:03.125904+00:00,,2026-09-25T15:02:03.126904+00:00,,2026-09-25T15:02:03.127905+00:00,,2026-09-25T15:02:03.117904+00:00,,2026-09-25T15:02:03.129905+00:00,,2026-09-25T15:02:03.130905+00:00,,2026-09-25T15:02:03.131905+00:00,,2026-09-25T15:02:03.132905+00:00,,2026-09-25T15:02:03.144906+00:00,,2026-09-25T15:02:03.134905+00:00,,2026-09-25T15:02:03.135905+00:00,,2026-09-25T15:02:03.136905+00:00,,2026-09-25T15:02:03.137905+00:00,,2026-09-25T15:02:03.138905+00:00,,2026-09-25T15:02:03.139905+00:00,,2026-09-25T15:02:03.140905+00:00,,2026-09-25T15:02:03.152906+00:00,,2026-09-25T15:02:03.142905+00:00,,2026-09-25T15:02:03.143905+00:00,,2026-09-25T15:02:03.133905+00:00,,2026-09-25T15:02:03.145906+00:00,,2026-09-25T15:02:03.146906+00:00,,2026-09-25T15:02:03.147906+00:00,,2026-09-25T15:02:03.148906+00:00,,2026-09-25T15:02:03.149906+00:00,,2026-09-25T15:02:03.150906+00:00,,2026-09-25T15:02:03.151906+00:00,,2026-09-25T15:02:03.141905+00:00,,2026-09-25T15:02:03.153906+00:00,,2026-09-25T15:02:03.154906+00:00,,2026-09-25T15:02:03.155906+00:00,,2026-09-25T15:02:03.156906+00:00,,2026-09-25T15:02:03.157906+00:00,,2026-09-25T15:02:03.158906+00:00,,2026-09-25T15:02:03.159906+00:00,,2026-09-25T15:02:03.160906+00:00,,2026-09-25T15:02:03.183908+00:00,,2026-09-25T15:02:03.162907+00:00,,2026-09-25T15:02:03.163907+00:00,,2026-09-25T15:02:03.164907+00:00,,2026-09-25T15:02:03.165907+00:00,,2026-09-25T15:02:03.166907+00:00,,2026-09-25T15:02:03.167907+00:00,,2026-09-25T15:02:03.168907+00:00,,2026-09-25T15:02:03.169907+00:00,,2026-09-25T15:02:03.170907+00:00,,2026-09-25T15:02:03.171907+00:00,,2026-09-25T15:02:03.173907+00:00,,2026-09-25T15:02:03.174907+00:00,,2026-09-25T15:02:03.175907+00:00,,2026-09-25T15:02:03.176907+00:00,,2026-09-25T15:02:03.177907+00:00,,2026-09-25T15:02:03.178907+00:00,,2026-09-25T15:02:03.179908+00:00,,2026-09-25T15:02:03.180908+00:00,,2026-09-25T15:02:03.181908+00:00,,2026-09-25T15:02:03.182908+00:00,,2026-09-25T15:02:03.172907+00:00,,2026-09-25T15:02:03.184908+00:00,,2026-09-25T15:02:03.185908+00:00,,2026-09-25T15:02:03.186908+00:00,,2026-09-25T15:02:03.187908+00:00,,2026-09-25T15:02:03.188908+00:00,,2026-09-25T15:02:03.189908+00:00,,2026-09-25T15:02:03.190908+00:00,,2026-09-25T15:02:03.191908+00:00,
261,2026-09-25T13:32:58.615153+00:00,2026-09-25T15:02:03.599932+00:00,84.005,2026-09-25T15:02:03.515927+00:00,,2026-09-25T15:02:03.516927+00:00,,2026-09-25T15:02:03.517927+00:00,,2026-09-25T15:02:03.518927+00:00,,2026-09-25T15:02:03.519927+00:00,,2026-09-25T15:02:03.520927+00:00,,2026-09-25T15:02:03.521927+00:00,,2026-09-25T15:02:03.523927+00:00,,2026-09-25T15:02:03.524927+00:00,,2026-09-25T15:02:03.525927+00:00,,2026-09-25T15:02:03.526927+00:00,,2026-09-25T15:02:03.527927+00:00,,2026-09-25T15:02:03.528927+00:00,,2026-09-25T15:02:03.529928+00:00,,2026-09-25T15:02:03.530928+00:00,,2026-09-25T15:02:03.531928+00:00,,2026-09-25T15:02:03.532928+00:00,,2026-09-25T15:02:03.533928+00:00,,2026-09-25T15:02:03.534928+00:00,,2026-09-25T15:02:03.535928+00:00,,2026-09-25T15:02:03.536928+00:00,,2026-09-25T15:02:03.537928+00:00,,2026-09-25T15:02:03.538928+00:00,,2026-09-25T15:02:03.539928+00:00,,2026-09-25T15:02:03.551929+00:00,,2026-09-25T15:02:03.541928+00:00,,2026-09-25T15:02:03.542928+00:00,,2026-09-25T15:02:03.543928+00:00,,2026-09-25T15:02:03.544928+00:00,,2026-09-25T15:02:03.545928+00:00,,2026-09-25T15:02:03.557929+00:00,,2026-09-25T15:02:03.547929+00:00,,2026-09-25T15:02:03.548929+00:00,,2026-09-25T15:02:03.549929+00:00,,2026-09-25T15:02:03.550929+00:00,,2026-09-25T15:02:03.540928+00:00,,2026-09-25T15:02:03.552929+00:00,,2026-09-25T15:02:03.553929+00:00,,2026-09-25T15:02:03.554929+00:00,,2026-09-25T15:02:03.555929+00:00,,2026-09-25T15:02:03.556929+00:00,,2026-09-25T15:02:03.546928+00:00,,2026-09-25T15:02:03.558929+00:00,,2026-09-25T15:02:03.559929+00:00,,2026-09-25T15:02:03.560929+00:00,,2026-09-25T15:02:03.572930+00:00,,2026-09-25T15:02:03.562929+00:00,,2026-09-25T15:02:03.563929+00:00,,2026-09-25T15:02:03.564930+00:00,,2026-09-25T15:02:03.565930+00:00,,2026-09-25T15:02:03.566930+00:00,,2026-09-25T15:02:03.567930+00:00,,2026-09-25T15:02:03.568930+00:00,,2026-09-25T15:02:03.569930+00:00,,2026-09-25T15:02:03.570930+00:00,,2026-09-25T15:02:03.571930+00:00,,2026-09-25T15:02:03.573930+00:00,,2026-09-25T15:02:03.574930+00:00,,2026-09-25T15:02:03.575930+00:00,,2026-09-25T15:02:03.576930+00:00,,2026-09-25T15:02:03.577930+00:00,,2026-09-25T15:02:03.578930+00:00,,2026-09-25T15:02:03.579930+00:00,,2026-09-25T15:02:03.580930+00:00,,2026-09-25T15:02:03.581930+00:00,,2026-09-25T15:02:03.582931+00:00,,2026-09-25T15:02:03.583931+00:00,,2026-09-25T15:02:03.584931+00:00,,2026-09-25T15:02:03.585931+00:00,,2026-09-25T15:02:03.586931+00:00,,2026-09-25T15:02:03.587931+00:00,,2026-09-25T15:02:03.599932+00:00,,2026-09-25T15:02:03.589931+00:00,,2026-09-25T15:02:03.590931+00:00,,2026-09-25T15:02:03.591931+00:00,,2026-09-25T15:02:03.592931+00:00,,2026-09-25T15:02:03.593931+00:00,,2026-09-25T15:02:03.594931+00:00,,2026-09-25T15:02:03.595931+00:00,,2026-09-25T15:02:03.596931+00:00,,2026-09-25T15:02:03.597931+00:00,,2026-09-25T15:02:03.598931+00:00,,2026-09-25T15:02:03.588931+00:00,
262,2026-09-25T13:32:59.030695+00:00,2026-09-25T15:02:04.009955+00:00,95.00500000000001,2026-09-25T15:02:03.914950+00:00,,2026-09-25T15:02:03.926950+00:00,,2026-09-25T15:02:03.927950+00:00,,2026-09-25T15:02:03.928950+00:00,,2026-09-25T15:02:03.929950+00:00,,2026-09-25T15:02:03.930950+00:00,,2026-09-25T15:02:03.931951+00:00,,2026-09-25T15:02:03.932951+00:00,,2026-09-25T15:02:03.933951+00:00,,2026-09-25T15:02:03.934951+00:00,,2026-09-25T15:02:03.935951+00:00,,2026-09-25T15:02:03.936951+00:00,,2026-09-25T15:02:03.937951+00:00,,2026-09-25T15:02:03.938951+00:00,,2026-09-25T15:02:03.939951+00:00,,2026-09-25T15:02:03.951952+00:00,,2026-09-25T15:02:03.941951+00:00,,2026-09-25T15:02:03.942951+00:00,,2026-09-25T15:02:03.943951+00:00,,2026-09-25T15:02:03.944951+00:00,,2026-09-25T15:02:03.945951+00:00,,2026-09-25T15:02:03.946951+00:00,,2026-09-25T15:02:03.958952+00:00,,2026-09-25T15:02:03.948951+00:00,,2026-09-25T15:02:03.949952+00:00,,2026-09-25T15:02:03.950952+00:00,,2026-09-25T15:02:03.940951+00:00,,2026-09-25T15:02:03.952952+00:00,,2026-09-25T15:02:03.953952+00:00,,2026-09-25T15:02:03.954952+00:00,,2026-09-25T15:02:03.955952+00:00,,2026-09-25T15:02:03.956952+00:00,,2026-09-25T15:02:03.957952+00:00,,2026-09-25T15:02:03.947951+00:00,,2026-09-25T15:02:03.959952+00:00,,2026-09-25T15:02:03.971953+00:00,,2026-09-25T15:02:03.961952+00:00,,2026-09-25T15:02:03.962952+00:00,,2026-09-25T15:02:03.963952+00:00,,2026-09-25T15:02:03.964952+00:00,,2026-09-25T15:02:03.965952+00:00,,2026-09-25T15:02:03.966953+00:00,,2026-09-25T15:02:03.967953+00:00,,2026-09-25T15:02:03.979953+00:00,,2026-09-25T15:02:03.969953+00:00,,2026-09-25T15:02:03.970953+00:00,,2026-09-25T15:02:03.972953+00:00,,2026-09-25T15:02:03.973953+00:00,,2026-09-25T15:02:03.974953+00:00,,2026-09-25T15:02:03.975953+00:00,,2026-09-25T15:02:03.976953+00:00,,2026-09-25T15:02:03.977953+00:00,,2026-09-25T15:02:03.978953+00:00,,2026-09-25T15:02:03.968953+00:00,,2026-09-25T15:02:03.980953+00:00,,2026-09-25T15:02:03.981953+00:00,,2026-09-25T15:02:03.982953+00:00,,2026-09-25T15:02:03.983953+00:00,,2026-09-25T15:02:03.984954+00:00,,2026-09-25T15:02:03.986954+00:00,,2026-09-25T15:02:03.987954+00:00,,2026-09-25T15:02:03.988954+00:00,,2026-09-25T15:02:03.989954+00:00,,2026-09-25T15:02:03.990954+00:00,,2026-09-25T15:02:03.991954+00:00,,2026-09-25T15:02:03.992954+00:00,,2026-09-25T15:02:03.993954+00:00,,2026-09-25T15:02:03.994954+00:00,,2026-09-25T15:02:03.995954+00:00,,2026-09-25T15:02:03.996954+00:00,,2026-09-25T15:02:03.997954+00:00,,2026-09-25T15:02:03.998954+00:00,,2026-09-25T15:02:03.999954+00:00,,2026-09-25T15:02:04.000954+00:00,,2026-09-25T15:02:04.001955+00:00,,2026-09-25T15:02:04.002955+00:00,,2026-09-25T15:02:04.003955+00:00,,2026-09-25T15:02:04.004955+00:00,,2026-09-25T15:02:04.005955+00:00,,2026-09-25T15:02:04.006955+00:00,,2026-09-25T15:02:04.007955+00:00,,2026-09-25T15:02:04.008955+00:00,,2026-09-25T15:02:04.009955+00:00,
263,2026-09-25T13:32:59.389355+00:00,2026-09-25T15:02:04.370976+00:00,86.005,2026-09-25T15:02:04.285971+00:00,,2026-09-25T15:02:04.284971+00:00,,2026-09-25T15:02:04.286971+00:00,,2026-09-25T15:02:04.300972+00:00,,2026-09-25T15:02:04.289971+00:00,,2026-09-25T15:02:04.290971+00:00,,2026-09-25T15:02:04.292971+00:00,,2026-09-25T15:02:04.293971+00:00,,2026-09-25T15:02:04.294971+00:00,,2026-09-25T15:02:04.295971+00:00,,2026-09-25T15:02:04.296971+00:00,,2026-09-25T15:02:04.297971+00:00,,2026-09-25T15:02:04.298972+00:00,,2026-09-25T15:02:04.299972+00:00,,2026-09-25T15:02:04.288971+00:00,,2026-09-25T15:02:04.301972+00:00,,2026-09-25T15:02:04.302972+00:00,,2026-09-25T15:02:04.303972+00:00,,2026-09-25T15:02:04.304972+00:00,,2026-09-25T15:02:04.305972+00:00,,2026-09-25T15:02:04.306972+00:00,,2026-09-25T15:02:04.307972+00:00,,2026-09-25T15:02:04.308972+00:00,,2026-09-25T15:02:04.309972+00:00,,2026-09-25T15:02:04.321973+00:00,,2026-09-25T15:02:04.311972+00:00,,2026-09-25T15:02:04.312972+00:00,,2026-09-25T15:02:04.313972+00:00,,2026-09-25T15:02:04.314972+00:00,,2026-09-25T15:02:04.315972+00:00,,2026-09-25T15:02:04.316973+00:00,,2026-09-25T15:02:04.317973+00:00,,2026-09-25T15:02:04.318973+00:00,,2026-09-25T15:02:04.319973+00:00,,2026-09-25T15:02:04.320973+00:00,,2026-09-25T15:02:04.322973+00:00,,2026-09-25T15:02:04.323973+00:00,,2026-09-25T15:02:04.324973+00:00,,2026-09-25T15:02:04.325973+00:00,,2026-09-25T15:02:04.326973+00:00,,2026-09-25T15:02:04.327973+00:00,,2026-09-25T15:02:04.328973+00:00,,2026-09-25T15:02:04.329973+00:00,,2026-09-25T15:02:04.330973+00:00,,2026-09-25T15:02:04.331973+00:00,,2026-09-25T15:02:04.332973+00:00,,2026-09-25T15:02:04.333974+00:00,,2026-09-25T15:02:04.334974+00:00,,2026-09-25T15:02:04.335974+00:00,,2026-09-25T15:02:04.336974+00:00,,2026-09-25T15:02:04.337974+00:00,,2026-09-25T15:02:04.338974+00:00,,2026-09-25T15:02:04.339974+00:00,,2026-09-25T15:02:04.340974+00:00,,2026-09-25T15:02:04.341974+00:00,,2026-09-25T15:02:04.342974+00:00,,2026-09-25T15:02:04.343974+00:00,,2026-09-25T15:02:04.344974+00:00,,2026-09-25T15:02:04.345974+00:00,,2026-09-25T15:02:04.346974+00:00,,2026-09-25T15:02:04.347974+00:00,,2026-09-25T15:02:04.348974+00:00,,2026-09-25T15:02:04.349974+00:00,,2026-09-25T15:02:04.350974+00:00,,2026-09-25T15:02:04.351975+00:00,,2026-09-25T15:02:04.363975+00:00,,2026-09-25T15:02:04.353975+00:00,,2026-09-25T15:02:04.354975+00:00,,2026-09-25T15:02:04.355975+00:00,,2026-09-25T15:02:04.356975+00:00,,2026-09-25T15:02:04.357975+00:00,,2026-09-25T15:02:04.358975+00:00,,2026-09-25T15:02:04.359975+00:00,,2026-09-25T15:02:04.370976+00:00,,2026-09-25T15:02:04.361975+00:00,,2026-09-25T15:02:04.362975+00:00,,2026-09-25T15:02:04.352975+00:00,,2026-09-25T15:02:04.364975+00:00,,2026-09-25T15:02:04.365975+00:00,,2026-09-25T15:02:04.366975+00:00,,2026-09-25T15:02:04.367975+00:00,,2026-09-25T15:02:04.368976+00:00,,2026-09-25T15:02:04.369976+00:00,
264,2026-09-25T13:32:59.781601+00:00,2026-09-25T15:02:04.757998+00:00,83.005,2026-09-25T15:02:04.674993+00:00,,2026-09-25T15:02:04.675993+00:00,,2026-09-25T15:02:04.676993+00:00,,2026-09-25T15:02:04.677993+00:00,,2026-09-25T15:02:04.678993+00:00,,2026-09-25T15:02:04.679993+00:00,,2026-09-25T15:02:04.680993+00:00,,2026-09-25T15:02:04.681993+00:00,,2026-09-25T15:02:04.682993+00:00,,2026-09-25T15:02:04.683994+00:00,,2026-09-25T15:02:04.684994+00:00,,2026-09-25T15:02:04.685994+00:00,,2026-09-25T15:02:04.686994+00:00,,2026-09-25T15:02:04.687994+00:00,,2026-09-25T15:02:04.688994+00:00,,2026-09-25T15:02:04.700995+00:00,,2026-09-25T15:02:04.690994+00:00,,2026-09-25T15:02:04.691994+00:00,,2026-09-25T15:02:04.692994+00:00,,2026-09-25T15:02:04.693994+00:00,,2026-09-25T15:02:04.694994+00:00,,2026-09-25T15:02:04.695994+00:00,,2026-09-25T15:02:04.696994+00:00,,2026-09-25T15:02:04.697994+00:00,,2026-09-25T15:02:04.698994+00:00,,2026-09-25T15:02:04.699994+00:00,,2026-09-25T15:02:04.689994+00:00,,2026-09-25T15:02:04.712995+00:00,,2026-09-25T15:02:04.702995+00:00,,2026-09-25T15:02:04.703995+00:00,,2026-09-25T15:02:04.704995+00:00,,2026-09-25T15:02:04.705995+00:00,,2026-09-25T15:02:04.706995+00:00,,2026-09-25T15:02:04.707995+00:00,,2026-09-25T15:02:04.708995+00:00,,2026-09-25T15:02:04.709995+00:00,,2026-09-25T15:02:04.721996+00:00,,2026-09-25T15:02:04.711995+00:00,,2026-09-25T15:02:04.701995+00:00,,2026-09-25T15:02:04.713995+00:00,,2026-09-25T15:02:04.714995+00:00,,2026-09-25T15:02:04.715995+00:00,,2026-09-25T15:02:04.716995+00:00,,2026-09-25T15:02:04.717995+00:00,,2026-09-25T15:02:04.729996+00:00,,2026-09-25T15:02:04.719996+00:00,,2026-09-25T15:02:04.720996+00:00,,2026-09-25T15:02:04.722996+00:00,,2026-09-25T15:02:04.723996+00:00,,2026-09-25T15:02:04.724996+00:00,,2026-09-25T15:02:04.725996+00:00,,2026-09-25T15:02:04.726996+00:00,,2026-09-25T15:02:04.738997+00:00,,2026-09-25T15:02:04.728996+00:00,,2026-09-25T15:02:04.718996+00:00,,2026-09-25T15:02:04.730996+00:00,,2026-09-25T15:02:04.731996+00:00,,2026-09-25T15:02:04.732996+00:00,,2026-09-25T15:02:04.733996+00:00,,2026-09-25T15:02:04.734996+00:00,,2026-09-25T15:02:04.735997+00:00,,2026-09-25T15:02:04.736997+00:00,,2026-09-25T15:02:04.737997+00:00,,2026-09-25T15:02:04.727996+00:00,,2026-09-25T15:02:04.739997+00:00,,2026-09-25T15:02:04.740997+00:00,,2026-09-25T15:02:04.741997+00:00,,2026-09-25T15:02:04.742997+00:00,,2026-09-25T15:02:04.743997+00:00,,2026-09-25T15:02:04.744997+00:00,,2026-09-25T15:02:04.745997+00:00,,2026-09-25T15:02:04.746997+00:00,,2026-09-25T15:02:04.747997+00:00,,2026-09-25T15:02:04.748997+00:00,,2026-09-25T15:02:04.749997+00:00,,2026-09-25T15:02:04.750997+00:00,,2026-09-25T15:02:04.751997+00:00,,2026-09-25T15:02:04.752997+00:00,,2026-09-25T15:02:04.753998+00:00,,2026-09-25T15:02:04.754998+00:00,,2026-09-25T15:02:04.755998+00:00,,2026-09-25T15:02:04.756998+00:00,,2026-09-25T15:02:04.757998+00:00,
265,2026-09-25T13:33:00.172889+00:00,2026-09-25T15:02:05.150020+00:00,114.006,2026-09-25T15:02:05.036014+00:00,,2026-09-25T15:02:05.060015+00:00,,2026-09-25T15:02:05.074016+00:00,,2026-09-25T15:02:05.063015+00:00,,2026-09-25T15:02:05.064015+00:00,,2026-09-25T15:02:05.065015+00:00,,2026-09-25T15:02:05.066015+00:00,,2026-09-25T15:02:05.067015+00:00,,2026-09-25T15:02:05.068015+00:00,,2026-09-25T15:02:05.069016+00:00,,2026-09-25T15:02:05.071016+00:00,,2026-09-25T15:02:05.072016+00:00,,2026-09-25T15:02:05.073016+00:00,,2026-09-25T15:02:05.062015+00:00,,2026-09-25T15:02:05.075016+00:00,,2026-09-25T15:02:05.076016+00:00,,2026-09-25T15:02:05.077016+00:00,,2026-09-25T15:02:05.078016+00:00,,2026-09-25T15:02:05.079016+00:00,,2026-09-25T15:02:05.080016+00:00,,2026-09-25T15:02:05.081016+00:00,,2026-09-25T15:02:05.082016+00:00,,2026-09-25T15:02:05.083016+00:00,,2026-09-25T15:02:05.084016+00:00,,2026-09-25T15:02:05.085016+00:00,,2026-09-25T15:02:05.086017+00:00,,2026-09-25T15:02:05.087017+00:00,,2026-09-25T15:02:05.088017+00:00,,2026-09-25T15:02:05.089017+00:00,,2026-09-25T15:02:05.090017+00:00,,2026-09-25T15:02:05.091017+00:00,,2026-09-25T15:02:05.092017+00:00,,2026-09-25T15:02:05.093017+00:00,,2026-09-25T15:02:05.094017+00:00,,2026-09-25T15:02:05.095017+00:00,,2026-09-25T15:02:05.097017+00:00,,2026-09-25T15:02:05.098017+00:00,,2026-09-25T15:02:05.099017+00:00,,2026-09-25T15:02:05.100017+00:00,,2026-09-25T15:02:05.101017+00:00,,2026-09-25T15:02:05.102017+00:00,,2026-09-25T15:02:05.103018+00:00,,2026-09-25T15:02:05.104018+00:00,,2026-09-25T15:02:05.105018+00:00,,2026-09-25T15:02:05.106018+00:00,,2026-09-25T15:02:05.119018+00:00,,2026-09-25T15:02:05.109018+00:00,,2026-09-25T15:02:05.121019+00:00,,2026-09-25T15:02:05.111018+00:00,,2026-09-25T15:02:05.112018+00:00,,2026-09-25T15:02:05.113018+00:00,,2026-09-25T15:02:05.114018+00:00,,2026-09-25T15:02:05.115018+00:00,,2026-09-25T15:02:05.116018+00:00,,2026-09-25T15:02:05.117018+00:00,,2026-09-25T15:02:05.118018+00:00,,2026-09-25T15:02:05.108018+00:00,,2026-09-25T15:02:05.120018+00:00,,2026-09-25T15:02:05.122019+00:00,,2026-09-25T15:02:05.123019+00:00,,2026-09-25T15:02:05.124019+00:00,,2026-09-25T15:02:05.125019+00:00,,2026-09-25T15:02:05.126019+00:00,,2026-09-25T15:02:05.140020+00:00,,2026-09-25T15:02:05.129019+00:00,,2026-09-25T15:02:05.144020+00:00,,2026-09-25T15:02:05.131019+00:00,,2026-09-25T15:02:05.132019+00:00,,2026-09-25T15:02:05.133019+00:00,,2026-09-25T15:02:05.134019+00:00,,2026-09-25T15:02:05.135019+00:00,,2026-09-25T15:02:05.136019+00:00,,2026-09-25T15:02:05.137019+00:00,,2026-09-25T15:02:05.138020+00:00,,2026-09-25T15:02:05.128019+00:00,,2026-09-25T15:02:05.142020+00:00,,2026-09-25T15:02:05.130019+00:00,,2026-09-25T15:02:05.145020+00:00,,2026-09-25T15:02:05.146020+00:00,,2026-09-25T15:02:05.147020+00:00,,2026-09-25T15:02:05.148020+00:00,,2026-09-25T15:02:05.149020+00:00,,2026-09-25T15:02:05.150020+00:00,
266,2026-09-25T13:33:00.606866+00:00,2026-09-25T15:02:05.593046+00:00,173.01,2026-09-25T15:02:05.420036+00:00,,2026-09-25T15:02:05.438037+00:00,,2026-09-25T15:02:05.439037+00:00,,2026-09-25T15:02:05.451037+00:00,,2026-09-25T15:02:05.441037+00:00,,2026-09-25T15:02:05.442037+00:00,,2026-09-25T15:02:05.443037+00:00,,2026-09-25T15:02:05.444037+00:00,,2026-09-25T15:02:05.456038+00:00,,2026-09-25T15:02:05.446037+00:00,,2026-09-25T15:02:05.447037+00:00,,2026-09-25T15:02:05.448037+00:00,,2026-09-25T15:02:05.449037+00:00,,2026-09-25T15:02:05.450037+00:00,,2026-09-25T15:02:05.440037+00:00,,2026-09-25T15:02:05.452037+00:00,,2026-09-25T15:02:05.454038+00:00,,2026-09-25T15:02:05.445037+00:00,,2026-09-25T15:02:05.469038+00:00,,2026-09-25T15:02:05.471039+00:00,,2026-09-25T15:02:05.462038+00:00,,2026-09-25T15:02:05.464038+00:00,,2026-09-25T15:02:05.477039+00:00,,2026-09-25T15:02:05.468038+00:00,,2026-09-25T15:02:05.470038+00:00,,2026-09-25T15:02:05.473039+00:00,,2026-09-25T15:02:05.475039+00:00,,2026-09-25T15:02:05.466038+00:00,,2026-09-25T15:02:05.479039+00:00,,2026-09-25T15:02:05.481039+00:00,,2026-09-25T15:02:05.484039+00:00,,2026-09-25T15:02:05.486039+00:00,,2026-09-25T15:02:05.488040+00:00,,2026-09-25T15:02:05.490040+00:00,,2026-09-25T15:02:05.492040+00:00,,2026-09-25T15:02:05.494040+00:00,,2026-09-25T15:02:05.496040+00:00,,2026-09-25T15:02:05.498040+00:00,,2026-09-25T15:02:05.501040+00:00,,2026-09-25T15:02:05.514041+00:00,,2026-09-25T15:02:05.505040+00:00,,2026-09-25T15:02:05.507041+00:00,,2026-09-25T15:02:05.497040+00:00,,2026-09-25T15:02:05.511041+00:00,,2026-09-25T15:02:05.513041+00:00,,2026-09-25T15:02:05.515041+00:00,,2026-09-25T15:02:05.517041+00:00,,2026-09-25T15:02:05.519041+00:00,,2026-09-25T15:02:05.522041+00:00,,2026-09-25T15:02:05.524042+00:00,,2026-09-25T15:02:05.526042+00:00,,2026-09-25T15:02:05.528042+00:00,,2026-09-25T15:02:05.530042+00:00,,2026-09-25T15:02:05.532042+00:00,,2026-09-25T15:02:05.547043+00:00,,2026-09-25T15:02:05.537042+00:00,,2026-09-25T15:02:05.539042+00:00,,2026-09-25T15:02:05.541043+00:00,,2026-09-25T15:02:05.543043+00:00,,2026-09-25T15:02:05.545043+00:00,,2026-09-25T15:02:05.548043+00:00,,2026-09-25T15:02:05.550043+00:00,,2026-09-25T15:02:05.552043+00:00,,2026-09-25T15:02:05.554043+00:00,,2026-09-25T15:02:05.556043+00:00,,2026-09-25T15:02:05.558044+00:00,,2026-09-25T15:02:05.571044+00:00,,2026-09-25T15:02:05.562044+00:00,,2026-09-25T15:02:05.564044+00:00,,2026-09-25T15:02:05.577045+00:00,,2026-09-25T15:02:05.568044+00:00,,2026-09-25T15:02:05.570044+00:00,,2026-09-25T15:02:05.573044+00:00,,2026-09-25T15:02:05.575044+00:00,,2026-09-25T15:02:05.566044+00:00,,2026-09-25T15:02:05.579045+00:00,,2026-09-25T15:02:05.581045+00:00,,2026-09-25T15:02:05.583045+00:00,,2026-09-25T15:02:05.585045+00:00,,2026-09-25T15:02:05.587045+00:00,,2026-09-25T15:02:05.589045+00:00,,2026-09-25T15:02:05.591045+00:00,,2026-09-25T15:02:05.593046+00:00,
267,2026-09-25T13:33:00.998074+00:00,2026-09-25T15:02:05.983068+00:00,121.007,2026-09-25T15:02:05.862061+00:00,,2026-09-25T15:02:05.874062+00:00,,2026-09-25T15:02:05.875062+00:00,,2026-09-25T15:02:05.876062+00:00,,2026-09-25T15:02:05.877062+00:00,,2026-09-25T15:02:05.879062+00:00,,2026-09-25T15:02:05.880062+00:00,,2026-09-25T15:02:05.881062+00:00,,2026-09-25T15:02:05.882062+00:00,,2026-09-25T15:02:05.883062+00:00,,2026-09-25T15:02:05.884062+00:00,,2026-09-25T15:02:05.885062+00:00,,2026-09-25T15:02:05.886062+00:00,,2026-09-25T15:02:05.899063+00:00,,2026-09-25T15:02:05.889062+00:00,,2026-09-25T15:02:05.890063+00:00,,2026-09-25T15:02:05.891063+00:00,,2026-09-25T15:02:05.903063+00:00,,2026-09-25T15:02:05.904063+00:00,,2026-09-25T15:02:05.905063+00:00,,2026-09-25T15:02:05.906063+00:00,,2026-09-25T15:02:05.896063+00:00,,2026-09-25T15:02:05.897063+00:00,,2026-09-25T15:02:05.898063+00:00,,2026-09-25T15:02:05.888062+00:00,,2026-09-25T15:02:05.900063+00:00,,2026-09-25T15:02:05.901063+00:00,,2026-09-25T15:02:05.914064+00:00,,2026-09-25T15:02:05.892063+00:00,,2026-09-25T15:02:05.893063+00:00,,2026-09-25T15:02:05.894063+00:00,,2026-09-25T15:02:05.895063+00:00,,2026-09-25T15:02:05.907063+00:00,,2026-09-25T15:02:05.908064+00:00,,2026-09-25T15:02:05.909064+00:00,,2026-09-25T15:02:05.923064+00:00,,2026-09-25T15:02:05.911064+00:00,,2026-09-25T15:02:05.912064+00:00,,2026-09-25T15:02:05.902063+00:00,,2026-09-25T15:02:05.915064+00:00,,2026-09-25T15:02:05.916064+00:00,,2026-09-25T15:02:05.917064+00:00,,2026-09-25T15:02:05.918064+00:00,,2026-09-25T15:02:05.920064+00:00,,2026-09-25T15:02:05.921064+00:00,,2026-09-25T15:02:05.922064+00:00,,2026-09-25T15:02:05.924064+00:00,,2026-09-25T15:02:05.925065+00:00,,2026-09-25T15:02:05.926065+00:00,,2026-09-25T15:02:05.927065+00:00,,2026-09-25T15:02:05.928065+00:00,,2026-09-25T15:02:05.929065+00:00,,2026-09-25T15:02:05.930065+00:00,,2026-09-25T15:02:05.931065+00:00,,2026-09-25T15:02:05.932065+00:00,,2026-09-25T15:02:05.933065+00:00,,2026-09-25T15:02:05.934065+00:00,,2026-09-25T15:02:05.935065+00:00,,2026-09-25T15:02:05.936065+00:00,,2026-09-25T15:02:05.937065+00:00,,2026-09-25T15:02:05.938065+00:00,,2026-09-25T15:02:05.939065+00:00,,2026-09-25T15:02:05.940065+00:00,,2026-09-25T15:02:05.941065+00:00,,2026-09-25T15:02:05.942065+00:00,,2026-09-25T15:02:05.955066+00:00,,2026-09-25T15:02:05.945066+00:00,,2026-09-25T15:02:05.946066+00:00,,2026-09-25T15:02:05.947066+00:00,,2026-09-25T15:02:05.948066+00:00,,2026-09-25T15:02:05.949066+00:00,,2026-09-25T15:02:05.961067+00:00,,2026-09-25T15:02:05.951066+00:00,,2026-09-25T15:02:05.952066+00:00,,2026-09-25T15:02:05.953066+00:00,,2026-09-25T15:02:05.954066+00:00,,2026-09-25T15:02:05.944066+00:00,,2026-09-25T15:02:05.956066+00:00,,2026-09-25T15:02:05.957066+00:00,,2026-09-25T15:02:05.958066+00:00,,2026-09-25T15:02:05.959066+00:00,,2026-09-25T15:02:05.983068+00:00,,2026-09-25T15:02:05.950066+00:00,
268,2026-09-25T13:33:01.342319+00:00,2026-09-25T15:02:06.328088+00:00,90.006,2026-09-25T15:02:06.238082+00:00,,2026-09-25T15:02:06.241083+00:00,,2026-09-25T15:02:06.242083+00:00,,2026-09-25T15:02:06.243083+00:00,,2026-09-25T15:02:06.244083+00:00,,2026-09-25T15:02:06.245083+00:00,,2026-09-25T15:02:06.246083+00:00,,2026-09-25T15:02:06.247083+00:00,,2026-09-25T15:02:06.248083+00:00,,2026-09-25T15:02:06.249083+00:00,,2026-09-25T15:02:06.250083+00:00,,2026-09-25T15:02:06.251083+00:00,,2026-09-25T15:02:06.252083+00:00,,2026-09-25T15:02:06.253083+00:00,,2026-09-25T15:02:06.266084+00:00,,2026-09-25T15:02:06.255083+00:00,,2026-09-25T15:02:06.256083+00:00,,2026-09-25T15:02:06.269084+00:00,,2026-09-25T15:02:06.270084+00:00,,2026-09-25T15:02:06.259084+00:00,,2026-09-25T15:02:06.272084+00:00,,2026-09-25T15:02:06.261084+00:00,,2026-09-25T15:02:06.263084+00:00,,2026-09-25T15:02:06.264084+00:00,,2026-09-25T15:02:06.265084+00:00,,2026-09-25T15:02:06.254083+00:00,,2026-09-25T15:02:06.267084+00:00,,2026-09-25T15:02:06.268084+00:00,,2026-09-25T15:02:06.257084+00:00,,2026-09-25T15:02:06.258084+00:00,,2026-09-25T15:02:06.271084+00:00,,2026-09-25T15:02:06.273084+00:00,,2026-09-25T15:02:06.274084+00:00,,2026-09-25T15:02:06.275085+00:00,,2026-09-25T15:02:06.276085+00:00,,2026-09-25T15:02:06.277085+00:00,,2026-09-25T15:02:06.278085+00:00,,2026-09-25T15:02:06.279085+00:00,,2026-09-25T15:02:06.280085+00:00,,2026-09-25T15:02:06.281085+00:00,,2026-09-25T15:02:06.282085+00:00,,2026-09-25T15:02:06.283085+00:00,,2026-09-25T15:02:06.284085+00:00,,2026-09-25T15:02:06.285085+00:00,,2026-09-25T15:02:06.286085+00:00,,2026-09-25T15:02:06.287085+00:00,,2026-09-25T15:02:06.288085+00:00,,2026-09-25T15:02:06.289085+00:00,,2026-09-25T15:02:06.290085+00:00,,2026-09-25T15:02:06.291085+00:00,,2026-09-25T15:02:06.292086+00:00,,2026-09-25T15:02:06.294086+00:00,,2026-09-25T15:02:06.295086+00:00,,2026-09-25T15:02:06.296086+00:00,,2026-09-25T15:02:06.297086+00:00,,2026-09-25T15:02:06.298086+00:00,,2026-09-25T15:02:06.299086+00:00,,2026-09-25T15:02:06.300086+00:00,,2026-09-25T15:02:06.301086+00:00,,2026-09-25T15:02:06.302086+00:00,,2026-09-25T15:02:06.303086+00:00,,2026-09-25T15:02:06.304086+00:00,,2026-09-25T15:02:06.305086+00:00,,2026-09-25T15:02:06.306086+00:00,,2026-09-25T15:02:06.307086+00:00,,2026-09-25T15:02:06.321087+00:00,,2026-09-25T15:02:06.322087+00:00,,2026-09-25T15:02:06.324087+00:00,,2026-09-25T15:02:06.312087+00:00,,2026-09-25T15:02:06.313087+00:00,,2026-09-25T15:02:06.314087+00:00,,2026-09-25T15:02:06.315087+00:00,,2026-09-25T15:02:06.316087+00:00,,2026-09-25T15:02:06.317087+00:00,,2026-09-25T15:02:06.318087+00:00,,2026-09-25T15:02:06.320087+00:00,,2026-09-25T15:02:06.309086+00:00,,2026-09-25T15:02:06.310087+00:00,,2026-09-25T15:02:06.311087+00:00,,2026-09-25T15:02:06.325087+00:00,,2026-09-25T15:02:06.326087+00:00,,2026-09-25T15:02:06.327088+00:00,,2026-09-25T15:02:06.328088+00:00,
269,2026-09-25T13:33:01.719786+00:00,2026-09-25T15:02:06.699109+00:00,113.00699999999999,2026-09-25T15:02:06.586102+00:00,,2026-09-25T15:02:06.606103+00:00,,2026-09-25T15:02:06.607104+00:00,,2026-09-25T15:02:06.608104+00:00,,2026-09-25T15:02:06.622104+00:00,,2026-09-25T15:02:06.611104+00:00,,2026-09-25T15:02:06.612104+00:00,,2026-09-25T15:02:06.613104+00:00,,2026-09-25T15:02:06.614104+00:00,,2026-09-25T15:02:06.615104+00:00,,2026-09-25T15:02:06.616104+00:00,,2026-09-25T15:02:06.617104+00:00,,2026-09-25T15:02:06.618104+00:00,,2026-09-25T15:02:06.619104+00:00,,2026-09-25T15:02:06.620104+00:00,,2026-09-25T15:02:06.610104+00:00,,2026-09-25T15:02:06.623104+00:00,,2026-09-25T15:02:06.624105+00:00,,2026-09-25T15:02:06.625105+00:00,,2026-09-25T15:02:06.626105+00:00,,2026-09-25T15:02:06.627105+00:00,,2026-09-25T15:02:06.628105+00:00,,2026-09-25T15:02:06.629105+00:00,,2026-09-25T15:02:06.630105+00:00,,2026-09-25T15:02:06.645106+00:00,,2026-09-25T15:02:06.633105+00:00,,2026-09-25T15:02:06.634105+00:00,,2026-09-25T15:02:06.636105+00:00,,2026-09-25T15:02:06.637105+00:00,,2026-09-25T15:02:06.638105+00:00,,2026-09-25T15:02:06.652106+00:00,,2026-09-25T15:02:06.641105+00:00,,2026-09-25T15:02:06.642106+00:00,,2026-09-25T15:02:06.643106+00:00,,2026-09-25T15:02:06.644106+00:00,,2026-09-25T15:02:06.632105+00:00,,2026-09-25T15:02:06.646106+00:00,,2026-09-25T15:02:06.647106+00:00,,2026-09-25T15:02:06.649106+00:00,,2026-09-25T15:02:06.650106+00:00,,2026-09-25T15:02:06.651106+00:00,,2026-09-25T15:02:06.640105+00:00,,2026-09-25T15:02:06.653106+00:00,,2026-09-25T15:02:06.654106+00:00,,2026-09-25T15:02:06.655106+00:00,,2026-09-25T15:02:06.656106+00:00,,2026-09-25T15:02:06.657106+00:00,,2026-09-25T15:02:06.658106+00:00,,2026-09-25T15:02:06.659107+00:00,,2026-09-25T15:02:06.660107+00:00,,2026-09-25T15:02:06.661107+00:00,,2026-09-25T15:02:06.662107+00:00,,2026-09-25T15:02:06.663107+00:00,,2026-09-25T15:02:06.664107+00:00,,2026-09-25T15:02:06.665107+00:00,,2026-09-25T15:02:06.666107+00:00,,2026-09-25T15:02:06.695109+00:00,,2026-09-25T15:02:06.684108+00:00,,2026-09-25T15:02:06.672107+00:00,,2026-09-25T15:02:06.674107+00:00,,2026-09-25T15:02:06.675107+00:00,,2026-09-25T15:02:06.676107+00:00,,2026-09-25T15:02:06.677108+00:00,,2026-09-25T15:02:06.678108+00:00,,2026-09-25T15:02:06.679108+00:00,,2026-09-25T15:02:06.680108+00:00,,2026-09-25T15:02:06.681108+00:00,,2026-09-25T15:02:06.669107+00:00,,2026-09-25T15:02:06.671107+00:00,,2026-09-25T15:02:06.685108+00:00,,2026-09-25T15:02:06.686108+00:00,,2026-09-25T15:02:06.687108+00:00,,2026-09-25T15:02:06.688108+00:00,,2026-09-25T15:02:06.689108+00:00,,2026-09-25T15:02:06.691108+00:00,,2026-09-25T15:02:06.692108+00:00,,2026-09-25T15:02:06.693108+00:00,,2026-09-25T15:02:06.694109+00:00,,2026-09-25T15:02:06.683108+00:00,,2026-09-25T15:02:06.696109+00:00,,2026-09-25T15:02:06.697109+00:00,,2026-09-25T15:02:06.698109+00:00,,2026-09-25T15:02:06.699109+00:00,
270,2026-09-25T13:33:02.079912+00:00,2026-09-25T15:02:07.062130+00:00,101.006,2026-09-25T15:02:06.961124+00:00,,2026-09-25T15:02:06.966124+00:00,,2026-09-25T15:02:06.993126+00:00,,2026-09-25T15:02:06.969124+00:00,,2026-09-25T15:02:06.970124+00:00,,2026-09-25T15:02:06.971124+00:00,,2026-09-25T15:02:06.972124+00:00,,2026-09-25T15:02:06.973124+00:00,,2026-09-25T15:02:06.974125+00:00,,2026-09-25T15:02:06.975125+00:00,,2026-09-25T15:02:06.976125+00:00,,2026-09-25T15:02:06.977125+00:00,,2026-09-25T15:02:06.978125+00:00,,2026-09-25T15:02:06.968124+00:00,,2026-09-25T15:02:06.981125+00:00,,2026-09-25T15:02:06.982125+00:00,,2026-09-25T15:02:06.984125+00:00,,2026-09-25T15:02:06.986125+00:00,,2026-09-25T15:02:06.987125+00:00,,2026-09-25T15:02:06.988125+00:00,,2026-09-25T15:02:06.989125+00:00,,2026-09-25T15:02:06.990125+00:00,,2026-09-25T15:02:06.991125+00:00,,2026-09-25T15:02:06.992126+00:00,,2026-09-25T15:02:06.980125+00:00,,2026-09-25T15:02:06.994126+00:00,,2026-09-25T15:02:07.007126+00:00,,2026-09-25T15:02:06.997126+00:00,,2026-09-25T15:02:06.998126+00:00,,2026-09-25T15:02:06.999126+00:00,,2026-09-25T15:02:07.000126+00:00,,2026-09-25T15:02:07.001126+00:00,,2026-09-25T15:02:07.002126+00:00,,2026-09-25T15:02:07.003126+00:00,,2026-09-25T15:02:07.004126+00:00,,2026-09-25T15:02:07.005126+00:00,,2026-09-25T15:02:07.006126+00:00,,2026-09-25T15:02:06.996126+00:00,,2026-09-25T15:02:07.008126+00:00,,2026-09-25T15:02:07.024127+00:00,,2026-09-25T15:02:07.010127+00:00,,2026-09-25T15:02:07.012127+00:00,,2026-09-25T15:02:07.013127+00:00,,2026-09-25T15:02:07.027128+00:00,,2026-09-25T15:02:07.017127+00:00,,2026-09-25T15:02:07.018127+00:00,,2026-09-25T15:02:07.019127+00:00,,2026-09-25T15:02:07.020127+00:00,,2026-09-25T15:02:07.021127+00:00,,2026-09-25T15:02:07.022127+00:00,,2026-09-25T15:02:07.023127+00:00,,2026-09-25T15:02:07.025127+00:00,,2026-09-25T15:02:07.026127+00:00,,2026-09-25T15:02:07.015127+00:00,,2026-09-25T15:02:07.028128+00:00,,2026-09-25T15:02:07.029128+00:00,,2026-09-25T15:02:07.030128+00:00,,2026-09-25T15:02:07.031128+00:00,,2026-09-25T15:02:07.032128+00:00,,2026-09-25T15:02:07.033128+00:00,,2026-09-25T15:02:07.034128+00:00,,2026-09-25T15:02:07.048129+00:00,,2026-09-25T15:02:07.037128+00:00,,2026-09-25T15:02:07.038128+00:00,,2026-09-25T15:02:07.039128+00:00,,2026-09-25T15:02:07.040128+00:00,,2026-09-25T15:02:07.053129+00:00,,2026-09-25T15:02:07.043128+00:00,,2026-09-25T15:02:07.044129+00:00,,2026-09-25T15:02:07.045129+00:00,,2026-09-25T15:02:07.046129+00:00,,2026-09-25T15:02:07.047129+00:00,,2026-09-25T15:02:07.036128+00:00,,2026-09-25T15:02:07.049129+00:00,,2026-09-25T15:02:07.050129+00:00,,2026-09-25T15:02:07.051129+00:00,,2026-09-25T15:02:07.052129+00:00,,2026-09-25T15:02:07.042128+00:00,,2026-09-25T15:02:07.054129+00:00,,2026-09-25T15:02:07.055129+00:00,,2026-09-25T15:02:07.056129+00:00,,2026-09-25T15:02:07.058129+00:00,,2026-09-25T15:02:07.062130+00:00,
271,2026-09-25T13:33:02.520299+00:00,2026-09-25T15:02:07.504155+00:00,183.011,2026-09-25T15:02:07.321144+00:00,,2026-09-25T15:02:07.328145+00:00,,2026-09-25T15:02:07.330145+00:00,,2026-09-25T15:02:07.332145+00:00,,2026-09-25T15:02:07.334145+00:00,,2026-09-25T15:02:07.336145+00:00,,2026-09-25T15:02:07.384148+00:00,,2026-09-25T15:02:07.340145+00:00,,2026-09-25T15:02:07.342146+00:00,,2026-09-25T15:02:07.344146+00:00,,2026-09-25T15:02:07.346146+00:00,,2026-09-25T15:02:07.348146+00:00,,2026-09-25T15:02:07.350146+00:00,,2026-09-25T15:02:07.352146+00:00,,2026-09-25T15:02:07.354146+00:00,,2026-09-25T15:02:07.356146+00:00,,2026-09-25T15:02:07.358146+00:00,,2026-09-25T15:02:07.338145+00:00,,2026-09-25T15:02:07.362147+00:00,,2026-09-25T15:02:07.364147+00:00,,2026-09-25T15:02:07.366147+00:00,,2026-09-25T15:02:07.368147+00:00,,2026-09-25T15:02:07.370147+00:00,,2026-09-25T15:02:07.372147+00:00,,2026-09-25T15:02:07.374147+00:00,,2026-09-25T15:02:07.376148+00:00,,2026-09-25T15:02:07.378148+00:00,,2026-09-25T15:02:07.380148+00:00,,2026-09-25T15:02:07.382148+00:00,,2026-09-25T15:02:07.386148+00:00,,2026-09-25T15:02:07.388148+00:00,,2026-09-25T15:02:07.412150+00:00,,2026-09-25T15:02:07.414150+00:00,,2026-09-25T15:02:07.394149+00:00,,2026-09-25T15:02:07.396149+00:00,,2026-09-25T15:02:07.398149+00:00,,2026-09-25T15:02:07.400149+00:00,,2026-09-25T15:02:07.402149+00:00,,2026-09-25T15:02:07.404149+00:00,,2026-09-25T15:02:07.428150+00:00,,2026-09-25T15:02:07.408149+00:00,,2026-09-25T15:02:07.434151+00:00,,2026-09-25T15:02:07.390148+00:00,,2026-09-25T15:02:07.392148+00:00,,2026-09-25T15:02:07.416150+00:00,,2026-09-25T15:02:07.418150+00:00,,2026-09-25T15:02:07.420150+00:00,,2026-09-25T15:02:07.422150+00:00,,2026-09-25T15:02:07.424150+00:00,,2026-09-25T15:02:07.426150+00:00,,2026-09-25T15:02:07.406149+00:00,,2026-09-25T15:02:07.430151+00:00,,2026-09-25T15:02:07.432151+00:00,,2026-09-25T15:02:07.436151+00:00,,2026-09-25T15:02:07.438151+00:00,,2026-09-25T15:02:07.440151+00:00,,2026-09-25T15:02:07.442151+00:00,,2026-09-25T15:02:07.466153+00:00,,2026-09-25T15:02:07.446152+00:00,,2026-09-25T15:02:07.448152+00:00,,2026-09-25T15:02:07.450152+00:00,,2026-09-25T15:02:07.452152+00:00,,2026-09-25T15:02:07.454152+00:00,,2026-09-25T15:02:07.456152+00:00,,2026-09-25T15:02:07.458152+00:00,,2026-09-25T15:02:07.460152+00:00,,2026-09-25T15:02:07.486154+00:00,,2026-09-25T15:02:07.488154+00:00,,2026-09-25T15:02:07.444151+00:00,,2026-09-25T15:02:07.468153+00:00,,2026-09-25T15:02:07.470153+00:00,,2026-09-25T15:02:07.472153+00:00,,2026-09-25T15:02:07.474153+00:00,,2026-09-25T15:02:07.476153+00:00,,2026-09-25T15:02:07.478153+00:00,,2026-09-25T15:02:07.504155+00:00,,2026-09-25T15:02:07.484154+00:00,,2026-09-25T15:02:07.462152+00:00,,2026-09-25T15:02:07.464153+00:00,,2026-09-25T15:02:07.490154+00:00,,2026-09-25T15:02:07.492154+00:00,,2026-09-25T15:02:07.494154+00:00,,2026-09-25T15:02:07.496154+00:00,
272,2026-09-25T13:33:02.974804+00:00,2026-09-25T15:02:07.952180+00:00,190.01000000000002,2026-09-25T15:02:07.762170+00:00,,2026-09-25T15:02:07.792171+00:00,,2026-09-25T15:02:07.794171+00:00,,2026-09-25T15:02:07.796172+00:00,,2026-09-25T15:02:07.798172+00:00,,2026-09-25T15:02:07.800172+00:00,,2026-09-25T15:02:07.802172+00:00,,2026-09-25T15:02:07.804172+00:00,,2026-09-25T15:02:07.806172+00:00,,2026-09-25T15:02:07.830173+00:00,,2026-09-25T15:02:07.834174+00:00,,2026-09-25T15:02:07.812172+00:00,,2026-09-25T15:02:07.814173+00:00,,2026-09-25T15:02:07.816173+00:00,,2026-09-25T15:02:07.818173+00:00,,2026-09-25T15:02:07.820173+00:00,,2026-09-25T15:02:07.846174+00:00,,2026-09-25T15:02:07.824173+00:00,,2026-09-25T15:02:07.826173+00:00,,2026-09-25T15:02:07.828173+00:00,,2026-09-25T15:02:07.808172+00:00,,2026-09-25T15:02:07.810172+00:00,,2026-09-25T15:02:07.858175+00:00,,2026-09-25T15:02:07.838174+00:00,,2026-09-25T15:02:07.862175+00:00,,2026-09-25T15:02:07.842174+00:00,,2026-09-25T15:02:07.844174+00:00,,2026-09-25T15:02:07.822173+00:00,,2026-09-25T15:02:07.892177+00:00,,2026-09-25T15:02:07.850175+00:00,,2026-09-25T15:02:07.852175+00:00,,2026-09-25T15:02:07.854175+00:00,,2026-09-25T15:02:07.856175+00:00,,2026-09-25T15:02:07.836174+00:00,,2026-09-25T15:02:07.882176+00:00,,2026-09-25T15:02:07.840174+00:00,,2026-09-25T15:02:07.864175+00:00,,2026-09-25T15:02:07.866176+00:00,,2026-09-25T15:02:07.868176+00:00,,2026-09-25T15:02:07.848175+00:00,,2026-09-25T15:02:07.872176+00:00,,2026-09-25T15:02:07.874176+00:00,,2026-09-25T15:02:07.876176+00:00,,2026-09-25T15:02:07.878176+00:00,,2026-09-25T15:02:07.880176+00:00,,2026-09-25T15:02:07.884177+00:00,,2026-09-25T15:02:07.886177+00:00,,2026-09-25T15:02:07.888177+00:00,,2026-09-25T15:02:07.890177+00:00,,2026-09-25T15:02:07.870176+00:00,,2026-09-25T15:02:07.894177+00:00,,2026-09-25T15:02:07.896177+00:00,,2026-09-25T15:02:07.898177+00:00,,2026-09-25T15:02:07.900177+00:00,,2026-09-25T15:02:07.902178+00:00,,2026-09-25T15:02:07.904178+00:00,,2026-09-25T15:02:07.906178+00:00,,2026-09-25T15:02:07.908178+00:00,,2026-09-25T15:02:07.930179+00:00,,2026-09-25T15:02:07.912178+00:00,,2026-09-25T15:02:07.914178+00:00,,2026-09-25T15:02:07.916178+00:00,,2026-09-25T15:02:07.918179+00:00,,2026-09-25T15:02:07.920179+00:00,,2026-09-25T15:02:07.922179+00:00,,2026-09-25T15:02:07.924179+00:00,,2026-09-25T15:02:07.926179+00:00,,2026-09-25T15:02:07.928179+00:00,,2026-09-25T15:02:07.929179+00:00,,2026-09-25T15:02:07.932179+00:00,,2026-09-25T15:02:07.933179+00:00,,2026-09-25T15:02:07.934179+00:00,,2026-09-25T15:02:07.936180+00:00,,2026-09-25T15:02:07.938180+00:00,,2026-09-25T15:02:07.940180+00:00,,2026-09-25T15:02:07.942180+00:00,,2026-09-25T15:02:07.943180+00:00,,2026-09-25T15:02:07.944180+00:00,,2026-09-25T15:02:07.945180+00:00,,2026-09-25T15:02:07.947180+00:00,,2026-09-25T15:02:07.949180+00:00,,2026-09-25T15:02:07.950180+00:00,,2026-09-25T15:02:07.952180+00:00,
273,2026-09-25T13:33:03.390785+00:00,2026-09-25T15:02:08.348203+00:00,129.007,2026-09-25T15:02:08.219196+00:00,,2026-09-25T15:02:08.266198+00:00,,2026-09-25T15:02:08.274199+00:00,,2026-09-25T15:02:08.268199+00:00,,2026-09-25T15:02:08.269199+00:00,,2026-09-25T15:02:08.270199+00:00,,2026-09-25T15:02:08.271199+00:00,,2026-09-25T15:02:08.272199+00:00,,2026-09-25T15:02:08.273199+00:00,,2026-09-25T15:02:08.267198+00:00,,2026-09-25T15:02:08.275199+00:00,,2026-09-25T15:02:08.276199+00:00,,2026-09-25T15:02:08.277199+00:00,,2026-09-25T15:02:08.278199+00:00,,2026-09-25T15:02:08.279199+00:00,,2026-09-25T15:02:08.280199+00:00,,2026-09-25T15:02:08.292200+00:00,,2026-09-25T15:02:08.282199+00:00,,2026-09-25T15:02:08.283199+00:00,,2026-09-25T15:02:08.284199+00:00,,2026-09-25T15:02:08.285200+00:00,,2026-09-25T15:02:08.286200+00:00,,2026-09-25T15:02:08.287200+00:00,,2026-09-25T15:02:08.288200+00:00,,2026-09-25T15:02:08.289200+00:00,,2026-09-25T15:02:08.290200+00:00,,2026-09-25T15:02:08.291200+00:00,,2026-09-25T15:02:08.281199+00:00,,2026-09-25T15:02:08.293200+00:00,,2026-09-25T15:02:08.294200+00:00,,2026-09-25T15:02:08.295200+00:00,,2026-09-25T15:02:08.296200+00:00,,2026-09-25T15:02:08.297200+00:00,,2026-09-25T15:02:08.298200+00:00,,2026-09-25T15:02:08.299200+00:00,,2026-09-25T15:02:08.300200+00:00,,2026-09-25T15:02:08.301200+00:00,,2026-09-25T15:02:08.302200+00:00,,2026-09-25T15:02:08.303201+00:00,,2026-09-25T15:02:08.304201+00:00,,2026-09-25T15:02:08.305201+00:00,,2026-09-25T15:02:08.306201+00:00,,2026-09-25T15:02:08.307201+00:00,,2026-09-25T15:02:08.319201+00:00,,2026-09-25T15:02:08.309201+00:00,,2026-09-25T15:02:08.310201+00:00,,2026-09-25T15:02:08.311201+00:00,,2026-09-25T15:02:08.312201+00:00,,2026-09-25T15:02:08.313201+00:00,,2026-09-25T15:02:08.314201+00:00,,2026-09-25T15:02:08.315201+00:00,,2026-09-25T15:02:08.316201+00:00,,2026-09-25T15:02:08.317201+00:00,,2026-09-25T15:02:08.318201+00:00,,2026-09-25T15:02:08.320202+00:00,,2026-09-25T15:02:08.332202+00:00,,2026-09-25T15:02:08.322202+00:00,,2026-09-25T15:02:08.323202+00:00,,2026-09-25T15:02:08.324202+00:00,,2026-09-25T15:02:08.325202+00:00,,2026-09-25T15:02:08.326202+00:00,,2026-09-25T15:02:08.327202+00:00,,2026-09-25T15:02:08.328202+00:00,,2026-09-25T15:02:08.329202+00:00,,2026-09-25T15:02:08.330202+00:00,,2026-09-25T15:02:08.331202+00:00,,2026-09-25T15:02:08.321202+00:00,,2026-09-25T15:02:08.333202+00:00,,2026-09-25T15:02:08.334202+00:00,,2026-09-25T15:02:08.335202+00:00,,2026-09-25T15:02:08.336202+00:00,,2026-09-25T15:02:08.337202+00:00,,2026-09-25T15:02:08.338203+00:00,,2026-09-25T15:02:08.339203+00:00,,2026-09-25T15:02:08.340203+00:00,,2026-09-25T15:02:08.341203+00:00,,2026-09-25T15:02:08.342203+00:00,,2026-09-25T15:02:08.343203+00:00,,2026-09-25T15:02:08.344203+00:00,,2026-09-25T15:02:08.345203+00:00,,2026-09-25T15:02:08.346203+00:00,,2026-09-25T15:02:08.347203+00:00,,2026-09-25T15:02:08.348203+00:00,
274,2026-09-25T13:33:03.954018+00:00,2026-09-25T15:02:08.918236+00:00,284.017,2026-09-25T15:02:08.634219+00:00,,2026-09-25T15:02:08.802229+00:00,,2026-09-25T15:02:08.814230+00:00,,2026-09-25T15:02:08.815230+00:00,,2026-09-25T15:02:08.816230+00:00,,2026-09-25T15:02:08.806229+00:00,,2026-09-25T15:02:08.818230+00:00,,2026-09-25T15:02:08.819230+00:00,,2026-09-25T15:02:08.809229+00:00,,2026-09-25T15:02:08.855232+00:00,,2026-09-25T15:02:08.856232+00:00,,2026-09-25T15:02:08.857232+00:00,,2026-09-25T15:02:08.858232+00:00,,2026-09-25T15:02:08.803229+00:00,,2026-09-25T15:02:08.804229+00:00,,2026-09-25T15:02:08.805229+00:00,,2026-09-25T15:02:08.817230+00:00,,2026-09-25T15:02:08.807229+00:00,,2026-09-25T15:02:08.820230+00:00,,2026-09-25T15:02:08.810230+00:00,,2026-09-25T15:02:08.811230+00:00,,2026-09-25T15:02:08.812230+00:00,,2026-09-25T15:02:08.813230+00:00,,2026-09-25T15:02:08.859232+00:00,,2026-09-25T15:02:08.860232+00:00,,2026-09-25T15:02:08.861232+00:00,,2026-09-25T15:02:08.862233+00:00,,2026-09-25T15:02:08.863233+00:00,,2026-09-25T15:02:08.864233+00:00,,2026-09-25T15:02:08.865233+00:00,,2026-09-25T15:02:08.821230+00:00,,2026-09-25T15:02:08.822230+00:00,,2026-09-25T15:02:08.824230+00:00,,2026-09-25T15:02:08.825230+00:00,,2026-09-25T15:02:08.846232+00:00,,2026-09-25T15:02:08.847232+00:00,,2026-09-25T15:02:08.849232+00:00,,2026-09-25T15:02:08.850232+00:00,,2026-09-25T15:02:08.851232+00:00,,2026-09-25T15:02:08.852232+00:00,,2026-09-25T15:02:08.853232+00:00,,2026-09-25T15:02:08.854232+00:00,,2026-09-25T15:02:08.866233+00:00,,2026-09-25T15:02:08.867233+00:00,,2026-09-25T15:02:08.868233+00:00,,2026-09-25T15:02:08.870233+00:00,,2026-09-25T15:02:08.871233+00:00,,2026-09-25T15:02:08.872233+00:00,,2026-09-25T15:02:08.873233+00:00,,2026-09-25T15:02:08.874233+00:00,,2026-09-25T15:02:08.875233+00:00,,2026-09-25T15:02:08.876233+00:00,,2026-09-25T15:02:08.877233+00:00,,2026-09-25T15:02:08.878233+00:00,,2026-09-25T15:02:08.879233+00:00,,2026-09-25T15:02:08.880234+00:00,,2026-09-25T15:02:08.881234+00:00,,2026-09-25T15:02:08.882234+00:00,,2026-09-25T15:02:08.894234+00:00,,2026-09-25T15:02:08.884234+00:00,,2026-09-25T15:02:08.885234+00:00,,2026-09-25T15:02:08.886234+00:00,,2026-09-25T15:02:08.887234+00:00,,2026-09-25T15:02:08.888234+00:00,,2026-09-25T15:02:08.889234+00:00,,2026-09-25T15:02:08.890234+00:00,,2026-09-25T15:02:08.891234+00:00,,2026-09-25T15:02:08.892234+00:00,,2026-09-25T15:02:08.893234+00:00,,2026-09-25T15:02:08.883234+00:00,,2026-09-25T15:02:08.895234+00:00,,2026-09-25T15:02:08.896234+00:00,,2026-09-25T15:02:08.897235+00:00,,2026-09-25T15:02:08.898235+00:00,,2026-09-25T15:02:08.910235+00:00,,2026-09-25T15:02:08.900235+00:00,,2026-09-25T15:02:08.901235+00:00,,2026-09-25T15:02:08.902235+00:00,,2026-09-25T15:02:08.903235+00:00,,2026-09-25T15:02:08.904235+00:00,,2026-09-25T15:02:08.905235+00:00,,2026-09-25T15:02:08.906235+00:00,,2026-09-25T15:02:08.918236+00:00,
275,2026-09-25T13:33:04.309923+00:00,2026-09-25T15:02:09.295257+00:00,101.005,2026-09-25T15:02:09.194252+00:00,,2026-09-25T15:02:09.207252+00:00,,2026-09-25T15:02:09.208252+00:00,,2026-09-25T15:02:09.209252+00:00,,2026-09-25T15:02:09.210252+00:00,,2026-09-25T15:02:09.211252+00:00,,2026-09-25T15:02:09.212253+00:00,,2026-09-25T15:02:09.213253+00:00,,2026-09-25T15:02:09.226253+00:00,,2026-09-25T15:02:09.215253+00:00,,2026-09-25T15:02:09.216253+00:00,,2026-09-25T15:02:09.229254+00:00,,2026-09-25T15:02:09.218253+00:00,,2026-09-25T15:02:09.220253+00:00,,2026-09-25T15:02:09.221253+00:00,,2026-09-25T15:02:09.222253+00:00,,2026-09-25T15:02:09.223253+00:00,,2026-09-25T15:02:09.224253+00:00,,2026-09-25T15:02:09.225253+00:00,,2026-09-25T15:02:09.214253+00:00,,2026-09-25T15:02:09.227253+00:00,,2026-09-25T15:02:09.228253+00:00,,2026-09-25T15:02:09.217253+00:00,,2026-09-25T15:02:09.230254+00:00,,2026-09-25T15:02:09.231254+00:00,,2026-09-25T15:02:09.232254+00:00,,2026-09-25T15:02:09.233254+00:00,,2026-09-25T15:02:09.234254+00:00,,2026-09-25T15:02:09.235254+00:00,,2026-09-25T15:02:09.236254+00:00,,2026-09-25T15:02:09.237254+00:00,,2026-09-25T15:02:09.238254+00:00,,2026-09-25T15:02:09.239254+00:00,,2026-09-25T15:02:09.240254+00:00,,2026-09-25T15:02:09.241254+00:00,,2026-09-25T15:02:09.242254+00:00,,2026-09-25T15:02:09.243254+00:00,,2026-09-25T15:02:09.244254+00:00,,2026-09-25T15:02:09.245254+00:00,,2026-09-25T15:02:09.246254+00:00,,2026-09-25T15:02:09.247255+00:00,,2026-09-25T15:02:09.248255+00:00,,2026-09-25T15:02:09.249255+00:00,,2026-09-25T15:02:09.250255+00:00,,2026-09-25T15:02:09.251255+00:00,,2026-09-25T15:02:09.252255+00:00,,2026-09-25T15:02:09.253255+00:00,,2026-09-25T15:02:09.254255+00:00,,2026-09-25T15:02:09.255255+00:00,,2026-09-25T15:02:09.267256+00:00,,2026-09-25T15:02:09.268256+00:00,,2026-09-25T15:02:09.269256+00:00,,2026-09-25T15:02:09.259255+00:00,,2026-09-25T15:02:09.260255+00:00,,2026-09-25T15:02:09.261255+00:00,,2026-09-25T15:02:09.262255+00:00,,2026-09-25T15:02:09.263255+00:00,,2026-09-25T15:02:09.264256+00:00,,2026-09-25T15:02:09.265256+00:00,,2026-09-25T15:02:09.277256+00:00,,2026-09-25T15:02:09.256255+00:00,,2026-09-25T15:02:09.257255+00:00,,2026-09-25T15:02:09.270256+00:00,,2026-09-25T15:02:09.271256+00:00,,2026-09-25T15:02:09.272256+00:00,,2026-09-25T15:02:09.273256+00:00,,2026-09-25T15:02:09.274256+00:00,,2026-09-25T15:02:09.275256+00:00,,2026-09-25T15:02:09.276256+00:00,,2026-09-25T15:02:09.266256+00:00,,2026-09-25T15:02:09.278256+00:00,,2026-09-25T15:02:09.279256+00:00,,2026-09-25T15:02:09.280256+00:00,,2026-09-25T15:02:09.281256+00:00,,2026-09-25T15:02:09.293257+00:00,,2026-09-25T15:02:09.283257+00:00,,2026-09-25T15:02:09.295257+00:00,,2026-09-25T15:02:09.285257+00:00,,2026-09-25T15:02:09.286257+00:00,,2026-09-25T15:02:09.287257+00:00,,2026-09-25T15:02:09.288257+00:00,,2026-09-25T15:02:09.289257+00:00,,2026-09-25T15:02:09.290257+00:00,
276,2026-09-25T13:33:04.684423+00:00,2026-09-25T15:02:09.642277+00:00,92.00500000000001,2026-09-25T15:02:09.550272+00:00,,2026-09-25T15:02:09.560272+00:00,,2026-09-25T15:02:09.561272+00:00,,2026-09-25T15:02:09.562273+00:00,,2026-09-25T15:02:09.563273+00:00,,2026-09-25T15:02:09.575273+00:00,,2026-09-25T15:02:09.565273+00:00,,2026-09-25T15:02:09.566273+00:00,,2026-09-25T15:02:09.567273+00:00,,2026-09-25T15:02:09.568273+00:00,,2026-09-25T15:02:09.569273+00:00,,2026-09-25T15:02:09.570273+00:00,,2026-09-25T15:02:09.571273+00:00,,2026-09-25T15:02:09.572273+00:00,,2026-09-25T15:02:09.573273+00:00,,2026-09-25T15:02:09.574273+00:00,,2026-09-25T15:02:09.564273+00:00,,2026-09-25T15:02:09.576273+00:00,,2026-09-25T15:02:09.577273+00:00,,2026-09-25T15:02:09.578273+00:00,,2026-09-25T15:02:09.579274+00:00,,2026-09-25T15:02:09.580274+00:00,,2026-09-25T15:02:09.581274+00:00,,2026-09-25T15:02:09.582274+00:00,,2026-09-25T15:02:09.583274+00:00,,2026-09-25T15:02:09.584274+00:00,,2026-09-25T15:02:09.585274+00:00,,2026-09-25T15:02:09.586274+00:00,,2026-09-25T15:02:09.587274+00:00,,2026-09-25T15:02:09.588274+00:00,,2026-09-25T15:02:09.589274+00:00,,2026-09-25T15:02:09.590274+00:00,,2026-09-25T15:02:09.591274+00:00,,2026-09-25T15:02:09.592274+00:00,,2026-09-25T15:02:09.604275+00:00,,2026-09-25T15:02:09.594274+00:00,,2026-09-25T15:02:09.595274+00:00,,2026-09-25T15:02:09.596275+00:00,,2026-09-25T15:02:09.597275+00:00,,2026-09-25T15:02:09.598275+00:00,,2026-09-25T15:02:09.599275+00:00,,2026-09-25T15:02:09.600275+00:00,,2026-09-25T15:02:09.612275+00:00,,2026-09-25T15:02:09.602275+00:00,,2026-09-25T15:02:09.603275+00:00,,2026-09-25T15:02:09.593274+00:00,,2026-09-25T15:02:09.605275+00:00,,2026-09-25T15:02:09.606275+00:00,,2026-09-25T15:02:09.618276+00:00,,2026-09-25T15:02:09.608275+00:00,,2026-09-25T15:02:09.609275+00:00,,2026-09-25T15:02:09.610275+00:00,,2026-09-25T15:02:09.611275+00:00,,2026-09-25T15:02:09.601275+00:00,,2026-09-25T15:02:09.613275+00:00,,2026-09-25T15:02:09.614276+00:00,,2026-09-25T15:02:09.615276+00:00,,2026-09-25T15:02:09.616276+00:00,,2026-09-25T15:02:09.617276+00:00,,2026-09-25T15:02:09.619276+00:00,,2026-09-25T15:02:09.620276+00:00,,2026-09-25T15:02:09.621276+00:00,,2026-09-25T15:02:09.622276+00:00,,2026-09-25T15:02:09.623276+00:00,,2026-09-25T15:02:09.624276+00:00,,2026-09-25T15:02:09.625276+00:00,,2026-09-25T15:02:09.626276+00:00,,2026-09-25T15:02:09.627276+00:00,,2026-09-25T15:02:09.628276+00:00,,2026-09-25T15:02:09.629276+00:00,,2026-09-25T15:02:09.630276+00:00,,2026-09-25T15:02:09.631277+00:00,,2026-09-25T15:02:09.632277+00:00,,2026-09-25T15:02:09.633277+00:00,,2026-09-25T15:02:09.634277+00:00,,2026-09-25T15:02:09.635277+00:00,,2026-09-25T15:02:09.636277+00:00,,2026-09-25T15:02:09.637277+00:00,,2026-09-25T15:02:09.638277+00:00,,2026-09-25T15:02:09.639277+00:00,,2026-09-25T15:02:09.640277+00:00,,2026-09-25T15:02:09.641277+00:00,,2026-09-25T15:02:09.642277+00:00,
277,2026-09-25T13:33:05.061480+00:00,2026-09-25T15:02:10.042300+00:00,107.006,2026-09-25T15:02:09.935294+00:00,,2026-09-25T15:02:09.960295+00:00,,2026-09-25T15:02:09.961295+00:00,,2026-09-25T15:02:09.962295+00:00,,2026-09-25T15:02:09.963295+00:00,,2026-09-25T15:02:09.964296+00:00,,2026-09-25T15:02:09.965296+00:00,,2026-09-25T15:02:09.966296+00:00,,2026-09-25T15:02:09.967296+00:00,,2026-09-25T15:02:09.968296+00:00,,2026-09-25T15:02:09.969296+00:00,,2026-09-25T15:02:09.970296+00:00,,2026-09-25T15:02:09.971296+00:00,,2026-09-25T15:02:09.972296+00:00,,2026-09-25T15:02:09.973296+00:00,,2026-09-25T15:02:09.974296+00:00,,2026-09-25T15:02:09.975296+00:00,,2026-09-25T15:02:09.976296+00:00,,2026-09-25T15:02:09.977296+00:00,,2026-09-25T15:02:09.978296+00:00,,2026-09-25T15:02:09.979296+00:00,,2026-09-25T15:02:09.980296+00:00,,2026-09-25T15:02:09.981297+00:00,,2026-09-25T15:02:09.982297+00:00,,2026-09-25T15:02:09.983297+00:00,,2026-09-25T15:02:09.984297+00:00,,2026-09-25T15:02:09.985297+00:00,,2026-09-25T15:02:09.986297+00:00,,2026-09-25T15:02:09.987297+00:00,,2026-09-25T15:02:09.988297+00:00,,2026-09-25T15:02:09.989297+00:00,,2026-09-25T15:02:09.990297+00:00,,2026-09-25T15:02:09.991297+00:00,,2026-09-25T15:02:09.992297+00:00,,2026-09-25T15:02:09.993297+00:00,,2026-09-25T15:02:09.994297+00:00,,2026-09-25T15:02:09.995297+00:00,,2026-09-25T15:02:09.996297+00:00,,2026-09-25T15:02:09.997297+00:00,,2026-09-25T15:02:09.998297+00:00,,2026-09-25T15:02:10.010298+00:00,,2026-09-25T15:02:10.000298+00:00,,2026-09-25T15:02:10.001298+00:00,,2026-09-25T15:02:10.002298+00:00,,2026-09-25T15:02:10.003298+00:00,,2026-09-25T15:02:10.004298+00:00,,2026-09-25T15:02:10.016299+00:00,,2026-09-25T15:02:10.006298+00:00,,2026-09-25T15:02:10.018299+00:00,,2026-09-25T15:02:10.008298+00:00,,2026-09-25T15:02:10.009298+00:00,,2026-09-25T15:02:09.999298+00:00,,2026-09-25T15:02:10.011298+00:00,,2026-09-25T15:02:10.012298+00:00,,2026-09-25T15:02:10.013298+00:00,,2026-09-25T15:02:10.014298+00:00,,2026-09-25T15:02:10.015298+00:00,,2026-09-25T15:02:10.005298+00:00,,2026-09-25T15:02:10.017299+00:00,,2026-09-25T15:02:10.019299+00:00,,2026-09-25T15:02:10.020299+00:00,,2026-09-25T15:02:10.032299+00:00,,2026-09-25T15:02:10.022299+00:00,,2026-09-25T15:02:10.023299+00:00,,2026-09-25T15:02:10.024299+00:00,,2026-09-25T15:02:10.025299+00:00,,2026-09-25T15:02:10.026299+00:00,,2026-09-25T15:02:10.027299+00:00,,2026-09-25T15:02:10.028299+00:00,,2026-09-25T15:02:10.029299+00:00,,2026-09-25T15:02:10.030299+00:00,,2026-09-25T15:02:10.042300+00:00,,2026-09-25T15:02:10.021299+00:00,,2026-09-25T15:02:10.033299+00:00,,2026-09-25T15:02:10.034300+00:00,,2026-09-25T15:02:10.035300+00:00,,2026-09-25T15:02:10.036300+00:00,,2026-09-25T15:02:10.037300+00:00,,2026-09-25T15:02:10.038300+00:00,,2026-09-25T15:02:10.039300+00:00,,2026-09-25T15:02:10.040300+00:00,,2026-09-25T15:02:10.041300+00:00,,2026-09-25T15:02:10.031299+00:00,
278,2026-09-25T13:33:05.437699+00:00,2026-09-25T15:02:10.410321+00:00,88.005,2026-09-25T15:02:10.322316+00:00,,2026-09-25T15:02:10.327316+00:00,,2026-09-25T15:02:10.338317+00:00,,2026-09-25T15:02:10.329316+00:00,,2026-09-25T15:02:10.330316+00:00,,2026-09-25T15:02:10.331317+00:00,,2026-09-25T15:02:10.332317+00:00,,2026-09-25T15:02:10.333317+00:00,,2026-09-25T15:02:10.334317+00:00,,2026-09-25T15:02:10.335317+00:00,,2026-09-25T15:02:10.336317+00:00,,2026-09-25T15:02:10.337317+00:00,,2026-09-25T15:02:10.328316+00:00,,2026-09-25T15:02:10.339317+00:00,,2026-09-25T15:02:10.340317+00:00,,2026-09-25T15:02:10.341317+00:00,,2026-09-25T15:02:10.342317+00:00,,2026-09-25T15:02:10.343317+00:00,,2026-09-25T15:02:10.344317+00:00,,2026-09-25T15:02:10.345317+00:00,,2026-09-25T15:02:10.346317+00:00,,2026-09-25T15:02:10.347317+00:00,,2026-09-25T15:02:10.348318+00:00,,2026-09-25T15:02:10.349318+00:00,,2026-09-25T15:02:10.350318+00:00,,2026-09-25T15:02:10.351318+00:00,,2026-09-25T15:02:10.352318+00:00,,2026-09-25T15:02:10.353318+00:00,,2026-09-25T15:02:10.354318+00:00,,2026-09-25T15:02:10.355318+00:00,,2026-09-25T15:02:10.356318+00:00,,2026-09-25T15:02:10.368319+00:00,,2026-09-25T15:02:10.358318+00:00,,2026-09-25T15:02:10.359318+00:00,,2026-09-25T15:02:10.360318+00:00,,2026-09-25T15:02:10.361318+00:00,,2026-09-25T15:02:10.362318+00:00,,2026-09-25T15:02:10.363318+00:00,,2026-09-25T15:02:10.364318+00:00,,2026-09-25T15:02:10.365318+00:00,,2026-09-25T15:02:10.366319+00:00,,2026-09-25T15:02:10.367319+00:00,,2026-09-25T15:02:10.369319+00:00,,2026-09-25T15:02:10.370319+00:00,,2026-09-25T15:02:10.371319+00:00,,2026-09-25T15:02:10.372319+00:00,,2026-09-25T15:02:10.373319+00:00,,2026-09-25T15:02:10.374319+00:00,,2026-09-25T15:02:10.375319+00:00,,2026-09-25T15:02:10.376319+00:00,,2026-09-25T15:02:10.377319+00:00,,2026-09-25T15:02:10.378319+00:00,,2026-09-25T15:02:10.379319+00:00,,2026-09-25T15:02:10.380319+00:00,,2026-09-25T15:02:10.381319+00:00,,2026-09-25T15:02:10.382319+00:00,,2026-09-25T15:02:10.383320+00:00,,2026-09-25T15:02:10.384320+00:00,,2026-09-25T15:02:10.385320+00:00,,2026-09-25T15:02:10.386320+00:00,,2026-09-25T15:02:10.387320+00:00,,2026-09-25T15:02:10.388320+00:00,,2026-09-25T15:02:10.389320+00:00,,2026-09-25T15:02:10.390320+00:00,,2026-09-25T15:02:10.391320+00:00,,2026-09-25T15:02:10.392320+00:00,,2026-09-25T15:02:10.393320+00:00,,2026-09-25T15:02:10.394320+00:00,,2026-09-25T15:02:10.406321+00:00,,2026-09-25T15:02:10.396320+00:00,,2026-09-25T15:02:10.397320+00:00,,2026-09-25T15:02:10.398320+00:00,,2026-09-25T15:02:10.399320+00:00,,2026-09-25T15:02:10.400320+00:00,,2026-09-25T15:02:10.401321+00:00,,2026-09-25T15:02:10.402321+00:00,,2026-09-25T15:02:10.403321+00:00,,2026-09-25T15:02:10.404321+00:00,,2026-09-25T15:02:10.405321+00:00,,2026-09-25T15:02:10.395320+00:00,,2026-09-25T15:02:10.410321+00:00,,2026-09-25T15:02:10.408321+00:00,,2026-09-25T15:02:10.409321+00:00,
279,2026-09-25T13:33:05.853534+00:00,2026-09-25T15:02:10.801343+00:00,114.006,2026-09-25T15:02:10.687337+00:00,,2026-09-25T15:02:10.718339+00:00,,2026-09-25T15:02:10.719339+00:00,,2026-09-25T15:02:10.720339+00:00,,2026-09-25T15:02:10.721339+00:00,,2026-09-25T15:02:10.723339+00:00,,2026-09-25T15:02:10.735340+00:00,,2026-09-25T15:02:10.736340+00:00,,2026-09-25T15:02:10.748340+00:00,,2026-09-25T15:02:10.727339+00:00,,2026-09-25T15:02:10.728339+00:00,,2026-09-25T15:02:10.729339+00:00,,2026-09-25T15:02:10.730339+00:00,,2026-09-25T15:02:10.731339+00:00,,2026-09-25T15:02:10.732339+00:00,,2026-09-25T15:02:10.733340+00:00,,2026-09-25T15:02:10.734340+00:00,,2026-09-25T15:02:10.724339+00:00,,2026-09-25T15:02:10.725339+00:00,,2026-09-25T15:02:10.726339+00:00,,2026-09-25T15:02:10.738340+00:00,,2026-09-25T15:02:10.739340+00:00,,2026-09-25T15:02:10.740340+00:00,,2026-09-25T15:02:10.741340+00:00,,2026-09-25T15:02:10.742340+00:00,,2026-09-25T15:02:10.743340+00:00,,2026-09-25T15:02:10.744340+00:00,,2026-09-25T15:02:10.745340+00:00,,2026-09-25T15:02:10.746340+00:00,,2026-09-25T15:02:10.747340+00:00,,2026-09-25T15:02:10.737340+00:00,,2026-09-25T15:02:10.749340+00:00,,2026-09-25T15:02:10.750341+00:00,,2026-09-25T15:02:10.751341+00:00,,2026-09-25T15:02:10.752341+00:00,,2026-09-25T15:02:10.753341+00:00,,2026-09-25T15:02:10.754341+00:00,,2026-09-25T15:02:10.755341+00:00,,2026-09-25T15:02:10.768342+00:00,,2026-09-25T15:02:10.769342+00:00,,2026-09-25T15:02:10.758341+00:00,,2026-09-25T15:02:10.759341+00:00,,2026-09-25T15:02:10.760341+00:00,,2026-09-25T15:02:10.761341+00:00,,2026-09-25T15:02:10.762341+00:00,,2026-09-25T15:02:10.763341+00:00,,2026-09-25T15:02:10.764341+00:00,,2026-09-25T15:02:10.765341+00:00,,2026-09-25T15:02:10.766341+00:00,,2026-09-25T15:02:10.756341+00:00,,2026-09-25T15:02:10.757341+00:00,,2026-09-25T15:02:10.770342+00:00,,2026-09-25T15:02:10.771342+00:00,,2026-09-25T15:02:10.772342+00:00,,2026-09-25T15:02:10.773342+00:00,,2026-09-25T15:02:10.774342+00:00,,2026-09-25T15:02:10.775342+00:00,,2026-09-25T15:02:10.776342+00:00,,2026-09-25T15:02:10.777342+00:00,,2026-09-25T15:02:10.778342+00:00,,2026-09-25T15:02:10.779342+00:00,,2026-09-25T15:02:10.780342+00:00,,2026-09-25T15:02:10.781342+00:00,,2026-09-25T15:02:10.782342+00:00,,2026-09-25T15:02:10.783342+00:00,,2026-09-25T15:02:10.784342+00:00,,2026-09-25T15:02:10.785343+00:00,,2026-09-25T15:02:10.786343+00:00,,2026-09-25T15:02:10.787343+00:00,,2026-09-25T15:02:10.788343+00:00,,2026-09-25T15:02:10.789343+00:00,,2026-09-25T15:02:10.790343+00:00,,2026-09-25T15:02:10.791343+00:00,,2026-09-25T15:02:10.792343+00:00,,2026-09-25T15:02:10.793343+00:00,,2026-09-25T15:02:10.794343+00:00,,2026-09-25T15:02:10.795343+00:00,,2026-09-25T15:02:10.796343+00:00,,2026-09-25T15:02:10.797343+00:00,,2026-09-25T15:02:10.798343+00:00,,2026-09-25T15:02:10.799343+00:00,,2026-09-25T15:02:10.800343+00:00,,2026-09-25T15:02:10.801343+00:00,
280,2026-09-25T13:33:06.218000+00:00,2026-09-25T15:02:11.184365+00:00,88.005,2026-09-25T15:02:11.096360+00:00,,2026-09-25T15:02:11.101361+00:00,,2026-09-25T15:02:11.102361+00:00,,2026-09-25T15:02:11.103361+00:00,,2026-09-25T15:02:11.104361+00:00,,2026-09-25T15:02:11.105361+00:00,,2026-09-25T15:02:11.117362+00:00,,2026-09-25T15:02:11.107361+00:00,,2026-09-25T15:02:11.108361+00:00,,2026-09-25T15:02:11.109361+00:00,,2026-09-25T15:02:11.110361+00:00,,2026-09-25T15:02:11.111361+00:00,,2026-09-25T15:02:11.112361+00:00,,2026-09-25T15:02:11.124362+00:00,,2026-09-25T15:02:11.114361+00:00,,2026-09-25T15:02:11.115361+00:00,,2026-09-25T15:02:11.116361+00:00,,2026-09-25T15:02:11.118362+00:00,,2026-09-25T15:02:11.119362+00:00,,2026-09-25T15:02:11.120362+00:00,,2026-09-25T15:02:11.121362+00:00,,2026-09-25T15:02:11.122362+00:00,,2026-09-25T15:02:11.123362+00:00,,2026-09-25T15:02:11.113361+00:00,,2026-09-25T15:02:11.125362+00:00,,2026-09-25T15:02:11.126362+00:00,,2026-09-25T15:02:11.127362+00:00,,2026-09-25T15:02:11.128362+00:00,,2026-09-25T15:02:11.129362+00:00,,2026-09-25T15:02:11.130362+00:00,,2026-09-25T15:02:11.131362+00:00,,2026-09-25T15:02:11.132362+00:00,,2026-09-25T15:02:11.133362+00:00,,2026-09-25T15:02:11.134362+00:00,,2026-09-25T15:02:11.135363+00:00,,2026-09-25T15:02:11.136363+00:00,,2026-09-25T15:02:11.137363+00:00,,2026-09-25T15:02:11.138363+00:00,,2026-09-25T15:02:11.150363+00:00,,2026-09-25T15:02:11.140363+00:00,,2026-09-25T15:02:11.141363+00:00,,2026-09-25T15:02:11.142363+00:00,,2026-09-25T15:02:11.143363+00:00,,2026-09-25T15:02:11.144363+00:00,,2026-09-25T15:02:11.145363+00:00,,2026-09-25T15:02:11.146363+00:00,,2026-09-25T15:02:11.147363+00:00,,2026-09-25T15:02:11.148363+00:00,,2026-09-25T15:02:11.149363+00:00,,2026-09-25T15:02:11.139363+00:00,,2026-09-25T15:02:11.151363+00:00,,2026-09-25T15:02:11.152364+00:00,,2026-09-25T15:02:11.153364+00:00,,2026-09-25T15:02:11.154364+00:00,,2026-09-25T15:02:11.166364+00:00,,2026-09-25T15:02:11.178365+00:00,,2026-09-25T15:02:11.157364+00:00,,2026-09-25T15:02:11.158364+00:00,,2026-09-25T15:02:11.159364+00:00,,2026-09-25T15:02:11.160364+00:00,,2026-09-25T15:02:11.161364+00:00,,2026-09-25T15:02:11.173365+00:00,,2026-09-25T15:02:11.163364+00:00,,2026-09-25T15:02:11.164364+00:00,,2026-09-25T15:02:11.165364+00:00,,2026-09-25T15:02:11.155364+00:00,,2026-09-25T15:02:11.168364+00:00,,2026-09-25T15:02:11.169364+00:00,,2026-09-25T15:02:11.170365+00:00,,2026-09-25T15:02:11.171365+00:00,,2026-09-25T15:02:11.172365+00:00,,2026-09-25T15:02:11.162364+00:00,,2026-09-25T15:02:11.174365+00:00,,2026-09-25T15:02:11.175365+00:00,,2026-09-25T15:02:11.176365+00:00,,2026-09-25T15:02:11.177365+00:00,,2026-09-25T15:02:11.167364+00:00,,2026-09-25T15:02:11.179365+00:00,,2026-09-25T15:02:11.180365+00:00,,2026-09-25T15:02:11.181365+00:00,,2026-09-25T15:02:11.182365+00:00,,2026-09-25T15:02:11.183365+00:00,,2026-09-25T15:02:11.184365+00:00,
281,2026-09-25T13:33:06.568656+00:00,2026-09-25T15:02:11.554386+00:00,97.005,2026-09-25T15:02:11.457381+00:00,,2026-09-25T15:02:11.463381+00:00,,2026-09-25T15:02:11.464381+00:00,,2026-09-25T15:02:11.465381+00:00,,2026-09-25T15:02:11.466381+00:00,,2026-09-25T15:02:11.467382+00:00,,2026-09-25T15:02:11.468382+00:00,,2026-09-25T15:02:11.469382+00:00,,2026-09-25T15:02:11.470382+00:00,,2026-09-25T15:02:11.471382+00:00,,2026-09-25T15:02:11.472382+00:00,,2026-09-25T15:02:11.473382+00:00,,2026-09-25T15:02:11.474382+00:00,,2026-09-25T15:02:11.475382+00:00,,2026-09-25T15:02:11.476382+00:00,,2026-09-25T15:02:11.477382+00:00,,2026-09-25T15:02:11.478382+00:00,,2026-09-25T15:02:11.479382+00:00,,2026-09-25T15:02:11.480382+00:00,,2026-09-25T15:02:11.481382+00:00,,2026-09-25T15:02:11.482382+00:00,,2026-09-25T15:02:11.483382+00:00,,2026-09-25T15:02:11.484382+00:00,,2026-09-25T15:02:11.485383+00:00,,2026-09-25T15:02:11.486383+00:00,,2026-09-25T15:02:11.498383+00:00,,2026-09-25T15:02:11.488383+00:00,,2026-09-25T15:02:11.489383+00:00,,2026-09-25T15:02:11.490383+00:00,,2026-09-25T15:02:11.491383+00:00,,2026-09-25T15:02:11.492383+00:00,,2026-09-25T15:02:11.493383+00:00,,2026-09-25T15:02:11.494383+00:00,,2026-09-25T15:02:11.495383+00:00,,2026-09-25T15:02:11.496383+00:00,,2026-09-25T15:02:11.497383+00:00,,2026-09-25T15:02:11.487383+00:00,,2026-09-25T15:02:11.499383+00:00,,2026-09-25T15:02:11.500383+00:00,,2026-09-25T15:02:11.501383+00:00,,2026-09-25T15:02:11.502384+00:00,,2026-09-25T15:02:11.503384+00:00,,2026-09-25T15:02:11.504384+00:00,,2026-09-25T15:02:11.505384+00:00,,2026-09-25T15:02:11.506384+00:00,,2026-09-25T15:02:11.507384+00:00,,2026-09-25T15:02:11.508384+00:00,,2026-09-25T15:02:11.509384+00:00,,2026-09-25T15:02:11.510384+00:00,,2026-09-25T15:02:11.511384+00:00,,2026-09-25T15:02:11.512384+00:00,,2026-09-25T15:02:11.513384+00:00,,2026-09-25T15:02:11.514384+00:00,,2026-09-25T15:02:11.515384+00:00,,2026-09-25T15:02:11.516384+00:00,,2026-09-25T15:02:11.518384+00:00,,2026-09-25T15:02:11.519384+00:00,,2026-09-25T15:02:11.520385+00:00,,2026-09-25T15:02:11.521385+00:00,,2026-09-25T15:02:11.522385+00:00,,2026-09-25T15:02:11.523385+00:00,,2026-09-25T15:02:11.524385+00:00,,2026-09-25T15:02:11.525385+00:00,,2026-09-25T15:02:11.526385+00:00,,2026-09-25T15:02:11.527385+00:00,,2026-09-25T15:02:11.528385+00:00,,2026-09-25T15:02:11.540386+00:00,,2026-09-25T15:02:11.530385+00:00,,2026-09-25T15:02:11.531385+00:00,,2026-09-25T15:02:11.532385+00:00,,2026-09-25T15:02:11.533385+00:00,,2026-09-25T15:02:11.534385+00:00,,2026-09-25T15:02:11.535385+00:00,,2026-09-25T15:02:11.536385+00:00,,2026-09-25T15:02:11.537386+00:00,,2026-09-25T15:02:11.538386+00:00,,2026-09-25T15:02:11.539386+00:00,,2026-09-25T15:02:11.529385+00:00,,2026-09-25T15:02:11.541386+00:00,,2026-09-25T15:02:11.542386+00:00,,2026-09-25T15:02:11.543386+00:00,,2026-09-25T15:02:11.554386+00:00,,2026-09-25T15:02:11.545386+00:00,
282,2026-09-25T13:33:06.929300+00:00,2026-09-25T15:02:11.897406+00:00,89.005,2026-09-25T15:02:11.808401+00:00,,2026-09-25T15:02:11.813401+00:00,,2026-09-25T15:02:11.814401+00:00,,2026-09-25T15:02:11.815401+00:00,,2026-09-25T15:02:11.817402+00:00,,2026-09-25T15:02:11.829402+00:00,,2026-09-25T15:02:11.819402+00:00,,2026-09-25T15:02:11.820402+00:00,,2026-09-25T15:02:11.821402+00:00,,2026-09-25T15:02:11.822402+00:00,,2026-09-25T15:02:11.823402+00:00,,2026-09-25T15:02:11.824402+00:00,,2026-09-25T15:02:11.825402+00:00,,2026-09-25T15:02:11.837403+00:00,,2026-09-25T15:02:11.827402+00:00,,2026-09-25T15:02:11.828402+00:00,,2026-09-25T15:02:11.818402+00:00,,2026-09-25T15:02:11.841403+00:00,,2026-09-25T15:02:11.831402+00:00,,2026-09-25T15:02:11.832402+00:00,,2026-09-25T15:02:11.833402+00:00,,2026-09-25T15:02:11.834403+00:00,,2026-09-25T15:02:11.846403+00:00,,2026-09-25T15:02:11.836403+00:00,,2026-09-25T15:02:11.826402+00:00,,2026-09-25T15:02:11.838403+00:00,,2026-09-25T15:02:11.839403+00:00,,2026-09-25T15:02:11.840403+00:00,,2026-09-25T15:02:11.830402+00:00,,2026-09-25T15:02:11.842403+00:00,,2026-09-25T15:02:11.843403+00:00,,2026-09-25T15:02:11.844403+00:00,,2026-09-25T15:02:11.845403+00:00,,2026-09-25T15:02:11.835403+00:00,,2026-09-25T15:02:11.847403+00:00,,2026-09-25T15:02:11.859404+00:00,,2026-09-25T15:02:11.849403+00:00,,2026-09-25T15:02:11.850403+00:00,,2026-09-25T15:02:11.851403+00:00,,2026-09-25T15:02:11.852404+00:00,,2026-09-25T15:02:11.853404+00:00,,2026-09-25T15:02:11.854404+00:00,,2026-09-25T15:02:11.855404+00:00,,2026-09-25T15:02:11.867404+00:00,,2026-09-25T15:02:11.857404+00:00,,2026-09-25T15:02:11.858404+00:00,,2026-09-25T15:02:11.848403+00:00,,2026-09-25T15:02:11.860404+00:00,,2026-09-25T15:02:11.861404+00:00,,2026-09-25T15:02:11.862404+00:00,,2026-09-25T15:02:11.863404+00:00,,2026-09-25T15:02:11.864404+00:00,,2026-09-25T15:02:11.865404+00:00,,2026-09-25T15:02:11.866404+00:00,,2026-09-25T15:02:11.868404+00:00,,2026-09-25T15:02:11.869405+00:00,,2026-09-25T15:02:11.870405+00:00,,2026-09-25T15:02:11.871405+00:00,,2026-09-25T15:02:11.872405+00:00,,2026-09-25T15:02:11.873405+00:00,,2026-09-25T15:02:11.874405+00:00,,2026-09-25T15:02:11.875405+00:00,,2026-09-25T15:02:11.876405+00:00,,2026-09-25T15:02:11.877405+00:00,,2026-09-25T15:02:11.878405+00:00,,2026-09-25T15:02:11.879405+00:00,,2026-09-25T15:02:11.880405+00:00,,2026-09-25T15:02:11.881405+00:00,,2026-09-25T15:02:11.882405+00:00,,2026-09-25T15:02:11.883405+00:00,,2026-09-25T15:02:11.884405+00:00,,2026-09-25T15:02:11.885405+00:00,,2026-09-25T15:02:11.886405+00:00,,2026-09-25T15:02:11.887406+00:00,,2026-09-25T15:02:11.888406+00:00,,2026-09-25T15:02:11.889406+00:00,,2026-09-25T15:02:11.890406+00:00,,2026-09-25T15:02:11.891406+00:00,,2026-09-25T15:02:11.892406+00:00,,2026-09-25T15:02:11.893406+00:00,,2026-09-25T15:02:11.897406+00:00,,2026-09-25T15:02:11.895406+00:00,,2026-09-25T15:02:11.896406+00:00,
283,2026-09-25T13:33:07.285576+00:00,2026-09-25T15:02:12.271428+00:00,90.006,2026-09-25T15:02:12.181422+00:00,,2026-09-25T15:02:12.185423+00:00,,2026-09-25T15:02:12.186423+00:00,,2026-09-25T15:02:12.187423+00:00,,2026-09-25T15:02:12.188423+00:00,,2026-09-25T15:02:12.189423+00:00,,2026-09-25T15:02:12.190423+00:00,,2026-09-25T15:02:12.191423+00:00,,2026-09-25T15:02:12.192423+00:00,,2026-09-25T15:02:12.193423+00:00,,2026-09-25T15:02:12.194423+00:00,,2026-09-25T15:02:12.195423+00:00,,2026-09-25T15:02:12.196423+00:00,,2026-09-25T15:02:12.197423+00:00,,2026-09-25T15:02:12.198423+00:00,,2026-09-25T15:02:12.199423+00:00,,2026-09-25T15:02:12.200423+00:00,,2026-09-25T15:02:12.201424+00:00,,2026-09-25T15:02:12.202424+00:00,,2026-09-25T15:02:12.203424+00:00,,2026-09-25T15:02:12.204424+00:00,,2026-09-25T15:02:12.217424+00:00,,2026-09-25T15:02:12.218424+00:00,,2026-09-25T15:02:12.207424+00:00,,2026-09-25T15:02:12.208424+00:00,,2026-09-25T15:02:12.209424+00:00,,2026-09-25T15:02:12.210424+00:00,,2026-09-25T15:02:12.211424+00:00,,2026-09-25T15:02:12.212424+00:00,,2026-09-25T15:02:12.213424+00:00,,2026-09-25T15:02:12.214424+00:00,,2026-09-25T15:02:12.215424+00:00,,2026-09-25T15:02:12.205424+00:00,,2026-09-25T15:02:12.206424+00:00,,2026-09-25T15:02:12.219425+00:00,,2026-09-25T15:02:12.231425+00:00,,2026-09-25T15:02:12.221425+00:00,,2026-09-25T15:02:12.222425+00:00,,2026-09-25T15:02:12.223425+00:00,,2026-09-25T15:02:12.224425+00:00,,2026-09-25T15:02:12.225425+00:00,,2026-09-25T15:02:12.226425+00:00,,2026-09-25T15:02:12.227425+00:00,,2026-09-25T15:02:12.228425+00:00,,2026-09-25T15:02:12.229425+00:00,,2026-09-25T15:02:12.230425+00:00,,2026-09-25T15:02:12.220425+00:00,,2026-09-25T15:02:12.232425+00:00,,2026-09-25T15:02:12.233425+00:00,,2026-09-25T15:02:12.234425+00:00,,2026-09-25T15:02:12.235425+00:00,,2026-09-25T15:02:12.236426+00:00,,2026-09-25T15:02:12.237426+00:00,,2026-09-25T15:02:12.250426+00:00,,2026-09-25T15:02:12.240426+00:00,,2026-09-25T15:02:12.241426+00:00,,2026-09-25T15:02:12.242426+00:00,,2026-09-25T15:02:12.243426+00:00,,2026-09-25T15:02:12.244426+00:00,,2026-09-25T15:02:12.245426+00:00,,2026-09-25T15:02:12.270427+00:00,,2026-09-25T15:02:12.260427+00:00,,2026-09-25T15:02:12.261427+00:00,,2026-09-25T15:02:12.249426+00:00,,2026-09-25T15:02:12.239426+00:00,,2026-09-25T15:02:12.264427+00:00,,2026-09-25T15:02:12.252426+00:00,,2026-09-25T15:02:12.253426+00:00,,2026-09-25T15:02:12.254427+00:00,,2026-09-25T15:02:12.268427+00:00,,2026-09-25T15:02:12.258427+00:00,,2026-09-25T15:02:12.246426+00:00,,2026-09-25T15:02:12.247426+00:00,,2026-09-25T15:02:12.248426+00:00,,2026-09-25T15:02:12.262427+00:00,,2026-09-25T15:02:12.263427+00:00,,2026-09-25T15:02:12.251426+00:00,,2026-09-25T15:02:12.265427+00:00,,2026-09-25T15:02:12.266427+00:00,,2026-09-25T15:02:12.267427+00:00,,2026-09-25T15:02:12.269427+00:00,,2026-09-25T15:02:12.259427+00:00,,2026-09-25T15:02:12.271428+00:00,
284,2026-09-25T13:33:07.629654+00:00,2026-09-25T15:02:12.614447+00:00,89.005,2026-09-25T15:02:12.525442+00:00,,2026-09-25T15:02:12.531442+00:00,,2026-09-25T15:02:12.543443+00:00,,2026-09-25T15:02:12.533442+00:00,,2026-09-25T15:02:12.534443+00:00,,2026-09-25T15:02:12.535443+00:00,,2026-09-25T15:02:12.536443+00:00,,2026-09-25T15:02:12.537443+00:00,,2026-09-25T15:02:12.538443+00:00,,2026-09-25T15:02:12.539443+00:00,,2026-09-25T15:02:12.540443+00:00,,2026-09-25T15:02:12.541443+00:00,,2026-09-25T15:02:12.542443+00:00,,2026-09-25T15:02:12.532442+00:00,,2026-09-25T15:02:12.544443+00:00,,2026-09-25T15:02:12.545443+00:00,,2026-09-25T15:02:12.546443+00:00,,2026-09-25T15:02:12.547443+00:00,,2026-09-25T15:02:12.548443+00:00,,2026-09-25T15:02:12.549443+00:00,,2026-09-25T15:02:12.550443+00:00,,2026-09-25T15:02:12.551444+00:00,,2026-09-25T15:02:12.552444+00:00,,2026-09-25T15:02:12.553444+00:00,,2026-09-25T15:02:12.554444+00:00,,2026-09-25T15:02:12.567444+00:00,,2026-09-25T15:02:12.556444+00:00,,2026-09-25T15:02:12.557444+00:00,,2026-09-25T15:02:12.558444+00:00,,2026-09-25T15:02:12.570445+00:00,,2026-09-25T15:02:12.560444+00:00,,2026-09-25T15:02:12.561444+00:00,,2026-09-25T15:02:12.562444+00:00,,2026-09-25T15:02:12.563444+00:00,,2026-09-25T15:02:12.564444+00:00,,2026-09-25T15:02:12.565444+00:00,,2026-09-25T15:02:12.566444+00:00,,2026-09-25T15:02:12.568444+00:00,,2026-09-25T15:02:12.569445+00:00,,2026-09-25T15:02:12.559444+00:00,,2026-09-25T15:02:12.571445+00:00,,2026-09-25T15:02:12.572445+00:00,,2026-09-25T15:02:12.573445+00:00,,2026-09-25T15:02:12.574445+00:00,,2026-09-25T15:02:12.575445+00:00,,2026-09-25T15:02:12.576445+00:00,,2026-09-25T15:02:12.577445+00:00,,2026-09-25T15:02:12.578445+00:00,,2026-09-25T15:02:12.579445+00:00,,2026-09-25T15:02:12.580445+00:00,,2026-09-25T15:02:12.581445+00:00,,2026-09-25T15:02:12.582445+00:00,,2026-09-25T15:02:12.583445+00:00,,2026-09-25T15:02:12.584445+00:00,,2026-09-25T15:02:12.585445+00:00,,2026-09-25T15:02:12.586446+00:00,,2026-09-25T15:02:12.587446+00:00,,2026-09-25T15:02:12.588446+00:00,,2026-09-25T15:02:12.600446+00:00,,2026-09-25T15:02:12.590446+00:00,,2026-09-25T15:02:12.591446+00:00,,2026-09-25T15:02:12.592446+00:00,,2026-09-25T15:02:12.593446+00:00,,2026-09-25T15:02:12.594446+00:00,,2026-09-25T15:02:12.595446+00:00,,2026-09-25T15:02:12.596446+00:00,,2026-09-25T15:02:12.597446+00:00,,2026-09-25T15:02:12.598446+00:00,,2026-09-25T15:02:12.599446+00:00,,2026-09-25T15:02:12.589446+00:00,,2026-09-25T15:02:12.612447+00:00,,2026-09-25T15:02:12.602446+00:00,,2026-09-25T15:02:12.603447+00:00,,2026-09-25T15:02:12.604447+00:00,,2026-09-25T15:02:12.614447+00:00,,2026-09-25T15:02:12.606447+00:00,,2026-09-25T15:02:12.607447+00:00,,2026-09-25T15:02:12.608447+00:00,,2026-09-25T15:02:12.609447+00:00,,2026-09-25T15:02:12.610447+00:00,,2026-09-25T15:02:12.611447+00:00,,2026-09-25T15:02:12.601446+00:00,,2026-09-25T15:02:12.613447+00:00,
285,2026-09-25T13:33:08.019611+00:00,2026-09-25T15:02:13.002469+00:00,115.006,2026-09-25T15:02:12.887463+00:00,,2026-09-25T15:02:12.919465+00:00,,2026-09-25T15:02:12.920465+00:00,,2026-09-25T15:02:12.921465+00:00,,2026-09-25T15:02:12.933465+00:00,,2026-09-25T15:02:12.934465+00:00,,2026-09-25T15:02:12.924465+00:00,,2026-09-25T15:02:12.925465+00:00,,2026-09-25T15:02:12.926465+00:00,,2026-09-25T15:02:12.927465+00:00,,2026-09-25T15:02:12.928465+00:00,,2026-09-25T15:02:12.929465+00:00,,2026-09-25T15:02:12.930465+00:00,,2026-09-25T15:02:12.931465+00:00,,2026-09-25T15:02:12.932465+00:00,,2026-09-25T15:02:12.922465+00:00,,2026-09-25T15:02:12.923465+00:00,,2026-09-25T15:02:12.935465+00:00,,2026-09-25T15:02:12.936466+00:00,,2026-09-25T15:02:12.937466+00:00,,2026-09-25T15:02:12.938466+00:00,,2026-09-25T15:02:12.950466+00:00,,2026-09-25T15:02:12.940466+00:00,,2026-09-25T15:02:12.941466+00:00,,2026-09-25T15:02:12.942466+00:00,,2026-09-25T15:02:12.943466+00:00,,2026-09-25T15:02:12.944466+00:00,,2026-09-25T15:02:12.945466+00:00,,2026-09-25T15:02:12.946466+00:00,,2026-09-25T15:02:12.947466+00:00,,2026-09-25T15:02:12.948466+00:00,,2026-09-25T15:02:12.949466+00:00,,2026-09-25T15:02:12.939466+00:00,,2026-09-25T15:02:12.951466+00:00,,2026-09-25T15:02:12.952466+00:00,,2026-09-25T15:02:12.953467+00:00,,2026-09-25T15:02:12.954467+00:00,,2026-09-25T15:02:12.966467+00:00,,2026-09-25T15:02:12.956467+00:00,,2026-09-25T15:02:12.957467+00:00,,2026-09-25T15:02:12.958467+00:00,,2026-09-25T15:02:12.959467+00:00,,2026-09-25T15:02:12.960467+00:00,,2026-09-25T15:02:12.961467+00:00,,2026-09-25T15:02:12.962467+00:00,,2026-09-25T15:02:12.963467+00:00,,2026-09-25T15:02:12.964467+00:00,,2026-09-25T15:02:12.965467+00:00,,2026-09-25T15:02:12.967467+00:00,,2026-09-25T15:02:12.968467+00:00,,2026-09-25T15:02:12.969467+00:00,,2026-09-25T15:02:12.970467+00:00,,2026-09-25T15:02:12.971468+00:00,,2026-09-25T15:02:12.972468+00:00,,2026-09-25T15:02:12.973468+00:00,,2026-09-25T15:02:12.974468+00:00,,2026-09-25T15:02:12.975468+00:00,,2026-09-25T15:02:12.976468+00:00,,2026-09-25T15:02:12.977468+00:00,,2026-09-25T15:02:12.978468+00:00,,2026-09-25T15:02:12.979468+00:00,,2026-09-25T15:02:12.980468+00:00,,2026-09-25T15:02:12.981468+00:00,,2026-09-25T15:02:12.982468+00:00,,2026-09-25T15:02:12.983468+00:00,,2026-09-25T15:02:12.984468+00:00,,2026-09-25T15:02:12.985468+00:00,,2026-09-25T15:02:12.986468+00:00,,2026-09-25T15:02:12.987468+00:00,,2026-09-25T15:02:12.988469+00:00,,2026-09-25T15:02:13.000469+00:00,,2026-09-25T15:02:12.990469+00:00,,2026-09-25T15:02:13.002469+00:00,,2026-09-25T15:02:12.992469+00:00,,2026-09-25T15:02:12.993469+00:00,,2026-09-25T15:02:12.994469+00:00,,2026-09-25T15:02:12.995469+00:00,,2026-09-25T15:02:12.996469+00:00,,2026-09-25T15:02:12.997469+00:00,,2026-09-25T15:02:12.998469+00:00,,2026-09-25T15:02:12.999469+00:00,,2026-09-25T15:02:12.989469+00:00,,2026-09-25T15:02:13.001469+00:00,
286,2026-09-25T13:33:08.359584+00:00,2026-09-25T15:02:13.345489+00:00,86.005,2026-09-25T15:02:13.259484+00:00,,2026-09-25T15:02:13.263484+00:00,,2026-09-25T15:02:13.264484+00:00,,2026-09-25T15:02:13.265484+00:00,,2026-09-25T15:02:13.266484+00:00,,2026-09-25T15:02:13.267484+00:00,,2026-09-25T15:02:13.268485+00:00,,2026-09-25T15:02:13.269485+00:00,,2026-09-25T15:02:13.281485+00:00,,2026-09-25T15:02:13.271485+00:00,,2026-09-25T15:02:13.283485+00:00,,2026-09-25T15:02:13.273485+00:00,,2026-09-25T15:02:13.274485+00:00,,2026-09-25T15:02:13.275485+00:00,,2026-09-25T15:02:13.276485+00:00,,2026-09-25T15:02:13.277485+00:00,,2026-09-25T15:02:13.278485+00:00,,2026-09-25T15:02:13.279485+00:00,,2026-09-25T15:02:13.280485+00:00,,2026-09-25T15:02:13.270485+00:00,,2026-09-25T15:02:13.282485+00:00,,2026-09-25T15:02:13.272485+00:00,,2026-09-25T15:02:13.284485+00:00,,2026-09-25T15:02:13.285486+00:00,,2026-09-25T15:02:13.286486+00:00,,2026-09-25T15:02:13.287486+00:00,,2026-09-25T15:02:13.288486+00:00,,2026-09-25T15:02:13.289486+00:00,,2026-09-25T15:02:13.290486+00:00,,2026-09-25T15:02:13.291486+00:00,,2026-09-25T15:02:13.292486+00:00,,2026-09-25T15:02:13.293486+00:00,,2026-09-25T15:02:13.294486+00:00,,2026-09-25T15:02:13.295486+00:00,,2026-09-25T15:02:13.296486+00:00,,2026-09-25T15:02:13.297486+00:00,,2026-09-25T15:02:13.298486+00:00,,2026-09-25T15:02:13.299486+00:00,,2026-09-25T15:02:13.300486+00:00,,2026-09-25T15:02:13.301486+00:00,,2026-09-25T15:02:13.302486+00:00,,2026-09-25T15:02:13.303487+00:00,,2026-09-25T15:02:13.304487+00:00,,2026-09-25T15:02:13.316487+00:00,,2026-09-25T15:02:13.306487+00:00,,2026-09-25T15:02:13.307487+00:00,,2026-09-25T15:02:13.308487+00:00,,2026-09-25T15:02:13.309487+00:00,,2026-09-25T15:02:13.310487+00:00,,2026-09-25T15:02:13.311487+00:00,,2026-09-25T15:02:13.312487+00:00,,2026-09-25T15:02:13.313487+00:00,,2026-09-25T15:02:13.325488+00:00,,2026-09-25T15:02:13.315487+00:00,,2026-09-25T15:02:13.317487+00:00,,2026-09-25T15:02:13.318487+00:00,,2026-09-25T15:02:13.319487+00:00,,2026-09-25T15:02:13.320488+00:00,,2026-09-25T15:02:13.321488+00:00,,2026-09-25T15:02:13.322488+00:00,,2026-09-25T15:02:13.323488+00:00,,2026-09-25T15:02:13.324488+00:00,,2026-09-25T15:02:13.314487+00:00,,2026-09-25T15:02:13.326488+00:00,,2026-09-25T15:02:13.327488+00:00,,2026-09-25T15:02:13.328488+00:00,,2026-09-25T15:02:13.329488+00:00,,2026-09-25T15:02:13.330488+00:00,,2026-09-25T15:02:13.331488+00:00,,2026-09-25T15:02:13.332488+00:00,,2026-09-25T15:02:13.333488+00:00,,2026-09-25T15:02:13.334488+00:00,,2026-09-25T15:02:13.335488+00:00,,2026-09-25T15:02:13.336488+00:00,,2026-09-25T15:02:13.337488+00:00,,2026-09-25T15:02:13.338489+00:00,,2026-09-25T15:02:13.339489+00:00,,2026-09-25T15:02:13.340489+00:00,,2026-09-25T15:02:13.341489+00:00,,2026-09-25T15:02:13.342489+00:00,,2026-09-25T15:02:13.343489+00:00,,2026-09-25T15:02:13.344489+00:00,,2026-09-25T15:02:13.345489+00:00,
287,2026-09-25T13:33:08.725175+00:00,2026-09-25T15:02:13.684508+00:00,86.005,2026-09-25T15:02:13.598503+00:00,,2026-09-25T15:02:13.601504+00:00,,2026-09-25T15:02:13.602504+00:00,,2026-09-25T15:02:13.603504+00:00,,2026-09-25T15:02:13.604504+00:00,,2026-09-25T15:02:13.605504+00:00,,2026-09-25T15:02:13.606504+00:00,,2026-09-25T15:02:13.607504+00:00,,2026-09-25T15:02:13.608504+00:00,,2026-09-25T15:02:13.621505+00:00,,2026-09-25T15:02:13.610504+00:00,,2026-09-25T15:02:13.611504+00:00,,2026-09-25T15:02:13.612504+00:00,,2026-09-25T15:02:13.613504+00:00,,2026-09-25T15:02:13.614504+00:00,,2026-09-25T15:02:13.616504+00:00,,2026-09-25T15:02:13.617505+00:00,,2026-09-25T15:02:13.618505+00:00,,2026-09-25T15:02:13.619505+00:00,,2026-09-25T15:02:13.620505+00:00,,2026-09-25T15:02:13.609504+00:00,,2026-09-25T15:02:13.622505+00:00,,2026-09-25T15:02:13.623505+00:00,,2026-09-25T15:02:13.624505+00:00,,2026-09-25T15:02:13.625505+00:00,,2026-09-25T15:02:13.626505+00:00,,2026-09-25T15:02:13.627505+00:00,,2026-09-25T15:02:13.628505+00:00,,2026-09-25T15:02:13.629505+00:00,,2026-09-25T15:02:13.630505+00:00,,2026-09-25T15:02:13.631505+00:00,,2026-09-25T15:02:13.632505+00:00,,2026-09-25T15:02:13.633505+00:00,,2026-09-25T15:02:13.634505+00:00,,2026-09-25T15:02:13.635506+00:00,,2026-09-25T15:02:13.636506+00:00,,2026-09-25T15:02:13.637506+00:00,,2026-09-25T15:02:13.638506+00:00,,2026-09-25T15:02:13.639506+00:00,,2026-09-25T15:02:13.640506+00:00,,2026-09-25T15:02:13.641506+00:00,,2026-09-25T15:02:13.642506+00:00,,2026-09-25T15:02:13.643506+00:00,,2026-09-25T15:02:13.644506+00:00,,2026-09-25T15:02:13.656507+00:00,,2026-09-25T15:02:13.646506+00:00,,2026-09-25T15:02:13.647506+00:00,,2026-09-25T15:02:13.648506+00:00,,2026-09-25T15:02:13.649506+00:00,,2026-09-25T15:02:13.650506+00:00,,2026-09-25T15:02:13.651506+00:00,,2026-09-25T15:02:13.652507+00:00,,2026-09-25T15:02:13.653507+00:00,,2026-09-25T15:02:13.665507+00:00,,2026-09-25T15:02:13.655507+00:00,,2026-09-25T15:02:13.645506+00:00,,2026-09-25T15:02:13.657507+00:00,,2026-09-25T15:02:13.658507+00:00,,2026-09-25T15:02:13.659507+00:00,,2026-09-25T15:02:13.660507+00:00,,2026-09-25T15:02:13.661507+00:00,,2026-09-25T15:02:13.662507+00:00,,2026-09-25T15:02:13.663507+00:00,,2026-09-25T15:02:13.664507+00:00,,2026-09-25T15:02:13.666507+00:00,,2026-09-25T15:02:13.667507+00:00,,2026-09-25T15:02:13.668507+00:00,,2026-09-25T15:02:13.669507+00:00,,2026-09-25T15:02:13.670508+00:00,,2026-09-25T15:02:13.671508+00:00,,2026-09-25T15:02:13.672508+00:00,,2026-09-25T15:02:13.673508+00:00,,2026-09-25T15:02:13.674508+00:00,,2026-09-25T15:02:13.675508+00:00,,2026-09-25T15:02:13.676508+00:00,,2026-09-25T15:02:13.677508+00:00,,2026-09-25T15:02:13.678508+00:00,,2026-09-25T15:02:13.679508+00:00,,2026-09-25T15:02:13.680508+00:00,,2026-09-25T15:02:13.681508+00:00,,2026-09-25T15:02:13.682508+00:00,,2026-09-25T15:02:13.683508+00:00,,2026-09-25T15:02:13.684508+00:00,
288,2026-09-25T13:33:09.157540+00:00,2026-09-25T15:02:14.063530+00:00,97.006,2026-09-25T15:02:13.966524+00:00,,2026-09-25T15:02:13.980525+00:00,,2026-09-25T15:02:13.981525+00:00,,2026-09-25T15:02:13.982525+00:00,,2026-09-25T15:02:13.983525+00:00,,2026-09-25T15:02:13.984525+00:00,,2026-09-25T15:02:13.985526+00:00,,2026-09-25T15:02:13.986526+00:00,,2026-09-25T15:02:13.987526+00:00,,2026-09-25T15:02:13.988526+00:00,,2026-09-25T15:02:13.989526+00:00,,2026-09-25T15:02:13.990526+00:00,,2026-09-25T15:02:13.991526+00:00,,2026-09-25T15:02:13.992526+00:00,,2026-09-25T15:02:13.993526+00:00,,2026-09-25T15:02:13.994526+00:00,,2026-09-25T15:02:13.995526+00:00,,2026-09-25T15:02:13.996526+00:00,,2026-09-25T15:02:13.997526+00:00,,2026-09-25T15:02:13.998526+00:00,,2026-09-25T15:02:13.999526+00:00,,2026-09-25T15:02:14.000526+00:00,,2026-09-25T15:02:14.001526+00:00,,2026-09-25T15:02:14.002527+00:00,,2026-09-25T15:02:14.003527+00:00,,2026-09-25T15:02:14.004527+00:00,,2026-09-25T15:02:14.005527+00:00,,2026-09-25T15:02:14.006527+00:00,,2026-09-25T15:02:14.007527+00:00,,2026-09-25T15:02:14.008527+00:00,,2026-09-25T15:02:14.009527+00:00,,2026-09-25T15:02:14.010527+00:00,,2026-09-25T15:02:14.011527+00:00,,2026-09-25T15:02:14.012527+00:00,,2026-09-25T15:02:14.013527+00:00,,2026-09-25T15:02:14.014527+00:00,,2026-09-25T15:02:14.016527+00:00,,2026-09-25T15:02:14.017527+00:00,,2026-09-25T15:02:14.018527+00:00,,2026-09-25T15:02:14.019527+00:00,,2026-09-25T15:02:14.020528+00:00,,2026-09-25T15:02:14.021528+00:00,,2026-09-25T15:02:14.022528+00:00,,2026-09-25T15:02:14.023528+00:00,,2026-09-25T15:02:14.024528+00:00,,2026-09-25T15:02:14.025528+00:00,,2026-09-25T15:02:14.026528+00:00,,2026-09-25T15:02:14.027528+00:00,,2026-09-25T15:02:14.028528+00:00,,2026-09-25T15:02:14.029528+00:00,,2026-09-25T15:02:14.030528+00:00,,2026-09-25T15:02:14.031528+00:00,,2026-09-25T15:02:14.032528+00:00,,2026-09-25T15:02:14.033528+00:00,,2026-09-25T15:02:14.034528+00:00,,2026-09-25T15:02:14.035528+00:00,,2026-09-25T15:02:14.036528+00:00,,2026-09-25T15:02:14.037529+00:00,,2026-09-25T15:02:14.038529+00:00,,2026-09-25T15:02:14.039529+00:00,,2026-09-25T15:02:14.040529+00:00,,2026-09-25T15:02:14.041529+00:00,,2026-09-25T15:02:14.042529+00:00,,2026-09-25T15:02:14.043529+00:00,,2026-09-25T15:02:14.044529+00:00,,2026-09-25T15:02:14.045529+00:00,,2026-09-25T15:02:14.046529+00:00,,2026-09-25T15:02:14.047529+00:00,,2026-09-25T15:02:14.048529+00:00,,2026-09-25T15:02:14.049529+00:00,,2026-09-25T15:02:14.050529+00:00,,2026-09-25T15:02:14.051529+00:00,,2026-09-25T15:02:14.052529+00:00,,2026-09-25T15:02:14.053529+00:00,,2026-09-25T15:02:14.063530+00:00,,2026-09-25T15:02:14.055530+00:00,,2026-09-25T15:02:14.056530+00:00,,2026-09-25T15:02:14.057530+00:00,,2026-09-25T15:02:14.058530+00:00,,2026-09-25T15:02:14.059530+00:00,,2026-09-25T15:02:14.060530+00:00,,2026-09-25T15:02:14.061530+00:00,,2026-09-25T15:02:14.062530+00:00,
289,2026-09-25T13:33:09.502637+00:00,2026-09-25T15:02:14.487554+00:00,90.005,2026-09-25T15:02:14.397549+00:00,,2026-09-25T15:02:14.403549+00:00,,2026-09-25T15:02:14.417550+00:00,,2026-09-25T15:02:14.406550+00:00,,2026-09-25T15:02:14.407550+00:00,,2026-09-25T15:02:14.408550+00:00,,2026-09-25T15:02:14.409550+00:00,,2026-09-25T15:02:14.410550+00:00,,2026-09-25T15:02:14.411550+00:00,,2026-09-25T15:02:14.412550+00:00,,2026-09-25T15:02:14.413550+00:00,,2026-09-25T15:02:14.414550+00:00,,2026-09-25T15:02:14.415550+00:00,,2026-09-25T15:02:14.405550+00:00,,2026-09-25T15:02:14.418550+00:00,,2026-09-25T15:02:14.419550+00:00,,2026-09-25T15:02:14.420550+00:00,,2026-09-25T15:02:14.421550+00:00,,2026-09-25T15:02:14.422551+00:00,,2026-09-25T15:02:14.423551+00:00,,2026-09-25T15:02:14.424551+00:00,,2026-09-25T15:02:14.425551+00:00,,2026-09-25T15:02:14.426551+00:00,,2026-09-25T15:02:14.427551+00:00,,2026-09-25T15:02:14.428551+00:00,,2026-09-25T15:02:14.429551+00:00,,2026-09-25T15:02:14.430551+00:00,,2026-09-25T15:02:14.431551+00:00,,2026-09-25T15:02:14.443552+00:00,,2026-09-25T15:02:14.444552+00:00,,2026-09-25T15:02:14.445552+00:00,,2026-09-25T15:02:14.446552+00:00,,2026-09-25T15:02:14.436551+00:00,,2026-09-25T15:02:14.437551+00:00,,2026-09-25T15:02:14.438551+00:00,,2026-09-25T15:02:14.439552+00:00,,2026-09-25T15:02:14.440552+00:00,,2026-09-25T15:02:14.441552+00:00,,2026-09-25T15:02:14.442552+00:00,,2026-09-25T15:02:14.432551+00:00,,2026-09-25T15:02:14.433551+00:00,,2026-09-25T15:02:14.434551+00:00,,2026-09-25T15:02:14.435551+00:00,,2026-09-25T15:02:14.447552+00:00,,2026-09-25T15:02:14.448552+00:00,,2026-09-25T15:02:14.449552+00:00,,2026-09-25T15:02:14.450552+00:00,,2026-09-25T15:02:14.451552+00:00,,2026-09-25T15:02:14.452552+00:00,,2026-09-25T15:02:14.453552+00:00,,2026-09-25T15:02:14.465553+00:00,,2026-09-25T15:02:14.455552+00:00,,2026-09-25T15:02:14.456552+00:00,,2026-09-25T15:02:14.457553+00:00,,2026-09-25T15:02:14.458553+00:00,,2026-09-25T15:02:14.459553+00:00,,2026-09-25T15:02:14.460553+00:00,,2026-09-25T15:02:14.461553+00:00,,2026-09-25T15:02:14.462553+00:00,,2026-09-25T15:02:14.463553+00:00,,2026-09-25T15:02:14.464553+00:00,,2026-09-25T15:02:14.466553+00:00,,2026-09-25T15:02:14.467553+00:00,,2026-09-25T15:02:14.468553+00:00,,2026-09-25T15:02:14.469553+00:00,,2026-09-25T15:02:14.470553+00:00,,2026-09-25T15:02:14.471553+00:00,,2026-09-25T15:02:14.472553+00:00,,2026-09-25T15:02:14.473553+00:00,,2026-09-25T15:02:14.474554+00:00,,2026-09-25T15:02:14.475554+00:00,,2026-09-25T15:02:14.476554+00:00,,2026-09-25T15:02:14.477554+00:00,,2026-09-25T15:02:14.478554+00:00,,2026-09-25T15:02:14.479554+00:00,,2026-09-25T15:02:14.480554+00:00,,2026-09-25T15:02:14.481554+00:00,,2026-09-25T15:02:14.482554+00:00,,2026-09-25T15:02:14.483554+00:00,,2026-09-25T15:02:14.484554+00:00,,2026-09-25T15:02:14.485554+00:00,,2026-09-25T15:02:14.486554+00:00,,2026-09-25T15:02:14.487554+00:00,
290,2026-09-25T13:33:09.909990+00:00,2026-09-25T15:02:14.860576+00:00,116.007,2026-09-25T15:02:14.744569+00:00,,2026-09-25T15:02:14.773571+00:00,,2026-09-25T15:02:14.774571+00:00,,2026-09-25T15:02:14.775571+00:00,,2026-09-25T15:02:14.776571+00:00,,2026-09-25T15:02:14.777571+00:00,,2026-09-25T15:02:14.779571+00:00,,2026-09-25T15:02:14.792572+00:00,,2026-09-25T15:02:14.782571+00:00,,2026-09-25T15:02:14.783571+00:00,,2026-09-25T15:02:14.784571+00:00,,2026-09-25T15:02:14.785571+00:00,,2026-09-25T15:02:14.786571+00:00,,2026-09-25T15:02:14.787571+00:00,,2026-09-25T15:02:14.788571+00:00,,2026-09-25T15:02:14.789572+00:00,,2026-09-25T15:02:14.790572+00:00,,2026-09-25T15:02:14.791572+00:00,,2026-09-25T15:02:14.781571+00:00,,2026-09-25T15:02:14.815573+00:00,,2026-09-25T15:02:14.805572+00:00,,2026-09-25T15:02:14.795572+00:00,,2026-09-25T15:02:14.796572+00:00,,2026-09-25T15:02:14.797572+00:00,,2026-09-25T15:02:14.798572+00:00,,2026-09-25T15:02:14.799572+00:00,,2026-09-25T15:02:14.800572+00:00,,2026-09-25T15:02:14.801572+00:00,,2026-09-25T15:02:14.802572+00:00,,2026-09-25T15:02:14.803572+00:00,,2026-09-25T15:02:14.793572+00:00,,2026-09-25T15:02:14.794572+00:00,,2026-09-25T15:02:14.806573+00:00,,2026-09-25T15:02:14.807573+00:00,,2026-09-25T15:02:14.808573+00:00,,2026-09-25T15:02:14.809573+00:00,,2026-09-25T15:02:14.821573+00:00,,2026-09-25T15:02:14.811573+00:00,,2026-09-25T15:02:14.812573+00:00,,2026-09-25T15:02:14.813573+00:00,,2026-09-25T15:02:14.814573+00:00,,2026-09-25T15:02:14.816573+00:00,,2026-09-25T15:02:14.817573+00:00,,2026-09-25T15:02:14.818573+00:00,,2026-09-25T15:02:14.819573+00:00,,2026-09-25T15:02:14.820573+00:00,,2026-09-25T15:02:14.810573+00:00,,2026-09-25T15:02:14.822573+00:00,,2026-09-25T15:02:14.823573+00:00,,2026-09-25T15:02:14.824574+00:00,,2026-09-25T15:02:14.825574+00:00,,2026-09-25T15:02:14.826574+00:00,,2026-09-25T15:02:14.827574+00:00,,2026-09-25T15:02:14.828574+00:00,,2026-09-25T15:02:14.829574+00:00,,2026-09-25T15:02:14.830574+00:00,,2026-09-25T15:02:14.831574+00:00,,2026-09-25T15:02:14.832574+00:00,,2026-09-25T15:02:14.833574+00:00,,2026-09-25T15:02:14.846575+00:00,,2026-09-25T15:02:14.847575+00:00,,2026-09-25T15:02:14.836574+00:00,,2026-09-25T15:02:14.837574+00:00,,2026-09-25T15:02:14.838574+00:00,,2026-09-25T15:02:14.839574+00:00,,2026-09-25T15:02:14.840574+00:00,,2026-09-25T15:02:14.842575+00:00,,2026-09-25T15:02:14.843575+00:00,,2026-09-25T15:02:14.844575+00:00,,2026-09-25T15:02:14.845575+00:00,,2026-09-25T15:02:14.834574+00:00,,2026-09-25T15:02:14.835574+00:00,,2026-09-25T15:02:14.848575+00:00,,2026-09-25T15:02:14.849575+00:00,,2026-09-25T15:02:14.850575+00:00,,2026-09-25T15:02:14.851575+00:00,,2026-09-25T15:02:14.852575+00:00,,2026-09-25T15:02:14.853575+00:00,,2026-09-25T15:02:14.860576+00:00,,2026-09-25T15:02:14.855575+00:00,,2026-09-25T15:02:14.856575+00:00,,2026-09-25T15:02:14.857575+00:00,,2026-09-25T15:02:14.858575+00:00,
291,2026-09-25T13:33:10.312524+00:00,2026-09-25T15:02:15.293600+00:00,133.00699999999998,2026-09-25T15:02:15.160593+00:00,,2026-09-25T15:02:15.199595+00:00,,2026-09-25T15:02:15.200595+00:00,,2026-09-25T15:02:15.201595+00:00,,2026-09-25T15:02:15.202595+00:00,,2026-09-25T15:02:15.204595+00:00,,2026-09-25T15:02:15.205595+00:00,,2026-09-25T15:02:15.206595+00:00,,2026-09-25T15:02:15.207595+00:00,,2026-09-25T15:02:15.208596+00:00,,2026-09-25T15:02:15.209596+00:00,,2026-09-25T15:02:15.210596+00:00,,2026-09-25T15:02:15.223596+00:00,,2026-09-25T15:02:15.224596+00:00,,2026-09-25T15:02:15.225596+00:00,,2026-09-25T15:02:15.226597+00:00,,2026-09-25T15:02:15.216596+00:00,,2026-09-25T15:02:15.217596+00:00,,2026-09-25T15:02:15.218596+00:00,,2026-09-25T15:02:15.231597+00:00,,2026-09-25T15:02:15.232597+00:00,,2026-09-25T15:02:15.233597+00:00,,2026-09-25T15:02:15.234597+00:00,,2026-09-25T15:02:15.211596+00:00,,2026-09-25T15:02:15.212596+00:00,,2026-09-25T15:02:15.213596+00:00,,2026-09-25T15:02:15.214596+00:00,,2026-09-25T15:02:15.215596+00:00,,2026-09-25T15:02:15.228597+00:00,,2026-09-25T15:02:15.241597+00:00,,2026-09-25T15:02:15.230597+00:00,,2026-09-25T15:02:15.219596+00:00,,2026-09-25T15:02:15.220596+00:00,,2026-09-25T15:02:15.221596+00:00,,2026-09-25T15:02:15.222596+00:00,,2026-09-25T15:02:15.235597+00:00,,2026-09-25T15:02:15.236597+00:00,,2026-09-25T15:02:15.238597+00:00,,2026-09-25T15:02:15.239597+00:00,,2026-09-25T15:02:15.240597+00:00,,2026-09-25T15:02:15.229597+00:00,,2026-09-25T15:02:15.242597+00:00,,2026-09-25T15:02:15.243598+00:00,,2026-09-25T15:02:15.244598+00:00,,2026-09-25T15:02:15.245598+00:00,,2026-09-25T15:02:15.246598+00:00,,2026-09-25T15:02:15.259598+00:00,,2026-09-25T15:02:15.260598+00:00,,2026-09-25T15:02:15.250598+00:00,,2026-09-25T15:02:15.251598+00:00,,2026-09-25T15:02:15.252598+00:00,,2026-09-25T15:02:15.265599+00:00,,2026-09-25T15:02:15.254598+00:00,,2026-09-25T15:02:15.255598+00:00,,2026-09-25T15:02:15.268599+00:00,,2026-09-25T15:02:15.269599+00:00,,2026-09-25T15:02:15.258598+00:00,,2026-09-25T15:02:15.247598+00:00,,2026-09-25T15:02:15.249598+00:00,,2026-09-25T15:02:15.261599+00:00,,2026-09-25T15:02:15.262599+00:00,,2026-09-25T15:02:15.275599+00:00,,2026-09-25T15:02:15.266599+00:00,,2026-09-25T15:02:15.267599+00:00,,2026-09-25T15:02:15.256598+00:00,,2026-09-25T15:02:15.257598+00:00,,2026-09-25T15:02:15.284600+00:00,,2026-09-25T15:02:15.285600+00:00,,2026-09-25T15:02:15.286600+00:00,,2026-09-25T15:02:15.287600+00:00,,2026-09-25T15:02:15.288600+00:00,,2026-09-25T15:02:15.264599+00:00,,2026-09-25T15:02:15.290600+00:00,,2026-09-25T15:02:15.277599+00:00,,2026-09-25T15:02:15.292600+00:00,,2026-09-25T15:02:15.293600+00:00,,2026-09-25T15:02:15.283600+00:00,,2026-09-25T15:02:15.270599+00:00,,2026-09-25T15:02:15.271599+00:00,,2026-09-25T15:02:15.272599+00:00,,2026-09-25T15:02:15.273599+00:00,,2026-09-25T15:02:15.274599+00:00,,2026-09-25T15:02:15.289600+00:00,
292,2026-09-25T13:33:10.726570+00:00,2026-09-25T15:02:15.660621+00:00,104.006,2026-09-25T15:02:15.556615+00:00,,2026-09-25T15:02:15.573616+00:00,,2026-09-25T15:02:15.575616+00:00,,2026-09-25T15:02:15.576617+00:00,,2026-09-25T15:02:15.577617+00:00,,2026-09-25T15:02:15.578617+00:00,,2026-09-25T15:02:15.579617+00:00,,2026-09-25T15:02:15.580617+00:00,,2026-09-25T15:02:15.581617+00:00,,2026-09-25T15:02:15.582617+00:00,,2026-09-25T15:02:15.583617+00:00,,2026-09-25T15:02:15.584617+00:00,,2026-09-25T15:02:15.585617+00:00,,2026-09-25T15:02:15.586617+00:00,,2026-09-25T15:02:15.587617+00:00,,2026-09-25T15:02:15.588617+00:00,,2026-09-25T15:02:15.589617+00:00,,2026-09-25T15:02:15.590617+00:00,,2026-09-25T15:02:15.591617+00:00,,2026-09-25T15:02:15.593618+00:00,,2026-09-25T15:02:15.594618+00:00,,2026-09-25T15:02:15.595618+00:00,,2026-09-25T15:02:15.596618+00:00,,2026-09-25T15:02:15.597618+00:00,,2026-09-25T15:02:15.598618+00:00,,2026-09-25T15:02:15.599618+00:00,,2026-09-25T15:02:15.600618+00:00,,2026-09-25T15:02:15.601618+00:00,,2026-09-25T15:02:15.602618+00:00,,2026-09-25T15:02:15.614619+00:00,,2026-09-25T15:02:15.604618+00:00,,2026-09-25T15:02:15.605618+00:00,,2026-09-25T15:02:15.606618+00:00,,2026-09-25T15:02:15.607618+00:00,,2026-09-25T15:02:15.608618+00:00,,2026-09-25T15:02:15.609618+00:00,,2026-09-25T15:02:15.610619+00:00,,2026-09-25T15:02:15.611619+00:00,,2026-09-25T15:02:15.612619+00:00,,2026-09-25T15:02:15.613619+00:00,,2026-09-25T15:02:15.615619+00:00,,2026-09-25T15:02:15.616619+00:00,,2026-09-25T15:02:15.617619+00:00,,2026-09-25T15:02:15.618619+00:00,,2026-09-25T15:02:15.619619+00:00,,2026-09-25T15:02:15.620619+00:00,,2026-09-25T15:02:15.632620+00:00,,2026-09-25T15:02:15.622619+00:00,,2026-09-25T15:02:15.634620+00:00,,2026-09-25T15:02:15.635620+00:00,,2026-09-25T15:02:15.625619+00:00,,2026-09-25T15:02:15.626619+00:00,,2026-09-25T15:02:15.627619+00:00,,2026-09-25T15:02:15.628620+00:00,,2026-09-25T15:02:15.629620+00:00,,2026-09-25T15:02:15.630620+00:00,,2026-09-25T15:02:15.631620+00:00,,2026-09-25T15:02:15.621619+00:00,,2026-09-25T15:02:15.633620+00:00,,2026-09-25T15:02:15.623619+00:00,,2026-09-25T15:02:15.624619+00:00,,2026-09-25T15:02:15.636620+00:00,,2026-09-25T15:02:15.649621+00:00,,2026-09-25T15:02:15.638620+00:00,,2026-09-25T15:02:15.651621+00:00,,2026-09-25T15:02:15.641620+00:00,,2026-09-25T15:02:15.642620+00:00,,2026-09-25T15:02:15.643620+00:00,,2026-09-25T15:02:15.644620+00:00,,2026-09-25T15:02:15.645621+00:00,,2026-09-25T15:02:15.646621+00:00,,2026-09-25T15:02:15.647621+00:00,,2026-09-25T15:02:15.648621+00:00,,2026-09-25T15:02:15.637620+00:00,,2026-09-25T15:02:15.650621+00:00,,2026-09-25T15:02:15.640620+00:00,,2026-09-25T15:02:15.652621+00:00,,2026-09-25T15:02:15.660621+00:00,,2026-09-25T15:02:15.655621+00:00,,2026-09-25T15:02:15.656621+00:00,,2026-09-25T15:02:15.657621+00:00,,2026-09-25T15:02:15.658621+00:00,,2026-09-25T15:02:15.659621+00:00,
293,2026-09-25T13:33:11.109808+00:00,2026-09-25T15:02:16.077645+00:00,107.006,2026-09-25T15:02:15.970639+00:00,,2026-09-25T15:02:15.991640+00:00,,2026-09-25T15:02:15.992640+00:00,,2026-09-25T15:02:15.993640+00:00,,2026-09-25T15:02:15.994640+00:00,,2026-09-25T15:02:15.995641+00:00,,2026-09-25T15:02:15.996641+00:00,,2026-09-25T15:02:15.997641+00:00,,2026-09-25T15:02:15.998641+00:00,,2026-09-25T15:02:15.999641+00:00,,2026-09-25T15:02:16.000641+00:00,,2026-09-25T15:02:16.001641+00:00,,2026-09-25T15:02:16.002641+00:00,,2026-09-25T15:02:16.014642+00:00,,2026-09-25T15:02:16.004641+00:00,,2026-09-25T15:02:16.016642+00:00,,2026-09-25T15:02:16.006641+00:00,,2026-09-25T15:02:16.007641+00:00,,2026-09-25T15:02:16.008641+00:00,,2026-09-25T15:02:16.009641+00:00,,2026-09-25T15:02:16.010641+00:00,,2026-09-25T15:02:16.011641+00:00,,2026-09-25T15:02:16.012641+00:00,,2026-09-25T15:02:16.013642+00:00,,2026-09-25T15:02:16.015642+00:00,,2026-09-25T15:02:16.005641+00:00,,2026-09-25T15:02:16.017642+00:00,,2026-09-25T15:02:16.018642+00:00,,2026-09-25T15:02:16.019642+00:00,,2026-09-25T15:02:16.020642+00:00,,2026-09-25T15:02:16.021642+00:00,,2026-09-25T15:02:16.022642+00:00,,2026-09-25T15:02:16.023642+00:00,,2026-09-25T15:02:16.024642+00:00,,2026-09-25T15:02:16.025642+00:00,,2026-09-25T15:02:16.026642+00:00,,2026-09-25T15:02:16.028642+00:00,,2026-09-25T15:02:16.029642+00:00,,2026-09-25T15:02:16.030643+00:00,,2026-09-25T15:02:16.031643+00:00,,2026-09-25T15:02:16.032643+00:00,,2026-09-25T15:02:16.033643+00:00,,2026-09-25T15:02:16.034643+00:00,,2026-09-25T15:02:16.035643+00:00,,2026-09-25T15:02:16.036643+00:00,,2026-09-25T15:02:16.037643+00:00,,2026-09-25T15:02:16.038643+00:00,,2026-09-25T15:02:16.039643+00:00,,2026-09-25T15:02:16.040643+00:00,,2026-09-25T15:02:16.041643+00:00,,2026-09-25T15:02:16.042643+00:00,,2026-09-25T15:02:16.043643+00:00,,2026-09-25T15:02:16.044643+00:00,,2026-09-25T15:02:16.045643+00:00,,2026-09-25T15:02:16.046643+00:00,,2026-09-25T15:02:16.047643+00:00,,2026-09-25T15:02:16.048644+00:00,,2026-09-25T15:02:16.049644+00:00,,2026-09-25T15:02:16.050644+00:00,,2026-09-25T15:02:16.051644+00:00,,2026-09-25T15:02:16.052644+00:00,,2026-09-25T15:02:16.054644+00:00,,2026-09-25T15:02:16.055644+00:00,,2026-09-25T15:02:16.056644+00:00,,2026-09-25T15:02:16.057644+00:00,,2026-09-25T15:02:16.058644+00:00,,2026-09-25T15:02:16.059644+00:00,,2026-09-25T15:02:16.060644+00:00,,2026-09-25T15:02:16.061644+00:00,,2026-09-25T15:02:16.062644+00:00,,2026-09-25T15:02:16.063644+00:00,,2026-09-25T15:02:16.064644+00:00,,2026-09-25T15:02:16.066645+00:00,,2026-09-25T15:02:16.067645+00:00,,2026-09-25T15:02:16.068645+00:00,,2026-09-25T15:02:16.070645+00:00,,2026-09-25T15:02:16.071645+00:00,,2026-09-25T15:02:16.072645+00:00,,2026-09-25T15:02:16.073645+00:00,,2026-09-25T15:02:16.074645+00:00,,2026-09-25T15:02:16.075645+00:00,,2026-09-25T15:02:16.076645+00:00,,2026-09-25T15:02:16.077645+00:00,
294,2026-09-25T13:33:11.530969+00:00,2026-09-25T15:02:16.449666+00:00,99.005,2026-09-25T15:02:16.350661+00:00,,2026-09-25T15:02:16.364662+00:00,,2026-09-25T15:02:16.365662+00:00,,2026-09-25T15:02:16.366662+00:00,,2026-09-25T15:02:16.367662+00:00,,2026-09-25T15:02:16.368662+00:00,,2026-09-25T15:02:16.369662+00:00,,2026-09-25T15:02:16.370662+00:00,,2026-09-25T15:02:16.382663+00:00,,2026-09-25T15:02:16.372662+00:00,,2026-09-25T15:02:16.373662+00:00,,2026-09-25T15:02:16.385663+00:00,,2026-09-25T15:02:16.375662+00:00,,2026-09-25T15:02:16.376662+00:00,,2026-09-25T15:02:16.377662+00:00,,2026-09-25T15:02:16.378662+00:00,,2026-09-25T15:02:16.379662+00:00,,2026-09-25T15:02:16.380663+00:00,,2026-09-25T15:02:16.381663+00:00,,2026-09-25T15:02:16.371662+00:00,,2026-09-25T15:02:16.383663+00:00,,2026-09-25T15:02:16.384663+00:00,,2026-09-25T15:02:16.374662+00:00,,2026-09-25T15:02:16.386663+00:00,,2026-09-25T15:02:16.398664+00:00,,2026-09-25T15:02:16.388663+00:00,,2026-09-25T15:02:16.389663+00:00,,2026-09-25T15:02:16.390663+00:00,,2026-09-25T15:02:16.391663+00:00,,2026-09-25T15:02:16.392663+00:00,,2026-09-25T15:02:16.393663+00:00,,2026-09-25T15:02:16.394663+00:00,,2026-09-25T15:02:16.407664+00:00,,2026-09-25T15:02:16.396663+00:00,,2026-09-25T15:02:16.397664+00:00,,2026-09-25T15:02:16.387663+00:00,,2026-09-25T15:02:16.399664+00:00,,2026-09-25T15:02:16.400664+00:00,,2026-09-25T15:02:16.402664+00:00,,2026-09-25T15:02:16.415665+00:00,,2026-09-25T15:02:16.404664+00:00,,2026-09-25T15:02:16.405664+00:00,,2026-09-25T15:02:16.406664+00:00,,2026-09-25T15:02:16.395663+00:00,,2026-09-25T15:02:16.408664+00:00,,2026-09-25T15:02:16.409664+00:00,,2026-09-25T15:02:16.410664+00:00,,2026-09-25T15:02:16.411664+00:00,,2026-09-25T15:02:16.412664+00:00,,2026-09-25T15:02:16.413664+00:00,,2026-09-25T15:02:16.403664+00:00,,2026-09-25T15:02:16.416665+00:00,,2026-09-25T15:02:16.429665+00:00,,2026-09-25T15:02:16.419665+00:00,,2026-09-25T15:02:16.420665+00:00,,2026-09-25T15:02:16.432666+00:00,,2026-09-25T15:02:16.422665+00:00,,2026-09-25T15:02:16.423665+00:00,,2026-09-25T15:02:16.424665+00:00,,2026-09-25T15:02:16.425665+00:00,,2026-09-25T15:02:16.426665+00:00,,2026-09-25T15:02:16.438666+00:00,,2026-09-25T15:02:16.428665+00:00,,2026-09-25T15:02:16.417665+00:00,,2026-09-25T15:02:16.430665+00:00,,2026-09-25T15:02:16.431665+00:00,,2026-09-25T15:02:16.421665+00:00,,2026-09-25T15:02:16.433666+00:00,,2026-09-25T15:02:16.434666+00:00,,2026-09-25T15:02:16.435666+00:00,,2026-09-25T15:02:16.436666+00:00,,2026-09-25T15:02:16.437666+00:00,,2026-09-25T15:02:16.427665+00:00,,2026-09-25T15:02:16.439666+00:00,,2026-09-25T15:02:16.440666+00:00,,2026-09-25T15:02:16.441666+00:00,,2026-09-25T15:02:16.442666+00:00,,2026-09-25T15:02:16.443666+00:00,,2026-09-25T15:02:16.444666+00:00,,2026-09-25T15:02:16.446666+00:00,,2026-09-25T15:02:16.447666+00:00,,2026-09-25T15:02:16.448666+00:00,,2026-09-25T15:02:16.449666+00:00,
295,2026-09-25T13:33:11.919633+00:00,2026-09-25T15:02:16.875691+00:00,104.006,2026-09-25T15:02:16.771685+00:00,,2026-09-25T15:02:16.778685+00:00,,2026-09-25T15:02:16.780685+00:00,,2026-09-25T15:02:16.781685+00:00,,2026-09-25T15:02:16.782686+00:00,,2026-09-25T15:02:16.783686+00:00,,2026-09-25T15:02:16.784686+00:00,,2026-09-25T15:02:16.785686+00:00,,2026-09-25T15:02:16.786686+00:00,,2026-09-25T15:02:16.799687+00:00,,2026-09-25T15:02:16.789686+00:00,,2026-09-25T15:02:16.790686+00:00,,2026-09-25T15:02:16.791686+00:00,,2026-09-25T15:02:16.792686+00:00,,2026-09-25T15:02:16.793686+00:00,,2026-09-25T15:02:16.794686+00:00,,2026-09-25T15:02:16.795686+00:00,,2026-09-25T15:02:16.796686+00:00,,2026-09-25T15:02:16.797686+00:00,,2026-09-25T15:02:16.798686+00:00,,2026-09-25T15:02:16.788686+00:00,,2026-09-25T15:02:16.800687+00:00,,2026-09-25T15:02:16.801687+00:00,,2026-09-25T15:02:16.817688+00:00,,2026-09-25T15:02:16.803687+00:00,,2026-09-25T15:02:16.804687+00:00,,2026-09-25T15:02:16.805687+00:00,,2026-09-25T15:02:16.807687+00:00,,2026-09-25T15:02:16.822688+00:00,,2026-09-25T15:02:16.840689+00:00,,2026-09-25T15:02:16.812687+00:00,,2026-09-25T15:02:16.813687+00:00,,2026-09-25T15:02:16.814687+00:00,,2026-09-25T15:02:16.815687+00:00,,2026-09-25T15:02:16.816687+00:00,,2026-09-25T15:02:16.818688+00:00,,2026-09-25T15:02:16.848689+00:00,,2026-09-25T15:02:16.821688+00:00,,2026-09-25T15:02:16.809687+00:00,,2026-09-25T15:02:16.811687+00:00,,2026-09-25T15:02:16.825688+00:00,,2026-09-25T15:02:16.826688+00:00,,2026-09-25T15:02:16.843689+00:00,,2026-09-25T15:02:16.844689+00:00,,2026-09-25T15:02:16.845689+00:00,,2026-09-25T15:02:16.833688+00:00,,2026-09-25T15:02:16.834689+00:00,,2026-09-25T15:02:16.820688+00:00,,2026-09-25T15:02:16.837689+00:00,,2026-09-25T15:02:16.839689+00:00,,2026-09-25T15:02:16.824688+00:00,,2026-09-25T15:02:16.841689+00:00,,2026-09-25T15:02:16.842689+00:00,,2026-09-25T15:02:16.828688+00:00,,2026-09-25T15:02:16.830688+00:00,,2026-09-25T15:02:16.832688+00:00,,2026-09-25T15:02:16.846689+00:00,,2026-09-25T15:02:16.847689+00:00,,2026-09-25T15:02:16.836689+00:00,,2026-09-25T15:02:16.849689+00:00,,2026-09-25T15:02:16.850689+00:00,,2026-09-25T15:02:16.851689+00:00,,2026-09-25T15:02:16.864690+00:00,,2026-09-25T15:02:16.854690+00:00,,2026-09-25T15:02:16.855690+00:00,,2026-09-25T15:02:16.856690+00:00,,2026-09-25T15:02:16.857690+00:00,,2026-09-25T15:02:16.858690+00:00,,2026-09-25T15:02:16.859690+00:00,,2026-09-25T15:02:16.860690+00:00,,2026-09-25T15:02:16.861690+00:00,,2026-09-25T15:02:16.862690+00:00,,2026-09-25T15:02:16.863690+00:00,,2026-09-25T15:02:16.865690+00:00,,2026-09-25T15:02:16.866690+00:00,,2026-09-25T15:02:16.867690+00:00,,2026-09-25T15:02:16.868690+00:00,,2026-09-25T15:02:16.870691+00:00,,2026-09-25T15:02:16.871691+00:00,,2026-09-25T15:02:16.872691+00:00,,2026-09-25T15:02:16.873691+00:00,,2026-09-25T15:02:16.874691+00:00,,2026-09-25T15:02:16.875691+00:00,
296,2026-09-25T13:33:12.324383+00:00,2026-09-25T15:02:17.306716+00:00,143.009,2026-09-25T15:02:17.163707+00:00,,2026-09-25T15:02:17.209710+00:00,,2026-09-25T15:02:17.210710+00:00,,2026-09-25T15:02:17.212710+00:00,,2026-09-25T15:02:17.214710+00:00,,2026-09-25T15:02:17.215710+00:00,,2026-09-25T15:02:17.216710+00:00,,2026-09-25T15:02:17.217710+00:00,,2026-09-25T15:02:17.218710+00:00,,2026-09-25T15:02:17.231711+00:00,,2026-09-25T15:02:17.221711+00:00,,2026-09-25T15:02:17.222711+00:00,,2026-09-25T15:02:17.223711+00:00,,2026-09-25T15:02:17.224711+00:00,,2026-09-25T15:02:17.225711+00:00,,2026-09-25T15:02:17.226711+00:00,,2026-09-25T15:02:17.227711+00:00,,2026-09-25T15:02:17.228711+00:00,,2026-09-25T15:02:17.229711+00:00,,2026-09-25T15:02:17.230711+00:00,,2026-09-25T15:02:17.220711+00:00,,2026-09-25T15:02:17.232711+00:00,,2026-09-25T15:02:17.233711+00:00,,2026-09-25T15:02:17.234711+00:00,,2026-09-25T15:02:17.248712+00:00,,2026-09-25T15:02:17.237712+00:00,,2026-09-25T15:02:17.238712+00:00,,2026-09-25T15:02:17.239712+00:00,,2026-09-25T15:02:17.240712+00:00,,2026-09-25T15:02:17.254713+00:00,,2026-09-25T15:02:17.243712+00:00,,2026-09-25T15:02:17.244712+00:00,,2026-09-25T15:02:17.245712+00:00,,2026-09-25T15:02:17.246712+00:00,,2026-09-25T15:02:17.247712+00:00,,2026-09-25T15:02:17.236712+00:00,,2026-09-25T15:02:17.249712+00:00,,2026-09-25T15:02:17.251712+00:00,,2026-09-25T15:02:17.265713+00:00,,2026-09-25T15:02:17.253712+00:00,,2026-09-25T15:02:17.242712+00:00,,2026-09-25T15:02:17.255713+00:00,,2026-09-25T15:02:17.270713+00:00,,2026-09-25T15:02:17.258713+00:00,,2026-09-25T15:02:17.272714+00:00,,2026-09-25T15:02:17.261713+00:00,,2026-09-25T15:02:17.262713+00:00,,2026-09-25T15:02:17.263713+00:00,,2026-09-25T15:02:17.264713+00:00,,2026-09-25T15:02:17.266713+00:00,,2026-09-25T15:02:17.281714+00:00,,2026-09-25T15:02:17.269713+00:00,,2026-09-25T15:02:17.257713+00:00,,2026-09-25T15:02:17.271714+00:00,,2026-09-25T15:02:17.260713+00:00,,2026-09-25T15:02:17.273714+00:00,,2026-09-25T15:02:17.274714+00:00,,2026-09-25T15:02:17.288714+00:00,,2026-09-25T15:02:17.289715+00:00,,2026-09-25T15:02:17.279714+00:00,,2026-09-25T15:02:17.280714+00:00,,2026-09-25T15:02:17.268713+00:00,,2026-09-25T15:02:17.282714+00:00,,2026-09-25T15:02:17.283714+00:00,,2026-09-25T15:02:17.284714+00:00,,2026-09-25T15:02:17.285714+00:00,,2026-09-25T15:02:17.286714+00:00,,2026-09-25T15:02:17.287714+00:00,,2026-09-25T15:02:17.276714+00:00,,2026-09-25T15:02:17.278714+00:00,,2026-09-25T15:02:17.304715+00:00,,2026-09-25T15:02:17.292715+00:00,,2026-09-25T15:02:17.294715+00:00,,2026-09-25T15:02:17.295715+00:00,,2026-09-25T15:02:17.296715+00:00,,2026-09-25T15:02:17.297715+00:00,,2026-09-25T15:02:17.298715+00:00,,2026-09-25T15:02:17.299715+00:00,,2026-09-25T15:02:17.300715+00:00,,2026-09-25T15:02:17.301715+00:00,,2026-09-25T15:02:17.306716+00:00,,2026-09-25T15:02:17.291715+00:00,,2026-09-25T15:02:17.305715+00:00,
297,2026-09-25T13:33:12.772284+00:00,2026-09-25T15:02:17.743741+00:00,172.01,2026-09-25T15:02:17.575731+00:00,,2026-09-25T15:02:17.576731+00:00,,2026-09-25T15:02:17.578731+00:00,,2026-09-25T15:02:17.580731+00:00,,2026-09-25T15:02:17.582731+00:00,,2026-09-25T15:02:17.584731+00:00,,2026-09-25T15:02:17.586732+00:00,,2026-09-25T15:02:17.588732+00:00,,2026-09-25T15:02:17.590732+00:00,,2026-09-25T15:02:17.592732+00:00,,2026-09-25T15:02:17.571731+00:00,,2026-09-25T15:02:17.596732+00:00,,2026-09-25T15:02:17.598732+00:00,,2026-09-25T15:02:17.600732+00:00,,2026-09-25T15:02:17.602732+00:00,,2026-09-25T15:02:17.604733+00:00,,2026-09-25T15:02:17.606733+00:00,,2026-09-25T15:02:17.608733+00:00,,2026-09-25T15:02:17.610733+00:00,,2026-09-25T15:02:17.612733+00:00,,2026-09-25T15:02:17.614733+00:00,,2026-09-25T15:02:17.615733+00:00,,2026-09-25T15:02:17.617733+00:00,,2026-09-25T15:02:17.619733+00:00,,2026-09-25T15:02:17.645735+00:00,,2026-09-25T15:02:17.623734+00:00,,2026-09-25T15:02:17.627734+00:00,,2026-09-25T15:02:17.629734+00:00,,2026-09-25T15:02:17.631734+00:00,,2026-09-25T15:02:17.633734+00:00,,2026-09-25T15:02:17.635734+00:00,,2026-09-25T15:02:17.637734+00:00,,2026-09-25T15:02:17.639735+00:00,,2026-09-25T15:02:17.641735+00:00,,2026-09-25T15:02:17.643735+00:00,,2026-09-25T15:02:17.621734+00:00,,2026-09-25T15:02:17.647735+00:00,,2026-09-25T15:02:17.649735+00:00,,2026-09-25T15:02:17.651735+00:00,,2026-09-25T15:02:17.677737+00:00,,2026-09-25T15:02:17.655735+00:00,,2026-09-25T15:02:17.657736+00:00,,2026-09-25T15:02:17.659736+00:00,,2026-09-25T15:02:17.661736+00:00,,2026-09-25T15:02:17.663736+00:00,,2026-09-25T15:02:17.665736+00:00,,2026-09-25T15:02:17.667736+00:00,,2026-09-25T15:02:17.669736+00:00,,2026-09-25T15:02:17.671736+00:00,,2026-09-25T15:02:17.673737+00:00,,2026-09-25T15:02:17.675737+00:00,,2026-09-25T15:02:17.679737+00:00,,2026-09-25T15:02:17.727740+00:00,,2026-09-25T15:02:17.683737+00:00,,2026-09-25T15:02:17.685737+00:00,,2026-09-25T15:02:17.687737+00:00,,2026-09-25T15:02:17.689737+00:00,,2026-09-25T15:02:17.713739+00:00,,2026-09-25T15:02:17.693738+00:00,,2026-09-25T15:02:17.695738+00:00,,2026-09-25T15:02:17.697738+00:00,,2026-09-25T15:02:17.699738+00:00,,2026-09-25T15:02:17.701738+00:00,,2026-09-25T15:02:17.681737+00:00,,2026-09-25T15:02:17.705738+00:00,,2026-09-25T15:02:17.729740+00:00,,2026-09-25T15:02:17.709739+00:00,,2026-09-25T15:02:17.711739+00:00,,2026-09-25T15:02:17.691738+00:00,,2026-09-25T15:02:17.715739+00:00,,2026-09-25T15:02:17.717739+00:00,,2026-09-25T15:02:17.719739+00:00,,2026-09-25T15:02:17.721739+00:00,,2026-09-25T15:02:17.723739+00:00,,2026-09-25T15:02:17.725739+00:00,,2026-09-25T15:02:17.707738+00:00,,2026-09-25T15:02:17.731740+00:00,,2026-09-25T15:02:17.733740+00:00,,2026-09-25T15:02:17.735740+00:00,,2026-09-25T15:02:17.737740+00:00,,2026-09-25T15:02:17.739740+00:00,,2026-09-25T15:02:17.741740+00:00,,2026-09-25T15:02:17.743741+00:00,
298,2026-09-25T13:33:13.217992+00:00,2026-09-25T15:02:18.195766+00:00,170.009,2026-09-25T15:02:18.025757+00:00,,2026-09-25T15:02:18.027757+00:00,,2026-09-25T15:02:18.029757+00:00,,2026-09-25T15:02:18.031757+00:00,,2026-09-25T15:02:18.033757+00:00,,2026-09-25T15:02:18.035757+00:00,,2026-09-25T15:02:18.037757+00:00,,2026-09-25T15:02:18.039757+00:00,,2026-09-25T15:02:18.041758+00:00,,2026-09-25T15:02:18.043758+00:00,,2026-09-25T15:02:18.045758+00:00,,2026-09-25T15:02:18.047758+00:00,,2026-09-25T15:02:18.049758+00:00,,2026-09-25T15:02:18.051758+00:00,,2026-09-25T15:02:18.077760+00:00,,2026-09-25T15:02:18.055758+00:00,,2026-09-25T15:02:18.057758+00:00,,2026-09-25T15:02:18.059759+00:00,,2026-09-25T15:02:18.061759+00:00,,2026-09-25T15:02:18.063759+00:00,,2026-09-25T15:02:18.111762+00:00,,2026-09-25T15:02:18.067759+00:00,,2026-09-25T15:02:18.069759+00:00,,2026-09-25T15:02:18.095761+00:00,,2026-09-25T15:02:18.073759+00:00,,2026-09-25T15:02:18.053758+00:00,,2026-09-25T15:02:18.079760+00:00,,2026-09-25T15:02:18.081760+00:00,,2026-09-25T15:02:18.083760+00:00,,2026-09-25T15:02:18.107761+00:00,,2026-09-25T15:02:18.133763+00:00,,2026-09-25T15:02:18.065759+00:00,,2026-09-25T15:02:18.091760+00:00,,2026-09-25T15:02:18.093761+00:00,,2026-09-25T15:02:18.071759+00:00,,2026-09-25T15:02:18.097761+00:00,,2026-09-25T15:02:18.121762+00:00,,2026-09-25T15:02:18.101761+00:00,,2026-09-25T15:02:18.103761+00:00,,2026-09-25T15:02:18.105761+00:00,,2026-09-25T15:02:18.085760+00:00,,2026-09-25T15:02:18.087760+00:00,,2026-09-25T15:02:18.089760+00:00,,2026-09-25T15:02:18.113762+00:00,,2026-09-25T15:02:18.115762+00:00,,2026-09-25T15:02:18.117762+00:00,,2026-09-25T15:02:18.143763+00:00,,2026-09-25T15:02:18.099761+00:00,,2026-09-25T15:02:18.123762+00:00,,2026-09-25T15:02:18.127762+00:00,,2026-09-25T15:02:18.129763+00:00,,2026-09-25T15:02:18.131763+00:00,,2026-09-25T15:02:18.109761+00:00,,2026-09-25T15:02:18.135763+00:00,,2026-09-25T15:02:18.137763+00:00,,2026-09-25T15:02:18.163765+00:00,,2026-09-25T15:02:18.141763+00:00,,2026-09-25T15:02:18.119762+00:00,,2026-09-25T15:02:18.145764+00:00,,2026-09-25T15:02:18.147764+00:00,,2026-09-25T15:02:18.125762+00:00,,2026-09-25T15:02:18.151764+00:00,,2026-09-25T15:02:18.153764+00:00,,2026-09-25T15:02:18.155764+00:00,,2026-09-25T15:02:18.157764+00:00,,2026-09-25T15:02:18.159764+00:00,,2026-09-25T15:02:18.161764+00:00,,2026-09-25T15:02:18.139763+00:00,,2026-09-25T15:02:18.165765+00:00,,2026-09-25T15:02:18.167765+00:00,,2026-09-25T15:02:18.169765+00:00,,2026-09-25T15:02:18.171765+00:00,,2026-09-25T15:02:18.173765+00:00,,2026-09-25T15:02:18.177765+00:00,,2026-09-25T15:02:18.179765+00:00,,2026-09-25T15:02:18.181766+00:00,,2026-09-25T15:02:18.183766+00:00,,2026-09-25T15:02:18.185766+00:00,,2026-09-25T15:02:18.187766+00:00,,2026-09-25T15:02:18.189766+00:00,,2026-09-25T15:02:18.191766+00:00,,2026-09-25T15:02:18.193766+00:00,,2026-09-25T15:02:18.195766+00:00,
299,2026-09-25T13:33:13.559443+00:00,2026-09-25T15:02:18.544786+00:00,88.005,2026-09-25T15:02:18.456781+00:00,,2026-09-25T15:02:18.462782+00:00,,2026-09-25T15:02:18.463782+00:00,,2026-09-25T15:02:18.464782+00:00,,2026-09-25T15:02:18.465782+00:00,,2026-09-25T15:02:18.466782+00:00,,2026-09-25T15:02:18.467782+00:00,,2026-09-25T15:02:18.469782+00:00,,2026-09-25T15:02:18.468782+00:00,,2026-09-25T15:02:18.470782+00:00,,2026-09-25T15:02:18.471782+00:00,,2026-09-25T15:02:18.472782+00:00,,2026-09-25T15:02:18.473782+00:00,,2026-09-25T15:02:18.474782+00:00,,2026-09-25T15:02:18.475782+00:00,,2026-09-25T15:02:18.476782+00:00,,2026-09-25T15:02:18.477782+00:00,,2026-09-25T15:02:18.478783+00:00,,2026-09-25T15:02:18.479783+00:00,,2026-09-25T15:02:18.480783+00:00,,2026-09-25T15:02:18.481783+00:00,,2026-09-25T15:02:18.482783+00:00,,2026-09-25T15:02:18.483783+00:00,,2026-09-25T15:02:18.484783+00:00,,2026-09-25T15:02:18.485783+00:00,,2026-09-25T15:02:18.497784+00:00,,2026-09-25T15:02:18.487783+00:00,,2026-09-25T15:02:18.488783+00:00,,2026-09-25T15:02:18.489783+00:00,,2026-09-25T15:02:18.490783+00:00,,2026-09-25T15:02:18.502784+00:00,,2026-09-25T15:02:18.492783+00:00,,2026-09-25T15:02:18.493783+00:00,,2026-09-25T15:02:18.494783+00:00,,2026-09-25T15:02:18.495784+00:00,,2026-09-25T15:02:18.496784+00:00,,2026-09-25T15:02:18.486783+00:00,,2026-09-25T15:02:18.498784+00:00,,2026-09-25T15:02:18.510784+00:00,,2026-09-25T15:02:18.511784+00:00,,2026-09-25T15:02:18.512784+00:00,,2026-09-25T15:02:18.491783+00:00,,2026-09-25T15:02:18.503784+00:00,,2026-09-25T15:02:18.504784+00:00,,2026-09-25T15:02:18.505784+00:00,,2026-09-25T15:02:18.506784+00:00,,2026-09-25T15:02:18.518785+00:00,,2026-09-25T15:02:18.508784+00:00,,2026-09-25T15:02:18.509784+00:00,,2026-09-25T15:02:18.499784+00:00,,2026-09-25T15:02:18.500784+00:00,,2026-09-25T15:02:18.513785+00:00,,2026-09-25T15:02:18.514785+00:00,,2026-09-25T15:02:18.526785+00:00,,2026-09-25T15:02:18.516785+00:00,,2026-09-25T15:02:18.517785+00:00,,2026-09-25T15:02:18.507784+00:00,,2026-09-25T15:02:18.519785+00:00,,2026-09-25T15:02:18.520785+00:00,,2026-09-25T15:02:18.521785+00:00,,2026-09-25T15:02:18.522785+00:00,,2026-09-25T15:02:18.523785+00:00,,2026-09-25T15:02:18.524785+00:00,,2026-09-25T15:02:18.525785+00:00,,2026-09-25T15:02:18.515785+00:00,,2026-09-25T15:02:18.527785+00:00,,2026-09-25T15:02:18.528785+00:00,,2026-09-25T15:02:18.529785+00:00,,2026-09-25T15:02:18.530786+00:00,,2026-09-25T15:02:18.542786+00:00,,2026-09-25T15:02:18.532786+00:00,,2026-09-25T15:02:18.533786+00:00,,2026-09-25T15:02:18.534786+00:00,,2026-09-25T15:02:18.535786+00:00,,2026-09-25T15:02:18.536786+00:00,,2026-09-25T15:02:18.537786+00:00,,2026-09-25T15:02:18.538786+00:00,,2026-09-25T15:02:18.539786+00:00,,2026-09-25T15:02:18.540786+00:00,,2026-09-25T15:02:18.541786+00:00,,2026-09-25T15:02:18.531786+00:00,,2026-09-25T15:02:18.543786+00:00,,2026-09-25T15:02:18.544786+00:00,
300,2026-09-25T13:33:13.963371+00:00,2026-09-25T15:02:18.946809+00:00,146.008,2026-09-25T15:02:18.800801+00:00,,2026-09-25T15:02:18.859804+00:00,,2026-09-25T15:02:18.870805+00:00,,2026-09-25T15:02:18.882806+00:00,,2026-09-25T15:02:18.883806+00:00,,2026-09-25T15:02:18.879805+00:00,,2026-09-25T15:02:18.880806+00:00,,2026-09-25T15:02:18.884806+00:00,,2026-09-25T15:02:18.861804+00:00,,2026-09-25T15:02:18.862805+00:00,,2026-09-25T15:02:18.865805+00:00,,2026-09-25T15:02:18.885806+00:00,,2026-09-25T15:02:18.886806+00:00,,2026-09-25T15:02:18.876805+00:00,,2026-09-25T15:02:18.877805+00:00,,2026-09-25T15:02:18.878805+00:00,,2026-09-25T15:02:18.867805+00:00,,2026-09-25T15:02:18.868805+00:00,,2026-09-25T15:02:18.881806+00:00,,2026-09-25T15:02:18.871805+00:00,,2026-09-25T15:02:18.872805+00:00,,2026-09-25T15:02:18.873805+00:00,,2026-09-25T15:02:18.874805+00:00,,2026-09-25T15:02:18.875805+00:00,,2026-09-25T15:02:18.887806+00:00,,2026-09-25T15:02:18.888806+00:00,,2026-09-25T15:02:18.889806+00:00,,2026-09-25T15:02:18.912807+00:00,,2026-09-25T15:02:18.902807+00:00,,2026-09-25T15:02:18.892806+00:00,,2026-09-25T15:02:18.893806+00:00,,2026-09-25T15:02:18.894806+00:00,,2026-09-25T15:02:18.895806+00:00,,2026-09-25T15:02:18.896806+00:00,,2026-09-25T15:02:18.897807+00:00,,2026-09-25T15:02:18.898807+00:00,,2026-09-25T15:02:18.899807+00:00,,2026-09-25T15:02:18.900807+00:00,,2026-09-25T15:02:18.890806+00:00,,2026-09-25T15:02:18.891806+00:00,,2026-09-25T15:02:18.903807+00:00,,2026-09-25T15:02:18.904807+00:00,,2026-09-25T15:02:18.905807+00:00,,2026-09-25T15:02:18.906807+00:00,,2026-09-25T15:02:18.918808+00:00,,2026-09-25T15:02:18.908807+00:00,,2026-09-25T15:02:18.909807+00:00,,2026-09-25T15:02:18.910807+00:00,,2026-09-25T15:02:18.911807+00:00,,2026-09-25T15:02:18.913807+00:00,,2026-09-25T15:02:18.914807+00:00,,2026-09-25T15:02:18.926808+00:00,,2026-09-25T15:02:18.916808+00:00,,2026-09-25T15:02:18.917808+00:00,,2026-09-25T15:02:18.907807+00:00,,2026-09-25T15:02:18.930808+00:00,,2026-09-25T15:02:18.920808+00:00,,2026-09-25T15:02:18.921808+00:00,,2026-09-25T15:02:18.922808+00:00,,2026-09-25T15:02:18.923808+00:00,,2026-09-25T15:02:18.924808+00:00,,2026-09-25T15:02:18.925808+00:00,,2026-09-25T15:02:18.915808+00:00,,2026-09-25T15:02:18.927808+00:00,,2026-09-25T15:02:18.939809+00:00,,2026-09-25T15:02:18.929808+00:00,,2026-09-25T15:02:18.919808+00:00,,2026-09-25T15:02:18.942809+00:00,,2026-09-25T15:02:18.932809+00:00,,2026-09-25T15:02:18.933809+00:00,,2026-09-25T15:02:18.934809+00:00,,2026-09-25T15:02:18.935809+00:00,,2026-09-25T15:02:18.936809+00:00,,2026-09-25T15:02:18.937809+00:00,,2026-09-25T15:02:18.938809+00:00,,2026-09-25T15:02:18.928808+00:00,,2026-09-25T15:02:18.940809+00:00,,2026-09-25T15:02:18.941809+00:00,,2026-09-25T15:02:18.931808+00:00,,2026-09-25T15:02:18.943809+00:00,,2026-09-25T15:02:18.944809+00:00,,2026-09-25T15:02:18.945809+00:00,,2026-09-25T15:02:18.946809+00:00,
301,2026-09-25T13:33:14.330347+00:00,2026-09-25T15:02:19.312830+00:00,97.005,2026-09-25T15:02:19.215825+00:00,,2026-09-25T15:02:19.229826+00:00,,2026-09-25T15:02:19.230826+00:00,,2026-09-25T15:02:19.231826+00:00,,2026-09-25T15:02:19.232826+00:00,,2026-09-25T15:02:19.244826+00:00,,2026-09-25T15:02:19.234826+00:00,,2026-09-25T15:02:19.235826+00:00,,2026-09-25T15:02:19.236826+00:00,,2026-09-25T15:02:19.237826+00:00,,2026-09-25T15:02:19.238826+00:00,,2026-09-25T15:02:19.239826+00:00,,2026-09-25T15:02:19.251827+00:00,,2026-09-25T15:02:19.241826+00:00,,2026-09-25T15:02:19.242826+00:00,,2026-09-25T15:02:19.243826+00:00,,2026-09-25T15:02:19.233826+00:00,,2026-09-25T15:02:19.245826+00:00,,2026-09-25T15:02:19.246826+00:00,,2026-09-25T15:02:19.247827+00:00,,2026-09-25T15:02:19.248827+00:00,,2026-09-25T15:02:19.249827+00:00,,2026-09-25T15:02:19.250827+00:00,,2026-09-25T15:02:19.240826+00:00,,2026-09-25T15:02:19.252827+00:00,,2026-09-25T15:02:19.253827+00:00,,2026-09-25T15:02:19.254827+00:00,,2026-09-25T15:02:19.255827+00:00,,2026-09-25T15:02:19.268828+00:00,,2026-09-25T15:02:19.269828+00:00,,2026-09-25T15:02:19.258827+00:00,,2026-09-25T15:02:19.282829+00:00,,2026-09-25T15:02:19.272828+00:00,,2026-09-25T15:02:19.262827+00:00,,2026-09-25T15:02:19.263827+00:00,,2026-09-25T15:02:19.264828+00:00,,2026-09-25T15:02:19.265828+00:00,,2026-09-25T15:02:19.266828+00:00,,2026-09-25T15:02:19.267828+00:00,,2026-09-25T15:02:19.256827+00:00,,2026-09-25T15:02:19.257827+00:00,,2026-09-25T15:02:19.270828+00:00,,2026-09-25T15:02:19.259827+00:00,,2026-09-25T15:02:19.260827+00:00,,2026-09-25T15:02:19.273828+00:00,,2026-09-25T15:02:19.274828+00:00,,2026-09-25T15:02:19.275828+00:00,,2026-09-25T15:02:19.276828+00:00,,2026-09-25T15:02:19.277828+00:00,,2026-09-25T15:02:19.278828+00:00,,2026-09-25T15:02:19.279828+00:00,,2026-09-25T15:02:19.280828+00:00,,2026-09-25T15:02:19.281828+00:00,,2026-09-25T15:02:19.271828+00:00,,2026-09-25T15:02:19.283829+00:00,,2026-09-25T15:02:19.284829+00:00,,2026-09-25T15:02:19.285829+00:00,,2026-09-25T15:02:19.286829+00:00,,2026-09-25T15:02:19.287829+00:00,,2026-09-25T15:02:19.288829+00:00,,2026-09-25T15:02:19.289829+00:00,,2026-09-25T15:02:19.290829+00:00,,2026-09-25T15:02:19.302830+00:00,,2026-09-25T15:02:19.303830+00:00,,2026-09-25T15:02:19.293829+00:00,,2026-09-25T15:02:19.294829+00:00,,2026-09-25T15:02:19.295829+00:00,,2026-09-25T15:02:19.296829+00:00,,2026-09-25T15:02:19.297829+00:00,,2026-09-25T15:02:19.298829+00:00,,2026-09-25T15:02:19.310830+00:00,,2026-09-25T15:02:19.311830+00:00,,2026-09-25T15:02:19.301830+00:00,,2026-09-25T15:02:19.291829+00:00,,2026-09-25T15:02:19.292829+00:00,,2026-09-25T15:02:19.304830+00:00,,2026-09-25T15:02:19.305830+00:00,,2026-09-25T15:02:19.306830+00:00,,2026-09-25T15:02:19.307830+00:00,,2026-09-25T15:02:19.308830+00:00,,2026-09-25T15:02:19.309830+00:00,,2026-09-25T15:02:19.299830+00:00,,2026-09-25T15:02:19.312830+00:00,
302,2026-09-25T13:33:14.841746+00:00,2026-09-25T15:02:19.728854+00:00,100.006,2026-09-25T15:02:19.628848+00:00,,2026-09-25T15:02:19.645849+00:00,,2026-09-25T15:02:19.646849+00:00,,2026-09-25T15:02:19.647849+00:00,,2026-09-25T15:02:19.648849+00:00,,2026-09-25T15:02:19.649850+00:00,,2026-09-25T15:02:19.650850+00:00,,2026-09-25T15:02:19.651850+00:00,,2026-09-25T15:02:19.652850+00:00,,2026-09-25T15:02:19.653850+00:00,,2026-09-25T15:02:19.654850+00:00,,2026-09-25T15:02:19.655850+00:00,,2026-09-25T15:02:19.656850+00:00,,2026-09-25T15:02:19.657850+00:00,,2026-09-25T15:02:19.658850+00:00,,2026-09-25T15:02:19.659850+00:00,,2026-09-25T15:02:19.660850+00:00,,2026-09-25T15:02:19.662850+00:00,,2026-09-25T15:02:19.663850+00:00,,2026-09-25T15:02:19.664850+00:00,,2026-09-25T15:02:19.665850+00:00,,2026-09-25T15:02:19.666851+00:00,,2026-09-25T15:02:19.667851+00:00,,2026-09-25T15:02:19.668851+00:00,,2026-09-25T15:02:19.669851+00:00,,2026-09-25T15:02:19.670851+00:00,,2026-09-25T15:02:19.671851+00:00,,2026-09-25T15:02:19.672851+00:00,,2026-09-25T15:02:19.673851+00:00,,2026-09-25T15:02:19.674851+00:00,,2026-09-25T15:02:19.675851+00:00,,2026-09-25T15:02:19.676851+00:00,,2026-09-25T15:02:19.677851+00:00,,2026-09-25T15:02:19.678851+00:00,,2026-09-25T15:02:19.679851+00:00,,2026-09-25T15:02:19.680851+00:00,,2026-09-25T15:02:19.681851+00:00,,2026-09-25T15:02:19.682851+00:00,,2026-09-25T15:02:19.683851+00:00,,2026-09-25T15:02:19.684852+00:00,,2026-09-25T15:02:19.685852+00:00,,2026-09-25T15:02:19.686852+00:00,,2026-09-25T15:02:19.687852+00:00,,2026-09-25T15:02:19.688852+00:00,,2026-09-25T15:02:19.724854+00:00,,2026-09-25T15:02:19.690852+00:00,,2026-09-25T15:02:19.691852+00:00,,2026-09-25T15:02:19.692852+00:00,,2026-09-25T15:02:19.693852+00:00,,2026-09-25T15:02:19.694852+00:00,,2026-09-25T15:02:19.695852+00:00,,2026-09-25T15:02:19.696852+00:00,,2026-09-25T15:02:19.697852+00:00,,2026-09-25T15:02:19.698852+00:00,,2026-09-25T15:02:19.722854+00:00,,2026-09-25T15:02:19.689852+00:00,,2026-09-25T15:02:19.725854+00:00,,2026-09-25T15:02:19.702853+00:00,,2026-09-25T15:02:19.703853+00:00,,2026-09-25T15:02:19.704853+00:00,,2026-09-25T15:02:19.705853+00:00,,2026-09-25T15:02:19.706853+00:00,,2026-09-25T15:02:19.707853+00:00,,2026-09-25T15:02:19.720854+00:00,,2026-09-25T15:02:19.721854+00:00,,2026-09-25T15:02:19.699852+00:00,,2026-09-25T15:02:19.700852+00:00,,2026-09-25T15:02:19.701853+00:00,,2026-09-25T15:02:19.726854+00:00,,2026-09-25T15:02:19.727854+00:00,,2026-09-25T15:02:19.728854+00:00,,2026-09-25T15:02:19.717853+00:00,,2026-09-25T15:02:19.718853+00:00,,2026-09-25T15:02:19.719854+00:00,,2026-09-25T15:02:19.708853+00:00,,2026-09-25T15:02:19.709853+00:00,,2026-09-25T15:02:19.710853+00:00,,2026-09-25T15:02:19.711853+00:00,,2026-09-25T15:02:19.712853+00:00,,2026-09-25T15:02:19.713853+00:00,,2026-09-25T15:02:19.714853+00:00,,2026-09-25T15:02:19.715853+00:00,,2026-09-25T15:02:19.716853+00:00,
303,2026-09-25T13:33:15.213831+00:00,2026-09-25T15:02:20.186880+00:00,106.006,2026-09-25T15:02:20.080874+00:00,,2026-09-25T15:02:20.104876+00:00,,2026-09-25T15:02:20.105876+00:00,,2026-09-25T15:02:20.106876+00:00,,2026-09-25T15:02:20.118876+00:00,,2026-09-25T15:02:20.119876+00:00,,2026-09-25T15:02:20.109876+00:00,,2026-09-25T15:02:20.110876+00:00,,2026-09-25T15:02:20.111876+00:00,,2026-09-25T15:02:20.112876+00:00,,2026-09-25T15:02:20.113876+00:00,,2026-09-25T15:02:20.114876+00:00,,2026-09-25T15:02:20.115876+00:00,,2026-09-25T15:02:20.116876+00:00,,2026-09-25T15:02:20.128877+00:00,,2026-09-25T15:02:20.107876+00:00,,2026-09-25T15:02:20.108876+00:00,,2026-09-25T15:02:20.120876+00:00,,2026-09-25T15:02:20.121877+00:00,,2026-09-25T15:02:20.122877+00:00,,2026-09-25T15:02:20.123877+00:00,,2026-09-25T15:02:20.124877+00:00,,2026-09-25T15:02:20.125877+00:00,,2026-09-25T15:02:20.126877+00:00,,2026-09-25T15:02:20.127877+00:00,,2026-09-25T15:02:20.117876+00:00,,2026-09-25T15:02:20.140878+00:00,,2026-09-25T15:02:20.130877+00:00,,2026-09-25T15:02:20.131877+00:00,,2026-09-25T15:02:20.132877+00:00,,2026-09-25T15:02:20.133877+00:00,,2026-09-25T15:02:20.134877+00:00,,2026-09-25T15:02:20.135877+00:00,,2026-09-25T15:02:20.136877+00:00,,2026-09-25T15:02:20.137877+00:00,,2026-09-25T15:02:20.138878+00:00,,2026-09-25T15:02:20.139878+00:00,,2026-09-25T15:02:20.129877+00:00,,2026-09-25T15:02:20.141878+00:00,,2026-09-25T15:02:20.142878+00:00,,2026-09-25T15:02:20.143878+00:00,,2026-09-25T15:02:20.144878+00:00,,2026-09-25T15:02:20.156879+00:00,,2026-09-25T15:02:20.146878+00:00,,2026-09-25T15:02:20.147878+00:00,,2026-09-25T15:02:20.148878+00:00,,2026-09-25T15:02:20.149878+00:00,,2026-09-25T15:02:20.162879+00:00,,2026-09-25T15:02:20.151878+00:00,,2026-09-25T15:02:20.152878+00:00,,2026-09-25T15:02:20.153878+00:00,,2026-09-25T15:02:20.154878+00:00,,2026-09-25T15:02:20.155878+00:00,,2026-09-25T15:02:20.145878+00:00,,2026-09-25T15:02:20.157879+00:00,,2026-09-25T15:02:20.158879+00:00,,2026-09-25T15:02:20.159879+00:00,,2026-09-25T15:02:20.160879+00:00,,2026-09-25T15:02:20.161879+00:00,,2026-09-25T15:02:20.163879+00:00,,2026-09-25T15:02:20.175880+00:00,,2026-09-25T15:02:20.165879+00:00,,2026-09-25T15:02:20.177880+00:00,,2026-09-25T15:02:20.167879+00:00,,2026-09-25T15:02:20.168879+00:00,,2026-09-25T15:02:20.169879+00:00,,2026-09-25T15:02:20.170879+00:00,,2026-09-25T15:02:20.182880+00:00,,2026-09-25T15:02:20.172879+00:00,,2026-09-25T15:02:20.173880+00:00,,2026-09-25T15:02:20.174880+00:00,,2026-09-25T15:02:20.164879+00:00,,2026-09-25T15:02:20.176880+00:00,,2026-09-25T15:02:20.166879+00:00,,2026-09-25T15:02:20.178880+00:00,,2026-09-25T15:02:20.179880+00:00,,2026-09-25T15:02:20.180880+00:00,,2026-09-25T15:02:20.181880+00:00,,2026-09-25T15:02:20.171879+00:00,,2026-09-25T15:02:20.183880+00:00,,2026-09-25T15:02:20.184880+00:00,,2026-09-25T15:02:20.185880+00:00,,2026-09-25T15:02:20.186880+00:00,
304,2026-09-25T13:33:15.596929+00:00,2026-09-25T15:02:20.557901+00:00,100.005,2026-09-25T15:02:20.457896+00:00,,2026-09-25T15:02:20.473897+00:00,,2026-09-25T15:02:20.486897+00:00,,2026-09-25T15:02:20.476897+00:00,,2026-09-25T15:02:20.477897+00:00,,2026-09-25T15:02:20.478897+00:00,,2026-09-25T15:02:20.479897+00:00,,2026-09-25T15:02:20.480897+00:00,,2026-09-25T15:02:20.481897+00:00,,2026-09-25T15:02:20.482897+00:00,,2026-09-25T15:02:20.483897+00:00,,2026-09-25T15:02:20.484897+00:00,,2026-09-25T15:02:20.475897+00:00,,2026-09-25T15:02:20.485897+00:00,,2026-09-25T15:02:20.487897+00:00,,2026-09-25T15:02:20.488898+00:00,,2026-09-25T15:02:20.489898+00:00,,2026-09-25T15:02:20.490898+00:00,,2026-09-25T15:02:20.491898+00:00,,2026-09-25T15:02:20.492898+00:00,,2026-09-25T15:02:20.493898+00:00,,2026-09-25T15:02:20.494898+00:00,,2026-09-25T15:02:20.495898+00:00,,2026-09-25T15:02:20.496898+00:00,,2026-09-25T15:02:20.497898+00:00,,2026-09-25T15:02:20.498898+00:00,,2026-09-25T15:02:20.499898+00:00,,2026-09-25T15:02:20.511899+00:00,,2026-09-25T15:02:20.501898+00:00,,2026-09-25T15:02:20.502898+00:00,,2026-09-25T15:02:20.503898+00:00,,2026-09-25T15:02:20.504898+00:00,,2026-09-25T15:02:20.505898+00:00,,2026-09-25T15:02:20.506899+00:00,,2026-09-25T15:02:20.507899+00:00,,2026-09-25T15:02:20.508899+00:00,,2026-09-25T15:02:20.509899+00:00,,2026-09-25T15:02:20.510899+00:00,,2026-09-25T15:02:20.523900+00:00,,2026-09-25T15:02:20.513899+00:00,,2026-09-25T15:02:20.514899+00:00,,2026-09-25T15:02:20.515899+00:00,,2026-09-25T15:02:20.516899+00:00,,2026-09-25T15:02:20.517899+00:00,,2026-09-25T15:02:20.518899+00:00,,2026-09-25T15:02:20.519899+00:00,,2026-09-25T15:02:20.520899+00:00,,2026-09-25T15:02:20.532900+00:00,,2026-09-25T15:02:20.522899+00:00,,2026-09-25T15:02:20.512899+00:00,,2026-09-25T15:02:20.524900+00:00,,2026-09-25T15:02:20.525900+00:00,,2026-09-25T15:02:20.526900+00:00,,2026-09-25T15:02:20.527900+00:00,,2026-09-25T15:02:20.528900+00:00,,2026-09-25T15:02:20.529900+00:00,,2026-09-25T15:02:20.530900+00:00,,2026-09-25T15:02:20.531900+00:00,,2026-09-25T15:02:20.521899+00:00,,2026-09-25T15:02:20.533900+00:00,,2026-09-25T15:02:20.534900+00:00,,2026-09-25T15:02:20.546901+00:00,,2026-09-25T15:02:20.536900+00:00,,2026-09-25T15:02:20.537900+00:00,,2026-09-25T15:02:20.538900+00:00,,2026-09-25T15:02:20.539900+00:00,,2026-09-25T15:02:20.540900+00:00,,2026-09-25T15:02:20.541901+00:00,,2026-09-25T15:02:20.542901+00:00,,2026-09-25T15:02:20.543901+00:00,,2026-09-25T15:02:20.544901+00:00,,2026-09-25T15:02:20.545901+00:00,,2026-09-25T15:02:20.535900+00:00,,2026-09-25T15:02:20.547901+00:00,,2026-09-25T15:02:20.548901+00:00,,2026-09-25T15:02:20.549901+00:00,,2026-09-25T15:02:20.557901+00:00,,2026-09-25T15:02:20.551901+00:00,,2026-09-25T15:02:20.552901+00:00,,2026-09-25T15:02:20.553901+00:00,,2026-09-25T15:02:20.554901+00:00,,2026-09-25T15:02:20.555901+00:00,,2026-09-25T15:02:20.556901+00:00,
305,2026-09-25T13:33:15.996488+00:00,2026-09-25T15:02:20.955924+00:00,95.00500000000001,2026-09-25T15:02:20.871919+00:00,,2026-09-25T15:02:20.872919+00:00,,2026-09-25T15:02:20.860919+00:00,,2026-09-25T15:02:20.874920+00:00,,2026-09-25T15:02:20.875920+00:00,,2026-09-25T15:02:20.876920+00:00,,2026-09-25T15:02:20.877920+00:00,,2026-09-25T15:02:20.889920+00:00,,2026-09-25T15:02:20.879920+00:00,,2026-09-25T15:02:20.880920+00:00,,2026-09-25T15:02:20.881920+00:00,,2026-09-25T15:02:20.882920+00:00,,2026-09-25T15:02:20.883920+00:00,,2026-09-25T15:02:20.884920+00:00,,2026-09-25T15:02:20.885920+00:00,,2026-09-25T15:02:20.886920+00:00,,2026-09-25T15:02:20.887920+00:00,,2026-09-25T15:02:20.888920+00:00,,2026-09-25T15:02:20.878920+00:00,,2026-09-25T15:02:20.890921+00:00,,2026-09-25T15:02:20.891921+00:00,,2026-09-25T15:02:20.892921+00:00,,2026-09-25T15:02:20.893921+00:00,,2026-09-25T15:02:20.894921+00:00,,2026-09-25T15:02:20.895921+00:00,,2026-09-25T15:02:20.896921+00:00,,2026-09-25T15:02:20.897921+00:00,,2026-09-25T15:02:20.898921+00:00,,2026-09-25T15:02:20.911922+00:00,,2026-09-25T15:02:20.900921+00:00,,2026-09-25T15:02:20.901921+00:00,,2026-09-25T15:02:20.902921+00:00,,2026-09-25T15:02:20.903921+00:00,,2026-09-25T15:02:20.904921+00:00,,2026-09-25T15:02:20.905921+00:00,,2026-09-25T15:02:20.906921+00:00,,2026-09-25T15:02:20.907921+00:00,,2026-09-25T15:02:20.908922+00:00,,2026-09-25T15:02:20.909922+00:00,,2026-09-25T15:02:20.910922+00:00,,2026-09-25T15:02:20.912922+00:00,,2026-09-25T15:02:20.913922+00:00,,2026-09-25T15:02:20.914922+00:00,,2026-09-25T15:02:20.915922+00:00,,2026-09-25T15:02:20.916922+00:00,,2026-09-25T15:02:20.917922+00:00,,2026-09-25T15:02:20.918922+00:00,,2026-09-25T15:02:20.919922+00:00,,2026-09-25T15:02:20.920922+00:00,,2026-09-25T15:02:20.921922+00:00,,2026-09-25T15:02:20.922922+00:00,,2026-09-25T15:02:20.923922+00:00,,2026-09-25T15:02:20.924922+00:00,,2026-09-25T15:02:20.925923+00:00,,2026-09-25T15:02:20.926923+00:00,,2026-09-25T15:02:20.927923+00:00,,2026-09-25T15:02:20.928923+00:00,,2026-09-25T15:02:20.929923+00:00,,2026-09-25T15:02:20.930923+00:00,,2026-09-25T15:02:20.931923+00:00,,2026-09-25T15:02:20.932923+00:00,,2026-09-25T15:02:20.933923+00:00,,2026-09-25T15:02:20.934923+00:00,,2026-09-25T15:02:20.935923+00:00,,2026-09-25T15:02:20.936923+00:00,,2026-09-25T15:02:20.937923+00:00,,2026-09-25T15:02:20.938923+00:00,,2026-09-25T15:02:20.939923+00:00,,2026-09-25T15:02:20.940923+00:00,,2026-09-25T15:02:20.941923+00:00,,2026-09-25T15:02:20.942923+00:00,,2026-09-25T15:02:20.943924+00:00,,2026-09-25T15:02:20.944924+00:00,,2026-09-25T15:02:20.945924+00:00,,2026-09-25T15:02:20.946924+00:00,,2026-09-25T15:02:20.947924+00:00,,2026-09-25T15:02:20.948924+00:00,,2026-09-25T15:02:20.955924+00:00,,2026-09-25T15:02:20.950924+00:00,,2026-09-25T15:02:20.951924+00:00,,2026-09-25T15:02:20.952924+00:00,,2026-09-25T15:02:20.953924+00:00,,2026-09-25T15:02:20.954924+00:00,
306,2026-09-25T13:33:16.381072+00:00,2026-09-25T15:02:21.357947+00:00,86.005,2026-09-25T15:02:21.272942+00:00,,2026-09-25T15:02:21.273942+00:00,,2026-09-25T15:02:21.275943+00:00,,2026-09-25T15:02:21.276943+00:00,,2026-09-25T15:02:21.277943+00:00,,2026-09-25T15:02:21.278943+00:00,,2026-09-25T15:02:21.279943+00:00,,2026-09-25T15:02:21.280943+00:00,,2026-09-25T15:02:21.271942+00:00,,2026-09-25T15:02:21.282943+00:00,,2026-09-25T15:02:21.283943+00:00,,2026-09-25T15:02:21.295944+00:00,,2026-09-25T15:02:21.285943+00:00,,2026-09-25T15:02:21.286943+00:00,,2026-09-25T15:02:21.287943+00:00,,2026-09-25T15:02:21.288943+00:00,,2026-09-25T15:02:21.289943+00:00,,2026-09-25T15:02:21.290943+00:00,,2026-09-25T15:02:21.291943+00:00,,2026-09-25T15:02:21.292944+00:00,,2026-09-25T15:02:21.293944+00:00,,2026-09-25T15:02:21.294944+00:00,,2026-09-25T15:02:21.284943+00:00,,2026-09-25T15:02:21.296944+00:00,,2026-09-25T15:02:21.297944+00:00,,2026-09-25T15:02:21.309944+00:00,,2026-09-25T15:02:21.310945+00:00,,2026-09-25T15:02:21.300944+00:00,,2026-09-25T15:02:21.301944+00:00,,2026-09-25T15:02:21.302944+00:00,,2026-09-25T15:02:21.303944+00:00,,2026-09-25T15:02:21.304944+00:00,,2026-09-25T15:02:21.305944+00:00,,2026-09-25T15:02:21.306944+00:00,,2026-09-25T15:02:21.307944+00:00,,2026-09-25T15:02:21.308944+00:00,,2026-09-25T15:02:21.298944+00:00,,2026-09-25T15:02:21.311945+00:00,,2026-09-25T15:02:21.312945+00:00,,2026-09-25T15:02:21.313945+00:00,,2026-09-25T15:02:21.314945+00:00,,2026-09-25T15:02:21.315945+00:00,,2026-09-25T15:02:21.316945+00:00,,2026-09-25T15:02:21.317945+00:00,,2026-09-25T15:02:21.318945+00:00,,2026-09-25T15:02:21.319945+00:00,,2026-09-25T15:02:21.320945+00:00,,2026-09-25T15:02:21.321945+00:00,,2026-09-25T15:02:21.322945+00:00,,2026-09-25T15:02:21.323945+00:00,,2026-09-25T15:02:21.324945+00:00,,2026-09-25T15:02:21.325945+00:00,,2026-09-25T15:02:21.326945+00:00,,2026-09-25T15:02:21.327946+00:00,,2026-09-25T15:02:21.328946+00:00,,2026-09-25T15:02:21.329946+00:00,,2026-09-25T15:02:21.341946+00:00,,2026-09-25T15:02:21.342946+00:00,,2026-09-25T15:02:21.332946+00:00,,2026-09-25T15:02:21.344946+00:00,,2026-09-25T15:02:21.334946+00:00,,2026-09-25T15:02:21.335946+00:00,,2026-09-25T15:02:21.336946+00:00,,2026-09-25T15:02:21.337946+00:00,,2026-09-25T15:02:21.338946+00:00,,2026-09-25T15:02:21.339946+00:00,,2026-09-25T15:02:21.340946+00:00,,2026-09-25T15:02:21.330946+00:00,,2026-09-25T15:02:21.331946+00:00,,2026-09-25T15:02:21.343946+00:00,,2026-09-25T15:02:21.333946+00:00,,2026-09-25T15:02:21.345947+00:00,,2026-09-25T15:02:21.346947+00:00,,2026-09-25T15:02:21.347947+00:00,,2026-09-25T15:02:21.348947+00:00,,2026-09-25T15:02:21.357947+00:00,,2026-09-25T15:02:21.350947+00:00,,2026-09-25T15:02:21.351947+00:00,,2026-09-25T15:02:21.352947+00:00,,2026-09-25T15:02:21.353947+00:00,,2026-09-25T15:02:21.354947+00:00,,2026-09-25T15:02:21.355947+00:00,,2026-09-25T15:02:21.356947+00:00,
307,2026-09-25T13:33:16.763612+00:00,2026-09-25T15:02:21.737969+00:00,100.006,2026-09-25T15:02:21.647964+00:00,,2026-09-25T15:02:21.637963+00:00,,2026-09-25T15:02:21.649964+00:00,,2026-09-25T15:02:21.650964+00:00,,2026-09-25T15:02:21.651964+00:00,,2026-09-25T15:02:21.652964+00:00,,2026-09-25T15:02:21.642964+00:00,,2026-09-25T15:02:21.654964+00:00,,2026-09-25T15:02:21.655964+00:00,,2026-09-25T15:02:21.656964+00:00,,2026-09-25T15:02:21.657964+00:00,,2026-09-25T15:02:21.658964+00:00,,2026-09-25T15:02:21.659965+00:00,,2026-09-25T15:02:21.661965+00:00,,2026-09-25T15:02:21.662965+00:00,,2026-09-25T15:02:21.663965+00:00,,2026-09-25T15:02:21.664965+00:00,,2026-09-25T15:02:21.665965+00:00,,2026-09-25T15:02:21.666965+00:00,,2026-09-25T15:02:21.667965+00:00,,2026-09-25T15:02:21.668965+00:00,,2026-09-25T15:02:21.669965+00:00,,2026-09-25T15:02:21.670965+00:00,,2026-09-25T15:02:21.671965+00:00,,2026-09-25T15:02:21.672965+00:00,,2026-09-25T15:02:21.673965+00:00,,2026-09-25T15:02:21.708967+00:00,,2026-09-25T15:02:21.675965+00:00,,2026-09-25T15:02:21.676965+00:00,,2026-09-25T15:02:21.677966+00:00,,2026-09-25T15:02:21.678966+00:00,,2026-09-25T15:02:21.679966+00:00,,2026-09-25T15:02:21.729969+00:00,,2026-09-25T15:02:21.681966+00:00,,2026-09-25T15:02:21.694967+00:00,,2026-09-25T15:02:21.706967+00:00,,2026-09-25T15:02:21.733969+00:00,,2026-09-25T15:02:21.674965+00:00,,2026-09-25T15:02:21.709967+00:00,,2026-09-25T15:02:21.711967+00:00,,2026-09-25T15:02:21.689966+00:00,,2026-09-25T15:02:21.690966+00:00,,2026-09-25T15:02:21.702967+00:00,,2026-09-25T15:02:21.680966+00:00,,2026-09-25T15:02:21.704967+00:00,,2026-09-25T15:02:21.682966+00:00,,2026-09-25T15:02:21.683966+00:00,,2026-09-25T15:02:21.684966+00:00,,2026-09-25T15:02:21.685966+00:00,,2026-09-25T15:02:21.687966+00:00,,2026-09-25T15:02:21.688966+00:00,,2026-09-25T15:02:21.712968+00:00,,2026-09-25T15:02:21.701967+00:00,,2026-09-25T15:02:21.691966+00:00,,2026-09-25T15:02:21.692966+00:00,,2026-09-25T15:02:21.693966+00:00,,2026-09-25T15:02:21.705967+00:00,,2026-09-25T15:02:21.695967+00:00,,2026-09-25T15:02:21.696967+00:00,,2026-09-25T15:02:21.697967+00:00,,2026-09-25T15:02:21.698967+00:00,,2026-09-25T15:02:21.699967+00:00,,2026-09-25T15:02:21.700967+00:00,,2026-09-25T15:02:21.727968+00:00,,2026-09-25T15:02:21.728968+00:00,,2026-09-25T15:02:21.703967+00:00,,2026-09-25T15:02:21.730969+00:00,,2026-09-25T15:02:21.731969+00:00,,2026-09-25T15:02:21.732969+00:00,,2026-09-25T15:02:21.707967+00:00,,2026-09-25T15:02:21.723968+00:00,,2026-09-25T15:02:21.737969+00:00,,2026-09-25T15:02:21.725968+00:00,,2026-09-25T15:02:21.726968+00:00,,2026-09-25T15:02:21.713968+00:00,,2026-09-25T15:02:21.714968+00:00,,2026-09-25T15:02:21.715968+00:00,,2026-09-25T15:02:21.716968+00:00,,2026-09-25T15:02:21.717968+00:00,,2026-09-25T15:02:21.718968+00:00,,2026-09-25T15:02:21.721968+00:00,,2026-09-25T15:02:21.734969+00:00,,2026-09-25T15:02:21.724968+00:00,
308,2026-09-25T13:33:17.131588+00:00,2026-09-25T15:02:22.113990+00:00,106.006,2026-09-25T15:02:22.007984+00:00,,2026-09-25T15:02:22.020985+00:00,,2026-09-25T15:02:22.031986+00:00,,2026-09-25T15:02:22.066988+00:00,,2026-09-25T15:02:22.112990+00:00,,2026-09-25T15:02:22.113990+00:00,,2026-09-25T15:02:22.025985+00:00,,2026-09-25T15:02:22.021985+00:00,,2026-09-25T15:02:22.026985+00:00,,2026-09-25T15:02:22.104990+00:00,,2026-09-25T15:02:22.048987+00:00,,2026-09-25T15:02:22.062988+00:00,,2026-09-25T15:02:22.063988+00:00,,2026-09-25T15:02:22.065988+00:00,,2026-09-25T15:02:22.022985+00:00,,2026-09-25T15:02:22.023985+00:00,,2026-09-25T15:02:22.024985+00:00,,2026-09-25T15:02:22.102990+00:00,,2026-09-25T15:02:22.103990+00:00,,2026-09-25T15:02:22.027986+00:00,,2026-09-25T15:02:22.028986+00:00,,2026-09-25T15:02:22.029986+00:00,,2026-09-25T15:02:22.030986+00:00,,2026-09-25T15:02:22.064988+00:00,,2026-09-25T15:02:22.032986+00:00,,2026-09-25T15:02:22.034986+00:00,,2026-09-25T15:02:22.036986+00:00,,2026-09-25T15:02:22.037986+00:00,,2026-09-25T15:02:22.038986+00:00,,2026-09-25T15:02:22.040986+00:00,,2026-09-25T15:02:22.046987+00:00,,2026-09-25T15:02:22.060987+00:00,,2026-09-25T15:02:22.049987+00:00,,2026-09-25T15:02:22.050987+00:00,,2026-09-25T15:02:22.051987+00:00,,2026-09-25T15:02:22.052987+00:00,,2026-09-25T15:02:22.053987+00:00,,2026-09-25T15:02:22.054987+00:00,,2026-09-25T15:02:22.055987+00:00,,2026-09-25T15:02:22.056987+00:00,,2026-09-25T15:02:22.057987+00:00,,2026-09-25T15:02:22.059987+00:00,,2026-09-25T15:02:22.105990+00:00,,2026-09-25T15:02:22.106990+00:00,,2026-09-25T15:02:22.107990+00:00,,2026-09-25T15:02:22.108990+00:00,,2026-09-25T15:02:22.110990+00:00,,2026-09-25T15:02:22.111990+00:00,,2026-09-25T15:02:22.067988+00:00,,2026-09-25T15:02:22.068988+00:00,,2026-09-25T15:02:22.069988+00:00,,2026-09-25T15:02:22.070988+00:00,,2026-09-25T15:02:22.071988+00:00,,2026-09-25T15:02:22.072988+00:00,,2026-09-25T15:02:22.073988+00:00,,2026-09-25T15:02:22.074988+00:00,,2026-09-25T15:02:22.075988+00:00,,2026-09-25T15:02:22.076988+00:00,,2026-09-25T15:02:22.077988+00:00,,2026-09-25T15:02:22.078988+00:00,,2026-09-25T15:02:22.079989+00:00,,2026-09-25T15:02:22.080989+00:00,,2026-09-25T15:02:22.081989+00:00,,2026-09-25T15:02:22.082989+00:00,,2026-09-25T15:02:22.083989+00:00,,2026-09-25T15:02:22.084989+00:00,,2026-09-25T15:02:22.085989+00:00,,2026-09-25T15:02:22.086989+00:00,,2026-09-25T15:02:22.087989+00:00,,2026-09-25T15:02:22.088989+00:00,,2026-09-25T15:02:22.089989+00:00,,2026-09-25T15:02:22.090989+00:00,,2026-09-25T15:02:22.091989+00:00,,2026-09-25T15:02:22.092989+00:00,,2026-09-25T15:02:22.093989+00:00,,2026-09-25T15:02:22.094989+00:00,,2026-09-25T15:02:22.095989+00:00,,2026-09-25T15:02:22.096990+00:00,,2026-09-25T15:02:22.097990+00:00,,2026-09-25T15:02:22.098990+00:00,,2026-09-25T15:02:22.099990+00:00,,2026-09-25T15:02:22.100990+00:00,,2026-09-25T15:02:22.101990+00:00,
309,2026-09-25T13:33:17.572854+00:00,2026-09-25T15:02:22.558016+00:00,175.01,2026-09-25T15:02:22.383006+00:00,,2026-09-25T15:02:22.464010+00:00,,2026-09-25T15:02:22.465011+00:00,,2026-09-25T15:02:22.466011+00:00,,2026-09-25T15:02:22.467011+00:00,,2026-09-25T15:02:22.468011+00:00,,2026-09-25T15:02:22.469011+00:00,,2026-09-25T15:02:22.481011+00:00,,2026-09-25T15:02:22.471011+00:00,,2026-09-25T15:02:22.472011+00:00,,2026-09-25T15:02:22.539015+00:00,,2026-09-25T15:02:22.485012+00:00,,2026-09-25T15:02:22.475011+00:00,,2026-09-25T15:02:22.476011+00:00,,2026-09-25T15:02:22.477011+00:00,,2026-09-25T15:02:22.500013+00:00,,2026-09-25T15:02:22.490012+00:00,,2026-09-25T15:02:22.480011+00:00,,2026-09-25T15:02:22.514013+00:00,,2026-09-25T15:02:22.493012+00:00,,2026-09-25T15:02:22.483012+00:00,,2026-09-25T15:02:22.484012+00:00,,2026-09-25T15:02:22.529014+00:00,,2026-09-25T15:02:22.486012+00:00,,2026-09-25T15:02:22.487012+00:00,,2026-09-25T15:02:22.488012+00:00,,2026-09-25T15:02:22.489012+00:00,,2026-09-25T15:02:22.545015+00:00,,2026-09-25T15:02:22.491012+00:00,,2026-09-25T15:02:22.492012+00:00,,2026-09-25T15:02:22.526014+00:00,,2026-09-25T15:02:22.494012+00:00,,2026-09-25T15:02:22.495012+00:00,,2026-09-25T15:02:22.496012+00:00,,2026-09-25T15:02:22.508013+00:00,,2026-09-25T15:02:22.509013+00:00,,2026-09-25T15:02:22.544015+00:00,,2026-09-25T15:02:22.501013+00:00,,2026-09-25T15:02:22.546015+00:00,,2026-09-25T15:02:22.503013+00:00,,2026-09-25T15:02:22.504013+00:00,,2026-09-25T15:02:22.505013+00:00,,2026-09-25T15:02:22.506013+00:00,,2026-09-25T15:02:22.507013+00:00,,2026-09-25T15:02:22.519014+00:00,,2026-09-25T15:02:22.520014+00:00,,2026-09-25T15:02:22.532014+00:00,,2026-09-25T15:02:22.511013+00:00,,2026-09-25T15:02:22.512013+00:00,,2026-09-25T15:02:22.513013+00:00,,2026-09-25T15:02:22.547015+00:00,,2026-09-25T15:02:22.515013+00:00,,2026-09-25T15:02:22.516013+00:00,,2026-09-25T15:02:22.517014+00:00,,2026-09-25T15:02:22.518014+00:00,,2026-09-25T15:02:22.552016+00:00,,2026-09-25T15:02:22.553016+00:00,,2026-09-25T15:02:22.521014+00:00,,2026-09-25T15:02:22.522014+00:00,,2026-09-25T15:02:22.523014+00:00,,2026-09-25T15:02:22.524014+00:00,,2026-09-25T15:02:22.525014+00:00,,2026-09-25T15:02:22.548015+00:00,,2026-09-25T15:02:22.527014+00:00,,2026-09-25T15:02:22.528014+00:00,,2026-09-25T15:02:22.551015+00:00,,2026-09-25T15:02:22.530014+00:00,,2026-09-25T15:02:22.531014+00:00,,2026-09-25T15:02:22.554016+00:00,,2026-09-25T15:02:22.533014+00:00,,2026-09-25T15:02:22.534014+00:00,,2026-09-25T15:02:22.535015+00:00,,2026-09-25T15:02:22.536015+00:00,,2026-09-25T15:02:22.537015+00:00,,2026-09-25T15:02:22.558016+00:00,,2026-09-25T15:02:22.550015+00:00,,2026-09-25T15:02:22.540015+00:00,,2026-09-25T15:02:22.541015+00:00,,2026-09-25T15:02:22.542015+00:00,,2026-09-25T15:02:22.543015+00:00,,2026-09-25T15:02:22.555016+00:00,,2026-09-25T15:02:22.556016+00:00,,2026-09-25T15:02:22.557016+00:00,
310,2026-09-25T13:33:18.027171+00:00,2026-09-25T15:02:22.989041+00:00,172.01,2026-09-25T15:02:22.817031+00:00,,2026-09-25T15:02:22.895035+00:00,,2026-09-25T15:02:22.929037+00:00,,2026-09-25T15:02:22.919037+00:00,,2026-09-25T15:02:22.898035+00:00,,2026-09-25T15:02:22.954039+00:00,,2026-09-25T15:02:22.901035+00:00,,2026-09-25T15:02:22.979040+00:00,,2026-09-25T15:02:22.903036+00:00,,2026-09-25T15:02:22.926037+00:00,,2026-09-25T15:02:22.927037+00:00,,2026-09-25T15:02:22.928037+00:00,,2026-09-25T15:02:22.907036+00:00,,2026-09-25T15:02:22.908036+00:00,,2026-09-25T15:02:22.909036+00:00,,2026-09-25T15:02:22.910036+00:00,,2026-09-25T15:02:22.911036+00:00,,2026-09-25T15:02:22.912036+00:00,,2026-09-25T15:02:22.913036+00:00,,2026-09-25T15:02:22.925037+00:00,,2026-09-25T15:02:22.915036+00:00,,2026-09-25T15:02:22.916036+00:00,,2026-09-25T15:02:22.917036+00:00,,2026-09-25T15:02:22.918036+00:00,,2026-09-25T15:02:22.930037+00:00,,2026-09-25T15:02:22.920037+00:00,,2026-09-25T15:02:22.921037+00:00,,2026-09-25T15:02:22.922037+00:00,,2026-09-25T15:02:22.923037+00:00,,2026-09-25T15:02:22.924037+00:00,,2026-09-25T15:02:22.936037+00:00,,2026-09-25T15:02:22.937038+00:00,,2026-09-25T15:02:22.938038+00:00,,2026-09-25T15:02:22.939038+00:00,,2026-09-25T15:02:22.940038+00:00,,2026-09-25T15:02:22.941038+00:00,,2026-09-25T15:02:22.931037+00:00,,2026-09-25T15:02:22.932037+00:00,,2026-09-25T15:02:22.933037+00:00,,2026-09-25T15:02:22.934037+00:00,,2026-09-25T15:02:22.935037+00:00,,2026-09-25T15:02:22.947038+00:00,,2026-09-25T15:02:22.981040+00:00,,2026-09-25T15:02:22.960039+00:00,,2026-09-25T15:02:22.950038+00:00,,2026-09-25T15:02:22.962039+00:00,,2026-09-25T15:02:22.963039+00:00,,2026-09-25T15:02:22.942038+00:00,,2026-09-25T15:02:22.943038+00:00,,2026-09-25T15:02:22.944038+00:00,,2026-09-25T15:02:22.956039+00:00,,2026-09-25T15:02:22.946038+00:00,,2026-09-25T15:02:22.980040+00:00,,2026-09-25T15:02:22.948038+00:00,,2026-09-25T15:02:22.961039+00:00,,2026-09-25T15:02:22.951038+00:00,,2026-09-25T15:02:22.952038+00:00,,2026-09-25T15:02:22.964039+00:00,,2026-09-25T15:02:22.965039+00:00,,2026-09-25T15:02:22.955039+00:00,,2026-09-25T15:02:22.989041+00:00,,2026-09-25T15:02:22.957039+00:00,,2026-09-25T15:02:22.958039+00:00,,2026-09-25T15:02:22.959039+00:00,,2026-09-25T15:02:22.971039+00:00,,2026-09-25T15:02:22.972040+00:00,,2026-09-25T15:02:22.973040+00:00,,2026-09-25T15:02:22.974040+00:00,,2026-09-25T15:02:22.975040+00:00,,2026-09-25T15:02:22.976040+00:00,,2026-09-25T15:02:22.966039+00:00,,2026-09-25T15:02:22.967039+00:00,,2026-09-25T15:02:22.968039+00:00,,2026-09-25T15:02:22.969039+00:00,,2026-09-25T15:02:22.970039+00:00,,2026-09-25T15:02:22.982040+00:00,,2026-09-25T15:02:22.983040+00:00,,2026-09-25T15:02:22.984040+00:00,,2026-09-25T15:02:22.985040+00:00,,2026-09-25T15:02:22.986040+00:00,,2026-09-25T15:02:22.987040+00:00,,2026-09-25T15:02:22.988040+00:00,,2026-09-25T15:02:22.978040+00:00,
311,2026-09-25T13:33:18.537818+00:00,2026-09-25T15:02:23.449067+00:00,178.01,2026-09-25T15:02:23.271057+00:00,,2026-09-25T15:02:23.317059+00:00,,2026-09-25T15:02:23.331060+00:00,,2026-09-25T15:02:23.332060+00:00,,2026-09-25T15:02:23.338060+00:00,,2026-09-25T15:02:23.339061+00:00,,2026-09-25T15:02:23.340061+00:00,,2026-09-25T15:02:23.320059+00:00,,2026-09-25T15:02:23.326060+00:00,,2026-09-25T15:02:23.342061+00:00,,2026-09-25T15:02:23.343061+00:00,,2026-09-25T15:02:23.366062+00:00,,2026-09-25T15:02:23.367062+00:00,,2026-09-25T15:02:23.322060+00:00,,2026-09-25T15:02:23.437066+00:00,,2026-09-25T15:02:23.323060+00:00,,2026-09-25T15:02:23.324060+00:00,,2026-09-25T15:02:23.325060+00:00,,2026-09-25T15:02:23.341061+00:00,,2026-09-25T15:02:23.327060+00:00,,2026-09-25T15:02:23.328060+00:00,,2026-09-25T15:02:23.329060+00:00,,2026-09-25T15:02:23.330060+00:00,,2026-09-25T15:02:23.402064+00:00,,2026-09-25T15:02:23.347061+00:00,,2026-09-25T15:02:23.333060+00:00,,2026-09-25T15:02:23.334060+00:00,,2026-09-25T15:02:23.335060+00:00,,2026-09-25T15:02:23.336060+00:00,,2026-09-25T15:02:23.337060+00:00,,2026-09-25T15:02:23.360062+00:00,,2026-09-25T15:02:23.350061+00:00,,2026-09-25T15:02:23.373062+00:00,,2026-09-25T15:02:23.363062+00:00,,2026-09-25T15:02:23.398064+00:00,,2026-09-25T15:02:23.354061+00:00,,2026-09-25T15:02:23.344061+00:00,,2026-09-25T15:02:23.345061+00:00,,2026-09-25T15:02:23.346061+00:00,,2026-09-25T15:02:23.403064+00:00,,2026-09-25T15:02:23.348061+00:00,,2026-09-25T15:02:23.361062+00:00,,2026-09-25T15:02:23.351061+00:00,,2026-09-25T15:02:23.352061+00:00,,2026-09-25T15:02:23.353061+00:00,,2026-09-25T15:02:23.376063+00:00,,2026-09-25T15:02:23.355061+00:00,,2026-09-25T15:02:23.356062+00:00,,2026-09-25T15:02:23.357062+00:00,,2026-09-25T15:02:23.358062+00:00,,2026-09-25T15:02:23.359062+00:00,,2026-09-25T15:02:23.449067+00:00,,2026-09-25T15:02:23.372062+00:00,,2026-09-25T15:02:23.362062+00:00,,2026-09-25T15:02:23.374063+00:00,,2026-09-25T15:02:23.364062+00:00,,2026-09-25T15:02:23.365062+00:00,,2026-09-25T15:02:23.377063+00:00,,2026-09-25T15:02:23.389063+00:00,,2026-09-25T15:02:23.368062+00:00,,2026-09-25T15:02:23.369062+00:00,,2026-09-25T15:02:23.370062+00:00,,2026-09-25T15:02:23.371062+00:00,,2026-09-25T15:02:23.383063+00:00,,2026-09-25T15:02:23.384063+00:00,,2026-09-25T15:02:23.397064+00:00,,2026-09-25T15:02:23.375063+00:00,,2026-09-25T15:02:23.410065+00:00,,2026-09-25T15:02:23.400064+00:00,,2026-09-25T15:02:23.378063+00:00,,2026-09-25T15:02:23.379063+00:00,,2026-09-25T15:02:23.380063+00:00,,2026-09-25T15:02:23.381063+00:00,,2026-09-25T15:02:23.382063+00:00,,2026-09-25T15:02:23.395064+00:00,,2026-09-25T15:02:23.418065+00:00,,2026-09-25T15:02:23.385063+00:00,,2026-09-25T15:02:23.386063+00:00,,2026-09-25T15:02:23.387063+00:00,,2026-09-25T15:02:23.388063+00:00,,2026-09-25T15:02:23.412065+00:00,,2026-09-25T15:02:23.390063+00:00,,2026-09-25T15:02:23.391064+00:00,
312,2026-09-25T13:33:19.043720+00:00,2026-09-25T15:02:23.987098+00:00,209.012,2026-09-25T15:02:23.778086+00:00,,2026-09-25T15:02:23.794087+00:00,,2026-09-25T15:02:23.795087+00:00,,2026-09-25T15:02:23.840089+00:00,,2026-09-25T15:02:23.801087+00:00,,2026-09-25T15:02:23.814088+00:00,,2026-09-25T15:02:23.838089+00:00,,2026-09-25T15:02:23.839089+00:00,,2026-09-25T15:02:23.796087+00:00,,2026-09-25T15:02:23.806087+00:00,,2026-09-25T15:02:23.807087+00:00,,2026-09-25T15:02:23.902093+00:00,,2026-09-25T15:02:23.903093+00:00,,2026-09-25T15:02:23.939095+00:00,,2026-09-25T15:02:23.835089+00:00,,2026-09-25T15:02:23.802087+00:00,,2026-09-25T15:02:23.804087+00:00,,2026-09-25T15:02:23.841089+00:00,,2026-09-25T15:02:23.808087+00:00,,2026-09-25T15:02:23.810087+00:00,,2026-09-25T15:02:23.907093+00:00,,2026-09-25T15:02:23.815088+00:00,,2026-09-25T15:02:23.819088+00:00,,2026-09-25T15:02:23.821088+00:00,,2026-09-25T15:02:23.823088+00:00,,2026-09-25T15:02:23.825088+00:00,,2026-09-25T15:02:23.827088+00:00,,2026-09-25T15:02:23.829089+00:00,,2026-09-25T15:02:23.831089+00:00,,2026-09-25T15:02:23.833089+00:00,,2026-09-25T15:02:23.906093+00:00,,2026-09-25T15:02:23.896092+00:00,,2026-09-25T15:02:23.910093+00:00,,2026-09-25T15:02:23.912093+00:00,,2026-09-25T15:02:23.845089+00:00,,2026-09-25T15:02:23.870091+00:00,,2026-09-25T15:02:23.873091+00:00,,2026-09-25T15:02:23.875091+00:00,,2026-09-25T15:02:23.877091+00:00,,2026-09-25T15:02:23.879091+00:00,,2026-09-25T15:02:23.881092+00:00,,2026-09-25T15:02:23.884092+00:00,,2026-09-25T15:02:23.886092+00:00,,2026-09-25T15:02:23.888092+00:00,,2026-09-25T15:02:23.890092+00:00,,2026-09-25T15:02:23.893092+00:00,,2026-09-25T15:02:23.895092+00:00,,2026-09-25T15:02:23.909093+00:00,,2026-09-25T15:02:23.899093+00:00,,2026-09-25T15:02:23.901093+00:00,,2026-09-25T15:02:23.915093+00:00,,2026-09-25T15:02:23.918094+00:00,,2026-09-25T15:02:23.986098+00:00,,2026-09-25T15:02:23.922094+00:00,,2026-09-25T15:02:23.913093+00:00,,2026-09-25T15:02:23.926094+00:00,,2026-09-25T15:02:23.917094+00:00,,2026-09-25T15:02:23.919094+00:00,,2026-09-25T15:02:23.932094+00:00,,2026-09-25T15:02:23.934095+00:00,,2026-09-25T15:02:23.936095+00:00,,2026-09-25T15:02:23.927094+00:00,,2026-09-25T15:02:23.929094+00:00,,2026-09-25T15:02:23.931094+00:00,,2026-09-25T15:02:23.944095+00:00,,2026-09-25T15:02:23.946095+00:00,,2026-09-25T15:02:23.937095+00:00,,2026-09-25T15:02:23.950095+00:00,,2026-09-25T15:02:23.941095+00:00,,2026-09-25T15:02:23.987098+00:00,,2026-09-25T15:02:23.956096+00:00,,2026-09-25T15:02:23.958096+00:00,,2026-09-25T15:02:23.972097+00:00,,2026-09-25T15:02:23.952096+00:00,,2026-09-25T15:02:23.954096+00:00,,2026-09-25T15:02:23.967096+00:00,,2026-09-25T15:02:23.969097+00:00,,2026-09-25T15:02:23.971097+00:00,,2026-09-25T15:02:23.962096+00:00,,2026-09-25T15:02:23.964096+00:00,,2026-09-25T15:02:23.977097+00:00,,2026-09-25T15:02:23.968097+00:00,,2026-09-25T15:02:23.981097+00:00,
313,2026-09-25T13:33:19.477697+00:00,2026-09-25T15:02:24.455124+00:00,161.00900000000001,2026-09-25T15:02:24.294115+00:00,,2026-09-25T15:02:24.318117+00:00,,2026-09-25T15:02:24.321117+00:00,,2026-09-25T15:02:24.333117+00:00,,2026-09-25T15:02:24.334117+00:00,,2026-09-25T15:02:24.346118+00:00,,2026-09-25T15:02:24.347118+00:00,,2026-09-25T15:02:24.337118+00:00,,2026-09-25T15:02:24.327117+00:00,,2026-09-25T15:02:24.339118+00:00,,2026-09-25T15:02:24.455124+00:00,,2026-09-25T15:02:24.354119+00:00,,2026-09-25T15:02:24.378120+00:00,,2026-09-25T15:02:24.332117+00:00,,2026-09-25T15:02:24.322117+00:00,,2026-09-25T15:02:24.323117+00:00,,2026-09-25T15:02:24.324117+00:00,,2026-09-25T15:02:24.325117+00:00,,2026-09-25T15:02:24.326117+00:00,,2026-09-25T15:02:24.338118+00:00,,2026-09-25T15:02:24.328117+00:00,,2026-09-25T15:02:24.329117+00:00,,2026-09-25T15:02:24.330117+00:00,,2026-09-25T15:02:24.331117+00:00,,2026-09-25T15:02:24.390121+00:00,,2026-09-25T15:02:24.344118+00:00,,2026-09-25T15:02:24.345118+00:00,,2026-09-25T15:02:24.335118+00:00,,2026-09-25T15:02:24.336118+00:00,,2026-09-25T15:02:24.362119+00:00,,2026-09-25T15:02:24.385120+00:00,,2026-09-25T15:02:24.352118+00:00,,2026-09-25T15:02:24.340118+00:00,,2026-09-25T15:02:24.341118+00:00,,2026-09-25T15:02:24.342118+00:00,,2026-09-25T15:02:24.343118+00:00,,2026-09-25T15:02:24.436123+00:00,,2026-09-25T15:02:24.358119+00:00,,2026-09-25T15:02:24.359119+00:00,,2026-09-25T15:02:24.360119+00:00,,2026-09-25T15:02:24.348118+00:00,,2026-09-25T15:02:24.349118+00:00,,2026-09-25T15:02:24.350118+00:00,,2026-09-25T15:02:24.351118+00:00,,2026-09-25T15:02:24.364119+00:00,,2026-09-25T15:02:24.353119+00:00,,2026-09-25T15:02:24.366119+00:00,,2026-09-25T15:02:24.355119+00:00,,2026-09-25T15:02:24.356119+00:00,,2026-09-25T15:02:24.357119+00:00,,2026-09-25T15:02:24.437123+00:00,,2026-09-25T15:02:24.371120+00:00,,2026-09-25T15:02:24.372120+00:00,,2026-09-25T15:02:24.373120+00:00,,2026-09-25T15:02:24.363119+00:00,,2026-09-25T15:02:24.375120+00:00,,2026-09-25T15:02:24.365119+00:00,,2026-09-25T15:02:24.377120+00:00,,2026-09-25T15:02:24.367119+00:00,,2026-09-25T15:02:24.368119+00:00,,2026-09-25T15:02:24.369119+00:00,,2026-09-25T15:02:24.370120+00:00,,2026-09-25T15:02:24.382120+00:00,,2026-09-25T15:02:24.383120+00:00,,2026-09-25T15:02:24.384120+00:00,,2026-09-25T15:02:24.374120+00:00,,2026-09-25T15:02:24.386120+00:00,,2026-09-25T15:02:24.376120+00:00,,2026-09-25T15:02:24.399121+00:00,,2026-09-25T15:02:24.400121+00:00,,2026-09-25T15:02:24.379120+00:00,,2026-09-25T15:02:24.380120+00:00,,2026-09-25T15:02:24.381120+00:00,,2026-09-25T15:02:24.449124+00:00,,2026-09-25T15:02:24.394121+00:00,,2026-09-25T15:02:24.395121+00:00,,2026-09-25T15:02:24.396121+00:00,,2026-09-25T15:02:24.397121+00:00,,2026-09-25T15:02:24.387120+00:00,,2026-09-25T15:02:24.388121+00:00,,2026-09-25T15:02:24.389121+00:00,,2026-09-25T15:02:24.401121+00:00,,2026-09-25T15:02:24.391121+00:00,
314,2026-09-25T13:33:19.928704+00:00,2026-09-25T15:02:24.913151+00:00,194.012,2026-09-25T15:02:24.719139+00:00,,2026-09-25T15:02:24.733140+00:00,,2026-09-25T15:02:24.736140+00:00,,2026-09-25T15:02:24.763142+00:00,,2026-09-25T15:02:24.861148+00:00,,2026-09-25T15:02:24.765142+00:00,,2026-09-25T15:02:24.912151+00:00,,2026-09-25T15:02:24.742141+00:00,,2026-09-25T15:02:24.754141+00:00,,2026-09-25T15:02:24.755142+00:00,,2026-09-25T15:02:24.902150+00:00,,2026-09-25T15:02:24.903150+00:00,,2026-09-25T15:02:24.904150+00:00,,2026-09-25T15:02:24.748141+00:00,,2026-09-25T15:02:24.738141+00:00,,2026-09-25T15:02:24.739141+00:00,,2026-09-25T15:02:24.740141+00:00,,2026-09-25T15:02:24.741141+00:00,,2026-09-25T15:02:24.913151+00:00,,2026-09-25T15:02:24.743141+00:00,,2026-09-25T15:02:24.744141+00:00,,2026-09-25T15:02:24.745141+00:00,,2026-09-25T15:02:24.746141+00:00,,2026-09-25T15:02:24.747141+00:00,,2026-09-25T15:02:24.762142+00:00,,2026-09-25T15:02:24.749141+00:00,,2026-09-25T15:02:24.750141+00:00,,2026-09-25T15:02:24.751141+00:00,,2026-09-25T15:02:24.752141+00:00,,2026-09-25T15:02:24.753141+00:00,,2026-09-25T15:02:24.900150+00:00,,2026-09-25T15:02:24.901150+00:00,,2026-09-25T15:02:24.757142+00:00,,2026-09-25T15:02:24.759142+00:00,,2026-09-25T15:02:24.760142+00:00,,2026-09-25T15:02:24.905150+00:00,,2026-09-25T15:02:24.907150+00:00,,2026-09-25T15:02:24.764142+00:00,,2026-09-25T15:02:24.909150+00:00,,2026-09-25T15:02:24.766142+00:00,,2026-09-25T15:02:24.767142+00:00,,2026-09-25T15:02:24.768142+00:00,,2026-09-25T15:02:24.769142+00:00,,2026-09-25T15:02:24.770142+00:00,,2026-09-25T15:02:24.771142+00:00,,2026-09-25T15:02:24.772143+00:00,,2026-09-25T15:02:24.773143+00:00,,2026-09-25T15:02:24.774143+00:00,,2026-09-25T15:02:24.775143+00:00,,2026-09-25T15:02:24.776143+00:00,,2026-09-25T15:02:24.777143+00:00,,2026-09-25T15:02:24.778143+00:00,,2026-09-25T15:02:24.779143+00:00,,2026-09-25T15:02:24.780143+00:00,,2026-09-25T15:02:24.781143+00:00,,2026-09-25T15:02:24.782143+00:00,,2026-09-25T15:02:24.783143+00:00,,2026-09-25T15:02:24.784143+00:00,,2026-09-25T15:02:24.785143+00:00,,2026-09-25T15:02:24.786143+00:00,,2026-09-25T15:02:24.787143+00:00,,2026-09-25T15:02:24.788143+00:00,,2026-09-25T15:02:24.789143+00:00,,2026-09-25T15:02:24.790144+00:00,,2026-09-25T15:02:24.791144+00:00,,2026-09-25T15:02:24.792144+00:00,,2026-09-25T15:02:24.793144+00:00,,2026-09-25T15:02:24.794144+00:00,,2026-09-25T15:02:24.795144+00:00,,2026-09-25T15:02:24.797144+00:00,,2026-09-25T15:02:24.798144+00:00,,2026-09-25T15:02:24.799144+00:00,,2026-09-25T15:02:24.800144+00:00,,2026-09-25T15:02:24.801144+00:00,,2026-09-25T15:02:24.802144+00:00,,2026-09-25T15:02:24.803144+00:00,,2026-09-25T15:02:24.804144+00:00,,2026-09-25T15:02:24.805144+00:00,,2026-09-25T15:02:24.806144+00:00,,2026-09-25T15:02:24.807145+00:00,,2026-09-25T15:02:24.808145+00:00,,2026-09-25T15:02:24.809145+00:00,,2026-09-25T15:02:24.810145+00:00,
315,2026-09-25T13:33:20.412186+00:00,2026-09-25T15:02:25.361176+00:00,146.008,2026-09-25T15:02:25.215168+00:00,,2026-09-25T15:02:25.256170+00:00,,2026-09-25T15:02:25.258170+00:00,,2026-09-25T15:02:25.259170+00:00,,2026-09-25T15:02:25.260170+00:00,,2026-09-25T15:02:25.261170+00:00,,2026-09-25T15:02:25.262171+00:00,,2026-09-25T15:02:25.308173+00:00,,2026-09-25T15:02:25.264171+00:00,,2026-09-25T15:02:25.266171+00:00,,2026-09-25T15:02:25.268171+00:00,,2026-09-25T15:02:25.269171+00:00,,2026-09-25T15:02:25.270171+00:00,,2026-09-25T15:02:25.271171+00:00,,2026-09-25T15:02:25.273171+00:00,,2026-09-25T15:02:25.275171+00:00,,2026-09-25T15:02:25.276171+00:00,,2026-09-25T15:02:25.277171+00:00,,2026-09-25T15:02:25.278171+00:00,,2026-09-25T15:02:25.279172+00:00,,2026-09-25T15:02:25.280172+00:00,,2026-09-25T15:02:25.281172+00:00,,2026-09-25T15:02:25.282172+00:00,,2026-09-25T15:02:25.283172+00:00,,2026-09-25T15:02:25.284172+00:00,,2026-09-25T15:02:25.285172+00:00,,2026-09-25T15:02:25.286172+00:00,,2026-09-25T15:02:25.287172+00:00,,2026-09-25T15:02:25.288172+00:00,,2026-09-25T15:02:25.289172+00:00,,2026-09-25T15:02:25.290172+00:00,,2026-09-25T15:02:25.291172+00:00,,2026-09-25T15:02:25.292172+00:00,,2026-09-25T15:02:25.293172+00:00,,2026-09-25T15:02:25.294172+00:00,,2026-09-25T15:02:25.295172+00:00,,2026-09-25T15:02:25.296172+00:00,,2026-09-25T15:02:25.297173+00:00,,2026-09-25T15:02:25.299173+00:00,,2026-09-25T15:02:25.300173+00:00,,2026-09-25T15:02:25.302173+00:00,,2026-09-25T15:02:25.304173+00:00,,2026-09-25T15:02:25.305173+00:00,,2026-09-25T15:02:25.307173+00:00,,2026-09-25T15:02:25.355176+00:00,,2026-09-25T15:02:25.309173+00:00,,2026-09-25T15:02:25.310173+00:00,,2026-09-25T15:02:25.359176+00:00,,2026-09-25T15:02:25.312173+00:00,,2026-09-25T15:02:25.361176+00:00,,2026-09-25T15:02:25.314174+00:00,,2026-09-25T15:02:25.315174+00:00,,2026-09-25T15:02:25.316174+00:00,,2026-09-25T15:02:25.353176+00:00,,2026-09-25T15:02:25.320174+00:00,,2026-09-25T15:02:25.321174+00:00,,2026-09-25T15:02:25.322174+00:00,,2026-09-25T15:02:25.324174+00:00,,2026-09-25T15:02:25.326174+00:00,,2026-09-25T15:02:25.327174+00:00,,2026-09-25T15:02:25.328174+00:00,,2026-09-25T15:02:25.329174+00:00,,2026-09-25T15:02:25.330174+00:00,,2026-09-25T15:02:25.331174+00:00,,2026-09-25T15:02:25.332175+00:00,,2026-09-25T15:02:25.333175+00:00,,2026-09-25T15:02:25.334175+00:00,,2026-09-25T15:02:25.335175+00:00,,2026-09-25T15:02:25.336175+00:00,,2026-09-25T15:02:25.337175+00:00,,2026-09-25T15:02:25.338175+00:00,,2026-09-25T15:02:25.339175+00:00,,2026-09-25T15:02:25.340175+00:00,,2026-09-25T15:02:25.341175+00:00,,2026-09-25T15:02:25.342175+00:00,,2026-09-25T15:02:25.343175+00:00,,2026-09-25T15:02:25.344175+00:00,,2026-09-25T15:02:25.345175+00:00,,2026-09-25T15:02:25.346175+00:00,,2026-09-25T15:02:25.347175+00:00,,2026-09-25T15:02:25.348175+00:00,,2026-09-25T15:02:25.349176+00:00,,2026-09-25T15:02:25.350176+00:00,
316,2026-09-25T13:33:20.883480+00:00,2026-09-25T15:02:25.848204+00:00,113.006,2026-09-25T15:02:25.735198+00:00,,2026-09-25T15:02:25.743198+00:00,,2026-09-25T15:02:25.744198+00:00,,2026-09-25T15:02:25.771200+00:00,,2026-09-25T15:02:25.746198+00:00,,2026-09-25T15:02:25.747198+00:00,,2026-09-25T15:02:25.748198+00:00,,2026-09-25T15:02:25.749198+00:00,,2026-09-25T15:02:25.750198+00:00,,2026-09-25T15:02:25.751199+00:00,,2026-09-25T15:02:25.752199+00:00,,2026-09-25T15:02:25.753199+00:00,,2026-09-25T15:02:25.754199+00:00,,2026-09-25T15:02:25.756199+00:00,,2026-09-25T15:02:25.757199+00:00,,2026-09-25T15:02:25.758199+00:00,,2026-09-25T15:02:25.772200+00:00,,2026-09-25T15:02:25.760199+00:00,,2026-09-25T15:02:25.761199+00:00,,2026-09-25T15:02:25.763199+00:00,,2026-09-25T15:02:25.776200+00:00,,2026-09-25T15:02:25.843204+00:00,,2026-09-25T15:02:25.778200+00:00,,2026-09-25T15:02:25.781200+00:00,,2026-09-25T15:02:25.782200+00:00,,2026-09-25T15:02:25.848204+00:00,,2026-09-25T15:02:25.836203+00:00,,2026-09-25T15:02:25.797201+00:00,,2026-09-25T15:02:25.839204+00:00,,2026-09-25T15:02:25.840204+00:00,,2026-09-25T15:02:25.841204+00:00,,2026-09-25T15:02:25.842204+00:00,,2026-09-25T15:02:25.777200+00:00,,2026-09-25T15:02:25.844204+00:00,,2026-09-25T15:02:25.846204+00:00,,2026-09-25T15:02:25.847204+00:00,,2026-09-25T15:02:25.783200+00:00,,2026-09-25T15:02:25.784200+00:00,,2026-09-25T15:02:25.785200+00:00,,2026-09-25T15:02:25.786201+00:00,,2026-09-25T15:02:25.787201+00:00,,2026-09-25T15:02:25.788201+00:00,,2026-09-25T15:02:25.789201+00:00,,2026-09-25T15:02:25.791201+00:00,,2026-09-25T15:02:25.792201+00:00,,2026-09-25T15:02:25.793201+00:00,,2026-09-25T15:02:25.794201+00:00,,2026-09-25T15:02:25.795201+00:00,,2026-09-25T15:02:25.796201+00:00,,2026-09-25T15:02:25.838203+00:00,,2026-09-25T15:02:25.799201+00:00,,2026-09-25T15:02:25.801201+00:00,,2026-09-25T15:02:25.802201+00:00,,2026-09-25T15:02:25.803201+00:00,,2026-09-25T15:02:25.804202+00:00,,2026-09-25T15:02:25.805202+00:00,,2026-09-25T15:02:25.806202+00:00,,2026-09-25T15:02:25.807202+00:00,,2026-09-25T15:02:25.808202+00:00,,2026-09-25T15:02:25.809202+00:00,,2026-09-25T15:02:25.810202+00:00,,2026-09-25T15:02:25.811202+00:00,,2026-09-25T15:02:25.812202+00:00,,2026-09-25T15:02:25.813202+00:00,,2026-09-25T15:02:25.814202+00:00,,2026-09-25T15:02:25.816202+00:00,,2026-09-25T15:02:25.817202+00:00,,2026-09-25T15:02:25.818202+00:00,,2026-09-25T15:02:25.819202+00:00,,2026-09-25T15:02:25.820202+00:00,,2026-09-25T15:02:25.821203+00:00,,2026-09-25T15:02:25.822203+00:00,,2026-09-25T15:02:25.823203+00:00,,2026-09-25T15:02:25.824203+00:00,,2026-09-25T15:02:25.826203+00:00,,2026-09-25T15:02:25.827203+00:00,,2026-09-25T15:02:25.829203+00:00,,2026-09-25T15:02:25.830203+00:00,,2026-09-25T15:02:25.831203+00:00,,2026-09-25T15:02:25.832203+00:00,,2026-09-25T15:02:25.833203+00:00,,2026-09-25T15:02:25.834203+00:00,,2026-09-25T15:02:25.835203+00:00,
317,2026-09-25T13:33:21.320842+00:00,2026-09-25T15:02:26.291229+00:00,92.00500000000001,2026-09-25T15:02:26.206225+00:00,,2026-09-25T15:02:26.207225+00:00,,2026-09-25T15:02:26.209225+00:00,,2026-09-25T15:02:26.199224+00:00,,2026-09-25T15:02:26.211225+00:00,,2026-09-25T15:02:26.212225+00:00,,2026-09-25T15:02:26.213225+00:00,,2026-09-25T15:02:26.214225+00:00,,2026-09-25T15:02:26.215225+00:00,,2026-09-25T15:02:26.216225+00:00,,2026-09-25T15:02:26.217225+00:00,,2026-09-25T15:02:26.218225+00:00,,2026-09-25T15:02:26.230226+00:00,,2026-09-25T15:02:26.220225+00:00,,2026-09-25T15:02:26.221225+00:00,,2026-09-25T15:02:26.222225+00:00,,2026-09-25T15:02:26.223226+00:00,,2026-09-25T15:02:26.224226+00:00,,2026-09-25T15:02:26.225226+00:00,,2026-09-25T15:02:26.226226+00:00,,2026-09-25T15:02:26.227226+00:00,,2026-09-25T15:02:26.228226+00:00,,2026-09-25T15:02:26.240226+00:00,,2026-09-25T15:02:26.219225+00:00,,2026-09-25T15:02:26.242227+00:00,,2026-09-25T15:02:26.232226+00:00,,2026-09-25T15:02:26.233226+00:00,,2026-09-25T15:02:26.234226+00:00,,2026-09-25T15:02:26.235226+00:00,,2026-09-25T15:02:26.236226+00:00,,2026-09-25T15:02:26.237226+00:00,,2026-09-25T15:02:26.238226+00:00,,2026-09-25T15:02:26.239226+00:00,,2026-09-25T15:02:26.229226+00:00,,2026-09-25T15:02:26.241227+00:00,,2026-09-25T15:02:26.231226+00:00,,2026-09-25T15:02:26.243227+00:00,,2026-09-25T15:02:26.244227+00:00,,2026-09-25T15:02:26.256227+00:00,,2026-09-25T15:02:26.280229+00:00,,2026-09-25T15:02:26.259228+00:00,,2026-09-25T15:02:26.248227+00:00,,2026-09-25T15:02:26.260228+00:00,,2026-09-25T15:02:26.250227+00:00,,2026-09-25T15:02:26.274228+00:00,,2026-09-25T15:02:26.252227+00:00,,2026-09-25T15:02:26.253227+00:00,,2026-09-25T15:02:26.254227+00:00,,2026-09-25T15:02:26.255227+00:00,,2026-09-25T15:02:26.245227+00:00,,2026-09-25T15:02:26.246227+00:00,,2026-09-25T15:02:26.281229+00:00,,2026-09-25T15:02:26.249227+00:00,,2026-09-25T15:02:26.273228+00:00,,2026-09-25T15:02:26.251227+00:00,,2026-09-25T15:02:26.286229+00:00,,2026-09-25T15:02:26.276229+00:00,,2026-09-25T15:02:26.266228+00:00,,2026-09-25T15:02:26.289229+00:00,,2026-09-25T15:02:26.279229+00:00,,2026-09-25T15:02:26.257227+00:00,,2026-09-25T15:02:26.258228+00:00,,2026-09-25T15:02:26.282229+00:00,,2026-09-25T15:02:26.283229+00:00,,2026-09-25T15:02:26.262228+00:00,,2026-09-25T15:02:26.263228+00:00,,2026-09-25T15:02:26.264228+00:00,,2026-09-25T15:02:26.265228+00:00,,2026-09-25T15:02:26.288229+00:00,,2026-09-25T15:02:26.267228+00:00,,2026-09-25T15:02:26.268228+00:00,,2026-09-25T15:02:26.269228+00:00,,2026-09-25T15:02:26.270228+00:00,,2026-09-25T15:02:26.271228+00:00,,2026-09-25T15:02:26.272228+00:00,,2026-09-25T15:02:26.284229+00:00,,2026-09-25T15:02:26.285229+00:00,,2026-09-25T15:02:26.275228+00:00,,2026-09-25T15:02:26.287229+00:00,,2026-09-25T15:02:26.277229+00:00,,2026-09-25T15:02:26.278229+00:00,,2026-09-25T15:02:26.290229+00:00,,2026-09-25T15:02:26.291229+00:00,
318,2026-09-25T13:33:21.860985+00:00,2026-09-25T13:33:21.860985+00:00,,,,,,,,,,,,,,,,,,,,,,,,,,,,,,,,,,,,,,,,,,,,,,,,,,,,,,,,,,,,,,,,,,,,,,,,,,,,,,,,,,,,,,,,,,,,,,,,,,,,,,,,,,,,,,,,,,,,,,,,,,,,,,,,,,,,,,,,,,,,,,,,,,,,,,,,,,,,,,,,,,,,,,,
319,2026-09-25T13:33:22.254606+00:00,2026-09-25T13:33:22.254606+00:00,,,,,,,,,,,,,,,,,,,,,,,,,,,,,,,,,,,,,,,,,,,,,,,,,,,,,,,,,,,,,,,,,,,,,,,,,,,,,,,,,,,,,,,,,,,,,,,,,,,,,,,,,,,,,,,,,,,,,,,,,,,,,,,,,,,,,,,,,,,,,,,,,,,,,,,,,,,,,,,,,,,,,,,
320,2026-09-25T13:33:22.574596+00:00,2026-09-25T13:33:22.574596+00:00,,,,,,,,,,,,,,,,,,,,,,,,,,,,,,,,,,,,,,,,,,,,,,,,,,,,,,,,,,,,,,,,,,,,,,,,,,,,,,,,,,,,,,,,,,,,,,,,,,,,,,,,,,,,,,,,,,,,,,,,,,,,,,,,,,,,,,,,,,,,,,,,,,,,,,,,,,,,,,,,,,,,,,,
321,2026-09-25T13:33:22.881487+00:00,2026-09-25T13:33:22.881487+00:00,,,,,,,,,,,,,,,,,,,,,,,,,,,,,,,,,,,,,,,,,,,,,,,,,,,,,,,,,,,,,,,,,,,,,,,,,,,,,,,,,,,,,,,,,,,,,,,,,,,,,,,,,,,,,,,,,,,,,,,,,,,,,,,,,,,,,,,,,,,,,,,,,,,,,,,,,,,,,,,,,,,,,,,
322,2026-09-25T13:33:23.162053+00:00,2026-09-25T13:33:23.162053+00:00,,,,,,,,,,,,,,,,,,,,,,,,,,,,,,,,,,,,,,,,,,,,,,,,,,,,,,,,,,,,,,,,,,,,,,,,,,,,,,,,,,,,,,,,,,,,,,,,,,,,,,,,,,,,,,,,,,,,,,,,,,,,,,,,,,,,,,,,,,,,,,,,,,,,,,,,,,,,,,,,,,,,,,,
323,2026-09-25T13:33:23.433811+00:00,2026-09-25T13:33:23.433811+00:00,,,,,,,,,,,,,,,,,,,,,,,,,,,,,,,,,,,,,,,,,,,,,,,,,,,,,,,,,,,,,,,,,,,,,,,,,,,,,,,,,,,,,,,,,,,,,,,,,,,,,,,,,,,,,,,,,,,,,,,,,,,,,,,,,,,,,,,,,,,,,,,,,,,,,,,,,,,,,,,,,,,,,,,
324,2026-09-25T13:33:23.711299+00:00,2026-09-25T13:33:23.711299+00:00,,,,,,,,,,,,,,,,,,,,,,,,,,,,,,,,,,,,,,,,,,,,,,,,,,,,,,,,,,,,,,,,,,,,,,,,,,,,,,,,,,,,,,,,,,,,,,,,,,,,,,,,,,,,,,,,,,,,,,,,,,,,,,,,,,,,,,,,,,,,,,,,,,,,,,,,,,,,,,,,,,,,,,,
325,2026-09-25T13:33:24.030744+00:00,2026-09-25T13:33:24.030744+00:00,,,,,,,,,,,,,,,,,,,,,,,,,,,,,,,,,,,,,,,,,,,,,,,,,,,,,,,,,,,,,,,,,,,,,,,,,,,,,,,,,,,,,,,,,,,,,,,,,,,,,,,,,,,,,,,,,,,,,,,,,,,,,,,,,,,,,,,,,,,,,,,,,,,,,,,,,,,,,,,,,,,,,,,
326,2026-09-25T13:33:24.300858+00:00,2026-09-25T13:33:24.300858+00:00,,,,,,,,,,,,,,,,,,,,,,,,,,,,,,,,,,,,,,,,,,,,,,,,,,,,,,,,,,,,,,,,,,,,,,,,,,,,,,,,,,,,,,,,,,,,,,,,,,,,,,,,,,,,,,,,,,,,,,,,,,,,,,,,,,,,,,,,,,,,,,,,,,,,,,,,,,,,,,,,,,,,,,,
327,2026-09-25T13:33:24.606881+00:00,2026-09-25T13:33:24.606881+00:00,,,,,,,,,,,,,,,,,,,,,,,,,,,,,,,,,,,,,,,,,,,,,,,,,,,,,,,,,,,,,,,,,,,,,,,,,,,,,,,,,,,,,,,,,,,,,,,,,,,,,,,,,,,,,,,,,,,,,,,,,,,,,,,,,,,,,,,,,,,,,,,,,,,,,,,,,,,,,,,,,,,,,,,
328,2026-09-25T13:33:24.917135+00:00,2026-09-25T13:33:24.917135+00:00,,,,,,,,,,,,,,,,,,,,,,,,,,,,,,,,,,,,,,,,,,,,,,,,,,,,,,,,,,,,,,,,,,,,,,,,,,,,,,,,,,,,,,,,,,,,,,,,,,,,,,,,,,,,,,,,,,,,,,,,,,,,,,,,,,,,,,,,,,,,,,,,,,,,,,,,,,,,,,,,,,,,,,,
329,2026-09-25T13:33:25.189953+00:00,2026-09-25T13:33:25.189953+00:00,,,,,,,,,,,,,,,,,,,,,,,,,,,,,,,,,,,,,,,,,,,,,,,,,,,,,,,,,,,,,,,,,,,,,,,,,,,,,,,,,,,,,,,,,,,,,,,,,,,,,,,,,,,,,,,,,,,,,,,,,,,,,,,,,,,,,,,,,,,,,,,,,,,,,,,,,,,,,,,,,,,,,,,
330,2026-09-25T13:33:25.449588+00:00,2026-09-25T13:33:25.449588+00:00,,,,,,,,,,,,,,,,,,,,,,,,,,,,,,,,,,,,,,,,,,,,,,,,,,,,,,,,,,,,,,,,,,,,,,,,,,,,,,,,,,,,,,,,,,,,,,,,,,,,,,,,,,,,,,,,,,,,,,,,,,,,,,,,,,,,,,,,,,,,,,,,,,,,,,,,,,,,,,,,,,,,,,,
331,2026-09-25T13:33:25.702797+00:00,2026-09-25T13:33:25.702797+00:00,,,,,,,,,,,,,,,,,,,,,,,,,,,,,,,,,,,,,,,,,,,,,,,,,,,,,,,,,,,,,,,,,,,,,,,,,,,,,,,,,,,,,,,,,,,,,,,,,,,,,,,,,,,,,,,,,,,,,,,,,,,,,,,,,,,,,,,,,,,,,,,,,,,,,,,,,,,,,,,,,,,,,,,
332,2026-09-25T13:33:25.954707+00:00,2026-09-25T13:33:25.954707+00:00,,,,,,,,,,,,,,,,,,,,,,,,,,,,,,,,,,,,,,,,,,,,,,,,,,,,,,,,,,,,,,,,,,,,,,,,,,,,,,,,,,,,,,,,,,,,,,,,,,,,,,,,,,,,,,,,,,,,,,,,,,,,,,,,,,,,,,,,,,,,,,,,,,,,,,,,,,,,,,,,,,,,,,,
333,2026-09-25T13:33:26.208715+00:00,2026-09-25T13:33:26.208715+00:00,,,,,,,,,,,,,,,,,,,,,,,,,,,,,,,,,,,,,,,,,,,,,,,,,,,,,,,,,,,,,,,,,,,,,,,,,,,,,,,,,,,,,,,,,,,,,,,,,,,,,,,,,,,,,,,,,,,,,,,,,,,,,,,,,,,,,,,,,,,,,,,,,,,,,,,,,,,,,,,,,,,,,,,
334,2026-09-25T13:33:26.491036+00:00,2026-09-25T13:33:26.491036+00:00,,,,,,,,,,,,,,,,,,,,,,,,,,,,,,,,,,,,,,,,,,,,,,,,,,,,,,,,,,,,,,,,,,,,,,,,,,,,,,,,,,,,,,,,,,,,,,,,,,,,,,,,,,,,,,,,,,,,,,,,,,,,,,,,,,,,,,,,,,,,,,,,,,,,,,,,,,,,,,,,,,,,,,,
335,2026-09-25T13:33:26.747112+00:00,2026-09-25T13:33:26.747112+00:00,,,,,,,,,,,,,,,,,,,,,,,,,,,,,,,,,,,,,,,,,,,,,,,,,,,,,,,,,,,,,,,,,,,,,,,,,,,,,,,,,,,,,,,,,,,,,,,,,,,,,,,,,,,,,,,,,,,,,,,,,,,,,,,,,,,,,,,,,,,,,,,,,,,,,,,,,,,,,,,,,,,,,,,
336,2026-09-25T13:33:27.001440+00:00,2026-09-25T13:33:27.001440+00:00,,,,,,,,,,,,,,,,,,,,,,,,,,,,,,,,,,,,,,,,,,,,,,,,,,,,,,,,,,,,,,,,,,,,,,,,,,,,,,,,,,,,,,,,,,,,,,,,,,,,,,,,,,,,,,,,,,,,,,,,,,,,,,,,,,,,,,,,,,,,,,,,,,,,,,,,,,,,,,,,,,,,,,,
337,2026-09-25T13:33:27.260323+00:00,2026-09-25T13:33:27.260323+00:00,,,,,,,,,,,,,,,,,,,,,,,,,,,,,,,,,,,,,,,,,,,,,,,,,,,,,,,,,,,,,,,,,,,,,,,,,,,,,,,,,,,,,,,,,,,,,,,,,,,,,,,,,,,,,,,,,,,,,,,,,,,,,,,,,,,,,,,,,,,,,,,,,,,,,,,,,,,,,,,,,,,,,,,
338,2026-09-25T13:33:27.512184+00:00,2026-09-25T13:33:27.512184+00:00,,,,,,,,,,,,,,,,,,,,,,,,,,,,,,,,,,,,,,,,,,,,,,,,,,,,,,,,,,,,,,,,,,,,,,,,,,,,,,,,,,,,,,,,,,,,,,,,,,,,,,,,,,,,,,,,,,,,,,,,,,,,,,,,,,,,,,,,,,,,,,,,,,,,,,,,,,,,,,,,,,,,,,,
339,2026-09-25T13:33:27.764884+00:00,2026-09-25T13:33:27.764884+00:00,,,,,,,,,,,,,,,,,,,,,,,,,,,,,,,,,,,,,,,,,,,,,,,,,,,,,,,,,,,,,,,,,,,,,,,,,,,,,,,,,,,,,,,,,,,,,,,,,,,,,,,,,,,,,,,,,,,,,,,,,,,,,,,,,,,,,,,,,,,,,,,,,,,,,,,,,,,,,,,,,,,,,,,
340,2026-09-25T13:33:28.024457+00:00,2026-09-25T13:33:28.024457+00:00,,,,,,,,,,,,,,,,,,,,,,,,,,,,,,,,,,,,,,,,,,,,,,,,,,,,,,,,,,,,,,,,,,,,,,,,,,,,,,,,,,,,,,,,,,,,,,,,,,,,,,,,,,,,,,,,,,,,,,,,,,,,,,,,,,,,,,,,,,,,,,,,,,,,,,,,,,,,,,,,,,,,,,,
341,2026-09-25T13:33:28.276684+00:00,2026-09-25T13:33:28.276684+00:00,,,,,,,,,,,,,,,,,,,,,,,,,,,,,,,,,,,,,,,,,,,,,,,,,,,,,,,,,,,,,,,,,,,,,,,,,,,,,,,,,,,,,,,,,,,,,,,,,,,,,,,,,,,,,,,,,,,,,,,,,,,,,,,,,,,,,,,,,,,,,,,,,,,,,,,,,,,,,,,,,,,,,,,
342,2026-09-25T13:33:28.536590+00:00,2026-09-25T13:33:28.536590+00:00,,,,,,,,,,,,,,,,,,,,,,,,,,,,,,,,,,,,,,,,,,,,,,,,,,,,,,,,,,,,,,,,,,,,,,,,,,,,,,,,,,,,,,,,,,,,,,,,,,,,,,,,,,,,,,,,,,,,,,,,,,,,,,,,,,,,,,,,,,,,,,,,,,,,,,,,,,,,,,,,,,,,,,,
343,2026-09-25T13:33:28.788577+00:00,2026-09-25T13:33:28.788577+00:00,,,,,,,,,,,,,,,,,,,,,,,,,,,,,,,,,,,,,,,,,,,,,,,,,,,,,,,,,,,,,,,,,,,,,,,,,,,,,,,,,,,,,,,,,,,,,,,,,,,,,,,,,,,,,,,,,,,,,,,,,,,,,,,,,,,,,,,,,,,,,,,,,,,,,,,,,,,,,,,,,,,,,,,
344,2026-09-25T13:33:29.041827+00:00,2026-09-25T13:33:29.041827+00:00,,,,,,,,,,,,,,,,,,,,,,,,,,,,,,,,,,,,,,,,,,,,,,,,,,,,,,,,,,,,,,,,,,,,,,,,,,,,,,,,,,,,,,,,,,,,,,,,,,,,,,,,,,,,,,,,,,,,,,,,,,,,,,,,,,,,,,,,,,,,,,,,,,,,,,,,,,,,,,,,,,,,,,,
345,2026-09-25T13:33:29.293582+00:00,2026-09-25T13:33:29.293582+00:00,,,,,,,,,,,,,,,,,,,,,,,,,,,,,,,,,,,,,,,,,,,,,,,,,,,,,,,,,,,,,,,,,,,,,,,,,,,,,,,,,,,,,,,,,,,,,,,,,,,,,,,,,,,,,,,,,,,,,,,,,,,,,,,,,,,,,,,,,,,,,,,,,,,,,,,,,,,,,,,,,,,,,,,
346,2026-09-25T13:33:29.546285+00:00,2026-09-25T13:33:29.546285+00:00,,,,,,,,,,,,,,,,,,,,,,,,,,,,,,,,,,,,,,,,,,,,,,,,,,,,,,,,,,,,,,,,,,,,,,,,,,,,,,,,,,,,,,,,,,,,,,,,,,,,,,,,,,,,,,,,,,,,,,,,,,,,,,,,,,,,,,,,,,,,,,,,,,,,,,,,,,,,,,,,,,,,,,,
347,2026-09-25T13:33:29.799439+00:00,2026-09-25T13:33:29.799439+00:00,,,,,,,,,,,,,,,,,,,,,,,,,,,,,,,,,,,,,,,,,,,,,,,,,,,,,,,,,,,,,,,,,,,,,,,,,,,,,,,,,,,,,,,,,,,,,,,,,,,,,,,,,,,,,,,,,,,,,,,,,,,,,,,,,,,,,,,,,,,,,,,,,,,,,,,,,,,,,,,,,,,,,,,
348,2026-09-25T13:33:30.050884+00:00,2026-09-25T13:33:30.050884+00:00,,,,,,,,,,,,,,,,,,,,,,,,,,,,,,,,,,,,,,,,,,,,,,,,,,,,,,,,,,,,,,,,,,,,,,,,,,,,,,,,,,,,,,,,,,,,,,,,,,,,,,,,,,,,,,,,,,,,,,,,,,,,,,,,,,,,,,,,,,,,,,,,,,,,,,,,,,,,,,,,,,,,,,,
349,2026-09-25T13:33:30.305847+00:00,2026-09-25T13:33:30.305847+00:00,,,,,,,,,,,,,,,,,,,,,,,,,,,,,,,,,,,,,,,,,,,,,,,,,,,,,,,,,,,,,,,,,,,,,,,,,,,,,,,,,,,,,,,,,,,,,,,,,,,,,,,,,,,,,,,,,,,,,,,,,,,,,,,,,,,,,,,,,,,,,,,,,,,,,,,,,,,,,,,,,,,,,,,
350,2026-09-25T13:33:30.557737+00:00,2026-09-25T13:33:30.557737+00:00,,,,,,,,,,,,,,,,,,,,,,,,,,,,,,,,,,,,,,,,,,,,,,,,,,,,,,,,,,,,,,,,,,,,,,,,,,,,,,,,,,,,,,,,,,,,,,,,,,,,,,,,,,,,,,,,,,,,,,,,,,,,,,,,,,,,,,,,,,,,,,,,,,,,,,,,,,,,,,,,,,,,,,,
351,2026-09-25T13:33:30.810566+00:00,2026-09-25T13:33:30.810566+00:00,,,,,,,,,,,,,,,,,,,,,,,,,,,,,,,,,,,,,,,,,,,,,,,,,,,,,,,,,,,,,,,,,,,,,,,,,,,,,,,,,,,,,,,,,,,,,,,,,,,,,,,,,,,,,,,,,,,,,,,,,,,,,,,,,,,,,,,,,,,,,,,,,,,,,,,,,,,,,,,,,,,,,,,
352,2026-09-25T13:33:31.063155+00:00,2026-09-25T13:33:31.063155+00:00,,,,,,,,,,,,,,,,,,,,,,,,,,,,,,,,,,,,,,,,,,,,,,,,,,,,,,,,,,,,,,,,,,,,,,,,,,,,,,,,,,,,,,,,,,,,,,,,,,,,,,,,,,,,,,,,,,,,,,,,,,,,,,,,,,,,,,,,,,,,,,,,,,,,,,,,,,,,,,,,,,,,,,,
353,2026-09-25T13:33:31.320444+00:00,2026-09-25T13:33:31.320444+00:00,,,,,,,,,,,,,,,,,,,,,,,,,,,,,,,,,,,,,,,,,,,,,,,,,,,,,,,,,,,,,,,,,,,,,,,,,,,,,,,,,,,,,,,,,,,,,,,,,,,,,,,,,,,,,,,,,,,,,,,,,,,,,,,,,,,,,,,,,,,,,,,,,,,,,,,,,,,,,,,,,,,,,,,
354,2026-09-25T13:33:31.576260+00:00,2026-09-25T13:33:31.576260+00:00,,,,,,,,,,,,,,,,,,,,,,,,,,,,,,,,,,,,,,,,,,,,,,,,,,,,,,,,,,,,,,,,,,,,,,,,,,,,,,,,,,,,,,,,,,,,,,,,,,,,,,,,,,,,,,,,,,,,,,,,,,,,,,,,,,,,,,,,,,,,,,,,,,,,,,,,,,,,,,,,,,,,,,,
355,2026-09-25T13:33:31.835149+00:00,2026-09-25T13:33:31.835149+00:00,,,,,,,,,,,,,,,,,,,,,,,,,,,,,,,,,,,,,,,,,,,,,,,,,,,,,,,,,,,,,,,,,,,,,,,,,,,,,,,,,,,,,,,,,,,,,,,,,,,,,,,,,,,,,,,,,,,,,,,,,,,,,,,,,,,,,,,,,,,,,,,,,,,,,,,,,,,,,,,,,,,,,,,
356,2026-09-25T13:33:32.088213+00:00,2026-09-25T13:33:32.088213+00:00,,,,,,,,,,,,,,,,,,,,,,,,,,,,,,,,,,,,,,,,,,,,,,,,,,,,,,,,,,,,,,,,,,,,,,,,,,,,,,,,,,,,,,,,,,,,,,,,,,,,,,,,,,,,,,,,,,,,,,,,,,,,,,,,,,,,,,,,,,,,,,,,,,,,,,,,,,,,,,,,,,,,,,,
357,2026-09-25T13:33:32.341967+00:00,2026-09-25T13:33:32.341967+00:00,,,,,,,,,,,,,,,,,,,,,,,,,,,,,,,,,,,,,,,,,,,,,,,,,,,,,,,,,,,,,,,,,,,,,,,,,,,,,,,,,,,,,,,,,,,,,,,,,,,,,,,,,,,,,,,,,,,,,,,,,,,,,,,,,,,,,,,,,,,,,,,,,,,,,,,,,,,,,,,,,,,,,,,
358,2026-09-25T13:33:32.607641+00:00,2026-09-25T13:33:32.607641+00:00,,,,,,,,,,,,,,,,,,,,,,,,,,,,,,,,,,,,,,,,,,,,,,,,,,,,,,,,,,,,,,,,,,,,,,,,,,,,,,,,,,,,,,,,,,,,,,,,,,,,,,,,,,,,,,,,,,,,,,,,,,,,,,,,,,,,,,,,,,,,,,,,,,,,,,,,,,,,,,,,,,,,,,,
359,2026-09-25T13:33:32.880978+00:00,2026-09-25T13:33:32.880978+00:00,,,,,,,,,,,,,,,,,,,,,,,,,,,,,,,,,,,,,,,,,,,,,,,,,,,,,,,,,,,,,,,,,,,,,,,,,,,,,,,,,,,,,,,,,,,,,,,,,,,,,,,,,,,,,,,,,,,,,,,,,,,,,,,,,,,,,,,,,,,,,,,,,,,,,,,,,,,,,,,,,,,,,,,
360,2026-09-25T13:33:33.138745+00:00,2026-09-25T13:33:33.138745+00:00,,,,,,,,,,,,,,,,,,,,,,,,,,,,,,,,,,,,,,,,,,,,,,,,,,,,,,,,,,,,,,,,,,,,,,,,,,,,,,,,,,,,,,,,,,,,,,,,,,,,,,,,,,,,,,,,,,,,,,,,,,,,,,,,,,,,,,,,,,,,,,,,,,,,,,,,,,,,,,,,,,,,,,,
361,2026-09-25T13:33:33.393983+00:00,2026-09-25T13:33:33.393983+00:00,,,,,,,,,,,,,,,,,,,,,,,,,,,,,,,,,,,,,,,,,,,,,,,,,,,,,,,,,,,,,,,,,,,,,,,,,,,,,,,,,,,,,,,,,,,,,,,,,,,,,,,,,,,,,,,,,,,,,,,,,,,,,,,,,,,,,,,,,,,,,,,,,,,,,,,,,,,,,,,,,,,,,,,
362,2026-09-25T13:33:33.647783+00:00,2026-09-25T13:33:33.647783+00:00,,,,,,,,,,,,,,,,,,,,,,,,,,,,,,,,,,,,,,,,,,,,,,,,,,,,,,,,,,,,,,,,,,,,,,,,,,,,,,,,,,,,,,,,,,,,,,,,,,,,,,,,,,,,,,,,,,,,,,,,,,,,,,,,,,,,,,,,,,,,,,,,,,,,,,,,,,,,,,,,,,,,,,,
363,2026-09-25T13:33:33.905234+00:00,2026-09-25T13:33:33.905234+00:00,,,,,,,,,,,,,,,,,,,,,,,,,,,,,,,,,,,,,,,,,,,,,,,,,,,,,,,,,,,,,,,,,,,,,,,,,,,,,,,,,,,,,,,,,,,,,,,,,,,,,,,,,,,,,,,,,,,,,,,,,,,,,,,,,,,,,,,,,,,,,,,,,,,,,,,,,,,,,,,,,,,,,,,
364,2026-09-25T13:33:34.158959+00:00,2026-09-25T13:33:34.158959+00:00,,,,,,,,,,,,,,,,,,,,,,,,,,,,,,,,,,,,,,,,,,,,,,,,,,,,,,,,,,,,,,,,,,,,,,,,,,,,,,,,,,,,,,,,,,,,,,,,,,,,,,,,,,,,,,,,,,,,,,,,,,,,,,,,,,,,,,,,,,,,,,,,,,,,,,,,,,,,,,,,,,,,,,,
365,2026-09-25T13:33:34.414463+00:00,2026-09-25T13:33:34.414463+00:00,,,,,,,,,,,,,,,,,,,,,,,,,,,,,,,,,,,,,,,,,,,,,,,,,,,,,,,,,,,,,,,,,,,,,,,,,,,,,,,,,,,,,,,,,,,,,,,,,,,,,,,,,,,,,,,,,,,,,,,,,,,,,,,,,,,,,,,,,,,,,,,,,,,,,,,,,,,,,,,,,,,,,,,
366,2026-09-25T13:33:34.670621+00:00,2026-09-25T13:33:34.670621+00:00,,,,,,,,,,,,,,,,,,,,,,,,,,,,,,,,,,,,,,,,,,,,,,,,,,,,,,,,,,,,,,,,,,,,,,,,,,,,,,,,,,,,,,,,,,,,,,,,,,,,,,,,,,,,,,,,,,,,,,,,,,,,,,,,,,,,,,,,,,,,,,,,,,,,,,,,,,,,,,,,,,,,,,,
367,2026-09-25T13:33:34.923281+00:00,2026-09-25T13:33:34.923281+00:00,,,,,,,,,,,,,,,,,,,,,,,,,,,,,,,,,,,,,,,,,,,,,,,,,,,,,,,,,,,,,,,,,,,,,,,,,,,,,,,,,,,,,,,,,,,,,,,,,,,,,,,,,,,,,,,,,,,,,,,,,,,,,,,,,,,,,,,,,,,,,,,,,,,,,,,,,,,,,,,,,,,,,,,
368,2026-09-25T13:33:35.176512+00:00,2026-09-25T13:33:35.176512+00:00,,,,,,,,,,,,,,,,,,,,,,,,,,,,,,,,,,,,,,,,,,,,,,,,,,,,,,,,,,,,,,,,,,,,,,,,,,,,,,,,,,,,,,,,,,,,,,,,,,,,,,,,,,,,,,,,,,,,,,,,,,,,,,,,,,,,,,,,,,,,,,,,,,,,,,,,,,,,,,,,,,,,,,,
369,2026-09-25T13:33:35.429635+00:00,2026-09-25T13:33:35.429635+00:00,,,,,,,,,,,,,,,,,,,,,,,,,,,,,,,,,,,,,,,,,,,,,,,,,,,,,,,,,,,,,,,,,,,,,,,,,,,,,,,,,,,,,,,,,,,,,,,,,,,,,,,,,,,,,,,,,,,,,,,,,,,,,,,,,,,,,,,,,,,,,,,,,,,,,,,,,,,,,,,,,,,,,,,
370,2026-09-25T13:33:35.682258+00:00,2026-09-25T13:33:35.682258+00:00,,,,,,,,,,,,,,,,,,,,,,,,,,,,,,,,,,,,,,,,,,,,,,,,,,,,,,,,,,,,,,,,,,,,,,,,,,,,,,,,,,,,,,,,,,,,,,,,,,,,,,,,,,,,,,,,,,,,,,,,,,,,,,,,,,,,,,,,,,,,,,,,,,,,,,,,,,,,,,,,,,,,,,,
371,2026-09-25T13:33:35.940091+00:00,2026-09-25T13:33:35.940091+00:00,,,,,,,,,,,,,,,,,,,,,,,,,,,,,,,,,,,,,,,,,,,,,,,,,,,,,,,,,,,,,,,,,,,,,,,,,,,,,,,,,,,,,,,,,,,,,,,,,,,,,,,,,,,,,,,,,,,,,,,,,,,,,,,,,,,,,,,,,,,,,,,,,,,,,,,,,,,,,,,,,,,,,,,
372,2026-09-25T13:33:36.193285+00:00,2026-09-25T13:33:36.193285+00:00,,,,,,,,,,,,,,,,,,,,,,,,,,,,,,,,,,,,,,,,,,,,,,,,,,,,,,,,,,,,,,,,,,,,,,,,,,,,,,,,,,,,,,,,,,,,,,,,,,,,,,,,,,,,,,,,,,,,,,,,,,,,,,,,,,,,,,,,,,,,,,,,,,,,,,,,,,,,,,,,,,,,,,,
373,2026-09-25T13:33:36.446857+00:00,2026-09-25T13:33:36.446857+00:00,,,,,,,,,,,,,,,,,,,,,,,,,,,,,,,,,,,,,,,,,,,,,,,,,,,,,,,,,,,,,,,,,,,,,,,,,,,,,,,,,,,,,,,,,,,,,,,,,,,,,,,,,,,,,,,,,,,,,,,,,,,,,,,,,,,,,,,,,,,,,,,,,,,,,,,,,,,,,,,,,,,,,,,
374,2026-09-25T13:33:36.699572+00:00,2026-09-25T13:33:36.699572+00:00,,,,,,,,,,,,,,,,,,,,,,,,,,,,,,,,,,,,,,,,,,,,,,,,,,,,,,,,,,,,,,,,,,,,,,,,,,,,,,,,,,,,,,,,,,,,,,,,,,,,,,,,,,,,,,,,,,,,,,,,,,,,,,,,,,,,,,,,,,,,,,,,,,,,,,,,,,,,,,,,,,,,,,,
375,2026-09-25T13:33:36.952260+00:00,2026-09-25T13:33:36.952260+00:00,,,,,,,,,,,,,,,,,,,,,,,,,,,,,,,,,,,,,,,,,,,,,,,,,,,,,,,,,,,,,,,,,,,,,,,,,,,,,,,,,,,,,,,,,,,,,,,,,,,,,,,,,,,,,,,,,,,,,,,,,,,,,,,,,,,,,,,,,,,,,,,,,,,,,,,,,,,,,,,,,,,,,,,
376,2026-09-25T13:33:37.205083+00:00,2026-09-25T13:33:37.205083+00:00,,,,,,,,,,,,,,,,,,,,,,,,,,,,,,,,,,,,,,,,,,,,,,,,,,,,,,,,,,,,,,,,,,,,,,,,,,,,,,,,,,,,,,,,,,,,,,,,,,,,,,,,,,,,,,,,,,,,,,,,,,,,,,,,,,,,,,,,,,,,,,,,,,,,,,,,,,,,,,,,,,,,,,,
377,2026-09-25T13:33:37.461527+00:00,2026-09-25T13:33:37.461527+00:00,,,,,,,,,,,,,,,,,,,,,,,,,,,,,,,,,,,,,,,,,,,,,,,,,,,,,,,,,,,,,,,,,,,,,,,,,,,,,,,,,,,,,,,,,,,,,,,,,,,,,,,,,,,,,,,,,,,,,,,,,,,,,,,,,,,,,,,,,,,,,,,,,,,,,,,,,,,,,,,,,,,,,,,
378,2026-09-25T13:33:37.766566+00:00,2026-09-25T13:33:37.766566+00:00,,,,,,,,,,,,,,,,,,,,,,,,,,,,,,,,,,,,,,,,,,,,,,,,,,,,,,,,,,,,,,,,,,,,,,,,,,,,,,,,,,,,,,,,,,,,,,,,,,,,,,,,,,,,,,,,,,,,,,,,,,,,,,,,,,,,,,,,,,,,,,,,,,,,,,,,,,,,,,,,,,,,,,,
379,2026-09-25T13:33:38.020591+00:00,2026-09-25T13:33:38.020591+00:00,,,,,,,,,,,,,,,,,,,,,,,,,,,,,,,,,,,,,,,,,,,,,,,,,,,,,,,,,,,,,,,,,,,,,,,,,,,,,,,,,,,,,,,,,,,,,,,,,,,,,,,,,,,,,,,,,,,,,,,,,,,,,,,,,,,,,,,,,,,,,,,,,,,,,,,,,,,,,,,,,,,,,,,
380,2026-09-25T13:33:38.275295+00:00,2026-09-25T13:33:38.275295+00:00,,,,,,,,,,,,,,,,,,,,,,,,,,,,,,,,,,,,,,,,,,,,,,,,,,,,,,,,,,,,,,,,,,,,,,,,,,,,,,,,,,,,,,,,,,,,,,,,,,,,,,,,,,,,,,,,,,,,,,,,,,,,,,,,,,,,,,,,,,,,,,,,,,,,,,,,,,,,,,,,,,,,,,,
381,2026-09-25T13:33:38.530079+00:00,2026-09-25T13:33:38.530079+00:00,,,,,,,,,,,,,,,,,,,,,,,,,,,,,,,,,,,,,,,,,,,,,,,,,,,,,,,,,,,,,,,,,,,,,,,,,,,,,,,,,,,,,,,,,,,,,,,,,,,,,,,,,,,,,,,,,,,,,,,,,,,,,,,,,,,,,,,,,,,,,,,,,,,,,,,,,,,,,,,,,,,,,,,
382,2026-09-25T13:33:38.794473+00:00,2026-09-25T13:33:38.794473+00:00,,,,,,,,,,,,,,,,,,,,,,,,,,,,,,,,,,,,,,,,,,,,,,,,,,,,,,,,,,,,,,,,,,,,,,,,,,,,,,,,,,,,,,,,,,,,,,,,,,,,,,,,,,,,,,,,,,,,,,,,,,,,,,,,,,,,,,,,,,,,,,,,,,,,,,,,,,,,,,,,,,,,,,,
383,2026-09-25T13:33:39.049358+00:00,2026-09-25T13:33:39.049358+00:00,,,,,,,,,,,,,,,,,,,,,,,,,,,,,,,,,,,,,,,,,,,,,,,,,,,,,,,,,,,,,,,,,,,,,,,,,,,,,,,,,,,,,,,,,,,,,,,,,,,,,,,,,,,,,,,,,,,,,,,,,,,,,,,,,,,,,,,,,,,,,,,,,,,,,,,,,,,,,,,,,,,,,,,
384,2026-09-25T13:33:39.303682+00:00,2026-09-25T13:33:39.303682+00:00,,,,,,,,,,,,,,,,,,,,,,,,,,,,,,,,,,,,,,,,,,,,,,,,,,,,,,,,,,,,,,,,,,,,,,,,,,,,,,,,,,,,,,,,,,,,,,,,,,,,,,,,,,,,,,,,,,,,,,,,,,,,,,,,,,,,,,,,,,,,,,,,,,,,,,,,,,,,,,,,,,,,,,,
385,2026-09-25T13:33:39.568461+00:00,2026-09-25T13:33:39.568461+00:00,,,,,,,,,,,,,,,,,,,,,,,,,,,,,,,,,,,,,,,,,,,,,,,,,,,,,,,,,,,,,,,,,,,,,,,,,,,,,,,,,,,,,,,,,,,,,,,,,,,,,,,,,,,,,,,,,,,,,,,,,,,,,,,,,,,,,,,,,,,,,,,,,,,,,,,,,,,,,,,,,,,,,,,
386,2026-09-25T13:33:39.890681+00:00,2026-09-25T13:33:39.890681+00:00,,,,,,,,,,,,,,,,,,,,,,,,,,,,,,,,,,,,,,,,,,,,,,,,,,,,,,,,,,,,,,,,,,,,,,,,,,,,,,,,,,,,,,,,,,,,,,,,,,,,,,,,,,,,,,,,,,,,,,,,,,,,,,,,,,,,,,,,,,,,,,,,,,,,,,,,,,,,,,,,,,,,,,,
387,2026-09-25T13:33:40.151830+00:00,2026-09-25T13:33:40.151830+00:00,,,,,,,,,,,,,,,,,,,,,,,,,,,,,,,,,,,,,,,,,,,,,,,,,,,,,,,,,,,,,,,,,,,,,,,,,,,,,,,,,,,,,,,,,,,,,,,,,,,,,,,,,,,,,,,,,,,,,,,,,,,,,,,,,,,,,,,,,,,,,,,,,,,,,,,,,,,,,,,,,,,,,,,
388,2026-09-25T13:33:40.404170+00:00,2026-09-25T13:33:40.404170+00:00,,,,,,,,,,,,,,,,,,,,,,,,,,,,,,,,,,,,,,,,,,,,,,,,,,,,,,,,,,,,,,,,,,,,,,,,,,,,,,,,,,,,,,,,,,,,,,,,,,,,,,,,,,,,,,,,,,,,,,,,,,,,,,,,,,,,,,,,,,,,,,,,,,,,,,,,,,,,,,,,,,,,,,,
389,2026-09-25T13:33:40.661527+00:00,2026-09-25T13:33:40.661527+00:00,,,,,,,,,,,,,,,,,,,,,,,,,,,,,,,,,,,,,,,,,,,,,,,,,,,,,,,,,,,,,,,,,,,,,,,,,,,,,,,,,,,,,,,,,,,,,,,,,,,,,,,,,,,,,,,,,,,,,,,,,,,,,,,,,,,,,,,,,,,,,,,,,,,,,,,,,,,,,,,,,,,,,,,
390,2026-09-25T13:33:40.922312+00:00,2026-09-25T13:33:40.922312+00:00,,,,,,,,,,,,,,,,,,,,,,,,,,,,,,,,,,,,,,,,,,,,,,,,,,,,,,,,,,,,,,,,,,,,,,,,,,,,,,,,,,,,,,,,,,,,,,,,,,,,,,,,,,,,,,,,,,,,,,,,,,,,,,,,,,,,,,,,,,,,,,,,,,,,,,,,,,,,,,,,,,,,,,,
391,2026-09-25T13:33:41.175751+00:00,2026-09-25T13:33:41.175751+00:00,,,,,,,,,,,,,,,,,,,,,,,,,,,,,,,,,,,,,,,,,,,,,,,,,,,,,,,,,,,,,,,,,,,,,,,,,,,,,,,,,,,,,,,,,,,,,,,,,,,,,,,,,,,,,,,,,,,,,,,,,,,,,,,,,,,,,,,,,,,,,,,,,,,,,,,,,,,,,,,,,,,,,,,
392,2026-09-25T13:33:41.433922+00:00,2026-09-25T13:33:41.433922+00:00,,,,,,,,,,,,,,,,,,,,,,,,,,,,,,,,,,,,,,,,,,,,,,,,,,,,,,,,,,,,,,,,,,,,,,,,,,,,,,,,,,,,,,,,,,,,,,,,,,,,,,,,,,,,,,,,,,,,,,,,,,,,,,,,,,,,,,,,,,,,,,,,,,,,,,,,,,,,,,,,,,,,,,,
393,2026-09-25T13:33:41.696818+00:00,2026-09-25T13:33:41.696818+00:00,,,,,,,,,,,,,,,,,,,,,,,,,,,,,,,,,,,,,,,,,,,,,,,,,,,,,,,,,,,,,,,,,,,,,,,,,,,,,,,,,,,,,,,,,,,,,,,,,,,,,,,,,,,,,,,,,,,,,,,,,,,,,,,,,,,,,,,,,,,,,,,,,,,,,,,,,,,,,,,,,,,,,,,
394,2026-09-25T13:33:41.953067+00:00,2026-09-25T13:33:41.953067+00:00,,,,,,,,,,,,,,,,,,,,,,,,,,,,,,,,,,,,,,,,,,,,,,,,,,,,,,,,,,,,,,,,,,,,,,,,,,,,,,,,,,,,,,,,,,,,,,,,,,,,,,,,,,,,,,,,,,,,,,,,,,,,,,,,,,,,,,,,,,,,,,,,,,,,,,,,,,,,,,,,,,,,,,,
395,2026-09-25T13:33:42.205010+00:00,2026-09-25T13:33:42.205010+00:00,,,,,,,,,,,,,,,,,,,,,,,,,,,,,,,,,,,,,,,,,,,,,,,,,,,,,,,,,,,,,,,,,,,,,,,,,,,,,,,,,,,,,,,,,,,,,,,,,,,,,,,,,,,,,,,,,,,,,,,,,,,,,,,,,,,,,,,,,,,,,,,,,,,,,,,,,,,,,,,,,,,,,,,
396,2026-09-25T13:33:42.457333+00:00,2026-09-25T13:33:42.457333+00:00,,,,,,,,,,,,,,,,,,,,,,,,,,,,,,,,,,,,,,,,,,,,,,,,,,,,,,,,,,,,,,,,,,,,,,,,,,,,,,,,,,,,,,,,,,,,,,,,,,,,,,,,,,,,,,,,,,,,,,,,,,,,,,,,,,,,,,,,,,,,,,,,,,,,,,,,,,,,,,,,,,,,,,,
397,2026-09-25T13:33:42.711026+00:00,2026-09-25T13:33:42.711026+00:00,,,,,,,,,,,,,,,,,,,,,,,,,,,,,,,,,,,,,,,,,,,,,,,,,,,,,,,,,,,,,,,,,,,,,,,,,,,,,,,,,,,,,,,,,,,,,,,,,,,,,,,,,,,,,,,,,,,,,,,,,,,,,,,,,,,,,,,,,,,,,,,,,,,,,,,,,,,,,,,,,,,,,,,
398,2026-09-25T13:33:42.965044+00:00,2026-09-25T13:33:42.965044+00:00,,,,,,,,,,,,,,,,,,,,,,,,,,,,,,,,,,,,,,,,,,,,,,,,,,,,,,,,,,,,,,,,,,,,,,,,,,,,,,,,,,,,,,,,,,,,,,,,,,,,,,,,,,,,,,,,,,,,,,,,,,,,,,,,,,,,,,,,,,,,,,,,,,,,,,,,,,,,,,,,,,,,,,,
399,2026-09-25T13:33:43.219564+00:00,2026-09-25T13:33:43.219564+00:00,,,,,,,,,,,,,,,,,,,,,,,,,,,,,,,,,,,,,,,,,,,,,,,,,,,,,,,,,,,,,,,,,,,,,,,,,,,,,,,,,,,,,,,,,,,,,,,,,,,,,,,,,,,,,,,,,,,,,,,,,,,,,,,,,,,,,,,,,,,,,,,,,,,,,,,,,,,,,,,,,,,,,,,
400,2026-09-25T13:33:43.475227+00:00,2026-09-25T13:33:43.475227+00:00,,,,,,,,,,,,,,,,,,,,,,,,,,,,,,,,,,,,,,,,,,,,,,,,,,,,,,,,,,,,,,,,,,,,,,,,,,,,,,,,,,,,,,,,,,,,,,,,,,,,,,,,,,,,,,,,,,,,,,,,,,,,,,,,,,,,,,,,,,,,,,,,,,,,,,,,,,,,,,,,,,,,,,,
401,2026-09-25T13:33:43.759820+00:00,2026-09-25T13:33:43.759820+00:00,,,,,,,,,,,,,,,,,,,,,,,,,,,,,,,,,,,,,,,,,,,,,,,,,,,,,,,,,,,,,,,,,,,,,,,,,,,,,,,,,,,,,,,,,,,,,,,,,,,,,,,,,,,,,,,,,,,,,,,,,,,,,,,,,,,,,,,,,,,,,,,,,,,,,,,,,,,,,,,,,,,,,,,
402,2026-09-25T13:33:44.011884+00:00,2026-09-25T13:33:44.011884+00:00,,,,,,,,,,,,,,,,,,,,,,,,,,,,,,,,,,,,,,,,,,,,,,,,,,,,,,,,,,,,,,,,,,,,,,,,,,,,,,,,,,,,,,,,,,,,,,,,,,,,,,,,,,,,,,,,,,,,,,,,,,,,,,,,,,,,,,,,,,,,,,,,,,,,,,,,,,,,,,,,,,,,,,,
403,2026-09-25T13:33:44.276607+00:00,2026-09-25T13:33:44.276607+00:00,,,,,,,,,,,,,,,,,,,,,,,,,,,,,,,,,,,,,,,,,,,,,,,,,,,,,,,,,,,,,,,,,,,,,,,,,,,,,,,,,,,,,,,,,,,,,,,,,,,,,,,,,,,,,,,,,,,,,,,,,,,,,,,,,,,,,,,,,,,,,,,,,,,,,,,,,,,,,,,,,,,,,,,
404,2026-09-25T13:33:44.532319+00:00,2026-09-25T13:33:44.532319+00:00,,,,,,,,,,,,,,,,,,,,,,,,,,,,,,,,,,,,,,,,,,,,,,,,,,,,,,,,,,,,,,,,,,,,,,,,,,,,,,,,,,,,,,,,,,,,,,,,,,,,,,,,,,,,,,,,,,,,,,,,,,,,,,,,,,,,,,,,,,,,,,,,,,,,,,,,,,,,,,,,,,,,,,,
405,2026-09-25T13:33:44.792411+00:00,2026-09-25T13:33:44.792411+00:00,,,,,,,,,,,,,,,,,,,,,,,,,,,,,,,,,,,,,,,,,,,,,,,,,,,,,,,,,,,,,,,,,,,,,,,,,,,,,,,,,,,,,,,,,,,,,,,,,,,,,,,,,,,,,,,,,,,,,,,,,,,,,,,,,,,,,,,,,,,,,,,,,,,,,,,,,,,,,,,,,,,,,,,
406,2026-09-25T13:33:45.045230+00:00,2026-09-25T13:33:45.045230+00:00,,,,,,,,,,,,,,,,,,,,,,,,,,,,,,,,,,,,,,,,,,,,,,,,,,,,,,,,,,,,,,,,,,,,,,,,,,,,,,,,,,,,,,,,,,,,,,,,,,,,,,,,,,,,,,,,,,,,,,,,,,,,,,,,,,,,,,,,,,,,,,,,,,,,,,,,,,,,,,,,,,,,,,,
407,2026-09-25T13:33:45.302612+00:00,2026-09-25T13:33:45.302612+00:00,,,,,,,,,,,,,,,,,,,,,,,,,,,,,,,,,,,,,,,,,,,,,,,,,,,,,,,,,,,,,,,,,,,,,,,,,,,,,,,,,,,,,,,,,,,,,,,,,,,,,,,,,,,,,,,,,,,,,,,,,,,,,,,,,,,,,,,,,,,,,,,,,,,,,,,,,,,,,,,,,,,,,,,
408,2026-09-25T13:33:45.555852+00:00,2026-09-25T13:33:45.555852+00:00,,,,,,,,,,,,,,,,,,,,,,,,,,,,,,,,,,,,,,,,,,,,,,,,,,,,,,,,,,,,,,,,,,,,,,,,,,,,,,,,,,,,,,,,,,,,,,,,,,,,,,,,,,,,,,,,,,,,,,,,,,,,,,,,,,,,,,,,,,,,,,,,,,,,,,,,,,,,,,,,,,,,,,,
409,2026-09-25T13:33:45.807440+00:00,2026-09-25T13:33:45.807440+00:00,,,,,,,,,,,,,,,,,,,,,,,,,,,,,,,,,,,,,,,,,,,,,,,,,,,,,,,,,,,,,,,,,,,,,,,,,,,,,,,,,,,,,,,,,,,,,,,,,,,,,,,,,,,,,,,,,,,,,,,,,,,,,,,,,,,,,,,,,,,,,,,,,,,,,,,,,,,,,,,,,,,,,,,
410,2026-09-25T13:33:46.059814+00:00,2026-09-25T13:33:46.059814+00:00,,,,,,,,,,,,,,,,,,,,,,,,,,,,,,,,,,,,,,,,,,,,,,,,,,,,,,,,,,,,,,,,,,,,,,,,,,,,,,,,,,,,,,,,,,,,,,,,,,,,,,,,,,,,,,,,,,,,,,,,,,,,,,,,,,,,,,,,,,,,,,,,,,,,,,,,,,,,,,,,,,,,,,,
411,2026-09-25T13:33:46.311304+00:00,2026-09-25T13:33:46.311304+00:00,,,,,,,,,,,,,,,,,,,,,,,,,,,,,,,,,,,,,,,,,,,,,,,,,,,,,,,,,,,,,,,,,,,,,,,,,,,,,,,,,,,,,,,,,,,,,,,,,,,,,,,,,,,,,,,,,,,,,,,,,,,,,,,,,,,,,,,,,,,,,,,,,,,,,,,,,,,,,,,,,,,,,,,
412,2026-09-25T13:33:46.566634+00:00,2026-09-25T13:33:46.566634+00:00,,,,,,,,,,,,,,,,,,,,,,,,,,,,,,,,,,,,,,,,,,,,,,,,,,,,,,,,,,,,,,,,,,,,,,,,,,,,,,,,,,,,,,,,,,,,,,,,,,,,,,,,,,,,,,,,,,,,,,,,,,,,,,,,,,,,,,,,,,,,,,,,,,,,,,,,,,,,,,,,,,,,,,,
413,2026-09-25T13:33:46.824242+00:00,2026-09-25T13:33:46.824242+00:00,,,,,,,,,,,,,,,,,,,,,,,,,,,,,,,,,,,,,,,,,,,,,,,,,,,,,,,,,,,,,,,,,,,,,,,,,,,,,,,,,,,,,,,,,,,,,,,,,,,,,,,,,,,,,,,,,,,,,,,,,,,,,,,,,,,,,,,,,,,,,,,,,,,,,,,,,,,,,,,,,,,,,,,
414,2026-09-25T13:33:47.077653+00:00,2026-09-25T13:33:47.077653+00:00,,,,,,,,,,,,,,,,,,,,,,,,,,,,,,,,,,,,,,,,,,,,,,,,,,,,,,,,,,,,,,,,,,,,,,,,,,,,,,,,,,,,,,,,,,,,,,,,,,,,,,,,,,,,,,,,,,,,,,,,,,,,,,,,,,,,,,,,,,,,,,,,,,,,,,,,,,,,,,,,,,,,,,,
415,2026-09-25T13:33:47.334369+00:00,2026-09-25T13:33:47.334369+00:00,,,,,,,,,,,,,,,,,,,,,,,,,,,,,,,,,,,,,,,,,,,,,,,,,,,,,,,,,,,,,,,,,,,,,,,,,,,,,,,,,,,,,,,,,,,,,,,,,,,,,,,,,,,,,,,,,,,,,,,,,,,,,,,,,,,,,,,,,,,,,,,,,,,,,,,,,,,,,,,,,,,,,,,
416,2026-09-25T13:33:47.615609+00:00,2026-09-25T13:33:47.615609+00:00,,,,,,,,,,,,,,,,,,,,,,,,,,,,,,,,,,,,,,,,,,,,,,,,,,,,,,,,,,,,,,,,,,,,,,,,,,,,,,,,,,,,,,,,,,,,,,,,,,,,,,,,,,,,,,,,,,,,,,,,,,,,,,,,,,,,,,,,,,,,,,,,,,,,,,,,,,,,,,,,,,,,,,,
417,2026-09-25T13:33:47.919611+00:00,2026-09-25T13:33:47.919611+00:00,,,,,,,,,,,,,,,,,,,,,,,,,,,,,,,,,,,,,,,,,,,,,,,,,,,,,,,,,,,,,,,,,,,,,,,,,,,,,,,,,,,,,,,,,,,,,,,,,,,,,,,,,,,,,,,,,,,,,,,,,,,,,,,,,,,,,,,,,,,,,,,,,,,,,,,,,,,,,,,,,,,,,,,
418,2026-09-25T13:33:48.177543+00:00,2026-09-25T13:33:48.177543+00:00,,,,,,,,,,,,,,,,,,,,,,,,,,,,,,,,,,,,,,,,,,,,,,,,,,,,,,,,,,,,,,,,,,,,,,,,,,,,,,,,,,,,,,,,,,,,,,,,,,,,,,,,,,,,,,,,,,,,,,,,,,,,,,,,,,,,,,,,,,,,,,,,,,,,,,,,,,,,,,,,,,,,,,,
419,2026-09-25T13:33:48.431622+00:00,2026-09-25T13:33:48.431622+00:00,,,,,,,,,,,,,,,,,,,,,,,,,,,,,,,,,,,,,,,,,,,,,,,,,,,,,,,,,,,,,,,,,,,,,,,,,,,,,,,,,,,,,,,,,,,,,,,,,,,,,,,,,,,,,,,,,,,,,,,,,,,,,,,,,,,,,,,,,,,,,,,,,,,,,,,,,,,,,,,,,,,,,,,
420,2026-09-25T13:33:48.693023+00:00,2026-09-25T13:33:48.693023+00:00,,,,,,,,,,,,,,,,,,,,,,,,,,,,,,,,,,,,,,,,,,,,,,,,,,,,,,,,,,,,,,,,,,,,,,,,,,,,,,,,,,,,,,,,,,,,,,,,,,,,,,,,,,,,,,,,,,,,,,,,,,,,,,,,,,,,,,,,,,,,,,,,,,,,,,,,,,,,,,,,,,,,,,,
